trial,linear_estimate,linear_ess,linear_max_weight,linear_boot_se,linear_ci_lower,linear_ci_upper,linear_normal_lower,linear_normal_upper,linear_boot_n,quad_estimate,quad_ess,quad_max_weight,quad_boot_se,quad_ci_lower,quad_ci_upper,quad_normal_lower,quad_normal_upper,quad_boot_n
0,1.6843253148295507,2.7269945702658487,4.143356770027109,0.8107447118908614,0.69227770966257,3.653359978680653,0.09526567952346232,3.273384950135639,1000,2.2684498544571623,3.134033312676894,2.485113987462816,0.9073125114955587,0.41251226266813473,3.768286563361198,0.49011733192586737,4.046782376988457,1000
1,0.4242180933820725,2.579617332575458,7.189569724894077,1.1963636071457004,-2.2422204300232456,1.7497892250588956,-1.9206545766235004,2.7690907633876454,1000,0.028897387990411527,2.708841244711518,5.575181739667297,1.292581810053587,-2.5287202949923375,1.9191123613867302,-2.5045629597146193,2.5623577356954423,1000
2,0.5794068579818288,1.249277675806384,114.2315379515312,0.5398536348924613,-0.23001941882720034,2.1438523259613427,-0.47870626640739533,1.637519982371053,1000,0.5194144460482784,2.5948246134864363,19.55417847711909,0.5796955410282063,-0.43954685934353765,1.9593505818057146,-0.6167888143670059,1.6556177064635627,1000
3,1.4964508124440226,1.28709796132082,140.0218325794055,0.9867144648368009,-1.9713462099002854,2.4895374753117023,-0.4375095386361072,3.4304111635241523,1000,1.1832965946786298,2.835947558056805,21.840146075845688,0.9994258439763023,-1.638748488853139,2.4615587115111306,-0.7755780595149226,3.1421712488721822,1000
4,0.2735636382783424,3.4580403422832773,3.2205390258624353,1.3594875484915927,-1.79221556955232,3.35837135383709,-2.3910319567651794,2.9381592333218642,1000,0.19428082569889416,3.506774250362233,3.0419897979136823,1.1828445565109371,-1.7976741935433163,2.8075782005406125,-2.1240945050625424,2.5126561564603307,1000
5,1.9643557840654648,2.0018471586316933,5.987936966274463,0.3644143313721267,1.2961071168595808,2.7007085575149157,1.2501036945760964,2.6786078735548333,1000,2.1132155878942736,2.122201882186198,3.4652921983967344,0.6810338197439585,0.16040960479007996,2.7888751473555766,0.7783893011961149,3.448041874592432,1000
6,0.26163828836413794,1.4057091303640115,15.389893140590177,0.7083945611508772,-0.26379319175958194,2.562512355247968,-1.1268150514915813,1.6500916282198572,1000,0.1825008420868972,1.3477186527132958,16.748093646253427,0.6941974146847559,-0.43866034191429715,2.6226786460015683,-1.1781260906952244,1.5431277748690189,1000
7,0.6262746131923767,4.485882089218307,10.862515225023358,0.7930375720259061,-0.8084417331548768,2.178293869930491,-0.9280790279783993,2.1806282543631523,1000,0.6426444085615961,4.709911460570202,10.618686197947442,0.742844906600551,-0.7681498489933407,2.1097292131809766,-0.8133316083754838,2.098620425498676,1000
8,1.7983826767678412,2.1605090351399068,30.09833745465169,0.6683369870433657,1.0229407246782085,3.25680544979644,0.4884421821628444,3.108323171372838,1000,1.5987164901697168,1.6363803025366614,22.7211403988812,0.6379490229819734,0.8869141690268464,3.067834277950281,0.34833640512504904,2.849096575214385,1000
9,2.3500966312859903,2.1767230877015145,12.585825296906748,0.5092377401506071,1.1178392994709643,3.409999333507099,1.3519906605908005,3.34820260198118,1000,2.222889856583032,2.407668717638252,7.742767035402413,0.6068655162182447,0.33672093875664,3.052686439574773,1.0334334447952724,3.4123462683707917,1000
10,1.6354354144075232,3.8520498051560113,10.103488671318829,0.6849476636378448,-0.08131400215302344,2.8158770606595747,0.2929379936773475,2.9779328351376986,1000,1.6400716196857754,4.010781780029396,8.75836861382418,0.6907115526163458,-0.13467040529399973,2.7587437491151316,0.28627697655773776,2.993866262813813,1000
11,2.1373668144487574,1.9711885094834136,31.84798616154677,0.48082179619945387,1.424371342287666,3.2561550420001675,1.1949560938978279,3.079777534999687,1000,2.145485198132798,2.752831861370038,17.166615753237238,0.5295946817426319,1.1755397570763328,3.318376014031406,1.1074796219172396,3.1834907743483565,1000
12,1.9009210824039817,1.2650670137560465,157.91128498257694,0.5317634023896861,0.807889239787763,3.2484429733389013,0.8586648137201969,2.9431773510877663,1000,2.46916900172523,2.5787254008043488,32.60524066092317,0.7366917812072075,0.6468818325639004,3.618801930292279,1.0252531105591036,3.913084892891357,1000
13,2.4847814708118285,2.253655878886627,9.454702763753819,1.0160843551182295,-0.0859344115107905,3.547170281451541,0.4932561347800988,4.476306806843558,1000,2.279180219046425,2.2857183811654567,5.598391978073039,1.1756550553392948,-1.091313235912167,3.419071236532031,-0.025103689418592534,4.5834641275114425,1000
14,2.672183499501238,3.5787389025783285,34.35830582311088,1.2312653507997304,0.18274908642782725,4.819649866756978,0.2589034119337663,5.08546358706871,1000,0.09259996838652129,2.2267437983284277,43.242487890437374,1.1289573270249582,-0.8296125634502938,3.0423770545179663,-2.1201563925823965,2.3053563293554395,1000
15,1.1986441153307958,1.0905740623677407,176.4294222843054,0.6385568624347565,-0.008338016825437609,2.7224374732999563,-0.05292733504132685,2.4502155657029183,1000,1.2223804782157046,1.2014886470533326,87.80362733010804,0.5675002773175154,0.042922032896353546,2.5770454988243996,0.11007993467337451,2.3346810217580347,1000
16,1.4466625770547883,1.888404937704431,11.697742823919995,0.5743603912643922,-0.34016704688007676,2.099404793561513,0.3209162101765797,2.572408943932997,1000,1.3991934402434736,2.0466228570001936,5.332457553033175,0.5811687767975376,-0.3265010862621596,2.087482241792569,0.26010263772029973,2.5382842427666477,1000
17,2.809722108018223,2.213335703950402,12.457897499709754,0.4472848620376737,2.098513146196909,3.890638841606508,1.9330437784243828,3.6864004376120634,1000,3.0001093959966965,2.3011047331574086,8.774635940977243,0.6339183494949073,1.764428669719131,4.367004156217546,1.757629430986678,4.242589361006715,1000
18,2.923723572794885,2.583350322277791,9.90744768083617,0.7442844952302536,1.111736416314016,3.9041075280905746,1.464925962143588,4.382521183446182,1000,2.8011977595158997,2.930992285906274,4.575055101230542,0.8724478489036082,0.3570909191679881,3.869036237091546,1.0911999756648276,4.511195543366972,1000
19,2.213522712897766,1.9571828398126454,45.29859122643097,0.757621819139587,-0.25366927509094694,2.747753830351287,0.7285839473841753,3.6984614784113568,1000,1.1937816700919046,1.8620159862062466,29.61475381382182,0.7377997261258765,-0.5791632642910058,2.07309826024485,-0.2523057931148134,2.639869133298623,1000
20,2.1018730074441088,2.507041794786909,30.638331251946575,0.6012832444772664,0.5977638830916432,2.7360898690297946,0.9233578482686666,3.280388166619551,1000,1.897445538690563,3.766051156590304,14.35943533479773,0.5380699263311963,0.4172965668530221,2.526314803125278,0.8428284830814183,2.952062594299708,1000
21,2.37179213415183,2.9007224567909122,10.067812509096523,0.48428653482978984,1.7046298101793775,3.5292507281446244,1.422590525885442,3.320993742418218,1000,2.4649988428292073,3.2213812467827276,4.26061531717873,0.8120199358750363,-0.08525495173927826,3.8782719977260305,0.8734397685141362,4.0565579171442785,1000
22,2.5625629082569423,1.4286903008271665,32.40074746220523,1.4618624877281903,-1.54427800090961,3.3326692823441517,-0.30268756769031047,5.427813384204195,1000,2.5295460161969427,1.3802445873701197,32.18513646935927,1.54974788928481,-1.6856283352985826,3.229996989941608,-0.5079598468012847,5.56705187919517,1000
23,2.9695363489982527,1.4814375940992777,15.448615005383617,1.392825207869967,-0.6441551262675026,5.570879336175119,0.23959894157311723,5.699473756423388,1000,3.034302575991365,1.7971576042558075,9.79866197461307,1.5561949475884258,-1.2277885750964337,5.154893692795382,-0.01583952128194932,6.084444673264679,1000
24,1.719902795881506,1.0131979295420697,559.423049083386,0.8104814864363445,0.6533848764477301,3.760888723905005,0.1313590824662707,3.3084465092967417,1000,1.7179535780360848,1.0233323290462755,47.06334746191403,0.9340071299233581,-1.4841822884107125,2.7927685698902818,-0.11270039661369702,3.5486075526858665,1000
25,2.2468649948118067,2.198981215168371,29.751848095956685,0.46155900846841386,1.5535564854642645,3.3019527108493314,1.3422093382137157,3.1515206514098977,1000,2.5005879011964973,3.9562277469482074,11.413884428474248,0.607522154296111,1.4439546186356056,3.722786595508187,1.3098444787761199,3.6913313236168745,1000
26,0.4227454844263536,2.4926555036886295,8.970221547978703,0.559773061014907,-0.5125298756653097,1.7067698499854311,-0.6744097151628641,1.5199006840155713,1000,0.35962571228582596,2.6363662598567044,8.226872730191394,0.5089968272899301,-0.5894462827188456,1.3850347081582206,-0.638008069202437,1.357259493774089,1000
27,4.014565245006009,1.2343323809030664,111.90596446510143,1.580260027538732,-0.3804074770809715,4.593192035584815,0.917255591030095,7.111874898981924,1000,1.2550608253314053,3.5060015120888632,13.607498178569262,1.409570055675068,-0.6993221530295977,4.607919839875721,-1.5076964837917282,4.017818134454538,1000
28,1.4906385157670505,5.718845985215892,5.117429259823762,0.5221702943240204,0.3853819420664784,2.4083685245936213,0.46718473889197054,2.5140922926421307,1000,1.4738133765738102,5.539464745349629,5.329469892319848,0.5366322539837151,0.19159079844305957,2.2341784326201526,0.4220141587657287,2.525612594381892,1000
29,1.9504887178333037,2.235128719462606,58.29052261316837,1.270649968387632,0.15974458758559296,4.404557918214295,-0.5399852202064548,4.440962655873062,1000,1.8418866416283515,2.6381887027946265,20.11741228200954,0.9995915061452694,0.23472721004310354,4.050396204161247,-0.11731271041637648,3.8010859936730794,1000
30,0.8919012327813383,2.1956028252968367,22.77148446023563,1.2137955980326984,-0.43725825896940734,3.6163226491320075,-1.4871381393627507,3.2709406049254275,1000,1.1542546301129561,2.649663072100182,12.417352203194833,1.1472815013688102,-0.6048113277060582,3.559537368672851,-1.0944171125699118,3.4029263727958243,1000
31,1.8406245621955264,3.3867121061800596,16.733172799025727,0.5192183722662683,1.0336220902538937,2.978020490063996,0.8229565525536404,2.8582925718374126,1000,1.8034605675055058,2.870088760546038,17.07200582645445,0.6817541217611913,0.39174821908042856,3.1333882465583462,0.46722248885357076,3.1396986461574405,1000
32,2.0998939839237307,3.0453830258809624,7.193139134728316,0.809032405660625,0.49076251179780783,3.714969307294442,0.5141904688289058,3.685597499018556,1000,2.1323466199152916,3.420206112840396,3.0791500840013506,0.9417031370677887,-0.0966644481607736,3.4855896625928087,0.2866084712624257,3.9780847685681575,1000
33,0.35509392236367976,1.2854369576968785,72.36963655037172,0.5240493765768579,-0.3334507128243571,1.645474671318554,-0.6720428557269618,1.3822307004543213,1000,0.9445719264014336,2.738687089474578,13.77498930889278,0.8533994658369614,-0.5152711516954586,3.1768039483936197,-0.7280910266390106,2.617234879441878,1000
34,0.8184479260768938,1.4612215648562286,127.6641205682064,0.706717995284369,0.0695313789642595,2.7372934856730393,-0.5667193446804695,2.203615196834257,1000,0.7974550564309013,1.3145224404609592,93.28719473002201,0.8436918522967982,0.12761737281627955,2.9273866189366173,-0.8561809740708233,2.451091086932626,1000
35,0.9898567812540338,3.3623657892329706,6.213802513120163,0.558693325728548,-0.2524644579563518,2.0818272261081723,-0.10518213717392033,2.084895699681988,1000,1.0961187185238281,3.5824999880376067,4.476671495446392,0.6185256286644604,-0.3909382878788735,2.0272540174026004,-0.1161915136585141,2.3084289507061704,1000
36,1.7046101575968982,3.209683781305919,6.938255669559031,0.4976030094595574,0.8931832331192577,2.660540221934664,0.7293082590561657,2.6799120561376304,1000,1.6919990114850534,3.244099320021234,6.701075377425314,0.6307081596605163,0.08892237333659549,2.734420659632664,0.45581101855044137,2.9281870044196654,1000
37,1.9415615945905653,2.706655484035131,22.391096642255413,0.381433615242194,1.2239361657125067,2.75124048378173,1.193951708715865,2.6891714804652658,1000,1.8737580392119015,3.590187618949171,13.317429657909052,0.4057452305947248,1.0377582885596717,2.727540723119721,1.078497387246241,2.669018691177562,1000
38,3.6517615441212703,2.81220171635819,8.404374151972142,0.6305740780985198,1.9602761976793401,4.5513310787653,2.4158363510481715,4.887686737194369,1000,3.5539010512685243,2.6086198484972,7.2423318058592425,0.9219538472998259,0.7893368078401752,4.511789667326117,1.7468715105608656,5.360930591976183,1000
39,1.7966960130293153,3.685815830575396,8.73984291970474,0.4278489068361468,0.9126295136748802,2.6107681155478093,0.9581121556304676,2.635279870428163,1000,1.854310039867733,3.724892572651938,3.6851979427108685,0.6764899803207486,0.10170242390215502,2.905327167289395,0.5283896784390658,3.1802304012964004,1000
40,1.1102910446579597,3.3861944844514826,41.140303982307024,0.48718822296109043,0.1587580395545345,2.0563029787671003,0.15540212765422245,2.065179961661697,1000,0.6471620865550853,2.598546775755876,27.45731503465491,0.5896496625642759,-0.06949700367543955,2.070649092888631,-0.5085512520708952,1.802875425181066,1000
41,3.2590270013939477,1.5948477326903685,54.07526930216873,1.0345509105986075,0.48736197421653116,3.9897523218835858,1.231307216620677,5.286746786167218,1000,3.1635345748956234,2.675456693949237,22.120704833309578,0.9208208351537386,0.6901414727406248,3.9274442446407427,1.3587257379942959,4.968343411796951,1000
42,0.757747502319988,1.0456915024210447,138.31779201421384,0.7452438487365821,-0.48751085575106967,2.560206247030066,-0.702930441203713,2.218425445843689,1000,0.7668069307587677,1.0579338495905168,82.35434361667363,0.7739023411617508,-0.9860515064638824,2.1243658105888565,-0.7500416579182638,2.2836555194357993,1000
43,2.239089033528944,3.1600981265329677,12.31615407424001,0.7297416742400157,0.5904622917296704,3.598886357243249,0.8087953520185132,3.669382715039375,1000,2.5695164588926707,3.27784454951773,10.21092117003176,0.9419353026348747,-0.45624025243215294,3.763590025825153,0.7233232657283164,4.415709652057025,1000
44,1.7771182910852126,1.9485396019370245,43.29044442494763,0.6398264709444463,0.08110387323896642,2.455724437198378,0.5230584080340979,3.0311781741363273,1000,1.6321938549671309,2.9657858643160897,22.451021860287547,0.6256758270876099,0.026619203687997434,2.4590036068033694,0.4058692338754155,2.8585184760588462,1000
45,2.23140263912493,2.2149544933749867,4.12106368085364,0.6495006380604692,0.9667540218632215,3.524527877598631,0.9583813885264103,3.5044238897234496,1000,2.5035923929732684,1.919613382545893,3.8819202604427465,1.4473267733305817,-1.2373484069360898,3.903160999011958,-0.3331680827546717,5.340352868701208,1000
46,1.2924418521747572,2.3995518169828127,3.8795606995827363,0.5699644807457381,-0.3543652472323982,2.0959069725672195,0.17531146991311042,2.409572234436404,1000,1.1351091109264524,2.797397776121705,2.0791350377447917,0.6539013059566143,-0.7750724730517404,1.8686514965151428,-0.1465374487485116,2.4167556706014164,1000
47,2.3295519403957976,2.3400634408453724,21.627239249207754,0.530523034448507,1.2205200428925107,3.081896787055167,1.289726792876724,3.369377087914871,1000,1.9596043139326726,3.2023540992564965,12.072675232554719,0.8227170308959335,-0.527010910394612,2.930751339872785,0.3470789333766431,3.5721296944887024,1000
48,2.73940708568873,2.5653400707526224,17.428540246010893,0.48478466384844454,1.8699637239263476,3.5443569463301032,1.7892291445457786,3.689585026831681,1000,2.776982123315228,2.7729035761292953,14.35045220851713,0.5421064771116823,1.7335944337809164,3.6212932426889046,1.7144534281763308,3.8395108184541256,1000
49,2.5375052511747938,1.2548811213154345,168.8493728238126,1.2468989740647918,-0.4310249430344858,2.976498606654194,0.09358326200780187,4.981427240341786,1000,0.6612309759770887,2.776659770679564,22.163621837548266,0.7169473016673557,-0.8159444263234035,2.343303770215604,-0.7439857352909283,2.0664476872451054,1000
50,3.6799272625679307,1.5317424720776462,42.46250501465115,1.046504953451189,0.7781649379283437,4.427835007139255,1.6287775538036002,5.731076971332261,1000,3.678114354570189,1.582845052967398,33.356957809380184,0.9793079668166856,0.8064781816066969,4.300215530041352,1.7586707396094852,5.597557969530893,1000
51,1.7472825428626997,4.276076041322789,12.121902315364704,0.6385028706876367,0.44419869098395115,2.941597610759366,0.49581691631493174,2.998748169410468,1000,1.0529386124170594,4.836944529493784,8.055067944668926,0.7036917980386804,0.16562703785061902,2.877302038970756,-0.3262973117387542,2.432174536572873,1000
52,-0.061548765396429506,2.622280799445556,18.572920628410888,1.174061689354804,-1.5267776805440123,2.7677594940920134,-2.3627096765318454,2.2396121457389864,1000,-0.24858861470053872,2.3661108374019792,21.07934687703101,1.1566451558354196,-1.7361330658551037,2.3057606637489227,-2.515613120137961,2.0184358907368836,1000
53,2.3671483865692458,3.7556635653736063,4.088445954708438,1.3980604241676728,0.46176861573709743,6.303495954577391,-0.3730500447993932,5.107346817937884,1000,2.2613631735621187,1.529867745753636,11.974366851592864,1.7450131202340478,0.343011321974869,6.03960279664654,-1.1588625420966148,5.681588889220852,1000
54,2.013903403807294,2.7154055655563547,37.69762712542656,0.4392519616904666,1.4099567144477136,3.048523242605162,1.1529695588939792,2.8748372487206084,1000,2.1205957581640376,3.8350994458314482,19.040544141596516,0.42680547224146403,1.5182809706000053,3.10521891386185,1.284057032570768,2.957134483757307,1000
55,1.2804889711313436,3.6465103746395693,9.350156401343453,0.7226638693110947,0.38594733947534626,3.096930213567506,-0.13593221271840195,2.696910154981089,1000,1.8807706619843045,3.699295448940201,4.446863813725424,1.1263494258684437,0.3135514006093021,4.571434711248521,-0.326874212717845,4.088415536686454,1000
56,1.7189922533691306,4.363690955096763,15.505156602634864,0.6738303995681008,-0.198973730112117,2.5517995359848493,0.3982846702156533,3.0396998365226082,1000,1.4031886151977897,5.4561632975138314,8.954543828454177,0.7189669571339263,-0.4520384967620473,2.442302898751055,-0.005986620784705909,2.8123638511802853,1000
57,1.4566319892083783,1.9604159437954358,51.22101196335443,0.6315504797105514,0.8489179553418285,3.3851162938353063,0.2187930489756975,2.694470929441059,1000,1.7403323500639982,3.0329476945805416,18.266793812677715,0.6063539316098342,1.0780978283856988,3.4909826888591415,0.5518786441087231,2.9287860560192733,1000
58,3.3826273483532594,1.2356812624041915,63.63841465251457,0.9863770787188627,0.638496939008968,3.801612228004724,1.4493282740642885,5.31592642264223,1000,3.0646982930888345,1.8173722613755658,24.7559174236704,0.9050153457363578,0.46002363713811834,3.8258854333512877,1.2908682154455733,4.838528370732096,1000
59,2.493452148377099,2.236269856084443,10.92608704179072,0.48895211909879044,1.7080719898428462,3.691669238707534,1.5351059949434698,3.4517983018107286,1000,2.5823602950257896,2.540338236251422,5.481787535728147,0.7691978290403718,0.6205138417957975,3.934918850333622,1.074732550106661,4.089988039944918,1000
60,0.5528906012981003,1.3348364451524424,51.31886862165439,1.013021284950136,-0.1089441584461357,3.52343915777474,-1.4326311172041664,2.5384123198003667,1000,0.627720724653146,1.609782381027008,27.24103353394223,1.0039601601976769,-0.24057846855624804,3.7124290667615587,-1.3400411893343007,2.5954826386405925,1000
61,2.424441838423496,2.1050636756281036,28.805683409784088,0.4483394443002309,1.237678330281658,2.953980807478846,1.5456965275950432,3.3031871492519485,1000,2.3461986288143892,2.6658914084944487,13.486799652843485,0.5025276756411454,1.1505641816531342,2.9631317255953764,1.3612443845577442,3.3311528730710345,1000
62,2.048080129363401,2.414787298717014,14.915755174940934,0.4638389950235778,1.1749957550544667,2.672394046961452,1.1389556991171885,2.9572045596096137,1000,2.0587044286172116,1.6995506363361426,7.1759693672342175,0.701807852701263,-0.4115367987223799,2.6652893203452277,0.6831610373227361,3.434247819911687,1000
63,-0.29992792379044486,1.0500030011724446,175.30862585267226,1.5419508307388674,-0.8159885416003975,4.199652233678388,-3.322151552038625,2.722295704457735,1000,-0.20578453210315928,1.1248424939859092,58.715153967482834,1.2557528285816038,-0.7876893801530825,3.839790470665829,-2.6670600761231027,2.255491011916784,1000
64,0.8236320294764262,3.541483770354454,22.23613696744211,0.7082158929144186,-0.3374025881955211,2.6247175075098523,-0.564471120635834,2.2117351795886866,1000,1.398346030514859,4.946032707714452,12.138646246070552,0.7763764050146011,0.16425087477829256,3.1466044535647573,-0.12335172331375932,2.920043784343477,1000
65,1.3488418301416485,1.0577769024495216,267.80797410011616,0.6638406609228752,0.7281838234487011,3.2276986901680886,0.04771413473281316,2.6499695255504836,1000,1.4498555249505176,1.2130174381472292,89.53815418858446,0.7648238081154585,0.30251879442701207,3.4149844324328766,-0.049199138955780874,2.948910188856816,1000
66,2.8032646000849613,1.1238043865461596,104.29524369631612,0.8882840781211893,0.4153309637799466,3.316862922048962,1.0622278069674302,4.544301393202492,1000,2.5300331312296134,1.5676555829525407,27.2516456799332,0.9069542733402937,-0.2535313457043126,3.2251451924785526,0.7524027554826378,4.3076635069765885,1000
67,1.6683005256340444,3.054981200998496,10.423269665167384,0.4791185838614942,0.8667102562562666,3.0363720684882374,0.7292281012655158,2.607372950002573,1000,1.6612560810645052,2.7801407096109876,10.397801474450647,0.541161617566451,0.43094832728931265,2.8699361521602724,0.6005793106342612,2.721932851494749,1000
68,0.8495988443281404,3.283929590700108,4.016402077095968,0.7622690148152055,-0.008585406938543438,3.0817694609160773,-0.6444484247096622,2.343646113365943,1000,1.5337199142658378,3.7490649403292746,2.5823587321963037,0.9231942392417021,-0.3540124924740077,3.2344123445580935,-0.27574079464789825,3.343180623179574,1000
69,1.853342585665072,7.909629922931115,12.239045390045908,0.502114306079186,0.9093488590301023,2.8341286279314413,0.8691985457498677,2.8374866255802766,1000,1.1164421296426457,8.746347680597832,6.465621373676636,0.6489379935471207,-0.11548878008577693,2.56786452368691,-0.1554763377097108,2.3883605969950024,1000
70,0.700076483970991,2.6271566452809196,2.5457159444326476,0.852142604278074,-1.419053030811373,2.056386252529424,-0.9701230204140341,2.370275988356016,1000,0.6736538340889424,2.6746804258835293,2.153627643457015,0.8652581389212036,-1.8810973489687597,1.688557478207388,-1.0222521181966167,2.3695597863745013,1000
71,2.7622159059769045,1.5753399654705533,14.354155515035952,1.1466865234699302,-0.8249903126292011,3.336270028017961,0.5147103199758414,5.009721491977968,1000,2.777781420529435,1.7345829451222579,11.78056088229403,1.3105180227088025,-1.0221427664584422,3.3192114976368465,0.2091660960201822,5.346396745038687,1000
72,3.5654008547901164,2.116978767730579,60.319930224176666,1.258765690899286,0.8153887726589247,4.761376493398818,1.098220100627516,6.032581608952716,1000,2.6830259032022457,3.6734508329587645,19.625423912400983,0.997096506583383,0.6616328924614115,4.356634335964834,0.728716750298815,4.637335056105677,1000
73,1.6369497986668444,1.6795275962405962,29.89113614917909,1.607465368597176,-2.3885550988253312,2.965443506228225,-1.5136823237836203,4.787581921117309,1000,1.622028971680645,1.6726793401735238,31.132408551854862,1.60470820422054,-2.4967572471398958,2.8886495579843747,-1.5231991085916134,4.767257051952903,1000
74,2.2089474094893458,4.052570790172907,1.84427269265791,1.100776288221009,0.24374079470742452,4.356550202265367,0.051425884576167924,4.366468934402524,1000,1.7388810201376639,2.717497666417245,2.6161736075451785,1.0380027491002497,-0.39377622140473856,3.6437876635575535,-0.2956043680988254,3.7733664083741534,1000
75,1.3055359685942656,1.1663732805155531,30.4691211703948,0.5925267047622004,0.12658597578132846,2.572554625944276,0.14418362726035294,2.466888309928178,1000,1.3288023854185338,1.0501508322874136,33.72775684305185,0.817171599104931,-0.23346722989068305,3.709258609398664,-0.2728539488271309,2.9304587196641982,1000
76,1.722673279315594,1.640456849775996,11.01710207841003,1.0298969542262,-2.151311171925208,2.668727075618288,-0.2959247509677576,3.741271309598946,1000,1.9065211675836782,1.6184660867998797,9.797461160831356,1.002004572254505,-1.1927788490232625,2.6316747716398217,-0.057407794035151616,3.870450129202508,1000
77,1.3940970800049615,3.773682323477955,10.424726078634933,0.5692362780891069,0.3168367062420372,2.6541461437651668,0.27839397495031193,2.509800185059611,1000,1.4332898491007895,4.351842019262038,8.04002257331922,0.7008692811253583,-0.20300294592395277,2.7962800701849644,0.059586058095087324,2.8069936401064917,1000
78,3.2550994183228688,1.5083731559195945,57.618322099766694,0.6401986406090567,1.321358149278256,3.7010866863815695,2.0003100827291176,4.50988875391662,1000,1.8574254923222309,1.9860481268739172,23.45937030445537,0.871865732594999,-0.03844658846113003,3.684079847137388,0.1485686564360329,3.5662823282084286,1000
79,1.4157755278164128,1.685257970879878,6.278559412309638,0.5737825019434054,0.01354402105059215,2.162982684878416,0.29116182400733814,2.5403892316254875,1000,1.4230035862861725,2.2433096294835093,1.4495225804714176,0.6582500559074786,-0.19220243076144164,2.473954671273239,0.13283347670751433,2.713173695864831,1000
80,1.946623046043979,2.5803042407208037,5.279387599894957,0.5828736981214175,0.745335983946056,3.0966229025688183,0.8041905977260007,3.0890554943619577,1000,2.0515188831155715,1.8778466888831715,4.795245827022467,1.1778520590222852,-0.8879883275052569,2.867121453741706,-0.2570711525681073,4.36010891879925,1000
81,-1.0402117192231055,1.1509654775146732,752.1027469608722,1.8998457086674079,-3.4076751466108126,3.338123114674987,-4.7639093082112245,2.683485869765014,1000,2.0899068526568017,1.4322025346126988,72.437079076523,2.4469398834787386,-3.783200375920897,3.46662515059414,-2.7060953189615256,6.885909024275129,1000
82,0.37255062912904413,2.548359239223584,36.25253112072241,1.338875577769331,-0.7034416986147249,4.5499400663887295,-2.251645503298845,2.996746761556933,1000,0.976530851816618,3.2563043816672654,19.85185500750469,1.1763577882723155,-0.5011909823251456,4.273439965927822,-1.3291304131971202,3.2821921168303563,1000
83,0.7782876891154877,3.7465324949021506,4.510928672821003,0.7268028756927273,-0.5448306204475719,2.631426524376851,-0.6462459472422577,2.2028213254732334,1000,0.6409031307567064,2.7464846615950735,5.926635564724209,0.6628242479131904,-0.5682188642890246,2.131763352873624,-0.6582323951531468,1.9400386566665595,1000
84,1.4059736442237414,4.270777167386082,7.449600418476474,0.7628101974001227,-0.21275159122141948,2.6513594535637157,-0.08913434268049913,2.901081631127982,1000,0.7478877089780445,3.4497623530246058,7.187116992747494,1.0962414590053484,-1.294444761831006,2.6699811902795356,-1.4007455506724382,2.8965209686285274,1000
85,-0.21240477760016896,1.8958089739584514,88.34652567506576,1.4478944295976561,-1.8080852120719118,2.7871775571791777,-3.0502778596115747,2.625468304411237,1000,0.9088001445889204,2.499014782080355,26.171065816920635,1.3406992815500567,-1.76662901001741,2.647585867052377,-1.7189704472491905,3.5365707364270316,1000
86,-0.2150459889191425,2.585493708730577,17.572340853790337,0.8787608472511979,-2.8779027890506694,1.9803695682956493,-1.9374172495314903,1.5073252716932053,1000,-0.18102143644008084,2.513105295380144,19.853512892097818,0.7378655082744022,-2.327505000095232,1.667827789004094,-1.6272378326579091,1.2651949597777474,1000
87,2.3070189607493665,1.0478282354768953,327.4280123162825,0.5604387612024295,0.6118201867842621,2.879191857900527,1.2085589887926047,3.4054789327061283,1000,2.2761202002346543,1.1310203885279504,56.70503130330183,0.7614760644936588,0.24544854330635127,3.058712676764009,0.7836271138270832,3.7686132866422257,1000
88,2.291639246790837,3.653931248945458,32.95942179513746,1.1967110556618912,-0.5109687361068613,4.1381494902339835,-0.05391442230646959,4.637192915888144,1000,0.23876313411413919,2.6632453739861615,24.17333088295556,1.0443665529525201,-0.7828751540771194,3.63182774637685,-1.8081953096728,2.2857215779010787,1000
89,0.7647968057534384,4.085155568425317,7.9568830301609585,0.7584380398914191,-0.7250929610722641,2.151852256964735,-0.7217417524337431,2.25133536394062,1000,0.6698425523365361,3.8694877404763988,8.888181102238999,0.7370398464415083,-0.949189919900383,1.9699477835712036,-0.7747555466888203,2.1144406513618925,1000
90,1.0967214986877967,3.142712796212264,9.107800968670599,1.0045563102336779,-0.35239855480131804,3.8747603691168715,-0.8722088693702119,3.0656518667458053,1000,1.007980246285841,3.03640668214738,9.937802133152847,0.8101214797882926,-0.45204838472131803,2.5981796168294378,-0.5798578540992125,2.595818346670894,1000
91,2.5612717773421343,3.566815529117638,9.130237862301511,0.4673529187158583,1.6402391894630672,3.4703655406969722,1.645260056659052,3.4772834980252165,1000,2.3896881189036945,2.8072400751699194,6.388770655163412,0.7697365422061221,0.07681914621938206,3.4704908875865197,0.8810044961796952,3.8983717416276935,1000
92,1.6983526052490654,3.124270264887054,9.32551492509434,0.5467868863001349,0.5099341651744685,2.479257694859969,0.626650308100801,2.7700549023973298,1000,1.4687890198266556,3.4840400509013816,4.802844223904061,0.7075185869499028,-0.5302858664509346,2.421580928480634,0.08205258940484605,2.8555254502484653,1000
93,1.1032248739393957,1.3432116580655538,103.23415728271624,0.9330584587293321,0.510100754730435,3.5181732639710055,-0.7255697051700951,2.932019453048887,1000,1.6314613884476579,2.362466127884055,34.19378920942492,0.8417229954174396,0.522715303247145,3.5710766112971983,-0.01831568257052374,3.2812384594658397,1000
94,4.17798353892937,1.7254561325536184,34.850858873596,1.2387383560682885,1.1301829670620933,5.109158028141909,1.7500563610355244,6.605910716823216,1000,1.5583199590451102,1.4206712993672723,28.30623476684471,1.0472379889907708,0.46554626179865,4.273250317114267,-0.49426649937680067,3.610906417467021,1000
95,2.201773926841615,3.507850896643931,18.35226689292575,0.9020091685903339,1.0640206746677339,4.704292408822444,0.43383595640456085,3.9697118972786694,1000,2.320536938092508,3.5388554297704453,18.297519739795142,0.8168980971216182,0.9733916787821704,4.1504227144668455,0.7194166677341363,3.9216572084508794,1000
96,3.179362544982986,2.5480426738322657,3.4668410695318572,1.6243023734658413,-0.4423827403497432,5.213216603410519,-0.004270107010062585,6.362995196976035,1000,3.383468152372012,2.3804313645788118,3.38063404197301,1.9230125481261051,-1.3039966986973497,5.126206845818953,-0.3856364419551541,7.152572746699178,1000
97,2.1109530409540658,1.0599605764819242,579.1869839687625,0.8120829018854875,-1.1312634558673322,2.60863734933338,0.5192705532585102,3.7026355286496213,1000,1.2856858401165046,2.4529146733961387,19.630071918785813,0.8425384099308217,-1.4376675667218861,2.069916199607326,-0.3656894433479061,2.937061123580915,1000
98,0.920894399139731,1.5655828366842726,5.9305808847491175,0.6455426737802735,-0.7755216425805727,1.9546063073208595,-0.344369241469605,2.186158039749067,1000,1.127694468152543,2.3112134195166893,1.9638569194120885,0.9001759333241894,-1.478118703493497,1.8402800193735434,-0.6366503611628684,2.8920392974679543,1000
99,1.7774408766610204,2.074087697783793,116.78707207601242,0.7078885435315181,0.8202051075045479,3.656076559045246,0.389979331339245,3.164902421982796,1000,2.290282266616218,3.589607716846841,12.44595828112626,0.8290260959367008,0.3923844344949598,3.637105716455784,0.6653911185802843,3.9151734146521515,1000
100,1.2272559409112953,1.8281913598700787,48.671800093720435,1.0962405799678783,-1.0287286183366424,2.468030557145486,-0.9213755958257461,3.3758874776483365,1000,0.8975365948550336,2.104127645725372,25.752676037673798,1.0939100928211178,-1.187329766479444,2.4538077963232547,-1.2465271870743575,3.041600376784425,1000
101,1.817731089517346,1.0278268007530167,310.1505122671666,0.8086935029685002,-0.715265429552781,2.764891293207331,0.2326918236990856,3.4027703553356066,1000,1.8068823602367046,1.0141879876914714,52.234055465203454,0.9258131574878649,-1.4133917212632654,2.68195307123543,-0.007711428439510559,3.6214761489129197,1000
102,0.30890221021347797,1.3535144945524984,87.29490185954873,0.5487286229637508,-0.2750130463349837,1.899211445946994,-0.7666058907954736,1.3844103112224295,1000,0.464475293812759,2.325564578182888,21.672724177805424,0.5017415383043713,-0.2166458519572333,1.834048546649219,-0.5189381212638088,1.4478887088893266,1000
103,3.097366678791394,1.2477498254274553,148.78072016768033,0.8948725558965016,0.6133172347217107,3.5366105435692283,1.3434164692342507,4.851316888348537,1000,1.8410211751978536,5.530147895111913,10.867811564019675,0.7003912683433803,0.17427731627717413,2.963802930274525,0.46825428924482826,3.213788061150879,1000
104,2.551219382800764,1.8202957072148407,5.290738118133053,0.7159935459602123,-0.16655956979146858,3.334427991202651,1.1478720327187482,3.95456673288278,1000,2.6769653997620773,2.0346566691282653,3.3378411579270097,1.0524021301176534,-0.1853063731471957,3.31875293579147,0.6142572247314768,4.739673574792677,1000
105,4.315363383370514,1.2638721354744311,15.004403947197616,1.8967779692710294,-0.4638294856842955,4.856570764635723,0.5976785635992963,8.033048203141732,1000,3.474663096058884,1.6672724930279499,4.486579890617515,2.021315876204792,-1.0849897192651714,4.898949320815022,-0.48711602130250764,7.436442213420276,1000
106,2.5416886750225487,5.08539320077402,7.554945154165349,0.8850295216769323,0.6563876135646118,3.954659029122732,0.8070308125357615,4.276346537509336,1000,2.3342497820956924,6.153692589821033,4.783513914266945,0.8088092515892427,0.5630834984937206,3.669329749946958,0.7489836489807769,3.9195159152106083,1000
107,0.8979656183360929,2.512884195561264,67.388249840489,0.6473413226658798,-0.8070438801791097,1.7939517475087876,-0.37082337408903165,2.1667546107612177,1000,0.17346501335727504,3.4225146357569494,22.496069986285914,0.8241232018723751,-0.8943248325847128,2.2107032625765446,-1.4418164623125802,1.7887464890271303,1000
108,1.7215724021340766,3.6831712225324518,0.965085877624908,0.8901813022085485,0.2439811042912185,3.9599670016074393,-0.02318295019467853,3.4663277544628315,1000,1.5784779931022541,3.7213775902495176,0.8516789961027876,0.8980109223583629,0.01266735629858301,3.7281472182751103,-0.1816234147201372,3.3385794009246457,1000
109,4.765914886530171,1.0000000000111222,0.8245312610707622,0.961199319056745,1.8384290549029794,5.218737059484161,2.8819642211789502,6.6498655518813905,1000,0.6317014432653663,49.99999999999998,10686474581524.463,1.607855764649344,-0.22001885321172865,4.815662641378375,-2.519695855447348,3.7830987419780806,1000
110,0.5500526841186424,2.3654167186097723,11.534915588906625,0.8395675604847757,-0.41403202608634293,2.4927341859844043,-1.0954997344315178,2.195605102668803,1000,0.4769594641296495,2.3560532746164267,8.165137388534895,0.7846906268865457,-0.48071522513696685,2.35547951556995,-1.06103416456798,2.014953092827279,1000
111,1.8344008643996514,3.516216338138746,14.916738826301557,0.5372323379449665,0.7233243556437946,2.681402246003217,0.781425482027517,2.887376246771786,1000,1.9243473187427038,3.4696407946193464,13.496243809106396,0.5271001907211608,0.7769430637226243,2.7782282412680055,0.8912309449292288,2.957463692556179,1000
112,1.53976693376751,1.9831495417200846,36.238681512639566,0.9284509897500443,0.6790861100198626,4.250273235661382,-0.2799970061425767,3.3595308736775964,1000,1.6802441642068136,2.550926795892863,17.37418122638876,0.9309735675384856,0.42941218709626827,4.137405795814869,-0.14446402816861825,3.5049523565822454,1000
113,1.8156252846177583,2.11257491477395,9.337650290873135,0.8747213193065124,-0.21430010617321224,2.7815239978986264,0.10117149877699405,3.5300790704585223,1000,1.4415654066624395,2.2963325534477006,4.95585150612185,1.1288263684380684,-1.5075062199335103,2.5867484632663325,-0.7709342754761743,3.6540650888010533,1000
114,0.26189810794363355,3.687524236296817,6.498756910133365,0.6414433095923266,-0.8495673126967149,1.5078977399935602,-0.9953307788573267,1.5191269947445938,1000,0.08861008467168663,3.7375459213817934,2.7597557221880162,0.6399080411992336,-1.082836776455193,1.3558473671850655,-1.1656096760788113,1.3428298454221845,1000
115,-0.4498269938532542,1.080342589353968,144.63991343998353,0.714028760097278,-1.1124137227077093,1.8508718529806043,-1.849323363643919,0.9496693759374106,1000,-0.42074935809587544,1.3584077590350057,40.09818655601476,0.5096081613457235,-1.1469801353264921,1.0826394823837733,-1.4195813543334936,0.5780826381417427,1000
116,0.5989389842424488,1.0959285102157468,75.26003577356084,1.5535081664427872,-0.018347055174136696,5.001408747270139,-2.445937021985414,3.643814990470312,1000,0.6386649198346985,1.1329648821833869,43.03353980224759,1.3003520911261817,-0.11183882926140867,4.544109852461999,-1.9100251787726177,3.1873550184420147,1000
117,1.4019094653271849,4.959434157025556,4.229064605716351,0.8751907137347957,-0.03541425449436429,3.187389516055898,-0.31346433359301473,3.1172832642473844,1000,1.4875939957569484,5.216088392362761,3.0345616470534904,1.0331647094914251,-0.6692333667554843,3.5159124919002527,-0.5374088348462447,3.5125968263601415,1000
118,2.224734907906538,5.530528593859423,10.30884370926614,0.3694624092892788,1.478107932223556,2.866344924749843,1.5005885856995516,2.9488812301135248,1000,1.9168351332400777,5.5148416791923065,9.091863457464646,0.46998108262599153,0.6864980727206242,2.672312868695002,0.9956722112931343,2.837998055187021,1000
119,3.1394908128102745,1.1598981855455477,125.48498015134123,0.631799267352287,1.41115511675529,3.7903909875582764,1.9011642487997922,4.377817376820757,1000,2.6890958475035878,1.8845804853349448,7.835771136151134,0.8680884805765213,0.29166526284167676,3.5699974301459036,0.987642425573606,4.39054926943357,1000
120,0.9583946164799912,2.454059191973649,9.019093999845264,1.3523208432572844,-1.211184610023232,3.3252284536807006,-1.6921542363042863,3.608943469264269,1000,-0.6592735558698215,1.351801655193119,14.995906924285736,1.0333645321797185,-1.3781036630591843,2.4101814554300005,-2.68466803894207,1.3661209272024268,1000
121,2.3909864822403737,3.244715863231164,19.3606595663552,0.4449475274868544,1.5714739214569555,3.2208181606031943,1.518889328366139,3.263083636114608,1000,2.262268258671806,5.296099358345387,5.882919337906848,0.4233744159973709,1.5249097135168828,3.0521630246303957,1.4324544033169588,3.092082114026653,1000
122,0.42671906904059687,2.6642611747548797,32.95952018508939,1.0703419824167821,-0.6629100799338399,3.2041868973748144,-1.6711512164962963,2.52458935457749,1000,0.9801520635101633,3.9266290070354786,14.483854422460476,1.0085654164335864,-0.22103066819844366,3.6002957638282593,-0.9966361526996661,2.9569402797199924,1000
123,2.2791376644690606,2.8531942447602283,7.728183977173618,0.5565518057676699,1.046481834490409,3.1906731271019093,1.1882961251644275,3.3699792037736938,1000,2.258884261014691,2.870762770604996,6.865371666425621,0.5821827959073933,0.9270535349345882,3.198143157436147,1.1178059810362,3.3999625409931817,1000
124,2.080157925621921,1.89874451462573,4.938993374696591,1.2630195080077362,-1.713518635880156,3.745122582831631,-0.3953603100732419,4.555676161317084,1000,1.5322214498589588,2.9233675061321986,2.0979912903458953,1.2190233785247022,-2.0223696315948816,3.5286918888946426,-0.8570643720494573,3.921507271767375,1000
125,0.9434471941160899,1.1285120834116573,214.0651967681919,1.1080356166626515,0.26109689256916657,3.7403114438991354,-1.2283026145427072,3.1151970027748868,1000,1.4745564217367122,1.6672214530200373,55.22049939179101,1.138809011790836,-0.8253897310141494,3.739364340410764,-0.7575092413733262,3.7066220848467504,1000
126,1.8192687104328515,3.7950991378225987,9.366373019476233,0.7380354813807711,0.7262286018667121,3.9237943352080973,0.37271916692654017,3.265818253939163,1000,1.7402197997754598,3.679692229329524,9.032786126802687,0.7400459216870238,0.6018790888665436,3.815484656420653,0.28972979326889337,3.190709806282026,1000
127,3.043062556409394,1.3068801472638998,54.069016090678765,0.7158105911820857,1.0295511957454015,3.6301229185444326,1.6400737976925062,4.446051315126282,1000,2.622789682601788,2.5611551639079617,12.433553003957702,0.8839899588389187,-0.007565734486447295,3.5926285458343608,0.8901693632775074,4.355410001926069,1000
128,1.277407010452436,1.0569792622523815,400.9044213045529,0.413051876259836,0.6605643194292751,2.274764769229743,0.4678253329831574,2.0869886879217145,1000,1.7531855876281708,4.743619042074349,8.015522506588391,0.5808161162007773,0.3018790738997396,2.6831517992587623,0.6147859998746472,2.891585175381694,1000
129,1.586456308894574,3.4398161076427582,30.098083333028526,0.3302699679593003,1.0064361005370324,2.2936407933218748,0.9391271716943455,2.2337854460948026,1000,1.8379025529019855,6.767235628476232,11.989803954765089,0.3727524724370153,1.1728149355716384,2.624106190187827,1.1073077069254356,2.5684973988785353,1000
130,0.9971487782514906,1.5031198777707833,36.39736047536569,0.30701077190016074,0.5438543101352676,1.7305376065066302,0.39540766532717553,1.5988898911758058,1000,1.0911261246448638,2.153478015909215,9.842194306218115,0.35983766978333454,0.24173559931040353,1.7479468051086129,0.3858442918695282,1.7964079574201994,1000
131,2.170423367519748,1.2785910183484945,200.84474255414372,0.8060030986550394,0.22861503691782,3.097749094156219,0.5906572941558708,3.7501894408836254,1000,0.9936592900207124,1.9680352395354461,26.965735084907053,0.9286445090680143,0.10007341004940791,3.138669963599969,-0.8264839477525956,2.8138025277940204,1000
132,0.9432112123663401,2.293835648676797,61.55838796693473,0.6575152682502104,-0.34316981797098645,1.975597059544765,-0.3455187134040725,2.2319411381367527,1000,0.7712875428651114,3.4311745922423427,15.441570365114544,0.6218810330602516,-0.4299946712362824,1.903019587451304,-0.4475992819329817,1.9901743676632044,1000
133,2.172198121284538,3.2735633387950136,14.136359176903804,0.5320648169189,1.0163215393090013,3.153016633041848,1.1293510801234938,3.215045162445582,1000,1.9149433010045929,3.8896386911896204,5.570280287100195,0.6196249190750999,0.5113423809978324,3.0274493143989454,0.7004784596173972,3.1294081423917888,1000
134,1.4346211067133847,3.7032122253038566,1.7194207172014209,0.7543598606254022,-0.41832711903902314,2.3767420944944058,-0.04392422011240349,2.913166433539173,1000,0.8663650258384659,4.176861783055326,1.0133891963542188,0.8045574270209401,-0.6624242186245922,2.2082741318202874,-0.7105675311225768,2.4432975827995085,1000
135,1.2326208669559162,2.717395596898312,0.7663463126237496,1.2034898967979841,-0.818224366171563,3.4725149380309794,-1.1262193307681327,3.591461064679965,1000,1.3215169401429276,2.837748549368523,0.7069431235805778,1.0994808942080503,-1.0229054737587562,2.8140962291612444,-0.833465612504851,3.4764994927907065,1000
136,0.7300617573532986,1.4963338997004474,9.245539643137452,0.7084758042495006,-0.6650403903188193,2.0937324649571556,-0.6585508189757225,2.1186743336823195,1000,0.7377621180161493,1.6771277487442926,6.919334041477837,0.6707941785194886,-0.8278279920186937,1.9928131436291356,-0.5769944718820483,2.0525187079143468,1000
137,-0.3710972154040135,1.5599872811198747,49.03946757388035,1.1106624306254698,-1.078981198402013,3.1040655943642177,-2.547995579429934,1.805801148621907,1000,-0.31697325099491636,2.4898589255625305,15.079212588385708,0.9888029383042326,-1.0458141734148463,2.83443497793691,-2.2550270100712124,1.6210805080813795,1000
138,1.6010749909321433,1.1742902802614479,208.74059659117168,0.9439669870205067,1.0773057394036005,3.9987789090166452,-0.2491003036280499,3.4512502854923364,1000,2.205051779100704,2.2494853749343005,21.432753846092695,0.8946068596628828,0.710686236140028,4.07989486038536,0.4516223341614538,3.9584812240399545,1000
139,2.2087837950864864,1.1580664703241428,125.9574941917052,0.48527799855542597,1.3715249730927714,3.5079585948819125,1.2576389179178515,3.159928672255121,1000,2.2262623444920338,1.231297580880907,38.03115980572596,0.6256981115471165,0.6969228271854326,3.5795626209966342,0.9998940458596854,3.4526306431243823,1000
140,0.8975533312798445,2.4843667230952673,2.453655070918129,0.5475119074753597,0.060540516887189935,2.0542059104426924,-0.17557000737186046,1.9706766699315494,1000,0.7605437118042859,2.346139704041988,2.3875884424256966,0.4894593118820031,-0.045595542830835695,1.8548604919867961,-0.1987965394844401,1.7198839630930118,1000
141,2.824276077860484,1.487105510170848,28.01031525136487,0.7318224165408171,0.9449690162471496,3.436420703947361,1.3899041414404825,4.258648014280485,1000,2.6864485154766893,1.9497913458274343,10.948775976573039,0.7933912697672907,0.11476200157667914,3.3859290811244858,1.1314016267327995,4.241495404220579,1000
142,2.564617821786487,4.536477893799504,10.79620875297442,0.8449184868411684,0.7565075278358913,3.8852458511812458,0.9085775875777968,4.220658055995177,1000,2.466724055431556,4.948536609053421,8.321374046927755,0.755973108028215,0.6607981914957543,3.75583856622025,0.9850167636962546,3.9484313471668573,1000
143,0.9147055121132392,1.0539319163361838,111.18103806234411,0.9610162793017951,0.47027060625889505,3.361937397043866,-0.9688863953182791,2.798297419544758,1000,0.9975144614308802,1.1466553337163783,22.434358006638895,0.9026386973969347,-0.32646885902780953,3.252471865472479,-0.7716573854671118,2.766686308328872,1000
144,4.1076482192414785,1.1915033864949893,38.17094143838339,2.00823253679643,-0.5083769973398288,4.876867566774585,0.17151244712047564,8.043783991362481,1000,4.3944389090197244,1.058287752125192,12.790037952221267,2.059800919173571,-0.8055904203654178,4.955015156173716,0.3572291074395251,8.431648710599923,1000
145,1.3829653410947647,3.2668335153910277,8.32435216666139,0.4967938543019908,0.37317065384941683,2.271880666341153,0.4092493866628627,2.3566812955266667,1000,1.469164460059943,3.6960447314173392,4.190644942623781,0.6034393982761403,-0.1371301063957426,2.2732874104082264,0.28642323943870784,2.6519056806811783,1000
146,1.9964128161517731,2.8027514697125993,5.4818870145850145,0.6480171636084371,0.5763655993869107,3.1340677837893436,0.7262991754792365,3.2665264568243098,1000,2.0554094531906757,2.9790917901245435,4.472966781960674,0.7773663303196351,0.04432781219337057,3.0977011566483528,0.5317714457641909,3.5790474606171605,1000
147,0.9856543142121663,1.560656354624347,94.49395348135154,1.6938972941490666,-2.0527211144385276,4.713767747472635,-2.334384382320004,4.305693010744337,1000,1.331375333611748,2.9747625336339403,24.667930420275223,1.5530751051033065,-2.6053982615615703,4.424116194650309,-1.7126518723907327,4.375402539614228,1000
148,-1.897958489625863,1.009947853057715,2245.3596216390324,2.920821264981712,-2.4098872413917647,5.43179943766295,-7.622768168990017,3.8268511897382917,1000,4.999451053346583,1.0916808297705156,88.44445458830411,2.32864493158414,-1.026222141107176,5.654433708778957,0.43530698744166774,9.563595119251499,1000
149,-0.7602597666346527,1.4173443885529178,114.78485010174975,1.732952588701315,-1.4846958805504917,4.373541682095793,-4.15684684048923,2.6363273072199247,1000,0.21139407614411088,2.354772256414363,42.575387071414006,1.2924305040589468,-1.5095310920949554,4.091760339457093,-2.3217697118114247,2.7445578640996464,1000
150,2.1901240790803795,5.135623174625701,26.97647194667919,0.8656366740470635,-0.024892799086624125,3.5754093212600417,0.49347619794813524,3.8867719602126236,1000,1.6343198528294325,7.766740890185007,10.041413748515431,0.8216017232128935,0.03382318947078128,3.4175935971247338,0.0239804753321613,3.244659230326704,1000
151,2.689625673343239,2.139934003588687,18.55707666342607,1.3797108415116552,-1.883884460979418,3.871183381979796,-0.014607576019605162,5.393858922706083,1000,2.783774206550442,1.879513698087634,23.705424739997532,1.4403092517905178,-1.7540393155949985,3.985904969588131,-0.03923192695897315,5.606780340059856,1000
152,2.215541929513242,5.760390355595397,6.872066267008141,0.47721945845433517,1.3019976918263536,3.072708326130116,1.280191790942745,3.150892068083739,1000,2.3791630415069633,5.94952787468015,5.208335448818959,0.4415158299181963,1.599691193034879,3.2970291496018858,1.5137920148672985,3.244534068146628,1000
153,2.686408429443614,5.2172175559235185,9.317416329362093,0.8516842767692946,0.9394106806284485,4.175817575736247,1.0171072469757967,4.355709611911432,1000,2.7531378924263863,5.098042305321825,9.524955073226787,0.7900225447017154,1.205675415969988,4.255698433443967,1.2046937048110242,4.301582080041748,1000
154,0.14616725852694978,1.5394819880408972,27.27752518635167,1.1361308170460762,-0.7226869112335892,4.261730787147431,-2.0806491428833596,2.372983659937259,1000,0.16112496318741298,1.945594469221589,15.401827365925293,0.8538130288178156,-0.7400638262318385,2.7674480935479813,-1.5123485732955055,1.8345984996703315,1000
155,2.3254916010095052,1.3541875328129094,78.35963952623783,0.5326870551202295,0.936398889130483,2.8886513121493858,1.2814249729738554,3.369558229045155,1000,2.175215792381839,2.1253845057999947,26.968705224231694,0.506774663589757,0.9498108552381413,2.8167976169041817,1.1819374517459154,3.1684941330177625,1000
156,2.0582655938813033,2.801905682016214,9.559021316207831,0.8520764260329347,-0.18645054788058335,3.0744471209901185,0.38819579885675126,3.7283353889058555,1000,2.0986863527228676,2.585796963909429,10.551728748338194,0.8281540484121471,-0.37957140899815184,2.957742431949152,0.47550441783505937,3.721868287610676,1000
157,0.4145944714508476,1.3904081817455063,38.739167231068976,0.7280873168512972,-0.1562493704719965,2.449185821022904,-1.0124566695776949,1.84164561247939,1000,0.7687363585348694,1.9316871701273695,12.475570921046492,0.7478199117725758,-0.08862749032342217,2.6129507471327855,-0.6969906685393792,2.234463385609118,1000
158,2.3292193520093143,1.8576849193170006,22.342640114341357,0.7276880650041441,0.22990536274982806,3.054878211651799,0.902950744601192,3.7554879594174366,1000,2.4589951526026277,1.5674604856354808,16.596762858074843,0.7337523183430802,0.24158231469099004,3.228118542795487,1.0208406086501904,3.897149696555065,1000
159,1.296106017341969,1.956581740839848,51.829355261987544,0.5356945087075532,0.6908488970437143,2.735365735942651,0.24614478027516462,2.3460672544087733,1000,1.5910357704131015,3.907792159144847,15.03454479422321,0.5084691393340836,0.8606498942938732,2.8289330439525684,0.5944362573182977,2.5876352835079053,1000
160,0.7978903173955825,1.3520188605432617,33.34446961099509,0.4535213470989906,0.21932433953176908,1.935084626854205,-0.09101152291843906,1.6867921577096041,1000,0.8588425551685783,1.7199890782114862,15.777978797660866,0.4728133959835546,-0.006433675851518248,1.9093230894314734,-0.06787170095918871,1.7855568112963454,1000
161,2.3721659480535275,4.158649366360989,2.1618817255049567,0.8241835759811359,0.25267917690494096,3.5236158103201722,0.7567661391305012,3.987565756976554,1000,1.7950679095922375,5.242882997599259,1.1766972335515766,0.90297094365992,-0.03561266968696467,3.540253264766005,0.025244860018794224,3.5648909591656808,1000
162,-1.1960185557060785,1.1690695433277807,29.836994129571554,1.1450244754602976,-1.6912884786989544,2.3745338661707196,-3.440266527608262,1.0482294161961048,1000,-1.2485593897677978,1.1042083839088233,8.646413346915104,1.1831302043935632,-1.7737129970785346,2.1083897240677385,-3.5674945903791815,1.070375810843586,1000
163,2.50292665863998,1.1578869292853051,141.43483847231346,0.789014049303247,0.05393257401134652,2.997983787822118,0.9564591220056158,4.049394195274344,1000,1.8542774950461833,1.976162265916363,28.655869580631,0.819504244394021,-0.5194993361322957,2.7568572026229816,0.24804917603390209,3.4605058140584646,1000
164,2.268319447299683,5.089002382507778,7.2839105185830535,0.6116375552846948,1.1743717440887886,3.459825188235127,1.0695098389416813,3.4671290556576846,1000,2.323064696929378,6.102976296805475,4.2642389121815425,0.6461896464469842,1.1597479349350834,3.5918582263950616,1.056532989893289,3.5895964039654666,1000
165,-0.18419520098510667,2.362177527600329,39.08025065810376,0.7922750596473491,-0.8306796719144091,2.5741542451720303,-1.7370543178939108,1.3686639159236975,1000,0.926223434113568,5.138066187740995,7.751459190969579,0.7494454216135809,-0.35952612535855916,2.856454720178771,-0.5426895922490504,2.3951364604761864,1000
166,2.259665447638602,3.2211877148630195,23.07085726411443,0.6270505275756948,1.043939246758976,3.4636202491516808,1.0306464135902405,3.488684481686964,1000,1.7554640483571995,2.898748340886475,19.99983639894571,0.8075069962545013,0.08243440298628506,3.397895347454193,0.17275033569837706,3.3381777610160217,1000
167,1.7896186000995842,1.2546527054318162,35.12762926476114,1.016908154009488,1.1351508554733785,4.848058530140566,-0.20352138175901224,3.7827585819581806,1000,2.0906692939922413,1.4397218414077586,10.967924420211805,1.308363346408399,0.33008618600659406,5.175039538951292,-0.4737228649682206,4.655061452952703,1000
168,1.5665945930207013,1.0650396396199842,263.516804414808,0.4244118516449157,0.8342863232680263,2.7350157996914364,0.7347473637966665,2.398441822244736,1000,1.5670248892452272,1.6984815660202777,17.014317924501256,0.7029005490422442,-0.6510872567745426,2.325296738808577,0.18933981312242865,2.944709965368026,1000
169,1.6050472179509745,2.665763612924391,24.85903891798958,0.3878560393926372,1.0510157159925895,2.599543968741976,0.8448493807414056,2.3652450551605435,1000,1.641182963339522,3.0260996034970224,18.271755490284878,0.463592796135211,1.022461129978773,2.852555508395235,0.7325410829145086,2.5498248437645357,1000
170,-0.26226629900070186,1.277117175189637,131.1364418759964,0.6762113080445676,-0.9762703237696454,1.4636362906365183,-1.5876404627680545,1.0631078647666508,1000,-0.17846016956791688,2.293143466844427,28.693122622091625,0.527727158932803,-0.8365348431740807,1.2713971398653863,-1.2128054010762106,0.8558850619403768,1000
171,1.0411073798520476,2.6944330510155776,18.405875057185682,0.9823252166335554,-0.6067066486357022,3.7676058929317446,-0.884250044749721,2.966464804453816,1000,0.8756378587053095,4.1280411545678515,7.962538663684785,1.1563889630566753,-0.9762377693960145,3.784801110545515,-1.390884508885774,3.142160226296393,1000
172,2.2954199032255858,1.0531819685807062,151.89039858993397,0.5266465785244518,1.1990089839439426,3.4890237661547103,1.2631926093176602,3.327647197133511,1000,2.3074545026065465,1.059246675893667,110.4897661184964,0.7028939421076515,0.4273179720447494,2.9632921784017303,0.9297823760755495,3.6851266291375433,1000
173,2.7749909420832894,2.912717759558031,22.881055472663643,0.7082662243870522,0.5736981388374658,3.490976260528972,1.3867891422846672,4.163192741881912,1000,2.412382131980098,4.073617542425383,11.05082898304992,0.7362461818861192,0.30253074034297345,3.3460309810784725,0.9693396154833043,3.855424648476892,1000
174,-0.14966402509000942,2.223735918021495,40.740206927171265,0.9968664330332144,-1.3042994842444373,2.188218561054659,-2.1035222338351094,1.8041941836550908,1000,0.040951297232291406,2.364327916381001,32.974075171202664,0.9653643237034721,-1.2799633408369346,2.3165571986478652,-1.851162777226514,1.9330653716910968,1000
175,2.3511974863945375,2.6682432978638655,6.090080620042025,0.6180482129355238,0.9988360650148523,3.5487518735673604,1.1398229890409108,3.562571983748164,1000,2.5258310944287126,3.2651604615618854,2.938464353100557,0.6399204043977479,1.078705100155844,3.7273545111941546,1.2715871018091267,3.7800750870482984,1000
176,3.829695521480945,2.4203320822908574,15.361063218382542,0.7920854353104237,2.0443890684706387,4.881027561923213,2.2772080682725147,5.382182974689376,1000,3.7583059593502464,2.7248285985196823,7.088555497175362,1.2084117807440287,0.5764549586505058,4.949022901460975,1.3898188690919504,6.126793049608542,1000
177,1.1796683872818088,3.7287542099739013,2.889469902364885,1.0762506219214845,-0.44014335972282564,3.6248817403307583,-0.9297828316843009,3.2891196062479184,1000,1.0920488335013303,3.1261178418803195,3.4350023105312046,1.0946551419256998,-0.4808682677411845,3.4788502461135744,-1.053475244673041,3.2375729116757017,1000
178,3.1227253603612026,2.3369814052173887,15.827572477495075,0.7432217873319483,1.8290732981750029,4.6088873397539585,1.666010657190584,4.5794400635318215,1000,3.1633483811793592,2.2748222342472593,12.589766108582598,0.9423066067281608,0.47234707111038454,4.675059520409605,1.316427431992164,5.010269330366555,1000
179,1.9529767713992994,2.127418513509427,15.374726740560623,0.500475067843885,0.8082600641816601,2.8757585072591865,0.9720456384252849,2.9339079043733136,1000,1.955261342498037,1.8202529577123598,9.80427351242023,0.7195676934026833,0.07395715059134421,2.875046960748657,0.5449086634287776,3.3656140215672963,1000
180,1.3121635364667967,2.979415490367691,18.92969474107815,0.39506759172845834,0.3677006858835833,2.0197382098772265,0.5378310566790184,2.086496016254575,1000,1.3974872803725675,3.6085351415532623,10.611787694252683,0.4474343198004826,0.13686262880317662,2.08944045317196,0.5205160135636216,2.2744585471815135,1000
181,2.195102759108547,3.7203209795641987,26.240966775313378,0.4401033022526873,1.1263113300947352,2.8490683820666467,1.3325002866932798,3.0577052315238142,1000,1.8426781831183152,4.311050547362494,12.887308256608426,0.63477077086978,0.6345378096465683,2.967556183289922,0.5985274722135465,3.0868288940230837,1000
182,2.0894554193491546,2.9518324182783164,8.744384042527429,0.3853396733955751,1.4843055611918365,3.012767993309417,1.3341896594938274,2.8447211792044818,1000,2.4647818175017377,2.1465522116867524,4.220633640661186,0.8759565294071608,-0.12896056449337798,3.175149146712804,0.7479070198637026,4.181656615139773,1000
183,1.2778880927354344,2.4816562705983953,18.833341442547,0.7791334309809863,-1.0450141713051804,2.4286209693633287,-0.24921343198729873,2.804989617458167,1000,1.4500567700336802,2.6641331377254898,13.529377419778614,0.7111270734464649,-0.5506700253678847,2.5401792431839465,0.05624770607860907,2.843865833988751,1000
184,2.2452671971915508,1.2381791335045658,130.56621400094733,0.48650650446941573,1.063006274593134,3.0059153792977336,1.291714448431496,3.1988199459516053,1000,2.0636590951722478,1.9087846098776147,27.0844264869935,0.570944659092509,0.854667716881457,2.8271666703296607,0.9446075633509301,3.1827106269935657,1000
185,1.8368790896306917,2.0482637155711774,47.060589408874414,2.0903367917307225,-2.369455504945418,4.169530523668247,-2.2601810221615244,5.933939201422908,1000,1.6582753237546939,2.164933147054823,38.59299044799708,1.9085690572246405,-2.240332447891572,4.046269530287444,-2.0825200284056016,5.39907067591499,1000
186,0.825419835921875,2.6256140437604305,13.625619254180087,0.7685197743215745,-1.0650634214770796,2.1068050646271566,-0.680878921748411,2.3317185935921607,1000,1.6379745873651133,3.621999144902759,6.357315449850557,1.035567392098595,-1.053111188249561,3.486593872550359,-0.3917375011481332,3.6676866758783597,1000
187,2.2447719100993506,8.100649093506101,2.5988124399913937,0.6762437302474728,0.7908070583277945,3.4608705723970883,0.919334198814304,3.5702096213843975,1000,2.101283340170448,8.002702339083468,2.2991727301661866,0.7133383437046584,0.5508028523541392,3.4198807826774322,0.7031401865093174,3.499426493831578,1000
188,1.1627975418029926,4.763446276704935,3.949811663417603,1.3618175031414363,-1.0937786680534967,4.089245993751715,-1.5063647643542226,3.8319598479602077,1000,1.5002268507805776,5.226752598776239,2.6556644504129636,1.419066593140516,-1.2258083251145817,4.398928402172373,-1.2811436717748337,4.281597373335989,1000
189,2.368449661084134,3.105542665987825,10.187808198774766,1.230290470756196,0.0022073275574512026,4.1956992221047305,-0.04291966159800964,4.779818983766278,1000,1.6085592852084651,3.0404565080422827,6.469558698430189,1.1792459770873178,-0.6357653381696714,4.127023588640066,-0.7027628298826778,3.919881400299608,1000
190,0.5284654542622684,1.1448526627409765,62.690637633299765,1.2341714825807515,0.0668736094824909,6.161663811561366,-1.8905106515960046,2.9474415601205415,1000,0.46044929779496924,1.1049580753596935,40.30698830425072,0.8427553733904937,-0.03374816457330258,2.8651606546497304,-1.1913512340503982,2.1122498296403367,1000
191,1.7959832619353748,6.444358679507573,2.580653592460511,0.6837992755262631,0.5007186147109983,3.162605311404934,0.45573668190389927,3.13622984196685,1000,1.717363428329819,5.746962869857495,2.113888091224223,1.0901163114881,-0.6602539587528575,3.730140569323501,-0.41926454218685727,3.853991398846495,1000
192,2.747113415793221,2.0708101956963616,19.24900012411579,0.5381370872718283,1.6985416778124771,3.3492775620630604,1.6923647247404374,3.8018621068460043,1000,2.852446114102421,2.3524529795132545,9.847915668895071,0.7966952424997816,-0.04843312495653974,3.4570396578235068,1.290923438802849,4.413968789401993,1000
193,1.667957614519326,3.9525400823364483,12.118731247078774,0.97830247003445,0.13653903644937274,3.6809740693953006,-0.24951522674819593,3.585430455786848,1000,2.1995806620242875,3.971789859836087,7.123082135752208,1.1960961268301362,-0.2326569717904439,4.322119896324086,-0.14476774656277946,4.543929070611354,1000
194,0.04820335696858713,2.3283261500579044,13.983474760700178,0.38155713746355574,-0.5388309998843921,0.9677942012049501,-0.6996486324599821,0.7960553463971564,1000,0.06710999019045127,2.039174538071603,13.350085851737246,0.36815370426176386,-0.6228488319487756,0.8472714416413127,-0.6544712701626059,0.7886912505435084,1000
195,0.39749025270669525,1.0890260656682345,194.75572581220882,0.8232998644553969,-0.04508625845483883,2.5690168162302065,-1.2161774816258828,2.0111579870392733,1000,0.6152334436513993,1.4388619178257307,28.163201970694775,0.7440339798686283,-0.08876272977314766,2.5478737240405183,-0.8430731568911121,2.0735400441939107,1000
196,1.201057320800374,2.8634863577612237,36.292626058035815,0.544790702451953,0.5181738842134825,2.9027914529045886,0.1332675439945461,2.2688470976062023,1000,1.4215934789080806,3.4831453846401064,19.173230276549823,0.5004524682946894,0.6465394297349143,2.731632157329983,0.4407066410504895,2.4024803167656716,1000
197,2.679107946493961,4.409824330118257,3.0878190737601026,1.0133981030669492,0.8079973790280093,4.796222839765881,0.6928476644827406,4.665368228505182,1000,2.6026076057411807,4.603355698464682,2.482747941093644,1.0977586116296936,0.5191154853688269,4.76937699247716,0.45100072694698135,4.75421448453538,1000
198,3.507536018287863,1.145113967309759,245.87200076428678,0.9714127270695777,1.1687550056924945,4.084219643149907,1.6035670732314908,5.411504963344235,1000,2.8560169692600015,2.5663931284851795,23.07261758774329,0.8745914535535906,0.3981604210425821,3.8126905522892938,1.141817720294964,4.570216218225039,1000
199,1.6363462814726224,2.8232922687363655,39.07305309057521,0.41528630190820615,0.9746486139076522,2.5934947587900417,0.8223851297325384,2.450307433212706,1000,1.8406068904182327,5.4450482826824915,12.622610221734648,0.4426445707480343,1.1082613092798403,2.8494013154914306,0.9730235317520854,2.70819024908438,1000
200,3.93414833102612,2.009318246147258,6.701619126013301,1.15018851019198,1.2142474074658727,4.989176463880275,1.6797788510498393,6.1885178110024,1000,3.521131786867229,2.041699349475614,0.01992542124228238,1.5030385917354478,-0.573897150359682,4.557939533669158,0.5751761470657515,6.467087426668707,1000
201,2.643971702780636,1.7736567565416899,33.01421312178514,0.5693765579256059,1.1024822789911555,3.1690915040764494,1.5279936492464483,3.759949756314824,1000,2.159140470269389,4.832899840438614,6.694909956780868,0.49303807680307776,0.9217419270859928,2.830504383918573,1.1927858397353566,3.1254951008034215,1000
202,0.17534219152929342,2.5458817436373544,34.23132292010276,1.2953491559470487,-1.237117423798575,3.3299875299905795,-2.363542154126922,2.714226537185509,1000,0.7363914345817013,3.3768622516297757,16.7377346584972,1.067648417636977,-0.8208796528040464,3.3199267057965,-1.3561994639867734,2.8289823331501758,1000
203,2.2472192101433706,1.1462899976138343,36.24777048960451,1.0061857726777874,-1.2032390045364623,3.411883450608669,0.2750950956949072,4.219343324591834,1000,2.238790057970952,1.3043970144278316,11.21665218759057,1.010696879223854,-1.280938907294249,2.759393184963312,0.2578241746921981,4.219755941249706,1000
204,2.250349827364688,1.1297719299389262,41.222388422424665,0.9094749668149461,-0.14188112664819008,3.078544719205002,0.46777889240739357,4.032920762321982,1000,2.289255935170934,1.1613801478000145,26.315112800223588,1.1253657136286066,-1.2883067987434051,3.055443888443995,0.08353913645886513,4.494972733883003,1000
205,1.3433338353484996,2.7320983389440863,20.193364559428176,1.1294964247706696,-0.8372814615993279,2.927092915733052,-0.8704791572020127,3.557146827899012,1000,1.1717915733715016,2.8987996578278383,14.714639373221178,1.1023892283466739,-0.8343024392084982,2.99477036981728,-0.9888913141879789,3.332474460930982,1000
206,1.6354040128004117,4.05897008253532,8.763844768096025,0.8509104510188386,-0.47312109734875846,3.142916300027208,-0.032380471196511884,3.3031884967973353,1000,1.6040699652413515,3.9540184888342065,8.694608847641915,0.8265276384771233,-0.36427002962659766,3.0609502906254,-0.015924206173810074,3.224064136656513,1000
207,0.7041258334051523,1.2411480318437134,57.93799455856645,0.4192175380415097,-0.23210007253534895,1.4653309320224823,-0.1175405411562066,1.5257922079665112,1000,0.7182983409112178,1.5790000611193753,21.333898016500374,0.4576934444849217,-0.3568945986193812,1.4383183784636926,-0.17878081027922876,1.6153774921016644,1000
208,4.419729378260204,1.2112851668372415,53.869889758338786,1.356831793248213,0.7218726468829958,4.928588278805982,1.7603390634937064,7.079119693026701,1000,3.6373812044953713,2.405473600120571,7.87197641582659,1.316586221072727,-0.005332555432510937,4.776418439734391,1.0568722111928261,6.217890197797916,1000
209,2.1927501512768357,2.1368293482663616,10.769662094270327,0.580072317176466,1.2780725303865297,3.4602031684571104,1.0558084096109623,3.329691892942709,1000,2.1285868027536634,2.3836625873630255,7.062347796999637,0.6824803445074874,0.44459750405813375,3.3103871681382344,0.790925327518988,3.466248277988339,1000
210,2.091302377158773,6.374336679301176,12.080126264889051,0.9028008956242295,0.3240022745459288,4.1487253480668675,0.321812621735283,3.8607921325822625,1000,2.0686976139738693,7.201051308329181,8.94734087038071,0.7996618361301394,0.5469995175098596,3.926332789242562,0.501360415158796,3.6360348127889424,1000
211,-2.2526346428514725,1.5213596018816835,40.485233756327524,1.9149504596941906,-3.085468296099922,3.6641039427800224,-6.005937543852086,1.5006682581491413,1000,-1.0654460693462884,2.7635198081370773,11.623436228345229,1.5313374836543088,-2.8716196184318727,3.4128254710264754,-4.066867537308734,1.935975398616157,1000
212,1.8164506305749006,7.068763548966991,5.071455702414953,0.5679068807592303,0.6322565310036456,2.952176761186425,0.7033531442868093,2.9295481168629918,1000,1.9247281693343044,7.123352163269412,4.065641822455465,0.6479657847254776,0.4425019298353557,3.027424018640885,0.6547152312723683,3.1947411073962404,1000
213,1.892316976292318,3.3160360078706197,5.910922893520661,0.8099604933307437,0.7036991469265458,3.5335654641476237,0.30479440936406044,3.4798395432205753,1000,1.9450415504981344,3.1028475680003185,6.26883827639473,1.0365326937640436,-0.2423202988034782,3.7163749094076164,-0.08656252927939079,3.9766456302756596,1000
214,0.5778874439396393,1.1805439190861018,69.08000600324532,0.6699475067629298,-0.8019491105042029,1.9536628326161605,-0.7352096693157031,1.8909845571949817,1000,0.5419905029930023,1.2857107507680487,40.42733414279064,0.5690363037663732,-0.7332206263679993,1.8504007159740112,-0.573320652389089,1.6573016583750937,1000
215,2.167238120485097,1.1552944098707638,149.73759508502104,0.4433198528431236,0.9599292791815887,2.7943380399114615,1.2983312089125745,3.036145032057619,1000,2.1020694345947906,2.1870127349941977,22.49443950939349,0.509714085739859,0.7406105526375064,2.950600774703883,1.103029826544667,3.1011090426449144,1000
216,2.0616341272500054,1.050046838211709,7.7794717600585415,0.5343443249327444,1.3143110140043754,3.0976858596507233,1.0143192503818264,3.1089490041181844,1000,2.0107187222728173,1.0379730454275404,0.6835732862892282,0.6879064133923682,0.0753020513338356,2.8451423295517717,0.6624221520237756,3.359015292521859,1000
217,1.785147626467523,3.3180655388408353,10.053160818969452,0.6917518342644208,0.597505184442368,3.2636286716216265,0.42931403130925827,3.140981221625788,1000,1.7374604499297042,3.8741564361601126,5.337447977361814,0.6950342510201767,0.4028166320505894,3.2003485112463603,0.37519331793015787,3.0997275819292502,1000
218,2.5637129162025185,1.4197064492114435,22.883672229178647,0.4985308139785599,1.1636783699285247,3.1179809617907583,1.586592520804541,3.5408333116004957,1000,2.510401835297065,1.671540554285874,12.711877637813224,0.5871896196895519,0.6741858446883563,3.0736180559496353,1.3595101807055436,3.6612934898885867,1000
219,2.0390830470020984,4.365186800842555,8.341594401002997,0.7497975797291383,0.9191222693840513,3.8035828444385325,0.5694797907329874,3.5086863032712095,1000,2.0487867842214174,3.9356298938239145,9.596953512430634,0.8605313447685934,0.754244236119056,4.05176698088512,0.36214534847497437,3.7354282199678606,1000
220,1.7382170489099362,3.8742698655575034,12.686207667397593,0.5048454156905878,0.7775846746813424,2.7156791172917685,0.7487200341563841,2.7277140636634885,1000,1.7388836821102065,4.5293672462075225,4.07665807967896,0.7281836848925292,-0.3579925215085851,2.7218253509238557,0.3116436597208494,3.1661237044995634,1000
221,3.082241395986677,3.0868795276458694,22.178645276837642,0.46421187835747285,2.3561724342220263,3.8677040036257155,2.1723861144060304,3.9920966775673237,1000,3.675820416264185,4.494231586084415,4.951707717174746,0.7940571927950628,2.364216146305462,5.095458985344198,2.119468318385862,5.232172514142508,1000
222,2.5047741553832568,3.4360228645279527,10.777360475638325,0.8827568184360954,0.7641538847074855,4.407124362314025,0.7745707912485098,4.2349775195180035,1000,2.820758454800898,3.5344932717786737,7.80873276774743,1.1712248820378441,-0.32222948073963364,4.542568338049602,0.5251576860067235,5.116359223595072,1000
223,0.8840991083418542,1.0137578800187783,952.8454901928476,0.7139858569466467,-0.25012521874141447,2.6117957876690827,-0.5153131712735733,2.2835113879572817,1000,0.6193392935452796,2.237381110719281,9.61302607119158,0.7253628227040227,-0.6686618675933663,2.3635327494416427,-0.802371838954605,2.0410504260451643,1000
224,2.0070526811985148,1.24101344456503,73.09702549319258,0.6165732268652723,1.2720984012057868,3.6789308487271057,0.7985691565425812,3.2155362058544483,1000,1.8539878397165108,1.660304140967736,23.75823794859528,0.6779204317747567,0.1645262153513635,3.3378157603249776,0.5252637934379878,3.182711885995034,1000
225,3.0213932410258466,1.8282015499812811,6.011393466263075,0.744029703412994,0.9803185925021939,4.489461600731725,1.5630950223363784,4.479691459715315,1000,3.2948077221573535,1.9656890223239658,4.7583638178816,1.1254963924144354,0.5449268098183252,4.737791971708764,1.0888347930250601,5.500780651289647,1000
226,4.97989824860365,1.4225095151938478,47.29518316747692,1.528398583032499,1.0563596144206246,5.797132031495593,1.9842370258599518,7.975559471347348,1000,4.140671793166733,2.514610289502913,11.953299889643679,1.725129234899772,-0.21307543944266513,5.798773042482244,0.7594184927631802,7.521925093570287,1000
227,-0.2961431129737404,1.0105054789887014,1207.5976501892023,0.6916485484221199,-1.281135535244663,1.5282247460424097,-1.6517742678810954,1.0594880419336146,1000,0.03312238779569299,2.129213847297382,13.972482955370975,0.7298173648366446,-1.523911159313269,1.5017964355010027,-1.3973196472841305,1.4635644228755165,1000
228,1.9381910363527672,5.419542249965621,6.949529340625484,0.5519949391861692,0.5837001586900079,2.7624651652836896,0.8562809555478756,3.020101117157659,1000,1.9555924975002885,5.622863159617149,5.731882955249221,0.6330980423457554,0.5143149864574788,2.9814378645034463,0.7147203345026079,3.196464660497969,1000
229,0.7099727362622898,1.092160038100101,72.35217820394226,1.135312660222152,-0.7562836768051947,3.8890784123309206,-1.5152400777731279,2.9351855502977076,1000,0.7258730720872979,1.1773229015444815,21.066388404649114,0.9730076733485975,-0.7487813420763325,3.6187723670272334,-1.1812219676759532,2.6329681118505492,1000
230,1.4918284164412559,2.2282332311907194,13.3386346238704,0.7374445656131178,0.8137843964887009,3.2639965429379107,0.04643706783954493,2.9372197650429666,1000,1.346380635415062,2.0338097903742938,10.001762389267904,0.780742239038035,0.22012246669519175,3.128598375016754,-0.18387415309948651,2.876635423929611,1000
231,-0.43523786989723834,1.3580383258827435,160.02097689962568,0.4108110656592108,-0.9174353691789667,0.778360409628528,-1.2404275585892914,0.36995181879481476,1000,0.23048471940081705,3.8019150608388963,13.064280375819399,0.5253834891727747,-1.0380363590263502,1.035138584242536,-0.7992669193778212,1.2602363581794553,1000
232,3.506560305129387,2.3604673721235843,29.42384296420242,0.5404812516058151,2.3715628807892317,4.335245032952906,2.4472170519819896,4.565903558276784,1000,3.4974995016480372,2.424376021211247,11.338286057159126,0.9551389464596518,0.06578343206668319,4.39075808393719,1.6254271665871198,5.369571836708955,1000
233,-0.027714485225258212,1.4889885504542113,66.99782076423737,1.2295634960612742,-0.8242637788150688,3.0961938692349262,-2.437658937505356,2.3822299670548395,1000,0.6837554632558216,2.458334136095843,30.01486290614658,1.2290045557814688,-0.6448884591707564,3.961819008745749,-1.7250934660758575,3.092604392587501,1000
234,2.4018952362715815,3.095048210217454,13.513230027026014,0.9828239481423477,0.32860701372854173,3.7588707934418335,0.4755602979125799,4.328230174630583,1000,2.318307504067286,4.071935649547162,6.750069282381336,0.9100934564701975,0.3698942373477166,3.6990737405551504,0.5345243293856989,4.102090678748873,1000
235,0.8790868654000525,3.394031707822278,8.542073397420413,0.7924152685888577,0.09989739132181179,3.4848338687631064,-0.6740470610341085,2.4322207918342134,1000,0.9838773651476955,3.7912973303331774,6.4833700088996755,1.1011399014646368,-0.3794915793104293,4.238608457414675,-1.1743568417229924,3.1421115720183836,1000
236,2.184581241558065,1.1897090540242026,108.41715148431366,0.46924582736818604,1.2218587293790408,3.056028525074836,1.2648594199164207,3.1043030631997097,1000,2.4418314121637,2.875946566110337,14.115241638528955,0.6166118911471611,0.7530405847542433,3.2862825071733206,1.2332721055152644,3.650390718812136,1000
237,0.11136454444701083,1.0192666434337152,1012.9002898126822,1.1687840996946983,-2.0605279094379814,2.8524581447413944,-2.1794522909545977,2.40218137984862,1000,0.023451001279333417,1.5043949935392802,55.719254669260714,0.9722127012087949,-1.9512971936447783,2.531913436322534,-1.8820858930899045,1.9289878956485713,1000
238,1.0510823468507784,3.0661337414422394,9.938841328118976,0.6589176115190779,-0.3160433613100278,2.1995298409927764,-0.24039617172661432,2.342560865428171,1000,0.9668306232353641,3.0583739689917904,7.800909007255035,0.7012686089216239,-0.579950646584886,2.144746536682084,-0.4076558502510188,2.341317096721747,1000
239,3.1718742096713752,2.46009416390759,18.805442373160833,0.8595558488679661,0.8511052389401558,4.110396947123723,1.4871447458901617,4.856603673452589,1000,2.9238333524148317,2.6897081344437033,12.898785589399731,0.8645994281578753,0.23520235186160016,3.9240416434538923,1.2292184732253961,4.618448231604267,1000
240,2.1780052718611036,1.5611309299103395,53.96483191705803,0.5911446300126687,0.6379539525290657,2.899737221378995,1.019361797036273,3.3366487466859343,1000,2.1356707842274743,2.1426824151153263,26.689853460923384,0.5441945103796161,0.7775705523039266,2.9435862852968775,1.0690495438834267,3.2022920245715216,1000
241,1.2944375862497197,1.4928974604950662,35.03895551231837,0.4689972099718254,0.753862810476253,2.541771965613456,0.37520305470494186,2.2136721177944976,1000,1.2953028349557936,1.5129264446288113,18.71144299692218,0.47029793650962803,0.2961869119470279,2.1169136533840396,0.37351887939692263,2.2170867905146645,1000
242,2.0918239639579648,2.5314782508395908,42.87824277772428,0.9452324278769285,0.4746849488993782,3.6999703509419235,0.23916840531918493,3.944479522596745,1000,1.4411762399098094,1.8776129993382318,41.3705231378345,0.9555737509423156,0.23989921236367232,3.4820075257763174,-0.43174831193712904,3.314100791756748,1000
243,1.4780369836847005,3.686715614219671,17.370178144138485,0.7458006193178016,-0.8609474925725965,2.2600894870781607,0.01626776982180944,2.9398061975475915,1000,0.3671598637463047,4.179795046262525,11.000230830293397,1.1397438353534122,-1.8158500955693169,2.4332744507755457,-1.8667380535463831,2.6010577810389925,1000
244,0.24833076458874603,4.797374108153884,4.97529970824239,0.7128741034431173,-1.3795641608944786,1.3946476303342055,-1.1489024781597639,1.645564007337256,1000,0.5637149848351515,4.596371729193389,3.8415344538059877,0.784665435276858,-1.5552175221197648,1.7227154552786574,-0.97422926830749,2.1016592379777927,1000
245,1.2342207725512724,6.530491958681096,12.368067615616667,0.6715100940834213,0.071962712785463,2.9703191622600777,-0.0819390118522334,2.550380556954778,1000,1.1419550324385774,6.949203203963564,12.499655250952426,0.745826498689838,0.1499589278563458,3.194180186136463,-0.31986490499350495,2.60377496987066,1000
246,3.8977071293428684,1.2514076977676334,46.309433382295225,1.0556515554194075,0.8396792847455483,4.43126223528883,1.82863008072083,5.966784177964907,1000,3.5485277401920947,1.597995286465288,19.042832322475217,1.184754769613575,0.2785532398316026,4.352197803834734,1.2264083917494877,5.870647088634701,1000
247,0.5869576287970333,1.2491745727218404,102.86884464041485,0.5774250978874838,-0.008752170100204163,2.123355636202502,-0.5447955630624348,1.7187108206565014,1000,0.6935294726805483,1.6059956200331924,48.32816749672296,0.538398105640933,-0.1068369829044928,1.976950669988209,-0.36173081437568033,1.748789759736777,1000
248,1.4367243137479406,7.913661811019817,5.318025568733896,0.6138142602715756,0.25385779779130524,2.590736298111907,0.23364836361565255,2.639800263880229,1000,1.4770109650842638,8.503538895713575,3.87036243500688,0.7061241610854032,0.044586298759754284,2.797428180955466,0.09300760935687347,2.861014320811654,1000
249,3.663906218894681,2.855715332654076,6.39472858467865,0.7196589072619441,1.4869381894603264,4.5062527356044955,2.2533747606612704,5.074437677128092,1000,3.428700989588364,2.7790375990897265,4.074339174851442,0.9988149965480874,0.4229339253040107,4.2232860222698,1.4710235963541125,5.386378382822615,1000
250,1.2814586846455795,3.238225551869999,7.924098969754949,0.5376888408491617,0.3687208280099236,2.484573044904676,0.22758855658122257,2.3353288127099363,1000,1.2471941917718334,3.2679438377058867,7.38087645820003,0.5728147912997125,0.1828502702265912,2.414396365380807,0.12447720082439706,2.36991118271927,1000
251,1.7526489227451574,2.202345208564092,22.876252506740922,1.1331805606754286,0.31245644592600225,4.089820224267787,-0.4683849761786827,3.9736828216689974,1000,1.7562714508222297,2.3133490145182565,18.72005772439472,1.3104544062740326,-0.9891866431141795,4.076377723593142,-0.8122191854748744,4.324762087119334,1000
252,1.1382174797601783,2.195499647627961,11.271816158656119,0.33567125573043083,0.5929092676726657,1.8921071963116276,0.4803018185285338,1.7961331409918229,1000,1.2270067114994834,2.5483574527264343,3.5110624790014184,0.6898138423367806,-0.6490805430531555,2.338163129857478,-0.1250284194806064,2.5790418424795734,1000
253,2.1927192768932446,2.7829176544991063,11.68345604962429,0.7621676221501591,1.0561832306570693,3.727991434244815,0.6988707374789329,3.6865678163075564,1000,1.9777287842065276,2.0210816450302462,14.345456141994598,0.9944950599583043,-0.012349798864472562,3.6786991248683063,0.0285184666882512,3.926939101724804,1000
254,2.7347268102287305,2.1258127707432575,3.262265119709928,0.7032416412543573,1.7318245247879325,4.41002306612961,1.3563731933701904,4.1130804270872705,1000,2.6497448312750063,2.216880891080606,2.2082673658203884,0.7287959043525998,1.4847200316058493,4.273017161549799,1.2213048587439108,4.078184803806102,1000
255,2.8576264423882867,1.4509716164111812,70.13743303058155,1.157996364983148,-1.3244112695426566,3.5275973306461923,0.5879535670213167,5.127299317755257,1000,2.3486990541123416,2.449816297748936,21.656026776213306,1.025096066467805,-0.8981402899898754,3.4497167803760775,0.33951076383544354,4.35788734438924,1000
256,1.8062503120125935,5.8654006942759676,13.568829405830064,0.4118318232240259,1.076474952680516,2.7476247327665426,0.9990599384935027,2.613440685531684,1000,1.538677745824265,5.695081230839657,13.20018791185807,0.44232284687934714,0.8268396305781267,2.719149951246639,0.6717249659407447,2.4056305257077852,1000
257,1.146261384028315,2.1924003103289373,25.290424022842696,0.8577651049000224,-0.6864100414071417,2.508894500595404,-0.5349582215757291,2.8274809896323587,1000,1.0108958279611533,2.259838179438032,17.729502089808843,0.9138393466788096,-1.0547641783685568,2.37536117039323,-0.7802292915293134,2.80202094745162,1000
258,1.9981021055513648,3.342497452834952,36.121098941287784,0.4464353668408491,0.9850711792081213,2.7509058889099975,1.1230887865433006,2.873115424559429,1000,1.9171635877971918,6.307486272736769,10.626729601479948,0.5075627782162998,0.9179445420687026,2.935102509723212,0.9223405424932442,2.9119866331011393,1000
259,2.997401114103317,3.8908598978484727,10.693994464077415,0.7192255228595203,1.3402068742813324,4.109013732554181,1.5877190892986572,4.407083138907977,1000,3.3159862947480745,3.065937777010997,12.378048714415373,0.90353104586185,0.6512196182940759,4.202962659425675,1.5450654448588486,5.0869071446373,1000
260,2.8188664367007825,1.884513741836536,26.06227780924047,0.5049570862923864,2.0680648193618123,4.0217060562807045,1.8291505475677052,3.80858232583386,1000,3.0515872535459243,2.8328960914365866,11.503252170270326,0.6330177713798234,2.0566138023104186,4.277169475411719,1.8108724216414704,4.292302085450379,1000
261,1.610146150604431,2.6985856775357475,16.634826210818712,0.6343944625495993,-0.22912563256344157,2.4545030735946214,0.3667330040072163,2.8535592972016457,1000,1.5865391456412081,3.2053953932034487,7.897224197228145,0.6664933365905846,-0.3104113633249387,2.4396970119934402,0.28021220592366225,2.892866085358754,1000
262,1.6946639839349937,3.025845052112553,29.03131030315151,0.5244957625799203,0.3234552099125996,2.4723037203743776,0.66665228927835,2.7226756785916377,1000,0.9663573657555793,4.6329325038072895,12.540960039536637,1.0078612672124925,-0.704778567366444,3.770492503494219,-1.0090507179809058,2.941765449492064,1000
263,1.8711649111991069,1.8693449860300841,5.105104951093294,0.7840998306877337,-0.0005765944788414118,2.6061917776085317,0.33432924305114886,3.408000579347065,1000,0.47828458748315605,1.78527013735805,2.410019046065028,1.0101967263998881,-0.8919442239719377,2.337303643058832,-1.5017009962606247,2.458270171226937,1000
264,1.319440028041003,2.21122607485578,3.4163848404831656,0.9338007965559965,-0.06014608137657332,4.046825767625489,-0.5108095332087501,3.149689589290756,1000,1.5622243973406431,2.244852730435936,2.3992744848055945,1.2035194528324418,-1.0491550157811524,3.2176152451663196,-0.7966737302109426,3.921122524892229,1000
265,0.05755034134485504,1.5317500920135614,3.2503314156073593,1.2743701305684,-0.9723788609735491,3.0252606569619975,-2.440215114569209,2.555315797258919,1000,0.022175266697851637,49.99999999999998,10686474581524.463,1.1113634206718719,-1.0390049256406138,2.759790726754982,-2.156097037819017,2.2004475712147205,1000
266,1.8518341977691821,1.4325706086225878,207.23938880083404,1.3728013685425788,-2.146013431254546,3.357873079442358,-0.8388564845742725,4.542524880112637,1000,-0.8989797163348867,1.6167026542922744,81.78521729454847,2.0210129593447093,-2.260197187506766,3.597901878620207,-4.860165116650517,3.062205683980743,1000
267,1.4040594997060358,3.3647249008953284,38.45014412388319,0.38064514764707136,0.8441778175121731,2.426643996889793,0.657995010317776,2.1501239890942956,1000,1.6378743983203905,7.885079359012062,8.250753438425862,0.4080090946583594,0.9339844935965625,2.59525004303605,0.8381765727900061,2.4375722238507747,1000
268,1.7087745401124304,2.4500930505467813,73.57554819397429,0.3611063361518379,1.3001332015374245,2.819197129588968,1.001006121254828,2.416542958970033,1000,2.036362764974655,3.814288685916882,26.760723620458105,0.4515721031248837,1.316330067382366,3.0362951143873578,1.151281442849883,2.9214440870994274,1000
269,0.6191839894465228,3.4504781874753454,18.38991302107883,0.5739452552784929,-0.10274638333369014,2.221115473743312,-0.5057487108993235,1.744116689792369,1000,0.9979050395568325,3.925060369384188,9.593241321956743,0.6286866809812479,-0.11476554559150176,2.4852324770577545,-0.23432085516641332,2.230130934280078,1000
270,1.6397261456453465,1.28482901761483,32.80946244478808,1.0887653251502043,-1.2048627943185544,3.647970552869865,-0.49425389164905376,3.7737061829397467,1000,1.6998900050895633,1.5895916841453246,16.750929796056184,1.1775031873176784,-1.1331357550515888,3.57041123814171,-0.6080162420530866,4.007796252232213,1000
271,2.4989360549596027,2.923583363402211,19.23524273569431,1.274791176939536,-0.5035457534318453,3.92774496516805,0.0003453481581123796,4.997526761761093,1000,2.2665843586326924,4.066080413104995,11.777110374934095,1.2190955308290754,-0.6398909003432711,3.8528806516450302,-0.12284288179229552,4.65601159905768,1000
272,2.9233465697517906,1.3221766131688333,75.26491696914901,1.2350182330932804,-0.589652492479538,3.532234516007881,0.5027108328889609,5.34398230661462,1000,2.6443444279477544,1.69615290707516,35.75070003394188,1.2161576017297147,-0.62710297520156,3.456756347422941,0.26067552855751375,5.0280133273379946,1000
273,2.2029186875068487,2.559983883838862,20.696049173734515,1.0083461019341866,0.8113424027616959,4.1788820038588455,0.226560327715843,4.179277047297854,1000,2.3891603966317025,2.907357545799533,9.311004908995747,1.105049018863525,0.19005746151183367,4.183645473326743,0.2232643196591937,4.555056473604211,1000
274,1.8954711764720689,1.5662740801160309,45.628545847871486,0.30727168936356913,1.3888696307381563,2.5280420311848117,1.2932186653194733,2.4977236876246645,1000,1.9565802738864573,2.2413231270684837,18.562888400568404,0.4005672395860688,1.3248179756196048,2.667914690599048,1.1714684842977623,2.7416920634751523,1000
275,1.3753615959061645,1.9468640369971264,11.166557788249795,0.7161195343917829,-0.5357793381978526,2.1105267656268785,-0.028232691501729912,2.778955883314059,1000,1.3092465255506711,1.4931282443069591,8.257252855613672,0.8122423020308771,-0.738216765639731,1.996708455726468,-0.2827483864298479,2.90124143753119,1000
276,2.780332018401417,4.436109786002753,11.048472619522961,0.7744624445513292,1.2125016827157495,4.08584165612605,1.2623856270808118,4.2982784097220215,1000,2.372218152571249,4.462996571459022,10.781055089448234,0.8778031986237051,1.0451896187639182,4.201319745890965,0.651723883268787,4.092712421873712,1000
277,1.9339110698454725,1.1745973638434326,46.84543821014221,0.6216208777155281,0.7161503287993145,3.2962140750547397,0.7155341495230374,3.1522879901679075,1000,1.9875658612757328,1.2607231335017863,35.85912320879757,0.8852100512951302,-0.6158418833796796,3.158686206439763,0.25255416073727766,3.722577561814188,1000
278,2.5802809128108692,1.1768644603883107,38.50199617244672,1.8122811303282262,-1.838253765198733,3.9214749717635637,-0.971790102632454,6.1323519282541925,1000,2.6494791365801738,1.1322955459302935,35.72649750164338,1.430169040727807,-1.4517508206073422,3.5241774042488485,-0.15365218324632757,5.452610456406675,1000
279,0.8904171868612991,2.1862918042549317,58.450105295051,0.7031299208948381,0.18648154469548864,2.6653884289273533,-0.4877174580925834,2.2685518318151816,1000,1.3133822088153084,5.253276376924912,12.618994032343446,0.5868817386373042,0.34186850503645716,2.6611191740027675,0.16309400108619232,2.4636704165444243,1000
280,1.7799483439743167,4.654276014524661,10.239080892100878,0.7655856719880784,0.2254049903584149,3.11929842074838,0.2794004268776831,3.28049626107095,1000,1.4057190644161845,4.648959702949265,8.124975138727429,0.8562414957973419,0.04544327558181933,3.169923420453807,-0.27251426734660544,3.0839523961789745,1000
281,1.2508446220829943,5.88816371620584,11.13681182088229,0.38511885955422365,0.5464149345120276,2.0271304329162985,0.49601165735671593,2.0056775868092727,1000,1.4237805187431563,6.944888075193893,6.660297548580322,0.4128303463079541,0.630741596878943,2.2473248267094044,0.6146330399795662,2.232927997506746,1000
282,1.407118551176594,3.7952284028837653,16.1451466359662,0.6829932479198123,0.35151564135341923,2.9458424618947885,0.06845178525376183,2.7457853170994264,1000,2.0500461081765486,4.604315327336772,10.926486564308108,0.8014907150012484,0.31290133084735705,3.369038071298952,0.479124306774102,3.6209679095789955,1000
283,1.610821230989954,2.44336714814255,39.5279692130805,1.1088417136967328,-0.21142162675069878,3.4262866481447407,-0.5625085278556425,3.7841509898355503,1000,1.360992576647499,2.928065441814726,21.873088451336187,0.9367685418121383,-0.11828217372428572,3.2785035055030995,-0.475073765304292,3.19705891859929,1000
284,5.509091729647995,1.4363201832432269,8.096560079911926,1.3533729422079879,1.499129046646263,6.261044936914442,2.856480762920339,8.161702696375652,1000,4.833996027601229,2.6852545141826045,0.949476257713164,1.5233216521057285,1.0258506267315104,5.804799860796881,1.848285589474001,7.819706465728457,1000
285,-0.048439078853209416,2.158630194071193,29.08576305502184,0.8578339280498726,-2.2087322978738317,0.9088817666119179,-1.7297935778309597,1.6329154201245408,1000,0.14824963719830575,1.6763434612369963,38.91992562008009,0.7358646445514575,-1.921421601609103,0.8540144434311123,-1.2940450661225509,1.5905443405191624,1000
286,3.449986628676755,2.0610250872113878,47.750946212190506,0.9037301420574801,1.1072841841080259,4.191547848981248,1.678675550244094,5.221297707109416,1000,2.877251855531876,3.881489117041701,18.598415296196062,0.7623205087275692,0.8290508331505235,3.744862812653984,1.3831036584258403,4.371400052637911,1000
287,1.2921527807086213,5.639771559103777,10.600476033798182,0.7284690498155472,-0.4180331054714491,2.625858669402411,-0.13564655692985106,2.7199521183470936,1000,0.9859771334332859,5.864477971878838,8.930628390174524,0.8238512641392597,-0.9706416565063761,2.507978078133582,-0.6287713442796632,2.6007256111462347,1000
288,0.6565970630606577,2.7137305781038594,9.907335392057952,1.5025517460897266,-1.134391164353053,4.013993889209107,-2.2884043592752064,3.6015984853965217,1000,0.020511838477248467,1.7404447491083332,12.76522580202167,1.6783842387353212,-1.4209118560290213,4.178868544500054,-3.269121269443981,3.310144946398478,1000
289,2.977086908053541,1.442054348431473,25.327970484513926,0.5388990360380229,1.5079137299944287,3.500575227580326,1.9208447974190161,4.033329018688066,1000,2.99137797257153,1.5408943304665783,12.86109314590164,1.0474802919856234,-0.04487838624169876,3.544620562310766,0.9383166002797081,5.044439344863352,1000
290,2.0555189072454656,2.9549223625080563,11.16864349761183,0.6134337174372277,0.3605187669519655,2.853173533381478,0.8531888210684992,3.257848993422432,1000,1.6174382654626192,3.7259492286757045,2.763833654355976,0.7127738280075505,0.12020777106036461,2.7328743136110956,0.22040156256782018,3.014474968357418,1000
291,2.1964770096052773,1.1529989466302595,249.00146724227343,0.6073751569586306,0.442380438734143,2.8491345748197165,1.0060217019663613,3.3869323172441934,1000,1.316332424326561,3.8876582215345405,11.669773573016482,0.7748172738129242,0.14429120460367229,2.9997673356815167,-0.20230943234677046,2.8349742809998926,1000
292,1.7212155372335713,2.387228947929134,22.30229046944697,0.8105737130465996,0.8934710125577084,3.910552798351003,0.13249105966223618,3.3099400148049067,1000,1.8400384212894858,3.1034378556852413,13.040342092532471,0.9040357391006071,0.2932818913924969,3.9162328514226705,0.06812837265229588,3.6119484699266757,1000
293,0.287872845112491,1.0604899470072802,213.85876275295402,1.3865762554901395,-0.20742671927012535,3.9575986824689937,-2.429816615648182,3.0055623058731644,1000,0.4832773170757134,1.2261169868050512,26.872228932515213,1.0961043467830847,-0.26563959803268294,3.783599227515229,-1.6650872026191323,2.631641836770559,1000
294,2.318057149747684,2.692207417123964,18.670396437999344,0.4104543240848367,1.449035983453276,3.0003944627736683,1.513566674541404,3.122547624953964,1000,2.2905582640404782,3.439945841145552,9.91472264541211,0.45378620526408914,1.2653828415463242,3.0423428800417294,1.4011373017228634,3.179979226358093,1000
295,1.1851168641563006,1.5576132742306292,24.546477920903943,0.5055518033769756,0.1869558322253678,2.3030683032083843,0.1942353295374285,2.1759983987751728,1000,1.4168945906959112,1.9819320815619257,7.137060904943727,0.667223488120362,0.3242109104240246,3.034657385947456,0.10913655398000155,2.724652627411821,1000
296,1.235218934423289,2.7049454850914003,51.444634851165176,0.830711246288493,-0.1687386636982364,3.80012689982267,-0.3929751083021573,2.863412977148735,1000,1.078182018097917,4.247365442808324,17.222013071136697,0.8340747960588673,-0.2401175074771693,3.5053218105667114,-0.5566045821774628,2.7129686183732966,1000
297,1.0826380596463816,1.2343851600652178,60.573995044288324,0.6781619529598281,-0.8581464342186749,1.7041209801176807,-0.24655936815488144,2.411835487447645,1000,1.100913086574376,1.2168393686072463,34.86768024179752,0.7122516887389332,-1.1004335693397092,1.8085554602674156,-0.29510022335393304,2.496926396502685,1000
298,2.058905541882738,4.86831328360881,4.230072639995206,0.687742301303562,0.9700028266239806,3.255768270576919,0.7109306313277566,3.4068804524377194,1000,2.8385572478734504,3.692733782749721,2.942850461224895,1.4213364592086086,-1.2866747050215264,4.486837119052673,0.05273778782457761,5.624376707922323,1000
299,1.2105705105905131,2.4194646839249287,13.22127204827082,0.5055388961053426,0.5435731424707261,2.495325358573759,0.21971427422404155,2.201426746956985,1000,1.233164970448393,2.8319003312017927,11.05268458653678,0.5202969867411791,0.45013262375940905,2.452158560404404,0.213382876435682,2.252947064461104,1000
300,1.8992479624059917,3.001808136724492,3.685331163153745,1.0230613939519047,0.04663777633000551,3.8217498719966874,-0.10595236973974131,3.9044482945517247,1000,2.095186530266242,3.3153193076121488,2.834660502385079,1.251286473836342,-0.16270455490257846,4.05382325859767,-0.35733495845298835,4.547708018985473,1000
301,0.438346639779454,2.790931400831923,21.83608438654548,0.5889502746276875,-0.3400414588298257,1.7998510662079172,-0.7159958984908135,1.5926891780497214,1000,0.527264834458395,3.295205508520684,14.258980504022146,0.5438743697736466,-0.23903257313926227,1.7728579442764858,-0.5387289302979523,1.5932585992147423,1000
302,2.0119304573458354,1.7774925817060485,52.9029859301365,0.9189160561408216,-0.22086636459618347,2.8997801286897196,0.2108549873098251,3.8130059273818455,1000,1.689320574938897,2.919863184019079,13.503995816086332,0.7908201246333494,-0.18969619286205164,2.7699073197229516,0.13931313065753237,3.239328019220262,1000
303,2.874026843069926,2.917408793202394,9.880321618781398,0.42546140454224474,1.8803769184439454,3.47171291164822,2.0401224901671267,3.7079311959727255,1000,2.7343405839272688,3.2264051025206024,5.761544229065647,0.6192210094490759,0.7260978509805976,3.4488927783737906,1.5206674054070801,3.9480137624474576,1000
304,2.5541634714323513,1.2889765818269583,68.82432963898201,0.4724270808001067,1.6240621816032197,3.5573011831191486,1.6282063930641422,3.4801205498005605,1000,2.566249841967367,2.116270432119369,20.7660710608321,0.7581980020087904,0.3876444072568601,3.779703820053664,1.0801817580301378,4.052317925904596,1000
305,2.742404923991501,1.1393913038772574,194.00098301751513,0.8238879330791142,0.3263814635800468,3.895015713248549,1.1275845751564373,4.357225272826565,1000,2.640346699985285,3.269104220455859,6.440343124967436,1.2044783160266748,-0.45773534432935603,4.036263321097257,0.2795692005730026,5.001124199397568,1000
306,0.9850600862895935,1.6499220903038965,57.9427658678809,0.37501266910126474,0.3985357660106346,1.8742165267419146,0.25003525485111466,1.7200849177280724,1000,1.0413271731239353,2.4392054946230295,20.386272625622553,0.36908108027183706,0.39064897809794313,1.8139022864558487,0.3179282557911347,1.764726090456736,1000
307,2.086024714901492,4.586184362134777,5.5243085811622965,0.41634818410351165,1.355590166465467,2.96721394649148,1.269982274058609,2.9020671557443745,1000,2.0610484030371445,6.320932919299113,2.619123667755024,0.5134185782603876,0.9462382080913814,2.996633251989511,1.0547479896467848,3.0673488164275042,1000
308,1.3519365227875422,2.049178701503653,20.276121676946637,0.5804041787817278,0.4451823038597556,2.711056114640519,0.21434433237535577,2.4895287131997286,1000,1.6189756861550035,3.7631422202412086,7.667957127011274,0.6788597569983578,0.14810820208740794,2.849453916649093,0.2884105624382223,2.9495408098717846,1000
309,1.942387632285293,2.6284655286941994,24.957642244112854,0.5643356546852536,0.5181269070622615,2.7382871007313025,0.8362897491021961,3.04848551546839,1000,0.9202054370813813,4.831377566967571,9.09407158618133,1.0188041294970063,-0.6580635383292079,3.183185935038333,-1.076650656732751,2.9170615308955137,1000
310,2.7424324653469663,6.49015914303644,7.02396665400009,0.6214699857142081,1.6421346444357627,4.176485950460812,1.5243512933471184,3.960513637346814,1000,2.689932917030709,7.0883956879047325,5.978983726018194,0.5813222054794773,1.5951725980448426,3.9103995436295835,1.5505413942909334,3.8293244397704846,1000
311,2.4166505189272725,4.0624805256949825,11.632012901912766,0.8732820597830351,0.5227584042128308,4.260655621050316,0.7050176817525238,4.128283356102021,1000,1.8331064438811402,5.526150593828386,5.791543626827416,0.8748158549854055,-0.014602178902147494,3.581676987276101,0.11846736810974545,3.547745519652535,1000
312,3.217371336758942,1.664056361184244,31.546917336226166,1.206117602955654,0.45089880738530586,5.864666052935433,0.8533808349658605,5.581361838552024,1000,2.700467000800942,2.5567300408355194,7.218159685140502,1.2775699729631917,0.214052085262466,5.475231716344353,0.1964298537930862,5.204504147808798,1000
313,0.3976062198748338,1.280518052109055,30.36475370488401,0.49163135166556415,-0.500120589257885,1.3815250878469807,-0.565991229389672,1.3612036691393397,1000,0.3633069491501566,1.388100679456182,16.109896086271743,0.5160376648172723,-0.6005408161177457,1.449168336090551,-0.6481268738916972,1.3747407721920104,1000
314,-0.844617780640347,1.5478547129988498,11.614568511523425,0.7636795458760769,-1.2728086632532796,1.3025593800122581,-2.3414296905574576,0.6521941292767637,1000,-1.1184428686792804,1.3067109260504506,11.089138834382531,0.858276353746619,-1.5362648822727367,1.2776602231832608,-2.800664522022654,0.5637787846640929,1000
315,0.33764828940473857,2.068418802996972,43.78676576774657,1.3671825523052086,-1.006829863982561,3.392915148499794,-2.34202951311347,3.017326091922947,1000,0.3085897767893304,2.1123096422047998,39.13516320211837,1.1820130414623191,-0.6851412201661284,3.340035725682509,-2.0081557844768154,2.625335338055476,1000
316,1.4255893607362113,2.9186918506440303,5.5731016252867835,0.9156623352881343,-0.11122065754540437,3.0592881141658004,-0.3691088164285319,3.220287537900955,1000,1.2279198133734714,2.3987355099979837,5.323504509712043,0.9594277664648583,-0.31566067350195004,3.073060591761173,-0.6525586088976507,3.108398235644594,1000
317,1.838622442385776,1.032985719256827,469.6646151685856,0.42306425882452015,0.9245344918015675,2.5373601901442955,1.0094164950897166,2.6678283896818353,1000,1.8589609327169199,2.2036755008111912,17.437360873522003,0.5075674868077087,0.294874574988427,2.5394235317797147,0.8641286585738108,2.853793206860029,1000
318,1.7430179795307297,3.036558677803608,32.65467846004416,0.5426409328661459,1.0072353930617572,3.3664756481000455,0.6794417511130837,2.8065942079483754,1000,1.8380169411587608,2.8701058616857313,37.355804454268686,0.5848211882499028,0.2492702221647451,2.8430296716180155,0.6917674121889512,2.9842664701285706,1000
319,0.10701618003791857,3.2898184418010743,8.145111578188349,1.2237407678721532,-1.3568635225176218,3.466481423240448,-2.291515724991502,2.505548085067339,1000,1.1263342494306767,4.335423751101191,5.0034647842567646,1.3808300804832794,-1.1175456200035374,4.1093741831263255,-1.580092708316551,3.8327612071779047,1000
320,0.9677600029943163,2.5471116307416053,14.313087895130733,0.9438672908674811,-0.4874012463365821,2.8156110917958888,-0.8822198871059466,2.817739893094579,1000,1.0144761134232025,2.7437750885467387,10.024466336064197,0.9303106798637795,-0.5685938555639638,2.686773719032814,-0.8089328191098051,2.8378850459562104,1000
321,2.769201701524869,1.865827155980983,10.35645198700137,0.989118411822167,0.17276659685814574,3.6940000656803407,0.8305296143534218,4.7078737886963165,1000,3.12958179165709,1.252035145749699,8.155693320718973,1.3438288929048117,-0.4313163742455609,3.736686684843596,0.49567716156365904,5.763486421750521,1000
322,2.677764186718586,1.660159650471293,6.574836852047811,0.9610498144379118,0.18857707786863717,3.2839117011650716,0.7941065504202791,4.561421823016893,1000,2.90891757475165,1.4337261303120132,5.327650141246967,1.0154148633502063,0.18439778921884092,3.403550968232755,0.9187044425852458,4.899130706918054,1000
323,0.14269176431184905,2.1513052784682034,26.867158661535754,0.4436400033902841,-0.3590100227440236,1.428916362214075,-0.7268426423331078,1.012226170956806,1000,0.09700132939694317,2.251642045281799,22.235224669135203,0.3914528649199529,-0.39954701518340097,1.1813159017183203,-0.6702462858461645,0.8642489446400509,1000
324,1.2717456436485297,1.1826047406303275,293.3918318314887,1.0960411491730535,0.6414547570733357,4.270194370931187,-0.8764950087306551,3.4199862960277145,1000,2.355889153005822,3.305675598409284,15.596135910413329,0.640653722457647,1.1925039617917852,3.774488181002515,1.100207856988834,3.6115704490228104,1000
325,0.4099260531768243,1.869093690931687,42.72353964777169,1.7263672314708973,-0.6389191267512182,4.961541793631832,-2.9737537205061346,3.793605826859783,1000,0.8700616831015378,2.2849552320098736,21.008660790734996,1.4592575780533397,-0.45412543019708657,4.842495935653636,-1.990083169883008,3.7302065360860834,1000
326,1.8093779718608025,4.538602222969723,10.36061772881317,0.8247461624044576,0.4029341448621677,3.7037630025717916,0.19287549354806566,3.4258804501735396,1000,1.7250262345303495,4.43603251914717,10.378281141940198,0.9036219941698567,0.2064306090936461,3.728805872324943,-0.046072874042569545,3.4961253431032686,1000
327,2.8437517776699592,3.4988917924456286,21.649569928208294,0.6986196791292442,0.7728352406073258,3.8882306393830164,1.4744572065766406,4.213046348763278,1000,2.620651234634522,2.591421695289215,25.057319741207536,0.7173233415535492,0.6189170372977448,3.4646557257984174,1.2146974851895658,4.026604984079478,1000
328,3.0036558885518367,1.5568345539345894,88.69205885702746,0.8626444828336078,0.81819493195022,3.5570618828181564,1.3128727021979654,4.694439074905708,1000,2.1197372206725813,3.2812654407803423,16.792288894578036,0.6332900274212866,0.601873157719184,3.0928962261040542,0.8784887669268595,3.360985674418303,1000
329,1.1234073708836427,2.8765319819516852,12.67093438061698,0.8838793847327142,-0.8637732063107119,2.6687623172371695,-0.608996223192477,2.8558109649597627,1000,1.2868021706436357,2.2755038423645404,13.451657784372827,1.138257235602217,-1.8755933627469454,2.4133871790259076,-0.9441820111367096,3.5177863524239807,1000
330,0.4845134904702264,3.729605643231744,29.032070514849373,0.7514704796685273,-0.7132926337699199,2.3182132204412005,-0.9883686496800872,1.95739563062054,1000,-0.045751961251069506,3.2832438888632103,25.091022398429505,0.9701181996654724,-0.9625228297383891,2.3587170579753973,-1.9471836325953955,1.8556797100932565,1000
331,0.6811686388944602,3.724604485621721,18.270731279161332,0.9118035912288073,-0.8603873635400826,2.489502997947568,-1.105966399914002,2.4683036777029224,1000,1.0997351308998475,4.339640144164809,12.780982142338178,0.873855274971403,-0.7099426839508457,2.6438074656219483,-0.6130212080441024,2.8124914698437973,1000
332,1.831762664696246,1.3102230123159637,12.880943711835114,1.1720480981182813,-2.139782101993863,3.1827186816994426,-0.46545160761558524,4.128976937008077,1000,1.58447799957611,1.1360325859589526,12.153519186332241,1.3464029380928186,-2.8468637580713234,2.341278424531201,-1.0544717590858146,4.223427758238035,1000
333,3.144592045412767,2.0084779648064397,6.402809179414599,1.7690052149452482,-1.0164485032033435,4.788178813486851,-0.3226581758799192,6.6118422667054535,1000,2.9204278472636105,2.4452656576500855,4.338847862279317,1.9353381665508531,-1.6465486137042429,4.62858925251099,-0.8728349591760614,6.713690653703282,1000
334,-0.08491209006228395,1.10454912364037,122.6727486519208,1.054032412545847,-0.5692973261533993,2.7128800912523614,-2.150815618652144,1.980991438527576,1000,-0.051705830587977175,1.2139450907270233,28.567565802662156,0.8225501345500145,-0.6252905505964342,2.455973058953478,-1.6639040943060055,1.5604924331300511,1000
335,2.160273992679543,3.8237105697348057,9.367292107769494,0.8537149104902927,-0.08158296951122564,3.444900460376501,0.4869927681185695,3.8335552172405167,1000,1.5575121389167015,4.414458632031057,3.83517989159485,0.8827830343716159,-0.16360872309783445,3.283287064274644,-0.17274260845166567,3.287766886285069,1000
336,1.123941237093927,2.02307578322711,120.83569159320623,0.4406299337353227,0.1735856290428975,1.9825131718066873,0.2603065669726945,1.9875759072151595,1000,0.8586971335881575,2.9478587348333583,22.372966068577824,0.5068147836598933,0.19274028302348092,2.3849524363194576,-0.13465984238523343,1.8520541095615484,1000
337,1.8979135857099472,2.3293996187869332,21.755722660890243,1.0627029998291244,-0.2503006323619812,3.3564156413615227,-0.1849842939551367,3.980811465375031,1000,2.1924481905009987,2.0001629731712884,25.32692470797191,1.0847562429392594,-0.17409721234528647,3.3870786720643573,0.06632595434005006,4.318570426661948,1000
338,2.356593488381749,3.57565372340383,10.533382751098635,0.4299525138657127,1.384730218531833,3.099919855905847,1.5138865612049521,3.199300415558546,1000,2.3713289705673484,4.458941288453079,3.7047912531438976,0.5817374847151516,0.5332237239379504,3.171887938619101,1.2311235005256511,3.5115344406090454,1000
339,1.1117302593802265,1.7535485820984322,31.987812821873202,0.9701913624447668,-1.2121107551658126,2.440525078325159,-0.7898448110115164,3.0133053297719696,1000,1.089216674550141,1.805781718651984,31.586923885463385,1.0023837082993374,-1.419072831536135,2.3209158076167777,-0.8754553937165603,3.0538887428168424,1000
340,0.5426741146197906,1.5761009740664627,56.07554413494877,0.5873656410218205,-0.3126319567453436,2.2568619288928558,-0.6085625417829776,1.693910771022559,1000,0.4992313260544814,1.6798268120389674,50.29546494847221,0.6852792586485286,-0.45860840168939704,2.477359057958036,-0.8439160208966345,1.8423786730055973,1000
341,1.8262068341869138,5.308254560982939,8.638147155188278,0.4738138598714427,0.8696398613416746,2.740075291082442,0.8975316688388861,2.754881999534941,1000,1.6867690379440607,4.495340281606493,12.624806901409157,0.5174364166156424,0.7078116246224891,2.829208865978589,0.6725936613774015,2.7009444145107198,1000
342,-0.3269163890285156,1.0028021016799231,1432.5394830788425,1.5250586210989052,-0.8856685966392162,4.02245523966745,-3.31603128638237,2.6621985083253383,1000,-0.2717071077235682,1.0434162178413495,45.25504908876707,1.0643199486294566,-0.9058159793484062,2.8978199172207746,-2.357774207037303,1.8143599915901667,1000
343,1.2037288954871643,2.0825040915548994,14.806624359814771,0.9203127310583656,0.3263146305828079,3.599724561540311,-0.6000840573872324,3.0075418483615612,1000,1.3087212787054814,2.575437652338484,8.433707458169488,0.9600509979351624,0.055087724996364835,3.5160243980937387,-0.5729786772474368,3.1904212346583996,1000
344,2.6041972079028386,1.2740976916141609,33.79873135482414,0.6545379820269684,0.7390884968071977,3.3606065695780774,1.3213027631299805,3.8870916526756965,1000,2.5568995815430897,2.169082734459472,6.700859439389355,0.7958361113220488,0.32425933904921483,3.363108628960996,0.9970608033518742,4.116738359734305,1000
345,-0.760488671045608,1.0515379703437906,312.0274494097895,1.5523371971608417,-1.3168046939072156,3.5181107748380964,-3.8030695774808576,2.2820922353896416,1000,-0.0020247775011190683,1.894071951804053,23.433410198607305,1.1217128595350598,-0.9758879156357794,2.7392249912347895,-2.2005819821898362,2.196532427187598,1000
346,0.6577650110329536,1.1649279096074783,113.95426752952541,0.7700584186743926,0.21335305595019022,2.6693031258959508,-0.851549489568856,2.167079511634763,1000,0.7903169962722769,1.3798906101997184,62.369087155534324,0.7473717887623702,-0.08176669911242512,2.6819416697336504,-0.6745317097019687,2.2551657022465226,1000
347,2.0455180997474636,1.0137996610313809,718.9009494225011,0.6259819145084146,0.4479744625926,3.177666051788484,0.8185935473109711,3.272442652183956,1000,2.14688305780432,1.8370774478837684,16.868322027424988,0.6993034309412233,0.12398692247015906,3.05477996793427,0.7762483331595222,3.5175177824491177,1000
348,0.059532345793617214,1.8112595462016154,19.41654771481209,0.5164106277890238,-0.5543760939710047,1.4761177481979832,-0.9526324846728693,1.0716971762601037,1000,0.07898179446207765,2.0193859222434645,11.752178382415256,0.5815347916511034,-0.5607209366290489,1.6965372374423133,-1.060826397174085,1.2187899860982403,1000
349,1.2770871366051202,3.6025722243000193,7.720393519485599,0.8617854848763035,0.06254548713706388,3.474407476513311,-0.4120124137524346,2.9661866869626747,1000,1.7299070326717698,3.682896148470367,5.564136618408972,0.9399454053118214,-0.07135910872641758,3.571354324297594,-0.11238596173940008,3.57220002708294,1000
350,1.8059059458040134,1.135645266097438,290.0014416080986,0.6178319475563673,0.16422168717932392,2.8012477701673184,0.5949553285935336,3.0168565630144935,1000,1.7165189200467466,3.7525847268191184,11.066023095897249,0.9388039782700642,-0.5049695591555077,2.9550183603487574,-0.12353687736257934,3.5565747174560727,1000
351,2.9523555200326728,3.653520159137896,3.858255699423152,1.0763273467932248,1.0151666962536596,4.824341539448322,0.8427539203179522,5.061957119747394,1000,4.086780899548945,2.893042389626007,2.9932531663685977,1.6257990002486378,0.002159702752424764,5.185193996848836,0.9002148590616148,7.273346940036275,1000
352,3.719948835300527,1.2653028935741282,130.33670692563166,0.6822377638145184,2.0309999227805444,4.125298618732679,2.382762818224071,5.057134852376983,1000,2.7436717556854493,2.385572172555707,16.299879070078738,0.7194814842280697,-0.24880504279160945,3.2326346893587363,1.3334880465984327,4.153855464772466,1000
353,2.3390105431485724,1.5353288239604992,35.05827895199553,1.8458330823483968,-1.7795533961816559,3.460037227928508,-1.2788222982542852,5.95684338455143,1000,1.5684663254586586,2.1860027257860053,10.937171996769662,1.6213919013192004,-1.7733445777717511,3.3395933692170408,-1.6094618011269741,4.746394452044291,1000
354,2.207906790083712,1.9977581892072724,2.7417368864951213,1.395350960400647,-0.3598773975112462,3.949502408716653,-0.5269810923015563,4.942794672468981,1000,2.178267998737385,2.013295483639447,2.3108591900103845,1.4122168472484236,-0.7171935855811119,3.667691883030962,-0.5896770218695249,4.946213019344295,1000
355,2.3783096480290116,1.5341530092779325,168.84929206190282,1.0205319860276145,0.48295331327779234,5.3939838940221545,0.3780669554148872,4.378552340643136,1000,3.0090175828777355,2.473517401468094,10.413293742822654,1.3121288063588161,-0.12073664797166037,5.175082072956448,0.4372451224144558,5.580790043341015,1000
356,0.2867174416898304,1.1847408991498798,303.4994612953365,0.6941657950626391,-0.1358533153471352,2.218557768329209,-1.0738475166329422,1.647282400012603,1000,1.5643448277739882,5.1668358296219505,11.466260741362635,0.5847262235352353,0.2595781488052796,2.7402538275949655,0.4182814296449271,2.7104082259030493,1000
357,2.9567291541106453,2.3534815690709534,13.444540233415614,1.0340186405212544,0.40190716199143994,4.427549468073012,0.9300526186889866,4.9834056895323045,1000,3.650737684729741,1.7349341000923828,16.494104118579987,1.3550217947602907,0.0033591979472419684,4.694351755489272,0.994894966999571,6.306580402459911,1000
358,1.645669610947368,4.137121789711215,17.9568194773385,0.45705663065667934,0.6217673208386696,2.463395293436582,0.7498386148602766,2.5415006070344597,1000,1.4726000594046396,5.147350736285318,9.878426701085656,0.5119992417298733,0.5869735548595704,2.6627266219508443,0.46908154561408777,2.4761185731951914,1000
359,2.553746020122636,2.397294101552261,14.26667075193807,0.4478446133721791,1.5741119429904284,3.2364119330438927,1.6759705779131648,3.431521462332107,1000,2.525784833658442,2.4722046259593453,11.441967643015953,0.4850192884514792,1.3468166882159889,3.230937668502269,1.575147028293543,3.4764226390233413,1000
360,1.1991349914462253,3.3324640851859035,6.1832162168783835,0.42465861469075866,0.3509720602014724,1.9851767306540324,0.3668041066523383,2.0314658762401123,1000,1.2887964835946844,3.3462839199926897,5.62245606919471,0.5369176566555849,-0.20551538290677085,2.0788946958016634,0.2364378765497379,2.3411550906396306,1000
361,1.431533245675186,3.8973713923572424,24.927905115175882,0.44572628637344514,0.6889207139073686,2.3891038380733054,0.5579097243832335,2.3051567669671384,1000,1.1042644015587375,5.730583724832096,12.439482329142923,0.6094778917719958,0.26825527445131037,2.5596816770775463,-0.09031226631437428,2.298841069431849,1000
362,1.4475268416201754,1.025037269778873,276.26803250976894,0.8069067125317775,0.7182524032817447,3.4192043848825953,-0.13401031494210836,3.029063998182459,1000,1.4415643114413186,1.0130995747990266,45.59937008871948,0.9846718354797077,-1.2580657803292816,2.3089161192381753,-0.4883924860989084,3.3715211089815456,1000
363,2.3082805839182523,1.1573320785543366,16.852261153118366,0.7863168145505743,0.3725802196404031,3.627950846625618,0.7670996273991266,3.849461540437378,1000,2.2754709614711954,1.1786252474629257,9.769873608509045,1.0532523283160313,-0.5418123459608528,3.2215173867648015,0.21109639797177415,4.339845524970617,1000
364,2.877193888174112,2.5406854914027885,24.948726078054076,0.36284953595054187,2.2029406862523215,3.519479191353997,2.1660087977110503,3.588378978637174,1000,2.8201844781657615,2.4332840883869884,11.573330566004403,0.5253168612466672,1.0380926280987535,3.4798004833090816,1.7905634301222937,3.849805526209229,1000
365,1.6151565772126222,3.761057374163171,13.501947017702175,0.5981617729118093,0.4410945523896666,2.634642864226673,0.442759502305476,2.7875536521197684,1000,1.3516627871763356,3.9310541024846377,12.524513842534876,0.7984866711033133,-0.975829316134707,2.6248587833353616,-0.21337108818615835,2.9166966625388295,1000
366,2.3268498407509437,1.7445567415572067,82.47292547959198,0.5571015379120228,1.5905250231467853,4.055652659010195,1.2349308264433791,3.4187688550585085,1000,2.3608970182436018,1.8619701061246443,29.723980038726587,0.6265196185514442,0.5202316876691685,3.4952433298011933,1.1329185658827712,3.5888754706044326,1000
367,0.4232486525346588,2.2427887217717752,15.666975656821595,1.169193051394617,-0.5672920889954464,2.9384207979796226,-1.8683697281987905,2.714867033268108,1000,0.1942623112347448,1.9032804210693104,17.538467268395753,1.1317942699549355,-0.6678270671731352,2.797157097873155,-2.024054457876929,2.4125790803464184,1000
368,1.796542586795002,3.4426909257795546,2.6219180200894314,1.5702264363824092,-1.7361668940260933,3.8379589997653536,-1.2811012285145198,4.874186402104524,1000,2.1700889537014025,2.3010031780740454,1.8722304787832147,1.7976080968437136,-2.2222005344563813,3.7650265373132674,-1.353222916112276,5.693400823515081,1000
369,2.3058160699103754,5.233961331675569,8.09750383320105,0.39867404850103944,1.4842674168787686,3.026504561482481,1.524414934848338,3.0872172049724127,1000,2.1587967603060214,6.409776270487679,3.113084819546478,0.6189445113503929,0.6346645472933912,3.2198370465795687,0.9456655180592515,3.3719280025527913,1000
370,1.1301605825698056,3.7100789590440137,7.559938602022242,1.0071625295599178,-0.4536033339475608,3.0774522810221963,-0.8438779753676333,3.1041991405072444,1000,1.0936910091189356,3.8232322717286267,5.6134281015939544,1.0539680187525,-0.5013847453454653,3.239440095882747,-0.9720863076359643,3.1594683258738354,1000
371,0.9383154830812415,3.3306348993690795,16.40652119091425,0.9196938506989824,-0.641572443402718,2.6497792989656728,-0.8642844642887639,2.740915430451247,1000,0.4598732960408838,3.043875267354815,17.12528297204631,0.8340075689889648,-0.6099367275774878,2.8063358379536156,-1.1747815391774872,2.0945281312592545,1000
372,1.8065748702230449,2.703772073215846,32.080939169356526,0.6009490821708356,0.4843216846367503,2.781576236978099,0.6287146691682071,2.9844350712778827,1000,1.7081299920581927,3.7802180103068093,15.578310423800342,0.6208471681930212,0.44697745096943137,2.7843850339117306,0.4912695423998712,2.9249904417165142,1000
373,1.3635549331358083,2.5096470083611178,19.213340913039424,0.4642741963197478,0.5843462968091786,2.349156965146538,0.4535775083491026,2.273532357922514,1000,1.3024458110163333,2.9081051819906367,10.501879005350023,0.4857284686453771,0.5558812368722954,2.4102841798275074,0.35041801247139415,2.2544736095612725,1000
374,1.4624384538183663,6.971592627369529,3.957046608191178,0.3883964859192545,0.8321782323402027,2.4487923171955237,0.7011813414166275,2.2236955662201052,1000,1.3235861029895954,5.920930464308309,3.9863304872786927,0.43669034133376067,0.6237513256708516,2.420689642105968,0.4676730339754246,2.179499172003766,1000
375,0.6331478737173943,3.762900597320693,7.93135909397733,0.829759618277408,-1.4949269641401428,2.0416273304872288,-0.9931809781063252,2.2594767255411137,1000,0.17726501794811478,3.7094873110598305,6.416172019979504,0.8601475024121095,-1.71976765101134,1.7878122416622864,-1.5086240867796197,1.8631541226758492,1000
376,2.232096849169734,1.6609585376978955,62.15647741782597,0.3730723973384062,1.6115370076234659,3.1846867364982105,1.5008749503864578,2.96331874795301,1000,2.326581979092836,4.602134889900313,8.819711797875122,0.504408208851306,1.4538917629056476,3.4520260515077053,1.3379418897442763,3.315222068441396,1000
377,0.13428702421791838,1.178665787352619,177.26929269590593,1.0970110457255626,-2.2579652872823215,1.9461735282955515,-2.0158546254041845,2.2844286738400212,1000,-0.5417605067681808,2.0044648014479156,46.88570639714156,0.9896661373867293,-2.2169395740766866,1.6176982050635875,-2.4815061360461703,1.3979851225098086,1000
378,0.27276291747287784,2.3761068636392664,20.491225878180952,0.43093238284025503,-0.3848531994675809,1.3460247594147812,-0.571864552894022,1.1173903878397777,1000,0.3315594004282474,2.7078778837491093,16.29789647492183,0.4350851559550297,-0.37706543154183364,1.3560942727693832,-0.5212075052436108,1.1843263061001057,1000
379,1.6540602465734744,1.10362865060979,44.079655513649385,0.5645312165381683,0.5881167571857606,2.9858384232844495,0.5475790621586645,2.760541430988284,1000,1.6524720785098836,1.1649186766273405,26.27998425936642,0.6318864576280034,0.3862642853357769,3.074093389404409,0.413974621558997,2.89096953546077,1000
380,0.23714038205030574,1.8175410247073922,33.67877478133114,0.5733396833366773,-0.3563207305839336,1.87324249537341,-0.8866053972895818,1.3608861613901932,1000,0.33174644535071085,2.1776135276846644,14.941647483029444,0.6158375444679419,-0.31750269761662636,1.945341327344075,-0.8752951418064554,1.538788032507877,1000
381,1.6529377099163785,1.3217598430068922,79.96926560165576,1.0644532850621953,-1.176958267867154,2.433647844384346,-0.4333907288055243,3.739266148638281,1000,1.547301917153395,1.5279490645457505,18.117938409812943,0.9957609560302075,-0.9108622528102932,2.4323473326498024,-0.4043895566658118,3.498993390972602,1000
382,1.2377445958983448,2.5981729897226082,3.202884251166477,1.6124336379851767,0.1752967591763842,5.2058315007636065,-1.9226253345526014,4.398114526349291,1000,1.9914258106412865,2.8648789139156428,0.006055206173362679,1.2980462489530795,-0.22712220904619007,4.5638971030627005,-0.5527448373067494,4.535596458589323,1000
383,3.5698288006569845,1.3801999172450157,57.34348615523632,0.5767317103381708,2.8936497564293644,4.985100108793785,2.43943464839417,4.700222952919799,1000,3.74791951419626,1.8940908028889005,16.235532642584975,0.703113500749942,1.777028094601232,4.94075893565636,2.3698170527263733,5.126021975666147,1000
384,1.8349746648025114,4.130631017138106,10.80992272042555,0.5866369663175888,0.27031999546654256,2.669967602500016,0.6851662108200374,2.9847831187849856,1000,0.9632067654679457,3.276299860420485,12.573636574629782,0.6929004317885662,-0.018702934660372296,2.4888191944815827,-0.394878080837644,2.3212916117735354,1000
385,2.8820745310799145,2.116144373494261,26.25157235240793,0.8403212488548255,0.5194567369485517,3.5863584660820327,1.2350448833244565,4.5291041788353725,1000,2.3648255257741133,3.2652476829052985,13.3035300184038,0.9434888840995429,-0.4520580494489883,3.2750799727250897,0.5155873129390092,4.214063738609218,1000
386,-0.6237159028188994,1.7598654566486334,47.26702919923199,1.55654074456936,-1.6669483319412584,3.0672727283246353,-3.674535762174845,2.4271039565370462,1000,0.7072209617616445,3.053450134152699,17.38681640005222,1.230610840667262,-1.5294086580959925,3.0015018848832082,-1.7047762859461888,3.119218209469478,1000
387,-2.5933185876416585,1.9516883723482223,18.13864458907092,1.4797491733750403,-3.745110858865957,1.6646293194792374,-5.493626967456738,0.3069897921734204,1000,-2.4300130682458625,2.271876916900627,12.362333772766446,1.4465425756202364,-3.7295346251072314,1.5369845110900093,-5.265236516461526,0.4052103799698008,1000
388,2.0365027795628836,1.3188702327936646,52.9174761106005,0.46297373366066974,0.9711626252759715,2.762817623751454,1.129074261587971,2.9439312975377963,1000,2.000949266182886,1.6419381296983722,21.595188802516105,0.5058420543516424,0.65217554375546,2.745366210077024,1.0094988396536668,2.992399692712105,1000
389,1.5360948054557448,3.0593820750078895,20.804124300456998,0.6036924262442671,0.25810280239135647,2.549086987291969,0.35285765001698133,2.7193319608945083,1000,1.28392728276774,2.3025702568448345,27.17163861885544,0.7817719772718934,0.0591181847320087,2.8675177945562256,-0.2483457926851711,2.8162003582206507,1000
390,1.5038640614782892,3.2877261575875925,16.761812737192678,0.36503208440437496,0.6990839654071087,2.1007726245098532,0.7884011760457144,2.219326946910864,1000,1.4626655939504,4.276510052311589,9.239135870042201,0.3636434314392906,0.6347400124430497,2.0723553840894575,0.7499244683293905,2.1754067195714097,1000
391,1.4091023450693734,4.317302219892394,10.078954702120079,1.405363944598821,-1.677273329523389,3.397989547236544,-1.3454109863443158,4.1636156764830625,1000,1.6141593513471526,3.642007415936414,11.634684896781732,1.3709291516821998,-1.3477799198537792,3.5826373013854758,-1.072861785949959,4.301180488644264,1000
392,1.6641739696129896,3.0217962704776076,5.366750780587111,0.6657592685576468,0.76012372067774,3.5259142824851346,0.3592858032400019,2.9690621359859772,1000,1.592840420892364,3.933518058329323,2.448558433093263,0.6347920837788128,0.1257151391509714,3.0089790253679247,0.348647936685891,2.8370329050988374,1000
393,1.2030820779409925,1.05307424850427,256.03564099224127,1.0446566424123171,-0.560147015787228,3.818054389001299,-0.8444449411871489,3.250609097069134,1000,1.3324967842564723,1.1639375290472844,76.81346431138455,1.2008705495047445,-0.44133241633036524,4.457026885264063,-1.021209492772827,3.686203061285772,1000
394,1.994166022610134,2.1451245959265037,23.66378630582948,0.9253554427039117,-0.4078481430631652,3.0384394690684844,0.18046935491046723,3.807862690309801,1000,1.4461324572245844,2.6539561765608677,12.520632047793546,0.9146907548623087,-0.42257719762078055,3.016815328994957,-0.34666142230554065,3.2389263367547096,1000
395,1.396321853410287,3.777431738257217,11.185615639293596,0.6589114924876006,0.44450918571062265,3.1585325498987475,0.10485532813458986,2.687788378685984,1000,1.4623921070187746,3.9720611281609464,10.629101854384555,0.7369765763262327,0.36872178412293144,3.428579617373119,0.0179180174193585,2.906866196618191,1000
396,0.8017378234034434,3.305475297037513,21.638679181983377,0.7477900824256746,-0.07401567012765797,2.556685677183213,-0.6639307381508788,2.2674063849577655,1000,1.0921815284619376,3.139313050120364,23.359619960161826,0.9197184105922454,0.0212537307069277,3.42543601536519,-0.7104665562988632,2.8948296132227385,1000
397,1.2791401049910676,1.5395047408686209,28.369445138879517,0.3782395695883068,0.6373017387084536,2.1251781981726716,0.5377905485979863,2.0204896613841488,1000,1.2649086157630838,1.202372779179378,16.26832365313899,0.6225639625532476,-0.4440935523519393,2.266121511232384,0.04468324915871835,2.485133982367449,1000
398,0.5654345294630674,2.2340396350744203,60.65794657090175,0.7106353552442355,-0.40848145565628285,2.5615450674901754,-0.8274107668156341,1.9582798257417688,1000,0.5883017431177877,2.8113194399000117,23.25570233709767,0.7621382994358691,-0.32000031572303766,2.6967071170548214,-0.9054893237765156,2.082092810012091,1000
399,3.487796217406104,4.013179284891625,7.114292326646713,1.5166947797363817,0.022784944814362,5.713568237457703,0.5150744491227961,6.460517985689412,1000,1.8562492422420327,3.7241392310930332,6.033390480162932,1.4306018037623232,-0.4069148774370419,5.061364173658179,-0.9477302931321208,4.660228777616187,1000
400,2.8862971657477625,1.120360076029209,91.50982925804317,0.9110740955402111,0.08428997730888423,3.345736539000599,1.1005919384889487,4.672002393006577,1000,0.09257500874260405,1.4784036807160763,7.9959065508406715,1.0870423340522435,-0.996190542991525,3.044773400585802,-2.038027965999793,2.223177983485001,1000
401,1.202337714212741,2.7109492027879343,23.147090992195015,0.7986106215734398,-0.5729338315295466,2.3802428876911033,-0.3629391040712009,2.7676145324966828,1000,1.4527806776373344,2.0715755187443485,33.03867527465312,0.8442025324785654,-0.6386348988263568,2.3159876843000125,-0.20185628602065364,3.1074176412953225,1000
402,2.371236174598258,3.643978757282321,16.274743528818203,1.4092594229094466,-0.14208895738329919,4.697091330709147,-0.3909122943042571,5.133384643500774,1000,1.5546367142900275,4.752222432771738,8.052705814681412,1.1292068375068784,-0.8276222529634295,4.052149855401417,-0.6586086872234542,3.767882115803509,1000
403,1.3599476637125907,5.380301025994825,10.772005828596264,0.5163887303924444,0.2982166197110267,2.2502626444559812,0.34782575214339984,2.3720695752817815,1000,1.0530851223364652,6.007124305943204,8.824656228087939,0.5618265333969308,-0.14031252983192455,2.0295303652393235,-0.048094883121519105,2.1542651277944493,1000
404,1.7714613415081535,1.1840384132989357,45.23681164191959,0.660440788290525,0.42347639389766645,3.533086671415749,0.47699739645872463,3.065925286557582,1000,1.8111630361566082,1.3730629299278838,26.996259402137717,0.7974802752317964,-0.5603762933528917,3.0834787880144106,0.24810169670228732,3.374224375610929,1000
405,-0.48381418986800595,1.586561222937968,11.8650735474424,0.7608864097091415,-1.0784368744952233,2.2929008918056764,-1.975151552897923,1.0075231731619112,1000,-0.648228882631694,1.463979848120252,12.381060841496941,0.607647511118204,-1.1857236862209444,1.677073931891682,-1.839218004423374,0.542760239159986,1000
406,1.4042904416324786,1.3462856178380138,26.250687537070995,0.8986824028863135,0.6888103549897573,4.071653850107294,-0.35712706802469585,3.165707951289653,1000,0.47339967553838735,49.99999999999998,10686474581524.463,0.9280072707188902,-0.05618255768542935,3.808700886627905,-1.3454945750706375,2.292293926147412,1000
407,1.5561006944217213,3.310853431161751,9.244931349873637,1.5569708311983022,-0.8860653165808379,4.502097866395951,-1.495562134726951,4.6077635235703935,1000,2.1841842240798197,3.592964120770312,7.6821626811492765,1.403797854002981,-0.9160694367826898,4.639490952903008,-0.5672595697660228,4.935628017925662,1000
408,1.2321179714194819,1.6148139316519003,51.97234027292836,0.39242919324510167,0.45321768547350094,1.7562884978369462,0.46295675265908265,2.001279190179881,1000,1.1380653946674262,2.249413285448899,28.640126209326613,0.5206883377874344,-0.5567376884321357,1.7582504059664787,0.11751625260405474,2.1586145367307976,1000
409,1.010484790590967,1.1274492140373424,161.61873779019754,1.087900889523671,-0.46816480247158326,4.089026889863617,-1.121800952875428,3.1427705340573624,1000,0.8828445636403148,1.4236430129555864,46.902940327857955,0.8388832766215923,-0.9212254343041802,2.874410731731097,-0.7613666585380061,2.5270557858186358,1000
410,2.400720107610964,1.8397322108379968,64.84241240466218,0.7572066901827902,0.9311548001469352,3.8009026271075,0.9165949948526952,3.8848452203692325,1000,1.8755433998928974,2.161410721980996,31.621688621895302,1.2055807261494114,0.6695337653411103,5.1222604164534475,-0.48739482335994877,4.238481623145743,1000
411,1.1136690667762046,2.173268212235822,29.97138750620142,0.45222191097034564,0.14801848314331853,1.9287463180469773,0.22731412127432715,2.000024012278082,1000,1.1933966785379053,2.5430630242432817,21.434317723626016,0.5126575513285561,-0.06128991763293256,2.0737823701111724,0.1885878779339354,2.1982054791418753,1000
412,1.4950427944604538,4.309085212379658,7.401682071940205,0.8488614575727736,-0.04356232738078085,3.0297768178483406,-0.16872566238218245,3.1588112513030904,1000,1.5939318346897928,4.01574508886737,8.529028730665896,0.8781102800840884,-0.13460293344907606,3.2074800409969035,-0.1271643142750205,3.3150279836546064,1000
413,3.3061342566579284,1.2848385387998693,34.36793752010617,1.1505428500432893,0.08484221784054453,3.9886207129439217,1.0510702705730814,5.561198242742775,1000,3.389737084212772,1.3611354443032353,24.31965736935352,1.117611936183455,-0.05484760913471994,4.080565677301544,1.1992176892932007,5.580256479132343,1000
414,1.308839362941432,1.0276322012656103,67.68369359551824,0.6969783715729496,0.10252391563166055,3.335214987289142,-0.0572382453415492,2.6749169712244134,1000,1.2948371297149555,1.0444301057516052,35.529276186258734,0.6800187685230874,-0.3244770745738327,2.53331181831106,-0.037999656590295805,2.627673916020207,1000
415,1.8110798277841615,1.6841536193512965,64.74801296188768,0.7513275469138883,0.008044285495654278,2.6590314348817654,0.33847783583294055,3.2836818197353823,1000,1.33854163063806,3.471167357026748,14.24658323921553,0.780464984402809,-0.46859918346653673,2.390915032274976,-0.1911697387914455,2.8682530000675657,1000
416,2.9982299854105507,1.691976639254124,0.012704957939291923,1.3566270322256888,0.015681072162923762,4.181924764955119,0.33924100224820064,5.6572189685729,1000,2.8306450009919413,1.77746061026189,0.0015261070362932532,1.523208095153139,-0.3497317559411625,4.069478770344516,-0.15484286550821125,5.816132867492094,1000
417,1.1159178734874962,2.002145529104303,30.116392676105654,0.8068174675822775,-1.719255173675829,1.8142815720706396,-0.4654443629737677,2.69728010994876,1000,0.9415759033683293,2.433814727050726,18.232067401981933,0.8317217769426791,-1.879234235157757,1.7384605027077957,-0.6885987794393218,2.5717505861759804,1000
418,-0.17175181582410093,2.0474787087453947,30.297847010853058,0.8610150111252273,-1.0437182745325344,2.087163861516024,-1.8593412376295464,1.5158376059813445,1000,0.6000255999437392,3.1447715783517163,10.198740454135732,0.7832406421168018,-1.028953674211476,2.0108362522533927,-0.9351260586051924,2.1351772584926705,1000
419,3.029134998544021,2.2439264421357885,37.928818677504246,0.7117509814829862,0.932687104040976,3.6816846696203913,1.634103074837368,4.424166922250674,1000,2.762326583723691,3.5369869732558312,10.509858145420925,0.6556234789781893,1.0270016736223708,3.5837318081741296,1.47730456492644,4.047348602520942,1000
420,1.703778544551674,1.3577555763167948,25.136320658761747,0.47397591682867135,0.17488665593668556,2.21198215292896,0.7747857475674782,2.63277134153587,1000,1.6549266840471628,1.5305876915054906,13.499201813782559,0.6287648788741335,-0.3074664197344723,2.157052538303855,0.4225475214538612,2.8873058466404644,1000
421,1.9031153523660138,1.7299012722854583,0.38042879105716215,0.9124269157150484,1.209599120718064,4.536198140076496,0.1147585975645189,3.6914721071675087,1000,0.5188951878838346,50.00000000000003,9.357622968840175e-14,1.4771593104200917,-0.3542645324643055,4.568744841262902,-2.3763370605395453,3.414127436307214,1000
422,1.0628887414489125,2.727399082949799,19.80191866775603,0.4643515764632396,0.36334292677243113,2.1911245653140647,0.15275965158096294,1.973017831316862,1000,1.230846879185699,1.7297978391604574,47.9596160055141,0.7402768948606289,-0.4400428129225503,2.9137492917753165,-0.22009583474113348,2.6817895931125317,1000
423,3.2577438658922837,2.751889460047173,20.290869155346037,0.6332849599917707,1.6396739967486982,4.433146336061533,2.0165053443084133,4.498982387476154,1000,3.6218703584341583,2.0792117866299744,18.0202944928511,0.9412228185066431,0.8947077540716819,4.6880350471466405,1.7770736341611377,5.466667082707179,1000
424,1.1175009820460295,1.160353137259975,148.41193722597384,0.9563210958982101,0.6201251535590641,3.7150502417801263,-0.7568883659144623,2.9918903300065214,1000,1.384143537326304,1.5899441030544605,26.29592403742835,0.8901974895575635,-0.035188976781861836,3.590007202158421,-0.3606435422065204,3.1289306168591287,1000
425,2.822044689389198,4.6340020110461815,10.236376412832607,0.8773328201868367,0.8648755397680123,4.36289699614691,1.1024723618229983,4.5416170169553975,1000,2.5989284592775412,5.274913941894759,6.921892918687228,1.0376296194227126,0.13913004366416826,4.410788518732602,0.5651744052090244,4.632682513346058,1000
426,1.5262212371892776,5.409963894295775,3.1393798094669494,0.45854577994972245,0.7812937922278491,2.598777180784125,0.6274715084878216,2.4249709658907337,1000,1.7732081713869383,5.61342212850652,2.2653523595335723,0.5748899103841787,0.5374051863456493,2.8894592128351815,0.6464239470339481,2.8999923957399285,1000
427,0.3391953106713328,1.9266314610700295,108.56104767398809,0.8581041389265375,-1.2531283044875552,2.674413907234034,-1.3426888016246805,2.021079422967346,1000,1.0215635465376733,5.1693003857350615,10.182545901207869,0.9231262459781882,-1.0559082574163743,2.637449491011062,-0.7877638955795754,2.830890988654922,1000
428,2.8614788674326883,5.789064273940326,9.625307430983815,0.6072344230385556,1.749714963862582,3.9766076277584896,1.6712993982771194,4.0516583365882575,1000,2.7542451088356694,7.765575640048133,4.045196499452775,0.5294589981716377,1.8095415709909686,3.857896682510776,1.7165054724192597,3.791984745252079,1000
429,1.7709994933602653,2.0345642953061764,20.14933496168869,1.6400021035472834,-2.9408764486657186,3.1445255899500206,-1.44340462959241,4.98540361631294,1000,1.170858267626066,2.4568851542095906,17.192762578798057,1.5453785289445494,-2.239047194030612,3.171798814493103,-1.8580836491052508,4.1998001843573824,1000
430,-0.32554303139781204,1.0207912823371112,942.5670814654793,0.6191408268066666,-0.9271468173680564,1.3176867813783297,-1.5390590519388785,0.8879729891432544,1000,0.5210268512706104,3.3404517946633017,5.1822175258271415,0.4426455492438065,-0.29181907281412706,1.4469212439507404,-0.34655842524725033,1.388612127788471,1000
431,2.7670036709033683,2.6409585917358602,43.76492182775529,0.9098580783411825,-0.23725845577988813,3.5956583899403856,0.9836818373546508,4.550325504452086,1000,2.3130694885670686,3.4882214217553433,11.609320275353237,0.9357648409894354,-0.31683999013387326,3.4959167699928333,0.47897040022777526,4.1471685769063615,1000
432,1.1610211699695385,1.1126400083396428,280.31065060247835,0.9048488527582755,-1.1313310916121004,1.8886738621399914,-0.6124825814366814,2.9345249213757585,1000,0.22317633508040213,2.3615943084941406,16.832520274513243,0.9055309574517156,-1.3269599514577648,1.6942963948553418,-1.5516643415249605,1.9980170116857647,1000
433,0.6393827420041382,1.0886329207392862,159.42216549397182,1.0895819659578674,0.027499485775532392,3.941257412732874,-1.496197911273282,2.774963395281558,1000,0.729976676306439,1.2308764992967214,32.42424186074037,0.8580161248133236,-0.955475136380714,3.12719178758046,-0.951734928327675,2.4116882809405533,1000
434,2.7410036689000608,2.1372493185838612,8.69816030558824,1.3806906401836692,-1.2003859225550817,3.8483638384784142,0.03485001414006916,5.447157323660052,1000,2.5273380406520998,1.891275559324274,10.569451332936275,2.053609710595906,-2.9922653177297054,4.10928278635018,-1.4977369921158754,6.552413073420075,1000
435,1.9141671802149525,1.7938696687592317,28.087020788590383,0.7398740605531331,-0.1161941910319577,2.524308540495462,0.4640140215308117,3.364320338899093,1000,1.7999599448396821,2.099903652356061,19.359975450740997,0.9391217557412639,-1.0297386199442222,2.64875487999093,-0.04071869641319514,3.6406385860925594,1000
436,0.6825277689604972,2.940050991561664,16.907857551733006,0.6302345922676612,-0.3575749002071727,1.9438482176577558,-0.5527320318841187,1.917787569805113,1000,0.5526744204742655,3.30813527499579,13.899196555070107,0.64471304828984,-0.444677897621584,1.864569117870632,-0.7109631541738208,1.8163119951223519,1000
437,1.0205153154180766,1.268487681401993,79.7113641286918,0.9051685182591662,0.4225272091534601,3.596645036786145,-0.753614980369889,2.7946456112060423,1000,1.24600386869474,1.6287999075489177,41.03533850016487,0.8784264614997432,0.3274508337702704,3.6292799175681596,-0.4757119958447569,2.9677197332342367,1000
438,2.96094560597614,2.2958993925544404,34.5942998101229,0.5501865142127199,1.4254042419351898,3.7627792505191473,1.882580038119209,4.039311173833071,1000,2.888635547123254,2.8452207513525294,7.697905416143884,0.7496375032909336,0.5415841972890988,3.679137470626529,1.4193460406730243,4.357925053573484,1000
439,2.303395476087907,4.039750792635214,7.296974167189858,1.0030207241454487,-0.5724763497497322,3.5672782366805156,0.3374748567628274,4.269316095412987,1000,2.29191817832945,5.776680168189762,4.34024129491305,1.0205360722640249,-0.11481626443146178,3.7958872567221325,0.29166747669196136,4.292168879966939,1000
440,3.3122410483939584,2.1252032856830496,46.57689594246022,1.0444810139749034,1.275110779948788,4.687605968106332,1.2650582610031478,5.359423835784769,1000,2.3445441431067904,1.80539986777545,26.933074013222562,1.1402927318737655,-0.46453106902004937,4.636053444056302,0.10957038863421031,4.57951789757937,1000
441,0.963553073190563,3.0589610260842752,10.422139750824332,0.6221938896150343,-0.7247358889509473,1.6968669650995045,-0.2559469504549041,2.18305309683603,1000,0.8321103383240176,2.631616081922293,3.8435203364199166,0.7735488304069723,-1.2085536027236417,1.6574211325664334,-0.6840453692736481,2.348266045921683,1000
442,1.9024952968433153,4.322493611200417,1.834828603355043,1.4752197348590574,-0.6290830649605146,4.604821737992141,-0.9889353834804373,4.793925977167068,1000,0.15436186820823838,1.6296322749064243,3.9670202930756946,1.4076334917952211,-0.7760141123565595,4.274175264733362,-2.604599775710395,2.9133235121268717,1000
443,1.14627935008235,2.775567990052335,14.053254923527675,0.5790082566421377,-0.6235355773020923,1.8599910868878673,0.01142316706376012,2.28113553310094,1000,1.2923711705269247,3.1937300278795657,8.628962629650953,0.5863832130446671,-0.4073434513031189,2.1696361282203287,0.14306007295937717,2.441682268094472,1000
444,2.960402111905569,1.01137600604678,576.3290444559563,0.8371229995633875,-0.18303651622525421,3.5200952389626767,1.3196410327613295,4.6011631910498085,1000,2.9614229601046977,1.0229050303166982,70.55679694350604,1.056803544573229,-0.886690366338867,3.505694560851574,0.890088012741169,5.032757907468227,1000
445,0.0671348505723115,3.3554729120686932,10.431283564926572,1.073485680235148,-2.1046815668779804,1.9486806936786,-2.0368970826885784,2.1711667838332014,1000,-0.4662952840098624,2.990799630596087,12.97412364843879,1.0794465979060925,-2.1953876997830575,1.8207632279241495,-2.5820106159058036,1.6494200478860788,1000
446,2.0166674681220806,2.369965416014785,60.30537855556681,0.3538760284428818,1.2819098133609792,2.630744469128873,1.3230704523740324,2.710264483870129,1000,1.9018895412301435,4.741649661940175,14.359227945171789,0.40167755340539935,1.293634726003061,2.8486609967310965,1.1146015365555608,2.6891775459047262,1000
447,2.8275458078109232,1.560257842857583,101.54142892479409,1.2454146222380948,-0.5046126575074215,3.530465196517356,0.38653314822425733,5.26855846739759,1000,0.5800724366157535,5.122795205463166,13.04437572477484,0.8535018207174114,-0.9899594243871109,2.101305569689163,-1.092791131990373,2.25293600522188,1000
448,1.8700896099518052,1.2556436822498425,60.106599926325494,0.7649586632322177,-0.6446829221508522,2.7712499993162423,0.37077063001665844,3.3694085898869517,1000,1.9211078447279886,1.2512875419224132,46.216243867097425,0.6745494765094134,0.3940636879149676,3.307617960710247,0.5989908707695382,3.243224818686439,1000
449,2.174032163674069,2.8284401249079956,33.740507326471366,0.5015635797065534,1.0157170436635203,3.1935541551625684,1.1909675474492243,3.1570967798989136,1000,2.2501209365378005,4.607279021020153,14.758617145970188,0.6017459035070277,0.7330574323812759,3.328544142495953,1.0706989656640262,3.429542907411575,1000
450,-0.20791123810466416,1.2716750707960254,54.90120182756425,1.973899362477563,-0.953094238712231,5.148500680446616,-4.076753988560688,3.6609315123513593,1000,0.028898695958263332,1.4052221180436284,39.25645922762665,1.7080366080832814,-1.0383411564778753,4.775977794783092,-3.318853055884968,3.3766504478014947,1000
451,2.612655318684967,2.107624593975957,9.626404567074307,0.9515272304258072,0.1336082144198204,3.6570260671428034,0.7476619470503849,4.477648690319549,1000,2.7322326319429044,2.095403381953572,8.733514673018854,1.1265383712654065,-0.113512867234425,3.7555645156761637,0.5242174242627078,4.940247839623101,1000
452,1.5426235539194373,1.8731730984133141,113.91565030068574,0.6601963066665483,-0.53088683607687,2.206696871591282,0.24863879285300272,2.836608314985872,1000,1.1309182029017646,3.5977041385482162,22.751479814455614,0.6317347470259127,-0.527249978378281,1.9047175727372792,-0.10728190126902426,2.3691183070725534,1000
453,1.8089787627147165,1.4685450398078208,7.963540257908079,0.646525487867365,1.0307701198555352,3.9014014433874524,0.5417888064946812,3.0761687189347517,1000,0.45377000634252096,49.99999999999998,10686474581524.463,0.8523472278201799,-0.12830836638639276,3.313555187269383,-1.2168305601850316,2.1243705728700735,1000
454,1.7657806325391174,4.294498002402932,15.400118515696404,0.512783931004873,0.70044080462155,2.6962688242385675,0.7607241277695664,2.7708371373086687,1000,1.8304647123776197,4.45559859449778,11.911674560166091,0.5112183825866516,0.7065563377680397,2.7282668435172037,0.8284766825077825,2.832452742247457,1000
455,1.7892601570104723,4.327615980297802,12.134508548406941,0.5314784570899365,0.9856092641605374,3.089074723483236,0.7475623811141967,2.830957932906748,1000,1.8252496319569527,4.128883989129799,9.759620564072561,0.6102214939169645,0.7430875933291086,3.1171919193501254,0.6292155038797023,3.021283760034203,1000
456,2.4415767833682063,2.286944703826717,27.80506450769414,0.704158460713847,0.1879293981222786,3.1534711468674748,1.0614262003690662,3.8217273663673463,1000,2.392582569009119,2.8240803662085154,18.63748935446522,0.7668499541857299,-0.06992228386947949,3.1206747737888225,0.8895566588050885,3.8956084792131493,1000
457,2.3004298416740157,2.927774689972519,3.6022661370890665,0.6492186841496677,0.4899388396836798,3.248935528696168,1.027961220740667,3.5728984626073643,1000,1.7636181859080025,3.8913728684068576,1.622893883318016,0.8109913165616915,-0.08405861395437578,2.9474232802796183,0.1740752054470871,3.353161166368918,1000
458,1.9755957363220227,1.081541872466684,285.6548338767949,0.771637732955035,1.2705695207534808,4.067783828789653,0.4631857797301542,3.488005692913891,1000,2.2482223797453016,1.903971154074885,16.141467131026214,0.7064472857773113,1.0135163708615949,3.8559412306849747,0.8635856996217715,3.6328590598688315,1000
459,1.9258537382751462,3.80503396713669,7.788599547748379,1.0851583080292577,-0.07046192672854619,4.108211844823239,-0.2010565454621991,4.052764022012491,1000,2.5766111028383634,2.7352994402187862,9.89384342048269,1.355795134494191,-0.23870185675262576,4.3800494594167,-0.08074736077025069,5.233969566446977,1000
460,2.1464647221680497,1.8635856824991752,23.663933272440566,0.8845054582522053,-0.2634244503857291,2.963071424881794,0.4128340239937274,3.8800954203423723,1000,2.003439591180434,2.1489690499949496,16.663405541778953,0.8489802736108657,-0.2449868018305976,2.8923484978018936,0.3394382549031374,3.667440927457731,1000
461,1.646466408721441,3.386833553089136,22.250063709264307,0.42740733654702795,0.7712187333428374,2.417184924580453,0.8087480290892661,2.4841847883536157,1000,1.6175558184674368,3.4050789169550635,20.83953213534479,0.49422713572463733,0.559475156684229,2.4528811972679327,0.6488706324471476,2.586241004487726,1000
462,1.4683251854245347,5.213108055954075,5.46606776383635,1.117001073679559,-0.48297475518791644,4.157222279293119,-0.720996918987401,3.6576472898364703,1000,1.601213472884724,5.1954680298167135,5.1041088840120965,1.1057687637970224,-0.7400268388127276,3.4485631913317483,-0.5660933041574399,3.7685202499268877,1000
463,1.8290714802473471,1.6283205093782747,24.338309601924948,0.5989418654253001,1.3095554622360166,3.5091039345320576,0.6551454240137589,3.0029975364809354,1000,1.8783839346313744,1.7151795644793368,22.87033567463086,0.6619406867658371,0.7814375660491737,3.516307724800322,0.5809801885703338,3.175787680692415,1000
464,2.3951709259150493,4.606717945052041,7.074277355096749,0.4647256526393319,1.3667679141248374,3.1817011500248764,1.4843086467419588,3.3060332050881396,1000,2.444482855214629,4.873651354951818,5.464276949722614,0.7509093135074739,-0.2906171092401928,3.279782653589057,0.9727006007399803,3.916265109689278,1000
465,1.557315585976245,1.3181874208067705,122.33413289789978,0.6278116629782652,0.596826795352088,3.243795860705972,0.3268047265388454,2.7878264454136445,1000,1.9288522266954558,2.9753984060279657,25.571791892039954,0.6718653142785908,0.560908639836858,3.290306532580854,0.6119962107094179,3.2457082426814936,1000
466,2.0849557408108175,1.105042618915503,287.1135076633755,0.6324879924895739,0.5457572281685173,3.048763519377339,0.8452792755312526,3.3246322060903823,1000,1.0779559144301474,2.5015655300111255,19.462905538003444,0.7656067443091701,-0.06568942087686232,2.859778338417759,-0.4226333044158259,2.578545133276121,1000
467,2.486240378062018,2.202544400772325,42.556719509370325,1.013814243355153,0.3187124817642759,3.599682168056074,0.4991644610859185,4.473316295038118,1000,1.6320806647822292,2.8167525773897366,27.752909911795143,0.9690852058963194,0.2032304187456572,3.636402517834002,-0.2673263387745568,3.5314876683390155,1000
468,1.692362069903319,5.11754108000204,16.00503892979756,0.3964057845761832,0.795181816969437,2.468830901531111,0.915406732134,2.469317407672638,1000,1.7045275211557986,6.5443015968628195,8.440225515161616,0.4148047373013731,0.7832309593008954,2.4958438690264693,0.8915102360451074,2.51754480626649,1000
469,0.873840206593081,2.497038099260822,11.635622250063319,0.7818478926172834,-0.2676390072681133,2.5080224442977483,-0.6585816629367944,2.4062620761229567,1000,0.31343206419140324,1.8053681033948508,7.056933984837741,0.8455289929796606,-0.9143867394213218,2.4000708906827315,-1.3438047620487314,1.970668890431538,1000
470,1.1938606446800577,2.640067951003972,18.018088561450018,0.6049189609961519,0.13920087269694145,2.359964784463757,0.008219481127599959,2.3795018082325154,1000,0.7701942463043236,2.2520670097386466,19.563078575429905,0.6536171585121621,-0.13042070056369515,2.3220971973757187,-0.5108953843795139,2.051283876988161,1000
471,3.6926073794431655,2.019447161809767,17.542907705303666,0.8834561135191026,1.2974646323020014,4.57489700363023,1.9610333969457245,5.424181361940606,1000,3.1840575204998656,3.363706455756638,6.094585249636194,0.9536059375336594,0.7112842355066615,4.461195222987875,1.314989882933893,5.053125158065838,1000
472,2.5704455238689263,4.3358905900631886,14.2156456650699,0.6083420018285168,1.1634495561215759,3.5021843967345867,1.3780952002850333,3.7627958474528196,1000,2.3874747017291416,6.676740152681262,7.590884159222261,0.5826323849340987,1.045518177572811,3.3343180066135174,1.245515227258308,3.529434176199975,1000
473,1.9593950224617296,2.196319254342932,19.04259124859698,0.390084848834043,1.0410943540983002,2.5821091419728366,1.1948287187470052,2.723961326176454,1000,1.9278774090023634,2.3818697478633335,14.994452719512921,0.5287126905549098,0.5624528966257822,2.6838225992814535,0.8916005355147403,2.9641542824899867,1000
474,1.6745507203663255,4.426492572517729,16.111169569051846,0.38915356656905364,0.9811516147352286,2.56258879943632,0.9118097298909803,2.4372917108416705,1000,1.3549713930930818,5.408264111975294,8.366013945007115,0.4240223274193356,0.6146228508582988,2.372243907947791,0.523887631351184,2.1860551548349796,1000
475,3.6623787735698783,1.170699315374006,116.27948426810148,0.5753056062354913,2.3350248438039185,4.544639919206103,2.5347797853483156,4.789977761791441,1000,4.347008169323458,1.6471081698649261,11.61647409887663,0.9903351774461859,0.6540900326377769,4.951819598766176,2.405951221528934,6.288065117117982,1000
476,0.016192984839856983,1.231169366583188,86.97372333860623,1.3102555741064945,-0.521561604075337,3.4462737327471813,-2.551907940408872,2.584293910088586,1000,0.46903899090461265,1.6413425780664324,39.3592238468308,1.1910967970124737,-0.4534117378912809,3.4296661028431816,-1.865510731239836,2.803588713049061,1000
477,2.293252860657862,3.0632174133843035,4.442260190650088,0.6592881424483406,1.2571278161063917,3.427378471748847,1.0010481014591146,3.5854576198566095,1000,2.702639783178809,4.079716667545384,1.8841928916298374,0.8344920739139771,0.12488752476058831,3.608574521078665,1.067035318307414,4.338244248050204,1000
478,1.8912630555443872,5.354966451075328,1.7238462943170805,0.8245854334359041,-0.20321468005590704,3.317153240142703,0.27507560601001524,3.507450505078759,1000,1.426656990948361,5.983934318885095,1.375855792384135,0.802798246872968,-0.777722229321603,2.599570589275458,-0.14682757292265602,3.000141554819378,1000
479,0.32843704305813093,1.7104665470904314,25.084720997662146,1.0155862080493132,-0.4283957394973479,2.981185988741713,-1.662111924718523,2.318986010834785,1000,0.3682369714899685,1.7529498032955602,25.710216102202004,1.0950548861834828,-0.5207266452859031,3.1399634208282254,-1.7780706054296576,2.5145445484095945,1000
480,1.7299634691392942,1.9733886381102606,47.162260640999705,0.4354260681096683,0.933242540747054,2.651839023423264,0.8765283756443444,2.583398562634244,1000,1.5407932968733913,3.3135029246082035,17.714369872987678,0.4993586640646125,0.5399543615017579,2.5986827398667867,0.5620503153067509,2.5195362784400315,1000
481,2.6532398536634427,1.0664846734825864,148.99500867423868,0.5994287546609552,1.455996150396775,3.9979889919379246,1.4783594945279706,3.8281202127989147,1000,3.209903527329532,3.0082531832193875,5.928000297897997,0.9915950245129485,0.15614899538101457,4.161051820081783,1.2663772792841532,5.153429775374911,1000
482,1.3985962781291212,1.2250887091457645,102.72496552797689,0.6118212194393474,0.7043164608006861,3.061570230610061,0.19942668802800023,2.5977658682302422,1000,1.4415264337273361,3.5831790647999906,8.795401464610089,0.7070192187151518,-0.02798434598703048,2.7793663865041194,0.05576876504563866,2.827284102409034,1000
483,2.7487097609016953,2.545340180225549,5.487113588710121,0.7160847590038175,-0.04137760471386707,3.6222062303849323,1.3451836332542129,4.1522358885491775,1000,2.983352176818677,2.2736721121515977,5.816843506618689,1.0697564183458717,-0.4191892553843609,3.7693375512269314,0.8866295968607685,5.080074756776586,1000
484,1.959029177886258,2.7914408795642727,20.931698567410614,0.4999886481999282,1.2078385998043684,3.1094876984709097,0.9790514274143988,2.9390069283581175,1000,1.8576240910849633,1.7308496041402899,49.60482720799093,0.6190638964841617,0.4806852867479606,3.078313335270831,0.6442588539760064,3.07098932819392,1000
485,3.4573667833680064,1.016451983023456,0.015199797363953061,0.8047043179663491,1.2661780236746345,4.269637240132585,1.880146320153962,5.034587246582051,1000,3.1601337912680814,1.310033066974863,0.0003092796540310898,0.8272461101463305,0.7242556378989053,4.02882374587767,1.5387314153812734,4.781536167154889,1000
486,2.971156356420965,2.7134709425647787,12.210703061101167,1.2470372743791247,-0.37925068973779336,4.385637284880329,0.5269632986378805,5.41534941420405,1000,2.8625166493900256,2.7143308072607133,10.03166710710695,1.4322971592549794,-0.2749391499425759,4.6204932600231565,0.055214217250266096,5.669819081529785,1000
487,-0.37715429713085324,2.7061633930110993,17.89199738272191,1.2750261991676985,-1.6450581779616422,3.066827127809996,-2.8762056474995426,2.121897053237836,1000,-0.48986713336715626,2.0093909384187434,26.441430315088546,1.8069773873499073,-1.8827949121697498,4.356714052706466,-4.031542812572974,3.051808545838662,1000
488,0.5563384870532542,1.6118527523387032,95.6503130650683,0.5816569185770506,0.08218083316274029,2.570506205459203,-0.583709073357765,1.6963860474642734,1000,0.7014056539237792,2.075369148260173,46.476430349979886,0.8086013713668792,-0.00810447578146297,3.0998025245921204,-0.883453033955304,2.2862643418028625,1000
489,1.6789716464672688,3.7250004565690413,19.212186843062334,0.3321656571162121,1.0909702174482003,2.3308028559394622,1.027926958519493,2.3300163344150446,1000,1.7821831301083768,4.3942216753137275,13.438245791684428,0.4180886034160866,1.1052361066236993,2.751220006061176,0.962729467412847,2.6016367928039066,1000
490,1.616400689895813,1.7510679873551869,10.282760761106601,0.5960241376310257,0.9510392973084084,3.1751806350828544,0.44819338013900256,2.784607999652623,1000,1.4090245626251519,1.6592678568015655,8.031426213113301,0.4555913578682628,0.39752956794280553,2.3902692760560407,0.5160655012033567,2.301983624046947,1000
491,1.826782634176566,2.353440166416791,6.8155647407496005,0.46089950677365626,1.2936608669808698,2.9203334050062,0.9234196009001998,2.7301456674529323,1000,3.122223241156213,2.094279763826689,0.029560197858348538,1.0394298538589897,-0.2263977669416912,3.543212135236394,1.0849407275925933,5.159505754719833,1000
492,2.279255363924091,3.4557802385351812,14.684027347761303,0.8007590562628466,0.5129785937189139,3.3873522846046664,0.7097676136489115,3.8487431141992703,1000,2.08997320971206,4.100849410568696,10.49734115402366,0.749539934040899,0.3591072556980464,3.177510364111015,0.6208749389918977,3.559071480432222,1000
493,1.4516443082082184,1.6217170491231532,41.59161917237367,0.45241398541075467,0.879970030389702,2.544921355930944,0.5649128968031393,2.3383757196132975,1000,1.531135205683602,2.282916309987487,19.138711488879196,0.46599697176086585,0.8274935442993986,2.5083287771749987,0.617781141032305,2.4444892703348993,1000
494,2.189886722431499,1.0597919388807118,134.66879746581958,0.5745195019147684,0.06288217967000681,2.6219797532418125,1.063828498678553,3.3159449461844455,1000,2.1673060572244753,1.2414328783361535,26.949687460367024,0.8866682953429053,-0.7115899283502561,2.59725541342343,0.4294361983523811,3.9051759160965696,1000
495,3.7097436823594703,2.0462812721823895,17.838640695716272,0.7716442749946305,1.7649419598146974,4.626730122077239,2.1973209033699943,5.222166461348946,1000,3.552154043549529,2.474327536398502,5.972128207727341,0.834403673903356,1.0231458198807954,4.46435201208031,1.9167228426989513,5.187585244400107,1000
496,0.6298959659182859,3.9161244528822485,8.102268749023132,0.8232454889879202,-0.4106580666282688,2.8267091640483577,-0.9836651924980375,2.2434571243346095,1000,0.7014622733930029,3.8119078152068036,8.789836971759826,0.790448966132894,-0.4821700735833716,2.650188963832209,-0.8478177002274692,2.2507422470134753,1000
497,-1.0998823772460766,1.300978372228311,374.65783295694996,1.3390875075738227,-1.7368892779154084,2.3955355190050005,-3.724493892090769,1.5247291375986158,1000,2.5628470249738142,3.917386376946949,17.68821502373391,0.9353841593595966,0.951064477342555,4.502334824471422,0.7294940726290049,4.3961999773186236,1000
498,1.9391469796309488,1.927195514099104,16.696362649748306,1.1384691286063444,-0.9413603100998524,3.6566027810647292,-0.2922525124374862,4.170546471699383,1000,1.9241218883513937,2.1505410009496804,12.682581762618874,1.1570838587497174,-1.0646610611311305,3.8925275483016026,-0.34376247479805233,4.19200625150084,1000
499,2.480544852173388,1.3137864737264662,29.428794267804996,1.2160659158661646,-0.7564101509504911,3.159771779278566,0.09705565707570507,4.864034047271071,1000,2.467571150744248,1.3453955427115014,24.775711695474147,1.2561542018958534,-1.1486139291342947,3.1566724271146755,0.005508915028375583,4.929633386460121,1000
500,2.573117834514936,3.079948852368113,7.816840118976974,0.9822447391927935,1.0168096021793631,4.663233095287022,0.6479181456970609,4.498317523332812,1000,2.5250191098302497,2.6636603704979818,8.750348773798807,1.1874418716156994,0.659933786988247,4.7629049107366255,0.19763304146347904,4.852405178197021,1000
501,1.9823804944144028,3.0730432605499782,9.116420739644017,0.6856724439713483,0.26810295316929417,3.0527515256866637,0.6384625042305601,3.3262984845982455,1000,2.039267575291215,3.3983607887902934,5.146189398365288,0.7772922658157049,-0.07539189072752005,3.0499488559294545,0.5157747342924333,3.562760416289996,1000
502,2.1960725960248784,1.6446487259802078,38.964405291425486,0.6001320607783114,0.35781177130198794,2.7801181083365085,1.0198137568993881,3.3723314351503686,1000,1.983597352388284,2.7920307411701395,16.04911727921712,0.6414575432456872,0.18695563947186467,2.7898956931981194,0.7263405676267372,3.2408541371498307,1000
503,2.61852525085516,2.3533003691230325,45.13376181332095,0.7442514221814989,0.8654777062720231,3.3726876750869144,1.1597924633794225,4.077258038330898,1000,1.7572064502211062,6.954270993850856,8.199119604560838,0.5766250187980024,0.7231977453731303,3.0328999481038994,0.6270214133770216,2.887391487065191,1000
504,3.7237452868174366,1.9991108109389382,0.061306442328058215,0.749711424346677,2.103268945961076,4.568759725728661,2.25431089509795,5.193179678536923,1000,-0.11730449188539982,49.99999999999998,10686474581524.463,1.4917268927051175,-1.1251440149383627,3.885572653675889,-3.0410892015874302,2.8064802178166306,1000
505,1.1695671623612895,1.528801204491489,7.86126893442645,0.7356946665263776,-0.441249329855632,2.5606119139974157,-0.2723943840304106,2.6115287087529895,1000,1.1450723999678019,1.4830713970296405,8.002377989590936,0.8765184682703242,-0.9469239487297856,2.45957497270328,-0.5729037978420335,2.863048597777637,1000
506,2.0380317199175115,3.125652826778093,15.401441064989163,0.4786101810257246,0.8113005412684127,2.6496846431719185,1.0999557651070913,2.976107674727932,1000,1.7926813757409428,4.057228162435841,9.778288566241217,0.52810476482584,0.6661448775856135,2.797915554923789,0.7575960366822965,2.827766714799589,1000
507,3.0204327688578396,1.459113100528611,54.78997586237732,0.6047477559836694,1.3558982520055034,3.751839399901108,1.8351271671298477,4.2057383705858316,1000,3.072301541378984,1.947160603419189,20.803600299068357,0.8285435469157771,0.5578569123729824,3.8491284104524297,1.4483561894240606,4.696246893333907,1000
508,3.553608376754571,2.3208942815431834,56.100646353328266,0.8751417046346053,1.324812347017144,4.487734209471517,1.838330635670745,5.268886117838397,1000,3.008585835875099,4.371001331866313,11.808307683937494,0.6333653929293008,1.4606479403142014,3.8525282135217735,1.7671896657336694,4.249982006016529,1000
509,1.6259724589005473,2.376693899102128,38.28063551351661,0.6023138085235284,0.24493246915793243,2.430167892281378,0.4454373941944316,2.806507523606663,1000,1.2240477674149655,3.2517407937093505,18.568469295094264,0.6886214286373221,-0.491208788893637,2.2241474588675794,-0.12565023271418596,2.573745767544117,1000
510,2.4307112036765672,1.1974690790608058,47.62085117262229,0.6678997060271918,0.7738873282772721,3.636001906107662,1.1216277798632712,3.7397946274898635,1000,2.4663152586314143,1.348850667212814,32.289427392362654,0.9556772952476886,-0.638723859748609,3.5825811545967365,0.5931877599459447,4.339442757316884,1000
511,0.2422537944618004,2.5837568675798144,13.550520791625742,1.219243805375252,-1.5060920394737378,2.7152146963541917,-2.1474640640736933,2.6319716529972945,1000,-0.2268508576584649,2.2467647509741453,4.311629457478348,1.1143525952808493,-1.5761303385972412,2.4047913725541985,-2.4109819444089293,1.9572802290919995,1000
512,1.7355205767179025,3.056416065887687,18.687686084215855,0.580271620716117,0.830464906066528,2.927976216201293,0.5981882001143131,2.872852953321492,1000,1.9743739805554994,3.52405492977133,13.856242193750024,0.7336887315458982,0.6617282108087366,3.3071410439188096,0.536344066725539,3.4124038943854598,1000
513,1.9723866411326183,1.5511784949699983,97.42507476260853,0.40719665398800575,1.2045209811703714,2.802275225454668,1.174281199316127,2.7704920829491098,1000,1.876062072634083,3.7407030532120364,5.86068607574403,0.603403270752007,0.3226740703587035,2.8608750287945295,0.6933916619601495,3.0587324833080167,1000
514,0.7250811994695812,2.3422756154779223,67.29365016020841,0.4525020007045822,-0.061667183314922595,2.03444059695508,-0.1618227219113999,1.6119851208505622,1000,0.6897976261787919,4.3953576832153,19.338856663800087,0.5097892884520734,-0.2567524234242895,1.7611285692510041,-0.30938937918727194,1.6889846315448558,1000
515,2.779835597492278,2.779263996626813,11.262711821676984,0.8010682550607555,1.6733837675077905,4.808165007593323,1.2097418175731973,4.3499293774113585,1000,2.8917244119684176,2.931990765106318,9.76802037900808,0.932587088451529,0.7323814259033461,4.76346977562149,1.0638537186034207,4.719595105333415,1000
516,1.6269345779582058,4.096245215868539,20.474827494647567,0.5273884429740191,0.3081184512483047,2.5118616779522074,0.5932532297291284,2.6606159261872833,1000,1.614498756174881,4.092346666942927,18.687121356806607,0.651072810457368,-0.02215647115767857,2.502106997831597,0.3383960476784398,2.890601464671322,1000
517,3.1093371362911433,1.114338771231565,60.79679686069043,0.605320553596482,1.525898725493508,3.8812217618420726,1.9229088512420387,4.295765421340247,1000,3.13183567304417,1.1093700577524865,62.92046781319862,0.9216979046546587,0.026823984185671338,4.11450368501439,1.3253077799210389,4.9383635661673,1000
518,3.106292425686906,1.053479132848513,220.18512478316768,0.9066378108548971,0.19028238021548902,4.031865282218412,1.3292823164113077,4.883302534962504,1000,3.1464441364955946,1.3067682834031022,52.95090375571895,1.0842090655519765,-0.050503126431136615,4.324510525697068,1.0213943680137207,5.2714939049774685,1000
519,0.4439059794889375,2.684635433768906,5.517685745709809,0.6870138097367244,-0.5032385784378228,2.5187504287265976,-0.9026410875950424,1.7904530465729174,1000,0.21146809318323712,2.357689905059908,5.725995048980675,0.680265510914484,-0.7493645616926261,2.249539312427102,-1.1218523082091514,1.5447884945756256,1000
520,2.1788204447693684,1.0305847988174606,34.06492790407342,0.6196163582010072,0.07859426458257084,2.753712456335982,0.9643723826953943,3.3932685068433424,1000,2.1753893273950133,1.0456934925886199,17.120083859995734,0.8881258177894269,-0.6873645625514262,2.6935168273439767,0.4346627245277366,3.91611593026229,1000
521,3.057482211823058,3.5697004854499976,14.30704145157347,0.9409145756043227,1.035666669772182,4.330221478202334,1.2132896436385856,4.90167478000753,1000,3.1821900230744795,4.222958525267239,8.081021502635723,0.8335838783264148,1.1223373564372252,4.277482656379121,1.5483656215547066,4.816014424594252,1000
522,1.4190069172873025,3.6119708466256975,10.056223918377603,0.5185369694090854,0.7309725154250661,2.924495085177387,0.402674457245495,2.43533937732911,1000,1.7927576943827375,4.881674188678455,5.27961406483821,0.7819873407511427,0.17185600892376987,3.343136547068947,0.2600625065104978,3.325452882254977,1000
523,2.4031644212818923,4.442632816245918,4.761914647705408,0.6933849987125893,0.8233434540345687,3.4596954024313917,1.0441298238052172,3.7621990187585674,1000,2.044344347908834,5.066041570524989,3.517326812229709,0.8395895511901783,-0.10076557093819577,3.251917945337053,0.39874882757608443,3.6899398682415834,1000
524,0.8942892502707802,1.8617908550036713,105.16572710462982,0.6379533128171047,-0.5240390804820751,1.9529010099290336,-0.3560992428507448,2.144677743392305,1000,1.0663344838036577,4.515184422568381,16.435802887688414,0.6760461570882452,-0.1710280009146365,2.3772591335061994,-0.25871598408930296,2.3913849516966184,1000
525,1.3832349164026765,3.115216920992333,12.475143847304022,0.5149101413279122,0.5728808874006383,2.3402480940478427,0.3740110393999685,2.3924587934053845,1000,1.4551059840753167,3.5511518373380775,8.699410967948074,0.5271745058777373,0.5787187985047807,2.5896347671456574,0.42184395255495155,2.4883680155956815,1000
526,1.57307674944787,2.4598936650031407,30.889975810278173,0.6449108393557081,0.3535666847658885,2.716470545689596,0.30905150431068207,2.8371019945850575,1000,1.4787081514302713,3.2352325904125356,10.626734917169117,0.6643700736412906,0.07839311708699345,2.569093645618727,0.1765428070933417,2.780873495767201,1000
527,2.0967317468238975,4.750881252627271,6.432651810484849,0.6570423021336843,1.0743704171889803,3.636628422146892,0.8089288346418764,3.3845346590059187,1000,2.1824863847540716,3.731916850384631,6.593144960583207,0.6922270625519772,0.7712445407788339,3.6248980461975164,0.8257213421521963,3.539251427355947,1000
528,1.125140145633107,3.552796547168725,2.9220881236407275,1.1480359983619213,-1.0576242522849455,2.746858501893886,-1.1250104111562589,3.3752907024224728,1000,2.1713705967480403,1.8539471214212095,6.629855868060713,1.3908043737411282,-1.6304612048305822,3.013747726735551,-0.5546059757845709,4.897347169280652,1000
529,2.1791907659970655,5.024638118689096,1.4757811129060636,0.8819039927008545,0.6521619968270901,3.908033256978302,0.4506589403033907,3.9077225916907405,1000,2.128622531361587,5.094675727414458,1.3249663531312075,1.0035841191030985,-0.1584180416891578,3.7384255618012627,0.1615976579195142,4.09564740480366,1000
530,3.547928784214043,2.2349306230403445,5.871170404575536,0.8126506830452352,1.1275871065677883,4.450509291298071,1.9551334454453817,5.140724122982704,1000,3.5558269362708943,1.3486218514183514,0.027677224787410505,1.2133997943690231,0.20676509487523387,4.298076633788415,1.1775633393076088,5.93409053323418,1000
531,2.3098670691570264,1.7111252835225386,29.734836380573928,0.39173522208168204,1.3249288236242407,2.9737471644604283,1.5420660338769296,3.077668104437123,1000,2.2350699858317316,1.8091933268833758,13.25215662535378,0.510848874360697,0.754352006933755,2.9167900782899636,1.2338061920847654,3.2363337795786977,1000
532,1.2599563092270263,2.9753063517794613,10.75056190966674,0.571183180522313,0.31092365823892315,2.4857410000794116,0.14043727540329276,2.3794753430507596,1000,1.321053800622989,3.269415100755127,6.955653294114998,0.5940393657367867,0.231533829194033,2.5670971217869227,0.15673664377888707,2.485370957467091,1000
533,1.7471364623547805,1.342221805484529,30.559370772610926,0.512971222007807,0.5503876304506917,2.6114915813112454,0.7417128672194788,2.752560057490082,1000,1.699714429131143,1.3924320581369787,31.70637899988246,0.6498825990353674,-0.3137066774378739,2.5043073574968324,0.42594453502182295,2.973484323240463,1000
534,1.2383445882911142,2.289504048375721,7.979813690041081,0.9317596575778205,0.3059917778705856,3.937622827997406,-0.5879043405614142,3.0645935171436425,1000,0.6041868553131837,1.21680818981318,7.3179516940175695,0.7771389539405726,-0.17886047777080305,3.0780811608508105,-0.9190054944103385,2.127379205036706,1000
535,2.5042354333923806,1.2049060122155977,27.24582820886496,1.4365689005714608,-1.381014630000211,4.965929860619095,-0.3114396117276823,5.319910478512444,1000,2.4986067069732694,1.1765626428083238,31.86533102183652,1.4981538026530958,-1.6532992329097334,3.5323188921185724,-0.43777474622679824,5.4349881601733365,1000
536,1.1097040969340433,1.421968412739455,48.39686303040785,0.45663279429763387,-0.20375002720010688,1.7187920091484483,0.2147038201106809,2.0047043737574057,1000,0.9950995330235644,1.541947730669032,26.968447324334463,0.7096004943437082,-1.3194191390780694,1.5472418427673094,-0.39571743589010366,2.385916501937232,1000
537,2.0229803424131747,3.563087632938299,13.346824186756574,0.6701292832466618,1.2113810020442657,3.9646053225518654,0.7095269472497177,3.3364337375766318,1000,2.0761697856975405,4.094457804107528,8.810200789069212,0.6657705665442339,1.1162878173312194,3.9556177673935906,0.7712594752708419,3.381080096124239,1000
538,1.570155459756125,2.1186150289955026,65.25838714228966,0.47473701442623334,0.671741568541624,2.3798236391402883,0.6396709114807075,2.5006400080315423,1000,1.3224907346607782,5.945285333013525,7.326796405651726,0.7054617680217132,0.04067622236511112,2.786020054877171,-0.060214330661779725,2.7051957999833363,1000
539,1.769707483040151,3.6728097350484896,14.252287449269401,0.7567181925975082,0.14658621112675507,2.855838707758818,0.286539825549035,3.252875140531267,1000,2.5249822130770716,4.229861308270359,8.77683051727084,0.9675105961298416,0.028749832494758376,3.529064882194703,0.6286614446625822,4.421302981491561,1000
540,2.4849837653121067,1.101143662985852,70.08940321357024,0.9828841041770687,-0.052274433987489086,4.090066138223221,0.558530921125052,4.4114366094991615,1000,2.4903926484678767,1.0602350592846372,17.09209108448514,1.1622697769535837,-0.387600639672382,4.086614332312251,0.21234388563885265,4.768441411296901,1000
541,0.7137695370891355,2.28703495558422,37.287702515832315,1.4093490875153403,-1.1930637561417514,4.241003571596983,-2.0485546744409313,3.4760937486192023,1000,1.0960149438617872,2.8302209168261205,26.14745647246911,1.3242771381157028,-0.9471551498011377,4.221886643457562,-1.4995682468449902,3.6915981345685647,1000
542,4.4322444671523336,1.26926031857773,9.384102796415492,1.4916759219770976,0.8393074582569352,5.116710230380305,1.5085596600772222,7.355929274227445,1000,3.9418971439534323,1.7131655970336086,2.431846913900176,1.5497140792672877,0.09262847617712773,4.758540563801349,0.9044575485895483,6.979336739317317,1000
543,3.4271472528702294,1.6077530576019152,12.865337096601651,1.1219257542071588,-0.2669639849688819,4.180470677748055,1.2281727746241984,5.62612173111626,1000,3.624012282116426,1.535715432498116,12.120416515210524,1.4461439937254765,-0.31739354219535676,4.338062501935698,0.7895700544144919,6.45845450981836,1000
544,1.1823602991712838,1.5717004003515216,15.509780259509217,0.495714463618573,0.39561281215848715,2.554409419043848,0.21075995047888074,2.153960647863687,1000,1.1040872290345478,1.6467686314284375,0.09420785080776986,0.9558063201141933,-0.7968140587275242,2.811248973632009,-0.769293158389271,2.977467616458367,1000
545,2.663814987783938,1.81186813839604,24.401936871502333,0.42148525256205005,1.6345218859148627,3.229115650242462,1.83770389276232,3.4899260828055563,1000,2.6768878426839797,2.20268912392744,14.7972696820616,0.6029995925330964,0.6598253914988377,3.310116524360346,1.4950086413191108,3.8587670440488484,1000
546,1.26891873533902,1.167410444546268,31.434013367189767,0.9618907523762346,-1.622736028514984,2.826705552458516,-0.6163871393183995,3.1542246099964397,1000,1.2342288852948635,1.2317302958645604,16.88194115867353,0.8730164841313287,-1.5508694878109859,2.5466409475483998,-0.47688342360254077,2.9453411941922676,1000
547,1.6009468625761092,2.9451001875765255,21.742114721381604,0.34787272508670053,0.8412188366373735,2.232886917616756,0.9191163214061762,2.282777403746042,1000,2.204857532530757,3.9211588011851797,9.839190022110884,0.7664062052208007,0.6072698493092303,3.700710882981248,0.7027013702979874,3.7070136947635266,1000
548,1.671694398981716,2.420558000134921,5.0355401737406185,0.8561830096659533,0.836241078802408,4.085570688804788,-0.006424299963552427,3.349813097926984,1000,1.7670445419349867,2.2710407382189555,4.9147740857419135,1.3429611044621714,-0.5381056601302605,4.205830496021306,-0.8651592228108693,4.3992483066808425,1000
549,3.0832280526346394,1.0708116997943238,96.87641017186058,0.5864179225100796,1.5440088848133058,3.9923716311288877,1.9338489245148833,4.232607180754395,1000,3.1090466262805174,1.6965253249339818,11.35872997117695,0.9568706852449506,0.26090412769997073,4.072895747637128,1.2335800832004145,4.98451316936062,1000
550,2.4159995139056307,2.1130943226560994,35.61524568165003,0.8785605146591671,0.2913791862787507,3.2498436304181286,0.6940209051736632,4.137978122637598,1000,1.5645181460704138,3.517756870873578,16.537358404158624,0.8992772563102724,-0.3067782483179707,3.1830546640234707,-0.1980652762977202,3.3271015684385477,1000
551,0.3226417068465466,1.7945364862748192,27.317847871912495,1.507427475140652,-0.916982065910648,3.604312238599315,-2.6319161444291312,3.2771995581222244,1000,0.8292444370232217,2.3661598334670058,10.97349907746239,1.3494007172295661,-0.8915396308726996,3.4701451213909666,-1.815580968746728,3.4740698427931713,1000
552,1.8717275432012284,2.279231461187675,7.545966288850856,0.9765839754710551,-0.47007182100061357,4.156159908747224,-0.04237704872203962,3.7858321351244966,1000,2.2675881770197877,1.6584046979663605,11.262341145506413,0.9266972785593364,-0.4137164916091318,3.799338892703371,0.45126151104348833,4.083914842996087,1000
553,1.5796786139839294,2.2755773249685767,16.865485865424574,0.764064095049831,0.27408783070968,3.030355413940345,0.08211298768626074,3.077244240281598,1000,1.7027426951474227,2.2531910117778855,13.086964108119284,0.734602696667409,0.24329632362165043,3.019468137653618,0.2629214096793011,3.1425639806155443,1000
554,2.209037613927127,3.5187627539365725,11.979749472665272,0.6133745354308807,0.8108385069961882,3.1801855292512378,1.0068235244826007,3.411251703371653,1000,2.5769714704949505,2.3627450219754156,11.67423449295734,0.7805135766583281,0.2321066167782154,3.5762582707060173,1.0471648602446275,4.106778080745274,1000
555,1.4052771868446583,2.878861261810468,18.212214983961996,0.544088455675275,0.5306893871793046,2.574488523009996,0.3388638137211193,2.4716905599681973,1000,1.2354366555595524,3.1221288998265644,5.327701609993226,0.5865189694666895,0.20967999272384502,2.5524050663941584,0.08585947540484096,2.385013835714264,1000
556,1.9245658865906703,2.3266629018934677,7.635218078426148,1.4017675608899025,-1.9471343589348395,4.119469033885609,-0.8228985327535387,4.67203030593488,1000,2.2983125766119654,2.960858288192508,4.592923053623154,1.556611043525156,-1.9869362330185365,4.235916394602316,-0.75264506869734,5.349270221921271,1000
557,3.3048596677137705,1.8619514179026095,16.87390479079933,0.5196169589591985,2.047317189041759,3.9150541987290963,2.286410428153742,4.323308907273799,1000,3.1968103468705067,2.4718244019656557,8.559943794440477,0.6394904058299397,1.4180276465656954,3.8706439494593097,1.943409151443825,4.450211542297188,1000
558,2.2402571691442676,3.896472982144685,8.398508933341237,0.7485901278143705,0.6044732476607272,3.3519025407453773,0.7730205186281014,3.707493819660434,1000,2.085126693879469,4.201099983214237,6.836240274434915,0.7527509184072312,0.5140656088725798,3.3924777679834164,0.6097348938012956,3.560518493957642,1000
559,3.051590371418749,1.1130052390476795,19.071653734365043,0.8498651613154048,0.287356687458893,3.502950012359243,1.3858546552405557,4.717326087596943,1000,2.9927583283613077,1.1369384208701778,2.7507608166535524,1.2048657271040688,-0.4020704837454822,3.351247655515383,0.6312215032373327,5.354295153485283,1000
560,1.3197021606173773,1.079212092776389,174.26549445085487,0.853278753642743,-0.27479818795361466,3.5069314910679794,-0.35272419652239884,2.9921285177571537,1000,1.2566272861235916,1.2724967052476714,33.157716017464296,0.7822057782584341,-0.24876285617188304,2.931718762489794,-0.2764960392629392,2.7897506115101223,1000
561,1.2858529089695936,1.380093896892157,16.637909162977298,0.5978954266571429,-0.39268085334047964,1.749004011628749,0.11397787272159343,2.4577279452175937,1000,1.1985237980837224,1.5678347874129388,5.490568039463797,0.6656409836499295,-0.7457571617473604,1.6951199616935375,-0.10613252987013944,2.5031801260375843,1000
562,0.7536433099284159,2.1479941145709693,18.710173652394374,0.7406297625878774,-0.0033891228921393893,2.61980459747099,-0.6979910247438237,2.2052776446006552,1000,0.80345815966454,2.3036445602317146,12.342041558374651,0.684577299940951,-0.07162832822228957,2.275243128502983,-0.5383133482197238,2.145229667548804,1000
563,1.997206374759785,4.134028565766298,9.356437723099559,0.9001677489568135,-0.1754313285562975,3.373561224891282,0.2328775868044306,3.7615351627151394,1000,1.9723103676862608,3.7301035433637386,10.141721025652489,0.9257954269312215,-0.2236760511621821,3.4095880852436102,0.15775133090106652,3.786869404471455,1000
564,1.6599086023681955,1.5716307199816528,43.66737378150517,0.38835773980423893,0.7675619086842648,2.2257590286226208,0.8987274323518872,2.4210897723845037,1000,1.6048284253504508,5.7792994804212965,4.373875347377408,0.5725004762673632,0.31397055057104095,2.806576248171981,0.48272749186641883,2.7269293588344827,1000
565,2.3700762536973814,1.8459373210200116,18.4474018771222,0.9170905924114081,-0.017348953653272232,3.2108498739486526,0.5725786925710215,4.167573814823742,1000,2.3857775469244205,1.997266313543627,14.395221962928698,1.0835895034558325,-0.48366774045906286,3.353543964964925,0.2619421201509886,4.509612973697852,1000
566,3.6863324082618503,2.3190998447955624,30.761347645263534,1.6811178069815107,-0.03603808682150052,5.118564929801462,0.3913415065780894,6.981323309945611,1000,2.887766600167124,3.4790242966162617,13.736534755854612,1.3099040099911592,-0.0667904137586932,4.578525346169523,0.320354740584452,5.455178459749796,1000
567,2.6182111297716872,1.6589148667053344,21.529892557608015,0.9061606471468142,0.17452744055484146,4.16553938859095,0.8421362613639314,4.394285998179443,1000,2.919073727006074,1.2539657411975662,35.0991315218171,1.150760692401961,-0.11563679924060906,4.308768871874486,0.6635827698982304,5.174564684113918,1000
568,1.0255064479448381,3.93423472885339,8.285306407912664,0.4072267291912675,0.3796081711584748,2.0567605219091663,0.22734205872995383,1.8236708371597223,1000,1.2426962336173837,4.714213035231924,5.188822089784718,0.5507993972430002,0.2930974293534209,2.380419033108079,0.16312941502110334,2.322263052213664,1000
569,1.6248639938403446,3.3069902414529464,12.374047071687377,0.541126895099159,0.3576118760755132,2.773733394273289,0.564255279445993,2.6854727082346965,1000,1.3141108044013026,5.191411293783561,6.442930288291692,0.6793169433655967,-0.0895510828165134,2.7154040097413654,-0.017350404595266822,2.6455720133978717,1000
570,2.360092330722382,3.4874187582256915,8.255971808608049,0.7385908945832493,0.7370853405193265,4.253633174332523,0.9124541773392132,3.8077304841055506,1000,2.301237206962728,2.7653411700029973,10.104742472597346,1.1823651469034293,-0.1337486271167737,4.718050978508203,-0.01619848096799359,4.618672894893449,1000
571,1.7489072795623428,1.567078324162474,56.836434044542585,0.4944775527636238,0.5483065458446004,2.4697169750288244,0.7797312761456402,2.7180832829790456,1000,1.7177501706815739,2.1376490877803564,23.760158700615168,0.6725200671333124,-0.33075413648437213,2.51260421796309,0.3996108391002817,3.035889502262866,1000
572,2.584829892312755,1.4369498119446165,113.60450576114435,0.536479764858262,1.2102715875436378,3.2508074225877253,1.5333295531905613,3.6363302314349486,1000,1.9086108075679151,2.4864509343453536,13.083102755260821,0.5003979237735631,0.9576209582262533,3.011508040966878,0.9278308769717315,2.889390738164099,1000
573,-0.10422020748840533,1.220384564712668,21.106321764656247,1.3669795168707475,-0.7656917244572989,3.4714339073890974,-2.7835000605550704,2.5750596455782597,1000,0.17056783845801338,1.4345813840778616,11.033934529426087,1.276573135668473,-0.7157482591356445,3.648809169213562,-2.3315155074521936,2.6726511843682204,1000
574,1.124549384278195,1.5158984798155322,110.29255402571545,0.6076465124255496,0.5609983633046692,2.627981997810941,-0.06643778007588197,2.315536548632272,1000,1.3605069477789298,2.1161853837402025,55.94192630901349,0.6183054730384527,0.589231389629243,2.849025904170578,0.1486282206235625,2.572385674934297,1000
575,3.0795679627097177,1.0639829960370835,291.038512702541,0.9573405453678614,0.3776433529711369,3.4634965283069428,1.2031804937887094,4.955955431630726,1000,1.46753205952741,4.48125777447571,5.093885710488857,0.7640994324548835,0.050691890454238095,3.4307274231358265,-0.03010282808416176,2.9651669471389814,1000
576,1.3192110618513337,5.733794327114118,6.4409823909024455,0.36342803039256244,0.6309527635232285,2.0748925214074316,0.6068921222819114,2.031530001420756,1000,1.338870256798225,5.832663723736191,6.154149409794451,0.41468533848042416,0.5749554783299634,2.163608351495466,0.5260869933765936,2.151653520219856,1000
577,0.25400864108694443,1.625285358377667,14.745580037265501,0.5536763250627476,-0.697671453362032,1.4572981940761573,-0.8311969560360408,1.3392142382099297,1000,0.2242746018298971,1.8475899019830282,10.180039134695644,0.5616976180212564,-0.9222083247589614,1.363768847600566,-0.8766527294917654,1.3252019331515597,1000
578,3.091993143029246,2.4960664564452744,16.04228442222534,1.0785900720339674,0.3998190728248608,4.255961277648959,0.9779566018426702,5.206029684215823,1000,1.7173039438258817,3.0144425708584555,9.392485141671207,0.9977397167366719,0.16260841910380974,3.7831232020326855,-0.23826590097799527,3.672873788629759,1000
579,2.259229279919673,6.634580829174883,1.3488544437825216,0.7329771896139105,0.7559133241776674,3.525240752501358,0.8225939882764086,3.6958645715629377,1000,2.5918534248918976,6.116089051803029,1.1310901828056983,0.8876957616089409,0.57176482385768,3.8358238050461884,0.8519697321383735,4.331737117645422,1000
580,3.104714118398736,2.048900704921015,8.750109735368966,0.8473763684557682,1.4683044070872053,4.343357266312068,1.4438564362254305,4.765571800572042,1000,2.8914493959462355,2.0851396395930037,4.567008878136393,1.1225267673173025,0.18363457093338267,4.258995142402237,0.6912969320043225,5.091601859888149,1000
581,1.4055997721332134,1.481981317078465,53.127060347777864,0.8638168670680315,-1.0772501858217884,2.887214779106824,-0.28748128732012823,3.098680831586555,1000,1.6793876229067681,2.480037950858695,21.698536428469858,0.9193358428932379,-0.732100522096204,3.3444019815074912,-0.12251062916397815,3.481285874977514,1000
582,0.5673303428191059,3.3924007525456754,14.616543146724164,0.5523111512070986,-0.2045654057390837,2.093377356429089,-0.5151995135468075,1.6498601991850192,1000,0.7177277427375366,4.158963619692935,10.229474417905587,0.5652802139642251,-0.1406104472930241,2.1722407204194605,-0.39022147663234463,1.8256769621074178,1000
583,2.4294178287195254,1.6239141596434998,75.90009995305867,0.7645711726628216,0.42127147685805394,3.8737218379603586,0.930858330300395,3.927977327138656,1000,2.364048148729552,4.8919175215098925,8.069340750093225,0.8411873921913646,0.556269316312494,3.8604931334792454,0.7153208600344776,4.012775437424627,1000
584,1.7352156245317518,4.318394110560225,22.654907758809596,0.6073332360077683,0.6513018034029355,2.8265276480346446,0.5448424819565258,2.925588767106978,1000,1.5298511055292767,5.516638431824536,12.13359510341504,0.5259207282370383,0.6251111700141612,2.667959899952743,0.49904647818468173,2.5606557328738715,1000
585,2.278788773386853,2.0227130240874382,23.111596575006953,0.4809330841705406,1.4216719046998856,3.065291991069005,1.3361599284125933,3.2214176183611123,1000,2.3461559235855587,2.6689324248174042,11.16886493908853,0.6830775984421489,0.17077317239283743,3.1415568397492044,1.007323830638947,3.6849880165321705,1000
586,1.01998078244164,1.2869920844469245,62.48766217614649,0.4774223028949404,0.4759919324298239,2.1803089078038207,0.08423306876755687,1.9557284961157233,1000,1.0662020464749233,1.5803384385679833,35.179300151710656,0.5352091599188497,0.4652253548842594,2.5788726852951624,0.01719209303397795,2.1152119999158687,1000
587,0.03267879336280766,1.0190126462771867,335.824518150296,1.3303310646685027,-0.5337718310555539,4.173798260289003,-2.5747700933874578,2.640127680113073,1000,0.05153961723802336,1.0368044120751418,113.07249262671121,1.0875257538784848,-0.508966853266389,3.451497358678998,-2.080010860363807,2.1830900948398537,1000
588,2.5209864553017467,1.893749275382191,41.887178624840054,0.6025773351396275,1.0530640503606845,3.607323014942153,1.3399348784280767,3.702038032175417,1000,1.95997712490857,4.022212181571003,12.591161691725592,0.8105138415348104,0.7895255912505335,3.840970491128595,0.37136999550034155,3.5485842543167987,1000
589,2.0908640931585945,3.638157228863196,6.258975104421186,0.7816520191465349,0.8556959383099346,4.017052135059354,0.558826135631386,3.622902050685803,1000,2.7237721610882035,4.120389797183855,3.82008884288311,0.9212884727145539,0.728659223232514,4.477382526103339,0.9180467545676778,4.529497567608729,1000
590,0.5705338289055069,2.057513252871825,71.56788092136193,0.8241189396619782,-0.41498517404128316,2.245501258262594,-1.0447392928319705,2.1858069506429842,1000,0.8172815877223227,2.7856190503459404,23.280590198111746,0.7569172028762738,-0.32404827020424565,2.2910560892051643,-0.666276129915174,2.3008393053598195,1000
591,0.9461721336894309,3.241013550722382,13.243962120625193,0.620562458886248,0.02901511874859644,2.481277503164947,-0.2701302857276151,2.1624745531064766,1000,1.0448942046004168,3.2229205992191727,12.303835269035448,0.655140344898102,0.06719677058822564,2.6430326668656825,-0.2391808713998631,2.3289692806006967,1000
592,1.738550515279391,1.9265574929083111,7.1816976226062375,1.4435335630871828,-3.347031580263652,2.6456061240311333,-1.0907752683714873,4.567876298930269,1000,1.313509755987252,1.1175138905402842,6.833518028461717,1.69456084956195,-3.621552584147144,2.4894167352758303,-2.0078295091541696,4.634849021128674,1000
593,1.4103192774446547,1.1947645703192336,100.29697279488846,0.8182905709445935,0.8293533125620662,4.140929194214669,-0.19353024160674837,3.0141687964960577,1000,1.467193389043385,1.4646124590804366,47.95337185168915,0.7895779792004487,0.03568069435251132,3.782818177938343,-0.08037945018949433,3.0147662282762644,1000
594,2.6013191518900687,3.280496436167092,34.28708005866119,0.4628160232150629,1.9012468242472422,3.6767374099878443,1.6941997463885454,3.508438557391592,1000,2.7361579125494275,4.05275725167237,13.00672118545475,0.5028674673892893,1.9194803044847104,3.804248174398183,1.7505376764664204,3.721778148632435,1000
595,1.7875991268055282,2.037048586942358,28.73578857862494,1.458034469436125,-1.3319297382470243,3.2728580457870637,-1.0701484332892763,4.645346686900333,1000,1.9241902313328085,1.7975435659538126,18.173522328290584,1.5074627368077738,-1.474875743579321,3.372430824564469,-1.030436732810428,4.878817195476045,1000
596,0.9432460368647091,4.417330277639984,1.5079185523985086,1.6515029305923976,-2.4008950522079164,3.577341876013706,-2.2936997070963905,4.180191780825808,1000,1.224756312079791,2.2468663620318106,1.7320639734936298,2.327604934356687,-3.5769546202595626,3.525431583953389,-3.3373493592593158,5.786861983418898,1000
597,1.9263587695028208,3.647119114548574,7.911511440454479,0.936141802065311,0.38019459336232775,4.167598231944253,0.09152083745481132,3.7611967015508303,1000,0.7359376772014539,1.767768653451919,8.316686399327393,1.1555062108689487,-0.1682442456583916,4.081198897867062,-1.5288544961016854,3.000729850504593,1000
598,0.5965708513239496,2.731440077954263,23.786594141525846,0.7052934359047666,-0.21645844034019818,2.660888455760297,-0.7858042830493928,1.978945985697292,1000,0.7813453708703022,3.0975336385985157,12.398210478565098,0.7033325924496109,-0.2129116286132159,2.6182876022294197,-0.5971865103309351,2.1598772520715395,1000
599,2.1092590713225285,1.1658758638062494,103.61338237908878,0.6378166638906241,0.8731772967080977,3.526351942275789,0.8591384100969053,3.3593797325481516,1000,2.035922258711854,1.4306339390044445,41.349891189584206,0.7664772241842763,0.08555060481998009,3.2140993639110533,0.5336268993106723,3.538217618113036,1000
600,2.027909321212837,2.918619996546546,36.91666952889966,0.47506757097577207,1.2680838362623177,3.0509814878091297,1.0967768821003236,2.9590417603253503,1000,2.0446892627099422,3.6473592726868427,13.018044549069105,0.547073098285355,1.2062269722366177,3.4265154583727204,0.9724259900706465,3.116952535349238,1000
601,1.9544327455229225,2.0962942045567075,6.519919398612191,0.9300150899501325,0.5033739496202101,4.776105746942467,0.13160316922066273,3.777262321825182,1000,2.433146867086414,1.2351733486021814,9.094874337928797,1.3598229689433172,-0.08776925906977154,5.310174533631307,-0.23210615204248786,5.098399886215316,1000
602,2.503704932470643,4.337607522369194,3.8417748516402974,0.8229666885446902,1.1944655613106596,4.30646993898545,0.89069022292305,4.116719642018236,1000,3.137182868808315,4.092546588884762,2.1716918413428767,1.0162317139914108,0.9360871935141182,4.551601166313153,1.1453687093851501,5.12899702823148,1000
603,3.4522694377994005,1.5025311672502315,47.46421378861346,0.8865706452501286,0.9105145209984942,4.063408134045015,1.7145909731091484,5.189947902489653,1000,2.951963629904538,2.7595421416942822,17.57517442609864,0.8677635825439761,0.6604593230503579,3.8968793040541514,1.251147008118345,4.652780251690731,1000
604,0.2516039496214306,3.96415229467229,4.885663901216032,0.597625071414704,-1.30871640629237,1.0395953998490737,-0.9197411903513892,1.4229490895942505,1000,0.37679347210704917,3.4763314997997,5.697165901381256,0.6227699814306473,-1.4401434314676147,1.180273841111163,-0.8438356914970195,1.5974226357111179,1000
605,0.9026680229308974,3.708208962230232,6.652275028894941,0.5073077536703998,0.04034835562727505,1.9668076515171653,-0.09165517426308623,1.896991220124881,1000,0.8497569447819235,3.845005621600406,2.221998892124379,0.5288390951486021,0.016596641041840617,1.9753106394163336,-0.18676768170933644,1.8862815712731835,1000
606,1.1039737832518628,1.422683001304224,59.51489596133383,1.019247819272012,0.18556356383950878,3.705908986408063,-0.8937519425212808,3.101699509025006,1000,0.9971811797712216,1.373442983068463,31.709592941401098,0.9601187842812423,-0.4487831900212783,3.466232341779783,-0.8846516374200133,2.879013996962456,1000
607,1.0637592041347044,2.7615578024025975,2.251682971521544,1.0120410233452901,-0.2531348474393119,3.6143054361000053,-0.9198412016220643,3.047359609891473,1000,1.3843738955349034,3.648281716391609,1.3627247012540369,0.9292609699557008,0.041922901868624414,3.8742793602882206,-0.43697760557827015,3.205725396648077,1000
608,2.3913314816352322,2.1892271096080824,5.660909015317474,1.9491503379221378,-1.2831324961016977,4.882987601593792,-1.429003180692158,6.211666143962622,1000,2.5370821328048443,2.086663565366763,5.952159297251844,1.9192526652653183,-1.1608459203236594,4.856649710790894,-1.2246530911151794,6.298817356724868,1000
609,-0.20668092630725043,1.5968003017185475,8.188227465282036,1.3034921331848566,-1.0969544428860871,3.7659883059535812,-2.7615255073495693,2.3481636547350684,1000,0.06183218136281399,1.7448539772409346,6.055483044512102,1.1901488134351443,-1.1035626050570442,3.153921521580325,-2.270859492970069,2.394523855695697,1000
610,1.4721970992001567,2.554034540153156,41.007300628071825,1.2075052659562835,-0.46959470721109425,3.530681511400101,-0.8945132220741587,3.838907420474472,1000,1.2388198075811117,2.8726414712546386,16.784302691884765,1.0809603468996056,-0.5033285683298251,3.4544328283405283,-0.8798624723421153,3.3575020875043387,1000
611,-0.32499728078244194,2.964280016258657,11.586573455837012,1.4804045801102366,-1.927556496435193,2.9456865234011915,-3.2265902577985055,2.5765956962336216,1000,-0.47824810238911253,2.647204631515233,13.221480298567295,1.559218205586332,-2.092461386926166,2.852743439443466,-3.534315785338323,2.577819580560098,1000
612,1.5034322121960046,3.795812706709838,11.040897238329643,0.4200097827390176,0.5406647198653607,2.248014671081998,0.6802130380275301,2.326651386364479,1000,1.3439772536005679,4.8533837780120095,5.0361287063775615,0.507845785032629,0.14837641045219763,2.29041270378659,0.348599514936615,2.3393549922645205,1000
613,3.1568178376590805,1.4524489949765291,68.85424783874731,0.7337171157051491,1.3029330136932182,3.7957554702377387,1.7187322908769884,4.594903384441173,1000,2.235403279541594,3.2095677610137407,14.22356707509182,0.650665548443142,1.1064334306581054,3.5897595599351444,0.9600988045930359,3.510707754490152,1000
614,1.1220120138971104,3.9137861709841237,4.233717976029451,0.5407349028950278,0.006708266336540449,2.2014167558266693,0.06217160422285595,2.1818524235713648,1000,1.8381028736569167,4.527996433860812,1.903843007387907,1.0623628569227088,-0.014605926168243683,4.116609660142832,-0.24412832591159273,3.920334073225426,1000
615,2.5148305078747897,1.432749236879551,44.51314548669203,0.9441741212647016,-0.3614002314283696,3.1736219538551764,0.6642492301959746,4.365411785553604,1000,1.2356449593936039,2.44346980860454,15.172014784489079,1.1818751364396305,-1.0309349945500474,3.062315127890383,-1.0808303080280717,3.5521202268152794,1000
616,2.0586817442019774,1.119301248574462,53.42128264176365,0.4687810367976676,0.9051993162365012,2.8188371485668053,1.1398709120785488,2.977492576325406,1000,2.0412369058740287,1.2694393888930375,25.62643979852821,0.6064675303359649,0.08837661974820313,2.719266322449577,0.8525605464155375,3.22991326533252,1000
617,1.8774870122729033,4.265939432986928,13.439155071530514,0.6440440976136345,0.21943880164454646,2.9451845192037958,0.6151605809501797,3.139813443595627,1000,1.674172070569887,5.037487688448029,9.409846713146509,0.6919761274130791,0.06324954446869678,2.909667688657859,0.317898860840252,3.030445280299522,1000
618,2.08976602649406,3.4120583606237496,6.395646220526479,1.1594641434705817,-0.45006353894030116,4.111118150819983,-0.18278369470828038,4.3623157476964,1000,2.3351659704919805,3.3813212963802473,5.687594962205054,1.2345127168526506,-0.43456951646075476,4.266079942325983,-0.08447895453921461,4.754810895523176,1000
619,0.6933000796616382,2.5518061444813496,15.586479404393966,0.9201250634431968,-0.36290389657774896,3.2639256571703426,-1.1101450446870273,2.4967452040103035,1000,0.85580297004229,3.0260045607751587,12.766956700120582,0.9817828859224229,-0.6087990965121716,3.5199267003938055,-1.068491486365659,2.780097426450239,1000
620,1.5971188139955013,4.539191627052183,16.14880633834438,0.5574196319451772,0.8047656991624206,3.095232370258423,0.504576335382954,2.6896612926080485,1000,1.6817412140184294,5.2726113896501685,11.197333201293258,0.5361048923503564,0.7413686933611537,3.0556426430343095,0.6309756250117309,2.732506803025128,1000
621,1.8591153055369878,1.2943790670465114,79.13207844920744,0.9996104625713057,-0.8598703946656692,2.471476410280603,-0.10012120110277145,3.818351812176747,1000,2.1095622190551047,1.6291876371864464,20.404245385518326,1.0729136877870071,-1.0900664672256413,3.512516458427627,0.006651390992570505,4.212473047117639,1000
622,3.3204889289616673,2.5736133963374797,33.40199203146884,1.4303212231384905,0.576009983476583,5.441039513328541,0.5170593316102257,6.123918526313108,1000,2.8087156975866625,3.485409705975974,12.187533723120435,1.2415291446093444,0.3865060504540543,4.97614471913177,0.3753185741523475,5.242112821020978,1000
623,0.7623654341899802,1.74659706234295,7.582955086932339,0.47874201352491585,0.11041233341950148,2.110716513231858,-0.17596891231885492,1.7006997806988151,1000,0.6019347037183598,1.9996022194949077,4.562742429875433,0.6038104651312952,-0.6660337727179887,1.8666656619603017,-0.5815338079389789,1.7854032153756985,1000
624,2.112403971906388,5.9597836111204865,9.372472545648996,0.4760484048791505,1.3229282232543347,3.260842285802874,1.1793490983432529,3.045458845469523,1000,2.130715172622958,6.356668151935021,8.036401431455593,0.4696633346874918,1.330474782552673,3.179562829036211,1.2101750366354742,3.051255308610442,1000
625,0.41934022257094417,4.898096607273406,15.539550951323312,0.5428557264242456,-0.5446766501920961,1.6943221372302153,-0.6446570012205772,1.4833374463624656,1000,0.3378920892435766,5.791504301264926,10.811111579200738,0.5205456540008129,-0.5005971399104884,1.5585593322163873,-0.6823773925980166,1.3581615710851698,1000
626,0.3007531633412932,1.0247907358280586,1580.675621957451,0.8981031053810469,-0.19316964537016282,2.692794547469386,-1.4595289232055586,2.0610352498881452,1000,1.621440634993161,5.573772841629392,7.411562444277251,0.6495604208670203,0.2013767528070519,2.732914091267937,0.34830221009380136,2.8945790598925205,1000
627,1.6450478742714298,2.7168687525788235,20.901555111373455,0.6460496286008219,0.25808673821513345,2.479343744974534,0.3787906022138188,2.911305146329041,1000,0.7857825763362001,1.867139926539829,38.46324917209269,0.600630750248783,-0.3171930226868396,2.282965788806467,-0.3914536941514146,1.9630188468238148,1000
628,0.8372106988276187,3.8092907884855043,7.491044421894312,0.8057959959759117,-0.6936019244780264,2.1458260264667337,-0.7421494532851682,2.4165708509404054,1000,1.14644163775661,4.1342448207003475,5.492163381683515,0.8600850704669541,-0.758648512443846,2.5239323494911114,-0.5393251003586201,2.83220837587184,1000
629,1.046680182424933,6.054618671293606,8.114619477799506,0.5104177249883335,-0.021381382036021943,2.0640159302587406,0.04626144144779931,2.047098923402067,1000,1.0186058013009165,6.0868494603717735,8.330652945910105,0.5013946811275543,-0.10646353289043527,1.9291998246126671,0.035872226290910136,2.0013393763109226,1000
630,1.2201229911011517,2.344907079338394,46.47737791691803,1.0913061037980905,-1.2487191078274793,2.800363945092559,-0.9188369723431054,3.359082954545409,1000,0.7227499793654337,3.1958805082359842,18.94918337036924,1.0265158226934898,-0.9788876303174043,2.831129403933027,-1.2892210331138065,2.734720991844674,1000
631,1.629127771755269,2.9802934654130104,12.020386067254629,0.5748485580677432,0.721371603256077,2.903025241985362,0.5024245979424924,2.7558309455680456,1000,1.4895745895554162,2.8791150202528026,7.154047172190951,0.7671513114449894,-0.3541225838796172,2.882148378117462,-0.014041980876762894,2.993191159987595,1000
632,-0.993296814624347,1.0000000156719282,0.8135737048484379,1.4161422051198593,-1.4866252854760875,3.2258297183355134,-3.768935536659271,1.782341907410577,1000,0.13012740464383032,50.00000000000003,9.357622968840175e-14,0.9830514582565119,-1.5711962042408791,2.1048774244899358,-1.796653453538933,2.0569082628265933,1000
633,1.1877863981080177,2.793896460832042,28.4305213714282,0.6962531305105056,0.0834046177511793,3.0022565637290217,-0.17686973769257341,2.552442533908609,1000,0.9902403881569783,3.1566091739351996,21.03071809279615,0.6918435913132231,0.11629388871135696,2.9416544606658688,-0.365773050816939,2.3462538271308957,1000
634,2.3093346364534297,2.3545348952181624,21.96048037737112,0.7879606316245511,-0.30011749929101716,3.1026425389332957,0.7649317984693096,3.85373747443755,1000,2.462921516736005,2.2908345357147204,14.988325170233495,0.803881002459221,-0.13296430749860166,3.2594577454138545,0.8873147519159317,4.0385282815560775,1000
635,-0.4438456330119802,5.391138054136009,5.302008120862749,1.0867653902433876,-2.4331638595872906,2.4807071983112396,-2.5739057978890196,1.6862145318650592,1000,-0.34728321282211727,5.693550618900769,4.576823355181188,1.143779278418073,-2.2917050857157597,2.6112384426965534,-2.58909059852154,1.8945241728773055,1000
636,1.1449622188510695,2.0218238068380328,12.864195825497797,0.819568878085828,0.365158705865202,3.3905592621679133,-0.4613927821971533,2.7513172198992923,1000,1.0404187570171584,1.9096465204562612,14.20554526126094,0.8413795911929487,0.05872491332424391,3.4022844637983125,-0.6086852417210211,2.6895227557553376,1000
637,0.4466127605535506,2.036200831870297,1.6417816388014892,0.6667398516686461,-0.2584761575024016,2.3891864810912273,-0.8601973487169958,1.753422869824097,1000,0.3703506805124446,1.9037402821060208,1.7353806427494727,0.7182786115316533,-0.7739295204420271,2.155550523695216,-1.0374753980895959,1.778176759114485,1000
638,2.2089441838187343,1.2877469009573763,54.789707861345036,0.3832149114728151,1.3388014459269348,2.845914065422556,1.4578429573320166,2.960045410305452,1000,2.214648905414998,1.5915271015430428,21.129227572175562,0.5370705854237715,0.7078837744828311,3.057705890281967,1.1619905579844059,3.2673072528455904,1000
639,2.400817056324014,3.7703167585509636,0.001028550621977801,0.9865497468895889,0.7392429814360673,4.259343093210365,0.46717955242041986,4.3344545602276074,1000,0.55799679649013,50.00000000000003,9.357622968840175e-14,0.9494291854682405,-0.40351646389451595,3.0639392938395087,-1.3028844070276213,2.418878000007881,1000
640,4.469924765313523,1.0940888830782742,110.09229172193936,1.3255599217218481,0.9282356251657605,4.845045182539178,1.8718273187387005,7.068022211888344,1000,1.6113467364351242,1.5597229063011582,10.38799964618542,0.9885314021619523,0.6057794046590814,4.384322822402198,-0.32617481180230246,3.548868284672551,1000
641,1.96015994948089,1.1858792350772591,98.30622433065773,0.8577694192845616,-0.9623637636993022,2.6255463414693923,0.278931887683149,3.6413880112786305,1000,1.7557604306798118,1.6675868677850736,28.945062665194193,0.8834389396444188,-0.8746530285941233,2.6296963710827406,0.024220108976751087,3.4873007523828727,1000
642,1.960239314425194,2.2960360842124805,11.790411168602247,0.8136842268165366,1.0359663166093356,3.826907319548456,0.3654182298647821,3.5550603989856056,1000,1.9527579184465726,2.429254113430285,5.50875780928748,0.8200254312090807,0.6412006242757794,3.6557736952275683,0.3455080732767746,3.5600077636163707,1000
643,-2.6427556649792048,1.1841339270219688,38.643436207513325,1.76661293002331,-3.31614815371412,1.8456607273452628,-6.105317007824892,0.8198056778664826,1000,-0.06581350757213045,49.99999999999998,10686474581524.463,1.645369127508132,-3.783959669112522,1.3114131984089044,-3.290736997488069,3.159109982343808,1000
644,1.1465683271737643,4.84159140009229,7.384992117353003,0.6016264309380998,0.11673419107756375,2.535470602268214,-0.03261947746491112,2.32575613181244,1000,1.093338125227778,5.326443423935372,6.281642591249119,0.7475864198541947,-0.15707803840696866,2.679273818826276,-0.37193125768644353,2.558607508142,1000
645,2.9001932476322105,1.544846497011997,132.7226367252541,1.6145691986381756,-0.9463288003094414,3.852194481959945,-0.2643623816986138,6.064748876963035,1000,1.1013845542888507,3.2570201605213525,25.36302512095381,1.1004903623848525,-0.950324961245132,3.303101781576544,-1.0555765559854602,3.2583456645631617,1000
646,1.3244171647525205,2.8519773279356357,35.39790569870253,0.9720725479181412,0.01044964914743658,3.430840520062082,-0.5808450291670364,3.2296793586720773,1000,0.9933151979849391,4.257176520384195,13.828341001260522,1.0770894379961327,-0.379449855536291,3.4165013235209614,-1.1177801004874808,3.104410496457359,1000
647,1.8165754496134303,1.377516682041691,97.8172056760764,0.48664001257760237,1.1273511479655833,3.151945018038469,0.8627610249613297,2.770389874265531,1000,1.9282896798293354,2.483302700776031,21.83769106522516,0.5184210300999088,0.7171967073768601,2.9980848911942095,0.9121844608335141,2.9443948988251565,1000
648,1.4160103931866252,4.272204105150255,5.5726255311949595,1.355529518737788,-1.3986533739939582,3.689940629847006,-1.2408274635394394,4.07284824991269,1000,1.538433350557065,3.8837125356298143,4.813021721469217,1.2338612773466215,-0.8775623773358299,3.698513184518141,-0.879934753042313,3.956801454156443,1000
649,1.0859596860980698,2.2411988622337464,16.770335187192863,0.3567630680901015,0.5806623965520792,1.9111503113963169,0.3867040726414709,1.7852152995546686,1000,0.9061436224762967,1.2575872712994622,41.38103588235137,0.44222113059898116,0.42463896213666086,2.0648252288148456,0.039390206502293634,1.7728970384502998,1000
650,1.9063877977647112,3.93275677428131,4.097561000207056,0.8548815818851341,-0.013907698155890906,3.274949462928997,0.23081989726984853,3.581955698259574,1000,1.023861772442529,2.7080138954689463,6.845617645403642,0.6914423241087642,-0.35359152153163137,2.327879755564469,-0.33136518281064875,2.3790887276957067,1000
651,1.6706747709767646,2.8146399179771238,9.943353320863062,0.45324299972317394,1.0139221590515552,2.8345165618338863,0.7823184915193437,2.5590310504341858,1000,1.6739589094703362,1.9183480897472565,15.992874792876306,0.5259622531484643,0.6259953524852301,2.913143050290605,0.6430728932993461,2.7048449256413263,1000
652,2.2849304912512594,8.273229506513728,5.6667278177141345,0.5957908146668969,1.2167414178935905,3.5560055153403884,1.1171804945041415,3.4526804879983772,1000,2.3573975905835716,6.2916345395180775,7.756460636694473,0.6921486174432206,1.0987871310173343,3.7256609070075344,1.0007863003948592,3.714008880772284,1000
653,2.8630997919597245,2.1417725479200675,24.228051619411733,1.0186916481663562,0.5573022905192101,3.9364248812482487,0.8664641615536666,4.859735422365782,1000,1.6711890582258924,2.996431296666455,12.932345939835356,0.7970632836521251,0.06638466660760446,3.711916234424712,0.10894502226772729,3.2334330941840577,1000
654,3.1094749014275083,1.8059101360904837,17.43912885102919,0.6717044744744978,1.4411779254738926,3.9701821770556314,1.7929341314574927,4.426015671397524,1000,3.2479446664228,1.9250342283844035,15.642595757626506,0.698399828581473,1.173480626941216,4.163211834165189,1.879081002403113,4.6168083304424865,1000
655,2.269655743196145,3.231726526904679,41.37353379764791,0.3825989842926853,1.6289248349035452,3.1249636248795567,1.5197617339824818,3.019549752409808,1000,2.7243470009040047,6.556850927381263,5.010352621672284,0.4613149362815603,1.9221413141581292,3.7388042705181195,1.8201697257921465,3.628524276015863,1000
656,1.2412528412271946,2.7950135341241285,18.81664277928809,0.6324368542427015,-0.036834302225631235,2.307117796433857,0.001676606911499734,2.4808290755428892,1000,0.6939762895499899,1.9588253068210777,29.01385498633098,0.5499959752757372,-0.19469172256617778,1.9143454196285332,-0.38401582199045503,1.7719684010904349,1000
657,1.8381776137282544,7.144029732001704,11.178722809140615,0.3255517293485373,1.239024447394985,2.510385796456103,1.2000962242051214,2.4762590032513874,1000,1.6689992541390315,9.31197925927011,5.558155983840461,0.4244009338117598,0.9660427455574709,2.5756139010881163,0.8371734238679823,2.5008250844100806,1000
658,1.7383674149582864,2.1255042314070565,33.76182355333647,0.6454349805364439,0.5425929002425512,3.1474127546115875,0.4733148531068565,3.0034199768097163,1000,1.6667565806138431,2.228565483929483,31.8753447879362,0.7610915232464017,-0.1272220373764738,3.1580608788244917,0.17501719505089586,3.1584959661767904,1000
659,3.194536454640944,2.244571771297027,13.095882489997603,0.5873079607970285,1.6081039941084965,4.065309712126696,2.043412851478768,4.345660057803119,1000,3.256170659267089,2.4191209482978535,9.91144246205941,0.9353635256777578,0.39551967229169827,4.08380143346561,1.4228581489386836,5.0894831695954945,1000
660,1.0563058279382571,2.4077178048904466,34.23752439448851,0.38956444685723224,0.2858340398325535,1.776239226582336,0.29275951209808193,1.8198521437784323,1000,1.064941138953056,3.686381551464213,10.313868851689033,0.4511263168564017,0.15453580774940084,1.87711020123229,0.18073355791450874,1.9491487199916033,1000
661,2.1273055550050475,2.9538236908660815,10.123027307953556,1.0193881922298529,0.11631100198440524,3.4721716497898445,0.12930469823453583,4.12530641177556,1000,1.9031232064370571,3.330475833237038,7.079565995676786,1.0310553146215113,-0.1910311949802411,3.391274058499451,-0.11774521022110518,3.9239916230952194,1000
662,-0.02104790842386617,1.052215695662574,162.83907264426114,0.8648637231077742,-1.1304827724390543,2.5882492559237753,-1.7161808057151036,1.6740849888673712,1000,0.08081677546745247,1.2195264193639421,33.1530776837618,0.6867355780427185,-0.5385957353408205,2.321339947116601,-1.2651849574962757,1.4268185084311806,1000
663,0.14000693596523517,3.0698301598828146,15.11332739821645,1.381903889466488,-1.476355360523018,4.222508782979751,-2.5685246873890812,2.8485385593195516,1000,-0.12278470973700273,3.0031287632957646,12.761897234586568,1.2063910295407991,-1.6330969432825766,3.6352680623426368,-2.487311127636969,2.2417417081629636,1000
664,3.196734648777963,1.0914916157712247,295.8150206885334,0.8356308164697832,0.96135002261718,3.7504876093047947,1.558898248497188,4.834571049058738,1000,1.598767166161513,3.3281369758528316,8.028714787007177,0.49526411447492114,0.7259109814529427,2.5694598632872094,0.6280495017906677,2.5694848305323585,1000
665,1.6445537734957174,4.238909060552523,9.188469210731594,0.6037178795293371,0.24757238039108154,2.775890544267219,0.4612667296182167,2.827840817373218,1000,1.550752701627695,4.719324651116923,7.421331829661859,0.674206800306938,-0.07799232622315125,2.7999423965652044,0.22930737302609638,2.8721980302292938,1000
666,2.142473145040198,1.0161225173089248,892.1442929856732,1.1057329000917564,-1.830066604794654,2.8209503739040205,-0.024763339139644458,4.30970962922004,1000,1.7034851853279585,2.1644109475528857,22.49081918054301,1.3262714838239684,-1.77349608895308,2.816314815050029,-0.8960069229670196,4.302977293622936,1000
667,1.4798878931003467,1.3701678733677354,54.7419226112632,0.663647067943599,-0.39456657946196094,2.0494189080275245,0.17913963993089288,2.7806361462698006,1000,1.3053858296751715,1.730973511476752,35.60025262597904,0.6696025838673327,-0.5832367956702501,1.9731305718393006,-0.007035234704800608,2.6178068940551436,1000
668,1.8409928971755565,2.560667820774071,18.039730798346064,0.48287405581865284,0.5054435408360203,2.4586812127501845,0.8945597477709969,2.787426046580116,1000,1.733114334620531,3.734280818213046,9.27467491355835,0.5163197377809254,0.36906140086233763,2.4425218529771904,0.7211276485699172,2.745101020671145,1000
669,1.9368409824889188,3.806204501416234,8.106372680406423,0.6281411051818673,0.8194935378065618,3.118716355568696,0.7056844163324589,3.1679975486453786,1000,1.8200968903902153,3.606561235968956,6.110080870144006,0.6546916608858385,0.6593075571794919,3.054494630710606,0.5369012350539717,3.103292545726459,1000
670,1.8426037697906619,1.4998804208090288,110.45315992252671,0.4313704424804973,1.2220320259273498,2.8436089220323626,0.9971177025288872,2.6880898370524364,1000,2.087191326778225,5.637367290402743,11.711716707094865,0.4315257756783845,1.2073282384070814,2.877809378894634,1.2414008064485915,2.932981847107859,1000
671,1.1395881157299013,1.8811581936699433,43.14540731112818,0.634824510305265,0.573744599559458,3.130584503410649,-0.1046679244684181,2.3838441559282204,1000,1.3222505550408306,3.1246510814259,15.041963717821389,0.5490879120170319,0.7364613197623988,2.988445631213766,0.24603824748744807,2.3984628625942133,1000
672,2.712280130781863,3.101240837716206,15.356932742353434,0.7210174187626035,0.7845703139782189,3.589042401012976,1.29908599000716,4.125474271556566,1000,1.7187873451865419,2.0973593086819986,19.988781563949228,1.084590767529555,-0.8575119337097441,3.718153005327627,-0.40701055917138573,3.8445852495444695,1000
673,1.4780090210419559,1.4073700634818243,145.396096530029,0.590028884463003,-0.6824730896237999,2.400898041365088,0.32155240749447,2.634465634589442,1000,1.569808347172136,3.647120875226675,16.45607360584952,0.729601672208876,-0.44466057259921066,2.804650591985333,0.13978906964273907,2.999827624701533,1000
674,0.9132512491460059,1.6837891595729952,97.88929064785916,1.047498671375677,0.1226847641827144,4.534808426664924,-1.1398461467503211,2.966348645042333,1000,1.8205907169226128,3.5865787374841775,21.406891199281183,1.1354211900605398,-0.5024861540788658,4.297409570039601,-0.4048348155960453,4.046016249441271,1000
675,2.561910610673949,4.0669249341666145,11.12463629612522,0.6317389714338995,0.996776916091503,3.767336492300358,1.323702226663506,3.800118994684392,1000,2.4435667121738973,4.630016525825421,6.222067215475467,0.6469002664520082,0.8485660252559452,3.6947962618406796,1.1756421899279614,3.7114912344198334,1000
676,2.7823505895628844,2.0270725108778396,62.50363665299775,0.6849202911156379,1.2405978882952604,3.9234159429609794,1.439906818976234,4.124794360149535,1000,2.853317334190866,2.664481059887854,20.040505261633353,0.9533137272024834,-0.31830646893417414,3.922102789451248,0.9848224288739986,4.7218122395077335,1000
677,1.9679671786443493,1.0447114859567552,261.83743052682354,0.7094143386269861,-0.270393781691816,2.5666208918799094,0.5775150749354565,3.358419282353242,1000,1.8806516778376419,1.2353153369325625,47.59710210112161,0.6424415297377726,-0.06567421050588844,2.4835127246892825,0.6214662795516077,3.1398370761236762,1000
678,2.0722487003182963,2.346180226313284,28.057538524831504,0.6378107692520468,0.5042339019532567,3.0548215041248454,0.8221395925842845,3.322357808052308,1000,1.9234698077036172,3.2990285559218666,15.58946514165232,0.6627074807416626,0.4247747582506736,3.047253483744948,0.6245631454499585,3.222376469957276,1000
679,2.4107603568521343,1.6110849915344467,49.562176383566786,0.4565715977939599,1.1126918008940065,2.9815793594229945,1.515880025175973,3.3056406885282956,1000,2.342293917629845,2.3422241199221947,13.491702128132003,0.5195989070132764,0.9705187178864279,2.940780239729803,1.3238800598838234,3.360707775375867,1000
680,2.6343218547427223,2.3586092169324715,21.438920976558915,0.9181873894553236,-0.12614888934540955,3.4666466667808415,0.8346745714102881,4.433969138075156,1000,2.789638674223326,1.837432354512537,30.222956461351547,0.9925798249907763,-0.24382100783876592,3.577152601989784,0.8441822172414044,4.735095131205248,1000
681,0.8880548218683884,2.3062597546336803,14.525377564431698,0.45642640642768784,0.21316479812663297,2.1287223837904654,-0.0065409347298798215,1.7826505784666566,1000,0.5388365777828019,1.4026932738995093,16.866156381118948,0.4431057510736775,-0.018785165919105895,1.6529942684514698,-0.329650694321606,1.4073238498872098,1000
682,2.6798029452616485,1.170321040117617,66.91347935572529,0.9316982348111691,0.6791929325046216,4.247070006072035,0.8536744050317571,4.50593148549154,1000,2.6555010667397285,1.0795569806422145,16.27482938233141,1.3029689172349572,-0.8481999796241012,3.3658188586246944,0.10168198895921243,5.209320144520245,1000
683,0.90134833177602,2.564948616544633,8.629236932693013,0.8993088755883787,-0.7419919200200016,2.438600898028147,-0.8612970643772022,2.6639937279292423,1000,1.0504840825182438,2.5774228621250095,6.242545161431952,0.9282804433135685,-0.7426729813293338,2.7143267960695305,-0.7689455863763506,2.869913751412838,1000
684,2.8422559067425164,2.75076050267913,5.030128362733977,1.2829214056711973,-0.38286664874763154,4.549460358097175,0.32772995162696983,5.356781861858063,1000,2.9366739900328755,2.690778554734897,4.718976988959606,1.321764886079035,0.013071424143344331,4.44505851097158,0.346014813317967,5.527333166747784,1000
685,2.3507007680446357,2.1916817786279204,18.409897975105203,0.8734311088340388,1.430525205292092,5.611745172204689,0.6387757947299195,4.062625741359351,1000,2.0563033480235924,1.290347788029037,39.90917233786496,0.5791192801743977,0.9937539897814923,3.2686321790942054,0.9212295588817729,3.1913771371654116,1000
686,2.379377454792455,3.505429598117388,17.53857392374067,0.9810091992739866,0.5954913975454388,4.6095861540057275,0.4565994242154414,4.302155485369469,1000,2.3478418138580888,3.515102554210113,18.098764585119724,0.9480065643625069,0.5940946426510112,4.627018548939399,0.4897489477075754,4.205934680008602,1000
687,1.8422961176019332,1.8193670875527672,68.51263179742254,0.5088719500761146,1.1214993551842236,3.0662448047547595,0.8449070954527486,2.839685139751118,1000,2.3164468092434234,4.925845255029855,10.117832792419211,0.512433605912686,1.418282546712932,3.386317371999218,1.3120769416545588,3.3208166768322878,1000
688,1.7234160303714536,2.508047014370054,11.767462892541657,1.2844362861924763,-0.37919263744518245,4.067409520610989,-0.7940790905657997,4.2409111513087066,1000,1.8116010645688974,2.4798098849531796,12.023420069783445,1.2959419164091124,-0.4196298863705164,4.075326342217769,-0.7284450915929628,4.351647220730758,1000
689,2.6104260101319614,1.243042129066335,178.66463338593573,0.47097448045078283,1.5465782606492406,3.412799419698206,1.6873160284484272,3.5335359918154956,1000,2.532920914646778,5.358711214100104,9.064790242101525,0.5466352282218017,1.1447273311497743,3.3160983582411374,1.461515867332047,3.6043259619615093,1000
690,1.6585285552093776,1.1076579118939707,172.6534990011291,1.0307906638158186,1.1318621630367487,4.509343314243761,-0.361821145869627,3.678878256288382,1000,1.7586506858720685,1.2234481479703025,83.1341480089447,0.8996976558642263,1.0605954855351736,4.3054317675521165,-0.004756719621815009,3.522058091365952,1000
691,0.34902986508331657,1.647117858725462,19.72709266797023,1.0812285236802404,-0.3933848734649081,2.9079870021725838,-1.7701780413299544,2.4682377714965877,1000,0.42918874715540967,1.861076698652908,11.517046354274328,0.9924497889048423,-0.5048819471038508,2.75899176192935,-1.5160128390980812,2.3743903334089005,1000
692,1.1100729284759148,1.63244509867262,47.56225269397489,1.1564205539274466,0.2705955282065997,3.9098737695432257,-1.1565113572218804,3.3766572141737097,1000,1.636626242628874,2.413306563678377,21.548633636913806,1.0825894801443312,0.09241112581406814,4.0909495939655365,-0.48524913845401496,3.758501623711763,1000
693,2.000049126189547,2.35757818240843,22.696551865796806,0.7277493793882852,-0.08995510351176099,2.569972352410049,0.5736603425885081,3.426437909790586,1000,1.7881354996873056,2.3758028911154874,6.692495670223237,1.0944343552365383,-0.9995105872710087,2.6099447204740924,-0.35695583657630947,3.9332268359509204,1000
694,2.466931049644013,1.570777324233913,25.263887452167904,0.667172532326858,1.5613818048227264,4.500610245939468,1.1592728862833714,3.7745892130046546,1000,2.5139201451872135,1.7094668774576358,15.737167163419658,1.1264549091089244,-0.5700779029200045,4.476796508936753,0.3060685233337215,4.721771767040705,1000
695,0.6447929786765338,2.096081087038265,23.302755210009472,1.0911993052074875,-0.48875369142788105,3.038602166787256,-1.4939576595301416,2.7835436168832093,1000,0.3042679165412072,1.6377711591754516,21.301215645947035,1.1523891818894327,-0.6253275372275284,3.065234762032556,-1.9544148799620809,2.5629507130444953,1000
696,1.2832907699959262,2.3992872296707706,10.76601264660537,0.6101604716426032,0.4968067476715462,2.753201747481648,0.08737624557642376,2.4792052944154284,1000,1.1809052028540825,2.537773648296944,4.47274415501606,0.783159296966595,-1.2853213037581477,2.0740632081651755,-0.3540870192004437,2.7158974249086087,1000
697,2.5302551196494343,1.1487810024419303,225.85293289622916,1.4543548049999109,-1.535611581597056,3.080553305743193,-0.32028029815039094,5.3807905374492595,1000,0.7101798891660533,3.0793075820146623,18.27097620778419,1.1919002385669941,-1.6466267849769798,2.6571019466578667,-1.6259445784252553,3.046304356757362,1000
698,2.2076660487323942,2.162752934668809,15.005564159130834,0.7601704179658377,-0.22135914516474073,2.957959799686562,0.7177320295193523,3.6976000679454364,1000,2.3550489422452667,2.2115413338778556,10.43558277158449,0.7779183070855279,-0.3058260662338308,3.098523025176566,0.8303290603576321,3.8797688241329014,1000
699,-0.08286428430477732,1.972955758653027,79.67569647972238,0.5584667431523099,-0.6601717578834471,1.3305705877956346,-1.1774591008833049,1.0117305322737502,1000,0.47600086657509855,5.7804643507455955,10.520486068816098,0.40546597880443874,-0.2222053394461735,1.336438843859509,-0.31871245188160136,1.2707141850317984,1000
700,1.425671111137136,1.0698042657804825,248.47274029433353,1.0482065966577554,0.8449968646993472,4.018252732894421,-0.6288138183120646,3.480156040586337,1000,1.6234309756929017,1.3267735121632056,16.386047877879797,0.9605578410777141,0.7775938913582292,3.9293496371616037,-0.259262392819418,3.5061243442052215,1000
701,2.208677139680322,4.0470710495937885,14.1634272709078,0.6167514142445575,0.9327174678253176,3.3537090477393545,0.9998443677609896,3.417509911599655,1000,2.119119351861924,4.268017290238452,9.948356717656624,0.5914606157037859,0.8667074787299487,3.211586897454786,0.9598565450825036,3.278382158641344,1000
702,4.600977648546294,1.113569232164451,69.05552575883088,1.1454985274256726,1.6495031417595363,5.1688288898625245,2.355800534791976,6.846154762300612,1000,4.4865085348306195,1.2241444053125323,17.862772715806774,1.4861511461746142,0.5524483711056564,5.132394777185822,1.573652288328376,7.399364781332864,1000
703,2.2375995349629125,1.9807335235555859,102.06995816839222,0.6269350476404008,0.5813548619943252,2.972129691081164,1.0088068415877272,3.4663922283380977,1000,1.6822540376440682,4.943808876936562,10.401807171479529,0.514256145776643,0.649599185134531,2.6864807815695344,0.6743119919218479,2.6901960833662883,1000
704,3.258070262406517,2.287974541674625,63.038161989628094,0.8276279924602711,1.1924730379837318,4.179510287940475,1.6359193971843857,4.880221127628648,1000,2.6018959694515815,4.4704347400649596,16.31518198373545,0.7634214605051305,0.823570898984552,3.777884770365396,1.1055899068615258,4.0982020320416375,1000
705,1.5996962334374987,2.5376643261234846,43.32062772730738,0.7550701021739175,0.7110343068895729,3.6940559716248895,0.1197588331766204,3.0796336336983767,1000,1.7724466890435928,3.6057155631476974,24.408711876281707,0.7083631997203061,0.6917749125105566,3.5369616373128103,0.38405481759179283,3.160838560495393,1000
706,0.751971022718132,1.2569615933866634,23.528548982214172,0.53826296181634,0.21022402640294688,2.0952432281418187,-0.30302438244189456,1.8069664278781585,1000,0.8095154181434476,1.4553507951397804,9.512669163532165,0.5918650904027779,-0.2195991745382349,2.0809412023699982,-0.3505401590459971,1.9695709953328924,1000
707,0.6758876754039504,3.4638839245025617,3.8769356484376516,1.2781363685965446,-0.6428495639324036,3.9899098928882175,-1.8292596070452767,3.1810349578531776,1000,2.974130987152008,3.156275363763648,3.846378665218975,1.5475965958358737,-0.9708891251366237,4.919270214905672,-0.059158340686304545,6.00742031499032,1000
708,2.2418799976346846,1.079287189131371,250.7740457886433,0.9288846486069868,-1.0660717185585111,2.7754955600604707,0.4212660863649904,4.062493908904379,1000,2.0409176625313514,1.4635628228578614,48.3796948522077,0.8630300320659436,-0.8922068817467569,2.665512488051292,0.34937879968210184,3.7324565253806012,1000
709,2.5394659846007532,1.0234756320136602,184.53373245021194,0.7423054874609516,0.3396172915068312,3.02077730970698,1.0845472291772882,3.994384740024218,1000,2.529048834934156,1.05749409371418,23.38309903053018,1.0907045863385403,-0.6903023438001844,2.9657117547071463,0.3912678457106171,4.666829824157695,1000
710,2.0767832846810634,3.6164850666818817,16.834560655643312,0.800232674535201,-0.14858511533504257,3.2953300528454834,0.5083272425920695,3.6452393267700574,1000,1.8189955239205113,4.745953640063867,9.904301350761033,0.8234338988353207,-0.399778689405172,3.1141302602693983,0.2050650822032829,3.4329259656377396,1000
711,1.8966820243967615,3.0338604823597133,21.83900277312178,0.367907087690811,1.2484376562442066,2.7022831382586716,1.175584132522772,2.617779916270751,1000,2.0979170553243276,4.488997777112551,8.86287600929813,0.519762382196688,0.8127267794627927,2.8559720540861315,1.079182786218819,3.116651324429836,1000
712,1.2868117878216792,2.1605277252015975,28.650831926657958,0.9575139477742717,-0.5121261118660332,2.7644951453577935,-0.5899155498158932,3.1635391254592515,1000,1.183260339772103,2.2558462651745654,21.42887040408169,1.0003304875917016,-1.2658894623215056,2.8629869107135946,-0.7773874159076319,3.143908095451838,1000
713,2.180528758556268,2.0351066751469564,17.918401441712174,0.8454769564059694,-0.02363803818302489,3.5249319387870237,0.5233939240005678,3.8376635931119676,1000,2.2885877948948634,2.923446338588693,8.616196947746943,0.9116365197557431,-0.30648445498596216,3.8809785976509095,0.5017802161736069,4.07539537361612,1000
714,1.07541498739078,1.4804441518488332,96.23618237790528,0.9079694776491454,-0.19829283320064775,3.293767412692108,-0.704205188801545,2.855035163583105,1000,1.4137706362103777,2.076997140900523,22.344461373729487,1.0284409613440075,-0.4209003732300939,3.36511280551461,-0.6019736480238769,3.4295149204446322,1000
715,3.743546991910331,2.3907707645920393,17.895811898857268,1.9567258816586728,-0.18016211164810378,5.671246035457779,-0.09163573614066767,7.57872971996133,1000,3.681699610797587,2.637677776531364,13.434673559686221,1.7934341611709521,-0.11080427194197316,5.631940184414857,0.16656865490252093,7.196830566692652,1000
716,2.8272046387529977,1.3598323004478268,9.535850434138444,0.5433853676720686,1.1308748415996783,3.5017756559748756,1.7621693181157432,3.892239959390252,1000,2.9064769893428335,1.0629839640353942,3.9043628248800832,0.9117292432884864,0.24530137708788335,3.328668879269799,1.1194876724974003,4.693466306188267,1000
717,2.6114402516904636,1.17865792440659,86.2047145263529,0.8579378349254689,0.2823442230160014,4.142282340703355,0.9298820952365445,4.292998408144383,1000,2.605811836994591,1.169675767961731,41.95148435826806,0.9940226117457277,-0.10524897073500207,3.767523917902745,0.6575275179729647,4.554096156016217,1000
718,0.037990261420950855,1.2925267774865616,113.95222894028447,1.0648453099891446,-0.485841550243561,2.988274882496769,-2.0491065461577724,2.125087068999674,1000,-0.3064233931636089,3.0121423856060283,16.45729192779389,1.0937492543774239,-1.4747771206014442,2.8618486384334454,-2.4501719317433595,1.8373251454161417,1000
719,0.6475381626732106,1.3992713577901768,8.9383477777274,1.0139609981510196,-0.06134167572320741,2.936077123569268,-1.3398253937027877,2.634901719049209,1000,0.7184136309795108,50.00000000000003,9.357622968840175e-14,0.9024846515796886,-0.24846234258751998,2.9737036851872514,-1.0504562861166789,2.4872835480757005,1000
720,2.790926106436551,4.082308033444481,6.035812461464561,0.6338175869004623,1.3678798255920903,3.9917499681125785,1.548643636111645,4.0332085767614565,1000,2.9459008805742677,2.645125889198688,7.153237302464856,1.0779491465665667,0.25699199924168764,4.245116990835669,0.8331205533037971,5.058681207844739,1000
721,1.6707271133979276,1.5877265049121296,19.184805387275354,0.665615429246554,1.0842433225886439,3.7493197114932824,0.3661208720746816,2.9753333547211733,1000,2.15565057202518,2.5011775121723474,4.174274003310471,0.6351386058382892,0.9360368327695638,3.6363386672031264,0.9107789045821335,3.400522239468227,1000
722,2.12558925715312,4.072905872338559,12.82087304278641,0.7685806435541058,0.9606345555073311,3.98388053940842,0.6191711957870725,3.6320073185191672,1000,2.2962409556693397,4.2289368184389104,7.939013404043913,0.8465891991048916,0.8812921213786653,3.9939229040768818,0.6369261254237522,3.9555557859149273,1000
723,0.21283985004725592,2.873057703432142,5.307832476751804,0.521710137003542,-0.6782230270274043,1.3089282401545597,-0.8097120184796862,1.235391718574198,1000,0.19532668810577491,2.751887372880072,5.226784722110292,0.44519096539965525,-0.6760079857438657,1.0919579447668106,-0.6772476040775494,1.067900980289099,1000
724,2.2871308734164812,2.188671210591031,68.81880357925205,0.8418018217985548,1.0318281314926285,3.969499930848948,0.6371993026913139,3.937062444141649,1000,1.8519430125544913,2.239730912362937,31.124690904228235,0.6689235438187267,0.8716383297464033,3.566165411915734,0.5408528666697872,3.1630331584391955,1000
725,2.759102887941689,2.6914159787795917,12.980504003982213,0.8050250144902323,0.6863622505354705,3.6679420921786567,1.1812538595408337,4.336951916342544,1000,2.2528082271534187,2.9519408753947074,9.099037459864839,1.1080858343174782,-0.5841110722763776,3.490107775739777,0.08095999189116121,4.424656462415676,1000
726,2.598209380904449,2.4749456045382456,11.176415494782985,1.1521791482185517,-0.2267587204392796,4.198117599896116,0.33993825039608794,4.85648051141281,1000,3.460136158615323,1.426354506128019,25.868006230802788,1.228186659473502,0.022642772802550497,4.30060132924472,1.0528903060472592,5.867382011183387,1000
727,0.8087215129780707,4.747606726409328,10.962491557825672,0.7443454621201011,-0.41069371259866755,2.3422543431486034,-0.6501955927773275,2.2676386187334687,1000,0.4970677136254298,3.7170354375275183,13.405589754110755,0.7745058406165162,-0.6373149292708522,2.3631964162967765,-1.0209637339829418,2.0150991612338016,1000
728,1.6744362688137409,1.9348079242557148,35.08485347970532,0.524089988310826,0.8506167534744884,2.805019345404625,0.647219891724522,2.7016526459029597,1000,1.7063087944676971,2.4357752219823166,24.176734127262865,0.5518175941913479,0.6441169812565657,2.7626979755077823,0.6247463098526553,2.787871279082739,1000
729,1.3421615853904845,1.7275780458555685,42.96293483256189,0.6381338703687814,-0.29642885512754436,2.040137793556975,0.09141919946767296,2.592903971313296,1000,1.374167338306393,1.4919519964971226,61.44606552819765,0.7387811728500292,-0.49500292501739235,2.008943174731726,-0.07384376047966423,2.8221784370924503,1000
730,1.9670645857364153,1.2124025544006543,67.40556615361018,0.7361071007576931,1.0294594734557618,3.7329681582984438,0.5242946682513367,3.409834503221494,1000,1.9996224955254496,1.3046678384217483,25.229957731535205,0.8577246285347727,-0.2095825426218926,3.4035580787340725,0.31848222359729506,3.6807627674536043,1000
731,1.7003374487807696,5.441124608357461,13.283593079086751,0.9461900621894116,-0.02073543570275084,3.760798944484767,-0.1541950731104771,3.5548699706720166,1000,1.612373664942,5.308021688839832,12.822046086294408,0.8018741188654542,0.33747485213556006,3.606797248759145,0.040700391965709626,3.18404693791829,1000
732,2.5116231352062326,1.2787507303100463,328.22389209716346,0.73460544239027,0.9881756111235512,3.9995566446839144,1.0717964681213032,3.9514498022911617,1000,2.7029903556693027,2.408155314652671,20.41628770044486,0.9503483691479155,0.5648112677996951,4.030743061010722,0.8403075521393883,4.565673159199217,1000
733,0.8848373808141956,1.096939013470732,305.8525202040391,0.5412915685970962,0.24808233501836685,2.2811653280595383,-0.17609409363611284,1.945768855264504,1000,1.3138425474074042,4.214105214572632,8.837510968105356,0.6967282901485217,-0.06233343300825292,2.7142567701878377,-0.05174490128369813,2.6794299960985066,1000
734,0.23699287800954294,1.7997133165484016,92.1445772557505,1.4193807386083264,-2.779494366401709,1.624147931896302,-2.5449933696627767,3.018979125681863,1000,-0.7992663282331121,2.5033061363480917,19.169286159843896,1.3663180043244043,-2.7427505428218217,1.4984311441159797,-3.4772496167089444,1.8787169602427203,1000
735,0.6842693491803795,2.185914568603399,30.879919241996074,1.318582837868993,-1.4676185406740876,2.8729077020103957,-1.9001530130428466,3.268691711403606,1000,0.9115094417725018,2.2481219764656775,15.381504650346365,1.269619667493675,-1.3740534913150275,2.8456254323992236,-1.5769451065151014,3.399963990060105,1000
736,2.0544160687251685,1.091492396472827,139.5658117752443,1.0116813834496627,-0.5449840866156686,2.5476575119227833,0.07152055716382955,4.037311580286508,1000,1.840988526786097,1.3896877172723825,39.59785682149261,0.89033974384357,-0.4005498239946904,2.49904420335922,0.09592262885269998,3.586054424719494,1000
737,1.3230246236434544,2.5562498971507748,26.523573717728013,0.3876087237410292,0.7544600929807062,2.285967963216167,0.5633115251110371,2.082737722175872,1000,1.3378079998163548,2.480650619886397,26.731102703279305,0.43177214616473847,0.6785207151835594,2.255866555523386,0.4915345933334674,2.184081406299242,1000
738,1.5656493433492777,2.043191034605384,5.161628876190867,0.924451019992144,-0.734472007447853,2.8190729674053583,-0.24627465583532437,3.37757334253388,1000,1.7480144324681373,1.8923956643297055,3.7022962554296774,0.8158291783260009,-0.6286584296246914,2.5450536001020208,0.14898924294917548,3.347039621987099,1000
739,2.885044484400047,1.4642550955905524,79.12023250486529,0.3445194557716552,2.3256361700686177,3.7164217290765915,2.209786351087603,3.560302617712491,1000,2.903186961322721,3.5928343492228514,16.47302308423486,0.33923227633460473,2.3334693534947513,3.6260672843126334,2.2382916997068953,3.5680822229385463,1000
740,2.141761857982015,4.427868394783404,11.660495346802398,0.6679940861408717,1.0672036911722562,3.7741539613974937,0.8324934491459064,3.4510302668181234,1000,2.022317537938107,3.649974603029871,8.815284430857862,0.8264595819787057,0.7872864639332098,4.209662008490191,0.40245675725984387,3.64217831861637,1000
741,1.8103412041173492,6.2269228643939725,4.631129141231143,0.8008458205425802,0.3182510940053778,3.4396242888560318,0.24068339585389187,3.3799990123808064,1000,1.1451717207033407,5.13902360212651,5.43064757348378,1.1791519882088253,-1.1421972571090155,3.556499273887552,-1.1659661761859568,3.4563096175926384,1000
742,2.3050708370687794,1.2232956538633817,40.37137819001901,0.7634597000842832,0.8896101904053836,4.523953280427461,0.8086898249035843,3.8014518492339744,1000,2.2766325322545855,1.0564075171961984,32.09070838640447,0.9766509157931247,-0.2276055715321466,3.0291660427281792,0.36239673730006117,4.19086832720911,1000
743,3.0281708124049698,2.1840473495461312,2.6736076454911344,0.9572620109188582,1.0561768031577803,4.184586840739205,1.1519372710040077,4.904404353805932,1000,3.1765287227815486,2.174094508371288,2.478152596132559,1.1961702960264122,-0.13815387752496489,3.8714632378085576,0.8320349425697806,5.521022502993317,1000
744,1.84578271612239,2.2341976238407253,114.20757465249669,0.46585838394810125,1.0882326398958868,2.8592101854410417,0.9327002835841116,2.758865148660669,1000,2.1008213497691446,5.027593559373179,6.0293781774182795,0.41660397523500525,1.2099262954823957,2.855850936803694,1.2842775583085344,2.9173651412297548,1000
745,1.4494262420487494,1.2560900747101793,110.54058632621864,0.48153834517124294,0.8768257700610984,2.541241919541463,0.5056110855131132,2.3932413985843857,1000,1.5588539087113489,1.7592534463709648,29.50786171820368,0.5758539072433542,-0.01756671964919411,2.627719741953823,0.4301802505143748,2.687527566908323,1000
746,0.45211736777624156,3.672926434046218,6.577734307972747,1.1014050454082172,-1.5632300551705174,2.482781080966551,-1.706636521223864,2.6108712567763472,1000,0.13208241468195636,3.2999175006714347,7.64662786133205,1.168610502508336,-1.8031997507803277,2.467094655061229,-2.158394170234382,2.422558999598295,1000
747,-0.7365107902507253,1.861987251989416,23.67317971965278,1.395821711837043,-1.8147561955457234,2.4201665330887328,-3.4723213454513298,1.9992997649498792,1000,-0.5137484566448092,2.468645791003934,8.125530521694138,1.1512523996261403,-1.852549134044938,2.4174683510355215,-2.770203159912044,1.7427062466224257,1000
748,1.6236177468185333,1.2277517161993476,165.59392612239435,1.1283935537826721,-1.3613084083703177,2.2384865988476013,-0.5880336185955042,3.835269112232571,1000,-0.6372951129289257,1.6362088814812659,54.533697746195514,0.9693673089557219,-1.6472318583150298,1.7731844934687353,-2.5372550384821406,1.2626648126242892,1000
749,1.0089257625874652,1.8972125824900086,18.77223096214762,0.7063536665467905,-1.1864570284533427,1.7649397087399883,-0.3755274238442443,2.3933789490191746,1000,0.9759627672757165,2.0991027985964394,11.496572697362641,0.7336898258832223,-1.3804316853436278,1.6633931748604964,-0.4620692914553992,2.4139948260068325,1000
750,2.2834032080726323,1.7415351240037624,17.55714305609221,0.8047152612136688,-0.014581965754906275,3.7231719940998738,0.7061612960938415,3.860645120051423,1000,2.3433837048547415,2.346234178584534,10.784299364692215,1.0567972436254867,0.1761021668143142,5.374546406594565,0.2720611073487875,4.414706302360695,1000
751,1.4944215445075695,1.4485739060221714,81.76355624475708,0.47874748645206805,0.7537862415896637,2.6871431644944197,0.5560764710615161,2.432766617953623,1000,1.4270162047848078,2.52893999009657,16.00434731653342,0.5154130090729532,0.688066668280065,2.8931054692782388,0.41680670700181954,2.437225702567796,1000
752,1.0416061363974447,3.5365992567544016,11.126069575095379,0.4675074035411334,-0.014291148229410309,1.8421224534639167,0.12529162545682326,1.9579206473380661,1000,0.5579702090931173,3.904749107622744,4.3469764546277965,0.7290091201221259,-1.1203839120974675,1.7510252842386107,-0.8708876663462495,1.9868280845324842,1000
753,1.9375275007109323,1.2424350061205618,36.12750930844974,0.45898184698739497,1.1722910364456107,2.8087696368323956,1.037923080615638,2.8371319208062262,1000,1.9739697718838287,1.344054969048606,30.008701318629583,0.7511517396740119,-0.6742267390436789,2.8295362613849955,0.5017123621227653,3.4462271816448924,1000
754,4.314926440700132,1.5976037439440163,15.943737840676318,0.6558298407572739,2.6655587143926343,4.8623373239274486,3.0294999528158755,5.600352928584389,1000,4.131569836771282,1.8690536746184212,7.771656628223988,0.8992814851231432,1.6909948062568525,4.709313424720969,2.368978125929922,5.894161547612643,1000
755,1.627813164188281,3.024557444519389,6.171855686615801,1.0163591260775278,-1.9996965537834315,2.979132296579874,-0.36425072292367355,3.6198770513002354,1000,1.644577897740397,3.1893109007145473,4.940641582705418,0.9996816715701612,-1.520195883332776,3.0117387687641366,-0.3147981785371188,3.603953974017913,1000
756,2.7941025479853567,2.9575916950346324,42.59433481423817,0.7034160759906042,1.5436637065859682,4.083719924182137,1.4154070390437725,4.172798056926941,1000,2.7996991406735345,4.409114062381718,5.26955230611962,0.7824246803298769,1.394459039163606,4.077441947345498,1.266146767226976,4.333251514120093,1000
757,1.9784344123552993,1.8762946106984077,50.44169107186662,0.7342149678847146,0.3103509978129529,2.900439505676957,0.5393730753012587,3.4174957494093396,1000,1.9459447127533038,2.0629503451458326,32.719948293962894,0.8288157461311644,-0.030211987206863706,2.9481580667285865,0.32146585033622177,3.570423575170386,1000
758,1.3615616727157547,6.330806340891531,11.82747090005479,0.5877052565006865,0.25002475805166346,2.706811230939153,0.20965936997440915,2.5134639754571,1000,1.1858114484814068,6.20270082175145,10.910843140296393,0.5956776678744395,0.2113718307524464,2.5717286658183056,0.018283219447505328,2.3533396775153084,1000
759,2.7326182771804906,1.8564832117796481,32.63193736559391,0.5899715301186809,1.5624754356406358,3.6018101298890386,1.5762740781478761,3.8889624762131048,1000,2.7512953136730123,1.812483663377183,14.070530361402158,0.9271485430976493,-0.18017086423029222,3.6282333084332112,0.9340841692016197,4.568506458144405,1000
760,2.179746144918452,2.7488107709452794,9.524064166074254,0.6382320935056884,1.277296344805323,3.642959660434127,0.9288112416473029,3.4306810481896015,1000,2.497499048670462,3.288711511091081,6.383333936182655,0.737038353959778,1.3309889241180652,4.080378322059409,1.052903874909297,3.942094222431627,1000
761,1.5020562543521094,4.275390299567109,15.910956882167522,1.0950701595568726,-1.086717837359817,3.1470567496721276,-0.6442812583793607,3.6483937670835793,1000,0.35716453096525447,3.6585842170797043,18.786855976601412,1.3589738817259123,-1.499822039756664,3.286519838350856,-2.3064242772175336,3.0207533391480426,1000
762,0.2484316574704999,4.135389854414649,2.744231981347415,1.0209988614385497,-1.3814373121569805,2.379651932358228,-1.7527261109490575,2.2495894258900573,1000,-1.0312467017362028,1.3920636374936781,8.791167332780821,0.8161879178470709,-1.9449701109718616,1.2427279002895162,-2.6309750207164617,0.5684816172440561,1000
763,1.754874083222004,1.045055730400353,284.2113368271571,0.7660193107215412,1.1822222843310026,3.7352287408183313,0.2534762342077834,3.2562719322362246,1000,1.8662646131830722,1.2383247140494484,34.134713235734694,0.7635742067317347,0.5808756619272496,3.6127886838477,0.36965916798887233,3.362870058377272,1000
764,2.754119131677255,1.6946475320000265,20.02698580762096,0.37717733483092253,2.1285072474866173,3.614815066899746,2.014851555408647,3.4933867079458634,1000,2.824593104550231,1.8186699600117076,7.991240819754735,0.5424858124519358,1.146706966225489,3.674407006812519,1.7613209121444366,3.887865296956025,1000
765,3.542766977873651,2.1848676493094277,25.549564009665037,1.6662541523374037,-0.18459808798845911,5.384325479422734,0.2769088392923398,6.808625116454962,1000,2.988563099378286,2.338234252939051,11.275675030991245,1.649815578530608,-0.7715547009753592,5.179668150531454,-0.24507543454170522,6.222201633298278,1000
766,0.5905865626423095,1.999295884327184,61.54199588516753,0.42336961610162666,-0.1937177026957165,1.3856079163596713,-0.2392178849168788,1.4203910102014978,1000,0.3635103953512151,3.054990842969539,14.621162479427227,0.5379362682994321,-1.0138860279660333,1.3096264861538458,-0.6908446905156718,1.417865481218102,1000
767,2.139509914859273,6.523465708097326,9.959880046034923,0.524711080229971,0.9287922163995505,3.138151790351805,1.11107619760853,3.167943632110016,1000,1.2795542334445358,5.37043780775553,14.597985803520391,0.7236673738671134,0.01888896091109747,3.0277222068641585,-0.1388338193350065,2.697942286224078,1000
768,1.4697415523476347,5.14318790406013,1.5530923158610697,0.47349793017774094,0.61463999070923,2.3481566525587834,0.5416856091992625,2.397797495496007,1000,1.9532545289260985,5.187759467709546,1.247089763665909,0.8291090633120219,-0.299387357226556,3.174593306528334,0.32820076483453553,3.5783082930176615,1000
769,1.799167055240395,7.198611551022349,3.0722064000863503,0.5306561748195885,0.7614685952289526,2.668561884708387,0.7590809525940017,2.8392531578867883,1000,1.9874796499932594,7.609220432574178,2.502495630066784,0.7204254567633319,0.6558140890576676,3.3441875367578597,0.575445754737129,3.39951354524939,1000
770,2.3236796138382383,1.0350367114955004,181.36586206723533,0.7683695817374898,0.03905739619474526,3.0379732663438395,0.8176752336327582,3.8296839940437186,1000,2.323690161131587,1.0689527799550023,66.57609561163231,0.9579579496263312,-0.4575083444229869,2.868323152854513,0.4460925798639781,4.201287742399196,1000
771,1.5720293735151336,2.620172793509345,35.76922542729448,0.897506550681634,0.5121767021319693,5.0234800281683,-0.18708346582086888,3.331142212851136,1000,1.4893010909520863,2.966889199171583,26.07623964678802,0.8258007301476207,0.417380798912422,4.341954842299871,-0.1292683401372503,3.1078705220414227,1000
772,1.9663498691317465,1.5162067369339252,11.943221961680178,0.5511106201182234,0.587910719244431,3.0901447142609246,0.8861730537000285,3.0465266845634646,1000,2.081640950370715,1.7614884994940994,8.768494041130987,0.779347291394499,0.004619961704646182,3.333214964916096,0.5541202592374972,3.609161641503933,1000
773,2.2899566341829014,2.0332480788948333,69.06890566854477,0.5422462975522615,1.0028612020239025,3.0670769839038434,1.227153890980469,3.352759377385334,1000,2.124209483954051,2.832373899242678,27.53064904837331,0.547643470536624,0.7812206035054606,2.9357011767672936,1.050828281702268,3.1975906862058343,1000
774,2.1182153639726384,1.0276335072591514,150.69855502741348,1.00247086209309,0.11314111311524219,4.621700380474306,0.15337247427018208,4.083058253675095,1000,2.1888104074361796,1.101923287601955,39.48039054892224,0.8869351084993107,-0.297580501455341,3.561339493157615,0.4504175947775306,3.9272032200948286,1000
775,1.2461365284946835,3.7583098234445087,9.630340770432557,0.49022900412239273,0.24766271450759608,2.0694388182931025,0.2852876804147938,2.2069853765745733,1000,1.2601777047098572,3.88492209135248,8.073176358633653,0.5371773502664275,-0.09065425575181409,2.1515534615194785,0.20731009818765922,2.313045311232055,1000
776,1.5468442842872636,2.4775862976007414,8.43121230965996,0.7006087839336466,0.6946037288621513,3.4291498733999504,0.17365106777731643,2.9200375007972106,1000,1.5476296167598098,2.562732677998213,6.376298328071209,0.6779257088072586,0.5257964278062638,3.165421374613081,0.21889522749758306,2.876364006022037,1000
777,0.8801036326048783,1.3919002902569977,5.161038390331563,0.9503428950053011,-2.055762497908301,2.41200560572397,-0.9825684416055118,2.7427757068152685,1000,0.9309857458123583,1.1126751880374803,3.3752677609490793,1.1036764829448031,-2.2272774338493795,1.7120755482538392,-1.2322201607594558,3.0941916523841724,1000
778,2.336135054080294,1.1898797039781974,139.63386739382352,0.4730507072518347,1.1569905454057354,2.9570456249193953,1.4089556678666981,3.26331444029389,1000,2.1960818626700678,2.230619313980293,27.254652114563083,0.4912019471616697,1.1418480178936454,2.965830780257503,1.2333260462331952,3.1588376791069406,1000
779,1.1280800231825368,3.492967126521736,6.2875175999445645,0.4032010235462275,0.5154127128557784,1.7777763026571383,0.3378060170319309,1.9183540293331425,1000,1.257727277787227,4.693992181696131,2.549111674101198,0.7124538259898209,-0.47733438387513977,2.431126251099898,-0.1386822211528218,2.6541367767272757,1000
780,2.569378388015918,1.0225706324988781,339.9515410104304,1.4855158784963274,-1.1174487804183835,3.0174886246790518,-0.3422327338368838,5.48098950986872,1000,2.509626416156286,1.0650581984656624,100.81283187380109,1.3336433126565166,-1.1019162487532448,2.950971783958892,-0.10431447665048665,5.123567308963058,1000
781,1.3493540664647048,2.1326128528690202,27.32549522900153,0.863351015359691,0.1682490555118437,3.1107400208751046,-0.3428139236402896,3.041522056569699,1000,1.3304411845569568,2.165376589140631,19.886475092088748,0.8628623440906816,-0.038218680548870204,3.083991700468951,-0.3607690098607792,3.021651378974693,1000
782,2.67108938808086,3.9039040751131844,11.805923380982636,0.7839140982693663,0.7667305430484369,3.7518478230983288,1.1346177554729022,4.207561020688818,1000,2.690915354273151,4.479420087322781,9.849703102815424,0.8449657442177982,0.5707468614331551,3.8102787638815023,1.0347824956062668,4.347048212940035,1000
783,0.29231354083986005,3.722933210143554,23.974909682101043,0.9568184209390413,-0.9108238961762598,3.2487478236374696,-1.583050564200661,2.167677645880381,1000,0.7653345050623912,5.124352079139222,9.342108323222648,0.9039437439841798,-0.7351676953295498,3.3025555873311077,-1.006395233146601,2.5370642432713835,1000
784,1.6005170130708852,1.1423008710467788,112.29647192557576,0.6221039000970038,0.758757236088074,3.1426953940795865,0.38119336888075783,2.819840657261013,1000,1.7447863631968556,1.596082796602319,31.533651353117268,0.715945187464171,0.26507155766168805,3.1770716362009863,0.34153379576708054,3.1480389306266305,1000
785,2.49853251697611,1.6901084230581245,22.20844114530723,0.5129994890385062,1.1315801890861146,3.0582212899485692,1.4930535184606377,3.504011515491582,1000,2.521989016979916,1.7377329825632164,19.96580678192526,0.6210903103570026,0.5541540772486511,3.054701265735796,1.3046520086801912,3.739326025279641,1000
786,0.6388473480448982,1.949863871150821,31.757234262539736,0.6882508493956178,-0.031081482215480256,2.6725727804874153,-0.7101243167705127,1.987819012860309,1000,0.6974128277715013,2.1550811427016496,21.196976628821368,0.6518798584598197,0.024060235845702667,2.590995789679686,-0.5802716948097453,1.9750973503527478,1000
787,2.367868895278015,1.8665660256154168,66.59903802933962,0.8415800867176746,-0.5640747374542503,2.9819080670827587,0.7183719253113727,4.017365865244657,1000,2.3019141704031845,2.059180806331017,26.845805726060682,0.9573055764651413,-0.8900778908232286,2.912660043959349,0.42559524053150755,4.178233100274861,1000
788,0.9984818013205106,1.3784781512483215,82.28733667294634,0.6379189421816697,-0.4644796543309215,1.9023063207856783,-0.25183932535556197,2.248802927996583,1000,0.8700871232054301,2.0573965253467295,36.08899555867751,0.69990625219219,-0.5303561604277107,2.5021707534667628,-0.5017291310912624,2.2419033775021227,1000
789,0.568239877559223,1.8539924494549183,11.730737554801138,0.8168725188504722,-0.7354286236466221,2.6023642689574196,-1.0328302593877023,2.1693100145061486,1000,0.7069075536846579,1.971301300168343,9.954925109896623,0.9040013041710899,-0.7703285251806605,2.8684799893909485,-1.0649350024906783,2.4787501098599938,1000
790,1.7422885072572114,1.0853526998330647,97.01700214212069,0.4725569452313399,0.9684732802226953,2.7069535036843955,0.8160768946037852,2.6685001199106377,1000,1.741041325137263,1.0775804626153298,43.93977113634753,0.7549252958093061,-0.7134792413142662,2.49112492653009,0.26138774535102294,3.220694904923503,1000
791,2.400354219621315,2.4194665323365143,25.854161136876623,0.9110832259730735,0.021270448467185028,3.936227038332338,0.6146310967140911,4.186077342528539,1000,2.222932931432246,3.707996727607605,6.048038626245925,1.2269423457437212,-0.727716078257811,3.8902927628979214,-0.18187406622544744,4.627739929089939,1000
792,0.2515927420917421,3.482300464987061,23.897843199328605,0.8014725000833606,-1.3843675012296666,1.9531425558490114,-1.3192933580716446,1.8224788422551288,1000,0.16227434002077068,3.8981586348157595,11.219466570456653,0.7430517658997882,-1.2628995788345527,1.5614886367721912,-1.2941071211428141,1.6186558011843555,1000
793,1.4926623493905473,2.31754681221249,34.10874427631924,0.36146898299192765,0.8157346335817233,2.129736374147545,0.7841831427263691,2.2011415560547256,1000,1.508470002145255,2.8045071411954994,25.021906695982633,0.47204742007755657,0.0798356038533742,2.141077763455766,0.5832570587932442,2.433682945497266,1000
794,2.1730014867959606,4.058978772890359,5.370257514934382,1.1271480782273733,0.10341781312644975,4.590839858218172,-0.036208746529691194,4.382211720121612,1000,2.7292139531711883,2.8705764511058036,5.701536888999456,1.2840576732154625,-0.07034090089281883,4.654682940167702,0.21246091366888198,5.245966992673495,1000
795,1.260500927257547,1.3472710627851527,95.82184206524646,0.5951338765180708,0.6618213596174358,2.838501775715783,0.09403852928212819,2.4269633252329657,1000,1.681561402828358,2.8767872791977416,16.554653587838082,0.6136039461681894,0.6355190249898546,3.0095819025218336,0.47889766833870695,2.8842251373180092,1000
796,-1.7280540794431083,1.5946976547122638,72.3291423829927,2.575455281291523,-2.978679529970334,4.067150865614045,-6.775946430774493,3.319838271888276,1000,0.25380050553081945,3.0548737385621307,21.127393343548725,1.6821669255189726,-1.527521062416585,4.004125601145121,-3.043246668486367,3.550847679548006,1000
797,3.2622625980654982,1.186662110436456,152.1157424392315,1.8700371639880327,-1.7787841925366492,4.007128638116569,-0.4030102433510456,6.9275354394820425,1000,2.92100249336318,1.3521435818074743,98.1445712223045,1.8923201214136671,-1.8818580568714596,3.967303216553752,-0.7879449446076072,6.629949931333968,1000
798,2.240032742650743,3.1232659192563523,18.342505452524296,0.5731208555644715,0.9449671601264668,3.394468604944681,1.116715865744379,3.363349619557107,1000,2.350391896233678,4.307305686155582,6.41477317187218,0.6936961901134489,0.9584098600424757,4.00120864607541,0.9907473636113184,3.7100364288560375,1000
799,3.262686380736399,3.449542361287557,8.387060942721687,0.7333763915287485,1.8225664317067867,4.435429849211066,1.825268653340052,4.700104108132746,1000,3.569511905092126,3.1593152947609835,7.059124136079792,0.9695239313420544,0.39369015785263567,4.600355243767215,1.6692449996616994,5.469778810522553,1000
800,0.13519341854164546,1.4916932516991253,49.53514660539466,0.5346753710981902,-1.4107448355349579,0.6853552541859202,-0.9127703088108072,1.1831571458940982,1000,0.05584058877203146,1.7261799246768925,36.09593915330144,0.5004015176915937,-1.1208665216722364,0.5317403214183629,-0.9249463859034921,1.036627563447555,1000
801,2.3144603687667553,2.8628460454794054,9.54651585528245,0.7662318876540306,0.4181528244559691,3.2768611771585197,0.8126458689648552,3.816274868568655,1000,2.2131140109015894,3.5866018111976046,4.163051604639666,0.8359615075260474,0.15460278335077735,3.2825685300763876,0.5746294561505367,3.851598565652642,1000
802,0.6097999844514732,1.9209382162343311,45.26485867130362,0.5169607161699219,-0.001115329174924728,1.825989343651968,-0.40344301924157366,1.62304298814452,1000,0.6851386620052764,2.6264556617532735,23.858278205698866,0.5308339758582037,-0.04618755293742562,1.8906228731556058,-0.3552959306768029,1.7255732546873557,1000
803,2.066633413830655,3.949265714728555,7.2352549924445455,0.4614343808932754,0.9574248306774481,2.8755797920125983,1.1622220272798351,2.971044800381475,1000,2.129916350261983,3.404112923745681,7.693878442679295,0.5716966682918564,0.5520753533619527,2.875943804063097,1.0093908804099445,3.2504418201140215,1000
804,2.6546142449300527,4.005447197129511,6.267699600523797,0.4664476049548343,1.5484669690154242,3.4316034155430057,1.7403769392185775,3.568851550641528,1000,2.6094781248759547,5.349724481612405,3.108091264870987,0.5597892404864222,1.1779758262693842,3.595757799786515,1.5122912135225672,3.7066650362293423,1000
805,1.263738479769748,2.8049017730647536,19.16610579359519,0.5405889577523293,0.15143704411318126,2.0230728081181284,0.2041841225751826,2.3232928369643133,1000,1.104757867964532,4.315138211746652,8.72211744829989,0.5473071741446984,-0.18678104038174423,1.9666967372360682,0.0320358066409232,2.1774799292881406,1000
806,1.4597525285251487,1.2531926636045756,93.32567936971108,0.465203586331657,0.8027082434453333,2.7172215704488205,0.5479534993151011,2.3715515577351964,1000,1.4465282372385377,1.3085486435499103,29.65728222435427,0.4270689075423096,0.631773737297225,2.266027071517394,0.609473178455611,2.2835832960214644,1000
807,1.9697947718464914,1.6558094565660293,2.5974248078308597,1.2512127558617507,-0.867974772469085,3.589509834932089,-0.48258222964253994,4.422171773335522,1000,1.824052590064103,2.6937002255361446,1.1809353496641837,1.2540146146795295,-1.188608938559478,3.2108618733181853,-0.6338160547077747,4.2819212348359805,1000
808,0.49521694012887596,2.5931367544801645,24.656465934459437,0.6247248561529388,-0.45385193074558816,1.6908230899738872,-0.729243777930884,1.719677658188636,1000,0.46568885794276493,2.920085309774864,15.16392200604046,0.6049472195569771,-0.4817252428268998,1.656202516646485,-0.72000769238891,1.65138540827444,1000
809,2.710405344373292,1.0290326848239915,217.44203164948138,0.7348129027494132,0.5465114293326734,3.261745461356867,1.270172054984442,4.150638633762142,1000,2.655072167950164,1.1394551505658386,34.83579214185386,0.9067824832492458,-0.007554060873846885,3.187762517314093,0.8777785007816423,4.432365835118686,1000
810,3.0550624623642744,2.9577513889789393,31.648001174947822,0.642115395380157,1.8943173340128696,4.468992024844184,1.7965162874191665,4.3136086373093825,1000,2.8593705457125296,3.707166290246126,10.07654025803336,0.7180550731254904,1.0890388230245476,4.360217414232212,1.4519826023865683,4.266758489038491,1000
811,3.5880475206745173,2.481994733702097,38.794292608265415,0.7566307737415814,1.1467190651980728,4.848278306661623,2.105051204141018,5.071043837208016,1000,3.448700275316973,4.074543745193455,8.410068828664157,0.8928072421248082,0.9997792462028307,4.973649293661693,1.6987980807523488,5.198602469881597,1000
812,2.07144737028833,3.462727306748828,4.503199120795266,1.0306073005114382,0.5509588230067962,4.26853590163467,0.0514570612859111,4.091437679290749,1000,2.116383796227486,3.699493792163985,3.475910281024585,1.010183139566404,0.4189484558395997,4.1158301565665205,0.13642484267733423,4.096342749777638,1000
813,1.9665157551979182,1.189098186991011,32.681408602822145,0.8561956377517634,1.3889542034813673,4.385593109026138,0.288372305204462,3.6446592051913744,1000,2.123165438000199,1.5087047136743366,11.622198918271861,0.9167748893362959,0.22080127980825065,4.0774150345937175,0.326286654901059,3.9200442210993387,1000
814,0.6010220997109865,1.4272947695291511,58.41765362053275,0.7417803207537953,0.07586849169707365,2.367372138925986,-0.8528673289664523,2.054911528388425,1000,0.8417007129125751,1.9817070827100391,21.214088278784644,0.6831599070567398,0.09545009291325401,2.2879994094417477,-0.49729270491863486,2.180694130743785,1000
815,3.575585279833278,1.057395153377205,579.3131877368164,1.341436580570571,0.21743797717573593,3.9775646091029824,0.9463695819149591,6.204800977751598,1000,0.8061905042141657,1.7984048433354154,22.422050661888075,0.6117975483963713,0.05513191721137821,2.4031482293221624,-0.3929326906427222,2.0053136990710536,1000
816,0.7087724189292626,3.641199456586058,20.20649928620591,0.46463864658539517,-0.2485571366543889,1.547000138177374,-0.20191932837811188,1.6194641662366371,1000,0.6941111943420182,4.0737359306466505,13.351191016766697,0.4471878357286372,-0.24145235188395675,1.5821570320740308,-0.18237696368611067,1.570599352370147,1000
817,2.322989417515142,3.127050678215706,22.510962394844007,0.49996185473506116,1.4902696027564815,3.66881964580334,1.3430641822344223,3.302914652795862,1000,2.5315627821336477,2.2041697397875253,28.027945037760713,0.6417643431365488,1.4236702025134358,4.165662798580133,1.273704669586012,3.7894208946812835,1000
818,1.1069723622656908,3.913227052773193,3.831998488523625,1.1434819516521424,-1.44524661149846,3.425843241956381,-1.134252262972508,3.34819698750389,1000,1.0307341944645176,4.020038602566599,3.7160459175725093,1.3348596367166732,-1.5337545230447311,3.662656503207966,-1.5855906935001616,3.647059082429197,1000
819,2.953560888435339,4.529354464597803,7.375106564126199,0.6429345818505525,1.8451477953428144,4.383128057566087,1.693409108008256,4.2137126688624225,1000,2.849297375559664,5.11384434595971,3.8815855464014226,0.8323991518290095,1.3616405696803657,4.335650549508286,1.2177950379748053,4.480799713144522,1000
820,3.090043281812538,1.5015915780960285,0.005595159240017549,0.6548711110768903,1.3300436673957199,3.7983948457797223,1.806495904101833,4.373590659523243,1000,3.0571626336558966,1.4089777196478634,0.0006535602861779722,0.7815548575724368,0.7247384142501582,3.73494488599861,1.5253151128139204,4.589010154497872,1000
821,1.4789271283181034,4.842954828357784,10.248391396733371,0.46927619305555784,0.4002769040663701,2.329873113299479,0.55914578992921,2.3987084667069967,1000,1.7413341354818601,3.3544280448020576,12.515412423376885,0.5610599214101768,0.3361640222896085,2.5218568385297004,0.6416566895179137,2.8410115814458066,1000
822,1.8341287737933614,2.6400669122684954,38.210976903023266,0.7174427867869216,1.041187394679116,3.9264931412778723,0.4279409116909949,3.240316635895728,1000,1.7704285956989407,2.810521661303118,18.86845842736865,0.6695824057272317,0.7503096720543735,3.621182982921702,0.45804708047356657,3.082810110924315,1000
823,0.9446012189472734,1.6896749490197032,61.913578672510795,1.015721245306419,-1.4535179045145643,2.7181553423813134,-1.0462124218533078,2.935414859747855,1000,0.14188844696004854,3.0118174036754612,16.03064708933899,0.974578106735788,-1.3360061205210025,2.531682480126324,-1.768284642242096,2.052061536162193,1000
824,2.858619515780764,1.8036923181833115,48.859598120573466,1.0746380333572625,-0.002267779730356553,3.6128021078370485,0.7523289704005296,4.964910061160998,1000,2.165769713803936,3.611989729033642,19.323420760461815,0.9069839736428732,0.04362257422428164,3.5768167869855607,0.3880811254639045,3.9434583021439673,1000
825,-0.4507720952776344,1.1566657472602264,33.832479436437524,0.8254559290696591,-0.9301095403476958,1.6141895872544358,-2.0686657162541664,1.1671215256988976,1000,-0.4489237546762297,1.2051966182284077,24.534093959069406,0.6923448973931834,-0.9331749642541256,1.3644666502706528,-1.8059197535668692,0.9080722442144098,1000
826,0.6246293957849907,5.5648472436833805,4.623539073618671,0.8876653285242465,-1.3255774140624994,2.168267976201584,-1.1151946481225326,2.3644534396925136,1000,1.3245895380000272,3.285493016745634,8.51825332441294,1.0302961910219721,-1.2119210109935288,2.763952219421536,-0.6947909964030381,3.3439700724030925,1000
827,1.5270777528367554,3.2240547951621,6.248219161802151,0.5093957357954002,0.771306102177006,2.606766259089722,0.528662110677771,2.5254933949957397,1000,1.5017031468423918,2.951860393001063,7.0291491554282075,0.622003331187524,0.20805411755950176,2.7126093944436427,0.28257661771484477,2.720829675969939,1000
828,3.384293380995385,2.983830673308382,13.570587417475808,1.3401740770747568,0.2933545792631795,4.870046927706298,0.757552189928862,6.011034572061908,1000,2.7655828416142105,4.015573516161101,7.534691203655473,1.188940849180683,0.10237287710591123,4.839689177847062,0.435258777220072,5.095906906008349,1000
829,0.8556081568587273,1.505314913953553,100.73592699319548,0.5157023417749746,0.2906159785492817,2.1579251399469896,-0.15516843302022298,1.8663847467376775,1000,0.9272978148833226,1.7735718812742098,61.10956518740983,0.5468811012864274,0.022521200136984842,2.2770011029820854,-0.14458914363807507,1.9991847734047203,1000
830,2.078572744582617,1.2267507955359498,26.665001509519605,0.7991943794527722,-0.7636852705427393,2.552164314421941,0.5121517608551838,3.644993728310051,1000,2.1743457506714097,1.0697806983286657,25.067221988226724,1.1787858169571546,-1.1761191689314499,2.6208709172052695,-0.13607445056461343,4.484765951907432,1000
831,1.0946509563767157,5.8320955504253735,9.805516974177543,0.8076230679754715,-0.8024401367833484,2.4253941258724447,-0.4882902568552083,2.6775921696086398,1000,0.8166155432086004,6.808827898003064,4.983110158913328,0.7864726602956562,-0.8414269736917998,2.313501488545265,-0.7248708709708858,2.3581019573880866,1000
832,1.1709483012056654,3.880045145802882,8.042030047503026,0.690433492344777,-0.17220356723387883,2.7559650117653325,-0.18230134379009755,2.5241979462014283,1000,0.949899221897607,3.206982591052549,9.612829786318278,1.1234669954327068,-2.044346426336469,2.8098014317858158,-1.2520960891504982,3.151894532945712,1000
833,2.4791244282296825,1.9279284285614076,71.81796241649062,0.6428553073731593,1.2440380144788357,4.176658772531216,1.2191280257782902,3.739120830681075,1000,2.2840250205787074,3.6918821589311928,20.06731794635591,0.6764039935400827,1.1733822858008027,4.120723900474455,0.9582731932401451,3.60977684791727,1000
834,0.4364297767885259,3.440290242013189,22.491767306238476,1.0460925534070022,-1.5629841809247842,2.1500935623880837,-1.6139116278891983,2.48677118146625,1000,0.6073442071726796,4.437152236929924,14.530026469209844,1.0309680375967787,-1.4956725744968555,2.3588521558077895,-1.4133531465170066,2.628041560862366,1000
835,1.7793145255421465,3.13823458460416,23.038955075507236,0.41457130387842606,0.8546872301455488,2.599502553583463,0.9667547699404315,2.5918742811438618,1000,1.5954848153703183,3.551370897037652,15.640853472237806,0.48657735153215625,0.7282764394515945,2.667613259013173,0.641793206367292,2.5491764243733446,1000
836,3.6007961059832634,1.1157604008031499,73.29497478186886,0.6230216744183238,1.7357966743060145,4.058972968722344,2.379673624123349,4.821918587843178,1000,3.624264793841503,1.363120126202185,17.639079242453175,0.9874070775175642,0.21713363332666188,4.330584922568222,1.6889469219070772,5.559582665775928,1000
837,0.6319246460890098,3.5601144200131443,6.609115462706458,0.5972274535232169,-0.38740868717891125,1.8264611827838433,-0.5386411628164953,1.8024904549945149,1000,0.6285899803820878,3.559530827422442,5.794059705271807,0.6144891301742583,-0.39528228626757544,1.839867162356228,-0.5758087147594586,1.8329886755236342,1000
838,1.8368953347781622,1.6143843474984205,14.419985670478017,0.44149666461002735,0.7953984372301947,2.6745299806392095,0.9715618721425087,2.7022287974138157,1000,1.855365797569323,1.726244038599046,11.361173224764396,0.4786207896056039,0.6198617307326639,2.6057623487359622,0.9172690499423394,2.7934625451963067,1000
839,1.5008033595861276,1.102871788004368,405.5064862789107,0.7891601400991036,0.731769999387245,3.4535204732436173,-0.04595051500811542,3.0475572341803705,1000,2.155712778655913,2.96950842366257,14.867928017408541,0.7428755020803776,0.5046867216123574,3.37721599911437,0.6996767945783728,3.611748762733453,1000
840,1.1536879128831854,4.960417602675657,19.673434873083053,0.6964633467553488,-0.07211132965031834,2.5869660424363783,-0.21138024675729827,2.518756072523669,1000,1.3929060024570301,5.936536550960916,11.944694918975408,0.60264782146391,-0.023034195476555518,2.5303177970464117,0.21171627238776636,2.5740957325262936,1000
841,1.3305862455838444,2.408951598466465,3.047266378852636,0.7127262094778479,0.24051822423215213,2.736198221892122,-0.06635712499273749,2.7275296161604263,1000,1.4299374497068742,2.8418982668921586,1.0258272442008642,0.6903664577268096,-0.11904013597305857,2.4862137418466226,0.07681919256232739,2.783055706851421,1000
842,2.142437329427821,4.9635189970539155,9.318118622206072,0.8637896346208401,0.695824152083205,3.998889787620909,0.4494096455709746,3.8354650132846677,1000,1.383145660898899,2.7314324008002666,20.18982746997779,0.9555148527798434,0.24676210749623032,3.8963897491058925,-0.48966345054959404,3.2559547723473923,1000
843,1.1760896177314968,3.1833617911003937,9.834337976509413,0.7001622558682601,-0.45541276033107153,2.0732194804952315,-0.19622840377029305,2.548407639233287,1000,1.152827112171755,3.0859939358682333,9.209540051100083,0.6845932373855479,-0.5448358004647745,1.9552768460566727,-0.18897563310391874,2.494629857447429,1000
844,1.0334029834904601,7.458054107407143,6.201522600488786,0.5576976814018153,-0.05594077610684434,2.136019656342766,-0.059684472057097926,2.126490439038018,1000,1.1327895962356291,7.044416309162776,6.85925035752779,0.5817942013005558,0.05719851913813788,2.4557867950814596,-0.007527038313460244,2.2731062307847187,1000
845,1.0177320731958182,1.3502113836845289,61.58770070065374,0.4796895291037015,0.2861454288301429,2.101333009792921,0.07754059615256326,1.957923550239073,1000,1.0836386848582678,1.9355931553125594,25.64638249483521,0.4862950654073759,0.058901469768353316,2.009562545808553,0.13050035665981108,2.0367770130567244,1000
846,0.8823828477575735,1.569014080888236,17.89657757568242,0.6945209792613155,-0.2642453310296138,2.990161292197311,-0.47887827159460494,2.243643967109752,1000,0.9624661182564167,1.6930353627612638,13.86187347463412,0.694500176439657,-0.3996729179571908,2.8465368737090473,-0.3987542275653111,2.3236864640781443,1000
847,0.6196093366726845,3.9160127275859553,16.15527045524322,0.8453965476928507,-1.6925083838304649,2.5344396180242397,-1.0373678968053028,2.2765865701506716,1000,0.5600134175471574,3.7779804456141557,17.406568695834,0.8356827718030196,-1.720555804543471,2.1527034050171747,-1.077924815186761,2.197951650281076,1000
848,1.2649529217755724,1.0369514454071047,153.6805820872992,0.7613991503647531,0.6759076708424733,3.4548167388133657,-0.22738941293934367,2.7572952564904885,1000,1.2858713540805822,1.0697638120988697,59.95046563143065,0.7101752357646334,0.37538840397608375,3.082681051295326,-0.1060721080180993,2.6778148161792634,1000
849,1.4443130233319903,3.852210029170358,14.093775288716644,0.6052145895628614,0.5536102424705813,2.7143036918680172,0.25809242778878194,2.630533618875199,1000,1.753540009882682,4.487890451044163,8.89318843238041,0.5810156719979435,0.6521162001146513,2.8733833931618635,0.6147492927667129,2.8923307269986513,1000
850,0.5267165493117449,2.7691333654082886,17.395252247417165,1.0370274351709696,-0.47817092649112236,3.536472596011081,-1.5058572236233556,2.5592903222468455,1000,1.1232078791494589,3.306241750618756,11.274351541984183,0.9766436893760608,-0.30529801845389165,3.5815202223086167,-0.7910137520276204,3.037429510326538,1000
851,1.6864721579619837,2.3089395123130316,74.16165524759866,0.5620942339218629,0.5288337395732629,2.7126129925776215,0.5847674594751324,2.788176856448835,1000,1.1702794758019368,5.441548551199995,10.349430684252189,0.7405556245244479,-0.38329797592601467,2.5696600814062447,-0.2812095482659811,2.6217684998698547,1000
852,3.426412288729767,1.4594086441109142,79.24787068372211,1.0175099478802199,0.826607800409126,4.086159110779769,1.4320927908845362,5.420731786574998,1000,2.509745758739626,3.750934605252431,14.256042724647903,0.7682223328601557,0.5267462176350585,3.462648015276558,1.0040299863337208,4.015461531145531,1000
853,2.4105594305151024,3.2828010120787625,2.243166123915006,0.6480983132732128,0.5589397337060452,3.6535775377191393,1.1402867364996054,3.6808321245305993,1000,2.5689237553732918,2.8723820643637317,1.5468249890608754,0.727617673423178,0.5126279800670053,3.6924696517102635,1.142793115463863,3.9950543952827204,1000
854,0.7085406081832484,3.9936430099817914,6.734548452448771,1.3106527626382911,-1.3149700452407578,3.45996384571962,-1.8603388065878024,3.277420022954299,1000,0.6514306723517775,3.380590029794723,6.902380621967131,1.2866976112636335,-1.1159816374185407,3.700680997723244,-1.8704966457249441,3.1733579904284994,1000
855,0.8002869788691287,3.903702871387368,14.830298542718177,0.897042057118432,-1.2255750147883189,2.328072411059822,-0.9579154530829981,2.5584894108212555,1000,0.44657824980670724,4.356989074605224,12.006438242529937,0.8876538098040004,-1.3120858173535503,2.312047408282262,-1.2932232174091336,2.186379717022548,1000
856,0.27106120824989777,1.7896144244254657,44.16048807703511,0.5981038131126367,-0.591530799203698,1.799589586510842,-0.9012222654508701,1.4433446819506657,1000,0.28629801370870567,1.8836074115107186,40.55872276260454,0.5952233882077772,-0.2604810233455733,2.0430009623293426,-0.8803398271785376,1.452935854595949,1000
857,0.36002394887599953,2.3691019023050135,18.204751014836685,0.8747628287846152,-1.9686435831517892,1.8964963261654337,-1.3545111955418463,2.0745590932938454,1000,-0.2762839740912235,3.0203201425800628,9.948673765428847,1.045258593786463,-2.6360450039029013,1.6178246194495696,-2.3249908179126906,1.7724228697302435,1000
858,1.438984645913592,1.327836814927943,5.289212936930284,0.5765902951634522,-0.12701261199116906,2.646768838967186,0.3088676673932258,2.569101624433958,1000,1.4841136120133986,1.3099989392110132,4.256005442721155,0.7028825523935832,-0.716242049228222,2.107579854581657,0.10646380932197563,2.8617634147048214,1000
859,2.6755713122986577,5.138865243695909,8.95930535348136,0.5355239816934224,1.6593346340287964,3.6712142010466517,1.62594430817955,3.7251983164177656,1000,2.6803674895530794,5.158528084858788,7.616525103940848,0.561540880160077,1.5999031348311612,3.7224156478367227,1.5797473644393285,3.78098761466683,1000
860,1.5686093225522522,2.537524206369698,14.706852058040798,0.5389156884001091,0.9167348909787871,3.1481546321034624,0.5123345732880384,2.624884071816466,1000,1.5942656837116602,2.9923015678034286,11.033212125320782,0.5897811405545493,0.9393944016956174,3.338541275295061,0.4382946482247436,2.750236719198577,1000
861,4.760531678187212,1.0714189587736176,4.467670317720831,1.7211763292195652,0.5629439147848689,5.237741682000578,1.3870260729168638,8.134037283457559,1000,-0.36856161904809404,49.99999999999998,10686474581524.463,1.9194498125237043,-1.1451344777877226,4.920804293915517,-4.130683251594554,3.393560013498366,1000
862,1.5259238912353272,1.7436745301584187,61.43098477674112,0.34176732486637496,0.8684679006737058,2.149357484903329,0.8560599344972324,2.1957878479734223,1000,1.4175154874626603,3.40598555988385,16.842568335102644,0.421892804821035,0.4238333259084599,2.0655590240528596,0.5906055900134318,2.2444253849118887,1000
863,1.2932741177122726,4.079119705422601,6.588504612284997,0.9094419711895615,-0.23743309639994864,3.093336039984164,-0.4892321458192679,3.0757803812438134,1000,1.1406839124937305,4.83855864181523,2.2855200000667044,1.1167691482572435,-0.8444146752741718,3.1237197091746047,-1.0481836180904667,3.3295514430779276,1000
864,1.0161198136915712,1.1182293439757558,102.2713336603379,0.620869683077815,0.22564683393276472,2.95333831066126,-0.200784765140946,2.2330243925240882,1000,0.929593694025691,1.2803893208687602,46.27558930135975,0.7634488360786673,-0.7744409084105595,2.618589381872179,-0.5667660246884969,2.425953412739879,1000
865,2.215899082907033,1.8155928855253098,43.46502292431187,0.3966118406782,1.3450157244214924,2.964994270660629,1.4385398751777612,2.993258290636305,1000,2.2563508178885603,2.3733372553493894,30.719857020414914,0.4283579628917378,1.2204295119477433,2.9354931388818297,1.4167692106207541,3.0959324251563665,1000
866,0.38736291815960855,4.314806822785245,4.798745074326533,0.7611228948983019,-1.5323788645700007,1.688820706159459,-1.104437955841063,1.8791637921602802,1000,0.25536778076489464,4.20393000538458,3.518321726429222,0.801205026970188,-1.6372976899038683,1.7406063708648902,-1.314994072096674,1.8257296336264632,1000
867,2.6382708607605605,3.209427130849277,8.360867009684021,0.5743658681788094,1.24291209747476,3.5007980703917125,1.5125137591300941,3.764027962391027,1000,2.601365319171831,3.3699288790299327,6.9901944606043065,0.7689107142215358,0.259892086661519,3.4197098101430075,1.094300319297621,4.108430319046041,1000
868,3.46181529183106,1.0180613297238261,940.0377934694894,0.8273710818182368,0.5522560834549397,4.103528007821921,1.8401679714673158,5.083462612194804,1000,2.710132230517679,2.6524838763372918,9.289064559806405,1.0210672831535166,-0.2032101379323249,3.683607645799794,0.7088403555367866,4.711424105498571,1000
869,0.43594759034053077,3.727069167307474,15.966981626699004,0.5455773200384262,-0.47913613191679716,1.8701681835116573,-0.6333839569347846,1.505279137615846,1000,0.44525501516199273,3.18513393628262,16.787304256489037,0.4820553014638262,-0.4706673269517548,1.4258465279940478,-0.4995733757071066,1.390083406031092,1000
870,3.3185720721833833,1.1430969240423785,34.32196379725672,1.8942842839579226,-2.081533245773459,4.182214766313818,-0.3942251243741448,7.031369268740912,1000,3.014467167815532,1.2581067926464096,23.07105437522088,1.736100653912439,-2.165062140644758,3.9566983627686616,-0.3882901138528485,6.417224449483912,1000
871,2.411294057788075,7.894100712159236,8.022089631878035,0.3586040151341005,1.7460354743743107,3.16640464449731,1.708430188125238,3.114157927450912,1000,2.4102552377907496,8.00959371306516,7.869488105438274,0.4094991217138872,1.6438740095998126,3.276002330463094,1.6076369592315307,3.212873516349968,1000
872,1.9053149259541973,2.0505917981554163,15.82356560465963,0.41189701778460336,1.1766443782939269,2.6814059653258275,1.0979967710963747,2.7126330808120196,1000,1.8540777212359862,2.0429691141045425,15.254527760220574,0.41892786831317724,0.9719211041821136,2.641813161578281,1.0329790993421588,2.675176343129814,1000
873,3.880267250990136,1.5690959891347405,41.11196901003459,1.1279489149617417,0.9341772530672369,4.5735163775271355,1.6694873776651225,6.09104712431515,1000,3.273186175533953,2.356794494277044,18.076408808496392,1.229762065587433,-0.6065258361365767,4.298827702214584,0.8628525269825844,5.683519824085321,1000
874,1.9849830824285666,1.0483879387640018,216.06148987957346,1.251002798124904,-1.744177718439284,3.1928777537920645,-0.4669824018962452,4.436948566753379,1000,1.7318351388134887,1.3711130724940823,33.241904096841296,1.3967172857594163,-2.1575625346706606,2.909078194500076,-1.0057307412749672,4.469401018901944,1000
875,1.407994662552552,2.24541658442812,3.1788492489212827,1.1828227880933262,-0.7181978146923325,3.4085173832507674,-0.9103380021103673,3.726327327215471,1000,0.5899789456064168,50.00000000000003,9.357622968840175e-14,1.1456382370900164,-0.9651835538799003,3.2897560375187034,-1.6554719990900153,2.8354298903028488,1000
876,2.9926156531825816,1.462693493134267,76.35716000088445,1.296606451648491,-1.588596536532239,3.827585766411705,0.4512670079515395,5.533964298413624,1000,2.5642003392764017,2.4546128504424227,26.507812409984158,1.0177972267785853,-0.5587265093354147,3.722845156307552,0.5693177747903746,4.5590829037624285,1000
877,1.9997592017069832,2.9257772470916867,10.588254986965238,1.6276288881165462,-0.9861509986163939,4.412047868468292,-1.1903934190014471,5.1899118224154135,1000,1.7807451626510924,3.0148267852045745,10.10032588547789,1.574786945275778,-0.9675567000863007,4.514944029115768,-1.3058372500894324,4.867327575391617,1000
878,-0.4803652925981807,1.0097956506483412,2729.43382942271,1.593399771351395,-0.9879560173561528,3.3851342357821004,-3.6034288444469147,2.6426982592505532,1000,2.2923624293590628,3.57221944444651,8.974510109649241,0.6486110866333464,1.1088555301182814,3.8689903627737894,1.0210846995577039,3.5636401591604216,1000
879,1.058666342996783,1.0475343761003053,464.4389373094144,1.845508970543613,-3.3975766681529067,4.394462105402337,-2.558531239268698,4.675863925262265,1000,-0.5576296224809609,2.67194614929728,18.538022066939657,2.4505419622130633,-3.720661817242516,4.804772785013038,-5.360691868418565,4.245432623456644,1000
880,1.2835172871880887,1.5811457926083818,36.57366551360357,0.4934155765335386,0.6673219022883616,2.5137624964955125,0.316422757182353,2.2506118171938243,1000,1.3380558851183957,1.8353000849275831,16.21853360393397,0.5646634736906789,0.23711556837595296,2.284362348770224,0.231315476684665,2.4447962935521264,1000
881,2.8679877452962166,1.0560966594775172,557.6299405946305,1.5885507610291243,-1.096784808886698,3.302430541509405,-0.24557174632086687,5.9815472369133005,1000,0.496337640453167,3.1099738147522364,15.765151084461259,0.9520128537634087,-1.3050354377947526,2.379203512055462,-1.369607552923114,2.3622828338294477,1000
882,1.4888080729391917,2.311067754461237,13.592243756742578,0.8339094475169676,0.5149070134694521,4.344629865235485,-0.1456544441940648,3.1232705900724484,1000,1.9222877023662581,2.767792795577984,11.045880316093323,1.0304439976194588,-0.4754190893190705,3.8819273476346585,-0.09738253296788124,3.9419579377003977,1000
883,-1.1396514513385867,1.2076801265655182,21.849070271387912,1.4241491598625424,-1.730571127094116,2.47937179559184,-3.93098380466917,1.6516809019919965,1000,-1.306212381483363,1.0660079380477738,7.259354417178139,1.026551583878893,-1.7893665742745777,1.6381008151068168,-3.318253485885993,0.705828722919267,1000
884,2.2882082128467633,1.2816008832008572,35.4473912917241,0.7941443303115634,0.03231972932744076,2.9838182917779084,0.7316853254360991,3.8447311002574276,1000,2.225306034887055,1.4467303189466134,23.966788772306632,0.8083107953253594,-0.15611355357024528,2.9074473785482304,0.6410168760493504,3.809595193724759,1000
885,3.0128895884254874,3.132452330876404,18.01857961485777,0.5675431232611963,1.8714732884409013,4.036041633125134,1.9005050668335428,4.125274110017432,1000,2.9439859488617626,4.421163509667537,5.017681380327766,0.619828993834453,1.5063489090617133,4.061331403935985,1.7291211209462347,4.158850776777291,1000
886,0.8672031186419151,2.785413307473837,4.084746350091878,0.6741739553576668,-0.31461102778336786,2.3329826910541196,-0.4541778338591118,2.188584071142942,1000,1.174906117820989,2.2975531563169977,5.757685433974691,0.7333098281459491,-0.5813061518110695,2.0816527155278752,-0.2623811453450713,2.6121933809870495,1000
887,1.238500791383185,5.847615440648774,11.717866548421803,0.6218951278009086,0.15100195506871536,2.4922260762485577,0.019586340893404053,2.457415241872966,1000,1.5118391242253524,5.210302703677953,13.337390681854844,0.7969215858425551,-0.3199190734115918,2.5694445555488916,-0.05012718402605554,3.0738054324767603,1000
888,0.6955067580934142,2.349218541052051,16.762695421670912,0.6645819160662276,-0.014264319992692997,2.49531489822958,-0.607073797396392,1.9980873135832204,1000,0.5996981170335824,1.970410017476819,20.48518479235014,0.8393700462451309,-0.010179130025773945,3.1542743815687166,-1.0454671736068741,2.244863407674039,1000
889,-0.13192762889073562,1.0335545595988307,408.43700179676085,1.7914703082713725,-0.707834950907947,4.5537902994645085,-3.643209433102626,3.3793541753211547,1000,1.1093771193987743,1.8707117380306382,23.744114248578622,1.6372780720686246,-0.42054247817945206,4.617386545082425,-2.09968790185573,4.3184421406532785,1000
890,2.6760849119949683,2.2392728027527387,22.103406685282923,1.0389042271801952,-0.5210854565264197,3.531780705645092,0.6398326267217858,4.712337197268151,1000,2.5314054526437113,2.3488145473535376,12.016390758386015,1.1554485203109381,-1.1109868114954673,3.4814430451853324,0.2667263528342727,4.79608455245315,1000
891,1.7961357903232087,2.0436344140973888,21.734004969807934,0.3692066817780807,1.2414826654268671,2.512116344847693,1.0724906940381707,2.5197808866082467,1000,1.7150555320927978,2.6405966867316626,12.454239737483398,0.634657335346471,-0.44411294688414804,2.4870054111960296,0.4711271548137148,2.958983909371881,1000
892,2.8446371845551397,1.083593335726315,95.21279281820388,0.9551064172825134,0.17255969671538798,3.3315972916660375,0.9726286066814134,4.7166457624288665,1000,2.7222258677858235,1.281479604517997,23.83879590599115,0.9694708371211924,0.05770914959094947,3.351438097304663,0.8220630270282865,4.622388708543361,1000
893,2.172125676621639,5.721232437269409,2.1307246117476395,1.1528119539072954,-0.533172180396941,3.8129856163098856,-0.08738575303665996,4.431637106279938,1000,0.7748293514355513,2.935605780498978,4.934196414796721,1.294342563242846,-0.9046348728970088,3.5988052456565502,-1.762082072520427,3.3117407753915296,1000
894,0.9119905939147483,6.790990217013722,3.9422724307621717,0.5476223814333016,-0.10484522029433037,1.9832405002093485,-0.16134927369452257,1.9853304615240193,1000,1.0240445737409172,5.849475316252505,5.1996725231461625,0.6581620571016633,-0.5893165294193475,2.029595739783551,-0.2659530581783429,2.3140422056601775,1000
895,1.1353583902976185,1.5393177253480417,76.94852764871531,0.5545725963218272,0.4511057399573197,2.5779690063914242,0.048396101506837264,2.2223206790883996,1000,1.2726966429994087,2.217760497208429,26.74985025707648,0.5271469235447357,0.22858552324743583,2.2773678744946566,0.2394886728517267,2.3059046131470904,1000
896,3.147287674661144,1.2120496785620964,46.197811986706135,1.8672562745088686,-2.473206165150528,3.8226262252653544,-0.5125346233762387,6.807109972698527,1000,2.5130168008111036,1.498945772261713,18.859698122169064,1.8566121860049467,-2.450484000303847,3.8990995510940882,-1.125943083758592,6.151976685380799,1000
897,0.6060050838579856,2.4822707460247995,22.276155220619614,0.732574215691702,-0.13180007717672446,1.9626818281530938,-0.8298403788977504,2.0418505466137216,1000,0.4478449455805391,2.447823874164399,16.89438180131925,0.6519970475492067,-0.6315633145203795,1.6396091436981353,-0.830069267615906,1.7257591587769843,1000
898,1.7486500223860912,1.0435792501313548,393.7122417103355,0.8130436116543501,0.667003672173752,4.197539105922369,0.15508454354356505,3.342215501228617,1000,1.9724493091716258,1.6778627517430358,37.057033493155494,0.90804353910418,0.9434728591423709,4.648855798274631,0.19268397252743297,3.7522146458158185,1000
899,1.3816018711452827,2.419941096572094,23.213839872105876,0.41106293854194287,0.7366344547113723,2.027657323002074,0.5759185116030746,2.1872852306874906,1000,1.370812001651683,2.8509296211048216,14.038552428283175,0.3880088606122832,0.7587353279362168,2.0462969607260066,0.6103146348516079,2.131309368451758,1000
900,2.3460453519262927,2.069804144687433,48.5313559153526,0.7670469614884023,0.12946145033268994,3.6430703896257244,0.8426333074090242,3.849457396443561,1000,2.237408222744737,4.531355012539654,17.677166166514947,0.8787466839040726,0.06955514391783196,3.906419691837637,0.5150647222927549,3.959751723196719,1000
901,1.484017819663987,1.2046691951735147,135.06175247865056,0.5319556463354157,0.879783107535956,3.0216582312605933,0.4413847528465722,2.526650886481402,1000,1.6249770638333865,2.630219344761591,19.408341288339813,0.5373750453345398,0.7237458018955121,2.87974437248046,0.5717219749776885,2.6782321526890844,1000
902,1.274589468846827,1.9785095649255346,7.002356079427947,0.5573044972393341,0.0781914038553648,2.6999966802073834,0.1822726542577322,2.3669062834359216,1000,1.3500727251457922,1.192317597613578,6.784656451386619,0.7496931168157366,-1.1240635987801042,2.4943890090304133,-0.11932578381305148,2.819471234104636,1000
903,0.7512089887808313,3.114184652791603,17.23596748739081,0.8825887932875073,-0.6119107597565742,3.0967305842019797,-0.9786650460626829,2.4810830236243455,1000,1.031709301040533,3.3897115597251095,12.415568504513567,0.9014273849817916,-0.510890192844522,3.071225742966911,-0.7350883735237788,2.7985069756048446,1000
904,3.7555914829836636,4.515721255822367,1.1938999880936865,0.9849906403259308,0.7969547442382139,5.078423562301943,1.8250098279448395,5.686173138022488,1000,4.923077300710162,1.3496501065899835,0.029687466698703983,1.782898312896553,-0.6869293311601422,5.034375960463719,1.428596607432918,8.417557993987405,1000
905,-1.004759472016148,1.3283030966478107,48.761893170479624,1.4791390537966822,-1.7532175337314624,2.836211573265059,-3.903872017457645,1.894353073425349,1000,-0.7351710881697437,1.6665807508907262,29.259811598990517,1.438993198233126,-1.7030108199400895,3.1842225777249027,-3.5555977567066708,2.0852555803671833,1000
906,2.3460542414668057,2.8785837915230688,3.1138903823151853,0.525901881641376,1.2858675352133817,3.377229492784684,1.315286553449709,3.376821929483903,1000,3.0887115268155227,1.2638803380575603,5.223603750502813,1.149288782803906,-0.26483555264593067,3.7446780899577603,0.8361055125198669,5.341317541111179,1000
907,2.2890174717472664,1.9586522020353152,8.13835914603036,1.0740332262076262,-0.8635718829217839,3.064332102737629,0.1839123483803191,4.394122595114213,1000,1.600399076837978,2.664936745706588,4.8711845504455455,0.8861000497310291,-0.5016275194789552,2.64219512621196,-0.1363570206348388,3.3371551743107952,1000
908,2.716902622198174,1.365947309453369,65.7826670891813,1.3364866661392454,-0.6487441082702787,3.4163151384800288,0.09738875656525314,5.3364164878310945,1000,2.2300984078000954,1.876119022488081,32.66269589519513,1.2355187715990423,-0.753915273311627,3.3042007341405,-0.19151838453402759,4.651715200134218,1000
909,2.377707771240633,1.473794900104942,38.315330001168896,1.0712836544864823,-1.2444817248735747,3.2263338435628675,0.277991808447128,4.477423734034138,1000,2.344857305225435,1.6538533734637302,33.57738602685495,1.1795260710831772,-1.94379933032089,3.241364923092393,0.03298620590240775,4.656728404548462,1000
910,1.8321511727351596,2.5239147925843404,9.701934342621248,1.012514055571576,0.6032480167198575,4.099717082293807,-0.15237637618512911,3.8166787216554483,1000,1.7684455569926332,2.7886704205661346,7.203633155407496,1.1111567750713305,-0.38770394435572925,3.995991768716364,-0.40942172214717454,3.946312836132441,1000
911,2.113657285959215,2.999189879761291,1.684721398656147,1.5948562258673558,0.0173965179911968,4.890442617068293,-1.0122609167408023,5.2395754886592325,1000,1.1661670831454893,49.99999999999998,10686474581524.463,1.2045538621749443,-1.9115603690634384,4.076685764272386,-1.1947584867174013,3.52709265300838,1000
912,1.7460377509418459,2.113132690161287,13.168280696597321,0.5689068489215379,0.9086820752396725,3.08909886543831,0.6309803270556318,2.86109517482806,1000,1.682931781973803,1.6224812730116651,19.129120391620965,0.6274338108525757,-0.23498030278445792,2.6242075876450603,0.45316151270275484,2.9127020512448514,1000
913,0.7357967369126728,5.197094411660526,17.83982900429299,0.8468296207051268,-0.8977349635202257,2.336662635606482,-0.9239893196693758,2.3955827934947216,1000,-0.116872038813854,3.0837581041216335,43.7121165853251,1.252048467067927,-1.6302324256289287,3.3738921296894944,-2.570887034266991,2.3371429566392834,1000
914,1.3856179321719488,6.3515580732023835,2.9187246706998478,0.7059343704074672,-0.08891884965526718,2.6568827033290123,0.0019865661733131645,2.7692492981705845,1000,1.4834768482564913,5.6049449090217225,3.270909460788581,0.9271655350964072,-0.7778371865627035,2.9011842811261506,-0.3337676005324668,3.3007212970454494,1000
915,2.753246312434622,4.110083847100359,20.349879376836615,0.8490847110528116,0.8749800136638279,3.955854433943698,1.0890402787711113,4.417452346098132,1000,2.319836384305914,6.21028665168943,7.159069424947206,0.740233837562127,0.7800282375353935,3.6792920723744413,0.8689780626841452,3.770694705927683,1000
916,1.5898245259912729,4.549384681781265,9.59083625674519,0.822353244599278,-0.5883928017468292,2.7362509222811724,-0.02198783342331212,3.2016368854058577,1000,1.504143595142713,4.199020282846446,9.616884170191337,0.854340447986393,-0.748122533796475,2.5164925401051197,-0.1703636829106172,3.178650873196043,1000
917,-0.8255054146563023,3.701330528246155,10.871499606424079,1.3132944997879412,-2.44937377347564,2.13841029469967,-3.399562634240667,1.7485518049280624,1000,-1.6156144167746738,2.212984065352441,16.168590186506233,1.469971307169438,-2.5949253983867395,2.359571114402916,-4.496758178826772,1.2655293452774248,1000
918,1.1298739587534716,3.846514155502547,11.844107801370022,0.7236230429146189,-0.6790965165604866,2.463486030047048,-0.2884272053591814,2.548175122866125,1000,1.0274733459871066,3.385631681260136,11.729263889560382,0.7234203103934627,-0.6986092483523132,2.3895785221876773,-0.3904304623840802,2.4453771543582934,1000
919,3.162670697599431,1.5146277912945116,109.35958847847728,1.3252230333946615,0.09627899558654508,4.15300375809641,0.5652335521458944,5.7601078430529675,1000,1.5242339817771826,2.0331802710298055,20.554294817059127,1.155470228932495,-0.09014980277651567,3.862100187548588,-0.7404876669305074,3.788955630484873,1000
920,0.9912659722553989,1.8033066886137348,97.0524168969785,0.5356479192128221,-0.16563231204451423,2.0631206761364984,-0.0586039494017323,2.0411358939125304,1000,0.7555864554734504,5.773111897947511,7.55826136623143,0.565326083093458,-0.22964555509140028,2.0173604658702216,-0.35245266738972725,1.863625578336628,1000
921,2.888818889942092,3.5335605796043037,19.865386300080402,0.7306352686068208,1.310730664934785,4.097558565250946,1.4567737634727234,4.320864016411461,1000,2.7426735681386334,5.131985144445021,8.954372605340856,0.6705387227983396,1.3637012201618235,3.9429092613462537,1.4284176714538879,4.056929464823379,1000
922,1.5696060482030796,2.8695864390776205,46.87129048012023,0.6898415214648705,0.9205322050976803,4.000169033663296,0.21751666613193343,2.9216954302742257,1000,2.277391837826727,5.710856593639654,10.520987330966328,0.6783210217755997,1.160149460388535,3.7938322485023304,0.9478826351465515,3.6069010405069024,1000
923,0.13858325898304025,3.4829145405440376,16.32500566207026,0.924357066147634,-1.2143988984911493,2.7082657836020574,-1.6731565906663224,1.9503231086324029,1000,0.42824422537170204,4.386962987246508,10.869847753895934,0.8164210519920243,-0.8205527434954267,2.63585832502429,-1.1719410365326657,2.0284294872760698,1000
924,3.1255135466664066,1.8777407173439173,55.19334607049621,1.6284689071628027,-1.5113926128927664,4.372123930344269,-0.06628551137268657,6.317312604705499,1000,2.7636045353837018,2.19860858264634,32.69225337027116,1.6718072008873506,-1.8465947119476056,4.258194871344035,-0.5131375783555052,6.040346649122909,1000
925,1.630406168728997,1.0393873893529992,221.36349845608026,0.9303689145492328,0.7485385634706316,4.388632391781403,-0.19311690378749913,3.4539292412454934,1000,1.7155308865759777,1.1729233653001705,43.00388685889274,0.9480578635122043,0.3189070601903651,4.083544547919093,-0.14266252590794282,3.573724299059898,1000
926,1.818561523541389,1.4252593486717824,53.75383137599097,0.5006464207823718,1.279502401176288,3.1657244205943784,0.8372945388079404,2.7998285082748375,1000,1.8181357594611298,1.8885985980287603,19.6515707795731,0.47738031779731427,1.079203135840572,2.973937375338956,0.8824703365783939,2.7538011823438655,1000
927,3.145406823844226,1.8171897482820882,28.789653775908796,0.482724228791092,2.486317418139297,4.436266329651198,2.199267335413686,4.091546312274766,1000,3.281654259947784,2.575293572992942,13.373200139303952,0.49855140724554364,2.5088527594502366,4.479107643046786,2.304493501746518,4.25881501814905,1000
928,2.769774252841695,2.5819304586734733,8.543212700288226,0.9353236746766994,0.3687846528462767,4.0950381211445235,0.9365398504753644,4.603008655208026,1000,2.6371195104743044,2.323376531876674,9.807041442301964,1.066534276433809,-0.1070171933643358,4.105541676683812,0.5467123286640385,4.72752669228457,1000
929,0.8195734578956325,1.5652495685739407,47.792228486402145,0.5006299234269129,0.1610175167218304,2.641485281389216,-0.16166119202111684,1.8008081078123819,1000,0.9839384109457532,2.384727700216084,18.829308689262906,0.5465847084518075,0.05404610367264673,2.304724440656425,-0.0873676176197895,2.055244439511296,1000
930,1.7872567304612923,1.610792503691177,23.80756254765167,0.8702804828854546,1.0500190601053685,4.524301185113712,0.08150698400580136,3.4930064769167832,1000,1.9297529722851774,2.7492898573555955,7.267971424274984,0.8512081634436346,0.29482434475161184,4.138679575674486,0.2613849719356536,3.5981209726347014,1000
931,2.41819977236399,1.9766817642493402,40.561269576841404,0.3938796586050458,1.7170480065000817,3.141942448188029,1.6461956414981003,3.1902039032298797,1000,2.4038350723652435,2.0906600040384027,32.92741256804551,0.530736498579469,0.6178946878217456,3.1703984667547207,1.3635915351494843,3.4440786095810028,1000
932,1.7999031336834928,1.46589191426713,77.08586387803743,0.5821441331087566,-0.049872966005675104,2.353714043264227,0.65890063279033,2.9409056345766555,1000,1.5980426927362752,2.483903312812735,24.372059745759522,0.5796097984598243,-0.11924374585049263,2.2779035675492145,0.46200748775501954,2.7340778977175306,1000
933,1.768748877831147,2.802525330876533,54.240012015130205,0.6228921720284888,0.962770010620675,3.6781033351951007,0.5478802206553091,2.9896175350069853,1000,1.8833093766984432,6.632739044438689,9.266124591713757,0.6150347673340069,0.8588974792672947,3.417681386756849,0.6778412327237897,3.088777520673097,1000
934,0.7113048218485236,1.4404649711051607,231.34595173416477,0.9647491220898867,-0.19938585403174078,3.008842123353145,-1.1796034574476544,2.6022131011447014,1000,1.5112464730106476,5.095833529196764,5.713884666525614,1.0906162527572665,-0.408615766112887,3.889107337082645,-0.6263613823935945,3.64885432841489,1000
935,2.1086661110368117,5.289249920365795,5.694135820058836,0.3299777966829591,1.492587915024723,2.7518293882109486,1.4619096295382117,2.7554225925354117,1000,1.8448578896445769,6.31241556652547,2.6174190231435577,0.4744516786837185,0.7942354290917067,2.587013161153642,0.9149325994244886,2.774783179864665,1000
936,1.3712938117080689,1.2908342665051613,36.98561962602567,0.9698071877101432,-1.7698742616372898,2.709678883310022,-0.5295282762038118,3.2721158996199495,1000,1.2396413575849172,1.515699903468071,21.01761688557402,0.9707545901588941,-1.6991099198949697,2.678032967667791,-0.6630376391265151,3.1423203542963494,1000
937,2.2760206524664888,3.1502931284269344,11.98325326924244,0.40263128231453776,1.4024527593818301,2.9443345155953113,1.4868633391299948,3.0651779658029827,1000,2.1022839891946536,4.271753797977443,4.084887260823022,0.49965544198885303,0.9593431457579551,2.845885372692653,1.1229593228965018,3.0816086554928055,1000
938,1.1288607760424711,2.0194543473252997,30.325966018302175,0.9577382133027786,0.3259791101838183,3.8167659932002675,-0.748306122030975,3.0060276741159173,1000,1.4029552945345434,2.8125109136954514,17.228808134139225,0.9091981796121108,0.3103943217102775,3.736717494769211,-0.37907313750519367,3.1849837265742806,1000
939,2.3458962953487337,4.096427793162231,8.903062134011758,0.4883051407873665,1.592610296467281,3.4367264345333783,1.3888182194054954,3.302974371291972,1000,2.3094415288385903,3.0908796308268998,12.320867802275554,0.5619674403635864,1.5503072326622478,3.6507390057115314,1.207985345725961,3.4108977119512196,1000
940,1.3557451967986491,2.9679990112086854,12.0428902361936,0.4073710059263578,0.6809385959862814,2.097633346500466,0.5572980251829879,2.1541923684143103,1000,0.879443069723927,3.1044892334891068,9.022659588550077,0.6509477220351805,-0.5625962496626362,1.9395633992066184,-0.39641446546502657,2.1553006049128807,1000
941,1.1102662496892235,4.301277557553705,8.600020864992215,0.5956858470024089,-0.21065655121463508,2.0879038184373226,-0.05727801043549796,2.277810509813945,1000,0.8415966974601379,4.600327417768191,5.334327113823917,0.7695579823649925,-1.004266400836165,2.234529914437319,-0.6667369479752474,2.349930342895523,1000
942,1.3211987435485881,4.091057069487604,14.517200618010081,0.45898295605430406,0.5102216609261766,2.301722892463349,0.4215921496821522,2.2208053374150243,1000,1.6833083585379431,3.9806529744785357,7.97565186477426,0.537034104768676,0.7108941150694668,2.718199919745368,0.6307215131913382,2.735895203884548,1000
943,3.0815666425685917,1.4561381089904608,26.801160488739317,0.7585010479664247,1.0900441970418777,3.6101765550973077,1.5949045885543993,4.568228696582784,1000,3.192849435096715,1.241768903004556,33.104861106445746,1.1397767757806958,0.061926410213289367,3.6575857376578123,0.9588869545665513,5.426811915626878,1000
944,-0.009471874259298962,3.1696972985786376,5.28666479585983,0.9988816670699892,-2.439442879291506,1.6467316342971574,-1.9672799417164777,1.9483361931978798,1000,-0.06371597302275545,3.113139726378716,5.19264541097442,0.9124991061542416,-2.238724728023258,1.5633702049037483,-1.852214221085069,1.724782275039558,1000
945,-0.36886124490973415,1.3642176524835976,89.14196415134555,1.0289096191710223,-1.1157750387580418,2.4120840654397377,-2.3855240984849377,1.6478016086654694,1000,0.22131870221401506,2.8376864597805747,11.895380844713063,0.8832241579147674,-1.0508482729442978,2.300174400529253,-1.509800647298929,1.952438051726959,1000
946,2.6515934276344675,1.0800339302437882,72.57669963483283,0.8707870775741785,-0.0899514828380363,3.156733110286539,0.9448507555890777,4.358336099679857,1000,2.6065312695803895,1.2443690196483816,24.2760124851994,0.9333503947826928,-0.18405402783542119,3.259121712019568,0.7771644958063118,4.4358980433544675,1000
947,1.969862878515015,1.2219848962227409,106.29079373045438,0.7555552795837988,1.3756242523755755,4.10033555701856,0.48897453053076934,3.4507512264992606,1000,2.1164104519953533,2.1081992850047433,21.926298065320484,0.7873662591113582,0.9551783601511913,4.309441814478702,0.5731725841370914,3.6596483198536154,1000
948,0.6605739130135415,1.0789841889591771,64.4925848135553,0.5043431149194998,-0.4754469545218285,1.6271344402211503,-0.32793859222867805,1.6490864182557612,1000,0.6473630359025013,1.088029727010576,27.488767665783136,0.573337312353155,-1.0859899462439329,1.2391792653353406,-0.4763780963096824,1.771104168114685,1000
949,0.8934631369709138,2.0264981594635305,18.818222012581902,0.7156789438416223,-0.4890520925321694,2.5715539345417358,-0.5092675929586659,2.2961938669004933,1000,0.7557574776242526,2.4934697952304443,9.023741263288356,0.7790490121531781,-0.7306050611264475,2.5654292952023754,-0.7711785861959766,2.2826935414444818,1000
950,3.115780882933157,1.8310649188672683,14.229702593273673,0.5370488892645905,2.1330273524542323,4.1964227832193846,2.0631650599745592,4.168396705891754,1000,3.1344579867778632,1.8725893450309985,11.0948611960122,1.04060100454301,-0.1610178613052824,3.7129471203224216,1.0948800178735634,5.174035955682163,1000
951,0.8410776883489127,1.0681859735226302,306.65196901408115,0.38142630621567625,0.010339973543540276,1.4373828110902294,0.09348212816618728,1.5886732485316382,1000,0.6080747248506075,2.8458682337389165,11.405131455255034,0.44570906640826186,-0.32697223378306073,1.3640984974822863,-0.2655150453095857,1.4816644950108007,1000
952,2.41935298730917,2.2783157831887104,18.443329032763884,0.851596380125109,0.2574346642877182,3.3829577668887705,0.7502240822639563,4.088481892354384,1000,2.202500858314674,1.9033680920138758,12.345628255358664,0.9799518295284636,-0.8724836650660056,3.2898299128427797,0.28179527243888547,4.123206444190463,1000
953,2.4781932321011966,1.6671853454946624,78.63931076458428,0.9935853163824319,-0.3470193245252601,3.2970619661603693,0.5307660119916302,4.425620452210763,1000,1.7668837447080852,2.8962796223059373,20.923228469454948,0.9304115913108234,-0.5333133822790979,3.0464794299536186,-0.0567229742611286,3.590490463677299,1000
954,1.862741815993933,3.701316998860138,13.20081428385329,0.6165112336235073,0.6783590175405171,3.1217541278622094,0.6543797980918586,3.0711038338960073,1000,1.8245259425990656,4.844462219082424,6.471346697344539,0.5949973531620936,0.6069043117372263,3.0044688776192072,0.6583311304013624,2.9907207547967687,1000
955,-0.13234781622382163,2.2203459054289802,26.63150178174796,0.7194362134486773,-0.8236829162099679,1.879683754273444,-1.542442794583229,1.2777471621355858,1000,-0.20800021024490456,2.0234070921371563,30.137944000562882,0.8015894116810107,-1.0776582085905673,2.3604142938057504,-1.7791154571396854,1.3631150366498763,1000
956,2.580211443994877,1.2020275963858502,85.52066142888931,1.2658164978370163,-1.793362975878022,3.16457311263522,0.099211108234325,5.061211779755429,1000,2.3932411875187714,1.4727999396953038,43.687899602128745,1.2132448272855283,-1.7481524711506116,3.034750064930553,0.015281326039136012,4.771201048998407,1000
957,0.48217602713110796,1.6862463966943593,25.1953678769432,0.6843461285784248,-0.6403676056527114,1.9724570747681598,-0.8591423848826045,1.8234944391448205,1000,0.4806077187205249,1.7903996485075546,21.507823771857726,0.6362800691301357,-0.5737564122035574,1.8861095664124286,-0.7665012167745411,1.7277166542155908,1000
958,0.07140251087216765,2.1281826549335605,80.52661637742824,1.6826921893038154,-1.7569985588155723,3.3645916458568523,-3.2266741801633105,3.369479201907646,1000,0.5581723874933637,2.6296100464857624,37.67139646691276,1.538309429885971,-1.363294725876856,3.9302399032700936,-2.456914095083139,3.573258870069867,1000
959,-0.246256304391407,1.2322913294078062,147.3959304273057,0.7445947604522346,-1.3603181789704286,1.7601389910173046,-1.705662034877787,1.213149426094973,1000,-0.6065736434432276,2.520571973017209,12.383415264853525,0.7521975154249568,-1.5266181037309372,1.4069237875436063,-2.080880773676143,0.8677334867896878,1000
960,3.3359358440998106,1.4653569376326414,33.850065821050336,0.8219193552926964,1.2070359769202255,3.9177718156346484,1.7249739077261257,4.9468977804734955,1000,3.1494618141557633,1.9248365429521996,19.9089798649486,0.8341009933821735,0.9305968057554824,3.845586940334028,1.5146238671267034,4.7842997611848235,1000
961,0.9574586575343076,2.9066787007896537,26.13661909626389,0.49297266141876195,0.23796268074835533,2.185148238757756,-0.008767758846465856,1.923685073915081,1000,1.1830406536491003,4.282410905259632,10.030591218537353,0.5106647729873791,0.31545878949427836,2.333631514241461,0.18213769859383722,2.1839436087043635,1000
962,1.5979661828587144,1.1762013610189272,86.71590770663991,0.6657584088701249,-0.5482060897469033,2.205944089244823,0.29307970147326956,2.9028526642441594,1000,1.6012210795402595,1.1680798571634199,31.611629912339264,0.809307524711018,-0.8023557328576436,2.2417585003430833,0.014978331106664244,3.187463827973855,1000
963,2.0342177090204094,2.6779547153976946,11.37772988986236,0.4404353803761939,1.1517332766864865,2.810959349774497,1.1709643634830695,2.8974710545577493,1000,2.1304344528193755,2.5023597926940306,10.302897634423001,0.5191292241706641,0.7473786084356293,2.855820304214064,1.112941173444874,3.1479277321938772,1000
964,0.7217688133158413,1.1360263122096947,52.66273255405307,0.7873034073270898,-0.14887360713783254,2.672267068805862,-0.8213458650452548,2.2648834916769376,1000,0.7944187980731331,1.2894745006660588,19.495174402767358,0.8535396829582714,-1.0388544632406993,2.466550942038112,-0.8785189805250789,2.467356576671345,1000
965,2.2086783294889583,3.0144427177583317,15.106143141337125,0.3950598276028585,1.1732157689155078,2.774766890601389,1.4343610673873557,2.982995591590561,1000,1.9216228470880568,3.6109490550147636,10.929702023252839,0.4864112399166256,0.7304380700127842,2.6930503997013706,0.9682568168514706,2.874988877324643,1000
966,2.331862552419496,1.8620847646904894,50.94869566064208,0.5708041560854695,1.100004828712654,3.5010925673085813,1.2130864064919757,3.4506386983470163,1000,2.0135477648523015,3.1174760234994947,17.21370703199263,0.6147610755799257,0.7480515261321756,3.3005062091469597,0.8086160567156473,3.218479472988956,1000
967,2.343158940586543,3.9064017938809243,17.02647409798281,0.634363177493025,0.7371671954819609,3.2221666288515305,1.0998071127002143,3.586510768472872,1000,2.0022157825550626,5.079276878152573,9.022849257657677,0.550380461329962,0.652167621216392,2.8107455883762347,0.9234700783483372,3.080961486761788,1000
968,0.3428959510889664,1.1078359769529453,162.6497878661624,0.6228485869865367,-0.06904040552932471,1.965517176080717,-0.8778872794046455,1.5636791815825783,1000,0.7586189597276838,1.9184218429258522,36.34187504711589,0.738610786240436,-0.33562885235307205,2.272894556725437,-0.6890581813035708,2.206296100758938,1000
969,3.159560647148847,1.9708791638676686,50.26267577125502,0.5852267211783424,1.5892227166004051,3.903807710211769,2.012516273639296,4.306605020658398,1000,3.236294358459623,1.3118437600658728,41.83237884014558,0.9494302169525977,-0.04544779522090368,3.8881855921482145,1.3754111332325314,5.097177583686714,1000
970,2.3453832089807856,2.0084019168431815,47.75528627456295,0.4100597189263939,1.5755218757033609,2.965857230052711,1.5416661598850534,3.1491002580765177,1000,2.3092753900351872,3.3535594090240872,14.554715731865915,0.3957988934700884,1.546062516640742,2.974667130594022,1.533509558833814,3.0850412212365605,1000
971,3.238549233928659,1.1510640370682788,31.53317105774738,1.2789295563796323,-0.19128803957112048,3.7643503008641415,0.7318473034245798,5.745251164432738,1000,3.268156539670498,1.1372182236180275,30.502938872145084,1.516654795365916,-0.6691997139145889,3.810894142943017,0.2955131407533025,6.240799938587694,1000
972,2.3520779936701532,1.524001136320769,35.67266935058869,0.46353528156965296,1.1057812359110646,2.8633953611986755,1.4435488417936335,3.2606071455466727,1000,2.275278334586085,2.29420176282765,12.828358038560541,0.5064096208280693,0.7702928675249323,2.9342286318850275,1.2827154777630694,3.267841191409101,1000
973,3.5677475648944865,1.1593956723799697,79.21694615710459,1.1714954890807114,0.1878040203554069,4.134255477252772,1.271616406296292,5.863878723492681,1000,3.3705961212333135,1.3706843734045449,37.181143774927136,1.0396615847158706,0.42616482596409,4.060951370656703,1.3328594151902071,5.4083328272764195,1000
974,2.9062387710019166,2.2108411767254057,34.90413637795827,0.3768047439960262,1.9593178664257789,3.4410388055275716,2.1677014727697053,3.644776069234128,1000,2.484633914610289,5.195589471605264,8.070142752370288,0.5903065266934112,0.8688691551808404,3.189765000571563,1.327633122291203,3.641634706929375,1000
975,0.7852348060590468,2.105832160406256,61.45365464258749,0.7072694628147798,-0.7500408272587438,1.8884497373381393,-0.6010133410579215,2.171482953176015,1000,0.703740100095587,3.8572519116454274,16.635015376500686,0.6414827020694008,-0.5269569510056127,1.934458351110692,-0.5535659959604387,1.9610461961516126,1000
976,-1.2323011368199377,1.0695907058869647,121.06215398655299,1.438555965591826,-1.6840237823387176,2.6896772096306547,-4.051870829379917,1.5872685557400414,1000,-1.2218442940811474,1.087668145767321,67.82190784542998,1.378739350470944,-1.6685763777646434,2.8604902112902755,-3.9241734210041974,1.4804848328419027,1000
977,0.5373019187592671,2.187822064380552,4.8906347747815095,0.8517107708115025,-0.07108580988479822,3.505363074899156,-1.1320511920312777,2.206655029549812,1000,0.6230562762070094,2.2825131412073913,4.1036712479401904,0.6923817507534378,-0.46753387080467596,2.7067034215115027,-0.7340119552697285,1.9801245076837475,1000
978,2.7979700251410624,2.8014089023374584,0.0010401830792660918,0.8627581866875985,1.5611998559577145,4.731922933419406,1.1069639792333694,4.488976071048755,1000,1.7524260144605734,3.0518766577119636,0.00019719691930323804,0.7202394340827833,0.5905168958311512,3.3016663489121045,0.3407567236583182,3.164095305262829,1000
979,1.171459184152358,3.359759823668414,6.137911769042969,0.7061173456895894,-0.1962941592216578,2.469606011833713,-0.21253081339923718,2.5554491817039535,1000,1.0036034420090285,3.4746288819361624,4.054098351941559,0.7175316704472693,-0.25068801605162905,2.3449259270266385,-0.4027586320676193,2.409965516085676,1000
980,-1.3199549079888713,1.605004835424793,49.46877617731036,1.8284776680208947,-2.2862280182096,3.350270398668366,-4.903771137309825,2.263861321332082,1000,-0.32299140062969167,2.661628102693177,20.833759765393985,1.6075323725666952,-2.174108566407,3.305206035829157,-3.473754850860414,2.827772049601031,1000
981,1.3764401866712923,4.242597359430036,15.82286817340972,0.5626498670821418,0.38280865192926916,2.6894438874873425,0.2736464471902944,2.47923392615229,1000,1.30206714079501,6.7675729085498855,6.567923475652346,0.7000473053480951,0.11604554924152544,2.9183555915805504,-0.07002557768725648,2.6741598592772764,1000
982,1.1004344035035836,4.184502964407471,5.831342620954758,0.6937003910221659,-0.19988186431719068,2.6446902031034694,-0.25921836289986144,2.4600871699070286,1000,0.8710702355806299,4.053659145261314,5.204505103207678,0.8005667444998202,-0.6973871436004845,2.4128030427236102,-0.6980405836390178,2.4401810548002776,1000
983,1.0868605056892253,2.617852715923047,3.124967617898819,0.752375033116494,0.1414838497780508,3.2253418382877825,-0.387794559219103,2.5615155705975536,1000,0.9004044705392693,1.4710603423673703,2.6606138771381875,0.8175951453095568,-0.3539015489664713,2.747847507196998,-0.702082014267462,2.5028909553460004,1000
984,1.5403574207113313,1.495509169087643,75.71819353404557,0.605542387665039,0.3668222000449869,3.00231538659831,0.3534943408878548,2.727220500534808,1000,1.579158461422028,2.931741849906437,17.99703385114259,0.8561062355384905,-0.2789191042473703,3.6148798972511034,-0.09880976023341348,3.2571266830774697,1000
985,2.3972637174165192,4.440326302496392,5.041365112207398,0.8652813151453644,0.2128092735484249,3.5801181174076864,0.701312339731605,4.093215095101433,1000,2.466559967422918,4.325084846563719,5.011224607636797,1.0088956183436237,-0.26646225647592164,3.863521123968011,0.48912455546941547,4.44399537937642,1000
986,1.39250303770509,2.202214421875097,101.02673246988165,1.5633555490356763,-1.8683735948871933,5.119366156557182,-1.6716738384048353,4.456679913815015,1000,0.5975984406081334,2.5590029799642418,37.89775022900164,1.902307684112482,-1.8659112056656082,5.088968595452385,-3.1309246202523315,4.326121501468598,1000
987,0.11187249778464192,1.983322891484288,7.9106194263037635,1.6545436700846654,-0.9279928467647999,5.789488412985332,-3.1310330955813024,3.3547780911505862,1000,3.323209442514365,1.9556367458174613,1.9981737203872016,1.9706974468096763,-1.011692290654759,5.964223718947053,-0.5393575532326005,7.18577643826133,1000
988,1.736700578543561,1.5718155318570843,5.806816285722267,1.101314149369459,-1.0573693298101419,2.7237114607142923,-0.42187515422057853,3.8952763113077005,1000,2.0409720794558583,1.3643542885625373,6.11759071958251,1.3502009387106428,-1.4369877222423497,2.620404074564118,-0.6054217604170016,4.687365919328718,1000
989,2.2828276475269798,4.233897496174189,4.249802925889786,0.5951532830030292,1.169976685743876,3.5268754817821018,1.1163272128410426,3.449328082212917,1000,1.8719362693180799,3.0513580119574515,4.946926677673009,0.6738375015774841,0.4649722153292237,3.095763090503385,0.551214766226211,3.192657772409949,1000
990,0.46421624625568825,2.6138249255497814,19.385375709779563,0.7347799692671165,-0.29789888092020567,2.497029289380511,-0.9759524935078601,1.9043849860192366,1000,0.47013559895521984,2.5961058843380065,19.551622866178946,0.8184743031888913,-0.33664349656101245,2.9056919471145943,-1.134074035295007,2.0743452332054466,1000
991,1.472763913775207,4.196882480818003,10.561086351497048,0.705499649871103,-0.7947709366257208,2.602648106820458,0.08998460002784525,2.8555432275225687,1000,1.5063587334298953,4.283447507792461,9.917997138461049,0.7225329549031397,-0.6674658009881134,2.6993170792087633,0.09019414181974139,2.922523325040049,1000
992,1.9784512946235349,3.275189533679016,12.462841508412435,0.7054539094784962,0.3821227436801666,2.901650730563444,0.5957616320456824,3.3611409572013873,1000,1.8990769724403256,3.8015634151411266,5.71182382153828,0.6648286456537016,0.4433915006476461,2.8778355838906635,0.5960128269590705,3.2021411179215806,1000
993,2.0926965268994535,2.0271270574558327,51.603274248372806,0.2976552727387431,1.532882543607868,2.691074911566628,1.509292192331517,2.67610086146739,1000,2.1709488119961784,4.5517916581256,16.00201771396614,0.41177773689218644,1.530193894911776,2.8376419900168446,1.3638644476874928,2.978033176304864,1000
994,1.059569753081629,4.4582654167344025,8.723233957330683,0.648687937714764,-0.21659949381117893,2.6165967384188695,-0.2118586048393083,2.3309981110025664,1000,1.444569312685167,4.482729843885835,7.342094031050543,0.7612687450300155,-0.29593799444785984,2.792830107548071,-0.047517427573663396,2.936656052943998,1000
995,1.539067305774192,4.04309290378389,7.383671341107067,0.7478832102223166,0.3392950488047708,3.2478539443482504,0.07321621373845133,3.0049183978099325,1000,1.5942815603529135,4.003327794075463,8.062839262024031,0.7882836394872993,0.08006940615369196,3.084323139783651,0.04924562695780699,3.13931749374802,1000
996,1.814394059031783,1.9736900018236068,44.76351606853985,0.5955323703328415,0.16165438500981885,2.661476143658473,0.6471506131794138,2.9816375048841524,1000,1.3946788028624741,3.7286383278749082,11.96599671157932,0.6815170533622681,0.06188409214726175,2.7348994439447614,0.0589053782724287,2.7304522274525196,1000
997,2.198946206727232,2.8606335728747005,22.58150035953401,0.6863919019078901,0.570055238813291,3.255283002512097,0.8536180789877674,3.5442743344666967,1000,2.4665123736349956,2.654921625213126,23.985752328193865,0.7523000518423809,0.4209899055202998,3.2446846725412595,0.992004272023929,3.941020475246062,1000
998,1.5167383111775605,2.8291106549884204,20.645334070780848,0.9515033902540382,0.47052614884680993,3.808884709090467,-0.3482083337203543,3.3816849560754756,1000,1.8118807593126658,3.734130131467268,10.475768799890563,0.8850142073651653,0.4924346815901565,3.87015238872593,0.07725291287694169,3.54650860574839,1000
999,0.7627671144056027,1.0137503515705695,819.0644728671136,1.0463313137314894,0.19637167063308358,4.07124332764326,-1.2880422605081165,2.8135764893193222,1000,0.6990898297922419,2.065489436589088,17.865454637542854,0.7525095422589005,0.018058103524999827,3.2252770785480656,-0.7758288730352032,2.1740085326196867,1000
