trial,linear_estimate,linear_ess,linear_max_weight,linear_boot_se,linear_ci_lower,linear_ci_upper,linear_normal_lower,linear_normal_upper,linear_boot_n,quad_estimate,quad_ess,quad_max_weight,quad_boot_se,quad_ci_lower,quad_ci_upper,quad_normal_lower,quad_normal_upper,quad_boot_n
0,1.6391856136565273,6.232999309928719,16.710543229398617,0.496153671728036,0.8892795037973754,2.837362549875656,0.6667244170695767,2.611646810243478,1000,1.685969116585456,9.20794925712305,7.057269196461998,0.5163970172510942,0.8960399898554364,2.966837498690258,0.6738309627733114,2.6981072703976006,1000
1,-0.17285681641024597,1.1412847408465971,255.71488437010575,0.8356366117138354,-0.6511826550170329,2.2149050570346547,-1.8107045753693634,1.4649909425488714,1000,0.472888633591654,3.4609459088789545,23.209234779625948,0.5780117627147605,-0.09993906030455534,2.0849064793872456,-0.6600144213292767,1.6057916885125847,1000
2,-0.08915608881269366,4.193332443604057,24.19699952576895,0.6937727977413337,-0.9763852745122414,1.8106775384819687,-1.4489507723857078,1.2706385947603205,1000,0.3656954423796208,7.0093548289349,9.732894394325998,0.5778206230312797,-0.6095724549364046,1.7500528075511321,-0.7668329787616874,1.498223863520929,1000
3,1.1308587944793578,3.240333006064847,35.30743198823189,0.5731890188810185,0.2566368286352006,2.356721968445643,0.007408317472561654,2.2543092714861537,1000,1.4076418373328137,7.107396983563978,9.808486983001535,0.4452714801090115,0.6545957272905407,2.341841758760936,0.5349097363191511,2.280373938346476,1000
4,-1.1231080410026881,1.6814429594838767,39.109432411322544,1.1781595240582419,-1.8585243009935806,1.8761024620702895,-3.432300708156842,1.186084626151466,1000,-0.6501124011469819,2.917417608673959,14.60551380844971,0.9616843722240155,-1.6230127586763634,1.7324677908836397,-2.535013770706052,1.2347889684120885,1000
5,1.6461357256442062,1.2116947353362606,1302.577380450102,0.7248934285391204,0.38948234476344534,3.5043201488285267,0.22534460570753012,3.0669268455808822,1000,0.8882073449745786,1.1146148823352027,127.67057435859749,1.0993795813139005,0.17510486901110286,3.8241643529212617,-1.2665766344006664,3.0429913243498237,1000
6,2.2413117338192725,2.157720646643131,45.74648941434018,0.3903247111078236,1.3968460469370405,2.9491605311235,1.4762753000479383,3.0063481675906067,1000,1.9148378016352918,6.716566498246347,8.70007246814061,0.45358953196617674,0.9290655733020986,2.7544882922119305,1.0258023189815855,2.803873284288998,1000
7,1.9954078627945733,3.4594388155522675,33.558830692034064,0.5283682853447903,0.44706606996747933,2.5367088445024195,0.9598060235187844,3.031009702070362,1000,1.2952749167813618,10.658264756518117,6.892130365889739,0.4463899824659104,0.33952715184913146,2.073790862685115,0.42035055114817743,2.170199282414546,1000
8,1.534550582110537,6.842298112309282,15.32528317739344,0.5597586704100348,0.3528712551307752,2.4752771064405805,0.4374235881068689,2.631677576114205,1000,1.4769212735091746,9.832855640080698,8.214161135684895,0.5172753423999336,0.46316611034781957,2.4338811546306203,0.4630616024053049,2.4907809446130442,1000
9,1.7234078999015516,5.70286730177593,6.762792071083199,0.5593781406166198,0.5995185454643326,2.8236628670078794,0.6270267442929767,2.8197890555101264,1000,1.5287230777728333,6.871977284679084,3.599173887528225,0.5520130339928285,0.3975013092750842,2.511436589533753,0.44677753114688934,2.6106686243987776,1000
10,1.6102662737594438,1.0745730541076812,484.38669775966486,0.44367587036953654,0.8141368684887585,2.6953252822795593,0.7406615678351521,2.4798709796837355,1000,2.506995951352108,2.8436670862660924,28.968939310678895,0.8285046233806644,0.2837394698279381,3.407034076569916,0.8831268895260058,4.1308650131782105,1000
11,1.6101956315684292,5.360893566647514,23.8673405043729,0.466620383247023,0.9044585879684166,2.706143284939505,0.6956196804042641,2.524771582732594,1000,1.7824536718493855,7.517566086796629,14.687471270478014,0.46604290521896313,1.0284489855082584,2.8878340045790014,0.8690095776202178,2.695897766078553,1000
12,0.5792940925436685,2.27648595726307,80.41144670784156,0.664546871984386,-0.07480847094803969,2.3553676473346195,-0.7232177765457282,1.8818059616330651,1000,1.4301536843595026,5.819246460989776,15.390952252088388,0.6394127676591719,0.5809432195705946,3.2363177681823143,0.17690465974752567,2.68340270897148,1000
13,0.496844200240397,1.5889575986302886,153.57338598644554,0.39503242536992383,-0.1097016749785042,1.4692209718952858,-0.27741935348465374,1.2711077539654476,1000,0.39543553815869137,6.4143407073048895,12.116364759541465,0.5289945766860019,-0.3702679930302338,1.7857853941462336,-0.6413938321458723,1.432264908463255,1000
14,1.4898801926796217,6.653484384744424,18.336535052649587,0.8044361775345963,0.045476265742733966,3.1840433748402264,-0.08681471528818707,3.06657510064743,1000,0.6416423569509191,8.148065041602422,12.76918646517458,0.6843851005796968,-0.3376267010989818,2.446336414381228,-0.6997524401852866,1.9830371540871248,1000
15,1.4766366063421863,9.855305605340638,9.013798733492083,0.3157705489891586,0.8272088356890209,2.0961561534510005,0.8577263303234355,2.095546882360937,1000,1.3570308009803602,9.642731724385117,12.301082799570846,0.3290533884317258,0.7091866181243116,2.0261797827732395,0.7120861596541777,2.001975442306543,1000
16,1.6790327095681865,2.5982082853114603,25.486164029894525,0.786146160295151,0.5745201361709906,3.4795512950013583,0.13818623538969055,3.2198791837466825,1000,1.672858591300642,3.016594714454732,17.43493671958488,0.6570130140888543,0.5355603968111842,3.1194734126121846,0.38511308368648756,2.9606040989147964,1000
17,2.698676201526693,4.994480067917672,19.77655363098871,0.8687290003576199,0.8899439060604543,4.12850430129522,0.995967360825758,4.401385042227628,1000,0.9819689598966839,6.882158746180304,11.95111548527432,1.20558805864474,-1.0269938358377422,3.7089983701557023,-1.3809836350470064,3.344921554840374,1000
18,2.8115526200808687,1.4835411129201894,86.00082263934245,0.4958904762815085,1.5604561443380016,3.494348555706075,1.839607286569112,3.7834979535926254,1000,2.7620119235437235,8.19133315423958,5.996833225894868,0.8049593986866059,1.3440935352383432,4.5952796921745716,1.1842915021179758,4.339732344969471,1000
19,2.1422332038175202,7.457160259282969,10.030678020952235,0.44791739771500744,1.217857398919833,3.018111744857386,1.2643151042961058,3.0201513033389347,1000,1.861606377823611,9.223814592748743,7.352473197810739,0.48389447331899726,1.047672496749488,2.9784447830928493,0.9131732101183763,2.810039545528846,1000
20,1.569067849361537,11.166306133722225,8.274599643540094,0.3532852328387185,0.7414206197204359,2.1471118412870807,0.8766287929976488,2.261506905725425,1000,1.7020327337138803,10.81914736100767,7.668235171178182,0.5182603775552561,0.6909503398537432,2.8681602900674523,0.6862423937055784,2.7178230737221822,1000
21,1.6527122249908641,9.394737342752572,3.83219898513093,0.6500071118370284,0.4274512290868933,2.8922534294846494,0.3786982857902885,2.9267261641914395,1000,1.359058130646218,6.96066681066232,5.475549076688204,0.8183160107597386,0.047851838455351854,2.9893351992631234,-0.24484125044286964,2.9629575117353055,1000
22,1.9907447008684889,1.5033094644196014,156.93625923225684,0.4003684496729959,0.8602891704573766,2.6445440571473626,1.206022539509417,2.7754668622275607,1000,1.6334737482015538,11.070579894226407,6.5007283231641315,0.4855754261289876,0.6228419902943294,2.5416907724412807,0.6817459129887381,2.5852015834143693,1000
23,1.1016303223736823,5.195191302648514,13.249852723552758,0.37579227202654103,0.48871528297684086,1.924214113200738,0.36507746920166195,1.8381831755457028,1000,0.7744520186481127,6.774319437430764,8.184640924201245,0.4512129348041141,0.061943355194735296,1.8654944296903295,-0.10992533356795087,1.6588293708641764,1000
24,1.3839563582074939,4.134309352705619,26.84433973809753,0.38360356191658707,0.7594279983707838,2.3198013901196797,0.6320933768509832,2.1358193395640046,1000,1.5757953200232109,7.266103560343906,7.405901288017162,0.4389804755347431,0.8476778660044282,2.5277698714759245,0.7153935879751144,2.436197052071307,1000
25,1.6999590311412245,5.861905455317408,20.251655587540416,0.47216388424887296,0.903215861250082,2.820018262227857,0.7745178180134336,2.6254002442690156,1000,1.6459889377017964,7.37815752753608,14.271123383921768,0.5343100772691473,0.6959921946982888,2.847441699275228,0.5987411862542678,2.693236689149325,1000
26,0.9855595462396618,1.6086136624848923,83.23420737920289,0.8204195425864061,-1.759701590525792,1.583555867559136,-0.6224627572296941,2.5935818497090177,1000,0.40381887064108324,4.243058582484983,20.7681681790801,0.7674131854194695,-1.4997001662574307,1.5654255110199822,-1.100310972781077,1.9079487140632434,1000
27,2.4710973941739978,2.5843277175957686,38.40091904311414,0.6584811305167576,0.6188870064732551,3.217629370541952,1.1804743783611529,3.7617204099868427,1000,1.550829737912585,9.632681654873933,6.227625095478591,0.6478889337168937,0.24620713920005916,2.8076553395488117,0.2809674278274734,2.8206920479976967,1000
28,2.1814506228132604,3.0738304900869533,42.41734114112039,0.6183142625531087,0.6034619857027969,2.771581291097573,0.9695546682091674,3.3933465774173532,1000,1.6517390433610575,10.041561584495577,9.323318250111393,0.42975895102885475,0.5775943969484246,2.286493350783314,0.8094114993445022,2.494066587377613,1000
29,1.9506827999161624,4.131735380525095,26.12094349686346,0.7216402601135001,0.5267694998363744,3.5086156971734486,0.5362678900937021,3.365097709738623,1000,0.9967568156383884,4.1555708719196485,22.19791509828817,0.8774544187363859,-0.3611703815959334,3.302954080628694,-0.723053845084928,2.7165674763617047,1000
30,-0.843503926128963,1.9694171501253295,74.38069880851108,1.2057721037815565,-1.777816454126135,2.1638618406393695,-3.206817249540814,1.5198093972828879,1000,0.7789345573444206,6.707990295793051,12.56817033588098,0.5707832189419625,-0.2995219471502675,2.0655609614284653,-0.3398005517818259,1.8976696664706671,1000
31,1.1542469955353818,12.06790304224654,5.192429038860562,0.3124041318385516,0.5806196991201771,1.801571547070098,0.5419348971318206,1.7665590939389428,1000,1.00080532440569,7.718382545747399,10.64827188632689,0.41516610166948215,0.3448646539259702,2.008458151379882,0.187079765133505,1.814530883677875,1000
32,2.563928296703242,3.613964128314381,30.26956264034485,0.5627866430764176,1.0985526524317206,3.3048433238483415,1.4608664762734638,3.666990117133021,1000,2.087836879394596,11.250852852090317,6.688015301412835,0.5508130335316972,1.0068648533811848,3.169800572670072,1.0082433336724697,3.1674304251167227,1000
33,1.6136348003609204,4.207254386347844,25.10184267409831,0.6367854921300019,0.6291543102666742,3.223647151939279,0.3655352357861168,2.861734364935724,1000,1.7008986274951678,5.622101535727782,14.987200460965283,0.5871101596011098,0.9042438265566021,3.27466218953712,0.5501627146769927,2.851634540313343,1000
34,0.6835193417837166,2.5599037652489307,55.97579173038874,0.8339066497979453,-0.17232685951437784,2.602218534307419,-0.9509376918202561,2.3179763753876896,1000,1.2018159120383478,4.91933550446286,21.689312584180087,0.6008907499043135,0.26764009370641817,2.4640427465897607,0.024070042225893484,2.379561781850802,1000
35,1.3867552301091244,6.130088220016302,11.635732471929899,0.6143245456235797,0.4156187898990639,2.7957360989153033,0.18267912068690806,2.5908313395313405,1000,1.6539780374207687,6.365414685766366,9.499629705540611,0.6332913829848408,0.611439514229667,3.0305497509295622,0.41272692677048073,2.8952291480710564,1000
36,0.4272127396766723,3.955768454854915,34.97188865595427,0.5488985466767579,-0.3609302802364529,1.731077184444726,-0.6486284118097732,1.5030538911631177,1000,0.778938276040126,9.844832261896645,9.284417290524908,0.4341618347921608,0.05181674418386856,1.76993223524127,-0.07201892015250921,1.6298954722327612,1000
37,2.197424596475037,8.511351531054315,7.500672577426061,0.5572254608588236,1.2742238070578544,3.416613192660897,1.1052626931917429,3.2895864997583315,1000,2.3439097063245797,9.62839928005861,5.155676768631611,0.5602559665158926,1.3078099263402299,3.5040014074416033,1.2458080119534303,3.442011400695729,1000
38,2.9970039817222105,4.5296718098574535,13.899100743751932,0.9238342601564212,1.0066046711770194,4.269445707267688,1.1862888318156248,4.807719131628796,1000,1.689843542952512,5.252496067761785,10.411919311135756,1.0524302696175953,-0.17342393725103653,3.853641508176639,-0.37291978549797467,3.7526068714029988,1000
39,0.7416839512470017,7.574854615234648,8.829145391200022,0.5753238330218503,-0.14933624314834207,2.1033321185922706,-0.38595076147582486,1.8693186639698283,1000,0.7747438706864715,3.5509831226568576,22.83487364385767,0.8788779604942312,-0.4512206538576233,2.9425446664441366,-0.9478569318822214,2.4973446732551645,1000
40,0.8410040671663523,3.0085539882581966,60.81641622760226,0.8772279689532324,-0.4630596063877572,2.9958401505369716,-0.8783627519819832,2.560370886314688,1000,0.9480899158098768,5.331394314830056,13.700845819005737,0.7734649928125702,-0.19747584544232377,2.762721362351207,-0.5679014701027607,2.4640813017225143,1000
41,1.448351645919631,2.190018076234049,74.65164160331553,0.3736841651789555,0.7188459044090315,2.2175076406365326,0.7159306821688783,2.1807726096703837,1000,1.7479151312214833,19.552840502272232,3.4317983204456635,0.4078958496865091,0.9838402385756454,2.580993782469998,0.9484392658359255,2.5473909966070414,1000
42,2.5938717552822586,1.7234431093898113,89.54388086512508,0.4948376695124249,1.1040816323411224,2.9610857504257644,1.6239899230379056,3.5637535875266115,1000,1.5248846113086636,13.236525586808085,4.106589764618284,0.3780314646441463,0.8278835976585267,2.2920644812417446,0.7839429406061369,2.26582628201119,1000
43,1.1306946532268696,8.695592617564117,6.387091035364765,0.5317332027546343,0.07838379276488326,2.1341505591927197,0.08849757582778639,2.1728917306259525,1000,2.095915077806395,6.47613530655113,8.267631155071419,0.7880220284775193,0.276600774906656,3.3593108144039787,0.551391901990457,3.6404382536223325,1000
44,2.2183837693386397,4.66335035997316,33.82598229476365,0.516664730116635,1.1442164278018474,3.1762355165004412,1.205720898310035,3.2310466403672446,1000,1.8788825024964844,10.875383739028548,6.143348329959892,0.4325537323527476,1.0237011840124266,2.7557106594055107,1.0310771870850992,2.7266878179078695,1000
45,1.0724555104074283,6.72138708112779,8.216200623449884,0.7374077730167118,-0.6700353079021443,2.560851020567809,-0.3728637247053268,2.5177747455201835,1000,1.110299057869117,6.483968134116533,8.658462273704627,0.7301920944718278,-0.3380595873753559,2.667189064219372,-0.3208774472956655,2.5414755630338997,1000
46,1.3198241633727958,2.4976120116063862,50.43344607997425,0.6238268704436278,0.27812601812435933,2.758194871324027,0.09712349730328529,2.542524829442306,1000,0.7594470891333509,4.89581937397825,16.19801892664697,0.8198176430966285,-0.5946885725738594,2.8429550484563797,-0.8473954913360409,2.3662896696027427,1000
47,0.766597384241553,4.353990530642708,21.2352447493778,0.6316163909626901,-0.0031244155540370478,2.141237899661209,-0.4713707420453195,2.0045655105284252,1000,0.7549439421883237,5.549604832835392,15.30474313215393,0.5053324271897184,0.04365398670825394,1.9550640004857356,-0.23550761510352425,1.7453954994801717,1000
48,3.883519716425278,1.5527022994915232,91.6996428597183,0.9658012056695054,1.3630954655301035,4.6089318444237755,1.9905493533130474,5.776490079537508,1000,3.223231856797036,3.7964637888079804,23.783478370477603,0.7454604061002321,1.3744908966028877,4.073315144235168,1.7621294608405813,4.684334252753491,1000
49,3.378972795144526,1.2547878366082468,178.05920220815872,1.3349482925149958,0.1546956103377632,3.8796787133781385,0.762474141815134,5.995471448473918,1000,1.390387868785179,4.214045879390523,13.32296326558098,0.6931446055412821,-0.05187132918595988,2.555134874045186,0.031824441924266145,2.7489512956460915,1000
50,1.6962304144656937,7.130372562277055,13.158990610775342,0.3313595269423133,1.0390792074491104,2.333579762795478,1.0467657416587595,2.345695087272628,1000,1.650812299254427,8.598347072672734,7.610615228772628,0.37858645089020343,0.9299384168225691,2.4242025426531675,0.9087828555096282,2.3928417429992255,1000
51,1.2432356777856692,9.820072726591514,6.490048063371191,0.5521642875001684,0.03995360456266234,2.1837351739246684,0.16099367428533906,2.3254776812859994,1000,0.4751560266228172,9.31032279017115,6.608941106140027,0.8032357083357332,-1.028141588327707,2.0781656595510265,-1.0991859617152198,2.049498014960854,1000
52,1.3116734382130313,6.959747740892303,9.527867776277818,0.4655174912243622,0.5655733346622331,2.5277989023890215,0.3992591554132814,2.224087721012781,1000,1.3200050132386887,8.131459566066075,6.924687781831926,0.49344320440089423,0.511252408618557,2.530269268271901,0.35285633261293603,2.2871536938644415,1000
53,1.1856611404194504,2.1250418376240274,52.74251024496205,0.4975904374099603,0.44663644331318547,2.4797936850304576,0.21038388309592826,2.1609383977429726,1000,0.7677724083577717,5.342476220747393,16.777333168273703,0.8622319830929467,-1.113877431341673,2.2411074429356184,-0.9222022785044037,2.457747095219947,1000
54,1.155806503619288,10.048364493564149,9.459856212752753,0.2959008933164981,0.6195194599226331,1.7304581521592133,0.5758407527189516,1.7357722545196244,1000,1.08836966908672,13.322859059946735,6.052394198722597,0.32487584057876034,0.507331069015541,1.784575616543637,0.4516130215523497,1.7251263166210902,1000
55,2.382926952896124,2.7815675326266764,24.736810892609782,0.41276079357030393,1.6900471301232787,3.372338744955738,1.5739157974983284,3.19193810829392,1000,2.376058701560551,6.1215912502711785,8.750349900718659,0.9120941825953273,0.2913758921436008,4.161588288267924,0.5883541036737097,4.1637632994473925,1000
56,2.018305125488179,6.432675123763347,15.876006015745121,0.509080773816344,1.1523867685889342,3.2187847564145597,1.020506808808145,3.0161034421682134,1000,2.0304488970868353,4.774171547880178,19.76757404336951,0.5442891248101068,1.0499983546159528,3.247499536665113,0.963642212459026,3.0972555817146445,1000
57,2.389783061812964,6.5766683215949255,11.100725821716294,0.5540423913532213,1.2743098440605385,3.533909998561463,1.3038599747606503,3.475706148865278,1000,2.1039725906117526,8.475579226358288,7.137029344036454,0.4396612531412526,1.244045367894972,3.016043049955619,1.2422365344548973,2.965708646768608,1000
58,1.7586778266926895,2.8892969932935557,27.711843885458364,0.3727307207741966,0.8818638565738586,2.3073501513893038,1.0281256139752641,2.489230039410115,1000,1.8392611118186089,2.718034596690929,27.05596799181375,0.37918776970020457,0.9243875539695633,2.4087640051468626,1.0960530832062079,2.5824691404310096,1000
59,1.6347673854627431,1.8629376981045516,72.7823062837398,0.6350815181045363,0.9874604991618621,3.3762252434322484,0.390007609977852,2.8795271609476343,1000,2.292448141751832,8.410556989809667,6.6187697311218,0.5164398559913355,1.4163981353321686,3.423896550565077,1.2802260240088144,3.3046702594948494,1000
60,0.1668966870301234,4.776373029561467,23.19289207434841,1.2918680481952505,-2.030393779423656,2.6624749395285208,-2.3651646874325674,2.698958061492814,1000,0.5928436530630554,7.298412608692598,12.304984744967356,0.7976587386289237,-0.8724974578602308,2.41917178406858,-0.9705674746496349,2.156254780775746,1000
61,1.5302973138726261,5.564829375658875,11.126045832730881,0.43562683755143816,0.5104235491203564,2.236495803716319,0.6764687122718074,2.3841259154734447,1000,0.9025100414726869,7.209395350970439,5.941901956040755,0.7038592836780154,-0.6328526219613991,2.140539051377803,-0.47705415453622335,2.282074237481597,1000
62,0.2664584492367523,5.106240283341103,16.079643699070708,0.5566560259880733,-0.5055195188109226,1.7431126996316424,-0.8245873616998713,1.357504260173376,1000,0.08395063421763993,6.051731762418713,8.220260747929633,0.4424578960338827,-0.6260121284344934,1.0528134059967011,-0.7832668420087702,0.95116811044405,1000
63,1.2049034276173627,5.318232371185831,14.170997791809096,0.7845623628489127,-0.26315191542856986,2.7929193447274003,-0.3328388035665062,2.742645658801232,1000,1.1875265379321804,7.2062937173082755,8.712292230176253,0.6932422657848075,-0.25445598333871144,2.7341287781969337,-0.1712283030060422,2.546281378870403,1000
64,1.2827009205829283,8.801077942419194,11.335003967476348,0.7118234934251593,-0.12303499149928843,2.4362475586192103,-0.11247312653038377,2.6778749676962406,1000,1.2440217245030816,10.243127967366055,7.379665820618079,0.6099751910253931,0.16486391167338907,2.4094874668359916,0.04847035009331102,2.4395730989128523,1000
65,1.2170494155264486,1.6791316314008993,71.40747092809058,0.4289986795889593,0.548455774970826,2.2791371521426442,0.3762120035320884,2.057886827520809,1000,1.313656703105353,2.8410762781961183,29.778052117364837,0.44166313872662466,0.4531875536244425,2.2080800650892387,0.44799695120116867,2.179316455009537,1000
66,1.8307951379738434,3.4917694964343173,20.361072638884778,0.9722851852378326,0.09499953279297754,3.564512482864805,-0.07488382509230851,3.7364741010399953,1000,1.60439278516375,4.352375135267236,14.471919584208624,0.8672091390512068,0.24597304717539586,3.4076637128170746,-0.09533712737661526,3.3041226977041154,1000
67,1.0535357720822018,12.677694203443286,6.007023288977389,0.604194540142483,-0.11774886551822547,2.2222130187846063,-0.13068552659706478,2.2377570707614685,1000,1.161458147074255,7.88149173049142,11.058565829376464,0.7168789930280925,-0.3328593552359201,2.4472032456098094,-0.24362467926080633,2.5665409734093165,1000
68,1.5436285307602895,2.3908414427653275,26.923619069436757,0.6277990774717919,0.7602632722953832,3.070804093814308,0.3131423389155774,2.7741147226050016,1000,1.7035574953353523,3.010804363921235,20.19156941119695,0.6806172824342167,0.7658382460213524,3.363751586555861,0.36954762176428746,3.037567368906417,1000
69,1.7923195935369005,14.468758547887703,7.2721710162094295,0.3006699940602435,1.1962437458141322,2.359647734096932,1.2030064051788232,2.381632781894978,1000,1.6872755325172704,19.361379727985643,2.875926022884607,0.3292128559123675,1.0253462225336327,2.3020593625664403,1.04201833492903,2.3325327301055108,1000
70,2.588269008227389,3.19798222767457,38.593920150849435,0.7076614783479547,0.9000624112229874,3.6178843063476407,1.2012525106653977,3.97528550578938,1000,1.8834858377078716,6.140280341409692,10.953714905920311,0.6155736118751042,0.8091903047103703,3.1966105256577446,0.6769615584326674,3.090010116983076,1000
71,2.126199980581629,1.2559009992854273,74.59630817485758,0.33575126698715063,1.6841811208190642,3.1005116253726137,1.4681274972868137,2.7842724638764444,1000,2.176463696761146,1.4970826432144746,44.25307238011492,0.47293987884512934,1.4756800068226525,3.2781053922617094,1.2495015342246927,3.1034258592976,1000
72,1.4984558842219742,4.674783601778003,24.415991003454376,1.100729095652069,-1.0567908956792385,3.104405872449277,-0.6589731432560808,3.655884911700029,1000,0.9256486852727797,6.505756657048206,14.912242179868686,1.0473147600985846,-0.663334605568353,3.0489021946632646,-1.1270882445204462,2.9783856150660055,1000
73,1.6983047680288283,6.188798652403566,7.949842541718577,0.635618048816773,0.5595427995899152,3.01193819944029,0.45249339234795327,2.9441161437097034,1000,1.546029029753359,6.599545153633679,7.202967036120429,0.6324064400732559,0.4676507375046411,2.957873830624511,0.30651240720977757,2.7855456522969404,1000
74,2.890614506653252,1.0519407554999889,660.2145110037939,0.4535702467940707,1.7258531537614585,3.4437889467420746,2.0016168229368736,3.7796121903696305,1000,2.454241827678,6.576058186270987,7.787580523617219,0.4022734690420691,1.6122882339781668,3.189100462884603,1.6657858283555447,3.2426978270004554,1000
75,1.9284489873107464,4.9905504936926866,13.48446636559241,0.6898569467736992,0.2675499249642392,2.941470478968861,0.5763293716342959,3.2805686029871968,1000,1.2233517737632784,5.2817844223431605,10.648453817713797,0.8461345919150987,-0.3655251642309936,2.913049116424192,-0.43507202639031495,2.8817755739168716,1000
76,1.7910928681681175,5.177737733836235,15.36823971261646,0.496500857474101,0.8922120183366646,2.758990277188431,0.8179511875188796,2.764234548817355,1000,1.5609856315034583,5.829726344564591,10.861911490455107,0.40260528815998425,0.9435288252324385,2.5577331200361573,0.7718792667098892,2.3500919962970275,1000
77,0.5414684633440827,8.06627176561777,9.255902913247684,0.658420952337783,-0.4874127237421323,2.1452107061517447,-0.7490366032379718,1.8319735299261373,1000,0.6603365477171821,8.88177704103382,7.97533614729196,0.5794554904619857,-0.28709016896233397,2.1215612960443395,-0.47539621358830986,1.796069309022674,1000
78,1.8174577846920128,3.1459238969776835,49.532614346804294,0.4356429240050851,0.8180969511330678,2.6079320338224194,0.9635976536420461,2.6713179157419793,1000,1.3859235277493278,4.858131920570152,21.18907300271813,0.6206708005430637,-0.035604667026675904,2.285964275507441,0.1694087586849231,2.6024382968137325,1000
79,1.8058831975150518,3.436004811276441,13.47844570391528,0.6673901685876692,0.7224904143372637,3.163445682890013,0.49779846708322006,3.1139679279468835,1000,1.9656494833440246,4.941410187252904,5.861759064849629,0.6595167939805945,0.6062010373573521,3.1089199318125975,0.6729965671420595,3.2583023995459897,1000
80,1.7289420385784282,6.757024207656038,6.774614313402205,0.3678109181097014,1.0864826731967765,2.489353953548836,1.0080326390834133,2.449851438073443,1000,1.7945186423258093,7.428520134963681,6.019174858303173,0.41007579466531996,1.1105074171940594,2.6410780811648404,0.9907700847817822,2.598267199869836,1000
81,0.4762732373418921,1.6517195807211535,185.1407192639791,0.6464785259695681,-0.0937738833612643,2.346771742153709,-0.7908246735584614,1.7433711482422456,1000,0.8824633309288827,10.148121358513906,8.386163037371867,0.45321769906659964,-0.0558629390217299,1.7276418532833344,-0.005843359241652579,1.770770021099418,1000
82,1.7234450066752642,6.371124987293684,20.132755770298733,0.3696055401251406,0.9302341797030987,2.4305979178577846,0.9990181480299887,2.44787186532054,1000,1.3329311662558623,10.533054402517951,8.692039485456382,0.3799203915125046,0.5635637744667154,1.9902119222429544,0.5882871988913533,2.077575133620371,1000
83,2.0930392947138685,5.233894902083007,14.856152706041907,0.49594438508245864,1.2624092993385385,3.1979068679715477,1.1209882999522496,3.0650902894754877,1000,2.2162944853682838,7.100383319363335,9.143392730887102,0.5216656502126995,1.33318568075602,3.4178857059222834,1.1938298109513927,3.238759159785175,1000
84,1.451877580432481,1.1869363707720078,235.58146232168846,0.501289473840786,0.2489647188382364,2.150882065444571,0.4693502117045404,2.4344049491604216,1000,1.2483038331142629,3.0819767395182596,27.257436402036785,0.5409187850728003,-0.153418852201627,2.0277511761597022,0.18810301437157428,2.3085046518569516,1000
85,0.03663361908430329,4.703723405289888,25.870333328714423,0.8355891632371484,-1.0913079497873654,1.9015199531369094,-1.6011211408605075,1.674388379029114,1000,1.198923971298,6.7749052119311,11.790594852027121,0.6682186028994638,-0.29989204460932606,2.3544586988674236,-0.11078449038494909,2.5086324329809493,1000
86,1.3172019717998489,6.891211034667958,14.430670206851497,0.2924290290826529,0.7570527209648907,1.887268129273587,0.7440410747978492,1.8903628688018486,1000,1.1707105733480063,10.57870075409969,7.551093295374452,0.47778702293029496,0.02579958115425486,2.0613241501775343,0.23424800840462823,2.1071731382913845,1000
87,3.248721660922463,2.736062302838283,57.13226422775749,0.7162113718800184,1.0103493956678473,3.9925108648432377,1.8449473720376273,4.6524959498072995,1000,3.0192540917803767,4.032915433842747,17.876846175001646,0.735162461470597,0.7798323808971717,3.796056419658314,1.5783356672980065,4.460172516262747,1000
88,1.017150443708883,5.115655315019107,22.6361428017788,0.5639499319355392,-0.061824656284691096,2.2206002424038553,-0.08819142288477377,2.1224923103025395,1000,0.05976803175956191,2.5728053644553723,48.68173798517198,0.6841895179988056,-0.5810692348617683,1.8432720274924002,-1.281243423518097,1.4007794870372208,1000
89,1.296581117306509,11.394043746506348,5.264457782240497,0.6803696076949008,-0.06565984840581776,2.550099705438703,-0.036943313775496645,2.6301055483885145,1000,1.3610512594416022,9.584640604470112,6.45217551710527,0.6318046352472851,-0.041188518244009556,2.4543772263734955,0.12271417435692333,2.599388344526281,1000
90,1.4609761580451472,1.4279037190399204,142.8929084653708,0.3958820639662017,0.4028805713024884,1.9128717141872715,0.685047312671392,2.2369050034189026,1000,0.9301119532319442,8.324119122910878,10.908500822138507,0.4449868482638673,-0.14547026427826193,1.6562484399663653,0.05793773063476426,1.8022861758291242,1000
91,2.931292542189397,3.5012202919884943,19.076621405393738,0.3906777982150641,2.23739478956003,3.7677797674592686,2.165564057687871,3.6970210266909227,1000,3.1396948964181517,4.356297177018883,11.282322165370802,0.557305710327482,2.180655682991518,4.25705455257969,2.047375704176287,4.232014088660017,1000
92,1.1338719799328412,7.724308861789948,9.786232404032384,0.32121529904726953,0.5361478086254757,1.7973257601082624,0.5042899938001929,1.7634539660654895,1000,1.4034097122898677,9.584091820681337,6.230977868490911,0.43489657221359,0.5772427826075317,2.259480015863193,0.5510124307512313,2.255806993828504,1000
93,2.280280265221299,2.895967164478575,39.75773770005132,0.3983685656872494,1.557797355485676,3.0546728649783423,1.4994778764742902,3.061082653968308,1000,2.294969000267505,5.626494052944518,16.673405362839905,0.4460072678793127,1.418735754165289,3.138687652824598,1.4207947552240523,3.1691432453109583,1000
94,1.4919807521265138,8.373202166328428,9.670457677481396,0.38394815686851974,0.5888931221893189,2.1985654259851573,0.7394423646642151,2.2445191395888124,1000,1.1115636892582295,9.130739475669257,7.075389939476422,0.6341235343695688,0.0073745912657610865,2.412517459351468,-0.13131843810612542,2.3544458166225843,1000
95,2.9089411801163703,4.978741527334402,13.334276615163345,0.5144563099580646,1.7548561552970299,3.812903485193696,1.9006068125985638,3.9172755476341767,1000,2.7206617697556865,5.207447148535243,10.611154717155335,0.5701120890291973,1.6064698100574593,3.7950721468445714,1.6032420752584597,3.8380814642529133,1000
96,0.9070275021543877,1.372254743069305,137.0212214728684,0.5204775812791385,0.2840639087074596,2.3188776685237453,-0.11310855715272372,1.927163561461499,1000,1.6004389642035564,5.625611439225556,12.658510773053331,0.5307705916553839,0.722676630272942,2.7370609703813367,0.5601286045590039,2.640749323848109,1000
97,1.8721821853251752,1.162548924098267,450.882880195722,0.8510900915760526,-0.4132193309863317,2.38656286173358,0.20404560583611198,3.5403187648142387,1000,0.9029628607880698,5.937825737996588,11.985617011144445,0.601685040540355,-0.2556829898370038,2.093153406329403,-0.27633981867102597,2.0822655402471657,1000
98,1.3598368540291128,8.367653204679105,11.442819899559876,0.3423782324053944,0.6390632387564914,2.0013045964783442,0.6887755185145398,2.0308981895436857,1000,1.1892268647480935,12.056248328776544,6.235072131583983,0.4115002505823582,0.46938266693052133,2.0399974806368157,0.38268637360667146,1.9957673558895155,1000
99,1.6211883856994809,2.6183602991195345,75.06114723703973,0.473843019827332,0.9391400072372424,2.9370075782972807,0.6924560668379102,2.5499207045610515,1000,1.7026498084113633,6.664485198198937,9.7115948280691,0.6031884766443542,0.6395746029610159,3.0386922392475837,0.5204003941884292,2.8848992226342975,1000
100,1.6206743987821666,11.8689045413869,7.0724928899081245,0.5358825362940405,0.5120538860191156,2.641192968486191,0.5703446276458473,2.671004169918486,1000,1.6983616287851488,12.135284577837183,6.195838395134216,0.5613380635314892,0.5370042337498517,2.748788526047891,0.5981390242634301,2.7985842333068676,1000
101,1.2901503299258466,5.235599409587562,22.306824459805203,0.7774594991641577,-0.3734786886456749,2.7819696906421862,-0.23367028843590254,2.8139709482875954,1000,0.49450284354712215,5.091731082119192,22.18439410164649,1.1201955335019762,-1.6231896264179808,2.7521474950030758,-1.7010804021167512,2.6900860892109955,1000
102,0.9699480388466106,2.3108868593036407,62.39843619689279,0.41476179376731626,0.1317580707669458,1.7945348260207046,0.15701492306267073,1.7828811546305505,1000,1.0088340740268626,4.0210273665074,16.152935441628937,0.4342292302565547,0.06102168269822817,1.7347467118846516,0.1577447827240155,1.8599233653297098,1000
103,2.3118407309661966,3.1007113773981945,46.96885669287486,0.6035623490170404,0.4037777526924409,2.94315969674604,1.1288585268927973,3.494822935039596,1000,1.3598167918679798,11.937113422271285,5.740322140474158,0.4881294434615269,0.2590576131299314,2.2064542851430016,0.403083082683387,2.3165505010525727,1000
104,1.012874643248264,3.8547928585930347,35.9040571238216,0.6969253872623669,-0.6314770454061961,2.068052408702059,-0.3530991157859751,2.378848402282503,1000,0.6567442825185146,4.017610037350792,27.20594697259131,0.6636251056748504,-0.3603770478358806,2.1185676797099626,-0.6439609246041922,1.9574494896412213,1000
105,2.168328495618017,4.487159595711462,28.468331886467844,0.5965921315289213,0.5522250602108681,2.938014237885036,0.9990079178213314,3.3376490734147026,1000,1.7156737877492292,9.509618492292347,11.222410378434155,0.49385463809363267,0.646815927496728,2.598438006957478,0.7477186970857091,2.6836288784127493,1000
106,1.2769042791615823,2.6167841149893976,46.07784909874862,0.3671903379733089,0.7916631790540128,2.274151476051107,0.5572112167338968,1.996597341589268,1000,1.505494783776147,5.491004807933864,19.663245112005757,0.3708727476982895,0.9200741717001352,2.4035625760913715,0.7785841982874996,2.2324053692647943,1000
107,1.2967593834565208,2.88859706984913,76.57836182316457,0.3873978993282876,0.4810473610059372,1.9328982135353148,0.537459500773077,2.0560592661399646,1000,0.9990429678849007,14.406887101630286,6.041133515785881,0.6766760450631842,-0.22963839533862548,2.3731816905597864,-0.32724208043894043,2.3253280162087417,1000
108,1.5754122955682957,1.81126161214506,132.51392604633085,1.0693169272077367,-1.3479556311569116,3.151049457131973,-0.5204488817588682,3.6712734728954595,1000,0.9231027756230878,3.7280073930834225,16.237205534202317,1.144801870073808,-1.296859933093721,3.00503229097408,-1.320708889721576,3.1669144409677514,1000
109,3.5664480566113905,2.9267028879223567,13.824912750676148,1.1549673867847898,1.0288122711050072,4.897836572376955,1.3027119785132024,5.830184134709579,1000,2.88748829082877,3.6138790351553363,8.73985109671207,1.0175464657034576,0.35870794691580465,4.278586963516134,0.8930972180499928,4.881879363607547,1000
110,2.6303535871008537,2.0138243719919466,116.7009986477258,0.9451323203081642,0.26995255036762367,3.515997277974069,0.777894239296852,4.482812934904855,1000,1.6815805997004034,7.606146653179487,8.25984481748332,0.5466064281083973,0.5089089191542409,2.6602490381651465,0.6102320006079447,2.752929198792862,1000
111,1.4830054640194148,12.433015779994774,6.129115733927856,0.3648708322708511,0.7654101462834374,2.1698411131407496,0.7678586327685467,2.1981522952702828,1000,1.5809784401609677,11.778348253765907,6.614728381159419,0.40828243821383187,0.8285505911621944,2.3941780598498084,0.7807448612618573,2.381212019060078,1000
112,1.966525497396174,5.090874358171609,26.902677146480006,0.6004948244293346,0.5031939868343224,2.9179712608200914,0.7895556415146785,3.14349535327767,1000,1.654476353810272,6.765418260318462,14.900105807529686,0.5133118150764113,0.41734303270912787,2.4515749916856997,0.6483851962605058,2.660567511360038,1000
113,1.411948604480862,1.9430823595687776,45.60086672610282,0.3211097990566151,0.6382711451006874,1.8207535625332414,0.7825733983298965,2.0413238106318277,1000,1.1412532967230913,3.008592393940453,20.056429571509412,0.46883543967941,-0.2995196199423318,1.5960486473599451,0.2223358349514477,2.060170758494735,1000
114,1.1288784440411295,6.645793317421365,11.680865760666894,0.3759690754148956,0.525835543757589,1.9934369156968965,0.39197905622793405,1.865777831854325,1000,1.476842411103106,5.393749954814803,12.01105618356647,0.5987182968534724,0.4792137925761545,2.855939988607695,0.30335454927030003,2.650330272935912,1000
115,1.904786735293741,3.4934666480542855,29.60647984621889,0.5052808826409488,0.7065716298631854,2.66649008047449,0.9144362053174814,2.8951372652700007,1000,1.9802797524693887,5.036120394287272,12.985282196390768,0.49893971201329884,0.7369833150000354,2.7212713523792624,1.002357916923323,2.9582015880154544,1000
116,0.10279658867792696,1.932974872347518,92.0255320985415,0.8422464700409464,-0.6646425701176083,2.6121463614269853,-1.548006492602328,1.753599669958182,1000,1.016698666334883,6.409654005803024,11.08696749312748,0.6001353346592316,0.2158049385417523,2.713928675005319,-0.15956658959721115,2.1929639222669772,1000
117,2.4643908730490938,4.227993123121063,12.202080045443727,0.5487128432074859,1.4161545716099773,3.518581889908769,1.3889137003624215,3.539868045735766,1000,2.268842167987388,5.526819202620074,6.789763297178529,0.9306331331009258,0.2267044514124893,3.488619494465111,0.44480122710957337,4.092883108865202,1000
118,1.6595717949599642,11.229013567672691,5.540069741693191,0.6968608995496207,0.30570469603009565,2.928189116193887,0.2937244318427077,3.025419158077221,1000,1.600519062849704,10.66245920794579,6.49330520795176,0.6861761029335287,-0.040401883868457264,2.51946749601881,0.2556139010999876,2.94542422459942,1000
119,2.7273503352873956,3.7073818606091513,32.647546199862916,0.853846226151846,0.347832609274982,3.809737828587442,1.0538117320297773,4.400888938545014,1000,1.8337317298273694,7.170151832236743,8.969851276536128,0.8658772956234979,-0.1218457738764358,3.191847158983359,0.13661223040531345,3.5308512292494254,1000
120,2.1302502200427127,1.952913944563489,320.6277944682651,0.5203083964406298,1.1631250155423416,3.0936312452618298,1.1104457630190785,3.150054677066347,1000,1.8508405240681585,7.373966079088018,8.733657790023917,0.5547640595222441,0.5002699612611762,2.6991052295340654,0.7635029674045601,2.938178080731757,1000
121,2.168326356190946,6.558903086967603,12.875691432680512,0.49100245311976987,1.289657666481971,3.162732430807572,1.2059615480761972,3.130691164305695,1000,2.1410304104952695,7.525616162890674,9.310395926612312,0.4114394363443464,1.4108308802335652,2.9966158194984702,1.3346091152603505,2.9474517057301886,1000
122,1.7342084115062582,8.696868497562335,15.804424061980797,0.31057054721361216,1.1568474911874445,2.3704908961752285,1.1254901389675784,2.342926684044938,1000,2.031231796854365,11.203596915895822,9.744843030155508,0.36209764090501334,1.3759989909394743,2.8023168212141774,1.3215204206805389,2.7409431730281915,1000
123,2.4266518582322383,4.623772668862303,22.769876346217814,0.46512483544910294,1.6722399968246573,3.495698514952543,1.5150071807519967,3.33829653571248,1000,2.325625351625332,4.4780680566878415,19.639501058854187,0.3979249533790142,1.6077261589730698,3.2279565645634576,1.5456924430024643,3.1055582602481997,1000
124,2.0722469903569394,1.8154443487757004,68.70264666953982,0.48363499819552,1.3638767640740912,3.216206700522082,1.1243223938937201,3.0201715868201586,1000,1.9563101798583404,6.496279010098372,6.527621733644026,0.640930249732294,0.7309961821244523,3.1648464486633254,0.7000868903830444,3.2125334693336365,1000
125,2.1847900152384905,1.079850294557753,333.60903632895327,0.3340249042761026,1.4573662421155502,2.7976302752621045,1.5301012028573293,2.8394788276196516,1000,2.2054851468428494,1.747474600750127,48.128331527768474,0.5825915082216693,-0.22022065165666646,2.8166764618095095,1.0636057907283776,3.347364502957321,1000
126,1.2026272109722278,10.92218089845035,5.255996769567046,0.47745198003426614,0.29414485584151756,2.1675695422837133,0.26682133010506615,2.1384330918393895,1000,1.2477379556577575,11.962490895623585,3.62972557445304,0.48543274768400746,0.2963651192459879,2.1999357105196187,0.2962897701971029,2.199186141118412,1000
127,1.7184883901089916,3.3216658714855627,17.93252050355367,0.874606254851504,0.24969054374732982,3.317431540447588,0.004260130600043821,3.432716649617939,1000,1.757872401486183,6.355511739524549,5.835660395533599,0.8042255347351523,0.30696595302018376,3.35150481661786,0.1815903534052845,3.3341544495670816,1000
128,2.4302966373307924,1.3223877453394721,173.87239223773506,0.6647643472200989,0.6926275965312383,3.1047319713892807,1.1273585167793985,3.7332347578821863,1000,1.6620234193961354,8.95240522319607,5.901681012921816,0.6895715617986882,0.36672494040747083,3.0745479798479725,0.3104631582707067,3.013583680521564,1000
129,1.2493544519289417,4.326214379347952,39.003261614207304,0.5059169829423429,0.35179771026498374,2.3192086265377716,0.2577571653619496,2.2409517384959337,1000,1.2814993400946746,16.784794510182305,6.088903655209738,0.30012692003588903,0.7873458241725867,1.9815344419252678,0.6932505768243321,1.869748103365017,1000
130,0.38716380590752086,5.224989421674747,14.658486873227385,0.6369704012931321,-0.7373559757426401,1.5772293761851102,-0.8612981806270179,1.6356257924420596,1000,1.1710349698740175,5.036286079832482,15.427387569853199,0.9995175430939629,-0.6474297818641942,3.617256778979366,-0.7880194145901498,3.1300893543381845,1000
131,2.6691612175645805,3.11868246460587,48.727401119186474,0.4322972670163866,1.6058463429453274,3.2800461186482184,1.8218585742124627,3.5164638609166983,1000,2.3153665109452284,9.997979448581301,7.712574742292753,0.5152494498245516,1.3692874492015794,3.4345299252050903,1.3054775892891073,3.3252554326013497,1000
132,0.9602309713986864,2.4491370747316825,65.72255197565907,0.4745449155947984,0.4751099138183399,2.438140366677913,0.030122936832881586,1.8903390059644911,1000,1.2370525689830991,4.114912257550387,18.992524097082104,0.462003381630308,0.6513070813486532,2.515294628846134,0.3315259409876954,2.142579196978503,1000
133,-0.335260524961718,1.308723558344318,246.42397488613966,1.0642456209129747,-0.9970323619202253,2.2971261127903926,-2.4211819419511484,1.7506608920277125,1000,1.9829445941293145,13.356597580300244,5.203093037678077,0.6063493041618864,0.7914757727694748,3.1412762862244983,0.7944999579720171,3.1713892302866116,1000
134,2.796128190123874,6.82945074179819,8.69211720240821,0.6594382534312722,1.4103879482619461,4.0365629569781785,1.5036292133985805,4.088627166849167,1000,2.477412166205142,8.225044004181296,5.1843590908394415,0.6110859106980201,1.2985710303256954,3.673000493590371,1.2796837812370225,3.675140551173261,1000
135,1.335334468384334,8.853789240464868,9.811018114999246,0.36839875338706823,0.6098546900608788,1.9959758046428202,0.6132729117456803,2.057396025022988,1000,1.0870567182405408,11.601757048343663,4.699476223932016,0.4102550606247815,0.4082316473451598,2.044062138597541,0.2829567994159691,1.8911566370651127,1000
136,3.3079648890682085,1.4637293910870772,79.06974861804362,0.5276761645296845,1.907175404221741,3.8107616640449624,2.273719606590027,4.34221017154639,1000,2.8635120573540447,8.273888906530875,5.192505415487211,0.5481320170498136,1.8245368289950703,3.912553064509939,1.78917330393641,3.937850810771679,1000
137,0.9881047071594604,9.102267718262052,9.216811473435127,0.6908562346894754,-0.16330179520478694,2.5050226048460935,-0.3659735128319115,2.3421829271508323,1000,1.030689619507207,9.707332791433451,8.872217546663622,0.6251382974230358,0.14519597644920873,2.510567393835536,-0.19458144344194306,2.255960682456357,1000
138,3.86091628521979,2.187497638667646,61.06754379243849,0.9933871711018323,1.6002398256896426,4.751155082899586,1.9138774298601988,5.807955140579381,1000,2.9092340640714665,7.116523975077852,8.659439171236569,0.6994341201162764,1.5259102417885413,4.063009461984764,1.5383431886435648,4.280124939499368,1000
139,2.4556659849231166,5.0528327810427465,23.727065215226094,0.5842257795258069,1.5964912559963105,3.8009370809002365,1.3105834570525352,3.600748512793698,1000,2.3599713909120874,5.153897408985599,20.73120225467429,0.595558513256896,1.562661841164817,3.762931342168612,1.1926767049285711,3.5272660768956037,1000
140,1.9843701602940351,3.123971983233372,41.24733043872222,0.4120839348104772,1.0670355116446242,2.7371392176357183,1.1766856480655,2.7920546725225703,1000,1.7823835171070481,5.669521468680773,11.753226644331495,0.5319198565905016,0.6502285983314264,2.8316223457099783,0.7398205981896651,2.8249464360244314,1000
141,1.005098059614895,6.6188539496102425,6.512175273326062,0.6344147755683821,-0.30704808688042035,2.1672039312588747,-0.23835490049913388,2.2485510197289242,1000,1.134949218461402,6.212591690833475,5.825416175775661,0.6408524307084266,-0.2775747560800436,2.289072069722393,-0.12112154572711398,2.391019982649918,1000
142,1.6883689915962035,13.22872265100591,4.238367607813935,0.5162847923113085,0.7108256442401151,2.7564112003837535,0.6764507986660389,2.700287184526368,1000,1.6425627982911437,12.927790248651997,3.9050848335644206,0.569027027127867,0.4810558434206773,2.6462519977974,0.5272698251205243,2.757855771461763,1000
143,2.1252995926335916,4.741815039277832,30.7064776168886,0.5544831482498745,1.3283615464117544,3.448111918868844,1.0385126220638374,3.2120865632033455,1000,1.6508559389612312,12.823641697293528,5.962668504596241,0.612614827378245,0.2825156842911357,2.888860444164821,0.4501308772998709,2.8515810006225912,1000
144,0.4060732750340994,2.4405174944899723,71.60694495304548,0.9432313141440771,-0.39993010056706685,2.552375364361467,-1.4426601006882918,2.254806650756491,1000,1.8494890155728385,8.505910051800043,9.286476040265855,0.7450777950086444,0.6447539977221572,3.6050632219865677,0.3891365373558957,3.309841493789781,1000
145,1.7884314703423096,3.303542744745019,19.59725321304546,0.3961883130316817,0.9195587602794145,2.477902593432005,1.0119023768002133,2.564960563884406,1000,1.8324337931073784,2.5012209414419755,19.00019115643221,0.48779613349528256,0.5530856377646349,2.543252451017635,0.8763533714566246,2.7885142147581323,1000
146,2.3574174143669024,2.2396172005283956,29.024577216561745,0.7463217454054552,0.09141333653027117,3.1154700170470133,0.8946267933722103,3.8202080353615946,1000,1.7891841629579792,3.8532749847381544,13.659350832309162,0.8785123006166661,-0.37038153124455403,3.0527000893950422,0.0673000537493138,3.5110682721666446,1000
147,1.4727267022514203,7.411188228933668,16.250820009781616,0.43122014045420415,0.7532858397157547,2.4374301845428947,0.6275352269611802,2.31791817754166,1000,1.4216566540553073,10.103479485956989,10.547750624230295,0.42083951859294944,0.6327273135471491,2.301605538281507,0.5968111976131264,2.246502110497488,1000
148,-0.01547490716408717,1.8128009521682438,201.73587220008181,0.7186001996815314,-0.6568800501167296,1.9366933456868063,-1.4239312985398889,1.3929814842117145,1000,1.2367302334660042,9.224021634579477,7.730979702595625,0.4629423364369897,0.6034087920384161,2.3972444954113876,0.3293632540495044,2.144097212882504,1000
149,0.321533358344092,2.387670236593692,46.87894675514685,1.1783093650667196,-0.620533150343262,2.9782105440912146,-1.9879529971866783,2.6310197138748626,1000,0.12543293135575495,1.9449512693314446,68.9736512438771,1.1740296151371996,-0.6078582907779962,3.132785290130004,-2.1756651143131567,2.426530977024666,1000
150,0.8010486022442986,9.063061131618205,14.923695498879166,0.6061134075438726,-0.32154223538838056,2.0992040409937123,-0.38693367654169153,1.9890308810302888,1000,0.7285244221630087,13.401180592280657,8.753183248437171,0.5376007640450635,-0.24829671912806148,1.899936979995633,-0.3251730753653157,1.7822219196913331,1000
151,1.4301349792911926,5.833566980753203,9.038000628398487,0.7419601775996445,-0.02889210468205176,2.737382971339382,-0.024106968804110673,2.884376927386496,1000,1.3736682641417737,6.423423077922706,7.908205810538559,0.9180820674725642,-0.433253075154565,2.9038564690995594,-0.42577258810445207,3.1731091163879994,1000
152,1.9857741069796395,2.381658527857575,51.117791443253275,0.34989809261090243,1.2712391560551066,2.605671007938457,1.299973845462271,2.671574368497008,1000,1.7973118304139954,10.548692910624869,5.9662602225192245,0.37909742877780983,1.137377105674521,2.618191008755414,1.0542808700094883,2.5403427908185026,1000
153,0.27018487609486685,1.3832928008333925,137.907797408947,0.598866695582161,-0.15637581752091942,1.9074297350398408,-0.9035938472461686,1.4439635994359024,1000,0.8834270629649852,4.925814938007255,19.43630342625395,0.441995874976602,0.4410396449091097,2.0702065895327855,0.01711514801084535,1.749738977919125,1000
154,1.6184844764114716,11.975472777445152,3.582713825607388,0.3715065572557907,0.825189505902007,2.3302075379419427,0.8903316241901219,2.3466373286328213,1000,1.489622085404265,12.218684933997096,3.2225366117953977,0.4181504948384699,0.6923645948624655,2.3802836856710754,0.670047115520864,2.309197055287666,1000
155,1.2972527884037928,9.935688872798874,10.590139440345899,0.6469260857199829,0.2634444894214261,2.771408254679487,0.02927766039262636,2.565227916414959,1000,1.4335000404686247,15.112239509506495,4.7593893027196525,0.4828974606674521,0.5826247957680459,2.4564692586508743,0.4870210175604186,2.3799790633768305,1000
156,1.1340017093817485,1.1047195953207527,734.1460643219905,0.44717483149823045,0.20014126908015234,2.0058482934721553,0.25753903964521685,2.01046437911828,1000,0.5965008668461387,3.623354477230737,27.72242598855667,0.5868958323490995,-0.2295144861772788,2.0146162146030564,-0.5538149645580963,1.7468166982503737,1000
157,0.8438258823466744,5.670761037883493,21.24808423656833,0.4508014443566185,-0.11881842528225017,1.7338653665332835,-0.039744948592297824,1.7273967132856467,1000,0.5317887789529698,6.372587452313835,11.778335460097487,0.5834685961393764,-0.39248978560270864,1.8468471664798007,-0.611809669480208,1.6753872273861476,1000
158,2.3557348197373984,5.781679348504591,8.934206781399425,0.4668318483718608,1.2449674849619168,3.0217747938172486,1.4407443969285514,3.2707252425462454,1000,2.6622835803726037,2.6693553175195817,24.506573388834386,0.4644019320284304,1.4814116783660238,3.417843557442124,1.7520557935968801,3.5725113671483273,1000
159,2.0956653456674985,5.35630380019616,21.403803004838743,0.5527854951989487,1.2749008999590523,3.502748770171493,1.012205775077559,3.1791249162574378,1000,2.187844625721049,7.328518837016488,11.156499637075191,0.47707041969282155,1.4401206424499498,3.3399814366469767,1.2527866031231185,3.1229026483189792,1000
160,0.8699812132326685,1.8007609449823125,78.89794987125958,0.30979103307694605,0.2467560763567683,1.4488929060876334,0.2627907884018543,1.4771716380634827,1000,0.8087534473979083,5.6740105377542305,15.262325096166476,0.3117156396089489,0.20525815873312278,1.4265296898553201,0.1977907937643686,1.419716101031448,1000
161,1.5339431779564605,2.542055086440831,53.77576692248501,1.0783330234221074,-1.043043183539272,2.830031146097696,-0.5795895479508699,3.647475903863791,1000,0.7758219277603422,3.426738638612261,26.307130828313092,0.9299174972622566,-1.1660480455443603,2.386906505962212,-1.0468163668736807,2.5984602223943654,1000
162,1.613162781525776,1.2096880142581143,234.33504518646868,0.6527577042910638,-0.3983719350526842,2.1285136776272973,0.3337576811152909,2.8925678819362615,1000,1.2595177209657793,2.5567321702999166,23.495848194864752,0.6679897655975378,-0.6491459088509614,2.1633900782201514,-0.04974221960539471,2.568777661536953,1000
163,1.8225935368904593,1.8938755405785581,109.03762009794517,0.43845444400459227,1.059500832084638,2.7622270235528257,0.9632228266414585,2.6819642471394602,1000,1.2139148828003776,7.608013321100554,10.362761893457586,0.7629919447933992,-0.07754806589841183,2.786026373546968,-0.28154932899468466,2.70937909459544,1000
164,0.9984153565452583,2.2642071984020355,121.52922163516601,1.0801103421396343,-1.6144350843741768,2.4234335534863067,-1.1186009140484248,3.1154316271389413,1000,1.3455868872657886,10.413001607737685,7.426653912585001,0.6952194540253673,-0.07095505873826595,2.743409380683617,-0.01704324262393131,2.7082170171555084,1000
165,1.7403197374887576,3.381344448955133,45.20264061047651,0.7395385631492329,-0.4561958553538123,2.5383526221737838,0.290824153716261,3.1898153212612543,1000,0.905984930297612,8.088647434586724,12.685597017928377,0.7540425880614239,-0.7360120940701362,2.229910817129681,-0.5719385423027787,2.383908402898003,1000
166,1.8120109453932114,7.198413256009206,16.043614796789832,0.7283054599296128,0.7784354968790139,3.564378464926151,0.38453224393117025,3.2394896468552528,1000,1.855019580579119,8.83096187931528,9.797997521238125,0.6138307010603977,0.7908680175973818,3.2656579472220524,0.6519114065007394,3.0581277546574985,1000
167,0.523884094515632,2.122325409917979,99.94304593201237,0.9738618136730337,-0.2920675609113057,3.3379493982530555,-1.384885060283514,2.432653249314778,1000,1.4980419886397311,2.036993048460202,47.07245996084235,0.7121312205984721,0.7537793486932383,3.551726673808581,0.1022647962667258,2.8938191810127365,1000
168,1.446459873411916,6.033345674099533,21.48839638648951,0.6794372861371161,0.161487895986402,2.697763778341189,0.11476279258316868,2.7781569542406634,1000,0.508923382951443,3.8563464547442288,30.306970273109172,0.9103725611509222,-0.5138088760036502,2.5841223953156103,-1.2754068369043645,2.2932536028072503,1000
169,2.245143971171133,6.446115262106694,15.867107093297129,0.3718278834073743,1.442783984366845,2.92259062963399,1.5163613196926793,2.9739266226495866,1000,2.014619354086876,12.781132744262768,5.611696599465313,0.46289927530264774,1.0779359614310957,2.842300206917311,1.1073367744936864,2.921901933680066,1000
170,0.4207721359726153,2.5783360893101834,40.47938664187352,0.6810591008550456,-0.33995112821838414,2.0350374504325424,-0.914103701703274,1.7556479736485047,1000,0.842643261018297,5.187982682356946,16.29016446905562,0.5376763978419711,-0.1632462067606219,1.9009552833848176,-0.21120247875196618,1.8964890007885602,1000
171,1.513140953125945,8.996868471680921,10.504350188750733,0.37544280896141563,0.7989092410091629,2.240372871670889,0.7772730475615703,2.2490088586903196,1000,1.499531778845674,9.336546562259482,10.266935023829717,0.3751654153564602,0.8087362072524037,2.3385622619796687,0.7642075647470119,2.234855992944336,1000
172,2.6669000345361114,3.753581166803896,23.314531474661386,0.6443695538352722,1.2683172488052081,3.724501168400473,1.403935709018978,3.929864360053245,1000,2.253261346579932,7.356996959865271,8.094138832664456,0.5747128795529237,1.359117626427104,3.7313371460679847,1.1268241026562016,3.3796985905036623,1000
173,1.4844421701726453,7.051215606963424,9.800715373568115,0.33501244374637773,0.8326027742393786,2.147369814287059,0.827817780429745,2.141066559915546,1000,1.3633448794124836,9.288469935655671,5.635435199220267,0.3935774006986164,0.5852120673508006,2.0878244908487935,0.5919331740431955,2.1347565847817718,1000
174,1.2526271367706951,7.134386304736287,12.853447869685036,0.5089799305866166,0.4478122619791031,2.482378961520184,0.2550264728209266,2.250227800720464,1000,1.3328258499864305,7.507918905970148,12.435200169503883,0.49269760076068514,0.6182650054554228,2.504165815970959,0.36713855249548766,2.2985131474773732,1000
175,2.0655952661783554,6.279901082879315,8.75824341471534,0.5116662183749316,1.2208691840425439,3.248389929604332,1.0627294781634895,3.0684610541932216,1000,2.389599405959561,6.097081797771933,7.148663185277406,0.5589670554723025,1.2246682297352356,3.450412982628727,1.2940239772338482,3.485174834685274,1000
176,2.3908868555301948,3.6600589663981644,31.832493124380942,0.4334969551125427,1.5465285753427624,3.2286337463886357,1.541232823509611,3.2405408875507784,1000,2.6899399578658327,5.203088229159734,15.450779002779452,0.47969216446521346,1.8766441917017942,3.7179058740282405,1.7497433155140145,3.630136600217651,1000
177,1.6353849942919532,6.470758029294533,10.701157363374419,0.8453016024870394,0.17715291580741294,3.211979743671388,-0.02140614658264406,3.2921761351665504,1000,1.4224764452093286,5.532476422820728,12.052184931226094,0.8024930583226715,0.17654884691847056,3.056156895030662,-0.15040994910310745,2.9953628395217646,1000
178,1.3964350077101613,8.744811534528266,7.762607268038712,0.3468752759580528,0.7759195895681117,2.1492365579731536,0.7165594668323778,2.0763105485879447,1000,1.375540714735748,9.513939537049476,5.1383753178954255,0.37481709043372474,0.6515621266383945,2.2064905932088186,0.6408992174856474,2.1101822119858484,1000
179,2.91813190849871,2.4321425517140978,46.20496780572815,0.6519437616241349,1.354843387800949,3.6634659684827646,1.6403221357154054,4.195941681282014,1000,2.402620347526315,5.598072828688996,11.24787482669645,0.5462321527304443,1.2542349004607973,3.3508623347241753,1.3320053281746442,3.4732353668779856,1000
180,0.81271601540439,3.9087306279322096,20.36396767658963,0.7467736678770233,0.0074012256479928885,2.9253552767026925,-0.6509603736345755,2.2763924044433557,1000,1.079527414067299,3.750301173050155,19.40704551094977,0.7677549312430954,0.15540150065047656,3.1310999222662623,-0.4252722511691678,2.584327079303766,1000
181,1.4406728384041247,7.942404324587519,11.678713311941012,0.4387916358750237,0.42668246813816085,2.1050266807603526,0.5806412320890784,2.3007044447191713,1000,1.028347513196926,11.318506595221232,7.200192522163008,0.5068244182867202,0.011497735786124376,1.9507215084156593,0.034971653354954335,2.0217233730388977,1000
182,0.2351353490229604,1.4264489719234126,103.6897751415266,0.968130059334494,-0.2798747354895658,2.652565891786146,-1.662399567272648,2.132670265318569,1000,0.7015772191868483,2.824326295219803,28.747833864214165,0.7252077923321341,-0.16105111844472347,2.4640471590109714,-0.7198300537841344,2.122984492157831,1000
183,0.9765414571728874,2.3895817898456,40.01776291958021,0.4114093929645244,0.4029865301566579,1.9836215468857528,0.1701790469624196,1.7829038673833553,1000,1.0789828076363024,4.212445848697856,20.089254278063343,0.4206548308613821,0.4248657443696284,2.08108274395699,0.2544993391479935,1.9034662761246113,1000
184,2.0397419625384607,1.7199401513724488,126.8714474592797,0.43783259938519853,0.9611514005788949,2.679602714439448,1.1815900677434716,2.89789385733345,1000,1.505446426815642,8.613973983848172,8.362192409398007,0.7125676490457095,0.24509234725439044,2.9441947657371963,0.10881383468605144,2.9020790189452326,1000
185,1.9745324046339996,2.5557593944611923,81.5113184912525,0.5958849248991732,0.5274105032700013,2.869823685876492,0.8065979518316202,3.142466857436379,1000,0.3163517019705022,4.97566941997118,24.39401532152008,1.363457200039023,-1.6848316250463415,3.542277342596179,-2.356024410105983,2.9887278140469875,1000
186,1.7815081551357888,3.643428388531283,19.4279753377474,0.684224037917329,-0.16534000669764964,2.6590792595328554,0.44042904081782397,3.1225872694537538,1000,1.684960365663629,5.308391862766021,11.01684119894686,0.582804259247542,0.2419277944689683,2.620798229712812,0.5426640175384467,2.8272567137888114,1000
187,2.0883526852986227,4.375945059436597,28.30493935461857,0.4924881411320378,1.0119597910809635,2.823225929531523,1.1230759286798286,3.053629441917417,1000,1.8593640434376648,10.928059868658396,9.37679207592187,0.3995181672065057,0.9896416938538961,2.542569962370405,1.0763084357129138,2.642419651162416,1000
188,1.2667246313551872,4.349854050557774,10.06125343329416,0.4534139274115689,0.3537327821517252,2.1535329686644777,0.3780333336285122,2.155415929081862,1000,1.2522452827272121,4.465015375190463,9.574734010539126,0.5204523000512924,0.16437442454639248,2.3099533985899603,0.2321587746266791,2.272331790827745,1000
189,0.7126683732708563,7.072189686834946,13.780882156252789,0.46348960915298903,-0.18146390590947598,1.682627583564467,-0.1957712606690022,1.6211080072107147,1000,1.1148993119977595,4.1889032815054,25.404836796291466,0.6790683768837463,-0.6456438670037135,2.018910961194892,-0.21607470669438333,2.4458733306899023,1000
190,2.602181806680584,2.7572775765931357,46.475418961757185,0.5612871829149296,1.0525721354244502,3.339471761963901,1.502058928167322,3.702304685193846,1000,1.9392667640464731,9.579388037723856,7.613435952810543,0.5640579129880998,0.6231688539417553,2.9271830879837433,0.8337132545897976,3.0448202735031487,1000
191,2.318822676872357,4.5045979536425,19.758324203245213,0.3819702186567506,1.502131024629003,3.0089214914104256,1.570161048305126,3.0674843054395886,1000,2.236467330792013,5.5273613832576265,13.583635541475168,0.40042900144639226,1.3499382064723784,2.897041490057485,1.4516264879570842,3.021308173626942,1000
192,2.2211283506795256,1.5665043040259639,63.817119628809415,0.5342581512875317,0.834351359371555,2.742802745884507,1.1739823741559634,3.2682743272030876,1000,2.0387412737670045,3.5173132692683384,12.578910595534333,0.516893363393524,0.9113203509522861,2.7916158333601953,1.0256302815156975,3.0518522660183116,1000
193,0.9925086173203996,2.4925912632006435,70.67253233833297,0.6992476533839163,0.16654716636742,2.6948384965211196,-0.3780167833120762,2.3630340179528755,1000,2.016368164249658,4.107659516742899,22.123054927526148,0.37588327831753104,1.5241794621729055,2.941001075599421,1.279636938747297,2.753099389752019,1000
194,1.6371123882975684,5.959240905047683,12.019499029869595,0.3069233726394381,1.066649322884559,2.3267157155898563,1.0355425779242697,2.238682198670867,1000,1.7259385053760377,4.71820649647741,15.49634838007289,0.3364948955298387,0.9738365841785953,2.275187738322948,1.066408510137554,2.3854685006145213,1000
195,-0.2349789994595839,3.4696337143837352,34.14420562396887,1.0197607462246414,-1.4170241067938754,2.184271527434244,-2.233710062059881,1.7637520631407133,1000,0.4413574880969682,7.363654917611483,10.755491632372369,0.7621807844143537,-0.8421593045303009,2.145691771399458,-1.0525168493551649,1.9352318255491012,1000
196,1.875689563586013,8.460051157141358,14.953185348600726,0.47068603485823896,1.1008164265528915,2.9061333366491255,0.9531449352638646,2.7982341919081613,1000,2.0285365270852007,15.521849360699909,4.55006735321002,0.49639537315969684,1.1291909284530897,3.057193556054369,1.055601595692195,3.0014714584782065,1000
197,1.4720677759881213,4.647290490651344,14.686400361060812,0.463018708384461,0.7532325212533744,2.5512303869464406,0.5645511075545777,2.379584444421665,1000,1.4082132303721755,6.582714842668616,7.9773359548093685,0.4521365026056388,0.6604795346047185,2.4479648529857267,0.5220256852651234,2.2944007754792275,1000
198,1.344562794161419,3.1160236519456914,53.6293992973644,0.37935708895412723,0.7011122805750593,2.231110007350671,0.6010228998113297,2.0881026885115084,1000,0.7832731288994448,6.588021362420774,15.709484397038835,0.648288308140138,-0.4066666366472701,2.3381347772207133,-0.4873719550552258,2.053918212854115,1000
199,1.440440123887445,4.453829843881866,28.414933544365535,0.5502268240557776,0.5285469323489677,2.6856673255598187,0.3619955487381208,2.518884699036769,1000,1.5665999337555343,7.852744828956809,10.48406422149225,0.5015395614426605,0.6510352801576093,2.5804057143220587,0.5835823933279196,2.549617474183149,1000
200,1.102871973097979,6.102999055344815,16.88176175598241,0.40098289133604464,0.41420567406612513,1.9665756996308397,0.3169455060793316,1.8887984401166265,1000,1.194850664500301,7.55384012431383,11.41462125552428,0.37753367075308786,0.45875764748189896,1.9401838596366046,0.4548846698242488,1.9348166591763531,1000
201,1.8225724772230878,5.397606549849963,16.433085447748258,0.4873345804010218,1.0337336919342113,3.0190141107531256,0.8673966996370851,2.7777482548090906,1000,1.6800756952582128,4.848460265511272,17.486805078170278,0.42628389571090775,0.9761286384064096,2.7063147349766137,0.8445592596648336,2.515592130851592,1000
202,1.1841255814946798,7.055742256302611,11.583426371346958,0.6898827223403987,0.0616462232771185,2.700254160948999,-0.16804455429250154,2.5362957172818614,1000,1.1582952962984054,7.130274838930554,11.850538712207156,0.6544547290697251,0.16670349786460834,2.7449730222033657,-0.12443597267825579,2.4410265652750667,1000
203,0.37558012045579536,1.8828963693079848,67.5410343184025,0.8282967837890371,-0.3457343004124335,2.553477227958742,-1.2478815757707173,1.999041816682308,1000,-0.055485427983371416,3.5451150252687897,19.96139947359625,0.8985411495933573,-1.2794506068318756,2.400306434922875,-1.8166260811863517,1.7056552252196089,1000
204,1.8957203672059388,9.30959098112476,4.122617428852277,0.6917578120752522,0.7976228365529577,3.5528930811780963,0.5398750555384446,3.2515656788734333,1000,2.050508048708594,9.108981110728672,3.8245652467405358,0.7720234174863773,0.7864166457487285,3.893242238772116,0.5373421504352944,3.5636739469818934,1000
205,1.017287948104588,6.8718630693922975,9.07376950591304,0.4339757535837224,0.16421985674768097,1.963764042317464,0.1666954710804921,1.8678804251286838,1000,0.9685409227777362,7.031939217129667,7.972724090841301,0.496080877386447,0.12740869233314872,2.1471136023718778,-0.00377759689969992,1.9408594424551722,1000
206,1.7026994521873977,11.520234355303582,7.719393769024353,0.3502539669967401,1.0393801671651393,2.437373318001498,1.0162016768737872,2.3891972275010085,1000,1.7284949290213825,12.407878923926347,6.015343960466665,0.3783432167828805,0.8783634116178963,2.3968416603516607,0.9869422241269367,2.4700476339158284,1000
207,1.6618765460363258,9.758320789477136,6.524870976026758,0.4006966355620199,0.9135210839231143,2.4838023706231724,0.8765111403347668,2.447241951737885,1000,1.2861343444767612,12.044325041950321,3.7448222130391504,0.6539836665288117,-0.07679277519290391,2.284452458178509,0.00432635808029036,2.5679423308732323,1000
208,1.6874854851974361,1.829352196913656,78.39785916680675,0.6291398852483849,0.8099712844150067,3.419004559187071,0.4543713101106017,2.9205996602842705,1000,2.0408177938300076,5.782825407501824,9.356936642461472,0.668514862801054,0.6418307366244642,3.161875417012391,0.7305286627399419,3.3511069249200736,1000
209,2.4834775909993434,2.577212385250227,38.55529495684177,0.8167354075202149,0.5367815081491046,3.6181741965498007,0.8826761922597222,4.084278989738965,1000,1.9083896256521635,6.160992233618492,9.147077028144578,0.7381479845646579,0.5741594843120724,3.389815918227728,0.461619575905434,3.355159675398893,1000
210,1.3346413085955995,10.26592596424299,11.202123426353298,0.4659654303473125,0.3510637204273831,2.177529796650549,0.4213490651148669,2.247933552076332,1000,1.20119521314288,15.126508777755328,5.813977435851488,0.4287545466979744,0.3656419906880953,2.0357133809156482,0.36083630161485014,2.0415541246709097,1000
211,1.259278312058554,2.027672616681676,58.27265650808988,1.144386941977932,-1.5692561453899707,2.6086490868168344,-0.9837200942181925,3.5022767183353007,1000,1.1944754653257355,2.976110647520913,27.898612396882196,0.7215887405282189,-0.22708251591445927,2.5986773252805784,-0.21983846610957358,2.6087893967610443,1000
212,1.1378864484826237,2.566546127382586,51.61171290904865,0.4538867949477897,0.44579636056283833,2.211087272263034,0.24826833038495588,2.0275045665802915,1000,1.402640928582885,5.865888340398451,13.560134787675663,0.3901419748157868,0.7090904868940022,2.227039261717349,0.6379626579439428,2.167319199221827,1000
213,1.8071651661495673,9.526850421202445,8.726306232874489,0.6524957475092026,0.31255592304630964,2.830136435461624,0.5282735010315303,3.086056831267604,1000,1.7854128007648837,9.582266779955617,8.884945694394636,0.6307676163443174,0.2340059692813028,2.76541596635908,0.5491082727300216,3.021717328799746,1000
214,0.8792419802204878,6.911931184749192,9.958617461949222,0.5381865374414085,-0.0819398109101809,2.2058074143629867,-0.17560363316467287,1.9340875936056485,1000,0.6349916506223319,7.155514204021717,8.101037466827638,0.5879074203827257,-0.3656849042988427,2.2310567702113704,-0.5173068933278104,1.7872901945724742,1000
215,2.2673704673342243,3.6294743683589745,35.02006264133098,0.48304820353946193,1.337820028562448,3.1705204523372514,1.320595988396879,3.2141449462715697,1000,2.1612710816568064,8.315275364084624,7.586175894640476,0.401470290204712,1.4106515798026658,3.0006159700749335,1.3743893128555709,2.948152850458042,1000
216,1.4009228908986437,3.2683687971157354,33.490841896200216,0.9233422714020871,0.1302236512646638,3.450976268098354,-0.40882796104944696,3.2106737428467342,1000,1.03646267431979,2.6387447298094124,40.98390249141768,0.7846689996352199,0.29856568639773534,3.256237744199287,-0.501488564965241,2.574413913604821,1000
217,2.278978183369004,5.166990828641725,17.643746024617123,0.37750380976156617,1.5272471320946015,3.007648995846034,1.5390707162363344,3.0188856505016735,1000,2.3274156321921184,5.662861513774189,13.21234471002332,0.39342105678665806,1.5752499818405477,3.0517996273623047,1.5563103608902686,3.0985209034939682,1000
218,2.7380324247382326,2.86498164490303,41.06442889172959,0.6972597471763002,0.7381354033464703,3.5754383595463968,1.371403320272684,4.104661529203781,1000,2.1319028593303653,5.787976129908017,11.733982033245738,0.5551852680625601,0.8012626270481928,3.034312530869755,1.0437397339277474,3.220065984732983,1000
219,1.7217979675772552,1.8232840492819198,54.68093173054458,0.2948911778718407,1.246645488804952,2.3876429562489436,1.1438112589484475,2.299784676206063,1000,1.7427294069640076,3.1930604095445996,24.693657585460528,0.3099241328496929,1.239375429289397,2.4249547075267297,1.1352781065786095,2.3501807073494057,1000
220,1.0059739093915343,2.0815856503487735,65.47983925570895,0.39249692631531796,0.48809526968109224,2.0429194161963125,0.23667993381351116,1.7752678849695576,1000,1.4418405727293302,9.143202600300212,10.661088316710673,0.5053115007473443,0.5865673371077282,2.622854830084894,0.4514300312645353,2.432251114194125,1000
221,0.8801712334117826,4.308147465308112,25.785073210614765,0.6125772804907367,0.006053710308277823,2.511237041427624,-0.3204802363500612,2.0808227031736264,1000,0.39024115472617327,5.809256578597777,13.567212804969179,0.7210484680099506,-0.9207298327080563,2.2745476774789615,-1.02301384257333,1.8034961520256765,1000
222,1.366202549288225,3.463644488272126,30.14203176877492,0.756795340496554,-0.43568178407874636,2.642393522661314,-0.11711631808502077,2.849521416661471,1000,1.0652928892233018,4.7905167498077805,19.2551327074688,0.9731629071014501,-1.3712586137048552,2.532135327434751,-0.8421064086955405,2.972692187142144,1000
223,0.7851207081203125,2.7265821225461915,60.512883114746685,0.3769125644255303,0.21660313040019732,1.6713580566717616,0.04637208184627317,1.523869334394352,1000,1.2647761357258327,10.903157661868091,6.744933541730868,0.33776958145464664,0.6595712952490559,2.0488769318221216,0.6027477560747253,1.92680451537694,1000
224,2.094731248744621,5.340409518031066,13.213549848011505,0.9163762646288307,-0.07248880642645944,3.6948437428157903,0.29863377007211267,3.890828727417129,1000,1.4255606955983122,5.531434938935574,11.86843941451001,0.9067097552787081,-0.09180516620418536,3.4740620119441346,-0.35159042474795577,3.20271181594458,1000
225,0.6466584769363726,4.779866919461588,14.575752404232599,1.0815825621538464,-1.4149390408745397,2.586007629070376,-1.4732433448851663,2.7665602987579114,1000,0.7354324747483907,5.54746547856024,11.000882192746818,0.9936664025592228,-1.2159326348736763,2.6063523355518337,-1.212153674267686,2.6830186237644673,1000
226,2.5042360867784597,1.1968042477228071,458.351528100791,0.5142209251612309,1.6664366340593957,3.6773831614032617,1.4963630734624471,3.512109100094472,1000,2.5736353233728693,5.254762578236924,8.840905550273874,0.6725833581366251,1.0555321157641677,3.7263800720258438,1.2553719414250841,3.8918987053206546,1000
227,1.582665138075567,3.045105745335935,69.66223247797421,0.5097681296830103,0.40971942632054503,2.382185090735049,0.5835196038968667,2.5818106722542673,1000,1.0687499882944245,8.380202659630887,9.781932875171085,0.6939624526205487,-0.3887165502512958,2.3169331183963027,-0.2914164188418509,2.4289163954307,1000
228,1.9748771290520315,9.3761938076464,9.500476769510696,0.6319975281455915,0.510974631447204,2.9928808835049225,0.7361619738866723,3.2135922842173907,1000,1.738938470832382,12.355089126557248,6.23609647518947,0.569044310331696,0.5667101069808491,2.8801604804672043,0.6236116225822579,2.854265319082506,1000
229,2.933602269319286,4.490750585945971,15.2285833278072,0.6014988323069372,1.7993189027707135,4.248111395973346,1.7546645579976892,4.112539980640883,1000,3.049755183642451,4.898975739208959,12.142104567205953,0.6483268855391829,1.8655827008464738,4.457324885285796,1.7790344879856523,4.3204758792992495,1000
230,0.3621398884202469,4.557053906292146,20.208454241963537,0.6887811598481054,-0.47981099724119924,2.177809401805491,-0.9878711848820396,1.7121509617225334,1000,0.35848717076951786,4.7046572457781295,16.945555584113446,0.6067189117245115,-0.39976816109164204,1.980136485270945,-0.8306818962105247,1.5476562377495604,1000
231,0.12064786378550163,3.6808406844214767,47.357701849996104,0.5801164639979173,-0.9255467555750172,1.183343060369866,-1.0163804056504162,1.2576761332214197,1000,0.339756624954199,12.426578859644804,5.3291741479661,0.43735254240985155,-0.545114249803685,1.1584991826654456,-0.51745435816911,1.196967608077508,1000
232,2.657137234052566,3.8365988160040083,26.80657127482713,0.6952394236552728,1.01841543698371,3.6327585343558133,1.2944679636882312,4.0198065044169,1000,2.523882847736794,6.8621625765511585,8.501404818589233,0.7131890737181211,0.7678509407050764,3.5559357442356796,1.1260322632492767,3.921733432224311,1000
233,1.9872633234914376,3.9250766942917044,27.188674443218424,0.45756096358028603,1.0273373502240775,2.8703085856991226,1.090443834874077,2.8840828121087982,1000,2.403012825960054,7.296287792225554,10.984633983348864,0.5671029531398118,1.0937480476330856,3.3393935713410623,1.291491037806023,3.514534614114085,1000
234,0.4306977865237074,4.217454392429192,28.95072556506785,1.0507748723462573,-1.0972084826060542,2.4821499411577084,-1.6288209632749568,2.4902165363223716,1000,0.4821273463610316,4.804108919516708,21.563791624640956,0.9119038079322003,-0.6347269455948366,2.6374579988150497,-1.3052041171860809,2.2694588099081443,1000
235,1.2241002301571868,8.479924353055766,7.347935549496658,0.6667239316668794,-0.002110204144164933,2.4941310296904877,-0.08267867590989675,2.5308791362242706,1000,0.9147457705032007,7.728667755082393,8.520106696872737,0.7766863171343693,-0.38593152557149124,2.5400978421761176,-0.6075594110801632,2.4370509520865644,1000
236,0.28108552359617933,2.8879027140258304,32.52506317875502,0.6934877482226345,-0.5787648301588045,2.1091493359122904,-1.0781504629201841,1.6403215101125428,1000,0.7363509182736134,6.1827065572817546,11.854385924492266,0.5631678704034077,-0.2825790337868776,2.0573040485060115,-0.36745810771706555,1.8401599442642924,1000
237,1.9702294768094666,1.4671276706195395,201.97998211553679,0.6933699210569326,1.2676716126456056,3.744515831209945,0.6112244315378788,3.3292345220810544,1000,1.96795781223524,2.43320925452155,41.90710501648061,0.4296098027982683,1.2266226417377482,2.8768821486888547,1.125922598750634,2.8099930257198458,1000
238,0.8037207375116091,1.1965597860501442,429.27819181090484,0.48506201410889216,-0.3185910106982718,1.4833660994356908,-0.14700081014181954,1.7544422851650379,1000,0.30980670448193814,6.842270752834872,14.989762153472562,0.5677501100280372,-0.45252667712891087,1.8758475418984926,-0.8029835111730148,1.422596920136891,1000
239,1.8823467340687885,7.636127314040773,5.678612148673338,0.6324528352519112,0.7786823896178392,3.1091291335350406,0.6427391769750426,3.1219542911625346,1000,1.7820084337746542,6.3323333418681695,5.6572624196275205,0.6261279906368898,0.5304689097382057,2.912980226818284,0.5547975721263501,3.0092192954229584,1000
240,3.1916476995296463,5.43146700644064,15.329580990130736,0.684014642820513,1.4332100648870936,4.169972808875443,1.8509789996014407,4.5323163994578515,1000,2.8098090027522864,4.5068073675856715,18.060167183031123,0.7110632634062858,1.1069894099257886,3.8190248713517945,1.4161250064759663,4.203492999028606,1000
241,2.505358180086339,5.720776561750795,10.600244394255736,0.6028607297509848,1.037176256398402,3.4334360841052205,1.3237511497744088,3.6869652103982693,1000,2.4540239624266484,7.4032642722052415,7.112549778831478,0.6334466330849077,0.9631326914421837,3.486624615968471,1.2124685615802295,3.695579363273067,1000
242,1.7666259919338976,2.8605246692355917,62.65455073763197,0.6398020804182111,0.814367774436153,3.3182959670968257,0.5126139143142039,3.0206380695535913,1000,1.3534329007548926,2.3527473172294706,38.57466630346536,1.0404914989661551,0.20626499597469813,3.7407459829502967,-0.6859304372187713,3.3927962387285566,1000
243,1.0187783565628397,3.7566915810607586,26.621351636109793,0.3979183601556936,0.40379302687776036,1.9918938902783436,0.23885837065768023,1.7986983424679992,1000,0.7624028647351819,1.6992725377182325,84.01843703655618,0.4917944895703147,0.23837698567588317,2.178027787465773,-0.2015143348226348,1.7263200642929988,1000
244,1.6491666666245557,6.778144958811061,17.990599249712442,0.28019063071295225,1.120292441443819,2.205265413398043,1.0999930304271692,2.198340302821942,1000,1.705518511425878,11.298864095371929,8.132510310013522,0.313024497373939,1.0881368298701417,2.327106433211169,1.0919904965729574,2.3190465262787985,1000
245,1.8562636002299628,18.07215199997404,5.361521553434761,0.48565927070998716,0.8860996979337351,2.7535828438834917,0.904371429638388,2.8081557708215374,1000,1.7186870023377292,16.882022159570845,6.4130141130753255,0.4266285050887812,0.930322685479344,2.606894776491298,0.882495132363718,2.5548788723117406,1000
246,2.1217668639084746,4.46361509552982,16.56644871024308,0.6393404293820364,0.6027148733612739,3.0166293155775947,0.8686596223196832,3.374874105497266,1000,1.8618596003859285,6.691708774579831,7.893677873347737,0.5882329558119848,0.5148120704036011,2.77509364677661,0.7089230069944383,3.0147961937774186,1000
247,0.7353331383438286,5.463552144542482,20.014035448562023,0.6473638426637514,-0.2184022192349993,2.292956950913041,-0.533499993277124,2.0041662699647813,1000,0.48114060867754116,5.040075697947793,20.906956796158926,0.6100381766122128,-0.23461199618409626,2.1751390685146905,-0.7145342174823959,1.6768154348374782,1000
248,1.8059724646491542,7.978031181674568,9.82612460979163,0.47882793831547293,0.7165853337881078,2.6419916826411693,0.8674697055508273,2.744475223747481,1000,1.712659311257514,9.538415973791013,6.58108125134555,0.49542038946139044,0.6838430925500422,2.6424901200543998,0.7416353479131886,2.6836832746018393,1000
249,2.20753861986536,3.3296399514291655,22.48460951799773,0.3222808698276233,1.5529995197175928,2.783433487381334,1.5758681150032183,2.8392091247275015,1000,2.073058853387621,3.7096419688550024,19.228713343731535,0.431509983207431,1.100997440102041,2.8277655941347657,1.2272992863010563,2.918818420474186,1000
250,0.2862545394535776,4.790554673712761,17.779206135703454,0.8852497310642686,-1.3120670623530102,2.3655151758284734,-1.448834933432389,2.021344012339544,1000,0.516225413592799,5.907756383910683,12.918014454504206,0.6447258982190791,-0.3795889897497016,2.28741046671703,-0.747437346916596,1.7798881741021941,1000
251,1.4239594440445396,13.832281855765023,4.807811047511656,0.36733370692061224,0.7020117597286302,2.1473726848588677,0.7039853784801395,2.1439335096089396,1000,1.3786051141756732,14.955015804301963,3.235860915253291,0.42762482875265845,0.5218442386935819,2.2364014386823894,0.5404604498204627,2.216749778530884,1000
252,1.8478440955521656,1.5707284190307897,144.2792732683666,1.0712554070947609,1.0878716999302167,4.6540731468041505,-0.2518165023535657,3.947504693457897,1000,2.038162166149659,2.8988801082492524,28.139813308759493,0.7508042342948689,1.238900679848619,4.115411853330077,0.5665858669317163,3.509738465367602,1000
253,2.229697694562154,2.5632952936128737,44.787263678992545,0.27933990960881466,1.8042110028541085,2.8712360014458884,1.682191471728877,2.777203917395431,1000,2.2694728946720852,4.385282948111634,21.20978753681947,0.33431696314151,1.7891741757212591,2.922798729033236,1.6142116469147256,2.924734142429445,1000
254,0.31598982806969866,1.0607586736731613,780.385050523121,0.9990080108647462,-0.30278353579734635,3.053922272163888,-1.6420658732252038,2.274045529364601,1000,1.9841389142690742,2.770371391699823,20.115556248145726,0.5768514297543419,0.7857995188365658,3.2144305225010212,0.8535101119505641,3.1147677165875844,1000
255,1.7053545440664468,7.143831412712101,12.90361148390077,0.4820086143300593,0.7474862966821441,2.7032937455066386,0.7606176599795306,2.650091428153363,1000,1.8069544498806278,9.010345714196196,6.463540525122048,0.47689099188278944,0.9293467768453596,2.8043378400395405,0.8722481057903605,2.7416607939708952,1000
256,0.7824288864753759,8.170559006504842,12.843674564087943,0.40736157085988445,0.10662036915597992,1.7517008485084298,-0.015999792409997604,1.5808575653607493,1000,0.6856771522777219,9.766773322191709,9.085378550623298,0.4407944620367245,-0.21989916206903193,1.5678202481779258,-0.17827999331425814,1.549634297869702,1000
257,1.3461459721619713,7.833770721748687,14.44652018760297,0.5915443335030072,0.3062674679610768,2.499943212701533,0.18671907849607727,2.5055728658278653,1000,1.1622501293967957,9.162224224418408,10.34944534976552,0.4793960913731856,0.40296116154295225,2.2819391654571435,0.2226337903053519,2.1018664684882395,1000
258,2.2077693131467178,6.077253248811874,19.301183569585064,0.5890115655425113,1.1991395342416575,3.5453405840375245,1.0533066446833956,3.36223198161004,1000,2.1383349274941583,11.899306184470765,7.486615163907976,0.5312328897494281,1.1583626110233836,3.263971169270062,1.0971184635852793,3.179551391403037,1000
259,2.1702560143503584,4.897485454636038,16.53326490754314,0.42801828822405547,1.1295090191803159,2.8594074562692957,1.3313401694312097,3.0091718592695074,1000,2.2901842083623607,6.253124707270417,10.456213301352031,0.5233156169326554,1.0885998076906005,3.167025991429805,1.2644855991743562,3.3158828175503654,1000
260,2.2104816005527663,3.6317336018796915,16.022914193909262,0.7950324589879575,0.9086427767037015,3.789056878803839,0.6522179809363697,3.768745220169163,1000,2.1812170510879305,3.467484252954059,14.273925860707536,0.8163400633745846,1.1691959540084313,4.046452956747088,0.5811905268737447,3.781243575302116,1000
261,2.3277466498731987,7.46084320138293,7.1960345640635595,0.3951904669137797,1.5994943580025436,3.1070155129269827,1.5531733347221905,3.102319965024207,1000,2.2763878647446494,7.6475755222354405,4.55299075776402,0.5401470143408816,0.6053747831530777,3.1103519220204348,1.2176997166365213,3.3350760128527774,1000
262,2.3219459474893323,4.2129531647208145,18.68211701509465,0.6466439675407906,1.0087536170605091,3.7520273131948763,1.0545237711093827,3.589368123869282,1000,1.530083553813073,5.657531288943045,10.847703468554426,1.027799774957241,-0.6952043472463237,3.3316595824958597,-0.4844040051031193,3.5445711127292654,1000
263,1.409130128438213,2.9788570254869122,37.32279881744949,0.5131761588163334,0.6679751196796309,2.5603747204688094,0.40330485715819964,2.4149553997182265,1000,1.4184179164708282,3.901613257604275,18.48857114861216,0.46588005823492107,0.5257402782902739,2.365807477515293,0.5052930023303829,2.3315428306112733,1000
264,1.5322834671633179,8.837480742428143,4.180035427894529,1.1044961841295933,-0.77851035046959,3.50848022069987,-0.6325290537306847,3.6970959880573204,1000,2.2053925007247988,6.649798386444581,6.074411236573683,1.1074607985521783,-0.4991174327184784,3.868173625367041,0.03476933556252959,4.376015665887068,1000
265,1.6776107501780246,6.978217894085056,7.725997001634102,0.6202096205058848,0.39034518079020997,2.7346149078057698,0.46199989398649044,2.8932216063695586,1000,2.1225172951637847,3.284795257906528,16.07388556736454,0.7028902993641304,0.21504713978955908,3.0565271192631123,0.7448523084100891,3.50018228191748,1000
266,2.389978127546454,1.6713208230079402,118.5721875670373,0.9126806475627,-0.1464528013490784,3.6076129275184257,0.6011240583235622,4.178832196769346,1000,1.6572197752027509,7.825414505203901,12.878055700975388,1.0900664740250547,-0.33772730606326196,3.698636992340844,-0.4793105138863565,3.7937500642918582,1000
267,2.0027249047123656,7.72844324883677,17.075141908565573,0.49796595435955776,1.0294036188336093,2.990523979962337,1.0267116341676323,2.978738175257099,1000,1.889675187715941,14.702727985826476,7.2414261905864965,0.49514614491345804,1.0369905032948348,2.960374631239492,0.9191887436855632,2.860161631746319,1000
268,1.0232267307693366,3.8103062820473617,40.77813407120089,1.1003053994894412,-0.49753698475890823,3.4840310792570977,-1.133371852229968,3.1798253137686414,1000,1.0628850587502459,8.30132970763457,13.342267436059693,0.5673684183351955,0.2376915624282763,2.5211662406254116,-0.04915704118673725,2.174927158687229,1000
269,1.0175668053489517,4.199476795825351,24.28989100976438,0.5920506940486573,0.27343422084334046,2.5075625289130334,-0.14285255498641658,2.1779861656843202,1000,1.3070693034974532,6.579947911101646,13.409198921005489,0.5056225273198278,0.5544920908273437,2.568672124452825,0.31604914995059075,2.2980894570443158,1000
270,1.92745932685274,6.786304211604407,11.235605301738811,0.4589123822472775,1.1691036520941873,2.943239434039806,1.0279910576480762,2.826927596057404,1000,1.8721762196829266,6.075493249967886,12.51019967320686,0.45646787799436894,1.1799148878420462,2.9474410203215875,0.9774991788139634,2.7668532605518896,1000
271,2.4381513662818266,6.465809028765634,10.96459569999455,0.5712220573542133,0.8602893243708676,3.2470186565230708,1.3185561338675686,3.5577465986960846,1000,2.111937666490001,7.877904183369179,7.817131510837048,0.5488648654488841,0.7254800978339337,2.965123283646085,1.0361625302101882,3.187712802769814,1000
272,-0.3078357524150346,5.490751325936397,22.338804167952485,0.9325125533323476,-1.8791386653475386,1.6451881035051688,-2.135560356946436,1.5198888521163667,1000,0.4844656357981194,8.880970586569989,8.58994161788748,0.5221953370716589,-0.18698976629559394,1.8297935236274236,-0.5390372248623321,1.507968496458571,1000
273,1.3544815082080297,6.294796454755883,10.994219395357494,0.4611430263611361,0.5829935365474458,2.3753191696832436,0.45064117654020297,2.2583218398758564,1000,1.36937098010351,7.770481695733144,6.06387796876119,0.4910843088111375,0.3591278302051127,2.228899376020988,0.4068457348336806,2.3318962253733395,1000
274,1.2250809599562853,1.3471572580608566,288.3994672483026,0.4804331588351389,0.21837331553126688,2.4129511839572717,0.2834319686394131,2.1667299512731573,1000,0.5006631427738992,1.495222459091337,113.55834753513223,0.7835133900979456,0.01075083556572141,2.843351657108525,-1.0350231018180742,2.0363493873658727,1000
275,0.789528278447696,1.8393159469200187,48.09259911264457,0.6107905676866577,0.17148854014343518,2.3939488735450984,-0.4076212342181531,1.9866777911135451,1000,0.9106798184456097,2.595589173594774,29.779192509532052,0.5257760066836498,0.2075787745873718,2.232575788316064,-0.11984115465434386,1.9412007915455634,1000
276,2.072524597343052,9.717364850329496,6.07233490063749,0.4572841453019453,1.223509759021968,2.9701075762905353,1.1762476725512392,2.9688015221348647,1000,1.7650784499674226,8.62064810825302,6.692210450369357,0.5234301042218333,0.9681219919031991,3.0072573867661374,0.7391554456926293,2.791001454242216,1000
277,0.7987723919945258,7.250676062996586,16.102760288356702,0.5502858866621335,-0.13282283288220934,2.0112682627030534,-0.27978794586325595,1.8773327298523075,1000,0.8778261138968717,10.62097976001494,7.776151050711166,0.5490168121884468,-0.07681786204693138,2.05263584327606,-0.198246837992484,1.9538990657862274,1000
278,1.5039867745123119,5.902131955709342,11.13240955643893,0.8538110579511272,0.09549942766575825,3.163000042501986,-0.1694828990718975,3.177456448096521,1000,1.3904903092500023,6.9629127850797765,7.153370052522013,0.7977126683265665,0.023092589149732303,3.1560524791518327,-0.17302652067006807,2.9540071391700726,1000
279,0.9538804345998251,5.037825999875991,25.82618690187468,1.066517878443568,-1.1994844632914474,2.7429846001420186,-1.136494607149568,3.0442554763492184,1000,0.07092568782519315,5.134316532354858,23.285743423448228,0.9615383868132638,-1.2388760258783829,2.237178573581077,-1.8136895503288037,1.95554092597919,1000
280,1.1037849433128162,8.336018481563782,8.50594132247358,0.6536106927647342,-0.09808111421199787,2.5232754653745064,-0.1772920145060628,2.3848619011316954,1000,1.060885218203301,9.762087510770558,5.243700228843617,0.624328487016063,-0.07719063537520102,2.4817916223944216,-0.1627986163481825,2.284569052754785,1000
281,1.3421888089849499,8.16841677423863,9.15387606322721,0.4924583584675693,0.3694205386608147,2.325166436567339,0.3769704263885141,2.307407191581386,1000,1.3095957912952936,6.579467164301337,12.013498328038239,0.5073051637807787,0.359050552491384,2.2808747707733215,0.31527767028496734,2.30391391230562,1000
282,0.8679105185538294,5.45708309730971,13.485754608257421,0.7382699680438123,-0.38319802026940314,2.4312265819366403,-0.5790986188120426,2.3149196559197014,1000,1.5291518920134624,4.265824502261808,19.972283476518253,0.9972273058853833,-0.5044312722111677,3.2730785119066605,-0.42541362752188894,3.4837174115488136,1000
283,0.6844477958195974,5.087884186733047,17.20331170154996,0.5517526634189911,-0.2428680968170049,1.8271406988164676,-0.39698742448162516,1.7658830161208199,1000,0.5111994433064946,4.267732153080586,19.225324996470537,0.6397992174719884,-0.3881720702956334,1.9710662537155441,-0.7428070229386028,1.765205909551592,1000
284,2.291380643233314,2.635907918977861,25.975348685672955,0.49291397738101345,1.4597534373809578,3.3078904453921867,1.3252692475665275,3.2574920389001,1000,2.238992405179117,3.4759546010997595,16.378892507109736,0.5319161209002204,1.0222974472773039,3.3342690989735764,1.196436808214685,3.2815480021435492,1000
285,0.9167551214790101,8.99278921360388,7.970223654684848,0.42374265318241844,0.06216950288102157,1.7536339288418956,0.08621952124146992,1.74729072171655,1000,0.7291423721105597,11.182215516680005,5.586793071706639,0.4383048207331816,-0.010768674546856868,1.721294018416131,-0.1299350765264763,1.5882198207475957,1000
286,0.5092288230786655,1.1373794601267821,534.1551090066359,1.0717058982582823,-0.026410199350046043,3.4817924221468926,-1.591314737507568,2.609772383664899,1000,1.5295578468930633,8.592462383064799,11.499994058351275,0.6291974535933591,0.5940922517346011,3.031973917644942,0.2963308378500795,2.7627848559360473,1000
287,1.8445293134095035,8.425520627532535,12.614065181245532,0.34401801576128443,1.2248821782226624,2.5036709131341692,1.1702540025173862,2.518804624301621,1000,1.4606008461363804,10.929579915978103,7.512699316695262,0.5258446345827603,0.3121056577359879,2.2946258509792132,0.42994536235417025,2.4912563299185906,1000
288,1.1344210283602312,1.9566072574070281,126.56957435169018,0.6662712305046745,0.23891293467976232,2.6960246591289425,-0.17147058342893096,2.4403126401493935,1000,0.810716185382155,7.1001165383925615,10.858414093663626,0.7631280406840499,-0.8249843439605964,2.225332838142874,-0.6850147743585828,2.3064471451228927,1000
289,2.8190729165229675,3.8266601104425235,29.966367023020524,0.613434138480507,1.304576258819177,3.6979919704567354,1.6167420051011738,4.021403827944761,1000,1.8740152070948872,3.2953182017363845,34.99130856500722,0.5862527055352725,1.0727442780030219,3.263755379207671,0.7249599042457531,3.0230705099440214,1000
290,2.3032919595673538,3.8480908858986185,42.562559849062566,0.4456736214490659,1.0747684553281447,2.9783989690832557,1.4297716615271847,3.176812257607523,1000,2.0159998030519217,6.799452401071555,9.886347877324077,0.5997105943509962,0.5646996736824669,2.9722887996022886,0.8405670381239692,3.1914325679798745,1000
291,1.5389211921425205,1.0494386747986095,703.0310728818367,0.45338543998446984,0.4855412588390068,2.36837660270179,0.6502857297729596,2.4275566545120815,1000,1.2031260761116513,8.897390107918488,5.097675129271295,0.6999427405331755,-0.13777334014431825,2.6266324088372484,-0.1687616953333726,2.5750138475566753,1000
292,1.7048894077904788,16.485255311172736,3.8095325701586535,0.5694328276809151,0.48962188174424537,2.7754756199542716,0.5888010655358853,2.8209777500450723,1000,1.7074759641772437,16.354751391528673,4.209016946196859,0.6281304038503902,0.4656172022635514,2.931505900750029,0.4763403726304789,2.9386115557240085,1000
293,0.7074927308557448,1.992388543729265,89.76856477121896,0.7976588510565851,-0.21466853834952346,2.5376532572094126,-0.8559186172151618,2.2709040789266517,1000,0.9455448811325533,3.6871476074665304,18.757215408326523,0.7342116809748747,-0.21259111155517063,2.5273832232021074,-0.4935100135782009,2.3845997758433075,1000
294,1.6212718171664027,2.034795472500135,60.75532271101029,0.37068480641279233,0.703141766217636,2.16800990351902,0.8947295965973298,2.3478140377354757,1000,1.5674967111258025,5.211479008314492,16.224962758866518,0.3797912809540786,0.683180107823577,2.2048069272492477,0.8231058004558084,2.3118876217957967,1000
295,1.97217623762077,7.945502033790366,11.997140815118408,0.5733067086638479,0.5988476941267206,2.864460878784931,0.8484950886396283,3.095857386601912,1000,1.8009550111146324,8.368791637941158,11.024327210075747,0.794116097551746,0.20772873464241193,3.3318876959727914,0.2444874599132103,3.3574225623160547,1000
296,1.4717813120035896,5.848694161895877,21.618293293867385,0.37280050717783125,0.859174768175269,2.3790653996317648,0.7410923179350404,2.202470306072139,1000,0.9790629322694543,11.558150308163105,7.759107196380298,0.7820492653320499,-1.1007619093837766,2.077774129979307,-0.5537536277813634,2.511879492320272,1000
297,1.82758763386066,6.72242626626792,12.564503645192309,0.3615336545303948,1.1704346990924581,2.561047752531309,1.118981670981086,2.536193596740234,1000,1.853827971413675,8.302624681993311,6.4371813096465855,0.3484676416216754,1.2412449394872715,2.6063422804712837,1.1708313938351913,2.5368245489921586,1000
298,1.113953758068105,2.1604389400029604,51.460945850647754,0.6170607261575479,0.4784935044239812,2.846642119129632,-0.095485265200689,2.323392781336899,1000,0.9591336722342108,2.6868137852143,43.13000486370805,0.6405071423915801,0.19520592619650656,2.9930521455983876,-0.2962603268532862,2.214527671321708,1000
299,1.6798435216008882,10.39312400782654,6.489208912844099,0.4298972502736561,0.8595998765129932,2.5557055847089183,0.8372449110645223,2.5224421321372543,1000,1.692165066457871,11.682506203031418,4.89458805798336,0.4461881445387521,0.7928168101657247,2.572229272291056,0.8176363031619168,2.566693829753825,1000
300,1.9622981550587308,1.9452334674173626,26.07506706739232,0.4273640347559217,1.0534584161867253,2.7344098108081596,1.1246646469371244,2.7999316631803373,1000,1.998375895026414,2.8061502462022094,11.931403636995661,0.630230463161226,0.9143070152119732,3.479340181186737,0.7631241872304111,3.233627602822417,1000
301,2.001447352635479,3.067830014037006,34.44990149979988,0.37683408265892554,0.9953891419174798,2.5550881099508547,1.2628525506239847,2.740042154646973,1000,1.7181046297096798,7.13056721371969,14.595093893482428,0.40315285375221743,0.8097571698798733,2.4784926639574114,0.9279250363553336,2.508284223064026,1000
302,1.9997656921278746,5.671416064120111,14.757991254961144,0.3815370982450217,1.25830859583473,2.6932611987254007,1.251952979567632,2.747578404688117,1000,1.9008919584163795,6.96282920687426,9.3012324374403,0.3912042294584409,1.1119731451181873,2.637700760768834,1.1341316686778353,2.6676522481549236,1000
303,1.9283161531620314,6.115245144186713,9.940679955044994,0.7598347417756582,0.3463594082745397,3.2703222580969644,0.4390400592817414,3.4175922470423217,1000,1.8908034565933796,5.791502898600619,10.280501081412304,0.7618740113608803,0.34757078829034177,3.2682137292406774,0.3975303943260542,3.384076518860705,1000
304,1.3032555302386595,6.025694023340708,14.362363630856674,0.7035327309514299,-0.23174135753304603,2.443445145897944,-0.07566862242614314,2.6821796829034623,1000,1.4755445476935518,7.378200636862264,8.63176261695845,0.5962085443782861,0.19969126884486277,2.5713088245011604,0.30697580071211106,2.644113294674993,1000
305,1.7226164457999107,1.2258034857463405,159.78800401964153,0.350723017539262,0.9089388804211672,2.3294465357875587,1.035199331422957,2.4100335601768643,1000,1.4119961804395997,6.9834493796679125,7.097014038308144,0.4299571108049317,0.5272709083142455,2.2397828613387505,0.5692802432619336,2.2547121176172658,1000
306,1.1378418179416134,8.851039512213482,11.229919050666782,0.36545042797746685,0.44396865424675086,1.827125461510718,0.42155897910577844,1.8541246567774485,1000,1.02202502477268,9.236406849898568,9.330436166770003,0.3754942665349827,0.39209439287813896,1.8343242385037433,0.2860562623641141,1.757993787181246,1000
307,1.9275950389702783,6.123905005280316,9.782215635459465,0.35458465116512117,1.3110072028598045,2.6823714469833657,1.232609122686641,2.6225809552539157,1000,1.8880161972635694,7.215234997131939,5.3361117047626525,0.3835448543565041,1.1844358516780502,2.659132668345344,1.1362682827248214,2.639764111802317,1000
308,2.811556896481271,2.522865627820932,44.67588715194961,0.5187051122868179,1.2747066730430479,3.366298568707478,1.7948948763991077,3.828218916563434,1000,2.2523502701167244,6.943259066738212,9.857506455835157,0.5115333207246328,1.1178970366606933,3.071566398133839,1.2497449614964442,3.254955578737005,1000
309,1.242168756257287,8.537766635037181,8.202318337651876,0.39881021318870435,0.46829492752847507,2.0460249102436774,0.46050073840742645,2.0238367741071475,1000,1.1664200874839206,8.687281573459801,8.52646867618442,0.4361531306410355,0.35135836437321105,2.0317111414577655,0.31155995142749104,2.02128022354035,1000
310,1.7342196553975395,10.487704286205139,10.018471729709571,0.3658570056143122,1.0101914272908001,2.460143515066035,1.0171399243934875,2.4512993864015913,1000,1.6165564500365053,15.311636391340754,4.17172041030529,0.4383905162942688,0.7836969665874205,2.458849809604907,0.7573110380997384,2.475801861973272,1000
311,1.5955877961915532,3.7171881122185697,40.06350116509198,0.454665494279475,0.7513526928135744,2.5274615536478593,0.7044434274037822,2.4867321649793244,1000,-0.15294021171474825,4.105948116734057,30.494931524659176,1.1771062208811354,-1.7373992737937898,2.6799829016485606,-2.460068404641773,2.154187981212277,1000
312,2.4875294890196447,2.9599840560430604,28.801572578513913,0.45305201111032667,1.758473669817558,3.568345363878044,1.5995475472434044,3.3755114307958847,1000,2.598474192172822,8.371529008844872,7.942783477306374,0.6678330520101767,1.43136819977971,4.025480598572834,1.2895214102328756,3.9074269741127683,1000
313,1.6277031680043634,6.075206654889673,7.177120115579214,0.5141008609606478,0.7532688976957065,2.7605791951462826,0.6200654805214938,2.6353408554872333,1000,1.9286679165950753,6.6985529091926175,4.798402736639483,0.6141880194270347,0.6411955195729124,3.053555027992164,0.7248593985180873,3.1324764346720633,1000
314,1.2447859525036418,6.883062230520701,15.524850428016865,0.35275580685745594,0.5153954807803515,1.8854488176143964,0.5533845710630281,1.9361873339442555,1000,0.9095089669574361,10.834160484975365,8.835348849806564,0.5170991436588723,-0.2537650380580309,1.878024437880347,-0.10400535461395366,1.9230232885288259,1000
315,1.4641061207152513,4.795017917553046,17.62843214071265,0.4079898041833522,0.7333899594461145,2.327211507682597,0.664446104515881,2.2637661369146214,1000,1.4733240840852708,2.9676524403104767,28.34403810953179,0.4339124125704978,0.794140917837334,2.5421316915820733,0.6228557554470951,2.3237924127234466,1000
316,2.3812923426945836,4.33208640842579,20.36534983844979,0.40206083044314184,1.6681569165370345,3.1508928025736767,1.5932531150260256,3.1693315703631413,1000,1.8765279937524657,7.285560315976778,6.708531021804562,0.9051166877644413,-0.6745158426008668,3.0814493623120613,0.10249928573416067,3.6505567017707707,1000
317,3.1288072155741014,2.5353884873151946,52.07504066716587,0.9811514658518782,0.5460394216050086,4.025517749420621,1.2057503425044203,5.051864088643782,1000,1.9157101358033022,8.540141950780669,7.589990031279268,0.5347669263553377,0.6292264040536071,2.8318018755696244,0.8675669601468403,2.963853311459764,1000
318,1.46666172679901,4.695353531359897,29.91316315599734,0.489971651882721,0.415552983677348,2.347643661729325,0.5063172891088769,2.427006164489143,1000,1.5183476306976367,8.221625722824815,10.949505205009572,0.5170486622198259,0.3260836128366904,2.423177180038631,0.5049322527467779,2.5317630086484955,1000
319,1.2608859972667743,3.200597147603413,26.192823453494256,1.1239995816196837,-1.0724156482813543,2.923959581667898,-0.9421531827078058,3.4639251772413546,1000,1.433438443487084,3.906375112344197,18.93683191753031,0.9252753101036563,-0.5382362507672763,3.0457664228016372,-0.3801011643160823,3.24697805129025,1000
320,1.5036963010437145,5.189102491916037,15.238972250037953,0.5169091121076373,0.15898292445167092,2.240773702497907,0.4905544413127454,2.5168381607746837,1000,1.4193361977359085,6.833034029130691,11.33731660178978,0.5366648595874959,0.1308680309258618,2.3187925389142423,0.36747307294441667,2.4711993225274003,1000
321,3.1319224029651718,1.555230857354776,134.3963771267502,0.7827627686009003,1.2049563410070863,3.875997252372758,1.5977073765074072,4.666137429422936,1000,2.470622006748964,4.301243099798695,13.702070926609665,0.6202808344937264,1.0044030273488351,3.395183159694427,1.2548715711412604,3.686372442356668,1000
322,3.7544564277981323,1.2239286758850685,111.14727488485256,1.2630777502022585,0.385929245314369,4.335249814732988,1.2788240374017055,6.2300888181945595,1000,2.7208491762013294,3.477747692209457,14.768635183995155,0.8914922373848679,0.31590696009665153,3.6119889452187497,0.9735243909269882,4.468173961475671,1000
323,1.1339697346292283,7.763059547861062,10.32304345881533,0.5894880400762708,0.020568310671457236,2.2892606651954597,-0.021426823920262406,2.289366293178719,1000,1.2873198352006205,8.74539813430394,8.338566688278204,0.5362090261915905,0.19326539668625461,2.282708378159059,0.23635014386510322,2.338289526536138,1000
324,1.9587009975212761,3.0113273096957296,79.00861595802091,0.3686715917480354,1.2072660706900031,2.6408079642103517,1.2361046776951268,2.6812973173474255,1000,1.773291783259669,8.331304549448348,13.16209585747413,0.6558916829478094,0.14791758118845924,2.6815540515909997,0.48774408468196273,3.058839481837375,1000
325,1.6130534413983708,4.358171823779363,18.335987636896373,0.7041118096469093,0.5197443011920029,3.0095618883534736,0.23299429449042863,2.993112588306313,1000,1.7812141667958181,5.852130432505253,9.388190913424282,0.6677222136380188,0.6638362852297162,3.1379909206812493,0.4724786280653013,3.089949705526335,1000
326,2.007090193261235,3.6756354526389257,54.35563724074441,0.37483972481001687,1.2005178948102215,2.647911460302293,1.2724043326336019,2.741776053888868,1000,1.5344146198212174,12.920939594520238,6.106598867118059,0.4432937587072131,0.622519466045349,2.4058818652255103,0.6655588527550798,2.403270386887355,1000
327,2.084313717755724,4.329736880003248,27.155627170582495,0.4797952060878197,0.8739708441190022,2.893457919664197,1.1439151138235975,3.0247123216878506,1000,1.9079585038755171,6.522275737635689,17.40535151509176,0.530702936883965,0.6404155502350038,2.819231443678316,0.8677807475829458,2.9481362601680887,1000
328,2.439060222372926,1.7589841191646705,66.38355010907314,0.6988007511108802,0.5801128360177044,2.9666255052163577,1.0694107501956005,3.8087096945502514,1000,1.8205285443157126,4.874958313008709,15.262691455620622,0.4892801268947217,0.5032375795443788,2.4564301541757136,0.8615394956020581,2.779517593029367,1000
329,1.9466297172037594,7.498848571051121,10.564681750144903,0.3649896046903629,1.1643751670808014,2.651617928147548,1.2312500920106482,2.6620093423968707,1000,1.9689762855914943,10.24617831285981,6.358215420585337,0.3794383210666809,1.1655827853058913,2.66774343832072,1.2252771763007997,2.712675394882189,1000
330,1.4887624380090467,7.772261463372472,14.41273717815975,0.34955224854360495,0.7558206666558744,2.1196369846271708,0.803640030863581,2.1738848451545123,1000,1.184432831302508,9.356214425602824,11.308051912802085,0.5435412453344005,-0.025859268411692636,2.087176810933425,0.11909199044708307,2.249773672157933,1000
331,1.091229345809571,8.331252620820553,11.998681624660806,0.38248977608038653,0.33160346062951285,1.818445161008888,0.34154938469201335,1.8409093069271285,1000,1.1511185333264304,9.732599314813745,9.54343085901743,0.44193472403210304,0.3948241674767284,2.0612448949531474,0.2849264742235085,2.0173105924293524,1000
332,2.247198353462531,4.436100191306921,11.803480652156813,0.8283441620690061,0.44204760784435393,3.5828759149653995,0.6236437958072789,3.8707529111177825,1000,1.8510945508144079,5.105251819209089,8.545101821844376,0.8430203527965875,0.09207234098138292,3.3202588177392283,0.19877465933309635,3.5034144422957194,1000
333,2.341836571478062,2.802029060488067,26.26473802071852,0.6810252572577336,0.42478222844627506,3.1362106814210793,1.0070270672529043,3.6766460757032196,1000,2.197868486854188,3.15389934557884,18.67908625299581,0.7456632815848011,0.08229981928367962,3.0775460219584265,0.7363684549479776,3.659368518760398,1000
334,2.657223617433197,2.7179518410780017,38.40225962640133,0.4458544504551456,1.8366969683163141,3.618791289561101,1.7833488945411118,3.5310983403252827,1000,2.662969618477738,2.6259408009431278,32.30257981763142,0.4966840684815336,1.458315464116596,3.4607465139447617,1.6894688442539318,3.636470392701544,1000
335,1.5787488120971385,8.3716839861568,7.561683422383909,0.45296846524531603,0.6043011623393207,2.3563959721821037,0.690930620216319,2.466567003977958,1000,0.6566447918868876,8.819361693338438,5.445916542666129,0.868922267090093,-1.3134317350849807,2.2211201023989355,-1.0464428516096946,2.35973243538347,1000
336,0.6642996550946503,4.816730766631109,34.892535870611496,0.39704888760418283,-0.11379564199603212,1.3755209008995324,-0.11391616460954801,1.4425154747988485,1000,0.9367111520491898,12.777736382364479,4.794559919653149,0.29220621818747433,0.3601953231923571,1.522548047197554,0.36398696440174005,1.5094353396966396,1000
337,1.6207468774523393,3.6135690606132993,31.231549247120984,0.6044499854842604,0.7041308154455821,2.9361258004386905,0.4360249059031889,2.80546884900149,1000,1.7722982193191863,7.717173683969809,9.822552201145207,0.5057485626147132,0.824182702575165,2.825279826967969,0.7810310365943484,2.763565402044024,1000
338,-0.6118104869506213,2.191691009946534,85.14776281453723,1.582449006595897,-2.1083603328963365,2.7944855432605196,-3.7134105398785793,2.4897895659773366,1000,1.1595635755625755,5.404399141525633,15.182024247998422,0.8745398101009478,-0.8008297754245332,2.615310857969051,-0.5545344522352822,2.873661603360433,1000
339,2.0623112926750746,1.1248164460488705,404.91677978780683,0.5598522636068592,0.587130372237444,2.5031428927992945,0.9650008560056305,3.1596217293445186,1000,0.9584243658760496,11.63169201673017,4.26901413535318,0.35823217628413667,0.17604787644992578,1.5909113328215556,0.25628930035914177,1.6605594313929575,1000
340,2.059684464382905,7.795226373776014,11.92470734856661,0.41030675222296586,1.340036722267571,2.948054074416606,1.2554832300258918,2.863885698739918,1000,1.8464683917999074,8.63740965760807,11.121323983074776,0.5188258205666189,0.7197846365236403,2.748683476214002,0.8295697834893345,2.8633670001104803,1000
341,1.168338637894647,14.296514241805626,4.85104908423456,0.3644338030147469,0.37038444114782787,1.8809267138980768,0.454048383985743,1.882628891803551,1000,0.988943832062577,13.07187923556302,5.002072470390709,0.44841456756141485,0.016496947969255344,1.7683668257035834,0.11005127964220385,1.86783638448295,1000
342,2.5094453106985855,1.1210889224931004,374.0846580006847,0.6578771276473008,0.6704118231816005,3.155573153585779,1.2200061405098759,3.798884480887295,1000,2.128333873667473,2.561601361799176,31.821382069456927,0.818524544995239,-0.44125255711002065,3.0113129745265708,0.5240257654768048,3.7326419818581416,1000
343,-0.8374412432088558,1.0471132264912912,1586.6281627600642,1.0544919339444732,-1.3796709658557056,1.9923335880500426,-2.904245433740023,1.2293629473223113,1000,1.013705335794441,9.397349955923866,8.287438450424734,0.4967834339280898,0.2055131631323585,2.167217459761954,0.040009805295385004,1.987400866293497,1000
344,1.9110512403287585,4.891545338817051,14.588534730506701,0.381066047907615,1.1922183786388296,2.604518037980813,1.1641617864298333,2.6579406942276838,1000,2.021747906133183,6.0879963933608785,10.699566349998594,0.3851751955436456,1.230068392613824,2.707839140508247,1.2668045228676377,2.7766912893987286,1000
345,-0.22083420835741396,2.2502545967493983,100.26553329160954,0.6167833834325278,-0.82584522639742,1.6307279863902906,-1.4297296398851684,0.9880612231703405,1000,0.09364599122177264,4.152748315849214,16.281758883567353,0.4988713820820353,-0.5799198908983846,1.476830664792428,-0.8841419176590165,1.0714339001025617,1000
346,-0.49865807340442236,1.5176117240474871,137.46530673265485,0.8771195560172576,-1.0677756394735354,1.8369428290678502,-2.217812403198247,1.2204962563894024,1000,0.7536396182270839,7.739450275865931,9.08084533321585,0.45733694526024404,0.00403552275008304,1.796600880762255,-0.14274079448299437,1.6500200309371622,1000
347,1.754826967032316,3.315402867510386,101.20316221372983,0.47756331899532106,0.8407157358631627,2.8932792961421043,0.8188028618014868,2.690851072263145,1000,1.385999287377054,9.696586747293674,6.608101008629927,0.8064438780867905,-0.4858703733913256,2.8097859194262074,-0.1946307136730554,2.9666292884271632,1000
348,0.6223919464219523,4.127732103655493,27.106334450174064,0.47474419840009874,-0.43211285863617244,1.3555371625635235,-0.30810668244224126,1.552890575286146,1000,0.6757174425689918,4.334874613665035,22.039599079276368,0.462408864329368,-0.4098583822807368,1.4298258791721248,-0.23060393151656944,1.5820388166545531,1000
349,2.063403862049431,3.9695537806159136,27.6068250213649,0.3475115716237066,1.3101328619710735,2.6775962145412917,1.3822811816669662,2.744526542431896,1000,2.124419155325615,7.567194455163485,8.60684124920859,0.5474835193887979,0.8251055030864413,2.939894093020959,1.0513514573235712,3.197486853327659,1000
350,1.5455380571340926,6.315187344081839,22.593344505759415,0.3588427723912645,0.8899734224713287,2.294155574490797,0.8422062232472143,2.248869891020971,1000,1.7121713688200502,15.140795012090662,4.678483826998604,0.4230945392044573,0.9427519534719575,2.6402147425276348,0.8829060719793139,2.5414366656607865,1000
351,0.9373312522768256,2.451466509229907,25.459737716018775,0.6764365159086775,0.1861773098141035,2.694758626524087,-0.3884843189041822,2.2631468234578334,1000,0.8378969006262786,2.4425496026993674,23.498947343841756,0.6366319711195082,0.05610125815474716,2.5350703148282037,-0.4099017627679573,2.0856955640205146,1000
352,2.504155706027677,2.3263612758602368,69.87632594547254,0.458272871294898,1.3761130923046776,3.084450212913574,1.605940878289677,3.4023705337656773,1000,2.0000954437711456,5.039373375770616,14.557356282701303,0.4595106668374431,1.0761568788259541,2.8268971032172883,1.099454536769757,2.900736350772534,1000
353,0.25169554025958796,4.495517882511353,15.787087281254129,0.8190217226938082,-0.977970371773677,2.173200400803031,-1.3535870362202762,1.8569781167394521,1000,0.5756441364133928,6.2222211466954285,9.826668347734268,0.7808684694088008,-1.0142046197031516,2.1180949699667426,-0.9548580636278567,2.1061463364546427,1000
354,1.8374665053985009,2.389297626140778,85.68954244747745,0.5936560373464451,0.5643192591699125,2.7621362245407415,0.6739006721994685,3.0010323385975335,1000,1.3538517407566921,5.7158757798610775,15.987091478547807,0.5531620631373587,0.5385808184206822,2.925416933806441,0.269654097007469,2.4380493845059155,1000
355,1.7746690395696474,3.808711392579953,45.23150846367622,0.38555623000599304,1.1650785901507705,2.5953936311697534,1.0189788287579011,2.5303592503813936,1000,2.1592849175905395,16.30236324112518,3.233007997680893,0.5281374420522381,1.0711707260780916,3.1571280286622843,1.124135531168153,3.194434304012926,1000
356,-2.2372678367196537,1.161457132533867,478.8686221147395,2.077111912549894,-2.6982698142166006,2.7653754303742524,-6.308407185317446,1.8338715118781383,1000,1.0976915994075478,10.48843911643708,6.341361255200602,0.6608187603033832,-0.45370138780431357,2.3205920203100114,-0.1975131707870832,2.3928963696021786,1000
357,1.2454594499149327,5.7309230654917585,12.938114620102263,0.5769394635345997,0.2295764135849655,2.4296813694690713,0.1146581013871173,2.376260798442748,1000,1.5551626827120986,6.128746323857203,9.533357818641985,0.7033855977376609,0.30252923496061274,3.0708740456118653,0.17652691114628327,2.933798454277914,1000
358,2.1104881113516796,2.0608486950182656,69.14421791951833,0.519631786806923,0.6400357506276322,2.6772031115121235,1.0920098092101105,3.1289664134932487,1000,1.0763040425036257,11.39951877304074,7.25597888813909,0.5992969813180434,-0.11863538538028018,2.1978546819552496,-0.0983180408797395,2.250926125886991,1000
359,2.2926636092620023,9.817211146231596,5.5370214907502096,0.39708089192947543,1.557007753153089,3.1318741932524023,1.5143850610802305,3.070942157443774,1000,2.2952593552033744,9.742642548575043,5.194219066369273,0.40687330741674405,1.5256087871636888,3.091796424594738,1.497787672666556,3.092731037740193,1000
360,1.2988800291862672,1.3335700590798711,110.11384291895507,0.34952479063423936,0.4718223668426888,1.8784554858822948,0.6138114395431581,1.9839486188293765,1000,1.2267289275375541,3.171954764985179,20.095433979841822,0.35690389543312345,0.46805650189873543,1.8644478024895272,0.5271972924886322,1.9262605625864762,1000
361,0.7679187898770614,8.048039502759908,12.742881837380677,0.32965600632627223,0.14234180720550008,1.5103572736019377,0.12179301747756788,1.414044562276555,1000,0.6755696871104739,11.631107946013062,6.839189162003902,0.3948477374906717,-0.06442495417568823,1.5016176375620864,-0.09833187837124258,1.4494712525921905,1000
362,1.2075540556315356,2.6220342836171446,67.70330268256632,0.4337039133013167,0.5672539230504732,2.1678399526698913,0.3574943855609549,2.057613725702116,1000,1.304421880399269,6.564131290232584,8.867259811224747,0.4655999782560811,0.38199048561281157,2.15861659021698,0.3918459230173501,2.216997837781188,1000
363,2.0279387089314262,1.801182054835427,59.58310046067953,0.3998881916022176,1.2583594698818805,2.7695610373955772,1.2441578533910798,2.8117195644717725,1000,1.9473254675357645,3.2285386308065136,14.74103659152553,0.4216117171056014,1.125582379811462,2.74717151726203,1.1209665020087858,2.7736844330627433,1000
364,0.16520659755156197,1.2232090408416925,671.2320686738382,0.7558831215052555,-0.3478548313880615,2.6046383121737597,-1.3163243205987387,1.6467375157018627,1000,1.6952765240173076,8.21406648575435,5.03267039516633,0.6265030985209488,0.7011629247377263,3.118738185536585,0.4673304509162479,2.923222597118367,1000
365,2.4229839982272856,5.018895295156636,19.422140486473914,0.4526984571124906,1.5066697461451104,3.2116529105397444,1.535695022286804,3.3102729741677672,1000,1.841464976358322,6.042833851011452,12.800440168052074,0.7634271220348011,0.025817002481523015,2.9324385786313125,0.3451478171701119,3.337782135546532,1000
366,1.189407840059922,5.823101798475067,17.811123374790604,0.6105116065662359,0.07328310932204164,2.441445999576158,-0.007194908809900369,2.3860105889297443,1000,1.2273620450753733,6.226629062957893,15.964604255521401,0.545935158627447,0.34794032193825125,2.5442907399431616,0.15732913416557714,2.2973949559851694,1000
367,1.9441399872998237,7.990913039278661,10.832076738931034,0.37135172256276877,1.1670736101336048,2.6065880616229498,1.216290611076797,2.6719893635228504,1000,1.5423410904602033,3.4451875256689783,24.688031642861297,0.3559439112328664,0.9777321594928087,2.369516459158542,0.8446910244437852,2.2399911564766213,1000
368,2.4066329081833513,5.201194433412787,14.84284308553311,0.94141947170893,-0.04563682728024532,3.7198871414265375,0.5614507436338485,4.251815072732854,1000,1.3319869290142223,4.614136357387071,17.00851855022622,1.2529163423389502,-0.8406245234731886,3.720060997159296,-1.12372910197012,3.7877029599985645,1000
369,1.7246573168526522,12.510344705709123,6.663518357573158,0.3403689237254887,1.1056576684203736,2.463951710720443,1.0575342263506944,2.3917804073546103,1000,1.4507441548646984,8.97616614476537,8.150485580817902,0.44800997768159234,0.7771034541759734,2.5069629680125787,0.5726445986087775,2.3288437111206193,1000
370,1.3649401828853205,1.1337841339097618,217.34811267018765,0.38141629769771795,0.7299118249150819,2.2341913463118295,0.6173642393977933,2.1125161263728476,1000,1.4532509769126176,3.2398080638510756,15.194467274563445,0.6415199972369344,0.268708777786741,2.855102256798003,0.1958717823282261,2.710630171497009,1000
371,2.413322384393682,3.171377100169982,38.581926695234415,0.6699169892637594,0.9107206059027758,3.2632732822132806,1.1002850854367137,3.7263596833506507,1000,1.9705734111861788,6.318928244038274,15.881408536720068,0.5758974803049929,0.7503119290079724,2.861258037323724,0.8418143497883928,3.099332472583965,1000
372,1.0595067291638691,9.268842332098568,10.170737222979007,0.47068169820420785,0.17085168461442074,2.0600178333900097,0.13697060068362177,1.9820428576441165,1000,1.214341939397612,9.10709321065092,10.323272093926889,0.44197790007298726,0.2440844332712393,1.9489740351672975,0.348065255254557,2.080618623540667,1000
373,1.1463345825282292,4.443651716059966,20.50745521157879,0.3597184006435408,0.41637098722540355,1.787216579781504,0.44128651726688917,1.8513826477895692,1000,1.1647638035130798,5.652915590836506,14.884240126518774,0.36887891932337835,0.3792462549750577,1.838283677027618,0.4417611216392583,1.8877664853869014,1000
374,2.3706442190686574,3.085266913007863,27.729562939589073,0.5365766203013472,1.1145733344790827,3.20211547575727,1.318954043278017,3.422334394859298,1000,2.256397493779366,4.363728928073368,15.726470395297074,0.49469958645240036,1.0486559485856626,3.0213739272025233,1.2867863043326615,3.2260086832260706,1000
375,2.8606872297865333,1.7341094892657631,61.931953516690356,0.6484746217560674,0.9947145610457601,3.359784299414601,1.5896769711446412,4.131697488428426,1000,1.726405147397919,8.638016720149103,6.027667014698896,0.4980959059563313,0.5500154958076316,2.549037513364999,0.7501371717235096,2.702673123072328,1000
376,1.5612784314338564,5.6435867943045155,18.78756299005686,0.30004817545348034,1.0257204424706914,2.171113521676032,0.9731840075450349,2.149372855322678,1000,1.598803913839276,9.886705850839554,8.349935147183992,0.46167034130035833,0.7823830727427564,2.5893325683286963,0.6939300448905736,2.503677782787978,1000
377,0.6609582667553169,4.579105631072108,51.20610727627994,0.5858310928652299,-0.08741495408207957,2.3046242004532727,-0.4872706752605338,1.8091872087711676,1000,1.122285135442139,4.239717657706886,33.63629997990993,0.7336730500540106,0.15225602923948278,3.033548487030706,-0.3157140426637217,2.560284313548,1000
378,2.080376820055359,4.6354066448002955,11.960321780171727,0.6608403713379358,1.0804595181772045,3.733333916110111,0.7851296922330047,3.3756239478777132,1000,1.990476704923775,4.7340213364119,11.903695330250821,0.6115041731866734,1.0631456413876172,3.655367410155919,0.7919285254778952,3.1890248843696547,1000
379,2.0251017713949313,4.202347507186306,11.23886532923334,0.9575203111244789,-0.04133104218800712,3.599703586041532,0.14836196159095283,3.9018415811989096,1000,1.9381476446706647,4.831801803774644,7.967912324523016,0.8656784872901454,0.11020667694819351,3.4737201703456004,0.24141780958197967,3.63487747975935,1000
380,2.130819471094642,9.171130463804431,7.375403053796977,0.4705409970142784,1.22966119217204,3.0189134274421474,1.2085591169466565,3.053079825242628,1000,1.9545833165979671,8.707178017627255,5.60641064908913,0.6598975238653421,0.9077962309225681,3.4338772309414107,0.6611841698218968,3.2479824633740373,1000
381,0.83727538207538,1.3883186389028788,187.67231575512713,0.6223106925343006,0.26971135484241715,2.5177070383326603,-0.3824535752918492,2.057004339442609,1000,1.0480846927163106,9.778416728255984,8.905419395180507,0.9330497891147067,-0.9102258539135066,2.930870265009302,-0.7806928939485145,2.8768622793811356,1000
382,2.8844206073965535,5.207881358437803,10.49015565166992,0.5300849886466724,1.6830186103603724,3.7006860614648924,1.8454540296490756,3.9233871851440316,1000,2.652534430120707,7.995849407565771,5.695368942874753,0.6333305592254204,1.3590126795440296,3.692742552243725,1.4112065340388833,3.893862326202531,1000
383,1.9577376182678832,5.087543332888556,15.832204074653466,0.6145453142136108,0.7290991156401556,3.1809462067883385,0.753228802409206,3.16224643412656,1000,1.5807695069955074,5.62219515547799,10.173812675752501,0.6839015773362229,0.51653695664038,3.141641107615555,0.24032241541651045,2.9212165985745044,1000
384,1.3855490587645651,7.752592455257982,7.6093062170037555,0.5128506453254412,0.5011912643050166,2.5418138934234746,0.38036179392670033,2.3907363236024297,1000,1.1008778440802625,6.851247311544049,10.19948574407596,0.38405052229402836,0.33676678853005726,1.9233978683424273,0.34813882038396693,1.8536168677765579,1000
385,2.451343973295242,10.7426396250238,5.576325299001385,0.3323170108084831,1.7217633017413287,3.0139025326943907,1.800002632110615,3.1026853144798685,1000,2.1337115429265623,11.108695954799375,5.940118893746922,0.7221209193817417,0.0380716572793846,3.052954496530462,0.7183545409383485,3.549068544914776,1000
386,0.7143581511354515,6.564153253421219,13.204566086839646,0.5339279422285473,-0.18172941162494372,1.8347505135262856,-0.3321406156325013,1.7608569179034044,1000,1.0737400112195992,6.0157447070515975,14.681812600242129,0.5418444183407436,-0.09444018206859757,2.0459749246717713,0.011724951271741668,2.1357550711674564,1000
387,1.7121991853516354,2.7389822876358405,49.432517029790105,0.7511832805633751,-0.7251671094284037,2.3068962506109116,0.23987995544742025,3.1845184152558508,1000,1.171692408125453,4.91937116201844,16.899392053069096,0.6662212629652374,-0.7588721339209703,1.9770797896400767,-0.13410126728641236,2.4774860835373183,1000
388,3.3561469112718996,2.892416653523037,49.33690603221529,0.9177032060893208,0.9470909997228419,4.98021221784817,1.5574486273368309,5.154845195206969,1000,2.2024735502065815,4.250439823281098,14.85862293138808,0.7833433928656767,0.7545860373009908,3.7473079907751825,0.6671205001898552,3.7378266002233076,1000
389,1.6319587930974415,3.4493947090634136,38.18760224848421,0.40844906284360777,1.0067777173304557,2.619627316140877,0.8313986299239703,2.4325189562709126,1000,1.4571689109001138,5.304520651057891,17.93908733298666,0.6647938103142235,0.4702228435177786,3.0838895038560454,0.15417304268423582,2.760164779115992,1000
390,2.14277921102127,5.128127763196569,17.43465412112207,0.39618445468572694,1.272059631999995,2.910824939525338,1.366257679837245,2.9193007422052943,1000,1.9252028420967113,13.11606692527348,4.412899533141619,0.471002496138838,1.0915779976194768,2.8561860840944306,1.0020379496645888,2.848367734528834,1000
391,1.0999825766705205,4.520871227101655,31.938411621802594,0.5558566217932246,-0.377068402263464,1.912575583692471,0.010503597955800359,2.1894615553852406,1000,0.8401047159352455,7.518252438796078,15.051159485803023,0.5366186590862132,-0.33300018030793843,1.8143530297767723,-0.21166785587373238,1.8918772877442234,1000
392,2.9907206251576164,4.765037756077556,22.604565423443585,0.4860602721542331,1.684801191832544,3.6548665509622786,2.0380424917353195,3.9433987585799133,1000,2.881513836429522,7.150163384682019,8.399241549232201,0.45344044852454296,1.7830368678630022,3.5931876397494023,1.992770557321418,3.770257115537626,1000
393,3.685700057520181,2.155873628557764,79.80050840495964,0.6735277763316082,1.6940247872821796,4.401193515550453,2.365585615910229,5.005814499130133,1000,2.8620325684712027,10.899156987651256,5.32301819832204,0.6146098667006801,1.7684652952831288,4.121318495547613,1.6573972297378698,4.066667907204535,1000
394,1.1658472877303423,4.307687548836627,14.444000636801249,0.5781754826587229,0.13327885654064006,2.4924915182419958,0.03262334171924541,2.299071233741439,1000,1.3449426195450198,4.387416718104376,15.078224984833518,0.5507088438496663,0.1713661572652087,2.480927581562727,0.26555328559967384,2.424331953490366,1000
395,1.4556217841850327,12.740841106564512,7.775762930893209,0.37547340454626316,0.632714615195669,2.12981580819134,0.719693911274357,2.1915496570957087,1000,1.2847305453724913,15.956382079221344,5.658094079949066,0.3585642637484431,0.6125788992669026,2.0245314193883623,0.5819445884255429,1.9875165023194397,1000
396,2.0326428475780856,5.725984223144862,20.91813508142224,0.3690605010432119,1.3663592709636203,2.762889520549636,1.3092842655333903,2.756001429622781,1000,1.9730285074368803,10.061368966675204,9.888704624618763,0.3859553478265585,1.2698410585767603,2.796168318459505,1.2165560256968257,2.729500989176935,1000
397,1.7190364347886078,2.12625565916521,198.15504147095217,0.6564731178182139,0.2885374118771719,2.715074397002401,0.4323491238649084,3.005723745712307,1000,2.7009700375736747,3.825095716634995,14.467481536375399,0.732879678153836,0.842342808194748,3.7115799788781887,1.264525868392156,4.137414206755193,1000
398,1.6092894934704332,5.2505964532234355,21.98067074227868,0.7682686386948953,0.3753830866116626,3.302116277801512,0.10348296162843851,3.115096025312428,1000,2.0456676134544263,7.477867581975288,11.691537090321688,0.5963146761605347,0.800273345550429,3.264662218578473,0.8768908481797784,3.214444378729074,1000
399,1.6530280854685815,9.847874447778937,7.425424497542656,0.5771559267761408,0.5691290942960292,2.831721265086055,0.5218024689873455,2.7842537019498175,1000,1.3765881305262664,6.174847062158661,12.060984081763594,0.6263427925713085,0.39820696264008243,2.7926891710777357,0.14895625708650173,2.604220003966031,1000
400,1.0451868941025315,6.688558901167727,14.935531667726707,0.7093302096898109,-0.0334726986401901,2.6435248581576394,-0.3451003168894977,2.4354741050945607,1000,0.5821539841058747,4.671009963890018,22.25843812247216,0.8281724660695946,-0.5690769249782436,2.740817679360564,-1.0410640493905308,2.20537201760228,1000
401,1.0437239669976945,1.4527224167741333,380.0364128792416,0.6722848943973352,-0.6605954120303574,1.7303161563212586,-0.27395442602108244,2.3614023600164717,1000,0.9077828484249069,7.205318809095323,11.540990734179319,0.5139262581877544,-0.06277993342254017,1.8854744739525977,-0.09951261762309183,1.9150783144729056,1000
402,0.7653955741102971,2.69654020926038,49.667385397629886,0.8138686944235088,-0.19352924274718872,2.824054741969207,-0.8297870669597802,2.3605782151803743,1000,0.3105782312495686,1.6648249762920848,79.74714069410493,0.6794212094698527,-0.19493184587666595,2.242226606638847,-1.0210873393113427,1.64224380181048,1000
403,2.8617204990035243,2.2309527184775164,45.302280932738974,0.8849435572033741,0.694337262564321,3.7117140684288734,1.1272311268849111,4.596209871122138,1000,2.4452043355778943,3.4432546735578677,22.938379435074182,0.789977031648822,0.4271047039781567,3.292331771028142,0.8968493535462032,3.993559317609585,1000
404,1.546594376009066,4.855374156787966,17.07257417607609,0.3675385169217531,0.6831158242120688,2.187752417914728,0.8262188828424298,2.266969869175702,1000,1.6154251154772223,6.187898353051055,12.009411805452839,0.3842761592815864,0.8441270752740925,2.3603514519431528,0.862243843285313,2.3686063876691317,1000
405,0.11065680689745916,1.7946507079060614,117.77936648608339,0.36129161976391416,-0.3682872513929477,1.130338800388979,-0.5974747678398126,0.8187883816347309,1000,0.30820354716346254,5.181821828496181,10.963369195333122,0.3545341709427279,-0.28535390524002247,1.0814299575781965,-0.3866834278842841,1.0030905222112092,1000
406,1.6656701505982476,2.7429613589245068,22.466438343881546,0.43018092859664614,1.0270571292954662,2.7376976283359746,0.8225155305488212,2.5088247706476743,1000,1.625969299632573,1.5737938655174621,51.08415454382778,0.5122626662643502,0.36409295478510634,2.6002665348321616,0.6219344737544465,2.630004125510699,1000
407,1.790817499391564,5.874479273959394,17.70989283426944,0.42913191886086116,0.9276563124796274,2.612342532135245,0.9497189384242761,2.6319160603588516,1000,1.6189238108101343,8.827670048799837,8.99578808244786,0.44204963514655465,0.7930201280581054,2.5404076415500025,0.7525065259228871,2.4853410956973816,1000
408,0.42667178230394187,1.933668363139218,116.91620547238264,0.7282918516795345,-0.27696996661160556,2.133050555180509,-1.0007802469879457,1.8541238115958294,1000,1.1103077477777668,13.81879742904599,4.670084131787439,0.418086595451382,0.3533661669376653,1.9380321269371825,0.2908580206930581,1.9297574748624755,1000
409,2.8458180529162567,1.899471300122094,105.34457364023218,0.8246354058842222,0.6554562937538796,3.486202538141352,1.229532657383181,4.462103448449332,1000,1.114826724863962,13.013620068263753,4.800202760149834,0.8088962186521226,-1.3280188197043894,1.9748350312851726,-0.4706098636941982,2.7002633134221226,1000
410,2.7253636389213822,2.847455143254836,49.12994098006922,0.4219054121399641,1.64017518542103,3.3036937453464845,1.8984290311270526,3.552298246715712,1000,2.620540507794096,4.480559891618731,15.65849755158618,0.5411421548213666,1.6281184809698406,3.6189069783382437,1.5599018843442176,3.681179131243975,1000
411,1.4893181342760584,8.16529388100872,7.756357708790308,0.3975699763628222,0.6639825359917348,2.321429327212285,0.7100809806049269,2.2685552879471897,1000,1.5919741209116893,8.390231602432662,7.089426316178385,0.4573158244899734,0.6069830309478298,2.4963841943718474,0.6956351049113415,2.488313136912037,1000
412,1.4346459389019797,3.8915366773041873,24.29381551791089,0.4083179057087499,0.5666552903574608,2.263136026437025,0.6343428437128299,2.2349490340911293,1000,1.2506271540326876,7.354154299819688,12.063959314762208,0.39566034638331127,0.48721502980806425,2.131288898791245,0.47513287512139757,2.026121432943978,1000
413,2.2860941246680646,4.723420554028269,16.521821253265344,0.88145900554643,0.46783332903277264,3.7972824428507312,0.5584344737970619,4.013753775539067,1000,0.9384985075837118,3.815645530988809,20.430244935225723,0.80261432138781,-0.06759299647164779,2.9282657914362233,-0.6346255623363957,2.511622577503819,1000
414,2.710782653869391,2.6085171831845764,66.84551704165675,0.7936904485343155,1.7459994488282857,4.609314546545522,1.1551493747421329,4.266415932996649,1000,2.9948620573828917,4.246791541901702,17.212450949558168,0.8063934143734952,0.6322169039387852,4.393114444776524,1.4143309652108411,4.575393149554943,1000
415,1.7486802684761251,12.881338581439389,7.566511485483652,0.4694995908859071,0.8710569321405978,2.7182442313492228,0.8284610703397473,2.668899466612503,1000,1.8458505855212524,12.742212473018363,7.915443852515273,0.4766712244366584,0.9869084335255198,2.8558187746290735,0.911574985625402,2.7801261854171027,1000
416,2.2776629103945174,4.5452572815820504,9.804524213604905,0.49794262543200807,1.4592955868961277,3.3635062750073375,1.3016953645477816,3.253630456241253,1000,2.3557472077178243,4.858487913027071,7.671735756071286,0.7609525155956742,0.375326618128185,3.3344228059911787,0.8642802771503029,3.847214138285346,1000
417,1.4393847363639414,8.125835136296747,13.151401749298802,0.42267633341643984,0.6296323028642004,2.3308658506524673,0.6109391228677193,2.2678303498601635,1000,1.7353340429800972,9.098790265582466,8.716656420819353,0.6325735468593042,0.39363294663161835,2.7541716854741365,0.49548989113586095,2.975178194824333,1000
418,0.873005993555519,7.06361133366867,10.96656657516972,0.5888431123523253,-0.3442680066162047,1.8978200465735697,-0.2811265066550386,2.027138493766077,1000,1.3467261045111605,4.478796368637483,17.92890473669555,0.6126683719689828,-0.18744346952654242,2.188527887567049,0.14589609545195414,2.5475561135703666,1000
419,2.5658449517166027,6.653810349972791,17.411689104791087,0.41631247713179387,1.7607309648764602,3.3635406759914024,1.7498724965382868,3.3818174068949185,1000,2.695708646355817,12.095622562445687,5.19318551984877,0.5289726410361462,1.7448188599029781,3.8737064249863895,1.6589222699249706,3.7324950227866633,1000
420,1.7130930690724329,2.8003436804005046,46.666048886859635,0.3660784390027949,0.8442441594763181,2.2641859030255986,0.9955793286269549,2.430606809517911,1000,1.4514303313479306,7.683188727475772,11.757702004630206,0.3586008494377579,0.7575461060855061,2.115180903794741,0.7485726664499252,2.154287996245936,1000
421,2.1491097732230027,4.687011395031689,29.69780268816627,0.546956493107028,0.883958054540937,3.0485865373252587,1.0770750467332277,3.2211444997127776,1000,1.870996621981747,11.28719504202949,5.574832453752895,0.4983984296522661,0.9614683893663655,2.9646430093363256,0.8941356998633055,2.8478575441001888,1000
422,-0.0701547477937905,1.9443860686572678,110.79244590615806,1.1920791421981265,-1.023793328104325,2.8864707988158287,-2.406629866502118,2.266320370914537,1000,1.0879185621094227,11.849883322586205,9.120898782351912,0.5865880285377615,-0.06659403345735687,2.2319478033636515,-0.06179397382458984,2.237631098043435,1000
423,1.5003420275797068,6.454012448482898,11.488134434108874,0.6285599654387941,0.4514323362387476,2.96462685583943,0.26836449531967044,2.732319559839743,1000,0.7106221608065888,1.9191934711354797,64.07816660920902,0.9770594619253818,-0.25536618190365595,3.366590229578331,-1.2044143845671595,2.625658706180337,1000
424,-1.3679305352241444,2.9369841519342867,41.61640463570714,1.81606179502064,-2.822138901114896,3.4377166374146237,-4.927411653464599,2.19155058301631,1000,0.6034361221622473,4.759146359356312,18.135552114103152,1.7243025466945527,-2.136235190220232,4.137214538850791,-2.776196869359076,3.9830691136835705,1000
425,0.5562998663242431,3.2393329644980247,38.83059382949663,1.0185912050290662,-1.093712730224974,2.359574011898544,-1.4401388955327266,2.5527386281812126,1000,1.4214780141409016,6.4128208238707325,12.512588943553764,0.6652999581164976,0.05011249909691604,2.6808995113222305,0.11749009623256645,2.7254659320492367,1000
426,2.4283747843637955,4.1160511780369164,15.885390739398161,0.5311925752691673,1.1127546046347554,3.2415874443588506,1.3872373368362276,3.4695122318913634,1000,1.9847759730375607,5.879253076079454,8.442773457460609,0.7178736118799982,0.33554628838577394,3.2270006753791414,0.5777436937527642,3.391808252322357,1000
427,0.26304756552530106,2.4984809497909586,120.92272953894421,0.6892870002349413,-0.5246343709789113,2.2364923172597924,-1.087954954935184,1.614050085985786,1000,1.1756626798490437,11.059423499842973,6.410060413119826,0.5251960903175615,-0.010241584553056569,2.1948933112714633,0.14627834282662322,2.205047016871464,1000
428,0.918071209789808,1.1972688092405757,277.3925623579197,0.324142031077292,0.2556583551048012,1.5215679513584923,0.28275282887831577,1.5533895907013004,1000,0.824439834392388,5.29668383524774,16.874292775805184,0.4885439347879736,-0.26559118423301203,1.6509160800359977,-0.1331062777920402,1.7819859465768162,1000
429,2.5591725120614948,5.768074043921974,22.093458479332305,0.892913750650253,0.9315330346506088,4.324144357890972,0.8090615607869989,4.309283463335991,1000,0.355209349349936,3.4853726644659786,37.98779391642676,1.083934100590208,-0.9521009771863521,3.1724421132129494,-1.7693014878068714,2.4797201865067433,1000
430,2.2957979100719537,1.3128967094821695,221.66130935257428,0.5309730981879061,1.580947274758787,3.614141799696235,1.255090637623658,3.3365051825202494,1000,2.6542277539945713,8.462487037021882,6.348111951292104,0.5587291920249747,1.5333559552306852,3.663556450979156,1.559118537625621,3.7493369703635215,1000
431,1.6799499575220826,2.283314415910584,76.56734588656981,0.368306798716315,1.1127920655410386,2.5778834081768958,0.9580686320381052,2.40183128300606,1000,1.881230364210847,11.973931662426406,9.154245724526598,0.4154598738633011,1.1404053754134518,2.7306842459413376,1.066929011438777,2.695531716982917,1000
432,0.05619165951300742,1.183747959264053,214.4852507892938,0.847965879511346,-0.3959375608061626,2.4093586259729065,-1.6058214643292308,1.7182047833552456,1000,1.6750309756178434,5.763816341132808,10.857466708283937,1.0388615223566815,-0.5824241331676981,3.3365195295803076,-0.3611376082012523,3.711199559436939,1000
433,1.3159072088181116,2.869091054084527,38.14182421009039,0.37502715879922427,0.5283356665778751,1.9480055429471665,0.580853977571632,2.0509604400645913,1000,-0.05091571923964788,4.955682950491585,11.533108434086225,0.9365796451891479,-1.789257298147611,1.7795800836349405,-1.8866118238103777,1.784780385331082,1000
434,1.0395541859111206,6.601271774531289,13.464684284897805,0.9435909219207086,-0.6204784622275495,2.832144452820633,-0.8098840210534681,2.8889923928757093,1000,0.26731782813488225,3.4944094998349327,28.33699521126789,1.12481209397216,-1.4327078765843932,2.7201573051062025,-1.9373138760505513,2.471949532320316,1000
435,1.8630742940064235,3.4651462348644344,22.710166209734716,0.4675364315972765,0.8432696204408577,2.58217774846623,0.9467028880757616,2.7794456999370856,1000,1.8059240297042987,5.13541644216158,11.7533320264631,0.5842749847695661,0.4818953997008809,2.7086771980886573,0.6607450595559492,2.9511029998526483,1000
436,1.786178077810785,9.034642496422423,9.794933318631303,0.5280735954423474,0.5569855193903247,2.7338542858150063,0.751153830743784,2.821202324877786,1000,1.2712174396757185,11.568396557324231,5.885747804860012,0.5107754271080336,0.2682997319484501,2.3469343392284228,0.27009760254397275,2.2723372768074643,1000
437,2.560149994279771,4.435169130448245,31.354713045216982,0.4645725933405291,1.5584290974862183,3.346710271669614,1.6495877113323338,3.470712277227208,1000,1.3911058659979778,10.27714199585875,7.15977589539646,0.9437501576717967,-1.187258166272791,2.9667310494637404,-0.45864444303874374,3.2408561750346996,1000
438,3.459415430512628,3.8741579392174015,32.15362512757745,0.4668563927909634,2.395730250168248,4.246399575710259,2.54437690064234,4.374453960382916,1000,3.014822124095961,6.185874746497125,8.581710382808573,0.5155647221763595,1.975418960171709,3.944504099035579,2.0043152686302967,4.025328979561626,1000
439,2.3612412420867877,5.0524403757817575,15.922773583634616,0.5201303858018079,1.1442734920986648,3.1568382629699556,1.3417856859152442,3.380696798258331,1000,2.1549100900741625,7.657106072070642,9.296927720681863,0.5580938715490117,0.8433237013052882,3.0967678330580557,1.0610461018380997,3.248774078310225,1000
440,1.189316713784438,5.052095589944627,17.544009487307537,0.4353840203055427,0.47125544855794865,2.2291369521122926,0.3359640339855744,2.0426693935833016,1000,1.1883010142547887,7.2482348525042894,8.903758860183736,0.5075760802336454,0.49194070293257747,2.444280263188388,0.19345189699684373,2.1831501315127335,1000
441,1.5489494422136874,6.761594497930382,18.085290799785493,0.40052781231929524,0.7163329963288964,2.344196840998125,0.7639149300678687,2.333983954359506,1000,1.2548489240232668,7.329602512764853,10.247406740793622,0.494758365962605,0.3378021322004116,2.274990961236791,0.285122526736561,2.2245753213099726,1000
442,0.8008577192727164,4.981320124542715,14.464239741235946,1.186518934688688,-1.0580204696240731,3.4389274489865507,-1.524719392717112,3.1264348312625447,1000,1.2496520649946044,5.735512664759871,10.011224389027733,0.9171987513987202,-0.5733507498079551,3.2720805722804043,-0.5480574877468871,3.0473616177360956,1000
443,1.7283104908800158,10.47445202966854,7.785064769557673,0.4874057796207243,0.8095657158811393,2.7786706218193644,0.7729951628233962,2.683625818936635,1000,1.549689364983207,11.641532851140736,5.677215345408398,0.4508348449525021,0.7122155332190208,2.5040784588168488,0.666053068876303,2.433325661090111,1000
444,2.559494234746999,6.24408148140742,23.279982814336215,0.568052557398704,1.4865813685729452,3.7039199824015605,1.4461112222455395,3.6728772472484588,1000,2.2560277963576256,9.238478778350286,8.19733742954833,0.3753067721855561,1.4988772135394717,2.9506431024414157,1.5204265228739358,2.9916290698413155,1000
445,1.1122153688515883,6.4595758279047315,15.799427591558281,0.5271059427235922,0.24267283864995992,2.327740347451145,0.07908772111334761,2.145343016589829,1000,1.053273861316582,11.089865201153104,5.339064690199646,0.6044431934533162,-0.03875318176449615,2.2900727275210886,-0.1314347978519177,2.2379825204850814,1000
446,1.7897650775021476,3.9245692585534244,38.9026907739133,0.329572314481835,1.0448359915265575,2.3026604132861124,1.143803341117751,2.435726813886544,1000,1.6372904673462507,10.628854436513208,7.24085227446921,0.4856125682794991,0.6129055451414794,2.6391067994308397,0.6854898335184325,2.589091101174069,1000
447,2.1729852243288605,3.2329612234120626,35.315684147344214,0.590019104482393,0.590764540840851,2.8692549488343246,1.0165477795433702,3.3294226691143507,1000,1.3457401115264376,12.892617052232678,6.481539430245702,0.44748135604952927,0.49029051005294316,2.2670993743756593,0.4686766536693602,2.222803569383515,1000
448,1.6229730441590557,6.599766645319468,8.496325957096554,0.3551432204795314,0.9524616199789259,2.3586635745600826,0.9268923320191742,2.3190537562989375,1000,2.251379006690755,7.155492813222028,6.663579526818207,0.6749583606297223,1.0079743531445031,3.9864382557033005,0.9284606198564995,3.5742973935250104,1000
449,1.4837721125096475,4.30508207932771,21.817726949125536,0.5146333679657628,0.8482415674515296,2.7510814334280287,0.4750907112967524,2.4924535137225425,1000,1.4292778611284103,3.8272664992798404,22.461102609009224,0.5007336950899546,0.7873444887563438,2.7335818873090854,0.44783981875209933,2.4107159035047214,1000
450,1.5251211515254701,8.544753075945906,7.191736705456772,0.4629188970326143,0.5997218463339634,2.4749860137406237,0.6178001133415462,2.432442189709394,1000,1.360688983414655,8.029327536031571,8.399533667952761,0.451009819013094,0.5557197025043225,2.507322104395973,0.47670973814899076,2.244668228680319,1000
451,1.3795038984489785,2.781556986659818,25.412883059698288,0.36522448148958736,0.838693761055223,2.2241986669906053,0.6636639147293872,2.09534388216857,1000,1.3608935995616558,2.5082897112193168,24.20333577922762,0.42000820318215903,0.7328171608726535,2.3374566261716505,0.5376775213246241,2.1841096777986877,1000
452,1.3162586334444004,9.294773200387963,14.39764687040839,0.42050071067844064,0.3674231739532578,2.0148178503661995,0.49207724051465673,2.140440026374144,1000,1.1676591728701071,15.392115071274414,6.090015515111402,0.40238568074811026,0.28716767113336106,1.8191905721051647,0.378983238603811,1.9563351071364032,1000
453,0.4539534161236094,2.2112641190243503,73.78662916952275,0.73300248103634,-0.09250746041942327,2.763124919209978,-0.9827314467076169,1.8906382789548357,1000,1.1943806001190662,5.371744630222011,13.206461165120482,0.5695146202253136,0.4232247041946966,2.628316969263847,0.07813194447745153,2.3106292557606807,1000
454,1.1043143778922566,12.159217737484056,7.071783078312121,0.35919030391813767,0.4015828573095331,1.8091796641059925,0.40030138221270684,1.8083273735718064,1000,0.8842284821075774,12.543366212676046,7.851353872319386,0.5513970082292976,-0.19657886511273473,1.9170273319873503,-0.19650965402184584,1.9649666182370007,1000
455,1.5030674072220243,6.413333267778056,13.770958728387699,0.5895831614717881,0.5752381615318043,2.788327413493803,0.3474844107373196,2.658650403706729,1000,1.675480724864264,7.5187539187103525,8.75482081459799,0.5401503487252706,0.7298376462692944,2.904463325462117,0.6167860413627337,2.734175408365794,1000
456,1.8697809635928984,4.95175584288498,14.38628466295238,0.34608104909012255,1.26068551296843,2.603729114314298,1.1914621073762581,2.5480998198095386,1000,1.9458704898784316,6.433148505783188,8.80437242710002,0.387344516493018,1.2303333365639546,2.74092799304241,1.1866752375521163,2.705065742204747,1000
457,0.4426280449808766,3.7236469804673984,15.179216439496473,0.8717824528356349,-0.6881773611888182,2.516460177094249,-1.266065562576968,2.151321652538721,1000,0.8672959587982529,4.086707207584515,10.261610072021622,0.8038996533338566,-0.7761671934209357,2.389692916703842,-0.708347361736106,2.442939279332612,1000
458,1.8418812367206698,2.4896014404355027,61.959859330444374,0.3854237439447131,1.2052153710443867,2.722241952351624,1.086450698589032,2.5973117748523076,1000,0.9075052529481311,5.975438620419267,16.417664294147986,0.8860342999123518,-0.4741121277681053,2.9539820010748383,-0.8291219748800784,2.6441324807763404,1000
459,1.3136681226633329,2.4795255514162196,38.65322224430765,0.6379180404544837,0.6174355115167383,2.850678626075414,0.06334876337254469,2.563987481954121,1000,1.8277160788863018,3.9050875856462377,15.053362239500794,0.5310822457876042,0.9204101495642655,2.888569620685859,0.7867948771425977,2.868637280630006,1000
460,1.3781345768797357,8.692197606796801,10.133888049004936,0.7041603978624797,0.34888375281607803,3.0400214983212943,-0.002019802930724568,2.758288956690196,1000,1.5815996092536402,7.8036360403281035,10.307524104992659,0.7425069849421764,0.5486662939517696,3.338338538165145,0.12628591876697448,3.0369132997403057,1000
461,2.139484164996568,4.527369803138296,22.559403478054247,0.5044602733477009,1.0364223359102678,3.222376674832942,1.150742029235074,3.1282263007580617,1000,2.0047373294037083,5.74827333520723,10.255081417617657,0.523427289134806,0.9383345307786789,3.178321960541503,0.9788198426994887,3.030654816107928,1000
462,1.5093403721251888,4.716702675652039,21.078610118378773,0.5429416890477516,0.23798907608522304,2.3575017124621804,0.4451746615915957,2.573506082658782,1000,1.4744083389907856,6.797409939328108,12.43681092867526,0.45024852662435966,0.516746003358641,2.275096763228774,0.5919212268070407,2.3568954511745304,1000
463,2.3008879691519164,6.912191970942252,5.760692354719099,0.46126088564702733,1.2586272227823339,3.0983574397161977,1.3968166332837428,3.2049593050200897,1000,2.3318544989461296,6.505085115495989,6.130593859445581,0.4755019674742395,1.2426447057737757,3.1354445609119823,1.3998706426966203,3.263838355195639,1000
464,1.4450932749831624,1.4385610759215721,114.73653251691233,0.5620064959601833,0.9104882409894786,3.0636419517325866,0.3435605429012032,2.5466260070651217,1000,1.5249949541885428,1.9202759587221323,52.97720157428614,0.4176364100729539,0.9326357860791966,2.5576959917081994,0.7064275904455533,2.343562317931532,1000
465,1.0708755558568308,4.696497409570176,22.65945283608863,0.48039154493088554,0.3067847539784765,2.165167274431263,0.12930812779229517,2.0124429839213667,1000,1.2230797379306637,7.977482561297533,8.856007995203921,0.6432598193887226,-0.10065981289247707,2.514905279867242,-0.03770950807123241,2.4838689839325596,1000
466,1.0462508859689228,1.5493578608081373,121.77716001593645,0.9576758744889234,0.3076632549262941,3.4224216390382236,-0.8307938280293672,2.9232955999672128,1000,2.2524542189879972,8.106510651097292,7.851823787195479,0.6139190131185266,1.0953128239483567,3.4111239681597105,1.049172953275685,3.4557354847003094,1000
467,0.612407074887205,8.000178904238728,10.557548576441949,0.6072678269447638,-0.549958719820767,1.8054913414797327,-0.577837865924532,1.802652015698942,1000,0.12179214124354498,5.562324087433539,19.74705187197436,0.697965728959418,-0.9367564753075128,1.9113019450392088,-1.2462206875169142,1.4898049700040041,1000
468,1.664401249900906,16.511587741479406,5.267255768562686,0.35318155930267914,0.9721913823831568,2.366319678223904,0.9721653936676549,2.356637106134157,1000,1.5993731453417148,17.22157686774868,5.7031295302784155,0.37384839124376024,0.884263705411522,2.3129828737030325,0.8666302985039448,2.3321159921794847,1000
469,1.758101364380895,7.841671813457491,12.281073338896359,0.6304980690608705,0.3495290608182023,3.0199913105502834,0.5223251490215888,2.993877579740201,1000,1.1856909523458574,8.694621532435148,12.478047024151998,0.6412083593439676,-0.025619211805112216,2.545826886678052,-0.07107743196831895,2.4424593366600336,1000
470,1.424403470157177,4.627048586445993,15.50826946120818,0.41106938133897875,0.5196198041199024,2.16470829680594,0.6187074827327788,2.2300994575815754,1000,1.3783003808477694,3.458413745114146,19.195294130218468,0.5124405786291052,0.040399437444488505,2.072499478189203,0.37391684673472314,2.3826839149608157,1000
471,1.5431090632558075,3.25077926270531,26.890191754535486,0.8461792279556505,-0.0924681789908612,3.552385181747111,-0.11540222353726737,3.2016203500488825,1000,0.20956803709837835,1.7587808643108755,53.654175012780556,1.091017624745703,-0.5073120303292197,3.3467999102296577,-1.9288265074031996,2.3479625815999565,1000
472,1.3666826872326954,4.067947591073585,24.65759120776847,0.4574193949551838,0.570826553222646,2.395934327719707,0.4701406731205351,2.2632247013448556,1000,1.3989380568453242,7.283202392920511,12.494280926612074,0.4645304516562755,0.6309616934523463,2.422131443466846,0.4884583715990243,2.3094177420916244,1000
473,1.2259022086529066,7.777945123089195,5.227472457738486,0.5408787518101712,0.2928057356627717,2.379213580999281,0.16577985510497095,2.286024562200842,1000,1.2670919894076138,7.549836812132953,4.989657157304459,0.6416210240976296,0.2397939696187551,2.679188468306124,0.009514782176260006,2.5246691966389676,1000
474,1.2735818466151774,2.8882248344197436,40.05627474450898,0.39476605818175053,0.7243090819506606,2.261956739029039,0.4998403725789463,2.0473233206514085,1000,1.1802162268403291,7.411295580622004,11.949250832342763,0.6134110813686557,0.028256040815632006,2.259412787510285,-0.02206949264223601,2.3825019463228942,1000
475,1.6565842507787454,5.05078985270419,21.2684440074917,0.5837571817074885,0.5832411251795869,2.854724762224647,0.512420174632068,2.8007483269254227,1000,1.452080647463412,6.307550927405077,15.267773251127224,0.5716547333095764,0.5006549696469361,2.8533689406663743,0.3316373701766424,2.5725239247501817,1000
476,1.6331337188016075,4.430594155442415,16.096410357298677,0.33979063100091095,0.8781575827145064,2.1705957879739564,0.967144082039822,2.2991233555633928,1000,1.6908901642485008,5.740776928968284,10.90340772623675,0.36957038110560386,0.866962079751591,2.2807417711685005,0.9665322172815173,2.4152481112154844,1000
477,0.37638786604867125,1.2466792675813536,239.58813300772113,0.5344063351466454,-0.5440710688061031,1.6750886923129027,-0.6710485508387536,1.423824282936096,1000,0.4863108448040232,8.677938116067494,6.2115835816425236,0.6483471279347297,-0.710312383146223,1.7396227663770782,-0.7844495259480471,1.7570712155560935,1000
478,0.9744546237185878,9.383399892033298,15.642477317060646,0.5102390238653186,0.16637733804996058,2.1240031114659326,-0.025613863057436737,1.9745231104946124,1000,1.210125689480113,16.944215202070048,5.40262023301025,0.39213713944357864,0.5229295999368585,2.088787004834004,0.4415368961706988,1.978714482789527,1000
479,1.5352843686939317,8.07598621050054,7.94772380284714,0.3258268167485756,0.8923762577150796,2.150296591653607,0.8966638078667235,2.17390492952114,1000,1.4783116143948372,8.397021639611953,7.711308639456077,0.34317385560940605,0.8067235315081276,2.1596648816922537,0.8056908574004014,2.150932371389273,1000
480,1.9578959849168895,6.5650680358179025,14.989175659583742,0.41579468484950255,1.04921424579096,2.661668033112115,1.1429384026118645,2.7728535672219143,1000,1.5621136751585247,8.095162423384977,9.511694870084593,0.5598775739231145,0.5893800112792673,2.736957251298762,0.46475363026922034,2.659473720047829,1000
481,0.6406314117894161,3.3760145622413087,31.0925696935748,0.8596343602948296,-0.48983809831106023,2.495646888585275,-1.04425193438845,2.325514757967282,1000,0.21562567802144494,2.7276485003912194,35.41918364393921,0.9006192000943597,-0.5213342381263388,2.4642428027991503,-1.5495879541635,1.98083931020639,1000
482,2.9891507024968,1.1298195531990216,169.4213280622872,0.5508520262393517,1.4325791051291343,3.64100736432662,1.9094807310676705,4.068820673925929,1000,2.3828472516816683,2.862541402282616,13.53994398950829,0.778469601714784,0.39588196626718386,3.3842748767571047,0.8570468323206919,3.9086476710426448,1000
483,2.9130002821855863,3.9563478447277847,36.59997776544718,0.6378833157363879,1.1515299037620517,3.6986984408016674,1.662748983342266,4.163251581028907,1000,1.8460931951975021,8.958618600267442,10.286664344394284,0.6574566156222338,0.6048088772523027,3.1008429872185137,0.5574782285779238,3.1347081618170805,1000
484,1.90956899806675,10.842258631416245,6.368828156487075,0.32488061056126083,1.317698390977975,2.642825124308312,1.272803001366679,2.5463349947668212,1000,1.9391419981535352,8.598648850912296,7.820520229843116,0.5492236269774647,0.5726187137558317,2.8628823167786606,0.8626636892777042,3.015620307029366,1000
485,2.026575779921271,4.1712992310130055,13.045733007193556,0.6485370057495842,0.5192606522341291,3.1043965581551483,0.7554432486520859,3.2977083111904557,1000,2.677543709176782,4.4022022164229035,11.992764916838274,0.7958685620729915,0.5877079542528043,3.6608982855734507,1.117641327513719,4.237446090839845,1000
486,0.8680915912967979,3.039296940000743,49.35969528820256,0.6376586928298691,-0.15602988614877017,2.4935726022544107,-0.38171944664974555,2.1179026292433414,1000,1.5892561554515339,7.757913513737833,10.158487055036336,0.6345248114332638,0.3182011504248292,2.8123900503053854,0.3455875250423368,2.832924785860731,1000
487,1.5450522722553202,7.952737546881808,9.147493828946478,0.7349124329855921,0.08473654010164007,2.960534984227101,0.10462390360355966,2.9854806409070807,1000,1.1025325308635228,5.2799669075023115,18.832863333242994,0.7999838606188313,-0.2580173726828232,2.8895622765108517,-0.46543583594938664,2.6705008976764324,1000
488,0.6084875160926972,3.9134103097916686,38.5183008409441,0.6337866292851121,-0.16012596368459342,2.6665794499520636,-0.6337342773061225,1.850709309491517,1000,1.7806911181885827,5.4292291819993705,22.17970228074945,0.770247499558694,0.13941177477040323,3.2027711497543168,0.2710060190535426,3.290376217323623,1000
489,1.642397151510042,9.756422267283334,6.561494270358708,0.308546574456435,1.0505490695660638,2.229062108421923,1.0376458655754295,2.2471484374446544,1000,1.7278149466836918,10.21071807298084,6.111959866587297,0.3110556166442292,1.152147452954042,2.384769637880034,1.1181459380610026,2.3374839553063813,1000
490,1.5415572047867894,4.828920456924068,19.212781067488223,1.0622241613100083,-0.17384594178433263,3.6494651689211057,-0.5404021513808268,3.6235165609544056,1000,1.6438254437893112,5.547205115649217,15.381145828274276,0.8684715044527159,0.11164520695522054,3.519207623783867,-0.058378704938012005,3.3460295925166346,1000
491,1.5776672385961819,5.85472664735474,13.379581257252228,0.525543330734953,0.6116076602577394,2.563203518066835,0.547602310355674,2.6077321668366897,1000,0.4804113170449049,5.437111275033056,12.460139374523004,1.2753415827640977,-1.9311059123336538,2.958405744825094,-2.0192581851727267,2.980080819262536,1000
492,1.5850349363316463,1.9391279516130047,59.43001646893324,0.37591044266602414,0.7926610042552403,2.267793775498598,0.848250468706239,2.3218194039570537,1000,1.5494321801938238,4.456313367541099,18.228079128754356,0.4037618569964973,0.6894315354527096,2.2990788970004763,0.7580589404806891,2.3408054199069586,1000
493,1.0050274157850208,2.451728419638605,26.2455760530551,0.3645114504667437,0.4630552415126345,1.7927272173502158,0.29058497287020313,1.7194698586998385,1000,0.9598092543612,3.6441003392717897,13.228889641773169,0.3988098795565554,0.29679356183862116,1.7404005277144123,0.17814189043035145,1.7414766182920487,1000
494,1.8395912412877407,2.311485600145439,41.27552007641001,0.5262799859034374,0.5688327106199069,2.4528347667720696,0.8080824689170034,2.871100013658478,1000,1.5862366807390047,3.5528725916721955,15.085272091643127,0.5555235708915037,-0.12328881283497463,2.2668978576751697,0.49741048179165737,2.675062879686352,1000
495,0.5852189643854966,3.491144233086251,39.50850111107059,1.5384695703756701,-1.9776837676067678,3.3150481802551104,-2.430181393550817,3.60061932232181,1000,0.5780934887683911,4.183141537198958,23.805626599605084,1.3176517642894114,-0.9917653645095034,3.4908751838195773,-2.004503969238855,3.1606909467756372,1000
496,2.8131839086517525,3.5218884618370168,27.906618191571027,0.564097960944574,1.1796743605247728,3.4044391855617144,1.7075519052003876,3.9188159121031174,1000,2.3486962779231995,6.087000207901238,11.341702135250083,0.5412874358550027,1.0488055755486032,3.0858864800309367,1.2877729036473942,3.4096196521990048,1000
497,0.032703097242008816,1.9883090417375024,175.10264906408327,0.6781672901694884,-0.6549354158810546,1.689069411252185,-1.2965047914901884,1.361910985974206,1000,1.2938059939471633,14.686574572110338,6.361503027511136,0.45058200752905403,0.4791233978868555,2.243549346483091,0.41066525919021746,2.176946728704109,1000
498,1.8164219090537468,1.724758437436785,86.06363766958407,0.3737509477713392,0.9714715691881987,2.4659916353493063,1.083870051421922,2.5489737666855716,1000,2.203665735473928,5.174554060469078,16.54444854377781,0.6691570087858566,0.8873028260385822,3.622690151289839,0.8921179982536491,3.5152134726942066,1000
499,-0.3744244333365314,1.0048354912772943,12786.384155067759,1.4749289440751205,-0.9095732356085559,3.2866515425361196,-3.2652851637237674,2.5164362970507046,1000,2.2436315710361194,7.07459803346181,8.480115010191275,0.47539784037290583,1.2140439671059404,3.074643202610813,1.311851803905224,3.175411338167015,1000
500,1.3045775511119158,2.6921818561410324,27.719500414032314,0.8680535177131471,0.0783002654552551,3.1526241226318916,-0.39680734360585257,3.005962445829684,1000,1.31709765013527,3.8199966366977036,14.163641929759867,0.7316837572706999,0.2380259079047109,2.987862980274356,-0.11700251411530171,2.7511978143858418,1000
501,2.4318071004253725,2.790142671240687,34.42501479040777,0.3833203301897256,1.695874603913247,3.202178920717664,1.6804992532535103,3.1831149475972347,1000,2.428587286748606,2.6411554348895523,23.6880176013331,0.41456811190400533,1.6273369794959016,3.181455101936433,1.6160337874167556,3.2411407860804564,1000
502,1.415735876388731,5.2669788062516805,15.595128694804378,0.660200466716867,0.21246726155989984,2.7175394794608536,0.12174296162367182,2.7097287911537906,1000,1.374279755138961,6.626266392209489,11.287135924610586,0.5728885979477244,0.26821862891948606,2.47870930195702,0.2514181031614211,2.4971414071165006,1000
503,2.7169111435170454,4.4702838256034365,25.003485755923972,0.5951308679886117,1.4901579784786403,3.6153424884237557,1.5504546422593666,3.883367644774724,1000,2.2599853504691634,9.826335173883445,8.87159671450891,0.40940437548783476,1.4871787898195081,3.0875304775680035,1.4575527745130072,3.0624179264253195,1000
504,1.8171314227753468,1.6768045439857022,70.28990010160777,0.7817031849933018,-0.456059943062838,3.0583693269909755,0.2849931801884753,3.3492696653622183,1000,1.4652639145292654,3.655991139653204,21.437021459726328,0.7658892654671836,-0.2793270383452432,3.20396129703109,-0.03587904578641443,2.966406874844945,1000
505,2.581089390649736,2.59788782753178,32.54051289228932,0.6480522910525818,1.0744599558070167,3.406189956286362,1.3109069001866758,3.8512718811127966,1000,2.4401827077967764,3.0554482546919774,22.69630452960462,0.6343869398463068,0.8901807305815991,3.1785562082548955,1.1967843056980152,3.6835811098955373,1000
506,1.9873542363085572,4.166871868732548,18.86690160229785,0.5025411804025736,0.7043886795033752,2.6690583842484337,1.002373522719513,2.9723349498976015,1000,1.7745957818971216,5.618376702053373,11.643087026355008,0.581210370530733,0.35237659516498226,2.615710666191155,0.635423455656885,2.9137681081373583,1000
507,1.9823213850424586,1.1266606778621913,581.5121979726164,0.3612568310585082,1.2167144860338164,2.5374971970720015,1.2742579961677825,2.6903847739171347,1000,1.904590356322486,8.08360062678723,10.39686547799219,0.4548048766497962,0.9643846047218142,2.676222335892233,1.0131727980888856,2.7960079145560863,1000
508,1.875890543620841,5.183832390243586,31.777974337366896,0.4830868406962789,1.0086066001873344,2.948918993444587,0.9290403358561344,2.8227407513855476,1000,1.5850085422242084,10.310579685127927,12.550653290147189,0.42056219399864947,0.7141061023050571,2.373745311698183,0.7607066419868554,2.4093104424615612,1000
509,1.3017457284809195,4.487242830671267,17.59655495000404,0.5172610272727821,0.5247988301682267,2.389885582633244,0.2879141150262665,2.3155773419355725,1000,1.221638995073693,6.5793758792805646,10.356214275217118,0.4438792060061243,0.4981803661018744,2.130647703800412,0.35163575130168945,2.0916422388456963,1000
510,2.6661965844650397,2.593214863871705,44.9397848751156,0.7009549556062563,1.0961702654800882,3.5688963347022002,1.2923248714767774,4.040068297453302,1000,1.9716721537953217,7.888402299445954,5.835470885056857,0.477406443902637,0.9937975826509683,2.822273397104218,1.035955523746153,2.9073887838444903,1000
511,1.407232635312308,7.404662422179037,11.543082444934234,0.5349023546222899,0.3294937279205531,2.470518946996902,0.35882402025261984,2.455641250371996,1000,0.19082408335194856,3.383642588647995,25.354981370166023,0.9657420650069598,-0.919498365766799,2.612849912630657,-1.7020303640616927,2.0836785307655896,1000
512,1.8799958524283547,3.8879809300410546,14.774075210727798,0.5945495456334021,0.9474011140548544,3.1737878051547033,0.7146787429868866,3.045312961869823,1000,2.4922980869338014,4.265949001142933,12.318525938277652,0.7566589572048878,0.9977478855010815,3.726868831637215,1.0092465308122212,3.975349643055382,1000
513,2.297147345482727,3.9622838345660023,24.913358731233433,0.4795753712104951,1.297286201527873,3.392857184831523,1.3571796179101567,3.2371150730552976,1000,2.4472358292970604,11.500717156739679,4.718635279508798,0.5449372060723091,1.4215865015079228,3.5973621489439807,1.3791589053953346,3.515312753198786,1000
514,1.3462361259096012,6.659924626610603,23.013297976132897,0.34289648550863067,0.5202319774621748,1.9008755108309272,0.6741590143126851,2.018313237506517,1000,1.106791498647309,13.679101343880632,6.307856139959535,0.3380087146576581,0.47714456504046204,1.7468796027795952,0.44429441791829927,1.769288579376319,1000
515,2.6851615323319526,2.5512514763565113,44.71593574292226,0.8676904881468742,0.8311831950678871,3.9500166027891583,0.9844881755640793,4.385834889099826,1000,2.041030274320212,3.77339001740118,18.830888809802204,0.5866104752721469,0.8299952666853703,3.1640308652404427,0.891273742786804,3.19078680585362,1000
516,2.4043752765743602,4.616661468942366,20.74922076834169,0.5533740211959687,1.016140709871515,3.184690999759458,1.3197621950302616,3.488988358118459,1000,1.835128724289206,6.858508486984289,13.56956556568805,0.5831666231815704,0.5475987322216939,2.850874389701696,0.692122142853328,2.9781353057250843,1000
517,-0.721608863498509,1.1817443077192467,543.9942661184268,1.4705935375723165,-1.2334584647822582,2.9850001899560157,-3.603972197140249,2.1607544701432313,1000,2.4615649021287345,12.79079299686979,7.589254054858798,0.47933975897271225,1.5506903175776887,3.3821194486890698,1.5220589745422184,3.4010708297152505,1000
518,2.022995446901229,3.3868023710264885,30.00906858334571,0.41906681103602855,0.9811534085357145,2.6777591746620613,1.201624497270613,2.8443663965318446,1000,1.8533738546066851,6.2092739571221225,11.406243700204111,0.4659059624682975,0.8558911668109679,2.6783717874584316,0.9401981681688221,2.766549541044548,1000
519,1.597671182693293,4.980242300281572,13.903579047319873,0.42205354133720124,0.9089595697428519,2.607252136521249,0.7704462416723786,2.4248961237142073,1000,1.60191506161644,5.151730677755992,13.118957307902033,0.41600998885237084,0.8873700061769605,2.6102281157024887,0.786535483465793,2.417294639767087,1000
520,1.9775018106361537,1.2405004668287563,261.1571224580706,0.5116616445863397,1.1359102454644636,3.1949336045502728,0.974644987246928,2.9803586340253796,1000,1.932131519184324,6.346485606913063,8.968585071894324,0.5702824630069054,0.8952985070547849,3.165919736155942,0.8143778916907893,3.049885146677859,1000
521,-0.5021196581396055,1.4187207374533903,146.65767309790496,1.1405853043947414,-1.2378564687310185,2.8171521933823556,-2.7376668547532983,1.7334275384740874,1000,0.4274420256599769,3.386333483158946,26.602974922728738,1.0860136449823579,-0.8702378779344214,3.431146661574365,-1.7011447185054442,2.556028769825398,1000
522,1.1547331747915808,7.820447805756846,16.446488757083173,0.3477452423146238,0.5068912735440323,1.8435227932751435,0.47315249985491814,1.8363138497282434,1000,1.159097698983095,16.22722076619034,4.501367977383104,0.36566168036113594,0.4669124740887205,1.8674900507657584,0.4424008054752686,1.8757945924909214,1000
523,3.228609121729658,1.4985747598540549,77.0902662340999,0.781354825272656,0.9798542233239306,3.9587591500006485,1.6971536641952523,4.760064579264064,1000,2.7210860990093755,3.011211252307187,21.17402756398419,0.6763381532649022,0.7749013291938142,3.4218572763921213,1.3954633186101673,4.046708879408584,1000
524,0.40410999520324453,2.963274661002561,63.03243544778422,0.6069987939406144,-0.6062925050031359,1.939864832917727,-0.7856076409203596,1.5938276313268487,1000,0.7304885178673204,9.123637301183534,9.833409415517671,0.5801494596168684,-0.10652595480659552,2.08952163945004,-0.4066044229817416,1.8675814587163824,1000
525,2.414347122536469,7.586175211095635,5.415867071000937,0.42832678644859096,1.6445033913530098,3.2817554288104005,1.5748266210972308,3.2538676239757076,1000,2.1905758197568,6.796047734273848,5.96842798493776,0.4599677313344999,1.4849055654774161,3.2902356622528575,1.2890390663411804,3.09211257317242,1000
526,1.7292143866776373,4.736700404153252,28.00595587894911,0.8783864469241364,0.20593984866945342,3.342433490545612,0.007576950706330132,3.4508518226489446,1000,1.5163532662983403,11.353234953585542,6.195270655452797,0.563404348917671,0.5638777509068307,2.700660078364174,0.41208074241970527,2.6206257901769754,1000
527,2.4422597079207993,2.3029264274594787,99.06567916996754,0.6262897067609883,0.8734903644923417,3.113526366104755,1.2147318826692624,3.669787533172336,1000,1.256517879155588,12.815545117155379,5.904402619383431,0.5105775013290871,0.1761316719936301,2.208089502474228,0.25578597655057744,2.2572497817605983,1000
528,0.9568806447127548,2.438876877724754,22.333378046893944,0.4476264337101367,0.3252767805837367,2.167504741645314,0.0795328346408869,1.8342284547846228,1000,1.5001243319418325,2.2835164210484833,27.010550019665867,0.8491287427275583,0.2869946295274932,3.5054213111940644,-0.16416800380418173,3.1644166676878465,1000
529,-0.3478601542962303,2.742379772910738,46.98552169532477,1.4183481793889272,-1.8378261403322909,2.5196136903956705,-3.1278225858985276,2.432102277306067,1000,0.6853111252379858,5.417431735968276,16.886350354725007,0.9368530738778394,-0.9259372444467051,2.6121195505441586,-1.1509208995625795,2.521543150038551,1000
530,2.996563966945905,3.571194955731422,17.14061461610879,0.4831388171425053,2.092762182222697,3.7871665783994217,2.0496118853465948,3.9435160485452156,1000,3.10203542541262,4.821813534272384,7.5523894307653805,0.5902039150285717,1.4689314466440424,3.959375885391035,1.9452357519566195,4.258835098868621,1000
531,-0.05859228695496688,1.8055982557704655,96.30046879399926,1.0775505279844837,-0.8416515012923363,2.456715773593826,-2.170591321804555,2.053406747894621,1000,1.6422174882020717,10.415684079843258,5.049545266777488,0.46728787661559484,0.7550554202467092,2.6170800068006708,0.7263332500355059,2.5581017263686374,1000
532,1.5479550440863274,3.6975306485026307,25.806625480904874,1.035158660409642,0.01574352348276918,3.5945009317066092,-0.48095593031657113,3.576866018489226,1000,1.8177472965751935,5.744228959796642,10.47902863343606,0.8800472502912615,0.15182509287850254,3.4335773605621966,0.0928546860043209,3.542639907146066,1000
533,0.9055302326924823,1.5969616169536818,101.49988233385776,0.6414097941655329,0.2245402505247485,2.7660716856193277,-0.3516329638719622,2.162693429256927,1000,1.3729084145373835,5.4418333380864885,16.26133187465776,0.5633367641150294,0.5302698800572325,2.763691390793093,0.2687683568719259,2.477048472202841,1000
534,3.256474613044836,5.503388667342958,14.061292732581219,0.7856797658159274,1.4229005320792474,4.501405918566964,1.7165422720456185,4.796406954044054,1000,1.3195717072745319,3.5214645531954814,19.352103731436035,0.8412299146336921,0.07519645273935603,3.4289462855652166,-0.32923892540750455,2.9683823399565683,1000
535,1.825008954594606,3.7391215037014622,16.812320249381575,0.8292936607837275,0.5328928911019507,3.533070853669621,0.1995933794585003,3.4504245297307117,1000,1.793439279351678,4.176198761002145,14.018707899534272,0.8176287582129516,0.5229261912857077,3.577363719001992,0.19088691325429297,3.395991645449063,1000
536,0.4242488568404019,6.716014514866639,15.104379686839682,0.5058181534163975,-0.4274649277390682,1.5662523102291586,-0.5671547238557371,1.415652437536541,1000,0.30071870676360435,10.327852350161203,6.573651360408109,0.42709286565917715,-0.46973706022156136,1.2210194343928413,-0.5363833099283828,1.1378207234555915,1000
537,2.0867735577307958,1.8296839597157297,53.83985670068821,0.42146012119856463,1.2357870491076486,2.9808417984679387,1.2607117201816092,2.9128353952799824,1000,2.0266868699636484,4.3294062350793965,13.37806608291705,0.48749955626009994,0.9306015201962256,2.9637982259861104,1.0711877396938525,2.9821860002334444,1000
538,1.6308130113652903,3.8533169953484925,35.79738887217178,0.5260815534247102,0.5595795971741266,2.5733155538714927,0.5996931666528584,2.6619328560777222,1000,1.7093846191131095,12.47586566288594,3.872491623355661,0.5045756140473866,0.9027776213785295,2.839152603577477,0.7204164155802317,2.698352822645987,1000
539,1.5286328490572427,2.138933100440827,59.08630792888762,0.47042020047613464,0.949376242824341,2.760962002178299,0.6066092561240188,2.450656441990467,1000,1.3811086869190654,5.68053724613479,14.828532844717516,0.5344623609342638,0.2516564885247612,2.6244999762834924,0.3335624594879083,2.4286549143502225,1000
540,1.823009128561801,2.09071386922789,46.65686159530467,0.5678550551890786,1.007932601288846,3.2308913215892727,0.7100132203912071,2.936005036732395,1000,1.741092728379852,3.5508574600650316,17.35691883272298,0.5501040921916899,0.3897327774327702,2.7123830630552206,0.6628887076841399,2.8192967490755643,1000
541,1.2084556912357378,8.697627298473149,9.986322238986048,0.6227748621199568,0.251349064809216,2.690558910229537,-0.01218303851937752,2.429094420990853,1000,1.3705181842986311,9.945786453514321,8.02124101059307,0.5711242754375403,0.45485652608543625,2.6736706485216097,0.25111460444105216,2.48992176415621,1000
542,2.1146261729221245,3.0760827254116303,29.153612502959767,0.5354385517989305,0.8853266976602113,2.9602722907655292,1.0651666113962208,3.164085734448028,1000,1.776383993672716,5.474449802880521,6.164973483044755,0.5334763088015847,0.6562686615601668,2.7221468132255833,0.7307704284216099,2.821997558923822,1000
543,1.8517026695103822,3.8251930619549936,20.127888996021966,0.610557833959485,0.36673917222983765,2.97173392480459,0.6550093149497915,3.048396024070973,1000,1.8744945285782535,5.764458644985198,11.118095949120676,0.6037167334259674,0.561842725735619,3.0848669274275524,0.6912097310633574,3.05777932609315,1000
544,-0.8238808758590124,1.3049991658097642,105.58015211165052,1.1192498024480222,-1.4342738194261104,2.12511583435836,-3.017610488657136,1.3698487369391112,1000,0.1072846730474959,3.265926154064633,16.71431402898442,0.9409435956738968,-1.1829174951106025,2.334299137731572,-1.7369647744733419,1.9515341205683336,1000
545,1.8570321137912817,6.8903137912470145,13.374223931538435,0.5007131766870331,1.004007542334089,2.990009450552185,0.875634287484697,2.8384299400978668,1000,1.7979786075800805,6.870926974244572,13.344059758950545,0.5198582890394241,0.8954853734652184,2.91456833331231,0.7790563610628094,2.8169008540973515,1000
546,1.7943769541985382,6.0715463533695395,10.9764410401339,0.5311195464519625,0.765913776605021,2.752645903375985,0.7533826431526918,2.8353712652443845,1000,1.399156672602011,6.283879022260749,11.266255365667922,0.5750924418271708,-0.18825247281291252,2.1447428532385597,0.2719754866207562,2.5263378585832656,1000
547,0.874636341896502,6.1315391393148095,16.84835399446175,0.6116260621820703,-0.03734583801329741,2.3916447083573247,-0.3241507399803558,2.0734234237733595,1000,0.8894645993847696,5.599479813865006,16.186608663924158,0.5832773872559965,0.1284351702343198,2.543736337470777,-0.2537590796369835,2.032688278406523,1000
548,2.537456667260777,4.2736145964744265,9.913224262719382,0.9024224157844357,0.4513880669537848,3.867793462761734,0.7687087323232831,4.306204602198271,1000,2.37635029791711,5.5359720793054334,6.997761240711897,0.9285621162068509,0.314489543815082,3.8680274279494022,0.5563685501516822,4.196332045682538,1000
549,2.8183398278772147,2.634737021618692,86.08962744540638,1.1995228912620022,0.25320646033408,4.382075260482009,0.4672749610036906,5.169404694750739,1000,1.900778559873499,3.188574232851707,36.47560687620158,1.0785986940299284,0.09261565687105346,4.069304908134162,-0.21327488042516052,4.0148320001721585,1000
550,0.7100751023622938,6.130662923646391,17.43886635002413,0.8171147465809987,-0.4736147796730145,2.8313345937434664,-0.8914698009364637,2.311620005661051,1000,1.9172340880609895,5.0053578259277005,23.551397118557315,0.884281364482931,-0.10361044294642587,3.284738370766263,0.18404261367444463,3.650425562447534,1000
551,1.4404624431340376,1.7277361016125232,67.75176097709173,0.48666648558343684,0.4702954678471004,2.499674765225668,0.4865961313905014,2.3943287548775736,1000,-0.23624349693282243,4.067867749894809,17.788307851371613,1.4450801190537694,-3.139916195982586,2.5830746873620134,-3.0686005302782107,2.596113536412566,1000
552,0.26891013982621903,4.533690409948358,5.644356909163938,0.680199126044493,-0.8135330814454691,1.7897993547251625,-1.064280147220987,1.6021004268734251,1000,0.27382522912590823,4.576917115406512,5.027113832562007,0.7003585215700369,-0.9021149934746678,1.7116831914920259,-1.098877473151364,1.6465279314031804,1000
553,1.1267019962528049,8.10131336655104,10.36471815351877,0.6792909896440837,-0.07183168781473971,2.567609571771867,-0.20470834344959932,2.4581123359552093,1000,1.0019170052917286,7.534015751980174,11.739307149660943,0.6559784517586759,-0.22860835298600457,2.413836249679014,-0.2838007601552761,2.287634770738733,1000
554,1.4744150956359794,1.564240280753865,83.31158104896426,0.669915113032403,0.3726630061241881,3.250352835175939,0.1613814740924695,2.7874487171794895,1000,1.5359820613001294,4.157148394936274,17.006690266279495,0.7977719003230764,0.4090398614941402,3.605051755309827,-0.027650863333100295,3.099614985933359,1000
555,0.9995643044347984,9.152508364408417,7.009653565863624,0.7212253747373423,-0.25961386274229065,2.551639971622931,-0.4140374300503924,2.4131660389199894,1000,0.19461415579241836,3.7750225162329922,21.012214730643777,1.0515474102805262,-0.9713943360384087,2.9788248986242993,-1.866418768357413,2.25564707994225,1000
556,1.561820013653197,3.972649158878963,16.724972951351475,0.32172517695613656,0.9311942450348386,2.1527185734486385,0.9312386668191693,2.192401360487225,1000,1.677256166089839,4.198797230271787,13.279971246677562,0.4289910085530965,0.8922497858387072,2.5907146708171354,0.83643378932577,2.518078542853908,1000
557,1.341546766244051,5.95702881526352,8.224863298444307,1.137558911722853,-0.49012317243797643,3.6774233791743387,-0.8880687007327408,3.571162233220843,1000,0.1834827090538278,3.304978159685477,17.70929533183329,1.4344792350338698,-1.2762124163576725,3.725553688704292,-2.628096591612557,2.9950620097202125,1000
558,-0.9062604881609815,3.9472349732592495,21.959389268591053,0.7190073587092126,-1.733461701333688,1.335156336734974,-2.3155149112310385,0.5029939349090753,1000,-0.4657765816069017,6.453185491967187,9.030022668644698,0.6923883859142242,-1.6169803502405244,1.330409633811818,-1.8228578179987813,0.8913046547849779,1000
559,1.7756730418053936,6.780995877768082,6.513444383496451,0.474751225833241,0.7231454829485876,2.64957989408167,0.8451606391722414,2.706185444438546,1000,1.6004251337691695,7.435340502218407,5.178759929042661,0.5145933811556233,0.5151919593532528,2.5709418215672226,0.591822106704148,2.6090281608341908,1000
560,0.6538859263208694,5.215897956153888,20.040634213117723,0.7727092952017,-0.6650207982934233,2.3746302202262837,-0.8606242922744625,2.1683961449162013,1000,0.6679519475172031,6.054493765194036,7.538896227401693,0.6692620426390221,-0.4334465384313495,2.2181967432955196,-0.6438016560552802,1.9797055510896864,1000
561,0.9893451242556115,1.316785553470232,169.31529577441933,0.4580140647713736,0.5656335596825467,2.239230644266259,0.09163755730371925,1.8870526912075039,1000,1.380844278537059,6.202716551340139,8.900828976543272,0.32719670817973684,0.8888706925405975,2.204666844823002,0.7395387305047747,2.0221498265693434,1000
562,1.2823939704454204,6.456681973263136,7.5588070984273665,0.479263771127926,0.39177495833375714,2.302072832958747,0.34303697903468544,2.2217509618561553,1000,1.5135827690861543,6.877263991459877,4.2265173266998035,0.5409740485741651,0.39885450021280056,2.5250746450715202,0.4532736338807908,2.573891904291518,1000
563,2.288828605017012,6.988255772490599,9.446209851577022,0.531343981795785,1.0524861538029928,3.2058198443045782,1.2473944006972735,3.330262809336751,1000,1.8846607703810974,7.879723007354142,7.599405291354987,0.6882806766624961,0.36187286942393304,3.12797270445257,0.5356306441226049,3.23369089663959,1000
564,2.154211620558214,4.359914051140895,26.06644110116055,0.32224668230735243,1.6129758083115868,2.878409646307564,1.522608123235803,2.7858151178806247,1000,2.2495808401662885,9.61106548751566,9.247534709382538,0.3826599919269175,1.6111067420673542,3.1557290886225484,1.4995672559895301,2.999594424343047,1000
565,1.6427093999971443,5.9909103472814635,16.800968970763993,0.5140336927733393,0.7897352411157386,2.772291525812475,0.6352033621613993,2.6502154378328893,1000,1.9031086857053632,7.302361112295031,12.767529010123132,0.5022346578149205,0.9969746979204568,2.9480046412882683,0.918728756388119,2.8874886150226073,1000
566,1.069061220892266,1.1503774455757811,606.2059115926717,0.5349945826234458,0.5494785074620601,2.513707049614864,0.020471838950312238,2.11765060283422,1000,1.820752249608971,8.99530927872427,9.437097252604584,0.46172982997288337,1.0282092775702067,2.8518011134770966,0.9157617828621196,2.725742716355822,1000
567,2.5009774595108154,1.0796192617534695,442.73806939454795,0.32282199565941716,1.6317066030365917,2.957676593984259,1.8682463480183578,3.133708571003273,1000,2.34920013285113,6.901955259951723,7.978034247073424,0.43287469616714486,1.3989100846037597,2.9772633060532296,1.5007657283635258,3.197634537338734,1000
568,1.2287670504876282,10.331915639741034,6.836619943601842,0.3277210126180046,0.6129578081237984,1.899182086832101,0.5864338657563392,1.8711002352189174,1000,1.4479149500698425,13.124969115808666,4.0136470979029415,0.36093795084304725,0.744813850976067,2.1532630471476737,0.74047656641747,2.155353333722215,1000
569,1.2126086669650316,11.330433534333462,4.9665171177047185,0.46322782137787233,0.20085893711777025,2.094669506426443,0.30468213706440184,2.1205351968656614,1000,1.1477634620776018,11.445525095848874,4.698693371509842,0.4887051155367901,0.14536198634366665,2.121304598662738,0.18990143562549333,2.1056254885297103,1000
570,2.65551362431649,3.6209565325500304,22.182673911674925,0.5914130368085431,1.2048955277595803,3.3642568176905776,1.4963440721717456,3.8146831764612346,1000,2.3383938280303473,6.479451702035098,10.81225430160585,0.5895505261341413,1.013398584845595,3.1823617122743113,1.1828747968074305,3.493912859253264,1000
571,1.6398876297565599,3.016569239144459,55.95530094061149,0.6075780821041085,0.0699754985384986,2.370628988521014,0.44903458883250735,2.8307406706806124,1000,0.49209643740843667,4.472179737342906,24.682737736680984,0.5482670844872071,-0.1894017230375902,1.977953012301886,-0.5825070481864891,1.5666999230033625,1000
572,2.657633913753387,5.20970980281111,19.50614589224578,0.42149514209041716,1.9940155801200687,3.6135264052673874,1.8315034352561692,3.4837643922506043,1000,2.6999420155187326,13.15326582038466,5.385281076283481,0.6634005658409944,1.4107875828100171,4.124744746933603,1.3996769064703836,4.000207124567082,1000
573,2.6414208718004417,2.6317369362308236,30.73090177596322,0.5647276727347731,1.676923603308267,3.949617295464863,1.5345546332402864,3.748287110360597,1000,2.83858447830309,3.84002709572234,13.668946466175738,0.597885076095691,1.6321314551989388,3.859684357210845,1.6667297291555356,4.010439227450645,1000
574,1.4087861848941485,3.145193471699324,49.821085400863936,0.5456786603446773,0.6350099179524762,2.8247181783503286,0.3392560106185811,2.4783163591697157,1000,1.8624916518719226,6.119405211935638,13.365310925295205,0.46898146446761596,0.9979841522921491,2.8443848169144106,0.9432879815153953,2.7816953222284497,1000
575,2.3695054165439347,3.317304682555062,32.14391304139773,0.44471461105060767,1.450153703765905,3.1428366163469446,1.4978647788847437,3.2411460542031256,1000,1.8635353085561883,8.771257091302456,7.817252067565233,0.3649896235375033,1.1793662052997147,2.5456141534787733,1.1481556464226819,2.578914970689695,1000
576,1.141469565981836,2.3095224293487955,50.84996090098026,0.3480331907368952,0.4653961158327115,1.8455626188870464,0.45932451213752135,1.8236146198261505,1000,1.1802645063491348,7.180092376672839,11.45553295121653,0.3875593128307863,0.4968983991788748,2.0310202253350598,0.4206482532007937,1.939880759497476,1000
577,1.6716015496381569,6.105598556734524,13.189029857161383,0.5214183421418829,0.5797335025142007,2.6191860914162994,0.6496215990400664,2.693581500236247,1000,1.7226763759994848,7.815624184851242,7.760838940741855,0.5032235132554215,0.659698542059105,2.6815304411859526,0.7363582900188587,2.7089944619801107,1000
578,1.7883483660878008,8.85357061190622,7.072752314290717,0.7047750796689334,0.3027141002925464,3.1305306531664336,0.4069892099366914,3.16970752223891,1000,0.3980166381601147,3.7269720499504375,21.114654226838823,0.8487816353853551,-0.8133320604170154,2.503847329816035,-1.2655953671951814,2.0616286435154105,1000
579,1.5728774079810939,4.350436872710443,17.101415175134655,0.6883656478123001,0.5091841609303104,3.132101435687453,0.2236807382689856,2.9220740776932024,1000,1.7686673652413774,5.187866605429365,12.38964269068407,0.7359672611875941,0.3576586345166202,3.26933384995871,0.32617153331369275,3.211163197169062,1000
580,1.8357490187599816,1.90028501726973,60.21640119777315,0.3295435298715567,1.2439495996375072,2.573724913356561,1.1898437002117306,2.4816543373082327,1000,2.2562636248685766,5.556467069297187,12.695273771731628,0.4255847930186047,1.4754788247966164,3.1130758514598575,1.4221174305521114,3.0904098191850418,1000
581,1.2493391398480158,3.0258774417013132,50.91483018885954,0.33197360540215787,0.36941171439712206,1.7787811911154372,0.5986708732597864,1.900007406436245,1000,0.8860236403043583,13.908780277263297,6.428437740698768,0.4564419687850466,0.02916667042233377,1.897527635726055,-0.008602618514333082,1.7806498991230497,1000
582,2.020650616402358,5.268864969533692,13.447177391282446,0.38992620404518336,1.3310875732722895,2.9119252912414995,1.2563952564737986,2.784905976330917,1000,1.9914794639602358,6.068387271364777,8.840513185912144,0.45512615092139225,1.2482168921792138,3.036191783030849,1.0994322081543069,2.8835267197661647,1000
583,1.9922661998898625,6.342579911938458,18.13558060864898,0.3445021253703263,1.3542664596124219,2.708487396506234,1.317042034164023,2.667490365615702,1000,1.8187925976166992,11.938973943981374,7.555327490028891,0.3823427404484875,1.1112731816082466,2.662334274490664,1.0694008263376638,2.568184368895735,1000
584,1.8510762151145435,1.8927607015660852,117.37392952301069,0.6831140965111034,1.2468444334884772,3.6655432595071753,0.5121725859527808,3.189979844276306,1000,2.7674718684787694,10.06109483396563,8.382737713758933,0.509186239139579,1.8505651177514044,3.795638714941291,1.7694668397651945,3.765476897192344,1000
585,1.6483838364343266,9.595552426761921,8.10562315741336,0.7029067144303943,0.11587798905582389,2.804981742912423,0.2706866761507538,3.0260809967178997,1000,0.1180725711150723,5.0601277629106445,18.159127654824832,1.122787434215263,-1.845747204137702,2.565446111211403,-2.082590799946843,2.3187359421769878,1000
586,1.957525304525411,3.703833651908766,18.624870199053415,0.6708872634078413,1.0826532778198574,3.939533765807652,0.6425862682460421,3.27246434080478,1000,1.9128752021683684,4.888308452867812,12.025879375339128,0.6518205837033968,1.0486051590834067,3.8156062220839635,0.6353068581097108,3.190443546227026,1000
587,1.4424120899073478,4.421740274706695,20.71519176800439,0.6354880384432667,0.609787043377421,3.000957847815783,0.196855534558545,2.6879686452561504,1000,1.667356223546408,5.953465772867389,9.174384838064666,0.6096752509292268,0.7455170932291609,3.1131684654165275,0.4723927317251233,2.8623197153676925,1000
588,2.869298002598069,7.216499609541685,13.283962249363935,0.41444375154895685,2.151557380848584,3.7465193389433424,2.0569882495621137,3.6816077556340243,1000,2.4891237144392413,13.430874657699412,4.449166969255715,0.5509818580330299,1.4997872064957263,3.641920168023895,1.4091992726945026,3.56904815618398,1000
589,1.7374439884207407,5.169991476076042,10.224888072791959,0.6488522680121114,0.46798498484109713,3.106802610600811,0.4656935431170024,3.009194433724479,1000,2.3624501182170277,6.136866404685978,5.984971086356178,0.6567971240303438,0.9506457097287195,3.606469050829851,1.0751277551175538,3.649772481316502,1000
590,1.213858963967485,5.345562399670609,29.10755086256907,0.6179625390896759,0.34829029207704293,2.559053370378276,0.0026523873517203533,2.4250655405832497,1000,1.4452578993490492,14.37932691830089,5.720611532419627,0.385910043831774,0.7556827453045832,2.2523399433464597,0.6888742134387722,2.2016415852593263,1000
591,0.4279383672501025,1.206217863304471,258.8183821336889,0.7296183340258577,-0.08582584097110385,2.305000289279007,-1.0021135674405786,1.8579903019407835,1000,1.2713470683296597,5.124813061107465,17.852011300537352,0.5215922575265205,0.49029251073428626,2.5249102289603416,0.24902624357767955,2.29366789308164,1000
592,3.514043397809703,1.001965998141881,15007.267647662991,1.06975773666015,0.6701856869283574,4.07241963089898,1.4173182339558088,5.610768561663598,1000,1.2337415439068242,3.0572012867675196,15.746567822225135,0.6239960168749272,0.17592054489921713,2.4676406419923005,0.01070935083196689,2.4567737369816816,1000
593,0.9670439250886462,8.033305154227785,11.223603871524347,0.40128543797565236,0.2806738510726388,1.8281411785623478,0.18052446665636757,1.753563383520925,1000,0.9190884606945859,9.938261307229823,7.7336574772078235,0.4030663286672785,0.23051810716066207,1.8280356710324626,0.12907845650672012,1.7090984648824517,1000
594,4.000749154474148,1.3865288145613213,252.7877125905649,1.0081846310004372,1.305960528445366,4.624714018061469,2.024707277713291,5.976791031235005,1000,2.156356703690016,5.685752878916258,11.17557024268841,0.48120321758673057,1.145009642392403,3.0072562737867643,1.2131983972200242,3.099515010160008,1000
595,1.228672925037174,2.762258294103798,53.6354064153662,0.5924277227482718,0.1579513128717767,2.4115558858714405,0.06751458845056124,2.3898312616237867,1000,0.823985065586889,6.209893535716653,9.914192029295085,1.1522252667966082,-2.1791472092175095,2.6429186152202715,-1.4343764573344628,3.0823465885082406,1000
596,1.2566532163082746,4.715099364213245,13.020077962284983,0.32160112654508993,0.7252741243208861,2.0375934045148907,0.6263150082798984,1.8869914243366508,1000,1.354027343118662,8.791647941945165,4.973319259986188,0.5158021574784689,0.5325447624198512,2.573066577283531,0.3430551144608629,2.364999571776461,1000
597,2.4962189445073357,2.146101243101884,57.57090138006678,0.7525167985730313,0.6624727968952832,3.4043918868117093,1.0212860193041944,3.971151869710477,1000,1.9447083803058653,4.008949605525778,12.088684700620705,0.757637083800639,0.4367724167661925,3.3014157173432435,0.4597396960566129,3.4296770645551176,1000
598,-0.6206658087912913,1.503074538318506,111.3580372039661,0.658506702174785,-1.1503528969795833,1.0696547775813892,-1.9113389450538698,0.6700073274712872,1000,0.03889880337595453,4.361435882321195,13.931779999577477,0.45786633645374897,-0.6218737476052579,1.20904013953695,-0.8585192160733934,0.9363168228253025,1000
599,2.509777427469274,4.921269722754274,19.568257628896987,0.6048479566542355,1.1662456713755702,3.6025771350644082,1.3242754324269723,3.6952794225115753,1000,2.319058040522044,6.884935673286164,11.93463777344468,0.6908874523123766,0.47218529913797347,3.339720026543752,0.964918633989786,3.673197447054302,1000
600,1.6898731353308425,12.513690687788303,8.347191873557072,0.6396603728775269,0.4236457596563029,2.8673182075903743,0.4361388044908898,2.9436074661707954,1000,1.0604266279384906,10.05850659325329,11.397767246321107,0.6806274347837821,-0.10051599541327912,2.700653523097573,-0.27360314423772225,2.3944564001147035,1000
601,1.7217622814206723,4.086768841976343,30.510880534520076,0.6330825034486731,0.03557211554360405,2.523685848357538,0.480920574661273,2.9626039881800716,1000,1.4121369405890816,6.604325737636187,12.30699250654787,0.5900795289406797,0.02045223310059457,2.4155966726694813,0.2555810638653493,2.568692817312814,1000
602,0.7756233657802583,4.0084211236248155,15.09181265066927,0.95370402268621,-0.29690864130319206,3.2676700339880744,-1.0936365186847135,2.64488325024523,1000,0.7221448166945423,3.562865585271154,14.52408856326088,0.9468343814624604,-0.2389866072774654,3.3001192914212614,-1.1336505709718798,2.5779402043609645,1000
603,2.2739133735923382,7.266289170743594,8.635275458265282,0.45254910665382414,1.352757225352778,3.1159913116973224,1.386917124550843,3.1609096226338336,1000,2.2041270860172926,10.530778187841266,4.8167975025229595,0.3897957665867466,1.454000085352635,2.9940531346236834,1.4401273835072694,2.9681267885273157,1000
604,2.1938605909917293,2.7056829308509314,27.74822867218592,0.7488526992109554,0.17481375236171764,2.931814093346081,0.7261093005382566,3.661611881445202,1000,2.3543351407044555,2.3551336970220924,33.608763664351464,0.5768755583858565,0.7964291668441805,2.917813556872186,1.223659046268177,3.485011235140734,1000
605,2.4966296301897803,3.426644475613482,20.01063791497204,0.45036551536241487,1.381879933249461,3.2573340758090255,1.6139132200794473,3.3793460403001134,1000,2.572008148168897,3.767306689592369,15.287737274070468,0.49032964731763135,1.3936411511905011,3.405974000292491,1.6109620394263395,3.5330542569114547,1000
606,1.7740012032615582,4.397993543897172,30.209729117663535,0.6004503210926504,0.43594098878642984,2.730577134050364,0.5971185739199634,2.950883832603153,1000,0.7731872662325305,3.0416899409710694,30.109739162963244,0.9315646050169931,-0.1314641123872812,3.098028001259577,-1.052679359600776,2.599053892065837,1000
607,1.8775596450227863,1.0966150890349704,527.89441696807,0.7167121493529243,1.0933266555519137,4.012811405055965,0.4728038322910548,3.2823154577545175,1000,2.7735895446272214,7.31101720393139,6.86692719683429,0.8983004490043498,0.7959138865103639,4.516566324674124,1.012920664578696,4.5342584246757465,1000
608,1.304264791131224,3.9154828268560635,12.576919571946954,0.5038422413896851,0.5009194573608338,2.7078314712500564,0.31673399800744106,2.2917955842550066,1000,1.582492483818808,5.130745030949848,6.952655494440793,0.563942947673692,0.1362740224181448,2.490167845825109,0.4771643063783715,2.687820661259244,1000
609,1.8916296959025187,5.758492464897437,8.71619962467441,0.29182700500390624,1.3425317556501128,2.473664755161422,1.3196487660948626,2.463610625710175,1000,2.175454997291969,5.400299535615235,7.54103045466687,0.4053890934975775,1.285475217481035,2.788656204471642,1.380892374036717,2.9700176205472206,1000
610,1.8615267908346738,9.758269166830166,8.633114754548641,0.3534821319739918,1.1698573791370173,2.586810676209054,1.1687018121656498,2.5543517695036977,1000,1.8877390259250513,10.959074722708841,7.229200938723506,0.3793298363591995,1.1623251504177086,2.6738038538112754,1.1442525466610203,2.6312255051890823,1000
611,1.574645308150978,3.8221068574087815,37.02063136072799,0.2883357070126821,0.9463803867531572,2.045911363076821,1.009507322406121,2.1397832938958348,1000,1.3679754222652285,11.701139279111262,7.255085786647886,0.3032602320323157,0.754234336160565,1.920054291003637,0.7735853674818897,1.9623654770485675,1000
612,1.756315078130458,7.846838418610816,5.863551752357525,0.2656773277529778,1.1884743401383695,2.208195727029547,1.2355875157346214,2.2770426405262945,1000,1.764376952123087,9.882516986287229,3.470719502421315,0.3496669415975972,1.1242090084116654,2.542031129972883,1.0790297465917966,2.4497241576543773,1000
613,2.2512376478256413,3.5692636829638755,36.35289549594692,0.4213336306347298,1.3516744952337634,3.001797564813293,1.4254237317815708,3.077051563869712,1000,2.1227296823020025,11.198808277724746,7.192545328980907,0.4251168584490231,1.2765362640768065,2.935592461625371,1.2895006397419173,2.9559587248620875,1000
614,1.861702197930014,2.7912417812515753,27.573882727376702,0.29879523229998745,1.2455481245493998,2.3947093574474865,1.2760635426220386,2.4473408532379892,1000,1.5500553540904698,3.822694127404293,14.358145043472957,0.4832370228042429,0.8845687224383854,2.8112457743763164,0.6029107893941537,2.497199918786786,1000
615,2.020244475554983,8.608516867470152,5.690643973593886,0.5607506113178349,0.9544342711289546,3.086469811036608,0.9211732773720265,3.1193156737379395,1000,1.2090584282566692,6.261483099710165,7.374739543545623,0.762943292000475,-0.2643187139082833,2.8369460233692596,-0.28631042406426177,2.7044272805776,1000
616,1.0062734976763912,4.691967448600309,17.786038081044396,0.37990771551824676,0.37795438595205016,1.7846601260245,0.2616543752606275,1.7508926200921548,1000,1.0821200510402453,5.785163536333281,9.84007317334906,0.3861408600463481,0.3835014166113666,1.7944684903748298,0.32528396534940307,1.8389561367310876,1000
617,1.1029417401349852,6.498006197681926,10.585538804419325,0.487159366921182,0.06350610292724743,1.9335870915942168,0.14810938096946857,2.057774099300502,1000,0.8848704279230063,8.500463404754786,6.645232998151496,0.43179776810305487,-0.027281146491116737,1.6732457350902836,0.038546802441018824,1.7311940534049937,1000
618,1.5699184401623558,1.3307351952251376,107.78448055798046,0.35193256261947425,0.7562359755939021,2.127503099590018,0.8801306174281863,2.2597062628965254,1000,1.5104441012251477,3.044092072371089,22.46157235928391,0.3774482391695046,0.7356527532916798,2.188263062573296,0.7706455524529188,2.250242649997377,1000
619,1.032180247478468,6.759118628753219,6.023408977618571,0.528256840878794,0.1484927145585811,2.296369795988027,-0.0032031606439681948,2.067563655600904,1000,1.1959425152162715,6.765056772199707,4.772081525490962,0.6212094386939643,0.0038937949851417996,2.4634923014453336,-0.021627984623898477,2.4135130150564414,1000
620,2.4353780069370807,2.979435382672469,46.042515622177994,0.41508757891449805,1.3603810168056694,3.028817366751778,1.6218063522646646,3.2489496616094966,1000,2.14950151793047,10.917259659460413,7.47109789184279,0.36473222895723406,1.391352524616041,2.8284689562008873,1.4346263491742912,2.864376686686649,1000
621,0.9439150644810035,2.7267166689856936,33.2341831580607,0.6891155116933545,0.22749855657243567,2.619249636737358,-0.4067513384379713,2.2945814673999783,1000,1.0231311044026887,5.567031240117372,11.309162360680457,0.9775445649783816,-0.7116328180444899,3.2500551024298,-0.8928562429549391,2.939118451760317,1000
622,2.236450333293588,1.2532633993325886,355.157369288186,0.4461741650454004,1.4214994168274346,3.208561352020215,1.3619489698046032,3.1109516967825726,1000,2.36294045740557,9.927684544770015,10.87163320806175,0.5987539231798359,1.0056861883962913,3.329564365321574,1.1893827679730915,3.5364981468380483,1000
623,2.0435459880989426,8.75559255002731,4.422435840837041,0.5309183714502832,1.0810653597322513,3.140060171270811,1.0029459800563876,3.0841459961414976,1000,1.9495603387092717,9.180731922644132,3.354812859159535,0.5215216933771654,0.9706716350811889,2.9858937927021185,0.9273778196900275,2.9717428577285157,1000
624,1.4019636276002991,9.54698232748362,7.178370452189214,0.405653221217236,0.5843277093594533,2.1744440675643695,0.6068833140145166,2.197043941186082,1000,1.3346542117350997,10.149239643384146,6.1943706161642265,0.4480591250863853,0.42067074224459944,2.206427409388499,0.45645832656578456,2.2128500969044147,1000
625,0.7832218378154205,8.977172755382329,12.30051702344658,0.8598907878575306,-0.9367629404872809,2.2627358845646044,-0.9021641063853394,2.4686077820161803,1000,0.5463394775015862,11.809179875759371,9.942675493918275,0.6253772334753127,-0.4910661070627764,1.9097488433330398,-0.6793999001100266,1.772078855113199,1000
626,-0.373003247673787,1.0337645247976837,1611.6533732826115,0.8920863658156354,-0.8785615624059209,1.9702867395602959,-2.1214925246724325,1.3754860293248583,1000,1.0518795327225432,15.623719615292043,4.197520488375192,0.4922396902638314,0.06407116298663006,1.9605271415979115,0.08708973980543366,2.016669325639653,1000
627,0.8781538496892505,3.9850508052393776,28.363767109265737,0.4754677014584394,-0.11479005841015555,1.9394977967107931,-0.05376284516929075,1.8100705445477918,1000,0.7844751348266537,8.761365070960077,9.791972931491289,0.5465969605856991,-0.3637490753812193,1.687959690423012,-0.2868549079213165,1.8558051775746238,1000
628,1.5937401517182535,18.035487714114783,2.33207680293443,0.4478430930123311,0.6974343150129872,2.4394451668092105,0.7159676894140845,2.4715126140224224,1000,2.011056372490377,12.0542550571507,4.313751817206471,0.7147734221196947,0.37291820508142715,3.155459475996455,0.6101004651357755,3.412012279844979,1000
629,1.9155351611159999,5.696262231851009,23.267003186842373,0.3779054704796466,1.2673556769919005,2.8049254166435738,1.1748404389758926,2.656229883256107,1000,1.8446753049456661,11.261438281604345,10.330514838767588,0.3702730933533202,1.0540761345861744,2.4918025062416223,1.1189400419731586,2.5704105679181737,1000
630,1.8685590940040784,6.388006828360657,17.908111931208044,0.6578894319637504,0.29320264590313777,2.9191214163392902,0.5790958073551276,3.158022380653029,1000,0.8348757836045361,5.8503716112434745,19.65578020570346,1.0189989556456625,-0.7199019855064256,3.0713283970973553,-1.1623621694609625,2.8321137366700344,1000
631,1.1875036266326704,6.1290132128080845,18.095207419900113,0.6119503938543076,0.35982432573386536,2.9537361011526566,-0.011919145321772406,2.3869263985871134,1000,1.3212671268691176,5.732284050629511,19.423546176317814,0.7626023495534637,0.07481255713413283,3.1650678994759898,-0.17343347825567124,2.8159677319939065,1000
632,1.7779712763843625,2.09909455988286,38.43597010476682,0.7379775344895758,-0.33881213451218073,2.7137773269314325,0.33153530878479387,3.224407243983931,1000,1.5194096974823275,3.839305307958418,18.62450858493898,0.7145111119123797,-0.015378334660921688,2.8469604837059266,0.11896791813406327,2.9198514768305914,1000
633,1.0382675963455898,6.361142831180405,10.88293069939809,0.4844784789887426,0.11042780881024505,2.035717805866628,0.08868977752765439,1.9878454151635254,1000,0.42684034877599797,4.739476925023331,14.70002470755858,0.6026352600752274,-0.4595082233189447,1.990901338991196,-0.7543247609714476,1.6080054585234436,1000
634,3.3187447539885846,1.9483344142573582,60.41290483180294,0.7879178398588701,0.9955472018938648,4.0981130305071245,1.7744257878651992,4.86306372011197,1000,2.5744887615844605,10.303910030088733,3.889379246328255,0.6972201320073523,1.1071227456135382,3.8976638149749507,1.20793730285005,3.941040220318871,1000
635,0.8708267546168391,11.223918084026034,3.34679169377854,0.633787737108887,-0.33475966748498254,2.1537351006380443,-0.37139721011657945,2.113050719350258,1000,0.9471728279646552,11.781568507052581,3.0679660846552297,0.6174027717964616,-0.11794851704804984,2.3330280525129674,-0.2629366047564097,2.15728226068572,1000
636,1.92916037255807,2.1729299765952446,74.95469982316929,1.1536492691225773,-0.7337288886430993,3.1862854329198105,-0.33199219492218135,4.190312940038321,1000,1.179184519075282,6.194882134952712,12.594066266902438,0.894401269845556,-0.4238378452149196,2.8703781128792745,-0.5738419698220076,2.9322110079725716,1000
637,3.7281518431407745,1.6947905219066444,97.04301182518432,0.869643461234977,1.472344714038875,4.299725682945415,2.0236506591202197,5.432653027161329,1000,1.6776979237710767,7.775201627758432,8.364244916446612,0.5901811403457392,0.5402403133862695,2.8938988242500363,0.520942888693428,2.8344529588487255,1000
638,1.6310045420013712,3.792234240481462,25.45863861873928,0.63023305484215,0.8289374082693469,3.060916033717666,0.3957477545107573,2.8662613294919854,1000,1.6523588912284815,6.728302392515971,10.614869540949778,0.7148224422695929,0.40170606350642496,3.213211465466113,0.2513069043800793,3.0534108780768836,1000
639,1.8028189119498084,2.7954335849998713,46.56798707540224,0.3641710109300523,1.0664256734979032,2.524279875884221,1.0890437305269058,2.516594093372711,1000,1.680241352385036,7.071830259729834,11.988262867682645,0.4366935611129606,0.952598376675435,2.7220849515750314,0.8243219726036332,2.536160732166439,1000
640,1.7139075953084224,3.6508175425213047,33.41569659086164,0.5053199298050873,1.1050224222378968,3.0649312913557862,0.7234805328904512,2.7043346577263936,1000,2.3207462880510694,8.442871189770912,10.771269899925018,0.475748148248008,1.4529863808164214,3.318671729069387,1.3882799174849738,3.253212658617165,1000
641,0.669359510481419,2.453673542022693,69.97045089350678,1.1859093590610201,-0.4295096415833091,3.3301316057395463,-1.6550228332781804,2.9937418542410184,1000,0.6534772912864164,2.6274356519259094,46.401808362084246,0.9574093483153735,-0.09149969220378243,3.181165368923894,-1.2230450314117156,2.5299996139845486,1000
642,1.2388386705518994,4.326893553754392,19.36924687278413,0.6630144386857401,0.22555439974920038,2.862048184050403,-0.06066962927215114,2.53834697037595,1000,1.269797939087881,5.9692923378999225,11.919516857834289,0.69180980515469,0.13523833963323648,2.9651739096745473,-0.08614927901531133,2.6257451571910737,1000
643,0.4728960304009562,2.218255380525431,44.11914438945982,0.7303129689931472,-0.2304256614018988,2.6726616384672224,-0.9585173888256124,1.9043094496275248,1000,0.7146207477781916,5.5272213848575085,12.788514326917817,0.9167522443927676,-0.5676923660110572,3.0374606307527756,-1.0822136512316327,2.511455146788016,1000
644,1.43240655697071,7.927390161580929,8.074569486661435,0.8533176247282446,-0.05766300441197992,3.1322308103885126,-0.2400959874966493,3.1049091014380696,1000,1.1912031054414316,7.456494786669884,8.922536719973872,0.8668409097525175,-0.1764988876029455,2.9985344712138646,-0.5078050776735026,2.8902112885563658,1000
645,2.4655629687415312,2.187596441788848,80.22196824128535,1.1762419781781213,-0.19142589613223193,3.4350339601028548,0.16012869151241382,4.770997245970649,1000,1.3327149918755232,6.349774483466344,16.60923090118249,0.6880770816373522,-0.1570363923759436,2.3631937854663803,-0.015916088133687056,2.6813460718847333,1000
646,1.950346040173121,2.6958373758857994,104.47908887365705,0.4626375156180691,1.0291780646052158,2.7546430052084263,1.0435765095617056,2.8571155707845364,1000,0.3059761334099751,7.487450944704124,9.46764073583453,0.8285422856261415,-1.2853962631339886,1.8689994756110109,-1.3179667464172622,1.9299190132372124,1000
647,0.13156674492437803,3.3986524679343977,51.34213083496166,0.3850521830545971,-0.37456893212872133,1.3201376437113816,-0.6231355338626323,0.8862690237113884,1000,0.39213203072871816,7.34947401799162,9.380961652942208,0.3973340062515293,-0.15629882133413675,1.389680411600899,-0.3866426215242793,1.1709066829817156,1000
648,1.2594547838444974,3.9458880655961113,30.005963369586905,0.7090936068276324,-0.11243839662046602,2.514226683717573,-0.13036868553766223,2.649278253226657,1000,1.3938243080839448,4.289638026372203,23.759922377315505,0.6667467422046464,-0.1814880061004952,2.5164432044161,0.087000693362838,2.7006479228050515,1000
649,0.43453898060843144,5.411116971037953,14.17329298439558,0.4712873353605882,-0.28400215206781604,1.5524563640978308,-0.48918419669832147,1.3582621579151843,1000,0.06467583178331404,4.34365083997784,17.036116146043963,0.6393887485950764,-1.3286538536971126,1.434924148444872,-1.1885261154630358,1.3178777790296639,1000
650,1.4342704852356987,4.747447234589662,22.18256181741457,0.6032887854405121,-0.2682908094933933,2.2380457070802526,0.251824465772295,2.6167165046991023,1000,1.3064829023879967,5.940032303798616,15.366102958603234,0.6848947260413726,-0.47836710180499115,2.4068154970710602,-0.03591076065309351,2.648876565429087,1000
651,0.12117575378976664,4.805327256407663,17.775037325877204,0.6517287582576804,-0.8043757437530924,1.8163078217645527,-1.156212612395287,1.3985641199748202,1000,0.06418708970783094,4.340204551870664,20.10293708382872,0.6620157998450933,-0.6470769868467745,2.029974314430368,-1.2333638779885518,1.3617380574042137,1000
652,3.0810578648279234,4.971983505816203,17.51985837729151,1.0247419266484925,1.023162337154771,4.483973035395183,1.0725636885968783,5.089552041058969,1000,2.4736561530015875,9.149748454114063,7.524864937999625,0.7093845220497492,1.0425933897706328,3.6274498278700325,1.083262489784079,3.864049816219096,1000
653,1.7420911448690897,11.424268103159534,4.0303595510641115,0.37313787155434636,1.002752953837055,2.477713541941705,1.010740916622571,2.4734413731156084,1000,1.6751499643519596,12.100604833892335,4.117935331179417,0.4147795767275236,0.8086285559802242,2.454795414300736,0.8621819939660135,2.4881179347379057,1000
654,1.3947576780306792,2.7988038527024757,27.379034483886798,0.6989574732100601,0.6757001336421553,3.1462170053940643,0.024801030538961433,2.764714325522397,1000,1.1979168629812726,2.16197823206646,37.121109812060936,0.7155382865939469,0.657613667602562,3.3338608984254847,-0.20453817874286329,2.6003719047054084,1000
655,1.3470601911914308,8.559730649941283,13.197514725238959,0.6401528261010535,0.0527918752756685,2.559031161733744,0.09236065203336596,2.601759730349496,1000,1.6379532555165341,12.483397103421895,6.5379985119323925,0.5727559925368629,0.497390908114629,2.8484250470622916,0.5153515101442827,2.7605550008887856,1000
656,1.795510875817171,7.62584411591743,10.858286880002723,0.4326260670192506,0.8544457184669039,2.625947552474427,0.9475637844594398,2.643457967174902,1000,1.7534613218731203,8.539183409919959,9.187669324232314,0.43898853758734313,0.7651910782548458,2.5162573787023383,0.8930437882019278,2.613878855544313,1000
657,2.6407047865790907,3.553940585749675,38.083710047865374,0.43739154811361597,1.6728583549839535,3.2888320454110618,1.7834173522764034,3.4979922208817777,1000,2.2976639173432214,17.065224265252766,5.095236225156639,0.3076814270718476,1.6690699040642885,2.904215800953241,1.6946083202824003,2.9007195144040425,1000
658,1.384215313958353,4.3018529431501324,16.231577244885287,0.4967667969109556,0.21924919637603646,2.318441852490294,0.4105523920128801,2.357878235903826,1000,1.306103249134552,2.722452488629307,28.485029311883526,0.5759928216814847,-0.11292409654889139,2.3684025297599005,0.177157318638842,2.435049179630262,1000
659,1.837860853055238,3.063061115027987,39.12993562942244,0.43014475442378935,1.2050233075602435,2.8773543715130248,0.9947771343846109,2.680944571725865,1000,1.7950833891787716,6.407905879918743,13.49022985256405,0.4058447538779769,0.9268022771797856,2.6152537400982263,0.9996276715779369,2.590539106779606,1000
660,1.7468131241053821,5.457854770893437,16.39822392134044,0.36676762056771056,1.0956643591563648,2.5041121194074587,1.0279485877926695,2.4656776604180948,1000,1.8225161572623532,9.359841250710826,6.228746452913419,0.39123966200887256,1.121466095356659,2.660162169387663,1.055686419724963,2.5893458947997434,1000
661,1.7417338114012042,1.812883554742217,87.3362346433626,0.5056492499888315,0.5241696917052787,2.323905054576039,0.7506612814230944,2.732806341379314,1000,1.5350711306429177,7.452294537635693,8.379763976581584,0.4762932428223015,0.5249118980957711,2.3452248144599315,0.6015363747112067,2.4686058865746285,1000
662,1.645521366423408,3.2747365067864433,23.143610308678912,0.9111654574825687,0.1258299031308807,3.2436083747952966,-0.14036293024242652,3.431405663089243,1000,1.4311091438027064,3.6730714933694975,20.577487160722903,0.7061085219666206,0.31976370336210014,2.9068743131106087,0.04713644074813006,2.8150818468572827,1000
663,1.1705862657892954,9.841693400264258,7.688372893996764,0.5719277089715339,0.07979117543316946,2.3044542270072377,0.049607956205089065,2.291564575373502,1000,0.5570621167669834,6.164791777853484,10.266884319785913,0.5055747290400874,-0.3417739007455626,1.6902796957566681,-0.4338643521515879,1.5479885856855546,1000
664,0.8062827741181962,2.0712698654831434,64.86298716910352,0.5294970502218144,0.2072016360301141,2.267762981936274,-0.23153144431655992,1.8440969925529522,1000,1.400461440722839,11.194871140182544,7.656323442781952,0.49029322794430746,0.6776695052947406,2.5574141301378486,0.43948671395199645,2.3614361674936815,1000
665,1.5409764894562594,14.384082537694955,4.937272289752633,0.5388321317979693,0.5617029604453828,2.6371471002658984,0.4848655111322395,2.5970874677802795,1000,1.3212670209724555,16.125642511738803,3.5846959810332817,0.5884294953518799,0.1949019520247211,2.5276828701922267,0.16794521008277097,2.47458883186214,1000
666,0.5875430975537335,1.9046784542897266,120.48463669647424,0.44321827425244165,-0.08520190189153994,1.9606376829419245,-0.2811647199810522,1.456250915088519,1000,0.7348232213550585,6.554394953147902,10.558284061324292,0.7075890803966505,-0.5121599226698441,2.3649302121998894,-0.6520513762223763,2.1216978189324935,1000
667,1.8140484657120415,4.429027664272485,38.26909863220994,0.9045730016930059,0.36548062560730177,3.7603792770264053,0.041085382393749814,3.587011549030333,1000,1.3349647775950033,14.038205407249828,5.51093714053988,0.46699530597811545,0.483440705113515,2.2941259106487957,0.41965397787789704,2.2502755773121095,1000
668,1.3096016414408331,7.093731344617247,13.324322893404311,0.5032644789437942,0.22498618141722526,2.1264727221751962,0.3232032627109964,2.29600002017067,1000,0.9786050073707431,9.285793236388422,8.039691905115717,0.4761953982219877,-0.004395051383994461,1.862486006814344,0.045262026855647175,1.911947987885839,1000
669,0.16862886984398529,1.3085345019539287,155.91983108966105,1.1740513457308492,-0.4554757962691356,3.1972720185526025,-2.132511767788479,2.4697695074764496,1000,1.6824604346823038,7.318310661713317,11.561028228404632,0.6577552716970413,0.6929656908203261,3.2494646365453654,0.39326010215610285,2.9716607672085047,1000
670,1.1017493092667734,3.1051351968569048,44.1635206609146,0.7154140420012619,0.26149587899865795,2.989494176874549,-0.3004622130557,2.5039608315892465,1000,1.701980370468147,11.714140952010192,8.217747687701296,0.4880326369308948,0.8166754625592931,2.7776277238491716,0.7454364020835933,2.658524338852701,1000
671,1.3951914402922423,1.879118264501527,45.876928161578476,0.43076503372063524,0.8848382325367956,2.465686820075477,0.5508919741997972,2.2394909063846873,1000,1.7184489321600698,4.042798683735836,12.558782936345949,0.38647761652904017,1.1091874992820012,2.5520999545212706,0.9609528037631511,2.4759450605569886,1000
672,1.2720489926748524,8.715407441058138,5.227367044086347,0.4800639011249781,0.5050877150858382,2.36225296348505,0.3311237464698953,2.2129742388798093,1000,1.0753185187952061,8.706216278715537,5.876166691147231,0.4826543770834536,0.22770425872078678,2.197694045534602,0.12931593971163713,2.0213210978787752,1000
673,2.7240921158547478,2.245115405070108,84.18662690216507,0.6865901224371227,0.8158254815616025,3.4197104450137163,1.3783754758779874,4.069808755831508,1000,1.8746611343706885,6.781368422908353,9.359850686876909,0.5667852859392575,0.6628180083295532,2.9376528225349094,0.7637619739297439,2.9855602948116333,1000
674,1.936037836948527,1.9644303373732592,75.92451979724687,0.5351655413934153,0.4838719871865315,2.5743997898378876,0.887113375817433,2.984962298079621,1000,1.7914873585496198,6.213786464523572,14.049391100173764,0.5475870637704378,0.46303905073257634,2.6150712561177785,0.7182167135595618,2.864758003539678,1000
675,1.5829381952293282,7.257471248446091,8.2745222385399,0.6376368505305872,0.3993248291409795,2.971648645830706,0.3331699681893774,2.832706422269279,1000,1.3450036126294675,7.609195988578591,5.713185834391173,0.7063288720067342,0.0474728077673683,2.903788376869152,-0.03940097650373153,2.7294082017626664,1000
676,1.6209023930948896,7.439030512196216,13.792722564988924,0.5396225601608302,0.47826740993867767,2.680940564251923,0.5632421751796624,2.6785626110101166,1000,1.47332965111856,9.474010179707633,8.073756483346127,0.49550166584161554,0.45126194089684446,2.4516202070338107,0.5021463860689936,2.4445129161681267,1000
677,1.10796180377708,1.3861081597206069,87.53982097481148,0.5285139808533609,0.545134639117158,2.569012343165839,0.07207440130449272,2.1438492062496675,1000,1.308276711438558,3.3929994144716003,15.9051880281565,0.5483525518329504,0.39119645371599565,2.5798468145874076,0.2335057098459754,2.3830477130311407,1000
678,0.38884359444907624,5.082865108465164,16.76055707906966,0.8229627211571917,-0.8029009859770382,2.2977005659270056,-1.2241633390190194,2.001850527917172,1000,0.6453103421196249,7.449219809439858,9.55614409525031,0.7048258069081718,-0.5499068915543189,2.188219960293073,-0.7361482394203918,2.026768923659642,1000
679,2.7339985077419913,10.938372769523582,5.458567863392651,0.5162795745601484,1.5811954580527001,3.6310149709600448,1.7220905416041004,3.745906473879882,1000,2.255319363922488,12.904243267660181,3.9280434258653365,0.6730653973047732,0.8074021731159398,3.4685017341170994,0.9361111852051327,3.574527542639844,1000
680,1.2212917839954758,9.051056671498664,9.01924895312919,0.31234842170666255,0.6589202157337095,1.858739983420703,0.6090888774504172,1.8334946905405345,1000,1.2927359798682874,11.250381601533565,6.51762964946284,0.3427274664493738,0.6879525876748662,2.0107587837739067,0.6209901456275148,1.9644818141090599,1000
681,1.8219465871389837,6.523853956635904,10.802132714555547,0.541347228956149,0.4542344313400361,2.649704078310908,0.7609060183849319,2.8829871558930353,1000,1.2172542847782846,7.91612383901673,6.240138610164869,0.840221415597523,-0.5145021755478798,2.8796246201219233,-0.4295796897928603,2.8640882593494297,1000
682,1.625877708398853,1.4980186637353416,157.57051567064488,0.4949563471100567,0.43133044143841437,2.3042384384777677,0.6557632680631418,2.595992148734564,1000,1.0517316071487557,2.63294530094831,28.66058848272322,0.4889971196058951,0.07810810880662994,1.90154842854335,0.09329725272120137,2.01016596157631,1000
683,1.0974885546060666,4.090850592503352,26.855838141228382,0.5404725800226046,-0.1010527012296247,2.017778114974152,0.03816229776176172,2.1568148114503716,1000,0.9590289281519371,6.767562333841151,13.626799906630309,0.5042729473614969,-0.10908668286638114,1.8771874184361508,-0.029346048676596737,1.947403904980471,1000
684,1.9672814488377264,1.9050000913975877,112.07520402622865,0.36153644342732116,1.2766773808891856,2.7603766283833826,1.258670019720177,2.6758928779552758,1000,2.1473755945174835,7.310477607724574,7.617520883275938,0.4283735195775276,1.4309734833667114,3.054511523937769,1.3077634961455293,2.9869876928894374,1000
685,1.1388604913301095,6.870675143718347,15.075537056628793,0.4276762400886817,0.3382904928800715,2.015636636349024,0.3006150607562933,1.9771059219039255,1000,0.6779809989765067,3.010841591749464,36.64384874982265,0.3619120773770517,0.1817970157360411,1.5398436353728864,-0.031366672682514696,1.3873286706355281,1000
686,0.985297041112158,1.55636691919743,123.03055674945738,0.5308094424865638,0.3585627075115429,2.413560453764493,-0.05508946616150712,2.025683548385823,1000,1.9942180618061804,9.211246890426311,11.78805044747061,0.7117274042042657,0.4829355583405062,3.2764655442334645,0.5992323495658196,3.3892037740465413,1000
687,0.941655435148387,2.1040100026029918,61.37237765012683,0.6974784743558422,0.18933894606104187,2.6500083572240754,-0.4254023745890636,2.308713244885838,1000,1.589164755300108,7.579945329685454,11.695394710515831,0.5203668305797013,0.840674581915673,2.8180312871977047,0.5692457673638933,2.6090837432363227,1000
688,2.4202265325996897,9.414301878172198,5.479752335023687,0.6115024072887912,1.1453521847405126,3.6573989750422755,1.221681814313659,3.6187712508857204,1000,2.2575424402838484,9.916926733718782,4.607745690156974,0.6542519024873348,0.9618635054866098,3.6287683259691756,0.9752087114086723,3.5398761691590246,1000
689,1.4539922195486694,2.253869908322506,76.67272516977026,0.781572821877617,-0.05327115285984249,3.283160771353392,-0.07789051133145986,2.9858749504287987,1000,0.8251224535007495,3.537288018783696,30.86382181517512,0.8184346741668159,-0.17417517857162318,2.963051248776736,-0.7790095078662096,2.4292544148677084,1000
690,2.6700807622893716,8.35325659381319,11.946266402228574,0.4046260129617126,1.8027897392396852,3.3435726933430554,1.8770137768844148,3.4631477476943284,1000,2.6810015829604317,10.945398866773415,7.327680291888608,0.44551153062387494,1.684166632723161,3.4028592326597313,1.8077989829376369,3.5542041829832263,1000
691,0.6768313485787902,5.705065174811515,13.95809710338356,0.5585620727993754,-0.4287656475151805,1.748269925177056,-0.41795031410798567,1.7716130112655661,1000,0.7138173825848122,7.503807791731245,9.638142943823247,0.48678861351904656,-0.2931220942488198,1.6473556892081325,-0.2402882999125191,1.6679230650821435,1000
692,0.836276029028328,7.720400955413067,11.048448842878814,0.4802824088063629,-0.07729826899264937,1.8163043653279118,-0.10507749223214335,1.7776295502887993,1000,0.9284908980892157,10.890818724937692,5.542617175874172,0.6672915332899028,-0.3411129015971712,2.3086404479385796,-0.37940050715899365,2.2363823033374253,1000
693,1.9828850749538491,6.279918448487047,9.137929707459927,0.5924673181202447,0.4721963883171265,2.81611101631204,0.8216491314381695,3.1441210184695287,1000,1.6408668586637327,6.547915755527082,6.269270818584468,0.7120663335320546,0.20632665924531315,3.1176198382355453,0.2452168449409058,3.0365168723865597,1000
694,2.640296687369868,3.375714575254788,30.138110772980838,0.6107675339697166,0.969718006906845,3.4448307244253016,1.4431923207892234,3.8374010539505123,1000,2.4936021276278098,4.913212037946999,11.22279074790789,0.6139306000311925,0.8988140495894062,3.3824997601502815,1.2902981515666725,3.696906103688947,1000
695,1.2725317607995303,2.7530585541825565,51.15823218426331,0.29597802126716005,0.7724440099341627,1.8420110989230363,0.6924148391158966,1.852648682483164,1000,1.4988675164956884,4.421791138672599,19.27711859087123,0.40335420723728743,0.7594529618303515,2.3513211306994113,0.7082932703106051,2.289441762680772,1000
696,1.742560171367928,1.962008786441653,34.72022157776935,0.3901500557893584,0.893190792071071,2.475371581092733,0.9778660620207855,2.5072542807150704,1000,1.7551212494391053,2.3309893783466777,13.513816725937689,0.5528799916391886,0.2792111031898785,2.75344308711267,0.6714764658262957,2.8387660330519147,1000
697,1.9607912346879526,1.5152591223623297,107.1822410181082,1.125971800162414,-0.6838882628054217,2.5628985989104427,-0.2461134936303786,4.167695963006284,1000,1.011914714520314,3.566371232068595,23.791898883132784,0.7887398323061439,-1.0319736919475182,1.6653402391342238,-0.5340153567997279,2.5578447858403557,1000
698,2.1831459668528073,2.578906761029989,87.49108479644921,0.5021515103146895,1.2637177054286708,3.2451458133231594,1.1989290066360159,3.1673629270695987,1000,2.0642298758762183,8.120664141028321,7.5108455402812275,0.44532295200834326,1.2363488398935367,2.9779376584225212,1.1913968899398655,2.937062861812571,1000
699,0.6828657398810758,1.9268041062453494,81.69694117033723,0.46306760070219166,0.23579977530012944,2.0223108213138823,-0.22474675749521988,1.5904782372573716,1000,1.2821341481095232,8.434454846883702,10.148161382252463,0.42948826124052264,0.47561776644648013,2.1730251150796134,0.44033715607809887,2.1239311401409475,1000
700,1.5859971582021415,1.092751349337523,271.72108279479016,0.5720595861076215,0.496171174812424,2.9647482121987707,0.46476036943120325,2.70723394697308,1000,1.641524297049215,1.7397703155819655,21.931900362333067,0.6949233090397907,0.04440666289363374,2.946139614449107,0.2794746113312252,3.0035739827672048,1000
701,1.1108040484102244,7.8570044045780305,12.367347243520834,0.427520875932266,0.35647564947355315,2.005697340041324,0.27286313158298303,1.9487449652374658,1000,1.1547609181219782,10.443515578006425,6.560507061489533,0.40709226131099413,0.48338253646666035,2.029420717183721,0.3568600859524298,1.9526617502915267,1000
702,2.11577888153614,7.783141327098837,9.494416139378664,0.38016267859536423,1.362022732496701,2.8159897196193664,1.3706600314892259,2.8608977315830537,1000,1.9809105614440208,9.672977657100784,5.271305797105906,0.4550119902769631,1.0897072707581317,2.8671797429665657,1.089087060501173,2.8727340623868685,1000
703,1.811085553431865,1.4538588596378896,213.13037292660783,0.4948598157650891,0.6021997231852169,2.401070711775632,0.8411603145322905,2.7810107923314398,1000,1.1992882926626445,7.871452887543352,8.13115813126661,0.4179537472330984,0.4849532469037537,2.1505652448541532,0.3800989480857716,2.0184776372395175,1000
704,2.7326377874313748,4.231904860688592,26.367155772075485,0.7304256279071931,0.9263870205106678,3.727492493048833,1.3010035567332763,4.1642720181294735,1000,2.0046769972514693,6.581225013733089,13.364588754746242,0.658530761904195,0.6126549072158038,3.0961224387487962,0.7139567039192471,3.2953972905836917,1000
705,2.3243429928617525,3.993113396640656,40.63501627186524,0.735219320765358,0.295919395167655,3.376736453624622,0.8833131241616508,3.765372861561854,1000,1.7652143948464065,8.300291365890024,10.35574672474815,0.6163120746062077,0.5517615007102709,2.9723866623759423,0.5572427286182393,2.973186061074574,1000
706,2.0744146019106604,1.630553932458569,163.53137459128735,0.3746607229254338,1.5637146190788207,2.9909996951414075,1.3400795849768103,2.8087496188445105,1000,2.2542147745061603,8.434807179871175,5.92964669621073,0.3987548835192982,1.51866267666218,2.905681384000059,1.4726552028083357,3.0357743462039846,1000
707,2.141722874813791,6.355524983075963,6.074102451028891,0.5384399492267702,1.335209688996514,3.310840132956951,1.0863805743293213,3.1970651752982606,1000,2.5996326217541768,7.404505975119312,4.163182711524848,0.5717163800295931,1.5765682486939256,3.7699471645974207,1.4790685168961741,3.7201967266121794,1000
708,3.04511177632408,1.3897347358902055,118.58809106065854,1.3346210699659313,-0.5556645084550756,3.6505675698528735,0.4292544791908548,5.660969073457306,1000,2.302700042464676,2.619260282310603,28.836077996725933,1.1418902230285148,-0.4799939511936771,3.413240955882969,0.06459520532878704,4.5408048796005644,1000
709,1.5229026019956167,4.120023477079485,21.91859961496853,0.6541396497386512,0.5492644137949717,2.887688120177006,0.24078888850786018,2.805016315483373,1000,0.9612082967706768,2.1020310833954112,42.67063671804687,0.7939641319141141,0.27441901319203355,2.969990136933544,-0.5949614017809868,2.5173779953223403,1000
710,1.1628782701165246,6.869425061768677,15.930007543908633,0.8126878608087883,-0.003923423319814071,2.8701698758515293,-0.42998993706870037,2.7557464773017495,1000,0.6927906408936704,5.450502808051915,16.535082111074416,0.7365984493248148,-0.2248911974484098,2.4805043802986932,-0.7509423197829665,2.1365236015703073,1000
711,1.1086816261172154,8.9916191853747,9.987787755368233,0.3333106960388481,0.459149179885723,1.8077104445868986,0.4553926618810732,1.7619705903533576,1000,0.875567707852787,11.908664509852033,4.797843370810062,0.5031386751010718,-0.12457045336870856,1.8531712365474242,-0.11058409534531366,1.8617195110508877,1000
712,2.4421792771035795,1.5750623270100068,140.8813008693056,0.6569562531802352,0.6459514977385945,3.5975836425358945,1.1545450208703185,3.7298135333368405,1000,1.2876960815527603,7.010091617320232,8.804479291900584,1.2358497625577372,-1.1961260265620113,3.1604804358886214,-1.1345694530604045,3.7099616161659252,1000
713,0.24578865095886426,2.387908703040314,61.63421230894565,0.9612830343802854,-0.763490744584021,2.3712671815639315,-1.6383260964264952,2.129903398344224,1000,1.1539863283214342,8.241375855387748,9.53802933252402,0.6836337185024696,-0.048740411420449235,2.5065818340074384,-0.18593575994340616,2.4939084165862746,1000
714,-0.7507700152088432,1.1093588906236123,941.6902728982328,1.1807733982818507,-1.27093363674639,3.0347462142244495,-3.0650858758412705,1.563545845423584,1000,1.7702034730312433,7.702989963931954,12.811518579259689,0.7100051139543441,0.6346052929693321,3.396979295348315,0.37859344968072883,3.1618134963817575,1000
715,1.4457182347316317,5.472255997346656,21.365006469856915,0.563441861740091,0.3534486002658265,2.5244891175525743,0.34137218572105343,2.55006428374221,1000,1.5214881459016256,10.450863183303936,8.887854611703496,0.4384304994748064,0.744294388775093,2.423508247078001,0.6621643669310051,2.380811924872246,1000
716,1.0134809403306544,3.297198785495548,27.570131780547086,0.8633642620059102,-0.09695403368625262,3.1348201009405194,-0.6787130132009296,2.7056748938622386,1000,1.2075785674656465,4.7677555828378795,11.005715766769265,0.7715358079699804,0.058644176402585485,3.0736827576234114,-0.30463161615551515,2.719788751086808,1000
717,1.9694983749777792,10.14703850204379,7.034124351570543,0.3300544874578597,1.2137357995784213,2.4995850188646425,1.3225915795603742,2.6164051703951845,1000,1.7183131412772248,12.507030328903383,4.465843242632182,0.3278395840553112,1.0524351081706185,2.346908316035442,1.0757475565288148,2.3608787260256348,1000
718,1.9193628393200735,2.1723455237424196,52.91780620077704,0.5744262513361176,0.8948514220274492,3.3706807513019004,0.793487386701283,3.0452382919388636,1000,1.73315193913428,5.1065436210363915,13.985970573245007,0.8511240508880888,-0.25553059925677524,3.0750368775640133,0.06494879939362597,3.401355078874934,1000
719,1.830878282100592,1.2149642929317555,230.90330616371546,0.40157304373465563,1.3855046584550688,2.884839634168808,1.0437951163806671,2.617961447820517,1000,2.1082963908982326,4.34036159489465,18.494637456056065,0.4321874599919114,1.3132248297169502,2.926788518726683,1.2612089693140862,2.955383812482379,1000
720,2.0352667120744377,7.385302238172299,11.393261014707019,0.5953494448613134,0.6689717234523035,3.1290422067799017,0.8683818001462635,3.202151624002612,1000,1.9206622530553052,10.915669104269037,5.774131774976808,0.5928765092981052,0.6580442795370889,3.0457073530343903,0.7586242948310191,3.082700211279591,1000
721,2.5082699563770774,4.0319813369190065,19.586718606055467,0.5352115761632923,1.0475169758143277,3.321575876045678,1.4592552670970245,3.5572846456571305,1000,2.239262411624612,5.2690933134744595,11.782385095290048,0.674710795649499,0.7862924076044191,3.55304622268334,0.9168292521515937,3.56169557109763,1000
722,1.3134160032376367,6.904043626276917,16.82467704231309,0.46757241851655984,0.5380466748590939,2.3080905337771656,0.39697406294517945,2.229857943530094,1000,0.9040686797752202,13.536630209985619,5.129266963845853,0.7510282864022547,-0.8144183749701894,2.1602914662280974,-0.567946761573199,2.3760841211236396,1000
723,0.9848122851989982,2.9511768897534223,46.650644476294545,0.49402285622828884,0.3099957005801759,2.3290145368681467,0.016527486991552154,1.9530970834064443,1000,1.2429619310295785,3.9870293899038844,22.693554262232677,0.4500832136347034,0.47825213502438807,2.2732701754161244,0.36079883230555987,2.125125029753597,1000
724,1.3895533203316621,7.632161419907575,16.087090004901135,0.7903303020743949,-0.08101722104222003,3.130137131364403,-0.15949407173415198,2.9386007123974762,1000,1.768267491234706,10.75211493966589,8.617648519886815,0.5601538355826098,0.6564121377159031,2.787187270536723,0.6703659734927909,2.8661690089766214,1000
725,1.8396214805894808,16.141038321961933,4.501074192007765,0.4324110667933117,0.9471725596263324,2.6976560427403324,0.9920957896745899,2.687147171504372,1000,1.1907260727408742,16.611596037413573,3.330730584696711,0.5454906346747209,0.12358129660474969,2.2030502535169565,0.12156442877842122,2.259887716703327,1000
726,0.9776300705861842,3.3788943044992052,27.650701800670703,1.143717174043032,-0.4870725937346177,3.5551909608135888,-1.2640555905381585,3.2193157317105268,1000,0.7384875565754532,3.0327951832770954,31.290240487806525,1.0630601836492364,-0.5464514932061872,3.498319203192301,-1.3451104033770502,2.822085516527957,1000
727,2.030796485318616,7.479012681295802,11.501698010164091,0.4958619518859721,0.8092687513875731,2.8235160597132696,1.0589070596221108,3.002685911015121,1000,1.5620363162924495,8.101159763830985,10.350649543287243,0.6517173162589809,0.40414969735005823,2.879470749230109,0.28467037642484705,2.839402256160052,1000
728,-0.238576336796263,2.185014169133152,81.94166290588647,0.780759541851526,-0.9479575375192256,1.852123757317977,-1.7688650388252538,1.2917123652327278,1000,0.6987168005940709,7.03518309562196,9.676149711715318,0.4405671784952564,0.06465447934254442,1.819331079639819,-0.16479486925663156,1.5622284704447735,1000
729,1.304098245588944,4.983527904974653,19.94060864644617,0.452177079901587,0.2868441361849384,2.0408498933628296,0.4178311689818335,2.1903653221960546,1000,1.2443724540866024,6.973164268871262,12.964079598096943,0.46161800680277576,0.2771517751107259,2.0335793080005997,0.33960116075316193,2.1491437474200428,1000
730,-0.043408330447975985,1.9611326086151697,95.2521339043414,0.7762013323948652,-0.7677178447260481,2.161673074529094,-1.5647629419419118,1.4779462810459598,1000,0.7308363709330847,6.730814992052707,12.30698218933903,0.597817209987229,-0.3588321281034793,2.0523254669602444,-0.4408853606418841,1.9025581025080536,1000
731,1.4148613197297533,5.764018284464507,19.388785061255263,0.4980028393050681,0.5756390368653052,2.610693721705947,0.43877575469181973,2.3909468847676867,1000,1.3300896030257712,7.014208112166668,13.017976904270316,0.7687128434921667,0.23832356924638445,3.0204341613216887,-0.1765875702188755,2.8367667762704176,1000
732,2.3385150638221917,1.4297044879319594,183.23242023557685,0.4884868745837647,1.0919158358462764,3.140991278033044,1.3810807896380128,3.2959493380063707,1000,2.053733830496922,7.203544344606229,7.842856014336609,0.5883390917220263,0.8259168908114024,3.1240732452761097,0.9005892107217508,3.2068784502720935,1000
733,1.331779845678721,3.0930844012980763,48.56630997484969,0.3530623820175894,0.5934708653471932,2.0119137412326733,0.639777576924246,2.023782114433196,1000,1.4708685815313538,11.276839530398396,7.286774794429311,0.5032219343651155,0.5400394503113546,2.4825112585733273,0.4845535901757274,2.45718357288698,1000
734,1.0353790910145073,2.6326674412188624,48.33001438419065,0.4118356527840332,0.4633136939033031,2.189635403374814,0.22818121155780224,1.8425769704712125,1000,1.0666644562188607,5.340286459793391,13.233694051682276,0.403657017971769,0.3353356878433114,1.9106377017105782,0.27549670099419354,1.857832211443528,1000
735,2.070274347123177,4.355659244597543,17.19253277639089,0.5664673385133427,1.3216561311684272,3.3299859362595505,0.9599983636370251,3.1805503306093286,1000,2.5107885371570786,7.376397296065972,7.729376094575914,0.7216036131597173,1.3597821723261208,4.122071149502503,1.0964454553640326,3.9251316189501244,1000
736,1.9197807862041658,3.4869537902547654,28.817374835671306,0.7358538160059512,0.16425483323907206,2.9736781039345392,0.4775073068325013,3.3620542655758303,1000,1.8161149308041535,3.9310487425031817,18.334760927337935,0.7579645409439222,0.20623554601671282,2.979493870841177,0.3305044305540661,3.301725431054241,1000
737,1.6151474053109607,6.33483943253481,11.010149147288733,0.5561545571724781,0.6939008079018201,2.9351742117078152,0.5250844732529036,2.7052103373690177,1000,1.5173970743065528,6.085789014056379,10.981756465575767,0.5070204531155121,0.7451177442329768,2.7977294879393293,0.523636986200149,2.5111571624129567,1000
738,2.838092844353048,5.20372845587304,8.764516932636266,0.8578592274515711,1.059173396757472,4.270142290518735,1.1566887585479688,4.519496930158127,1000,2.3974066585887908,6.137970184463786,4.193749254468581,0.6638562679399648,1.0012295101489936,3.472769220143706,1.0962483734264599,3.698564943751122,1000
739,1.7302860742690207,5.537272477582977,20.993837917409863,0.321018771650521,1.0079128537627013,2.3000303514553293,1.1010892818339997,2.3594828667040417,1000,1.7146689630784802,10.669643672820598,7.74783478983751,0.35800542244680605,0.9415345120727754,2.3855704869375653,1.0129783350827402,2.41635959107422,1000
740,1.7498867934573712,1.6463210789111824,154.9312537924242,0.4094644432878641,1.0902621662850043,2.670171984047223,0.9473364846131577,2.552437102301585,1000,2.1141103671933776,8.386338410351737,8.577645951852704,0.5575076581385724,1.0269953693065803,3.213227935533043,1.0213953572417758,3.2068253771449795,1000
741,1.2970857054525304,1.6364798293727807,192.1668488733425,0.5028678099612772,0.5963655983721476,2.4673841493811537,0.3114647979284271,2.282706612976634,1000,1.831473817997884,3.5285133048499224,29.133408568409457,0.4781126799695495,0.7837202254281319,2.6023413973572174,0.894372965257567,2.768574670738201,1000
742,1.2242715868437575,2.1034401492272625,51.88277194625839,0.9456036999828163,0.42253028965736356,3.8594353701796584,-0.6291116651225626,3.0776548388100773,1000,1.4562100284140636,2.9911989303228443,36.296074176004375,0.7784933783836592,0.29936444451969835,3.2459920196145506,-0.0696369932179084,2.9820570500460355,1000
743,0.8659114825887191,3.53146687829143,8.438409446013296,0.8263423274193197,-0.7317754208441866,2.2999576432763074,-0.7537194791531474,2.4855424443305854,1000,0.8033073262852579,3.2567263123404104,9.384690020040098,0.8408820413776297,-0.6847600186623122,2.3205933025230516,-0.8448214748148961,2.4514361273854117,1000
744,0.12322410641078774,2.31915242903873,117.61955265733043,1.2560551358218586,-1.2488904225021513,3.128294319900986,-2.338643959800055,2.5850921726216303,1000,1.8791847859293367,10.728182191374406,4.140993992018401,0.571611023841884,0.8973329602289827,3.2429700028960573,0.758827179199244,2.9995423926594293,1000
745,0.7017220252414806,3.6104983793742647,28.03262866181278,0.7412474564760936,0.10165693560918647,3.131338344408701,-0.7511229894516627,2.1545670399346237,1000,1.4577045545109362,6.234604422541033,10.766082056636176,0.7010055245257564,0.5990640144815241,3.493323833143102,0.08373372644045363,2.8316753825814187,1000
746,2.0400171713385573,3.7005579761254026,29.07721186107976,0.42552696985602184,1.2795881155106856,2.9585510357201223,1.2059843104207544,2.8740500322563602,1000,1.5928551316250312,6.922517251650594,13.383794784432716,0.6773427960945734,0.08828147383080752,2.8686462233062913,0.26526325127966754,2.9204470119703947,1000
747,1.7326140111311747,4.616331800551814,14.358596111969677,0.5007560611110835,0.5809266537942195,2.6146445281478026,0.7511321313534511,2.714095890908898,1000,2.1016495502502415,5.796718043113971,6.423713119374086,0.7481772616332594,0.2610722360584923,3.2763225500322806,0.6352221174490531,3.56807698305143,1000
748,2.466589911368054,1.2564131467829638,159.96705686301394,0.7231663208359532,0.35788932198776857,2.99375724235592,1.0491839225295856,3.8839959002065223,1000,1.0917313623162705,2.599091783797931,29.49317588309972,0.682616656874203,-0.013186212042514306,2.611404414478856,-0.24619728515716743,2.4296600097897088,1000
749,1.2211461571967714,1.4868478725512955,114.44253259820795,0.35627318649428097,0.4566733416274444,1.946984871677715,0.5228507116679808,1.919441602725562,1000,1.081285587440405,4.061908954211524,24.751509038154158,0.5354621130017755,0.0484212356824427,2.017831948777181,0.03177984595692518,2.130791328923885,1000
750,-0.05257460369228051,2.3703390295072952,50.65442234125651,1.3042162020571726,-1.29156840119915,2.7515957711877297,-2.6088383597243388,2.5036891523397777,1000,-0.5066475085035771,1.952991103284431,56.037367104720914,1.0393188630157744,-1.2445889119763391,2.3136465139375613,-2.543712480014495,1.5304174630073408,1000
751,3.008140891034489,3.4747831441494217,26.046107091439797,0.9334579251218424,0.29370754224658446,4.091094872831818,1.1785633577956778,4.8377184242733,1000,2.1011578211940356,5.694687827290833,10.450288597565784,0.8137090915188173,0.2670619709041532,3.4977411216521896,0.5062880018171536,3.6960276405709176,1000
752,1.6590610297160748,5.764712719448329,22.175916966372373,0.4275109048966781,0.8508334241568034,2.5036342303286196,0.8211396561185857,2.496982403313564,1000,1.5748562707154752,9.785489254171374,7.1948717180554045,0.3714403646413642,0.8197635559994239,2.316170428258688,0.8468331560184014,2.302879385412549,1000
753,1.3049005529678368,2.8727371997829882,60.22327926807551,0.5780308906154328,0.357622856523841,2.578388001666214,0.17196000736158856,2.437841098574085,1000,1.5137783870778803,9.884882678050444,9.672839414631504,0.504474734116317,0.6402988146240669,2.5781801501129995,0.5250079082098988,2.5025488659458617,1000
754,0.3880023481352586,1.7772040964542322,52.25171554210879,1.333739579735908,-0.3272040661779275,3.703628743374013,-2.226127228147121,3.0021319244176383,1000,0.3600496252992125,1.7421521206519386,51.12747387108734,1.2619170011533025,-0.15776666126768385,3.945061533683557,-2.1133076969612605,2.8334069475596855,1000
755,1.6757008541017093,5.354893423376243,14.230990025856155,1.0170598270782927,-0.7403206846044471,3.391555949022568,-0.3177364069717443,3.669138115175163,1000,1.0065528952352,6.012276073697144,12.033175660021906,1.0066472032130789,-0.6235183896440213,3.1952866348704427,-0.9664756230624345,2.9795814135328347,1000
756,2.7959778657583536,5.341840172228954,29.07062762149894,0.7052623552935193,1.428858182064247,4.182208995011193,1.4136636493830557,4.178292082133652,1000,-0.1266252604291176,5.6145014611138,17.751942762834915,1.0477947614651328,-1.9432302915610933,2.7405104829119553,-2.180302992900778,1.9270524720425426,1000
757,1.7016637599837443,5.514572618194521,18.34208621157578,0.3592909638914243,0.8559533260796596,2.290233681176792,0.9974534707565527,2.405874049210936,1000,1.73558739988969,7.756755745808558,8.717534894386235,0.4303651552097689,0.5704429866276313,2.3458222994897837,0.8920716956785429,2.579103104100837,1000
758,1.2331478688704116,10.264046976010466,7.796811635050705,0.4210653119937286,0.29838362328214374,1.965790254736714,0.4078598573627036,2.0584358803781195,1000,0.9924250223441593,12.19633726608031,5.736478937361715,0.3863885419705407,0.22569171372302543,1.7850808779097,0.23510348008189963,1.749746564606419,1000
759,2.1506169742097123,5.35415903433306,20.599198559288155,0.4107660422032203,1.1630805279667435,2.8036919882203155,1.3455155314914005,2.955718416928024,1000,2.0280417425653927,8.43142957274929,9.014488703866185,0.5223909374796313,1.0190314330864882,3.1145555776152407,1.0041555051053155,3.0519279800254697,1000
760,1.6281292484311685,7.344691947804123,11.553340726163144,0.566507321088228,0.4613251101869673,2.691013721215233,0.5177748990982416,2.7384835977640956,1000,1.453830289405304,10.901678332504416,5.487174340772952,0.6044880129746139,0.30042025365695346,2.805651579116625,0.2690337839750607,2.638626794835547,1000
761,1.1432855623710412,8.340342488010887,9.12538452681663,0.3993986602604255,0.4471722788904008,1.9805335017528933,0.3604641882606072,1.9261069364814751,1000,1.208596079987445,9.868592598614981,6.652177587413239,0.4171224639480449,0.44128203568846197,2.1225497078266633,0.3910360506492768,2.026156109325613,1000
762,0.15912101887981578,6.514990607747245,14.063756811904085,1.5404092245477834,-2.4542363657033297,2.8919805508760987,-2.8600810612338394,3.178323098993471,1000,-2.5161268734813795,1.7402823467637627,68.63007163187503,2.0025851055611836,-3.6378204588572918,2.5982421463741066,-6.4411936803813,1.4089399334185404,1000
763,1.9161224108560688,7.079104658675702,13.081440336379547,0.5804218967886324,0.7974112453684035,3.118232550979162,0.7784954931503494,3.0537493285617883,1000,1.9630779397690101,9.597174042661953,7.008949427116907,0.5107539012343553,1.0019306343981411,2.9776577885714066,0.9620002933496739,2.9641555861883466,1000
764,2.473403874464417,1.8791155729075777,16.051848642118433,0.5464003537247053,1.0020796003000154,3.1357283846523236,1.4024591811639948,3.5443485677648394,1000,2.771647714572728,1.7860335392159874,7.633329037071653,0.7480857878400808,0.40780379540871686,3.5682721645103967,1.3053995704061694,4.237895858739286,1000
765,2.0256551838379955,8.377682519936892,8.693133367594685,0.38676076450996344,1.2743867694897002,2.778833352864614,1.2676040853984671,2.7837062822775236,1000,1.947618570370992,8.501018594155557,7.654391673771498,0.3761360313003146,1.247240939195597,2.713602288932743,1.2103919490223753,2.684845191719609,1000
766,0.975319436716702,4.463788778978742,23.648222321708584,0.4189522031055608,0.1935128348258502,1.8104114884938567,0.15417311862980276,1.7964657548036012,1000,0.9602619520460345,6.674977248218562,9.777451280238216,0.41763958998084816,0.15468669619181252,1.7930721793286013,0.14168835568357208,1.7788355484084968,1000
767,1.9236863284752324,7.878381648207764,8.72519471076956,0.475786279664167,0.6823221467471071,2.589716716365721,0.9911452203334651,2.8562274366169995,1000,1.3570571779114446,9.381570418146508,6.870476772738581,0.6578137773241374,-0.0734133775956682,2.624201217314685,0.0677421743561355,2.646372181466754,1000
768,1.8892075463884344,8.069914332824412,9.304700676445036,0.6954558422218795,0.44280413295345494,3.0614845369485884,0.5261140956335506,3.252300997143318,1000,1.757407354393326,6.81465608650707,12.828739058085128,0.7828708735587916,0.24481506272659545,3.1772617558136207,0.22298044221809454,3.291834266568557,1000
769,2.3415018967473817,3.8886803154828575,27.44515024304816,0.5136715882764413,0.90007276958246,3.0431899714096637,1.3347055837255568,3.3482982097692067,1000,2.252865806134843,6.974266454335182,12.67866128580035,0.5245584016242978,0.8541512748944872,3.018401913919287,1.2247313389512196,3.281000273318467,1000
770,1.6851004138154126,2.2451052551520045,96.75273325881967,1.191392116665966,-0.19102905661424663,4.214097448174929,-0.6500281348498806,4.020228962480706,1000,1.285133519993808,2.6912794112958562,36.5869052081009,1.3738200276550612,-0.3267551276785664,4.35238246157151,-1.4075537342101119,3.977820774197728,1000
771,2.236016951948943,4.750309805484471,19.67412174043043,0.6575231100980152,0.9224505806643755,3.4195294346211558,0.9472716561568333,3.5247622477410525,1000,2.3153117429600174,6.659302529913604,9.429054936912507,0.6789449171238662,0.9529655511313959,3.6177395619449086,0.9845797053972398,3.646043780522795,1000
772,1.6481866533358873,7.100128500854159,7.003036880157217,0.6248949170497055,0.5095301817399482,2.9193183123991076,0.42339261591846467,2.8729806907533098,1000,1.6599151701077957,7.14155618675134,6.500584357954009,0.708436894912047,0.36295667004192944,3.0856969818989204,0.27137885608018353,3.048451484135408,1000
773,1.6534984436235356,5.952938460449777,21.990532262613335,0.33230371356570887,1.022415753511888,2.3146500190325647,1.0021831650347464,2.304813722212325,1000,1.4611199582309955,13.997051413777186,4.989817219532071,0.3540652104737754,0.7579220027824438,2.150790290455749,0.7671521457023956,2.1550877707595952,1000
774,1.3436031803500077,4.760939520708609,15.813801007083628,0.7412584799878646,0.11512264874349794,2.939554411162649,-0.10926344042620695,2.7964698011262223,1000,1.521422064903705,5.829723132456481,11.414111833656493,0.6473444817984761,0.4370427346782732,2.8871585354517535,0.25262688057869176,2.790217249228718,1000
775,1.3915077119725567,3.873974203635287,29.623558005565773,0.3645715157763291,0.594651614369311,1.9779474285766585,0.6769475410509517,2.1060678828941617,1000,1.2043296471701057,9.242320249836856,10.269154851677978,0.38333153127361586,0.4262388429559184,1.9390394300425229,0.4529998458738187,1.9556594484663927,1000
776,1.2422411806875717,3.990433637029809,20.02171236399293,0.5379653353047192,0.4023145097080813,2.5625193613640698,0.187829123490322,2.2966532378848212,1000,1.321308996787074,5.72852121504216,11.988843603024764,0.5248687839426425,0.39207462806934074,2.447480169873892,0.29256618025949477,2.350051813314653,1000
777,1.398826629543744,3.0351150847291115,33.382038249321965,0.526327957534571,0.8044445637225155,2.975893524848984,0.3672238327759849,2.4304294263115027,1000,1.9255373146347932,5.151712023586051,11.430145654302292,0.5518965270862339,1.0752980689926521,3.266633557101806,0.8438201215457746,3.007254507723812,1000
778,2.025548519098782,4.440369060725184,26.038070499479307,0.6077473277454827,0.2585168946894222,2.959261093521016,0.8343637567176359,3.216733281479928,1000,1.3054639476745244,7.765993763321922,9.884760232505773,0.7099220132027936,-0.08904099652713675,2.6497200329737254,-0.08598319820295086,2.696911093552,1000
779,1.2068483815380922,9.654716443542366,2.696420117131121,0.6267509320595555,-0.12953031529535058,2.4874730870539516,-0.02158344529863654,2.435280208374821,1000,0.9184545473996515,9.617498714213887,2.1622271060194294,0.8334803837507607,-0.4885968234575415,2.825221441126954,-0.7151670047518395,2.5520760995511425,1000
780,0.5846106668186659,1.163298678256298,324.2394169926327,0.5105927594558881,0.12189589215983299,2.039620543333497,-0.41615114171487466,1.5853724753522065,1000,1.4177454904944384,7.983668975761916,7.97197964885157,0.41862360587576386,0.622687497788396,2.278773310404047,0.5972432229779413,2.2382477580109357,1000
781,2.615099356221698,2.3909809431983464,64.1813375880549,0.3974030554133442,1.4151663788877222,3.105061112413041,1.8361893676115435,3.394009344831853,1000,1.760712829655176,4.202251076979006,15.525675391665873,0.5361331791151998,0.9114519204967935,2.9257540710259304,0.7098917985893844,2.8115338607209672,1000
782,1.663467536755577,4.881320588900755,12.434855261504524,0.4624601902847208,0.9440145546016724,2.664534766007249,0.7570455637975242,2.5698895097136294,1000,1.6478182722648653,6.602236426738236,8.42111732768207,0.49422884047699184,0.7882639055679685,2.7359623038466494,0.6791297449299614,2.6165067995997693,1000
783,1.0465345433091722,5.252535507727056,18.205920317012307,0.529103870796292,0.16057665729492182,2.2548586543440714,0.00949095654844001,2.0835781300699043,1000,1.2155015730955911,6.416371626211828,11.167108953519248,0.5063932585798852,0.30567931208962346,2.409952304323216,0.22297078627901623,2.208032359912166,1000
784,3.3776215169040693,1.5025501063948972,60.83092153933015,1.1738152499688455,0.3856742102697011,4.029466932112896,1.0769436269651322,5.678299406843006,1000,2.9777818268251397,2.273335753502201,24.38639745554749,1.0102141799795095,0.46660097375441983,3.876528363349183,0.9977620340653013,4.957801619584978,1000
785,1.8049663957368303,7.722136637792878,6.300459757476978,0.5636301201810183,0.9541010112420792,3.244900536625612,0.7002513601820344,2.9096814312916264,1000,1.843684602498682,7.080571017109906,6.911772300412711,0.5948787953572786,0.9628172484190465,3.39666965521725,0.6777221635984159,3.009647041398948,1000
786,1.1178482104205132,10.84910058035177,8.469429456966393,0.46191393145341125,0.2317993444998524,2.041153007271149,0.21249690477182714,2.0231995160691993,1000,1.2086090935865559,11.889965594607666,5.15763073456045,0.42521479609836194,0.41109047470186555,2.063380622500695,0.37518809323376645,2.042030093939345,1000
787,1.6762211564630165,4.65226859312352,17.424131724701898,0.8071590197692833,-0.3733563610945242,2.6837909263642654,0.09418947771522124,3.2582528352108118,1000,1.369529196693685,6.611359185800328,10.089948173051992,0.7206668564010761,-0.417036342427921,2.3517732048003386,-0.04297784185242426,2.782036235239794,1000
788,1.7609539516756894,1.4441831969564367,82.97103895164956,0.5284353182111736,0.289315150822177,2.3899533059942684,0.725220727981789,2.7966871753695894,1000,1.5759598794482,2.6076598081744526,29.003452425486493,0.5308200278453352,0.3011153792690049,2.3814604454582144,0.5355526248713429,2.616367134025057,1000
789,0.9269846223899314,5.642991903640198,22.690547282715762,0.3879209388728616,0.0887790340038111,1.6021780660025264,0.1666595821991227,1.68730966258074,1000,0.7258461387257236,9.804457224732243,9.039078170668452,0.3659730256155943,0.06277469533547948,1.549032992673073,0.008539008519158786,1.4431532689322883,1000
790,0.71682401611818,2.95213941853034,24.319282798094495,0.6879083242161514,-0.33738606726631337,2.491918509396955,-0.6314762993454768,2.0651243315818366,1000,0.8610004681207157,3.1676235043345753,24.944178389101644,0.6679164376165276,-0.2868365831438786,2.411367534544321,-0.4481157496076784,2.17011668584911,1000
791,1.9703174099393017,4.3718650599114595,33.63334363504505,0.48084234841160434,0.7858509835391687,2.8626495699417682,1.0278664070525574,2.912768412826046,1000,2.154365220878699,8.564208936852223,9.422441179510827,0.5380051439077332,0.8177827802814983,3.031422117304986,1.099875138819542,3.2088553029378564,1000
792,0.9924070242152665,6.909666126127008,11.253955405711094,0.33466960908719323,0.35128168319553127,1.6644115821742347,0.33645459040436776,1.6483594580261651,1000,0.8823266449265001,9.078275528933212,6.939897911808442,0.3944078800675446,0.18956000268292522,1.7028001431722612,0.10928719999411274,1.6553660898588876,1000
793,2.223234919524732,4.700812563966836,15.167621430106458,0.525502894095887,1.1511809405383342,3.1983208394492455,1.1932492470967935,3.2532205919526707,1000,2.154125361688225,5.649782863016935,11.674716010763444,0.5416706150095613,0.8156908033858554,3.024648711448223,1.092450956269485,3.215799767106965,1000
794,1.8539526139123075,10.286727108544138,4.949375553051235,0.6324084153637785,0.6998559292055099,3.088844558606057,0.6144321197993017,3.0934731080253135,1000,2.0782476159560948,11.287418189093676,4.270908156462061,0.6434319946320879,0.7248275320121362,3.2538160259656963,0.8171209064772025,3.339374325434987,1000
795,1.445577572138279,8.01041648230207,15.375404110341046,0.39708160498772543,0.701740213291567,2.3047209044726418,0.6672976263623372,2.223857517914221,1000,1.622117134354921,12.661081188217556,4.323478093076889,0.40715825885622375,0.8282142368854768,2.4011166530562913,0.8240869469967225,2.4201473217131193,1000
796,1.0839601916296462,4.85258697883028,24.48643285439956,1.197095285790568,-0.7645619680832604,3.507329201982279,-1.2623465685198667,3.430266951779159,1000,0.4758150949460407,3.7942772895678822,32.03398324712988,1.1247721490476894,-0.9082704583798565,3.413084920125838,-1.7287383171874304,2.680368507079512,1000
797,1.9431400973546127,2.8258066126628485,51.386625594353255,0.3844271305777409,1.1704358977978802,2.7056564848153193,1.1896629214222405,2.696617273286985,1000,1.7713554108660432,8.172690638446275,11.524760892594768,0.4451604315059486,0.8750710548189848,2.6234997577436867,0.8988409651143839,2.6438698566177026,1000
798,1.478932928850337,5.278094780730732,14.005292039274195,0.41806031372716096,0.7820487972992849,2.4766445246556206,0.6595347139451015,2.2983311437555725,1000,1.2045065564800743,8.578359662003079,8.286749775746713,0.933460207223293,-1.126410166757706,2.9267077295955426,-0.6250754496775801,3.034088562637729,1000
799,1.63928902037958,9.746295928224741,7.622160942041243,0.36317370851680086,0.9804101419603167,2.4271812935263934,0.9274685516866503,2.3511094890725097,1000,1.5629828038473117,10.39359610440821,6.655303660371074,0.3569940522741505,0.9186260330209166,2.3016341454619673,0.8632744613899768,2.262691146304647,1000
800,1.7763723276505994,9.680898225095325,8.5086319128643,0.3006796329607442,1.1646289796671916,2.370137560506955,1.1870402470475407,2.365704408253658,1000,1.3875001743375779,12.717336529428607,4.577070483057014,0.4669700268111209,0.42024133789987084,2.2413573578703296,0.47223892178778104,2.3027614268873746,1000
801,1.9379011757211613,5.591398316405077,10.898796111061175,0.7008254590732411,0.3118916253883534,3.094842357822539,0.5642832759376086,3.311519075504714,1000,1.9144939948875046,5.15240168058124,9.386603191390265,0.7347571054139925,0.29491718700948677,3.057153298564586,0.4743700682760792,3.35461792149893,1000
802,1.5434338827528984,4.58922110926736,22.517102206066568,0.7336906131043439,-0.07142976543621361,3.0149216257693006,0.10540028106838428,2.9814674844374123,1000,1.4889486111421601,6.048195626968226,11.626900123525315,0.798822072194619,-0.04187483859719042,3.266604615812792,-0.07674265035929295,3.0546398726436133,1000
803,-0.0016468100963407117,2.296045919668749,42.39088152642336,0.6875967409398475,-0.6221195463328034,2.271309735422508,-1.3493364223384416,1.3460428021457602,1000,0.49157684960626247,4.799242060445525,14.046966616568142,0.66249487228677,-0.5723708563607899,2.243900224923465,-0.8069131000758065,1.7900667992883315,1000
804,1.9585363579347965,3.3695970024468047,34.59236622941855,0.44719900246765687,1.218845586558795,2.9638808604170896,1.082026313098189,2.835046402771404,1000,2.0839272244672253,8.493483756378254,7.16569548942379,0.49139234583778524,1.2068102601558404,3.1825985316640035,1.1207982266251664,3.0470562223092843,1000
805,2.2836514539722823,10.206071040017557,5.632545077306173,0.4694085169712219,1.3670510767000883,3.21688332516605,1.3636107607086876,3.203692147235877,1000,2.129810818715414,8.933946077338993,7.377748705844409,0.5103274961795284,1.2283793487414734,3.1609497805880404,1.1295689262035384,3.1300527112272896,1000
806,1.7006926585721027,2.3775466017526155,32.80549386300743,1.084470078974035,0.6313879498627564,4.480442360304563,-0.42486869621700585,3.8262540133612113,1000,2.0804846425327184,3.6647247981772204,12.393173774441902,1.1318626477272895,0.3725748523433924,4.51569431121089,-0.1379661470127691,4.298935432078206,1000
807,0.6475504357133555,3.099053487530967,9.70038177294985,0.80752446130391,-0.4333875489985176,2.7171303795790913,-0.9351975084423081,2.2302983798690192,1000,0.6956832449265207,2.8509857808268366,10.874349423301329,0.8891571036960854,-0.46582993279061596,2.9273010414202534,-1.0470646783178066,2.438431168170848,1000
808,1.1929033777439737,8.618065758452193,7.367962023533215,0.3542730113746984,0.5924787971398143,1.9530350888432348,0.4985282754495648,1.8872784800383826,1000,1.3431752745700625,10.146517277166652,5.409572245790513,0.40114590713176035,0.608602737207738,2.166798042734204,0.5569292965918122,2.1294212525483127,1000
809,1.2862124742740872,1.2978894279957636,182.0066383217642,0.7093237825933896,0.6748796511318951,3.30110890514624,-0.10406213960895627,2.6764870881571308,1000,1.8599891158582382,9.015827582371099,6.935938197473966,0.6367540783986518,0.6596269275330247,3.064555289511322,0.6119511221968807,3.108027109519596,1000
810,1.361358197203439,8.338725952937677,10.492228164423933,0.4465911917224416,0.4601733851152809,2.3068159260144703,0.48603946142745347,2.2366769329794245,1000,0.2620678214870782,3.103421495831467,42.37498468948759,0.7753905344665442,-0.7050367680384417,2.247573878205645,-1.2576976260673483,1.7818332690415046,1000
811,2.026420598683658,9.898224044116917,8.149599719667101,0.4268352768525409,1.2508496985274078,2.9288878226135293,1.189823456052678,2.8630177413146383,1000,2.0474431481160225,11.218439729481753,4.435309879145429,0.4966898076963842,1.2502756357836828,3.1455662867762237,1.0739311250311094,3.0209551712009355,1000
812,1.7678327062326584,5.714425242918413,10.916416562445985,0.3747973758359044,0.9830154265611318,2.447386065126265,1.033229849594286,2.502435562871031,1000,1.854319930263124,4.9316400746341715,11.283567989860206,0.4167171884316298,0.8441660926720526,2.514710305664854,1.0375542409371294,2.6710856195891184,1000
813,-0.663931636454071,4.360061310688175,16.16146100669686,1.5027361999951367,-2.8216428912283185,2.6436749890518647,-3.609294588444539,2.281431315536397,1000,0.46709188476538044,4.751602566862599,13.407637303240367,1.1210049120720444,-1.672947120529967,2.6571559826796864,-1.7300777428958267,2.6642615124265876,1000
814,0.6935298338057423,2.021207184128212,79.26625884660766,0.5737250748604099,0.15918879068852812,2.1939889775704287,-0.43097131292066115,1.8180309805321457,1000,1.1641641075718192,9.962461079108905,9.746526352946654,0.4832898231289509,0.38491775805769224,2.3092240624534996,0.21691605423907545,2.111412160904563,1000
815,3.194938212212177,1.1727225068528295,258.4470030941591,1.028594558472597,0.5079986270825113,3.608598337297515,1.178892877605887,5.2109835468184675,1000,1.3866765002231158,10.376087712228765,4.592585737172305,0.3843232431087301,0.5159724585974433,2.0278890759692705,0.6334029437300048,2.139950056716227,1000
816,2.0461708300621435,3.18437994453851,44.43271682059726,0.6839987974844546,0.2935574492288911,2.913011861253902,0.7055331869926125,3.3868084731316745,1000,1.535961386358371,7.650736078346548,11.991530118580783,0.5750410440813944,0.28919070492094984,2.669991381697153,0.4088809399588378,2.663041832757904,1000
817,2.00400976013805,5.169324098397706,25.200218181630035,0.5764604143856538,0.5760471657324647,2.9217754764664807,0.8741473479421689,3.1338721723339313,1000,1.3213899458919236,7.893215217008278,10.18184798062496,0.5501335989366828,0.33064300282793907,2.4989368972053767,0.24312809197602525,2.399651799807822,1000
818,1.6864538321034659,6.569638676413046,6.676649114987937,0.38142987796142,0.8760055274783898,2.3727193012667382,0.9388512712990826,2.4340563929078494,1000,1.7176994057951953,7.765846089271853,5.002081720022108,0.47726163271535,0.79128091359992,2.6717636587421727,0.7822666056731093,2.6531322059172813,1000
819,0.8112186411153144,7.691765112313024,12.62383760470232,0.5116452473573737,0.017518825824792035,1.975008447655297,-0.19160604370513812,1.814043325935767,1000,0.6667254303534749,7.267223494113558,12.45749802930862,0.5176236250463822,-0.015200428232519143,2.0061302530401934,-0.34781687473743417,1.681267735444384,1000
820,1.7651320687726573,2.6931067926173693,20.042651602475143,0.926728670145442,-0.15787073536175453,3.142334393678886,-0.051256124712409035,3.5815202622577234,1000,1.5985492262388623,3.1900210382188177,12.454841666752248,0.8510048028295593,-0.10647019276759512,3.085590085413694,-0.06942018730707389,3.2665186397847985,1000
821,2.224677892084706,3.726308018938247,30.326116556556762,0.7044945427328366,0.7192065262152902,3.189101933507799,0.8438685883283461,3.6054871958410657,1000,1.6343736587448683,10.107231909976122,5.230437777987235,0.5033172227371709,0.6229723919758484,2.5364234771563177,0.6478719021800132,2.6208754153097233,1000
822,1.1843504661118947,7.326337961334811,15.00901254133674,0.5202917535761803,0.377934813286637,2.365250627514613,0.16457862910258125,2.204122303121208,1000,0.9721843318590715,11.513688716230723,7.592002579266019,0.9181201621069941,-1.5555059718086661,2.4009367083937465,-0.8273311858706369,2.7716998495887797,1000
823,1.2428994482807325,2.659372717761366,77.63210468256082,0.4189846772095235,0.3918020302001557,2.168868255178748,0.42168948095006653,2.0641094156113984,1000,0.8965519196803602,10.241621103822009,10.412261033786438,0.5039891162122614,-0.08693430067389858,1.8283961170514385,-0.09126674809567215,1.8843705874563925,1000
824,2.356068500981876,2.9110910424728207,47.12799221997452,0.5643904334750987,1.033022321765648,2.988048747954015,1.2498632513706827,3.462273750593069,1000,1.6804951106842527,9.094490623509474,11.313468088571852,0.3474701127380993,0.9246351773624149,2.3456048334907478,0.9994536897175781,2.3615365316509274,1000
825,1.7978877561942597,5.912668198533527,10.87790154490831,0.6081043554723905,0.5339752823392534,2.800615950235407,0.6060032194683742,2.9897722929201453,1000,1.7692004726929904,6.018963263405242,10.679654326332013,0.5940183750791632,0.43912831342513275,2.719589265316076,0.6049244575378305,2.93347648784815,1000
826,-0.4430384817059725,1.1938065870933214,329.34492986822585,1.6545548675618724,-1.1558767838138906,3.774579086110604,-3.6859660221272423,2.7998890587152974,1000,2.0995987508672447,3.0691152429844,23.620224481988256,1.2504010108145542,-0.4588214086028026,3.660232045058565,-0.3511872303292818,4.550384732063771,1000
827,1.4107686450124715,12.721662828841389,3.7191346802707796,0.6311038940077388,0.23942904916410765,2.85826738256179,0.17380501275730342,2.6477322772676395,1000,1.2949011576767717,11.450042934736848,3.945604134779047,0.6326474163196814,0.14567018942459728,2.7636588037933723,0.05491222169019627,2.534890093663347,1000
828,1.645608026415702,3.041507994793647,33.96742447886894,0.36861826478775817,1.0156856091322406,2.427185600866594,0.9231162274316961,2.368099825399708,1000,1.65867999689133,3.0048734324459447,26.983746383608768,0.42225312610782845,0.9079425131999903,2.5380585123174977,0.8310638697199862,2.4862961240626738,1000
829,1.0000248391650766,6.396135850259838,20.73378286933821,0.43492965239174697,0.33874998420794084,1.9711624024504453,0.1475627204772525,1.8524869578529006,1000,0.9961152254432155,10.297039314152322,9.645775837507962,0.34463994914466595,0.40941356889862834,1.7838262891445915,0.3206209251196702,1.671609525766761,1000
830,1.9807029642598346,6.249444769471756,4.671738193391603,0.3127380817054163,1.4194325157542167,2.6730204690637507,1.3677363241172187,2.5936696044024505,1000,2.1561589912964867,6.297437878498646,3.5035333910069664,0.5866372390235961,-0.1769668599249741,2.8295672864098895,1.0063500028102383,3.305967979782735,1000
831,1.3927552491806516,7.7565604204223835,7.794893444864373,0.46543555429928185,0.4052338354554692,2.332244000539627,0.4805015627540592,2.305008935607244,1000,1.091129066875387,9.500927825747079,3.4612542850853205,0.5269092604635135,0.10876252462592209,2.2115987726747606,0.05838691636690063,2.1238712173838734,1000
832,0.7369094610953344,4.135074549540053,30.986432045987204,0.6614796640249917,-0.28313422142054,2.03358890356347,-0.5595906803936492,2.0334096025843182,1000,1.1310926442923512,7.812267381147252,13.304684755859146,0.4887924216961658,0.1780908927119405,2.040623520038109,0.17305949776786622,2.089125790816836,1000
833,1.2028771603359738,5.073271527324069,31.69307784258776,0.6609289737672829,0.07318676453739315,2.652172225909416,-0.09254362824790063,2.4982979489198485,1000,1.1210250785418503,9.637739673209579,8.567254394103271,0.5063624292254209,0.1645399880038418,2.130553929749875,0.12855471726002543,2.113495439823675,1000
834,1.7866436240456378,4.407084210570034,33.668194637088234,0.404026499101221,0.8540884205172778,2.491966005507691,0.9947516858072446,2.578535562284031,1000,1.7709238087898795,8.729879316700755,11.232790240840293,0.407502211454857,0.9607360594889324,2.5471090081945853,0.9722194743383599,2.569628143241399,1000
835,1.6669851186759972,9.844618501084817,6.421381646861178,0.41615791045250083,0.8468785017470569,2.4799770479718157,0.8513156141890955,2.4826546231628988,1000,1.3847006086023517,7.938849258877731,11.565128298028071,0.45087786787879497,0.6875914454344667,2.411501789975332,0.5009799875599136,2.26842122964479,1000
836,1.3786594060151085,5.527322446376071,18.58154653288607,0.4373455483112772,0.6675294148868881,2.448877892932172,0.5214621313250052,2.235856680705212,1000,1.030331621632188,6.206140480193191,14.552019515670658,0.6152409459465974,-0.15378569395582076,2.472597153135298,-0.17554063242314277,2.2362038756875187,1000
837,0.7093436182980632,1.4328866832350875,130.21673904469435,0.5309911772747978,0.07138547358334818,2.2425332422531024,-0.3313990891605405,1.750086325756667,1000,0.8289235791088356,4.253164907842039,19.437722341445564,0.47123854711442353,-0.024551517151535886,1.96212653520691,-0.09470397323543445,1.7525511314531057,1000
838,0.21002682569959008,1.8541178963083553,61.63202794277643,0.7814113357340825,-0.39185382137081304,2.5252742648728415,-1.3215393923392116,1.7415930437383917,1000,0.6572539801494899,3.3362469940263644,26.848936896414834,0.7143977071022182,-0.12470133197053215,2.6594656655676197,-0.7429655257708576,2.0574734860698376,1000
839,0.6461731074518127,1.5002150015025186,138.73104275732777,0.7271064759821555,-0.011923950698585466,2.6180674548381155,-0.778955585473212,2.0713018003768373,1000,1.2133406402281923,7.713122790870766,9.906919652011686,0.5682908521379115,0.31725382771331273,2.5367098341022105,0.09949057003788564,2.327190710418499,1000
840,1.4418187115407308,10.629120022804264,10.452323384172868,0.48116311716591514,0.5861748533858527,2.475984589186819,0.4987390018955371,2.3848984211859245,1000,1.7493983589208542,12.486611956785142,7.51199148371668,0.5574271997740894,0.6612611850560363,2.889173428938167,0.656841047363639,2.841955670478069,1000
841,1.6566835039981465,6.454420756782832,7.072546507996114,0.8553733889960269,0.12476304408149713,3.405163892045087,-0.019848338434066193,3.333215346430359,1000,1.7118071379216047,6.723157706968994,6.341080991446415,0.8134022589276497,0.18793128626749472,3.4140554891691646,0.11753871042341113,3.306075565419798,1000
842,2.510660293768851,1.5178675422319576,144.03869877651948,0.37736838768424125,1.758383390399168,3.2472582097291838,1.7710182539077381,3.250302333629964,1000,1.7768053711838072,12.895148021832123,4.6985464626952345,0.7149154544629233,0.19804697362291665,3.034747591911512,0.3755710804364776,3.1780396619311366,1000
843,1.8550590164874328,2.020052956834703,99.5117008196311,0.2830914465791908,1.3059336946197158,2.4068040467388427,1.300199781192219,2.4099182517826465,1000,1.804874261467599,11.065899099448846,7.838976348602567,0.4658078291947809,0.9271934616282539,2.728830058482353,0.8918909162458284,2.7178576066893694,1000
844,1.7402031083052478,6.418571702339215,13.257571177231359,0.5646418245643091,0.2723959259774382,2.6187533552946065,0.633505132159202,2.846901084451294,1000,1.7823631230674934,7.936109349938352,9.375874267139945,0.5395338209805918,0.5240237964001934,2.7456188762023985,0.7248768339455336,2.8398494121894533,1000
845,0.27312122678959927,3.6363359144638703,30.799250444905386,0.7922927857386999,-0.8400199634844443,1.9649553899296612,-1.2797726332582524,1.826015086837451,1000,0.4250793682689422,5.282061530074106,14.450263988545268,0.5585912451363525,-0.3601458524559293,1.7377012011479678,-0.6697594721983087,1.519918208736193,1000
846,2.367347681057147,8.174163989706539,5.637285300496872,0.34746346836893194,1.5663307898132988,2.970368557930919,1.6863192830540408,3.0483760790602537,1000,2.221032772888805,8.406020653636476,4.478510298331977,0.47144400539792103,1.1894438658290858,3.137859190316648,1.29700252230888,3.1450630234687305,1000
847,0.8757462903756501,12.982911756693603,5.01633398473212,0.457470013970003,0.035246541676058174,1.7356700664756002,-0.02089493700555567,1.7723875177568558,1000,0.8459656941357045,13.338848899820057,4.757859367693229,0.49197816464564714,-0.03286259939762101,1.8488544803497537,-0.1183115085697638,1.810242896841173,1000
848,1.9830799938482226,1.7294471449069913,134.89064291881868,0.7210607079141874,-0.028131108646336504,2.59259372961248,0.5698010063364154,3.39635898136003,1000,0.9429084689966905,7.21221911730536,10.734268689895197,0.4456516185228858,-0.12404242862634032,1.7159768272583902,0.06943129669183423,1.8163856413015467,1000
849,2.055687334124158,6.032008264673685,13.327238600284428,0.3430646167722407,1.501929331532717,2.832193660326862,1.3832806852505661,2.7280939829977497,1000,2.2115410452957236,8.226863494278287,8.578444329881572,0.40345325560412093,1.585152532427521,3.1528060693060764,1.4207726643116465,3.0023094262798007,1000
850,1.4702752072354888,12.303761876840856,5.620371796698952,0.5084479578496615,0.6712104548049644,2.6593931471474317,0.4737172098501523,2.4668332046208254,1000,1.2026469826409376,7.479584172760214,9.230400640035551,0.6006760837916043,0.4629950179040745,2.733983654196108,0.025321858409393272,2.379972106872482,1000
851,2.0712571632343586,4.772250700453111,28.617704097047852,0.3237475832777751,1.4789785600114507,2.7052855670220493,1.4367119000099193,2.705802426458798,1000,1.9774987087943738,10.349332392533556,10.158332515233461,0.3287799791482314,1.2874081354463471,2.540156077275363,1.3330899496638402,2.6219074679249075,1000
852,1.822677339183852,7.4196700949673735,17.05428061080613,0.3637415574272394,1.013944005304372,2.452702228543577,1.1097438866264628,2.535610791741241,1000,1.6539696674406443,14.457971141724519,5.338596106030338,0.3311666271002373,0.9875892023066006,2.2851290491943543,1.0048830783241791,2.3030562565571095,1000
853,1.489399224627134,1.2500534837681954,440.33103352836326,0.4748198520554323,0.9698825124458987,2.4304653405149836,0.5587523145984866,2.4200461346557813,1000,1.8219054470769251,2.7633386515796463,21.270459494802214,0.7054352765454655,0.6801995642569993,3.7892145361182625,0.439252305047813,3.2045585891060373,1000
854,1.643891927132639,9.601868421881798,2.821989637423285,0.48640785902136685,0.6604394541948132,2.5860096827788577,0.6905325234507601,2.597251330814518,1000,1.4004799938893941,7.634813563213036,3.420461759279567,0.6422141254501514,0.10464243839881414,2.7273747641500523,0.14174030800709736,2.6592196797716907,1000
855,2.2082771461899457,7.648160017356607,12.25968406354226,0.6843100747495394,0.7848519368647214,3.4774109137594764,0.8670293996808485,3.549524892699043,1000,1.6499768113238464,11.103459641011694,5.316738522272527,0.5109344026149643,0.5493382760824386,2.5634702851558697,0.6485453821985165,2.651408240449176,1000
856,1.4663791079541866,2.838066895453017,32.82063496196301,1.0636454526505215,-0.7681078601167262,2.8320835716229182,-0.6183659792408356,3.5511241951492085,1000,1.3473798179778806,3.152721629874734,25.974506489576548,1.0670992942379711,-0.7991771020820321,2.858845333136627,-0.7441347987285427,3.438894434684304,1000
857,1.6174437191737279,1.7502754669997316,101.4270738075681,0.3918713160135985,0.539555896419481,2.1007991894386002,0.8493759397870748,2.3855114985603807,1000,1.0762285661867308,7.7246930808011545,14.275932016222033,0.5810187461958582,-0.10846492546876127,2.093891953737314,-0.06256817635715128,2.215025308730613,1000
858,2.3949918873380396,4.113466685196495,19.930120518680766,0.7689454817782769,1.0013663538430875,4.147178953789944,0.8878587430526168,3.9021250316234624,1000,1.7977142425493202,5.920970156858347,9.457049039232292,0.7414529136453438,0.49725175750528755,3.5512996404042654,0.3444665318044464,3.250961953294194,1000
859,1.3997368190843236,10.563940970632459,8.901404498772925,0.32111907382869903,0.7764394219553926,2.0343766785681314,0.7703434343800735,2.029130203788574,1000,1.4489291250949625,11.320570755334094,7.58752313322278,0.3346983603362451,0.799524400613397,2.1075827627368753,0.7929203388359221,2.104937911354003,1000
860,1.820385164972778,5.229111141341102,16.990762346361628,0.5693019902066224,0.6542856601989955,2.851411324428478,0.7045532641677981,2.936217065777758,1000,1.3012880291810456,7.667817750155547,9.250875605269346,0.6345698667620463,0.04826173797387537,2.5511776268910036,0.057531090327434864,2.5450449680346563,1000
861,1.8624749146125934,4.452021802226913,19.212655387843814,0.8099520947115776,0.25728251799353963,3.166509400847951,0.27496880897790144,3.4499810202472854,1000,1.8895041583534864,4.165174573000732,18.18723514912808,0.7694278568214784,0.25897470997687305,2.9934247487520027,0.3814255589833888,3.397582757723584,1000
862,1.7302820275358868,8.323780749273705,14.152500068532554,0.35670679943476363,1.0374009135141722,2.440265513240532,1.0311367006437502,2.4294273544280234,1000,1.7837383839007253,11.390349065549401,8.208489335045039,0.4476976526294996,0.9134229485434313,2.6225069685582603,0.906250984746906,2.6612257830545447,1000
863,1.7337869605318557,3.528047652081779,16.115920776199562,0.3642627065972322,1.0996760623161401,2.459367639209683,1.0198320556012805,2.4477418654624308,1000,2.1105161387784346,9.450918189080305,3.1153879860341798,0.5449980041025334,0.9855537268874467,3.100135326301508,1.042320050737469,3.1787122268194,1000
864,2.3291236382784386,5.036876540754899,27.388723632017317,0.5837171508015538,0.9546484955942356,3.25227766108878,1.1850380227073931,3.4732092538494843,1000,1.7743015232245076,11.651624335602005,8.667176739174879,0.5064813845745612,0.768484517541127,2.7686896749874905,0.7815980094583678,2.7670050369906476,1000
865,1.2517146155779282,3.402703689738791,22.89202879856524,0.3624563320145696,0.6175082569667933,2.032763050827051,0.5413002048293718,1.9621290263264846,1000,1.4359786178469676,5.404636196972589,13.949143478565823,0.43309530367971194,0.6413015547675551,2.354002664350502,0.5871118226347322,2.284845413059203,1000
866,1.3950236745171176,9.989663926756439,2.3067478176452467,0.7432643607556304,0.033529241518481454,2.875655537944087,-0.06177447256391799,2.8518218215981532,1000,0.38200423834249264,7.480159296046115,2.870198884380538,1.03454367235881,-1.3924486474150666,2.760053524160284,-1.6457013594807748,2.40970983616576,1000
867,1.1074144905007546,5.2988022856334185,15.84830951336212,0.4296771990907827,0.5077468949172382,2.2035742161960266,0.26524718028282046,1.9495818007186887,1000,1.2346997046739316,6.773863240611056,12.439019997240615,0.5447286202025672,0.49941651180462976,2.6249983845243907,0.16703160907689996,2.3023678002709635,1000
868,2.907359848958166,1.2001545412361887,251.34842832172893,1.0678175781088486,-0.12471461643347048,3.6154776429326665,0.814437395864823,5.0002823020515095,1000,1.3204284987519566,5.262776638330562,11.717575072386365,0.9041564719377213,-0.15448826280447459,3.087209538706634,-0.45171818624597715,3.09257518374989,1000
869,2.111682418478414,10.156604816976373,7.342840528741077,0.48632940781834144,1.1332825208300679,3.1469050894310233,1.158476779154465,3.0648880578023636,1000,1.7313053112499546,10.890587726104387,5.987723664379087,0.46302949611980804,0.891414591376203,2.6666274592912766,0.8237674988551308,2.6388431236447785,1000
870,1.7457376476528292,2.322976631762407,57.622456412227315,0.5149205698946803,0.9473832389057457,2.976381784474537,0.736493330659256,2.7549819646464027,1000,1.583874913925824,4.822517367899605,18.524843603806907,0.457736963896702,0.8177381929938186,2.5873858435393413,0.686710464688288,2.48103936316336,1000
871,2.0192072847792244,6.498377375740043,19.196927679681384,0.3177089308821916,1.309681019620937,2.570845106289253,1.3964977802501288,2.64191678930832,1000,1.77092721328677,16.686422076538562,5.3240006781600915,0.2970907173303113,1.1941453927725747,2.3599310407395135,1.1886294073193597,2.35322501925418,1000
872,2.244650697392731,9.344533225728409,7.010248269531381,0.5474936095586621,1.1016516548235251,3.2340981029982077,1.1715632226577535,3.317738172127709,1000,2.1510586346295595,10.249028846326885,4.740520619486354,0.6060758018099849,0.9174399259103948,3.290706943691092,0.9631500630819891,3.33896720617713,1000
873,2.449471011961341,7.111592713355413,9.830627358950359,0.47648890973486835,1.5638740920184384,3.3941129333244073,1.5155527488809992,3.383389275041683,1000,2.3354159440925706,11.53780227371879,4.995333422056163,0.6326626475498399,0.9582065716735015,3.2945784809260856,1.0953971548948844,3.5754347332902565,1000
874,0.09279349436727258,4.039883473208557,23.691255242983853,0.6138361793113737,-0.7758053869984253,1.5680159964382074,-1.11032541708302,1.295912405817565,1000,0.27112333575753,6.412794138957547,11.751580746026915,0.5551531440554179,-0.5196724391233959,1.6288937680269049,-0.8169768265910891,1.359223498106149,1000
875,2.0064960903670017,3.7683812324252703,4.337966347027966,0.9537337390195855,0.2998111317467034,3.7062878654643483,0.1371779618886142,3.875814218845389,1000,1.7907799145680166,4.087666387048462,3.34266775425705,1.0641866172183418,-0.17372257461318366,3.698717269354189,-0.2950258551799334,3.8765856843159665,1000
876,1.2194208995807265,7.597510754233327,9.931680149479753,0.3478852716759128,0.5223242758813639,1.8723904065698664,0.5375657670959374,1.9012760320655158,1000,1.1833752084908922,9.589290744137397,6.2559521590469,0.37284819618319437,0.5453969236809285,1.9621335106753737,0.45259274397183125,1.914157673009953,1000
877,0.9612275586112793,4.658173863291613,15.403371593261223,0.4793728285491162,0.33626542619429933,2.1979906716758775,0.021656814655011458,1.900798302567547,1000,0.9047004732580417,7.335926445349738,7.32309587863925,0.46459799452561784,0.24844897432360533,2.0270980918969084,-0.0059115960121692845,1.8153125425282526,1000
878,1.0261296591937021,1.6769447184603563,185.60533094704047,0.8257975833462085,0.3711050748782244,3.172281439416193,-0.5924336041648663,2.6446929225522706,1000,2.17301583168801,12.496467711756388,8.567721259510655,0.6307885274216064,0.7721663446761732,3.269386174708267,0.9366703179416613,3.4093613454343585,1000
879,0.4969024080764002,1.1945785811127099,212.39854398164084,0.8528006543176182,-0.03907051189712114,3.1653022277800313,-1.1745868743861314,2.1683916905389315,1000,1.2722379157231118,5.065914663561309,16.252588927554008,0.8095188186835856,0.08244903199757392,3.368242113205352,-0.31441896889671583,2.8588948003429397,1000
880,1.5955349373924057,2.347122357494233,44.07963760494152,0.5463709273399351,-0.16111420853496639,2.1429600673902875,0.5246479198061329,2.6664219549786785,1000,0.9535769645459871,4.802577896200436,13.873192603427977,0.6202790125593948,-0.5469781574157281,2.005643294510781,-0.26216990007042673,2.169323829162401,1000
881,1.8820498406091215,1.881277097143387,97.95006605634981,0.6449502254956808,0.19592607465641038,2.5240904181628996,0.6179473986375872,3.1461522825806556,1000,1.2837133234885438,10.426248643717258,8.163612237350033,0.4698287560471636,0.3331374024619115,2.2201848288459267,0.36284896163610314,2.2045776853409844,1000
882,0.6700893521923263,1.6728210950029212,100.15561616297546,0.510941026462893,0.1393491559899115,2.0274394769087216,-0.33135505967494394,1.6715337640595966,1000,0.8522618996129867,8.6539193065562,10.847375046860979,0.5724259253634544,-0.17372430522362123,2.2298087195398146,-0.2696929140993838,1.9742167133253572,1000
883,3.066398081494307,4.366508040287592,15.64597659500398,0.5350745590686481,1.658407394966913,3.7303624180012016,2.0176519457197566,4.115144217268857,1000,3.2318040574058773,4.123738990102255,16.59236199666621,0.7126156907361086,0.6176914441387322,3.861220502349614,1.8350773035631043,4.62853081124865,1000
884,2.5551377275876277,4.670709894479896,9.50512489722787,0.5754353349106809,1.240062721939872,3.4735426074771563,1.427284471162693,3.6829909840125623,1000,2.7806317417912307,3.8906574334654938,11.490323374250938,0.5859231406790679,1.2187269437702808,3.5784038282394244,1.6322223860602576,3.929041097522204,1000
885,2.1412055667871,7.1032759485671315,9.85552443551245,0.5269346236385545,1.2550512576570398,3.433934303868082,1.1084137044555333,3.173997429118667,1000,2.1603504435233227,9.354114018162692,5.290864215952988,0.5091119729794146,1.2479626499610623,3.2360330808628097,1.1624909764836702,3.1582099105629755,1000
886,2.0550603341737634,6.109563346065626,5.417162032457415,0.5633232802651131,0.7328912219427486,2.9469934390180628,0.9509467048541418,3.159173963493385,1000,1.9621628474909065,6.93942039354734,4.23779699123555,0.543950820510811,0.769554110646591,2.8244277074544715,0.896019239289717,3.028306455692096,1000
887,1.4943972373631347,9.780525190821653,10.249157168553763,0.4431742878031859,0.552552624092467,2.3420381361583384,0.6257756332688903,2.363018841457379,1000,1.4052578995267975,11.235832976466922,6.916240937269213,0.6242618956377408,-0.016648953215107537,2.4349724136136084,0.18170458407682544,2.6288112149767695,1000
888,1.3339532987015983,2.5780868089328552,34.877104367176976,0.47015860487467037,0.7186185284542411,2.5273824608011615,0.4124424331472444,2.2554641642559523,1000,1.4889786330224006,3.374674821657582,24.332177429417747,0.46520787018270815,0.7900005993314886,2.6230338858965996,0.5771712074642926,2.4007860585805085,1000
889,0.6296452038982308,4.02303965904368,32.352931407324114,0.6061284295216897,-0.20795448619930473,2.0282296747605884,-0.5583665179642809,1.8176569257607424,1000,1.5048000767050302,6.6707780988784915,13.254557234743363,0.663251356890692,0.1733025934615687,2.781708761478611,0.2048274171992739,2.8047727362107864,1000
890,2.715900297314964,5.710248895507852,11.033469579765203,0.5286591835222746,1.5257549383651787,3.6731786743165498,1.679728297611306,3.752072297018622,1000,1.9301453442565544,7.433111503251571,5.293210550838304,0.7956105320738152,0.35728453729530046,3.5232594299652877,0.37074870139187666,3.489541987121232,1000
891,1.727090733168822,3.4446803594297606,57.3769072508203,0.6529111254797142,0.028648947656440688,2.98876125552116,0.44738492722858214,3.006796539109062,1000,1.297479898603385,7.69361983696365,9.883438480314716,0.5913098839310553,0.12628898581655223,2.6440206034067133,0.13851252609851672,2.4564472711082534,1000
892,1.8614096422802202,6.366328845654272,8.11943984900457,0.41435723470631386,1.1058419565532553,2.7739783994498497,1.049269462255845,2.6735498223045955,1000,1.6189006704324842,4.515984884284917,16.211908410757683,0.47799636132901197,0.9477235953263791,2.8299526366720396,0.6820278022276207,2.5557735386373475,1000
893,0.5780119666948367,1.0453624415821827,867.5085726643597,0.7773191357538971,-0.3570134129019184,2.8787706042258048,-0.9455335393828017,2.101557472772475,1000,1.3502990372410877,9.805671800676201,5.186001065070403,0.8540056183990496,-0.4197647110757295,2.8493829523687713,-0.3235519748210496,3.024150049303225,1000
894,1.5065097932094138,5.43036168213503,17.120928513599257,0.4742307391054007,0.35956554220327835,2.2323652417038686,0.5770175445628285,2.436002041855999,1000,1.5636422449178027,7.684466861886362,10.118937811302349,0.5640788692725296,0.1843894539219872,2.4978864627209068,0.4580476611436446,2.669236828691961,1000
895,2.4902615729525346,6.142357711124957,13.472875301449905,0.28490669740376323,1.8782967806312516,3.022270949187235,1.9318444460411586,3.0486786998639106,1000,2.514600451344024,9.594213009335219,7.66778065753028,0.34236948477318324,1.757973907744049,3.1352069551522357,1.843556261188585,3.1856446414994632,1000
896,1.5623406479182467,3.988700973846463,24.382592110324186,0.4190754802777432,0.7634179923780595,2.3717721434319627,0.74095270657387,2.383728589262623,1000,1.7816638008844454,6.158446695996662,9.454037728534608,0.5379545648527514,0.7124315364840249,2.769235258355956,0.7272728537730526,2.8360547479958385,1000
897,2.140641234189224,1.568915075950627,87.93828538870865,0.406137330680292,1.1273069252193255,2.660377510539639,1.3446120660558516,2.9366704023225965,1000,1.7378429184638957,4.240020439130242,17.650987440170354,0.5336088521612876,0.34947616129433695,2.4197342289511847,0.691969568227772,2.7837162687000196,1000
898,1.164072426895227,2.3763532762418684,71.76436859250795,0.5952572187198362,0.5876759975225497,2.966815170749241,-0.0026317217956519645,2.330776575586106,1000,1.8020578038652328,4.939081463767913,17.55463791499245,0.6253970198962467,0.983898603215404,3.4129677313778175,0.5762796448685892,3.0278359628618765,1000
899,2.4562830067281967,3.452643519906434,29.624871683550815,0.6410185561859308,1.0577496115530058,3.274051798380718,1.1998866366037721,3.712679376852621,1000,2.071799640190925,7.095201106700645,10.786537156259989,0.5022997712042129,1.0034018322881912,2.8709461747777247,1.0872920886306678,3.0563071917511824,1000
900,1.4029578622278538,5.426982076610318,24.091787673610064,0.3894002923623498,0.6066589362770554,2.155357190117547,0.6397332891976482,2.1661824352580594,1000,1.5250591979314807,10.04242968066512,8.852079716154124,0.5331043693116531,0.7343856781292697,2.8159707030114984,0.48017463408064076,2.5699437617823206,1000
901,1.7871643081856416,2.1194059521502657,179.83075512481147,0.4030521834831051,0.8593673817407143,2.416709250768904,0.9971820285587556,2.5771465878125275,1000,1.4226321762131344,5.509949722149885,14.692313458476859,0.7293649953403433,0.2438013967157767,3.0171830669601394,-0.006923214653938414,2.8521875670802075,1000
902,1.4576037148252445,2.430953270040797,88.75411054334408,0.9135696489315877,0.6037630894213261,4.211454136632095,-0.3329927970806672,3.2482002267311563,1000,2.17207573197939,3.508435572645262,20.068799966663587,0.8869816555943302,0.845252180933746,4.307981896050624,0.4335916870145029,3.910559776944277,1000
903,1.3626307375853801,4.051014197673567,26.39336428682885,0.3144531449240491,0.6458859266577028,1.884939520465788,0.7463025735342439,1.9789589016365163,1000,1.2432003996588987,6.134267098764727,12.510370394649488,0.3110786432586545,0.5981938319586746,1.804351470018825,0.633486258871936,1.8529145404458616,1000
904,1.907339259412228,2.831795240320714,20.60893164451305,0.5626595757673031,0.22756358825304263,2.659736977201317,0.8045264909083141,3.010152027916142,1000,1.7074756948716316,3.7566946812454365,13.531211486018483,0.8066105267667869,-0.43896867415480845,2.613752627094136,0.12651906240872934,3.288432327334534,1000
905,1.6590138406128505,1.3966563122089368,245.85845879712227,0.5428894482441928,0.3154702238186046,2.6126587785433717,0.5949505220542326,2.7230771591714684,1000,1.1822197128103276,8.26471023721122,7.47993033520191,0.5896570205460435,-0.037260834934133936,2.2285766837709358,0.026491952540082186,2.3379474730805727,1000
906,2.7740672650609985,3.9351133427607086,20.073947155447335,0.6413534875364303,1.234473604230915,3.7053192878489094,1.5170144294895953,4.031120100632402,1000,2.153980719698172,4.620397882718138,10.656354757945246,0.6781703843535772,1.0708089618935324,3.6407836858179436,0.8247667663651606,3.4831946730311834,1000
907,2.469529454561283,7.066046761177442,3.974170223365681,0.6509055819038949,1.0026156971753,3.496866691778183,1.1937545140296488,3.745304395092917,1000,1.822296857007431,10.013363790637912,2.1994228934427795,0.7147602924175979,0.2600939586215302,3.1222837614825374,0.42136668386893916,3.2232270301459227,1000
908,3.1498342931796195,5.11678337501461,19.201006119789447,0.6503268761140273,1.5909875452364117,4.162216064937395,1.875193615996126,4.4244749703631125,1000,2.3082937461175272,7.8880373816564955,9.60572097502162,0.6244633458523581,1.2631656074414133,3.6794817752767357,1.0843455882469055,3.532241903988149,1000
909,1.2142968601548096,9.167050387736149,7.865443252813154,0.497189426244151,0.3807173045828921,2.2999992582545588,0.23980558471627367,2.1887881355933456,1000,1.4637123029103953,11.011335527341188,4.392670614337738,0.45824679328948814,0.5623870929025194,2.3727444976963548,0.5655485880629986,2.361876017757792,1000
910,2.7745886093204315,6.1452626571616795,11.434188361738538,0.5820914670425309,1.516084808737106,3.717319379547844,1.633689333917071,3.9154878847237917,1000,2.860025556814939,6.152504798165652,7.1494812382890585,0.6968448549653583,1.3006265395457102,3.9353818351946717,1.4942096410828367,4.225841472547041,1000
911,0.8682928045143643,3.333552813469388,14.068995796323286,0.7252736401274403,0.05507228962480959,2.9416078208137177,-0.5532435301354188,2.2898291391641474,1000,1.1524347965199164,4.505709432533787,9.247339452593726,0.7089734311082546,0.06682678471659913,3.0389079994049153,-0.23715312845226255,2.5420227214920956,1000
912,1.139535894877795,4.993287205201127,18.58416280642416,0.43043123322420535,0.013135193928675343,1.8025696447098918,0.2958906777583524,1.9831811119972373,1000,1.1471076768554398,6.382230160408218,14.443696095607205,0.48932744920649096,0.03514953929191191,1.994848282082518,0.18802587641071755,2.106189477300162,1000
913,0.18207794002521882,6.249600558940468,16.19195879992723,0.9490172534901751,-1.662956539029349,1.7978347928984755,-1.6779958768155243,2.042151756865962,1000,-1.3319436433907976,2.448707256911619,58.886799295655244,1.2786907002424814,-2.6282156699780055,2.0134229792647362,-3.8381774158660615,1.174290129084466,1000
914,2.178388203457664,2.178080965604405,131.77366373497327,0.41886915598994573,1.1830212781193692,2.790774511152331,1.3574046577173704,2.999371749197958,1000,1.8741607942293652,8.07154805242011,10.051241007979847,0.5392502641936155,1.072841209752827,3.074341382496499,0.8172302764098787,2.931091312048852,1000
915,1.9877461951681523,7.997220584011716,12.523425710281728,0.4775262773475911,1.0208079280254148,2.9136322083142066,1.0517946915668737,2.923697698769431,1000,1.7761203243869659,12.298142783525739,6.676790909538345,0.6539634381360757,0.3002937473238942,2.8015428186668085,0.4943519856402574,3.0578886631336744,1000
916,0.56911548817451,3.196006890096478,58.30809099478721,0.511952291861684,-0.23865853067740617,2.008389383240057,-0.4343110038743907,1.5725419802234106,1000,1.6337865641939584,8.2076134267871,14.800753402305038,0.6269727030744522,0.20178368586081283,2.5879075493178134,0.4049200661680321,2.8626530622198847,1000
917,1.6336288341315583,6.107400273973305,7.565046654678378,0.5128202812750808,0.3600880631598065,2.5210935420415437,0.6285010828324,2.6387565854307167,1000,1.863813719042151,2.309105383045227,21.15315423629376,0.6321276207003222,0.048351274299389034,2.6334410101496646,0.6248435824695195,3.1027838556147826,1000
918,0.9182081894088597,8.770525296697572,17.546689216190217,0.44544736187914047,0.1532394922014143,1.8617475588798476,0.04513136012574448,1.7912850186919749,1000,1.2244455018033276,16.012188400954955,5.228569396913436,0.3935334867049018,0.4398633521615886,1.918988718063026,0.4531198678617201,1.995771135744935,1000
919,2.6687931925065773,2.9088960633049767,41.85394693047774,0.6362849038991599,0.9056943708917401,3.4386508225261907,1.4216747808642238,3.915911604148931,1000,2.2399113353270312,6.352835539809962,9.540205426919847,0.6636319114179831,0.7814922071949225,3.4474625762625757,0.9391927889477845,3.540629881706278,1000
920,0.10353262417419185,3.772633784476206,47.68295505373293,0.8232320346406319,-1.0754138240514297,1.9762817198386506,-1.5100021637214467,1.7170674120698304,1000,0.9326392268365127,13.974640972057065,5.2006255203033644,0.4875944253864714,0.10727484833579819,1.9783722502295131,-0.023045846920971225,1.8883243005939967,1000
921,1.9421389799801276,7.739989614193852,11.517617425550945,0.4038460139350826,1.2958080850577225,2.8564535477870385,1.1506007926673658,2.7336771672928895,1000,1.9657549952264723,9.776755012525996,7.441626604180559,0.39609835647171227,1.295674763424424,2.84832910966188,1.1894022165419162,2.7421077739110284,1000
922,2.2863826789120525,10.28621901461164,11.364605628036857,0.37501383792307913,1.4846466303411234,2.982488515564411,1.5513555565828174,3.0214098012412878,1000,2.089013677764158,15.901319981727923,6.181780234458382,0.39640926926609704,1.3254641660762077,2.8818456516347815,1.312051510002608,2.8659758455257083,1000
923,0.42311301601088114,8.37739066132568,10.543069567799197,0.6271371400974272,-0.7065070509249369,1.7166821732554138,-0.8060757785800761,1.6523018106018383,1000,-0.1773254320409361,4.291194600980586,21.27691302935957,0.8056697736232269,-1.4439827612775455,1.8293446726666116,-1.7564381883424607,1.4017873242605885,1000
924,2.219985260325749,7.986510018542949,16.14209087881193,0.6585379345737158,1.0446000212329303,3.5081684490288083,0.9292509085612659,3.5107196120902318,1000,1.9225234752027054,12.231864693306477,8.284974455143058,0.4986621250111248,1.074159354309238,2.9728340277439957,0.9451457101809009,2.89990124022451,1000
925,-0.16135174158846466,1.5924486059112657,153.4084755090215,1.5925343820535687,-0.9063927092165801,4.288244728409177,-3.2827191304134593,2.96001564723653,1000,1.5405824056061332,5.9895373618542465,17.940124532991238,0.924634740643661,0.36663418938370207,4.08511783798418,-0.2717016860554424,3.352866497267709,1000
926,1.4071844847738573,6.906819869558598,16.538660876467002,0.32588204930897313,0.7944618878545355,2.0294896898966703,0.7684556681282699,2.0459133014194446,1000,1.2843475681900334,8.248040881534742,13.332563338277192,0.41353513479665704,0.5095435203845634,2.0890432906677145,0.4738187039885856,2.094876432391481,1000
927,2.7119040970154336,8.09671369883056,7.341915942432805,0.4268923897637663,1.8586588919627862,3.487463485508376,1.8751950130784516,3.5486131809524153,1000,2.7100308645028206,9.470941051181557,4.642711525454926,0.4454701128303123,1.893770924248929,3.5860989997295496,1.8369094433554085,3.5831522856502325,1000
928,1.686260503962147,6.072509671529066,9.57270953727844,0.5041569656287106,0.7531490322805846,2.6511073526943587,0.6981128513298742,2.6744081565944198,1000,1.807085496030055,7.868618514092595,7.038765565831901,0.5156099287114093,0.6508623633385869,2.6259095042070135,0.7964900357556928,2.817680956304417,1000
929,1.697465698254449,3.355919662257998,36.039723893853,0.5478951572471841,0.26217556978699436,2.3989003134320104,0.6235911900499682,2.7713402064589294,1000,1.2030991088146026,8.937168442503083,9.845559695291294,0.47759606979121555,0.2398660036017729,2.1085833410922747,0.26701081202382015,2.139187405605385,1000
930,2.5281897312798174,5.966113112854394,7.307861515101422,0.6880415449609019,0.849791143548322,3.5898551852197933,1.1796283031564498,3.876751159403185,1000,2.0229974331387703,6.352458926157374,5.218244534598133,0.7612338227889129,0.5025511880332494,3.49049747008426,0.530979140472501,3.5150157258050396,1000
931,1.1470837588736662,1.046684230087515,1258.000330117745,0.6959951996485345,0.35429011448588876,3.0973639401193953,-0.2170668324374614,2.511234350184794,1000,1.394856964073044,3.468800076193275,25.466234511231452,0.9849878518326631,0.04346536891676005,3.3774140389391323,-0.5357192255189758,3.3254331536650636,1000
932,0.4410103643081429,2.891701506956631,59.707230992533034,0.4726934452966359,-0.08281538568303555,1.7313236103421248,-0.48546878847326336,1.3674895170895491,1000,0.7762489534200989,5.811222912571602,21.438437510893383,0.4164861145177788,0.2559350368617654,1.8345329615832957,-0.04006383103474753,1.5925617378749455,1000
933,2.90000066893033,4.377858568294596,35.26356997647978,0.538454070089917,1.8216783332251631,3.9388839248134775,1.8446306915540929,3.9553706463065677,1000,2.490274483450253,11.347729794437692,6.220400015814999,0.5268512194706162,1.4759252874925135,3.5332248395731227,1.4576460932878452,3.5229028736126606,1000
934,1.9641151405507191,3.1327390102411137,57.58088076365352,0.5789465823253734,0.7620795009148195,2.840385234984849,0.8293798391929872,3.098850441908451,1000,1.3099807528009104,8.187840932447429,10.994404330595188,0.639131048463082,0.04496058597728431,2.562237585690945,0.0572838978132697,2.562677607788551,1000
935,1.6828189293914084,2.271729505364646,85.19680485424081,0.34499418406230026,0.7548416707427291,2.204066348576978,1.0066303286293,2.3590075301535167,1000,1.4201710131872187,6.945301117813479,10.687279517956364,0.35295653853049586,0.6318481801480765,2.0115959419994516,0.7283761976674469,2.1119658287069907,1000
936,1.413632441341214,2.925074827610183,28.776279677892603,0.8817772632510721,0.4004459274564759,3.450734704124838,-0.3146509946308873,3.1419158773133153,1000,1.2913486106925767,3.5169376155156025,22.396195908897763,0.8175274965218509,0.32257854349414317,3.308241232608001,-0.31100528249025094,2.8937025038754043,1000
937,2.480737287519743,1.7699477026743635,78.38227898851228,0.5515602407991786,0.9548060072715445,3.2925560294302674,1.399679215553353,3.5617953594861333,1000,2.482454015172175,4.828258589741479,14.77381630794961,0.7431560481688078,0.9448194655791268,4.021154933860184,1.0258681607613116,3.9390398695830378,1000
938,2.116285088995862,5.861533427692477,17.41628235224366,0.37382446918511103,1.3274579498362262,2.702461941227143,1.3835891293930445,2.84898104859868,1000,1.6521788516575628,11.359286942111247,6.21343940426208,0.6117707293524017,0.5213066898297398,2.804617815816751,0.4531082221268554,2.8512494811882703,1000
939,2.251276887539794,11.557714162301574,6.0325619157391515,0.32275123887796503,1.6227551649307594,2.851675515792206,1.6186844593389824,2.8838693157406055,1000,2.3053797136347125,9.67539427523378,7.14266278079833,0.3269760286216233,1.6643883891928812,2.914219299784918,1.6645066975363307,2.9462527297330943,1000
940,2.6134924995007296,1.1032372512014663,632.2528065414057,0.6437621963226688,0.9309461483759878,3.1075936962715387,1.3517185947082986,3.8752664042931606,1000,1.6077817716069023,7.2028135798233395,11.216173713433493,0.6338342822253817,0.12180497750959338,2.7736886882059726,0.36546657844515407,2.8500969647686505,1000
941,0.8746964742941639,10.034616665501431,8.433939606760127,0.5030384399623152,0.008525683648454989,1.8781225942088609,-0.11125886803197393,1.8606518166203017,1000,0.5446767996462168,5.9937228176511725,12.716417098505554,0.6287894108264963,-0.36455645786893054,2.004922941316861,-0.6877504455737159,1.7771040448661495,1000
942,1.7061892585227125,7.5543481732320945,10.912362990874001,0.595874686397349,0.7732257092240216,3.0306062250273835,0.5382748731839087,2.8741036438615164,1000,1.175226772975432,2.69883915552517,33.03966863964313,0.8781863049364808,0.4107609544171038,3.6226100362809888,-0.5460183847000704,2.896471930650934,1000
943,2.483589844436979,2.7547753608348735,35.9056138253469,0.7017834374581128,0.6537957375815788,3.280457710882967,1.1080943070190779,3.8590853818548796,1000,1.1108859160252742,6.513292379341388,11.007685354569588,0.8791055390704678,-0.6175281174712844,2.763428511979749,-0.6121609405528428,2.833932772603391,1000
944,1.2119145562079048,4.678517749366269,19.714816213973137,0.9065100611401296,-0.36710218053019433,2.9032408373505643,-0.5648451636267491,2.9886742760425586,1000,1.1356234631110422,6.867704741613491,11.362279895133263,0.7386617833327903,-0.2662229748428424,2.5795459225940074,-0.31215363222122683,2.5834005584433113,1000
945,0.7629356631056634,3.938024134721501,25.22771392816577,0.7645000879358024,-0.284417927521774,2.565342310529377,-0.7354845092485092,2.261355835459836,1000,1.645468366453755,4.535306224038533,13.43983668874484,0.8428238858455834,-0.07077949575294777,3.042741502318896,-0.006466449803588459,3.297403182711099,1000
946,1.786661361915803,5.795116542745385,7.583052076159877,0.40483303911702,1.0088116274603744,2.582388121457017,0.9931886052464437,2.5801341185851623,1000,1.97936896970217,6.572687349880377,5.368908795823654,0.41050986167351583,1.1536725587008103,2.680389867324794,1.174769640822079,2.783968298582261,1000
947,1.673358769078423,8.453246959824599,12.735269488556469,0.5081685971659955,0.751105059628729,2.7529019865999134,0.6773483186330719,2.6693692195237744,1000,1.77250488634153,10.42482867696607,8.501447201035988,0.3918918592549121,1.007197526829042,2.4991362371236807,1.0043968422019023,2.5406129304811578,1000
948,0.7483764667093786,1.3745012272589623,179.09952864895638,0.6756675177348129,0.3203212569162065,2.6894611943291413,-0.5759318680508547,2.072684801469612,1000,1.9449767135739533,9.398409310317506,7.08747773198073,0.47181421946295854,1.2728853878939677,3.1275447654843034,1.0202208434265545,2.869732583721352,1000
949,2.485860358310681,4.476979072170895,28.496707861803866,0.9028103160099434,0.24303050975411492,3.79335125509057,0.7163521389311918,4.25536857769017,1000,1.2341591975240465,6.44944488164275,11.995216857333205,0.7959316804018886,-0.16854409401034146,2.941350849650002,-0.32586689606365504,2.7941852911117477,1000
950,1.402227359327187,2.604589320898041,60.19856459839206,1.0755886486025952,-0.22845956928020777,3.517544797174512,-0.7059263919338994,3.5103811105882734,1000,1.8816398152806202,4.632194501312443,14.171860071144065,0.8405355435867071,0.4090194470099019,3.659505112225652,0.2341901498506742,3.5290894807105664,1000
951,2.8049606167186694,1.4615230536238741,117.86741592300415,0.7003445635639565,0.7731648386650465,3.4721162361618094,1.4322852721333148,4.1776359613040235,1000,1.9362380175803668,5.22115014313891,14.375455480694585,0.6072441787011857,0.5780078030699001,2.8908228920156387,0.7460394273260429,3.126436607834691,1000
952,0.9150987217867532,6.848756223405149,13.983183174524113,0.720348806534133,-0.21192381321906845,2.50479735721807,-0.49678493902014753,2.3269823825936538,1000,0.816587760566158,8.720574393016932,8.858037236837992,0.5466852313558949,-0.35679333879387615,1.8375126869670266,-0.2549152928913958,1.8880908140237118,1000
953,1.4294234610855088,4.276461476165755,20.957737167906757,0.6489194906334484,0.5278336750173195,3.090814977420551,0.1575412594439498,2.7013056627270675,1000,1.3515921775120758,7.542844460995328,8.280411054781316,0.6023999506521658,0.46373641260672194,2.858373196174785,0.1708882742338309,2.5322960807903208,1000
954,1.1345076303687534,3.284144240893428,59.274881309563135,0.6304092211067311,0.3397896528603625,2.6301846913388327,-0.10109444300043968,2.3701097037379464,1000,1.88837818074211,13.982686586344926,5.234529859540943,0.44213036840263714,1.1126823623145081,2.8585257797567936,1.0218026586729412,2.754953702811279,1000
955,0.859994518284017,11.060889750220312,7.343196333687288,0.5657697678766446,-0.24643318508759315,1.9022953105878069,-0.24891422675420638,1.9689032633222403,1000,0.6358361418045408,10.400750989455233,9.127974940095099,0.6533444199950663,-0.9646324264357936,1.795970546733486,-0.6447189213857891,1.9163912049948708,1000
956,3.787057313389443,3.3289530434516292,33.23728804914613,1.0581688426704523,1.2161070831835976,5.298814577132778,1.7130463817553565,5.86106824502353,1000,2.900027607391654,5.885270701527081,11.099540962880937,0.9179922304260945,0.9039062554282944,4.464427074771281,1.100762835756509,4.699292379026799,1000
957,-0.6661440672476018,3.510843295731892,21.82260424955725,1.0367066522259958,-1.845761775043319,1.897700897815938,-2.6980891056105536,1.36580097111535,1000,-0.22745744123956602,5.981717982444291,10.692702217630224,0.8515592219864313,-1.516888328510274,1.7520283702337194,-1.8965135163329714,1.4415986338538394,1000
958,2.1573520387171943,2.442489195945772,96.49404109817254,0.952864871459736,-0.31778821691636777,3.146002780489862,0.28973689065611175,4.024967186778277,1000,0.3068320594771152,4.1394112388302755,35.64364883122332,0.8723554314125337,-1.1408948678999136,2.390230441629254,-1.4029845860914507,2.0166487050456814,1000
959,1.0107834359191314,5.639270958415869,23.657011378038483,0.5385984873335103,0.16965420083727178,2.3347625855752567,-0.04486959925454892,2.066436471092812,1000,1.40181206851485,11.81302698096024,7.1052290839971395,0.53437158035652,0.23148530739452458,2.3923052363850603,0.35444377101607083,2.4491803660136293,1000
960,2.1961239346802097,6.729035624714654,12.942469873136291,0.42208530286814533,1.453749788431725,3.0874197497267524,1.368836741058645,3.0234111283017744,1000,2.155565626915833,9.819257647558606,6.403746667987577,0.4431768576305614,1.3936148659253589,3.141649537939555,1.286938985959933,3.0241922678717335,1000
961,1.7974608787512802,5.019784470550432,27.711029472519918,0.47039682865114146,1.0433744227317723,2.895123617885985,0.875483094595043,2.7194386629075176,1000,2.2150987111201768,8.230442245612485,12.78528125939041,0.49165871620667917,1.3279933963812451,3.2505105058605634,1.2514476273550856,3.1787497948852677,1000
962,0.9486527814722612,1.1886337201701176,317.76271797191674,0.5259312603005949,0.3380572015147291,2.1340493246989842,-0.08217248871690486,1.9794780516614272,1000,1.383221457298716,7.563427928912046,6.247434305405616,0.799658324760185,-0.0658711047211014,2.958596647071953,-0.18410885923124654,2.9505517738286784,1000
963,1.3824840757911716,1.9426364614841949,54.710919424786915,0.9960247774424408,0.5638241036376654,3.785164207881553,-0.5697244879960124,3.3346926395783556,1000,1.7901893214166287,2.5699730256970357,32.36176576821133,0.8840180255075222,0.9399073837769988,4.037161162768076,0.05751399142188518,3.522864651411372,1000
964,2.048049495550187,2.3398461630810363,32.860198862307136,0.4547322077222701,0.7213880259167672,2.547050908449257,1.1567743684145375,2.9393246226858363,1000,1.7926427820489457,5.577174067213493,8.105309856738199,0.4723316462925282,0.6095455948632779,2.469776229020859,0.8668727553155904,2.718412808782301,1000
965,1.4899865324886945,6.209051683992108,12.424696251268635,0.46482236209774713,0.6556215341116689,2.524423272701976,0.5789347027771101,2.401038362200279,1000,1.3276373304137161,7.363450538883245,10.266384052081728,0.3548780890112767,0.6143182815044675,2.0056875133452423,0.6320762759516138,2.0231983848758186,1000
966,2.4628036612564674,3.276436426925704,37.33329964209689,0.5643917839461763,1.0415121572283905,3.2837010126442405,1.356595764721962,3.569011557790973,1000,2.209111618551052,4.749667311084985,18.239926509651035,0.5430634512776501,0.7234010686819234,2.8622098551838624,1.1447072540468581,3.2735159830552463,1000
967,0.7621256964062391,13.217526815617392,6.344491896975589,0.394215120241693,-0.08196256298997828,1.4315540768854553,-0.0105359392674792,1.5347873320799574,1000,0.6953827331717819,12.531543770300246,7.362028839316222,0.428034315959041,-0.23212050102714632,1.3761156987970862,-0.14356452610793846,1.5343299924515024,1000
968,2.109674380141558,4.505171248421163,30.493557175575372,0.7233365564582797,0.41006210420045236,3.528364913200133,0.6919347294833298,3.527414030799786,1000,1.824381609875724,4.548148297095448,24.72627907670015,0.8332766632074713,-0.12477079390481913,3.5388538179936706,0.19115934998908024,3.4576038697623677,1000
969,2.0427568052307046,9.73637952255413,6.824995115957175,0.6779321467722536,0.5895134046747039,3.6079771281995408,0.7140097975570876,3.3715038129043213,1000,0.46190689768302073,3.5571714522971374,24.935236984725176,0.9743569011805674,-0.8267167560441246,3.130599808260567,-1.4478326286308913,2.371646423996933,1000
970,2.6361369650363766,3.667809799294006,22.760994648000324,0.35128063990075103,1.8651244521980943,3.2481801602248983,1.9476269108309046,3.3246470192418487,1000,2.6421855880407894,7.181421149500173,8.402996896871134,0.3587754917039616,1.8344182417567854,3.3202910713515466,1.9389856243010246,3.345385551780554,1000
971,0.8563648031040232,2.905863665730582,39.961433557014146,1.2549139452182105,-0.7600203059624293,3.6303770043431407,-1.6032665295236692,3.315996135731716,1000,1.17961794821742,4.271621228237235,22.40655685423337,1.0221765556286628,-0.4474654157836682,3.4689895967788886,-0.8238481008147591,3.1830839972495992,1000
972,1.7175184347596661,7.643926669301798,9.9749127720181,0.5179568281294873,0.680998332995642,2.7283218676897634,0.7023230516258712,2.732713817893461,1000,1.3925290786527822,7.335406049813342,10.91824770917269,0.41293789366324674,0.6402149956025072,2.307794428641671,0.5831708070728187,2.2018873502327456,1000
973,2.302574203596324,5.557708313659961,19.36216029168037,0.5874538363804108,0.9498193769863946,3.324263532442472,1.151164684290719,3.4539837229019295,1000,1.8102195771609622,8.261548797866164,7.983507944928266,0.5077576082993693,0.751120641259437,2.6821209090705302,0.8150146648941983,2.8054244894277263,1000
974,2.1861964453296947,7.1847346708483295,12.863624753003915,0.509110648573555,1.0198764309834212,2.9961411344509363,1.1883395741255267,3.1840533165338627,1000,2.164061298334573,7.0264888998849395,12.555476705743779,0.5153808719882345,0.8075939828484439,2.8573139117255884,1.1539147892376334,3.1742078074315123,1000
975,1.4132538223191822,2.8896087583902204,74.33770976867794,0.6569490722784455,0.4492952310154126,3.075689907569999,0.12563364065342908,2.7008740039849353,1000,1.8458054204312422,7.0013287641024755,10.503829187787792,0.5133029930397343,0.7696221025139234,2.739461363966263,0.839731554073363,2.8518792867891216,1000
976,-0.18680956976235485,4.340291294490148,14.865414765377826,0.7048506744376718,-1.1668424819439747,1.645805382132216,-1.5683168916601915,1.1946977521354818,1000,0.45302141692895703,5.484480700365151,8.406119146117982,0.668789199638221,-0.83843398316615,1.7250240666413783,-0.8578054143619562,1.7638482482198703,1000
977,1.6698618143987136,3.8897841546770904,42.61248816032822,0.49919166975792295,0.4679551978083144,2.330801786288976,0.6914461416731846,2.6482774871242425,1000,1.4370801756037999,7.378499429185863,18.011167214797936,0.3661109309406902,0.46930925504660537,1.9601416054775773,0.7195027509600471,2.1546576002475524,1000
978,0.27688587314112434,3.3191513372285275,34.57701668598563,1.1192169832334828,-0.9479231587699444,3.0186067777578645,-1.916779413996502,2.4705511602787507,1000,0.9741819155116276,6.708989740240319,12.886140008678824,0.7887821618670415,-0.4406632484522397,2.801412339160474,-0.5718311217477738,2.5201949527710292,1000
979,2.1497530107419687,4.846159494470831,15.094881223165904,0.5264384302437742,1.1027772660768727,3.109005882265727,1.1179336874641712,3.181572334019766,1000,1.9144913152213805,6.55799962001952,7.793759725459753,0.5672666891394199,0.7725393782822427,2.9600095702229345,0.8026486045081176,3.026334025934643,1000
980,-1.531594913299274,2.00436532984342,47.59140256172788,1.676633525070872,-2.7686692477043136,2.83464019310062,-4.817796622438183,1.754606795839635,1000,-0.33206907641764394,3.984135932459121,15.124629557052192,1.193417716034136,-1.8958924714329395,2.7079969092505,-2.67116779984455,2.0070296470092623,1000
981,1.0015967773372139,5.912120939427031,16.047968121050726,0.6104125687232498,-0.0011152120185488465,2.219236086549352,-0.19481185736035567,2.1980054120347834,1000,0.9158740693784058,5.283263541244707,16.198596808026025,0.6059484466063628,0.08207516069909641,2.2056906960346265,-0.27178488597006534,2.103533024726877,1000
982,1.7051206884744474,4.140729310244789,19.85294777650163,0.32542425399194513,1.0177262776936766,2.311332926721755,1.067289150650235,2.3429522262986597,1000,1.569565748650914,4.323869569240964,16.494119553417512,0.43908319912006266,0.5469744742203747,2.2588965790121365,0.7089626783755912,2.4301688189262367,1000
983,2.277869042132944,7.329053692199195,7.196996350816731,0.3551261326566986,1.5969723447913557,2.9720795407368077,1.581821822125815,2.973916262140073,1000,2.101093533503508,6.70179576067437,7.284531122475601,0.39781492483446756,1.288559909556776,2.8331067558478207,1.3213762808279519,2.8808107861790644,1000
984,1.3510576002477581,3.842064487648197,30.68058501396357,0.6551047042041623,-0.3017721270257464,2.305447797152184,0.06705238000759994,2.6350628204879163,1000,0.8868306833234696,6.168044675626016,11.598743602820955,0.6131188208141183,-0.3416015576226185,2.081331053468245,-0.31488220547220225,2.0885435721191414,1000
985,1.9620012023685307,6.3697485494539965,7.95153450863612,0.4681633143383765,0.9678810532026249,2.7840461294058434,1.0444011062653127,2.8796012984717487,1000,2.133145358110098,6.246918518106836,7.229908574120077,0.5275092172440593,0.9473368185582817,3.018497537275282,1.0992272923117417,3.167063423908454,1000
986,2.644095215905148,2.5443343999185486,82.23103240620341,0.6399018263034779,1.1767099694590129,3.5713236696369273,1.3898876363503314,3.8983027954599647,1000,1.9234690526962153,4.502157522210463,21.857444609366308,0.5119183665623173,0.950376815161811,3.076559585309613,0.9201090542340735,2.9268290511583572,1000
987,0.8136920571723627,5.889842573691137,14.202917166662457,0.8409891389349293,-0.6176598482145556,2.524624470608084,-0.8346466551400988,2.4620307694848242,1000,-0.056728682896634464,2.452128647653055,40.145613509039265,1.2045889146760547,-0.8585957573760749,3.3522968465122,-2.4177229556617017,2.3042655898684328,1000
988,1.3057609389583948,3.0425545928300854,19.088590460515004,0.30104992040039896,0.7398484636709147,1.8781951378453334,0.7157030949736128,1.8958187829431767,1000,1.4046691342428672,4.047858656248519,9.029208054172626,0.40751692428156727,0.6844675626815985,2.0180872523121867,0.6059359626509954,2.203402305834739,1000
989,2.2777049855719063,7.170178569793564,9.189598969246621,0.4111150584141687,1.327161569927507,2.9756415768046742,1.4719194710801355,3.083490500063677,1000,1.8932091591494835,9.186057677387772,4.516498214195723,0.6248426819359962,0.5073573499551144,2.9079763096534172,0.6685175025549308,3.1179008157440364,1000
990,1.5399580007051532,4.372046870699069,22.778470757831233,0.6718635558655925,-0.08376907702688388,2.4375191348575536,0.22310543120859183,2.8568105702017146,1000,1.262009358555007,7.5770816360227435,11.454766100889616,0.5723132739784929,-0.08717335844597159,2.1584929026726547,0.14027534155716093,2.3837433755528528,1000
991,1.679145453955714,9.789367194821939,5.771130553408629,0.4271057375888475,0.8027829322919059,2.5250397633081088,0.8420182082815729,2.5162726996298552,1000,1.5187084019804966,7.731876941131966,8.674610190825481,0.40492014645730245,0.7321999251579258,2.3554142014768855,0.7250649149241838,2.3123518890368095,1000
992,2.0466012712504345,1.5572458634043145,122.2373855753409,0.5034922208454309,0.6051459993087257,2.5853727211215274,1.05975651839339,3.033446024107479,1000,1.3339257711567432,8.262332115888595,6.398545614448545,0.5455921219618161,0.20564415883295425,2.3253780680178444,0.2645652121115838,2.4032863302019027,1000
993,1.5875849035207168,3.8268847941595783,26.51756219019023,0.33336491264214013,1.0273525986831993,2.3352620283717456,0.9341896747421221,2.2409801322993115,1000,1.5825562548592003,5.9462360485126995,15.372735736884001,0.3553889452879776,0.9709843508067075,2.3634654952693785,0.8859939220947641,2.2791185876236364,1000
994,1.1179210145868357,10.05545454564836,4.168388261987208,0.43718908416066016,0.2866776992446816,1.9611697091393334,0.2610304096319418,1.9748116195417296,1000,1.2180967076588458,10.554817130114587,3.500441287139817,0.5232074232313882,0.22459837968916155,2.3060806848269952,0.19261015812532478,2.243583257192367,1000
995,1.174294581452813,5.82942130109206,12.71409012563333,0.5234114715618668,0.3864676855028697,2.3408589988671276,0.148408097191554,2.200181065714072,1000,1.2084996968814725,6.320999838284752,11.039319794342397,0.5107686723049731,0.4500425959350746,2.4104509964604546,0.20739309916372517,2.2096062945992196,1000
996,2.5335965157298794,5.098944694632742,15.215455484414314,0.4277794047712146,1.5434674000081163,3.2543616902613643,1.6951488823782987,3.37204414908146,1000,2.3231210602444095,9.106503526674606,6.978151683068896,0.44085131331991384,1.4550908393377193,3.1362167567597794,1.4590524861373784,3.1871896343514408,1000
997,2.048441856353728,6.591043489318525,15.386628643721153,0.5898069753768592,0.6990577170405456,3.0549066645755527,0.8924201846150839,3.204463528092372,1000,0.8654496027187866,5.6822882756551145,16.8000132671353,0.6616734584432946,-0.3148867151593974,2.44802707180777,-0.4314303758300708,2.162329581267644,1000
998,0.8971937483311776,1.4934364931006017,118.66020909663729,0.5361644359217963,0.32677917694769976,2.3823859525447117,-0.15368854607554305,1.9480760427378983,1000,1.3440459286321018,6.474208607993699,12.03742160529453,0.4967576696719525,0.4456568301351961,2.3765269984663298,0.37040089607507487,2.317690961189129,1000
999,2.57286410894015,1.719813022951613,87.32463576210851,0.6201832371439698,1.036259696482283,3.1914810776156433,1.357304964137969,3.7884232537423306,1000,2.2289128283134505,6.183493856984814,15.104020473655893,0.5110349804855927,1.1437434900058896,3.1517526428229496,1.2272842665616888,3.2305413900652122,1000
