trial,linear_estimate,linear_ess,linear_max_weight,linear_boot_se,linear_ci_lower,linear_ci_upper,linear_normal_lower,linear_normal_upper,linear_boot_n,quad_estimate,quad_ess,quad_max_weight,quad_boot_se,quad_ci_lower,quad_ci_upper,quad_normal_lower,quad_normal_upper,quad_boot_n
0,1.6806067621708045,12.90045924521401,5.885570106715579,0.4306964849018582,0.8910151487921858,2.6029754913940355,0.8364416517631624,2.5247718725784467,1000,1.5954142861774683,10.0864605613067,10.048328748648007,0.6200290721089947,0.39933749376986416,3.115804652998638,0.3801573048438387,2.810671267511098,1000
1,3.92596960433886,2.158174509396634,58.89259764754484,1.176896671608087,1.3339543711641897,5.3244600803329485,1.6192521279870093,6.232687080690711,1000,2.6205122168604005,2.668088355427004,29.993507896601283,0.9438632667594872,1.2675936982218756,5.004622121292942,0.7705402140118056,4.470484219708995,1000
2,1.0405239230341508,5.890285311814875,17.56202212354697,1.2123725127045877,-1.0039829766294184,3.454063010736578,-1.3357262018668412,3.4167740479351427,1000,0.5562442850729079,8.027467691339039,10.719196802149847,0.7955183984296025,-0.8643137168608332,2.4173757868881958,-1.002971775849113,2.115460345994929,1000
3,1.6674688655895964,18.185256672987407,4.402673868988099,0.5510269517831513,0.3955409686025419,2.6043300832041814,0.5874560400946198,2.747481691084573,1000,1.8563999863477207,12.753890438339527,5.800731714901005,0.7135681386519268,0.6580660324068067,3.592522976569363,0.4578064345899442,3.2549935381054973,1000
4,2.7023432622316585,8.310179879607151,9.675827277813807,0.8293912021880022,1.0805408216933072,4.3214105548430695,1.0767365059431742,4.327950018520143,1000,2.830640340179599,8.270670953232509,8.537600614993886,0.8525626922653162,1.1310193829279367,4.563899767834875,1.1596174633395793,4.501663217019619,1000
5,2.1226672087452636,9.22002131826107,9.319903848163078,0.615486591571357,0.9090946146733008,3.335150097674796,0.9163134892654039,3.3290209282251233,1000,2.9411427746762353,8.778346699644732,8.155256060181975,1.1574119355439623,0.6750102235539163,5.625109923631267,0.6726153810100692,5.209670168342401,1000
6,1.532902105332202,6.286330477016491,16.963258509323893,0.7386238466974905,0.3474738682234603,3.2393883468378646,0.08519936580512066,2.9806048448592835,1000,1.5268700891322042,7.68507754077917,8.586040978069864,0.661925756355016,0.40933155445063873,3.1472252356528556,0.2294956066763727,2.8242445715880358,1000
7,1.663764815504092,17.671398158338295,4.041930623400744,0.5058298763245038,0.6353338111973518,2.606844210652154,0.6723382579080646,2.6551913731001195,1000,1.9930585915100758,15.665086533332165,3.9658187882914415,0.6927544379707533,0.8407862207664883,3.682502281770696,0.6352598930873994,3.350857289932752,1000
8,2.8038955787956743,9.251831070912916,12.989461682147882,0.8732035077764183,1.1911666784269312,4.635253357201683,1.0924167035538945,4.515374454037454,1000,2.278373898834239,12.19880994984503,5.929808446888399,1.081675326567053,-0.3307058549555573,4.105284744070587,0.15829025876281522,4.398457538905662,1000
9,2.3590226488011634,12.627015605742146,8.235666807273525,0.5498873640365542,1.3031294606505075,3.529272233904168,1.2812434152895171,3.4368018823128095,1000,1.5750837907399822,7.248522473889136,11.41861727114333,0.6823889024531694,-0.016593314760595754,2.703409716159184,0.23760154193177008,2.912566039548194,1000
10,3.6835356694107335,8.611907108086712,12.03459428206121,0.957597409354929,2.3068611523710607,6.199116814627232,1.8066447470750728,5.560426591746394,1000,2.9315863481341857,4.523509791733059,13.697405227113375,0.5839791116218352,1.6921763831775727,4.0085018629894344,1.7869872893553886,4.076185406912983,1000
11,2.368196858758763,13.739833499372786,7.492894587026409,0.6167604692390841,1.0916400364814047,3.5790250179980316,1.1593463390501582,3.577047378467368,1000,2.578024495818899,13.831290768320526,4.7769489838411845,0.8769953969773793,1.0320174464888068,4.448025888233762,0.8591135177432356,4.296935473894562,1000
12,2.158449141972576,18.16621283658454,4.229482205077908,0.6077462702544411,0.9288665179605331,3.314199885653637,0.9672664522738714,3.3496318316712808,1000,2.264309273936009,15.282301847029547,4.505391313392359,0.9511523209556927,-0.06218233770138684,3.9939319423047155,0.4000507248628513,4.128567823009167,1000
13,1.3465737695690116,8.844289839091697,11.200059456949154,0.9575132787689125,-0.425412321680675,3.2586359031364,-0.5301522568180568,3.22329979595608,1000,-1.4625894232700625,2.655486310837818,47.892299657778786,1.6705006520588144,-3.272463694842876,3.1148040645632196,-4.736770701305339,1.8115918547652137,1000
14,1.5185897964955777,18.07035076979379,4.314052689795576,0.5142920628214172,0.5258654551910319,2.5572313167322194,0.5105773533656002,2.5266022396255554,1000,1.679997691359207,13.884506319357959,5.512812666222091,0.6617028545366471,0.24564722063453187,2.869359273338037,0.3830600964673787,2.9769352862510354,1000
15,1.428863679918499,11.108287083585743,9.224776320056112,0.5837723886739653,0.27417131366860165,2.6401569072722975,0.284669798117527,2.5730575617194713,1000,1.1592568010642679,10.344213506645666,9.784555454650466,0.6013708408767457,0.021377005787543403,2.4770768346678973,-0.019430047054153743,2.3379436491826895,1000
16,1.6489058224077762,5.763221379129508,21.758033912609974,0.4484093691530743,0.7647150103410781,2.511134038809059,0.7700234588677506,2.5277881859478017,1000,1.9146463557891444,8.685858557182575,12.420779756142487,0.6557996856873438,0.2897278416058771,2.9062319835461494,0.6292789718419507,3.200013739736338,1000
17,2.150424286681898,11.228717128654207,6.043795159209222,0.8320248167472625,0.6297460832694861,3.9613623006497756,0.5196556458572634,3.7811929275065324,1000,1.9070860183855498,8.700592196582523,8.326015013284941,1.1012026149445917,-0.16178960438627676,3.996464505725889,-0.25127110690584975,4.06544314367695,1000
18,2.1911403452851284,9.34601221503423,12.620984705138975,0.694468103735658,0.8078507987697996,3.4203441673233463,0.8299828619632386,3.552297828607018,1000,1.930195607912525,11.219572435435984,5.723412547088759,1.0042996347345918,-0.1853447356093275,3.8261368965188853,-0.038231676167274964,3.898622891992325,1000
19,0.9613766299903896,7.550493932308385,12.299437377173023,0.7835556831007854,-0.12659118437919378,3.139818073236965,-0.5743925088871498,2.497145768867929,1000,0.7998816042985468,6.167880100081745,15.225281553339716,1.3291284379059538,-1.123938061927508,3.9146475064222543,-1.8052101339971225,3.404973342594216,1000
20,2.504893151659719,3.3226179035803156,35.79375282886709,1.026566338767031,-0.07561064643385396,3.646283535016206,0.4928231276763384,4.5169631756431,1000,1.5339949566550115,8.59192908955145,9.620924422509454,1.1126097780377546,-0.413972710032832,4.066164796645051,-0.6467202082989876,3.7147101216090106,1000
21,1.8305721582466392,15.167273027794144,5.835010550133313,0.6346505882233411,0.5349181732570771,2.9470272639465924,0.5866570053288906,3.074487311164388,1000,1.4832480901836007,10.6333106673113,5.73165804318877,0.6332297803725989,0.24332920987292933,2.7897076624996395,0.24211772065330694,2.7243784597138943,1000
22,0.7354747769405838,7.46910901137639,15.53982282391042,1.0209327824610188,-1.456447602388525,2.605911337942482,-1.2655534766830132,2.736503030564181,1000,1.0863935505753943,6.357735049517424,16.10435678508894,1.3715168139053542,-1.9443309663721493,3.1469233092390003,-1.6017794046790996,3.7745665058298883,1000
23,2.5490180122471795,9.02386550512916,9.068982158852505,0.6363373655505127,1.3459619643880398,3.860843175569153,1.3017967757681748,3.7962392487261845,1000,1.5750168300392797,8.616636649758087,7.651076590114277,0.687629937766855,0.10499868839863798,2.876478256847276,0.2272621520162439,2.922771508062316,1000
24,2.849194809332206,5.457255582741598,26.666782820023485,0.9831658188280179,0.7265267312327134,4.364991575932938,0.9221898044292909,4.776199814235121,1000,1.827062075821634,7.986820038522017,11.424227306013247,0.7212286916855039,0.3489091092881314,3.266723057461828,0.41345384011804653,3.2406703115252213,1000
25,1.6177017979771793,14.387019702548729,5.985149823019646,0.6473875224119823,0.4828108121723758,2.9824092939868825,0.34882225404969414,2.886581341904664,1000,1.1577279932093716,8.982110016755888,11.892529443174581,0.8790228369620995,-0.41457435808320264,2.9959426242683063,-0.5651567672363433,2.8806127536550865,1000
26,0.6433399808657945,10.100635568817234,9.908879337424239,0.627345289661575,-0.5141787634185743,2.0604328817924507,-0.5862567868708926,1.8729367486024815,1000,-1.0768259183402353,3.749969198503564,34.067293885250365,1.3752763192861361,-2.721550396941775,2.3794717467083504,-3.7723675041410623,1.6187156674605916,1000
27,2.502432296879452,9.22911824909418,9.033217912110524,0.9411226306116524,1.217050107660562,5.0867448312795,0.6578319408806133,4.3470326528782905,1000,1.1230305397382137,4.895967725853222,18.17871716045256,0.5688611232885262,0.28699287922514666,2.146589278805811,0.008062738092702304,2.237998341383725,1000
28,1.81997610203895,16.44818639546881,4.441253643249545,0.5738585964907187,0.3761984482454608,2.674825109360554,0.6952132529171413,2.9447389511607587,1000,1.4080152237466832,11.431222498294144,7.809941267850303,0.49929399890252024,0.24463439271490517,2.306770051663183,0.4293989858977435,2.386631461595623,1000
29,3.6474545977969197,8.878763976268932,13.909392265684362,1.1350944653617783,1.2632609797326393,5.8963163371890435,1.4226694456878342,5.872239749906005,1000,1.5539921169775668,10.021918655781475,5.6797506290770245,0.9109332947355432,-0.5091911940288301,3.1576973145531477,-0.23143714070409782,3.3394213746592314,1000
30,1.629277069441922,16.559325536087183,6.129361840482368,0.540973204487679,0.7129104857993928,2.7739456215856624,0.5689695886460711,2.689584550237773,1000,0.985721891725091,12.047739193426086,6.414225842755211,0.8778017400912389,-0.8607370187164943,2.804159707898832,-0.7347695188537373,2.706213302303919,1000
31,0.8543149946162623,16.736906891294712,4.828796052711749,0.468216839473899,-0.06074336719614939,1.7798506487267722,-0.06339001075257977,1.7720199999851043,1000,0.9363279161869453,14.232929093685328,6.929678397128996,0.9948980515173534,-0.9586005930740781,3.1963139650469024,-1.0136722647870673,2.886328097160958,1000
32,2.6125166598287626,3.7379123521342534,33.689796010601505,0.7892435306943664,0.9404256106802308,4.178276764791553,1.0655993396678045,4.15943397998972,1000,2.4944413725983186,6.186741118933385,10.797412736316227,0.9457484351602753,0.6357491571346419,4.395677686253732,0.640774439684179,4.348108305512458,1000
33,1.4049629683849945,6.573169438730005,21.530178168285556,0.698027934251295,0.2960105909324633,3.0627205926972803,0.03682821725245633,2.7730977195175326,1000,2.24223319322754,11.299318686898884,6.434482889947242,1.0416176755092859,0.5899051489637044,4.7864434671485245,0.20066254922933968,4.28380383722574,1000
34,1.8402321898756089,6.085670650676937,24.83085417840024,0.6024599504808678,0.8082735470533633,3.291348924540318,0.659410686933108,3.0210536928181098,1000,0.36301521561968153,5.05724537169075,21.655977001946898,0.7823849560990263,-0.9553457982195659,2.104320857375355,-1.17045929833441,1.896489729573773,1000
35,2.554542664945919,5.8802898557301955,20.31256589888321,0.6465904210452456,1.2402730382653988,3.7459982027357754,1.2872254396972376,3.8218598901946,1000,2.0170279066516743,8.91122806920361,8.67214256586546,0.9652627300890732,0.459550907617157,4.227074723714713,0.1251129556770909,3.9089428576262577,1000
36,1.3884020810045938,9.062444581880639,12.9159229785834,0.8117572885254032,-0.46677858353938745,2.8503585710898123,-0.20264220450519632,2.979446366514384,1000,0.9765520829708849,11.272714274618464,8.967019868128592,0.7055986185982933,-0.38703576718316995,2.4741353529819143,-0.40642120948176985,2.35952537542354,1000
37,2.072956170985168,12.560925610441933,6.879294816368149,0.7416884591861928,0.7437487456491153,3.5644645836464757,0.6192467909802302,3.5266655509901055,1000,1.052324223218445,5.363297330244894,19.80064739937597,1.2582579968365082,-0.5599766514916759,3.829690184296834,-1.413861450581111,3.518509897018001,1000
38,2.838597777720729,12.663583094516932,6.932038486031567,1.011442268644912,0.8681636684790011,4.730502410898101,0.8561709311767016,4.821024624264757,1000,0.43833415168728695,3.6805373769528984,26.037630525771327,1.828170903772443,-1.8045504887795016,4.68854268246328,-3.1448808197067013,4.021549123081275,1000
39,1.4523760238798922,12.637440997740388,8.941913210716809,0.7371640684602966,0.17858523210031346,3.0348021448030935,0.007534449697710999,2.897217598062073,1000,1.0548053273247833,6.540818180274397,13.019348953783124,1.054469247750897,-0.4038531292638798,3.8975389395369846,-1.0119543982669748,3.1215650529165413,1000
40,1.8108306605538786,13.17279856529338,7.236974655336854,0.7204737569913796,0.4724247979468646,3.1506161776963624,0.3987020968507746,3.2229592242569827,1000,0.7068265642702292,8.284305280447388,9.894291305729897,1.008099211269428,-1.116338571732515,3.2364873257189135,-1.2690478898178497,2.682701018358308,1000
41,1.558400351929575,10.578043502616216,10.23132160633698,0.5347506365038849,0.5670442745713464,2.6581388595081865,0.5102891043819606,2.6065115994771895,1000,1.9810744175688133,9.501744360934012,6.477953314492316,0.738109255890665,0.4737588862227465,3.5515507266366897,0.53438027602311,3.427768559114517,1000
42,0.838403014530142,13.364600950881277,6.854608336074673,0.3502488205999484,0.16320261897265786,1.5123901402798248,0.1519153261542432,1.5248907029060408,1000,0.4171156636681399,12.811690235489655,8.799592674451489,0.5142243596119784,-0.5143776292909911,1.4499461806351488,-0.5907640811713377,1.4249954085076175,1000
43,2.8494453959797243,5.213894880670879,20.935004239823417,1.3799680270332515,-0.11466032217574619,6.008546405936325,0.1447080629945514,5.554182728964897,1000,0.5677216886018432,2.456435880003828,32.74623518098517,1.1292453635257098,-0.7340890826071808,3.3641988263783866,-1.645599223908548,2.7810426011122344,1000
44,2.164931672683023,7.76522350458053,14.769747794885738,1.494643704925302,-0.908880040658148,5.265501015343729,-0.7645699889705693,5.094433334336615,1000,1.2895541012260257,8.572146341138826,11.268745166852014,1.1880796133605958,-0.8815531505688002,3.5956932753724473,-1.0390819409607421,3.6181901434127934,1000
45,2.2955726013043907,9.075830296504718,11.872925170906486,0.8420503201273589,0.5443704158472922,3.956325950867915,0.6451539738547671,3.945991228754014,1000,1.3327927135701063,8.885656312098238,10.301326619504144,0.7884873819020516,-0.33848022879552103,2.950000087726946,-0.21264255495791473,2.878227982098127,1000
46,1.9651267239997532,7.2874652067169885,16.306652787156118,0.4024501946892942,1.2071142213900081,2.7164501675245925,1.1763243424087366,2.7539291055907698,1000,1.8324687625830869,8.39592898497132,11.423850629042512,0.5741822130536425,0.6155401345045219,2.9462288336002977,0.7070716249979476,2.957865900168226,1000
47,1.9718704019570281,15.374601398586035,6.314063303190522,0.6255541115346701,0.7143310519768385,3.2237921373433225,0.7457843433490747,3.1979564605649813,1000,0.30732555236395775,9.027375146109849,13.334486322719194,1.1866307387342159,-2.142102795648667,2.6658134567960614,-2.0184706955551053,2.633121800283021,1000
48,1.8315298685549142,16.29076533296238,4.462621680998971,0.54214697087487,0.844897445850189,2.9976398316364086,0.768921805640169,2.8941379314696594,1000,1.6581096181338477,13.891260575381143,5.940249373534335,0.597948878827035,0.6046262367197651,2.9218159883895325,0.4861298156328593,2.8300894206348364,1000
49,0.44255502763767574,9.59420704948848,10.777761818220362,0.6090490646400759,-0.5390743430544278,1.8382580038606122,-0.751181139056873,1.6362911943322245,1000,-0.6440086550552193,3.4028886778941017,33.123739497099876,0.9929564423629196,-1.96859051170787,1.940619568012131,-2.5902032820865415,1.302185971976103,1000
50,2.7142885384801536,12.775017423294253,5.22411937851235,0.6295041203045613,1.5682229004953723,3.9948998457225597,1.4804604626832136,3.948116614277094,1000,2.543836054123564,8.591833202169262,7.7058929174121795,0.8226814694225413,1.0213471270629426,4.24531066413861,0.9313803740553832,4.156291734191745,1000
51,1.546817957269935,8.275152866943932,15.408341375230544,0.609648768060648,0.47774316492251406,2.923399384313944,0.3519063718710649,2.7417295426688053,1000,0.9606653863909496,5.03268160240245,15.751653523293498,1.0231244080833801,-0.6953772455640014,3.3379931060775485,-1.0446584534524757,2.9659892262343748,1000
52,0.9347152605095905,4.19584305110132,26.441321962766466,0.527465018040902,0.22875682862047622,2.3860845182577246,-0.09911617485057733,1.9685466958697584,1000,1.3081843677696443,10.047444078900709,7.373309762492733,0.6557255597636265,0.17985668569426144,2.75996346783302,0.022962270632936432,2.5934064649063524,1000
53,2.860527909101314,4.011090387411513,27.188279489018612,0.9086654988654661,1.6434451994089907,5.073412597436263,1.0795435313250006,4.641512286877628,1000,4.46861505793612,1.9422501064049706,33.81264429839029,1.1106519718222256,1.6071638142760991,5.580115876352497,2.2917371931645576,6.645492922707682,1000
54,2.323868155236018,7.881261365958456,17.848365673337046,0.7993357882263936,0.8162764495304362,3.9739038254071883,0.7571700103122865,3.8905663001597492,1000,0.9830024404305617,7.274693364096569,17.16356147610098,0.8076193191573126,-0.2554694662915108,2.817394063943235,-0.5999314251177708,2.5659363059788944,1000
55,2.377372836547777,12.659072672770758,6.487545774199792,0.5311085526238539,1.3029170227841935,3.452169233781574,1.3364000734050234,3.4183455996905305,1000,2.709014323932583,12.192105600226846,5.78522799949397,0.8591359455106427,1.0384873138874415,4.615268830278053,1.0251078707317232,4.392920777133442,1000
56,2.484934921742636,10.81676791036471,9.418832617428148,0.676292296992251,1.332148609515376,3.9935154342488164,1.159402019637824,3.810467823847448,1000,1.9296512801925632,7.272546830216315,14.045336356095895,0.5682537975461149,0.9553280305605796,3.287162914562681,0.8158738370021779,3.0434287233829487,1000
57,1.8965736978181766,15.887670441161845,5.253897058629255,0.5784530940007048,0.8294743309282483,3.229461328969685,0.7628056335767952,3.030341762059558,1000,1.5087965921384885,8.432598402332538,13.509913409902905,0.6284181248582457,0.2745465950390284,2.848566585404649,0.2770970674163271,2.74049611686065,1000
58,1.9868961932653775,10.973300592748712,9.54427162810454,0.5196097405025085,1.049130320196098,3.099447205382114,0.9684611018804608,3.0053312846502944,1000,1.511322655571349,9.883186079652512,11.43789955721495,0.786280215924967,0.1104316158839641,3.119267059175055,-0.02978656764158627,3.0524318787842843,1000
59,2.7841198100651283,7.029044159299737,14.597163180344053,0.5228236007160814,1.8901788376492215,3.900573879081973,1.759385552661609,3.8088540674686477,1000,2.724781623752053,5.7654595991605255,12.693344157564947,0.6592121709672228,1.6542914141550582,4.182749093946121,1.432725768656296,4.01683747884781,1000
60,2.5368523764671913,7.701166558249939,15.087848433985908,0.6245896946135553,1.5122530669170569,3.8528701863810073,1.3126565750246229,3.7610481779097595,1000,3.168971207706829,12.754351073377782,3.466914167719173,0.8089949161617682,1.5954692851910044,4.875339929973679,1.5833411720297634,4.7546012433838944,1000
61,2.2536113927419663,18.215524464959312,3.6400921762340186,0.5172551449629826,1.2102637556902307,3.183523278469867,1.2397913086145205,3.267431476869412,1000,1.3717011116511741,10.252860437787438,8.907374419466004,0.8332518954949788,-0.051219698524365,3.0485821641522697,-0.26147260351898427,3.0048748268213323,1000
62,3.3233494721377976,3.7401369146233527,44.42982023400568,0.9265385107920183,1.4502066148084802,4.461846969995505,1.5073339909854417,5.139364953290153,1000,0.6617344410648305,5.897050225043492,7.688563372290279,1.822330385920152,-2.450523681376674,5.256548646660224,-2.9100331153386674,4.233501997468329,1000
63,1.191803321999989,3.0710617604097386,44.72829037603721,0.6309269966545745,0.22984033276273041,2.8124231878785677,-0.04481359144297703,2.428420235442955,1000,1.1149310527635556,10.344083166396356,6.757008010858886,0.7441916924729289,-0.4736831304201472,2.4006218052380097,-0.3436846644833851,2.5735467700104966,1000
64,0.7288808109282416,19.13330520278905,3.410226519172092,0.5754053835405305,-0.29879730504277413,2.010827414000927,-0.398913740811198,1.8566753626676813,1000,1.6849307403882545,14.697603268425143,5.835698786438601,0.9426159846720267,0.17111868839125968,4.100141776106352,-0.16259658956891765,3.5324580703454265,1000
65,1.8693470458390216,15.071942678276779,5.928758722154289,0.5470383382154264,0.8574427390680308,3.0515221018412872,0.797151902936786,2.9415421887412574,1000,1.5606527018039,10.011209141036728,8.525996585829235,0.5579272724352297,0.5699395336689934,2.9233138080842096,0.46711524783085,2.6541901557769503,1000
66,2.2424418541030082,7.891685649426793,13.697106599539088,0.9198682896996953,0.15911240486411246,3.8300597081422905,0.43950000629160546,4.045383701914411,1000,1.1707611584801432,11.11889071335005,6.154333689876935,0.6703842817205501,-0.3949452899442369,2.2202564628967947,-0.14319203369213507,2.484714350652421,1000
67,0.9500171893615135,15.881289873223132,6.258254264360158,0.5195979710844949,0.03241711447854592,2.078614105259858,-0.06839483396409651,1.9684292126871235,1000,2.0001476648114243,9.335442197628561,11.652309885614992,1.1976405718297265,-0.43854144871709266,4.5436536897149455,-0.3472278559748396,4.347523185597688,1000
68,1.886426163180223,11.66760869005164,8.58739024968831,0.6511572635689502,0.6440392598067487,3.1754453030163536,0.6101579265850807,3.1626943997753654,1000,1.5668626758668114,11.33050471001476,6.80052884105749,0.7321061039071541,0.0756662948934914,2.9615146391366265,0.13193471220878927,3.0017906395248337,1000
69,2.173875459921984,17.480406844869,3.974893139020945,0.6209573276610113,0.768857418365103,3.2398534952775604,0.9567990977064016,3.3909518221375663,1000,1.9238024255978787,10.742790458813552,5.082416263824427,0.6943599000262298,0.27535711118743733,3.0584726014122237,0.5628570215464683,3.284747829649289,1000
70,1.2853726560232797,9.680751149603854,10.290817687578265,0.6102626838635126,0.30047442553900316,2.7209081032366216,0.08925779565079495,2.4814875163957644,1000,-0.31954337111333153,5.261415597182111,23.162287895863862,1.489622356522489,-2.795971074360312,3.0678046151554716,-3.23920318989741,2.600116447670747,1000
71,1.4432863640004396,7.89274349293636,9.822467148360813,0.7323391702049411,0.20654490829918337,3.066932876511875,0.007901590398755154,2.878671137602124,1000,1.41612971819701,5.764361647905508,14.520595207166425,0.7864558799060954,-0.08216641680792086,2.8975610246030867,-0.12532380641893703,2.957583242812957,1000
72,2.5223091509733626,14.794839380643605,7.186952201552777,1.1430525178287323,0.824224645016356,5.423541702058447,0.28192621602904744,4.762692085917678,1000,2.066742213886588,6.968335958148455,8.166454269748012,0.6411562101515065,0.5997206712487098,3.183108084665698,0.8100760419896353,3.323408385783541,1000
73,1.064982461696566,6.184008518444733,20.760748024653655,0.7513971683599662,-0.17141927494562975,3.08118672135843,-0.40775598828896764,2.5377209116821,1000,1.505255498260293,8.38114355369494,9.143890259666424,0.6065652490748114,0.23139433283752042,2.6783694767305803,0.3163876100736629,2.694123386446923,1000
74,1.3981570259114018,7.972231144188421,12.719528017444473,0.5437983422588603,0.47579750268583454,2.700819054110401,0.3323122750840357,2.464001776738768,1000,1.118495154558119,8.237635739827873,11.482035098757093,0.798841745587372,0.012427376511684303,2.9442060756000417,-0.44723466679312995,2.684224975909368,1000
75,2.610187883018601,8.425884118808442,13.032096601549148,0.8348884592477712,1.0807917358484098,4.280748894320097,0.9738065028929697,4.246569263144233,1000,1.2868377542361715,9.13170110209728,7.617256121632795,0.750388252956236,-0.04341264909689182,2.9628479147152547,-0.18392322155805108,2.757598730030394,1000
76,1.9465142418450136,7.616264806924844,11.380511841193613,0.48228662629820296,0.9616597569187177,2.7861761982240374,1.0012324543005358,2.8917960293894915,1000,1.6999007009328233,8.614522398927104,8.41271183248649,0.620427217384958,0.4425007391540115,2.8362554232077994,0.4838633548583058,2.915938047007341,1000
77,1.9053371014712372,7.031766945096204,17.950607157828852,0.5834041334123329,0.7349887317048214,2.9419746334236363,0.7618649999830649,3.0488092029594096,1000,1.3890008929567756,11.608906555999654,6.174972461376733,0.902184265088826,-0.3667440318250615,3.1418642201949214,-0.37928026661732317,3.1572820525308742,1000
78,5.163614721243476,5.462621450989479,20.44288568249312,1.8885754167506412,1.4957359430360189,9.071536519329964,1.4620069044122195,8.865222538074732,1000,2.035058697390368,5.327098863961482,11.748191388713023,0.704774725482434,0.5261950843695755,3.3457102987324485,0.6537002354447972,3.4164171593359387,1000
79,1.4131482937115885,15.970838107461079,5.3120844752382546,0.5146372999981926,0.5659147809171939,2.572365734266557,0.40445918571513095,2.421837401708046,1000,0.5882896866821494,8.81703756159442,12.495598912839114,0.9735677490162473,-1.1140438734196125,3.063587548365977,-1.3199031013896954,2.496482474753994,1000
80,2.5435073345359727,10.582815112641002,6.914740564535524,0.5626679274938241,1.4075508954867713,3.6328586074437035,1.4406781966480775,3.646336472423868,1000,1.7339489575873093,6.517376334471731,11.713637906683445,1.092341001669122,-0.023454411843743497,4.014975900292157,-0.4070394056841695,3.874937320858788,1000
81,1.2175098795281358,14.156641176693046,8.215634700776798,0.7530588068416576,-0.027945517891525502,3.155837707375167,-0.25848538188151293,2.6935051409377846,1000,1.0369094274306285,9.01119430091303,8.587982802825064,0.5088245260769335,-0.1214583060231221,1.904906745869208,0.039613356319838866,2.034205498541418,1000
82,3.1712763919600846,4.706793866602549,20.02930156956232,1.4427058848870322,0.0008800259223780406,5.34286481536021,0.34357285758150136,5.998979926338668,1000,1.4015102332815408,7.963255054128483,9.370864665451382,0.9831212824674654,-0.4636154589289444,3.3288686159068277,-0.5254074803546915,3.328427946917773,1000
83,1.4620137267508384,6.853071465835203,16.84258846946477,0.8189890725190618,0.24427000759781445,3.5364763122911578,-0.14320485538652283,3.0672323088881996,1000,1.6159201213541814,9.001160470498792,11.545415416702255,0.8033115917966527,0.17279995176495705,3.333693121628883,0.0414294014327421,3.1904108412756207,1000
84,1.1717627121078342,10.894393907277955,8.336852044177279,0.6167032108340655,0.08531059271003602,2.5312000677313407,-0.03697558112693411,2.3805010053426026,1000,0.7335805380885847,10.668254889722883,6.088339825993808,0.7965604270913466,-1.0446391262180161,2.2471610272223854,-0.8276778990104545,2.294838975187624,1000
85,1.3332729770406797,16.288406830617614,6.510861097979233,0.6168445829608111,0.171975757631921,2.685876130077289,0.12425759443748996,2.5422883596438695,1000,1.9790132156901845,10.138530292835448,9.299962480875488,0.7928962060166626,0.3515383970738319,3.6115585536748944,0.42493665189752594,3.533089779482843,1000
86,2.0824427086340798,10.295721603403353,10.3440523500331,0.6742390552585035,0.7534983338685266,3.3828425344974447,0.7609341603274129,3.4039512569407466,1000,1.6775302715122593,11.853278127067231,6.004141650799943,0.5578354577295053,0.6492281642307735,2.8278901541454213,0.584172774362429,2.7708877686620896,1000
87,2.194157780676239,11.552491732378753,7.802296568294153,0.5867867819150311,1.0926968165149382,3.3378034741328384,1.044055688122778,3.3442598732296998,1000,1.4099915950510682,7.7897832324435505,13.7060919029547,0.7382243982994215,0.11991928186972427,3.1892018620738836,-0.036928225615798116,2.8569114157179345,1000
88,1.4865284156322862,10.75856588498534,9.263414234541584,0.7643265812971196,0.3854458041323793,3.597784397553283,-0.011551683710068206,2.9846085149746404,1000,0.8002222263294732,5.972839172222159,14.359673448087323,0.7024949399500335,-0.52310062764214,2.156499979001612,-0.5766678559725926,2.177112308631539,1000
89,1.5296695661741966,11.258342143150855,9.945469689618355,0.7411622212432338,0.3121855260288951,3.199466804664511,0.07699161253745834,2.9823475198109346,1000,0.3255207032420513,6.256726926507965,14.18280291058004,0.9064441370273785,-1.2053114154147413,2.258591334215529,-1.4511098053316105,2.102151211815713,1000
90,1.8500476239278256,14.01030316369721,6.353707065338779,0.5490458152513308,0.7936732906883832,2.9204720464046403,0.7739178260352173,2.9261774218204337,1000,1.5246868699032117,11.939760555327323,7.342595300767036,0.45606410592288243,0.5822292873924422,2.3377323628868054,0.6308012222943621,2.4185725175120614,1000
91,2.990229176453207,4.801221455860387,26.213845713581634,0.5741324013861057,1.8738867931195335,4.141364445853742,1.86492966973644,4.115528683169974,1000,2.566712329480718,7.646839842007459,10.471599904547153,0.7092282589501383,1.3818172546106935,4.035041226275994,1.1766249419384471,3.956799717022989,1000
92,1.5451339171438037,7.753576175345266,12.834154642459705,0.560254746736173,0.18863657808049272,2.4532122197079986,0.44703461354090446,2.643233220746703,1000,0.3141204571123746,9.197753825247142,9.92215778313267,1.123888524833927,-2.198477115650823,2.4664001101990474,-1.8887010515621223,2.5169419657868715,1000
93,2.3520753364722786,9.790469500791422,9.753019795480528,0.7870983510385723,0.8137943917386151,3.828828431195368,0.809362568436677,3.8947881045078803,1000,2.8360487868931616,9.515045918152518,8.032431816771625,0.8400075971138709,1.1309973929529822,4.422307381092597,1.1896338965499749,4.482463677236348,1000
94,2.246032446978851,13.085505886923318,4.976229332951983,0.6625315142727196,0.9582268200446256,3.5527580400496257,0.9474706790043204,3.5445942149533813,1000,1.4893269073787538,6.145888916531032,11.585886076530539,0.8121331827483861,0.0836681557594125,3.6835436408220623,-0.10245413080808285,3.0811079455655905,1000
95,3.201528576460174,7.757280083181149,13.041087786614764,0.7434052921432768,1.6781598883957964,4.635085872982286,1.7444542038593516,4.658602949060996,1000,2.3802945047298643,5.750265020215751,14.717714288564208,0.9237654334559016,1.052216833644607,4.47377621255722,0.5697142551562973,4.190874754303431,1000
96,2.1562500299147898,6.666534573408772,19.190767407437324,1.032919591462328,0.2473519389131366,4.349389960034815,0.13172763064862725,4.180772429180952,1000,3.291894037430119,5.401248316495194,16.869041664678512,1.8069776871597818,0.0838336722220792,7.026046753378725,-0.24978222940305317,6.833570304263292,1000
97,1.5208470565785583,14.67987804434373,7.213249115968527,0.5827990070844011,0.4571881928708657,2.80562062078273,0.3785610026931321,2.663133110463985,1000,0.8712525005232896,7.8654534510551475,15.150061696544846,0.7755519000137234,-0.24640591801264222,2.779987105639674,-0.6488292235036082,2.3913342245501874,1000
98,0.6287714506794833,5.435533250901647,18.81563496955999,0.5599336877614814,-0.381483761105272,1.8447432287005547,-0.46869857733302034,1.7262414786919869,1000,0.8072521047341776,7.635841513966529,11.792302291937888,0.7447961969128797,-0.296418867445541,2.6468909657140354,-0.6525484412150666,2.267052650683422,1000
99,2.2937779277877124,15.556339987632134,6.225805780711004,1.1146814188370266,0.779950282846022,5.1489347589984735,0.10900234686714017,4.478553508708284,1000,-0.47352276033563667,2.241999079103295,51.86110537133165,1.3836575216642828,-1.9956439103175947,3.181507582407126,-3.185491502797631,2.2384459821263576,1000
100,1.820657523323768,2.6882045774262733,48.584764243792925,1.0229900816698851,-0.8189531595484384,3.002131358876297,-0.18440303674920688,3.825718083396743,1000,-0.5813843224451323,3.0629718206394436,32.30833836469928,1.382133615599725,-2.263065165551349,3.0065886375367397,-3.2903662090205934,2.127597564130329,1000
101,1.8452694608286755,3.2311738014458484,43.13582318285389,0.7071222986273729,0.5221740737187701,3.3676970651684703,0.45930975551902464,3.231229166138326,1000,0.43734319532202726,7.061813217488852,12.599410597092694,1.362808621812491,-2.1560343568329476,3.8366889288664057,-2.233761703430455,3.1084480940745096,1000
102,1.7462437043289163,10.60155193657469,9.913892873024784,0.629429145659468,0.6126458390842655,3.1429756457693325,0.512562578836359,2.9799248298214733,1000,1.1205210873280107,10.603536297910276,5.375807304228496,0.7802326423625057,-0.5139556178065506,2.5948508787863283,-0.40873489170250044,2.6497770663585216,1000
103,1.6477497992476096,16.364372832810268,6.0883245479979715,0.6008118480767085,0.5226055906519842,2.8601082169318315,0.47015857701726094,2.825341021477958,1000,0.8383026862170304,7.982071804724251,15.310818429154704,1.0412896858003067,-1.0426434159596512,3.0858049667785035,-1.2026250979515707,2.8792304703856315,1000
104,1.749564110255615,10.018719350078172,11.035297471479803,0.7658628483379003,0.40336137511400116,3.4816599859121244,0.2484729275133304,3.2506552929979,1000,2.434327364852352,5.062332831316722,10.958002310730862,0.8414965813061723,1.036544547643382,4.338583357961579,0.7849940654922543,4.0836606642124496,1000
105,3.088060138957429,4.2530602011876235,31.08543207957344,1.5102891151332667,-0.1629868877374851,5.033773497202585,0.12789347329622647,6.048226804618632,1000,1.296283345263401,7.5336149760905835,11.103376013688838,0.9776284208831503,-0.7681892798294175,3.17481024054351,-0.6198683596675734,3.2124350501943755,1000
106,2.4528351744889774,12.996991770859204,7.240038307977081,0.5712790085738683,1.4393291498557026,3.6351887168614674,1.3331283176841955,3.572542031293759,1000,1.7453670254303613,5.122717347999076,21.269160154440968,0.7849280493936356,0.531860647448419,3.5247039255077466,0.2069080486188355,3.283826002241887,1000
107,2.4076683614048466,7.276945156428154,18.005782860249873,0.6800528231998076,1.0239860705719452,3.6793903182075254,1.0747648279332236,3.74057189487647,1000,2.381754122788193,6.374958115975408,14.156657768740136,1.2533591292928012,0.28750766176899367,5.349149080111725,-0.07482977062569773,4.8383380162020835,1000
108,3.5624488856649976,4.002452022364484,24.986340065612307,0.7293426726246289,2.378953673167597,5.308482503433347,2.132937247320725,4.99196052400927,1000,3.1181392914215347,5.385156980159446,11.504036074595792,0.46389049863376935,2.0998528919750283,3.8952211556833753,2.208913914099347,4.027364668743722,1000
109,3.1359899865021843,5.099716422759631,18.172625753589973,0.5242944140294767,2.1833899568559203,4.194206415007623,2.10837293500441,4.163607037999959,1000,2.7476330407254856,2.0926276307188294,42.68959167570556,0.8043493201749191,1.7612564822498722,4.908587418292568,1.1711083731826442,4.324157708268327,1000
110,2.0819519772906827,11.663402948813594,7.7491889493520425,0.5460829038305596,0.983775008308563,3.2121140350983595,1.0116294857827859,3.1522744687985798,1000,1.2426748122044033,9.30770451552129,6.27286709429522,0.5682243716398204,0.07129841622352323,2.250714177411596,0.12895504379035527,2.3563945806184514,1000
111,2.6981826376696603,4.3371420239440805,32.16406905676117,0.6462674046005739,1.229585951547936,3.744934094238017,1.4314985246525356,3.964866750686785,1000,1.7249880822555343,9.859309933850612,9.643032906734048,1.0182722262628476,-0.35039036557679437,3.7085052111080135,-0.2708254812196469,3.720801645730716,1000
112,1.8528019920008059,15.75511868072458,4.884538262055494,0.9486345666071295,-0.2398401349202147,3.589737810800225,-0.006521758549167922,3.7121257425507794,1000,1.8959222923733687,7.107174219948116,12.697464522462592,0.5324827905521092,1.005635811503974,3.037411533897676,0.8522560228912346,2.939588561855503,1000
113,1.7117898057586243,2.2070116700649836,63.900096678224365,0.7025691241136054,-0.33127468502010987,2.8828034413111427,0.3347543224959577,3.088825289021291,1000,0.7639383836125704,5.695005211347398,14.670827297693352,0.9254313305529891,-1.0162182090278113,2.723652431047376,-1.0499070242712882,2.577783791496429,1000
114,1.5415135885591174,6.91799089719707,17.736497779344425,0.5459380489439994,0.6619231151045832,2.8993668852255188,0.4714750126288785,2.611552164489356,1000,0.9708629723229976,8.281970306822256,12.077287736446262,1.0796311809625279,-1.5106810128487203,3.359272323981362,-1.1452141423635571,3.0869400870095522,1000
115,1.181246572762424,6.656561433538293,19.88629473698882,0.8011762602028745,-0.2782798852672761,2.9105508467848704,-0.38905889723521003,2.751552042760058,1000,0.9402814460923805,11.143107559730437,3.655484850611153,0.7221072961470962,-0.5110589607238505,2.355594303552474,-0.47504885435592814,2.3556117465406894,1000
116,1.9967331951294396,8.434614671754069,10.435961541089492,1.28899589739827,-0.17103844275856683,4.876538979161278,-0.5296987637711696,4.523165154030049,1000,0.4639057692018054,4.918275686195612,21.148026563553525,1.132906690730148,-1.3071737229633913,3.400066894404168,-1.7565913446292845,2.684402883032895,1000
117,2.9333999966401865,5.04893153597331,18.259726707697403,0.6044407658795985,1.5635592341546427,4.021501604671771,1.7486960955161734,4.1181038977641995,1000,2.302975851764065,7.91425031879694,7.0965266928340505,0.8374815512392482,0.7146268833047906,4.036210497539596,0.6615120113351387,3.9444396921929914,1000
118,1.8399580676943763,10.544116530375998,9.521341190130892,0.9541180304085483,-0.39819117633166484,3.43681116863742,-0.030113271906378136,3.7100294072951305,1000,0.7201475134899997,7.614637885646295,15.747662661070805,1.2112821089524999,-2.2688010980462594,2.8862102574771122,-1.6539654200568998,3.0942604470368993,1000
119,2.442084608163916,11.186158738102694,8.82102003620426,0.6457741760372386,1.2319785488338735,3.739212830341123,1.1763672231309283,3.7078019931969037,1000,2.9582111000051485,8.015326738756134,9.85572884878997,1.351828317398147,0.3338178655967516,6.09284007609828,0.3086275979047808,5.607794602105516,1000
120,1.2778443525746521,5.054054969770453,27.560712497007586,0.5352270146450322,0.26057011900789295,2.4007141849743823,0.2287994038703891,2.326889301278915,1000,1.6026045888457834,8.848161552312304,8.148790024213861,0.908187208442038,-0.21025909428276401,3.4069508677735945,-0.17744233970061107,3.382651517392178,1000
121,3.887418342603843,4.265646800074356,24.975656366141042,1.1110300056277735,0.9701168034157734,5.374483441651175,1.709799531573407,6.065037153634279,1000,3.01390308018103,8.832732487590075,8.004529716168701,1.172309504294754,0.6496605717587669,5.160354083659496,0.716176451763312,5.311629708598748,1000
122,1.3190818562475888,16.89799283697061,4.541601479161679,0.6127311143228955,0.14031807749418646,2.5544445052618157,0.11812887217471357,2.5200348403204638,1000,1.550030199718755,6.557730225763773,16.64676279750462,0.8030847530121948,0.3564656289245783,3.3678156330724085,-0.024015916185146757,3.124076315622657,1000
123,2.600553860462188,14.149731228267465,4.839487776339285,0.5404194322014951,1.5077690406012885,3.660085384811399,1.5413317733472574,3.6597759475771183,1000,2.8782894763578133,14.424344040457227,4.093942923305067,0.9078847043522434,1.2716992268145486,5.027369016489933,1.0988354558274163,4.6577434968882105,1000
124,3.4246485027990086,6.193852617711295,19.308779475494653,0.6866106495220228,2.04258378956408,4.677189113550446,2.078891629735844,4.770405375862174,1000,0.2097810881009643,3.9400809909961674,19.38572663471919,1.4251956304186113,-1.8469442528370084,3.803906158196588,-2.583602347519514,3.0031645237214426,1000
125,2.9598379376657573,6.05498343217032,21.772193757820567,1.1863036217060574,0.45680561769897743,4.893438013391634,0.6346828391218846,5.28499303620963,1000,0.5350991421659428,5.183217274258178,20.89810561781917,0.9428769866666781,-0.8610017544208848,2.7827530200877533,-1.3129397517007462,2.3831380360326317,1000
126,1.9286318411613137,11.684769090017282,8.489658132342445,0.5250059455543832,0.8988146132726809,2.9605804505807187,0.8996201878747228,2.957643494447905,1000,1.9934330390263815,12.823262019237967,5.551839581311378,0.8191965650305234,0.5187173084559303,4.053847071458892,0.38780777156655555,3.5990583064862074,1000
127,0.9053869872747256,13.305834045135715,7.21944594388692,0.590032949600604,-0.3579725848447886,2.0183527952300695,-0.2510775939424583,2.0618515684919094,1000,0.6391603203341361,8.744637479625451,11.73751479291228,0.7578162571583269,-0.862593694697497,2.3026070096648716,-0.8461595436961846,2.1244801843644567,1000
128,1.5803687900620143,11.184691259380573,9.004884994702033,0.6636101738881851,0.30189801268302935,2.9946673379486906,0.27969284924117144,2.881044730882857,1000,1.0987665667529232,10.925797174674694,10.004032989476984,0.7784844108391389,-0.4208013768025481,2.8005003762445635,-0.4270628784917889,2.6245960119976353,1000
129,1.9966888437261023,17.531744317452887,4.0864383981311505,0.43184112165389893,1.1257800934349214,2.8255530297050973,1.1502802452844605,2.8430974421677444,1000,1.6992053002814438,10.671353657543488,5.331682541809016,0.5688669420207682,0.6583351106763176,2.8309384487058895,0.5842260939207382,2.8141845066421496,1000
130,2.148754886150856,3.2725043922554224,42.855229713802146,0.5698981565390577,0.842303809097624,3.0236356207703436,1.0317544993343029,3.265755272967409,1000,1.4804567305180103,8.491837398353397,7.294060034533146,0.8711919395777089,0.04935336579815893,3.475756652505817,-0.22707947105429915,3.18799293209032,1000
131,6.0428487763138445,1.8013411355657507,115.83983422040373,1.7166772166057123,1.071964063879424,7.393722946430155,2.6781614317666484,9.40753612086104,1000,1.9494658852671216,8.081463148214512,6.827988267481474,1.0110435281922066,-0.26858109687281123,3.9326464604395617,-0.032179429989603214,3.9311112005238464,1000
132,0.9552518825293306,8.421514026244163,13.12466499952895,0.9316925458129721,-0.6314042716969467,2.9389142280089904,-0.8708655072640947,2.781369272322756,1000,0.28564896137499707,9.923873794052106,6.250941777250807,0.6443290365216666,-1.0744089226364182,1.495566306950511,-0.9772359502074695,1.5485338729574636,1000
133,1.9045882776784964,13.794704495806347,5.483639363798984,0.6665326229269956,0.7455643717716096,3.360627094274823,0.5981843367415851,3.2109922186154076,1000,1.7203491539733544,7.147445929442546,12.118503227854614,0.6721121899400133,0.5218161668121397,3.1107526313882947,0.40300926169092843,3.0376890462557804,1000
134,1.389912416202157,9.695956062934018,10.926941679292122,0.8408987597390034,-0.22756898214271096,3.249621717090871,-0.2582491528862896,3.0380739852906036,1000,1.4294065450270668,10.084373345524472,8.62974775919147,0.8239967348444337,-0.17052913322098542,3.266618237943722,-0.18562705526802326,3.044440145322157,1000
135,4.324512009003723,5.44952681757762,14.401442345316777,1.270955678600134,1.5787730876451642,6.493133211888116,1.8334388789474603,6.815585139059985,1000,3.895223263712176,9.377221193223262,5.093126620864585,0.9151991464283235,1.9143437034227324,5.650259535542596,2.101432936712662,5.68901359071169,1000
136,1.1647992710946058,8.845272693894966,13.064812048531344,0.760306102970569,-0.24047374733831367,2.6104009841281646,-0.3254006907277094,2.654999232916921,1000,1.2618502609506406,11.192927223733488,7.5095492878719785,0.674826341244033,0.10037474271747536,2.923416786026044,-0.060809367887664,2.5845098897889454,1000
137,1.2323719317654902,3.898616534181076,35.60064549205288,1.1527003908243745,-0.06507565122330854,4.048178653268248,-1.0269208342502836,3.491664697781264,1000,1.509889186776372,2.3446122154389784,49.00154483103538,0.943745434312148,0.5322302942098521,4.315831397291184,-0.339851864475438,3.359630238028182,1000
138,2.378454071511314,18.60667964305122,3.4704074937338536,0.5934995532709626,1.249882898361923,3.5460498085634,1.2151949471002272,3.5417131959224006,1000,1.9198486154628953,3.9388409903036132,20.294042198234713,0.7511568035787345,0.8846915805794195,3.8770080627652472,0.4475812804485757,3.3921159504772147,1000
139,2.912712797542776,7.3127775980547005,14.62285051717851,0.7653750971564272,1.3050591377602263,4.332815941112898,1.4125776071161786,4.412847987969373,1000,0.896570719325485,5.082777588082808,14.6529688759077,0.7415393717432586,-0.27304878461734977,2.61079583919636,-0.5568464492913017,2.3499878879422718,1000
140,1.8206010898083185,13.952292965824965,7.1652176920110024,0.4900677372701537,0.8337590272962749,2.713014263570575,0.8600683247588172,2.7811338548578197,1000,2.0223429522674468,9.592572176899525,9.748691011777378,0.8669452721869328,0.21618768705938127,3.689703155497094,0.3231302187810583,3.7215556857538354,1000
141,2.7662453784840104,4.082997600789518,25.0562190073451,1.502371151531911,-0.32716557938589924,4.76028471879225,-0.17840207851853496,5.710892835486556,1000,1.663417159276095,7.088165881410342,10.991953674416767,1.0517259883224963,-0.7598454523827821,3.3358802482716627,-0.39796577783599796,3.7248000963881878,1000
142,1.8534973634427114,8.329308853582596,12.608108311775878,1.0082881987400658,-0.23266355873841152,3.9088666983617455,-0.12274750608781759,3.8297422329732402,1000,1.3688752815413638,9.946159507412526,9.256999858945623,0.8554602281951502,-0.3364540672715764,3.110455643546565,-0.30782676572113066,3.0455773288038586,1000
143,1.6348586985462672,9.547773531548573,11.316357944226983,0.49507320136790384,0.7239071898751781,2.6596627235251833,0.6645152238651757,2.605202173227359,1000,1.7192241570551885,11.187538617616283,7.9020635173827225,0.7346612422202153,0.5411158319453542,3.375895924662071,0.27928812230356637,3.1591601918068104,1000
144,1.8375296267637267,10.032824870309904,8.924513834742111,0.4538468488147845,1.0797874033904418,2.8327314213197345,0.9479898030867491,2.7270694504407045,1000,1.9698133419082575,8.503622581619572,11.963511013523762,0.6293823622417296,0.7828157795737298,3.3377857653405534,0.7362239119144676,3.2034027719020477,1000
145,1.6508832953122983,18.38777656529686,4.1860278854098905,0.5431986478151426,0.5149859919929543,2.5980004624340234,0.5862139455946187,2.7155526450299776,1000,2.5336934712833954,13.449069469442561,5.936757050886353,0.9225145336159505,0.8626162875354114,4.714954406715228,0.7255649853961326,4.341821957170659,1000
146,1.3458511107339868,13.288920811408165,6.438382567036913,0.543387078391364,0.40629464812782545,2.572143729843517,0.2808124370869134,2.41088978438106,1000,0.953068719932634,12.298368676073821,7.428651131989698,0.7598134901733402,-0.33637967655785617,2.61894061103471,-0.5361657208071129,2.442303160672381,1000
147,1.0431103990663364,9.458639543405974,12.676929443947342,0.5848985094028153,-0.015254704964100316,2.2857336921790044,-0.10329067936318159,2.1895114774958544,1000,0.7317417775191579,11.126186788040744,8.693810518758363,0.6732952890864562,-0.7090004692164757,1.970704552414242,-0.5879169890902962,2.051400544128612,1000
148,1.7943435945441737,1.3502734101438918,195.96115808378212,0.5912629004673141,0.4031472003304561,2.707174094646466,0.6354683096282381,2.9532188794601093,1000,2.038841475463074,3.733589485133095,21.581621726924435,0.8528830079648031,-0.12587550342111586,3.233403643633668,0.36719077985205995,3.7104921710740877,1000
149,1.2529483374545538,9.024047078727245,13.162525844417907,1.2975297832626058,-1.9131723314249143,3.4117540260570873,-1.2902100377401535,3.7961067126492614,1000,-0.5467976857104051,6.63808478803094,19.876319202608645,1.3928549750092174,-2.662315284812978,2.443801601232588,-3.2767934367284712,2.183198065307661,1000
150,3.9868673008389783,3.1148933438467883,49.74308989261144,1.6456690688887206,0.6083132237452629,6.2266701314755935,0.7613559258170861,7.212378675860871,1000,1.3853328072326665,8.5327062985426,8.121813560938545,0.6994489542506402,0.037418403718214026,2.849660089571741,0.014412856901411697,2.7562527575639213,1000
151,0.8595262214682045,4.86522559844086,28.246743586011007,1.4615489700420927,-1.2683714022184047,3.7890341033714092,-2.0051097598142973,3.724162202750706,1000,1.1657148082218067,6.236103131455679,18.797144779222638,1.3419155744272009,-0.8481753947427921,4.409236516882874,-1.464439717655507,3.7958693340991205,1000
152,2.068467323687069,16.705978586831222,4.6953608752865,0.5256777487009441,1.1288026298198912,3.2476857950088895,1.0381389362332187,3.0987957111409195,1000,0.7529131857054288,2.9448564083851654,35.42809950081856,1.307739085610162,-0.8595954658628637,4.051237063533905,-1.810255422090489,3.3160817935013465,1000
153,2.264824465287439,5.519173705295866,23.48867830663691,0.6769941456186896,0.9330362111181474,3.7094238282726337,0.9379159398748076,3.591732990700071,1000,2.076907834877252,8.805718506035744,7.974089002519111,0.873702443234651,0.3160871931771303,3.847145727805182,0.36445104613733625,3.7893646236171676,1000
154,1.8986342917698302,9.218605590567597,12.41226384339757,0.704487801589909,0.6909468470750318,3.6270216550950525,0.5178382006536086,3.279430382886052,1000,1.6614102069989392,10.371478248800356,7.922121570294107,0.74600942406261,0.10811218559722256,3.177108558068456,0.19923173583622367,3.1235886781616546,1000
155,2.076003005657209,15.464650687118908,5.487951328862927,0.5346380155709705,0.9736657043622263,3.0858751235794144,1.0281124951381069,3.1238935161763113,1000,2.589600301643821,12.761840788170726,4.991811608541346,1.1680205795847345,0.20434673471436823,5.005905151592475,0.3002799656577415,4.8789206376299,1000
156,2.0197272924760776,13.421294243678359,6.5077696076595775,0.6627663644708436,0.721946814719862,3.278128825925027,0.7207052181132243,3.318749366838931,1000,2.4315303869666423,8.905307149847916,5.522607211277225,0.6951124768500007,1.0502961794830006,3.7823459181742134,1.069109932340641,3.7939508415926433,1000
157,2.939351730846601,2.096243326708237,96.7774995101497,0.6113353773077397,1.647968543926502,3.760406367163392,1.7411343913234312,4.1375690703697705,1000,-0.0018952428035601265,3.974554197476037,20.62324921114195,1.9847785773646622,-3.2608800878447806,3.8112114743898915,-3.892061254438298,3.8882707688311777,1000
158,2.558440930701784,7.349140604708124,16.522100206556114,0.7045267471939688,1.0455284874878903,3.8103550131196404,1.1775685062016052,3.9393133552019632,1000,2.3345200386646656,7.305267770658286,8.687527853712183,0.8964468150921091,0.3826123510886641,3.9129469153693077,0.5774842810841319,4.091555796245199,1000
159,2.5641461043677904,16.827252124641547,5.307936280851573,0.6415497025045372,1.219256385995131,3.790434936205673,1.3067086874588976,3.8215835212766835,1000,2.89935256606817,10.467639935997854,7.28280734638371,0.7567366260582358,1.5849569791621427,4.500614680353704,1.416148778994028,4.382556353142312,1000
160,1.5251984681266233,2.9492039803800667,59.1699069134757,1.02520359731224,-1.1793053914316185,3.153187622676555,-0.484200582605367,3.5345975188586136,1000,0.8719934026067184,6.939950474342724,8.152984746458392,0.9010356526887766,-0.6582585675066455,2.9252085906839196,-0.8940364766632838,2.6380232818767206,1000
161,1.73620457137847,15.878863501474926,4.86573024268029,0.496793677683032,0.7774194692310955,2.697122190822024,0.7624889631197272,2.7099201796372125,1000,1.6894475709728374,14.844542099833069,5.351912996589421,0.8667962832428566,0.29996564690413147,3.750672564605101,-0.009473144183161475,3.388368286128836,1000
162,3.1236098199830455,5.584475350600661,16.123130543993287,0.8068436522965711,1.5739419225949718,4.699501686761896,1.5421962614817664,4.7050233784843245,1000,2.9498444752652997,6.108061652032863,11.518147543606577,0.8387184791431952,1.3260666110370016,4.660326836591016,1.3059562561446372,4.593732694385962,1000
163,2.526058109480079,15.316818226296796,5.020279713297553,0.47010023432509795,1.5695427648331204,3.3827203758534816,1.6046616502028872,3.447454568757271,1000,2.4285426881437675,9.5458729953444,9.118847555784306,0.5609302760094025,1.3499924057301034,3.6629035519553206,1.3291193471653386,3.5279660291221964,1000
164,2.8000744164490117,13.498077944364162,7.448181592012979,0.642818646579102,1.7636110967770462,4.376611684252836,1.5401498691539717,4.059998963744052,1000,2.4316455346736916,11.792069782812995,6.011800167828291,0.7129767841465673,1.1082386722682596,3.9889098452609364,1.0342110377464198,3.8290800316009634,1000
165,1.8355187378471862,4.3894659679457835,30.67163124424523,0.4364432245399533,0.9258877583046248,2.601766806497717,0.9800900177488777,2.690947457945495,1000,2.1891312267745593,10.326899314081885,6.798982422910569,0.7628112188103612,0.9184541814556809,3.9071609198213846,0.6940212379062514,3.684241215642867,1000
166,1.605205296624033,15.166135625217898,7.896916572623791,0.6179475147431117,0.2645351088697405,2.6891136816275303,0.39402816772753413,2.816382425520532,1000,1.3601273808718979,11.176431280748924,7.3523603173783965,0.8282638066880587,-0.3715956857638085,2.853692174665836,-0.26326968023669695,2.9835244419804927,1000
167,2.2766794630657197,11.333819699851995,8.163611060960184,0.5572175469151239,1.257298107964626,3.4365787420637988,1.1845330711120767,3.3688258550193626,1000,1.3311887302714815,4.907440030674475,17.75811392569502,0.6988507325440972,0.16991165909028397,2.9803026831569186,-0.038558705514949,2.700936166057912,1000
168,1.5275613439952496,10.515045317400112,8.923334247622325,0.5830291601453553,0.23805020715744857,2.627600208575658,0.38482419011035307,2.670298497880146,1000,-0.04192469268720167,5.502231021334498,18.94186242766045,1.0081384500898647,-1.5964162483075124,2.1494463007737643,-2.0178760548633363,1.934026669488933,1000
169,2.220241411436887,8.715279137855116,12.34297820212408,0.6296048936860487,0.9412127975459588,3.4242889666205554,0.9862158198122315,3.4542670030615423,1000,2.3179059817962493,9.50366176856625,8.739732951431263,0.6445758933856868,0.964133404532638,3.474994348149433,1.0545372307603031,3.5812747328321954,1000
170,1.7232537237124184,7.230930952314813,19.184481051977887,0.5006884046685247,0.8626305566698994,2.7546216125648098,0.74190445056211,2.704602996862727,1000,1.7126874048067924,9.789393220850307,7.633838999459458,0.6789149134712936,0.44255475134289984,3.1032489831741445,0.38201417440305696,3.0433606352105276,1000
171,2.4531618341366253,11.533178967555473,7.999590942937912,0.8527889506113976,1.1875447938814885,4.768891958642783,0.781695490938286,4.124628177334964,1000,1.8885337958674566,8.082068357221996,8.654506254348538,0.4595348261162121,1.0470297532452728,2.849714529446125,0.9878455366796809,2.7892220550552325,1000
172,2.7360235762362493,10.19713264299255,7.800659292400098,0.754114983186614,1.1889320385015498,4.178109186678832,1.257958209190486,4.214088943282013,1000,2.2380813619710307,7.209153293798117,9.124520686210667,0.9100311027891792,0.34523206989867866,4.103983816622907,0.4544204005042396,4.021742323437822,1000
173,1.7567758996350071,14.761538997631742,5.075175259015406,0.5573299610055524,0.7688499387016322,2.9878982144944564,0.6644091760641244,2.84914262320589,1000,1.3617017850210207,5.690822446556104,18.286238870166155,1.1695210709450532,-0.2659231564201492,4.128134210673746,-0.9305595140312835,3.653963084073325,1000
174,2.135832010033358,10.324630591596902,9.678956602738163,0.7639600615319029,0.8384377587600131,3.903733958121503,0.6384702894308283,3.6331937306358872,1000,1.2847656456965986,6.103636796977945,13.609247918841401,0.9217310015296608,-0.6281343174235802,3.3812214694751535,-0.5218271173015365,3.0913584086947337,1000
175,3.0746827608055045,11.094794011365924,6.371802468997234,0.7694945249605729,1.7367280625692534,4.692247506848976,1.5664734918827816,4.582892029728227,1000,2.5907100287763956,9.844585442629386,6.07966078833346,1.1868927448024316,0.20713878717403203,5.026557833269509,0.2644002489636299,4.917019808589162,1000
176,2.704661330580595,17.26727712928112,4.3882267541433,0.5360266330157163,1.6739336805610032,3.745083954672414,1.6540491298697912,3.755273531291399,1000,4.2846393604934,10.132577924016244,9.539937980261486,1.3382363920296925,2.054123319143048,7.6062556355395206,1.6616960321152026,6.907582688871598,1000
177,1.3389444319589054,6.738235876604409,15.208934380223328,0.9840250196819805,-0.5289039917542872,3.6456338419061103,-0.5897446066177763,3.2676334705355874,1000,0.9850441289139071,5.656517724259279,17.934560031966843,1.2661767074949943,-1.2244697974532337,3.761290324385943,-1.4966622177762818,3.466750475604096,1000
178,1.7942964028082944,7.289320991990348,13.715319129927005,1.3046317517446389,-0.5965843515680517,4.776808741361528,-0.7627818306111975,4.351374636227787,1000,0.4899497836190174,7.551174329774064,13.68501733401204,0.9102921839072878,-1.3309108054211551,2.612157827237754,-1.2942228968392666,2.2741224640773012,1000
179,2.524683137084815,9.587441138827046,10.331607080638896,0.9631697208361522,0.8150423994461228,4.763964858589943,0.6368704842459569,4.412495789923673,1000,3.0325838686486866,5.918910400172151,14.855758795292257,0.8117182411746123,1.2294158878374104,4.419394854701959,1.4416161159464465,4.623551621350927,1000
180,1.7681661464304057,9.115060282154467,14.569911080257917,0.6323509253922285,0.4413169554744935,2.979172591893983,0.5287583326616379,3.0075739601991733,1000,1.5680751361940628,10.337466466276936,8.963652664212,0.9062731487241499,0.001581694201871907,3.526294448869477,-0.2082202353052709,3.3443705076933963,1000
181,0.8482448332325703,16.38054165876078,5.501301646818112,0.8863726630059219,-0.9266747576380906,2.5336029160744085,-0.8890455862590365,2.585535252724177,1000,0.26793918989890475,5.713133170659088,19.662964261956407,1.0117109201033438,-1.3056094617156322,2.7754639734275632,-1.7150142135036492,2.250892593301459,1000
182,2.142494110393357,5.037698575263933,18.787864464357327,0.6794139662248446,0.783467930623711,3.4209491098975717,0.8108427365926614,3.474145484194052,1000,1.9443887518119434,4.1196265521787865,12.673367748724784,0.9435136319203117,0.4894098502257637,4.1681328433271725,0.09510203324813249,3.7936754703757543,1000
183,2.544248311212075,10.10998032622022,10.189973927259324,0.5951578654697917,1.328323886523539,3.7806819799686564,1.3777388948912832,3.7107577275328665,1000,1.1625088398620282,3.225117205709719,19.631317893004898,1.302728083365031,-1.0582111794296611,4.4554586002004415,-1.3908382035334323,3.715855883257489,1000
184,3.108366331491515,2.7152844767920667,49.3654878312706,0.7836941055002337,1.3293214938152833,4.227489925875203,1.5723258847110568,4.644406778271973,1000,1.860264867654496,8.609526658390402,5.645474864738958,0.5583620674406877,0.8678427822092718,3.0566993196761807,0.765875215470748,2.954654519838244,1000
185,1.9862292803858097,9.603868444833326,12.044052663037386,0.5495345640588783,0.923396225922648,3.111010448498884,0.9091415348304082,3.0633170259412115,1000,2.4810942674727645,12.438222427965227,5.9945645980012054,0.5625382561164396,1.3269650924663354,3.555789143838748,1.378519285484543,3.583669249460986,1000
186,2.4055872154100957,5.675210917775241,15.165642659457577,0.6415320635116519,1.2045833621919717,3.6530898465134674,1.148184370927258,3.6629900598929335,1000,2.020879294869258,4.800908264820221,16.456383379721945,0.7053229625421376,0.9420444961432688,3.592652018588606,0.6384462882866686,3.403312301451848,1000
187,1.2415173558064998,17.56915351862266,4.476430161906452,0.4153738817418282,0.5001682087613787,2.0993574526255636,0.42738454759251654,2.055650164020483,1000,1.120570500072644,11.833111892263192,9.539761792839121,0.9390817098113543,-0.6482469318400398,3.166418027594475,-0.7200296511576103,2.9611706513028984,1000
188,1.3384313216656247,6.46650315313169,21.289719295604264,0.7652002665774151,-0.007738880780803053,2.9652658865099517,-0.16136120082610894,2.8382238441573584,1000,2.025060354416702,7.2091431932589956,10.69282872205417,0.9203187215051543,0.29114939097366893,3.8635419904122807,0.2212356602665997,3.8288850485668044,1000
189,2.197129335410723,12.996345221700908,8.512061820562426,0.80841753666117,0.6244429556517127,3.8035623757276587,0.6126309635548299,3.7816277072666162,1000,0.7101204633316343,10.19960934815319,7.885348349173135,0.6476383189203334,-0.537529604431668,1.9762526621785752,-0.5592506417522192,1.9794915684154877,1000
190,2.654040917353409,3.573520361743217,24.639975147282602,1.0001938762950635,0.34032281189844515,4.212235091718245,0.6936609198150845,4.614420914891733,1000,1.3022496442900793,5.028112790474293,15.62967866706508,1.6492935766568866,-1.6790844261651088,4.852383819315938,-1.9303657659574185,4.534865054537577,1000
191,2.093603290530081,15.535279064380095,6.105769826779374,0.5776052806955435,0.9968061238365565,3.2399309105605263,0.9614969403668159,3.2257096406933465,1000,2.0977383377245475,10.127347325344191,8.367519581454108,0.7400580117246822,1.011539854599486,3.8591999149471756,0.6472246347441704,3.5482520407049245,1000
192,1.4965255864089626,19.37867281648574,3.188802121905239,0.4957938355338019,0.5078079531566982,2.49218387530213,0.5247696687627109,2.468281504055214,1000,1.0802482150620443,9.472696581938438,11.836577801298523,0.7833731201250153,-0.21785144456341066,2.817612689741146,-0.4551631003829857,2.6156595305070742,1000
193,2.3057999460266156,6.0893771406547,19.097728601153417,0.5867415319352882,1.2153333030916649,3.533099317850309,1.1557865434334507,3.4558133486197806,1000,2.6486444612619136,5.502127663196609,14.96084612924399,0.8386108344100647,1.2565837222986482,4.659943148249046,1.0049672258181868,4.29232169670564,1000
194,1.5024377388307752,12.94649626158636,7.812079934864955,0.3914130563593184,0.7660882647830153,2.334262481229171,0.7352681483665112,2.2696073292950394,1000,1.5073607060297984,13.05696822012279,5.985833327840393,0.5224612769114163,0.6491821591818031,2.7668408082686544,0.48333660328342254,2.531384808776174,1000
195,2.048488224204605,5.3434973733317275,18.622405759054846,0.7496917120850575,0.2924740583245336,3.3990572036651887,0.5790924685178924,3.5178839798913177,1000,0.8902507060408729,3.262084257051743,25.52340965248783,1.3383173909710817,-0.6024821466268973,3.7748231319149412,-1.7328513802624474,3.513352792344193,1000
196,2.0505442490474763,17.00403111855277,5.121442346938511,0.8493032418822952,0.6325053927243351,4.017929646386427,0.3859098949581776,3.715178603136775,1000,0.8063909709401744,10.63185107001194,9.03046335996285,0.9891462402529848,-0.7356436337980062,2.8949853324125416,-1.1323356599556758,2.7451176018360246,1000
197,1.7065439325173788,12.488570122353117,7.196354995257923,0.6835094734267604,0.5713961968651531,3.306165946644778,0.36686536460092856,3.046222500433829,1000,-0.6130456432379452,3.128323498840141,36.86781550863047,1.224775314988015,-2.371529725648708,2.8542994857091504,-3.0136052606144546,1.7875139741385642,1000
198,1.6490924519933057,15.229847161159459,5.839016553013861,0.4298624238996751,0.8460563451234293,2.5832018248443886,0.8065621011499425,2.4916228028366687,1000,1.6428984951641359,8.97848826594772,11.116133540802137,0.5201300595216414,0.7994612764370664,2.858959984564767,0.6234435785017187,2.662353411826553,1000
199,2.4537471686931065,13.452174286057181,6.146675894311665,0.7129514264815806,1.2457517925969654,3.931649757057597,1.0563623727892086,3.8511319645970046,1000,1.4174103468636896,2.4253163665480577,42.19130297680936,0.9787100442227908,0.5004165587770697,4.311828853234261,-0.5008613398129804,3.3356820335403596,1000
200,2.7372246058665652,5.632015914728633,13.761244554640282,0.9817907462211584,1.0599154684102268,4.997404540531063,0.812914743273095,4.661534468460036,1000,1.7254271535214674,3.8695320962860413,17.208422470176675,0.7191346920292593,0.6425680922010328,3.540345012677953,0.3159231571441192,3.1349311498988155,1000
201,2.3895354093902412,9.46755170827676,10.16296899346633,0.5496279806609748,1.3440367857344764,3.519813567098183,1.3122645672947306,3.466806251485752,1000,2.118256991620636,6.616906100034942,15.797326694876771,0.6206729555040696,1.0763163629885955,3.4091732829465626,0.9017379988326595,3.3347759844086124,1000
202,2.7037353596093623,16.08395060126805,4.230723729132317,0.7260643160985835,1.0737553916512075,3.9242934856228326,1.2806493000561388,4.126821419162586,1000,2.194313682185724,3.963254987959853,20.70775900262903,0.9663079078252722,-0.06804310078344979,3.9887460241417436,0.3003501828481907,4.0882771815232575,1000
203,1.8245574769242614,11.34796062804752,7.961004157804027,0.6442058357495537,0.6015683481296286,3.1747193268106737,0.5619140388551362,3.0872009149933866,1000,0.9523808702430521,8.274670893299842,9.562011020666048,0.6600990703929217,-0.289969258014348,2.2800861037968088,-0.34141330772707446,2.2461750482131784,1000
204,2.5635626109369847,6.907957427579074,17.050090514366342,0.8077750033707369,0.9937113232683508,4.082241482325313,0.9803236043303403,4.146801617543629,1000,1.001478912737511,7.266063674050803,9.31063911652338,1.3188005206902131,-0.8454444724395732,4.335525663635521,-1.5833701078153068,3.586327933290329,1000
205,1.4168240532259577,5.67355342815388,19.193258580137893,0.5200990724739575,0.7102543829721072,2.791673852950035,0.397429871177001,2.4362182352749144,1000,1.71235494767852,9.91244203435677,8.94642879878437,0.7323669487570481,0.5183334706948728,3.3718518332599503,0.27691572811470566,3.1477941672423344,1000
206,1.7232945170135925,13.540084257432316,9.027683919718116,0.595821759386566,0.5822337957350783,2.992224075364038,0.5554838686159231,2.891105165411262,1000,1.9333506370811988,12.23591150636643,5.920210063356534,0.9768340728352455,0.13126212825062614,4.156630323453169,0.01875585432411775,3.84794541983828,1000
207,1.9816247329770647,8.79029876098658,11.536510369249315,0.5750797402141218,0.8807067843433481,3.1289880929960536,0.854468442157386,3.1087810237967433,1000,1.7684940524528712,10.864435281642544,5.878417473229726,0.5343100443440324,0.6569540458920469,2.7286508639537197,0.7212463655385677,2.8157417393671746,1000
208,2.3063851215611306,9.23043740669211,11.193646066439799,0.7358564647625087,1.0399942230375412,3.9440208086323603,0.8641064506266136,3.7486637924956474,1000,2.2372795420882263,12.23399873214443,4.857032517793458,0.7569213800669147,0.6528034838508519,3.6779081762499573,0.7537136371570736,3.720845447019379,1000
209,2.9690153510700137,4.696413150883212,29.295135689505035,0.8108391601111478,1.1627566078197735,4.40179942570877,1.379770597252164,4.5582601048878635,1000,2.387695229837154,8.452806781997658,5.57203408617647,0.9255328991567154,0.5575846543188407,4.3102621474457035,0.5736507474899919,4.201739712184317,1000
210,2.156363484641697,16.7285051511687,5.858562539167699,0.8491598285221563,0.9408238404359158,4.307339349362826,0.4920102207382704,3.820716748545123,1000,1.4523864054588982,9.991187697073366,6.068728440022481,0.9011358098942938,-0.4233665111263058,3.1904802364826494,-0.3138397819339176,3.2186125928517137,1000
211,1.1916120482796855,6.74171840062224,21.256030751501765,0.9027505395941565,-0.05812450850235082,3.368904748769189,-0.5777790093248614,2.9610031058842323,1000,1.682082923451925,12.217694670383102,7.127844907366844,0.5750566278457281,0.5592508401931349,2.9481256911768745,0.5549719328742979,2.809193914029552,1000
212,2.1778951711552033,14.619494576267405,6.084896618064249,0.7601302455774158,0.9933549211791817,3.957819367354354,0.6880398898234683,3.6677504524869384,1000,1.4884835857573364,9.376102465447365,8.936041415261617,0.7326578839708303,-0.04960031514210156,2.890200195494017,0.05247413317450911,2.924493038340164,1000
213,2.227709738222754,11.433970687383985,8.872583679989438,0.5816967465484063,1.1081617552808027,3.333234854060649,1.0875841149878775,3.3678353614576304,1000,1.0312447094699486,12.769667290161813,5.711301512483009,0.8423045941715457,-0.78331494137449,2.6034903288649067,-0.619672295106281,2.6821617140461784,1000
214,1.6445336049328103,9.98762532456193,10.197475623943193,0.6677819092676485,0.5314689383684428,3.1413940126218898,0.3356810627682194,2.953386147097401,1000,0.36511846462927133,2.095902479860386,70.7759728512865,0.7867926089567268,-0.39548165129177965,3.0002311233936863,-1.1769950489259131,1.9072319781844558,1000
215,1.5916605638326373,16.837130528472155,5.6057291735828185,0.7731659415026799,0.027460469541861373,3.065095683509926,0.07625531848738465,3.10706580917789,1000,2.0938503525366063,8.719838136784006,8.866836450682401,0.5779117710207122,0.9919215101626104,3.1379542189501177,0.9611432813360103,3.2265574237372023,1000
216,1.9625198549614584,11.761061777635407,6.250205177001935,0.4739915282907717,1.010008111436109,2.919032642238963,1.033496459511546,2.891543250411371,1000,1.8072017890108094,9.058278415247791,8.365530032209515,0.5684780303137409,0.7973800867219162,3.0487368716443157,0.6929848495958773,2.9214187284257416,1000
217,3.4909879547555565,4.800435351335434,19.101882091103004,1.0777804656772123,1.2278198647457061,5.747014345780819,1.3785382420282204,5.6034376674828925,1000,1.626480744117145,6.849714964831513,4.248696191773828,0.6415487434549204,0.33359117575784025,2.8365386239791097,0.369045206945501,2.883916281288789,1000
218,1.8165656678345241,12.828782907683983,8.947439224869878,0.5000610134463543,0.8271983050006112,2.775131343125439,0.8364460814796696,2.7966852541893785,1000,1.015333741078829,11.289582753744508,5.988224342051246,0.9517902910893984,-1.3176852769927474,2.6810352133125543,-0.8501752294563918,2.88084271161405,1000
219,1.085107118177437,16.990226937944204,4.614137344519502,0.5020250327809092,0.11491308377380685,2.104232726782565,0.10113805392685504,2.069076182428019,1000,1.14109806660813,14.091132810181232,6.142923375861725,0.6234617157868745,-0.007743434859730783,2.508314312714885,-0.08088689633414381,2.363083029550404,1000
220,2.0530374442666965,6.962212171743573,14.524155741487313,1.0928241943026524,0.20985537119072617,4.088549384609158,-0.08889797656650211,4.194972865099896,1000,-0.2107802136510939,2.1044450547954257,58.420332506138585,1.8409354242742815,-1.6678706663947458,4.34021503949417,-3.8190136452286856,3.397453217926498,1000
221,0.6490550987433146,19.897787659343283,2.7907696450643407,0.6813412899406505,-0.6640606091066181,2.0425596783843973,-0.6863738295403603,1.9844840270269894,1000,0.9924924506477772,9.846059649725786,8.147774897836985,1.1496423985320414,-1.25865641349144,3.218229409807002,-1.2608066504750237,3.245791551770578,1000
222,1.7890168277036258,12.644715511601927,7.792654491636343,0.6611164557890802,0.5450415185741264,3.2422484027192455,0.4932285743570286,3.0848050810502228,1000,-0.2388249391689956,2.9690854781459177,32.57028435368515,1.6496022604272675,-2.323085599849191,3.3477478299702836,-3.4720453696064397,2.9943954912684485,1000
223,1.9871774567661475,10.734906616632559,7.546603824028669,0.46440925468733796,1.0274122064925741,2.888641146453416,1.076935317578965,2.89741959595333,1000,2.1508871504164517,10.274975183557604,5.9410410118589585,0.8957220399288373,0.3596958312754255,3.9220826833428473,0.3952719521559307,3.9065023486769728,1000
224,1.4432595154550822,8.34705548879296,13.266922670876541,0.4919894357399849,0.5394454319945704,2.3992036831579453,0.47896022140471184,2.4075588095054528,1000,-0.6832553910727586,3.605817280837722,27.760180510805565,1.2434549795158254,-2.169712987668169,2.2394274030600783,-3.1204271509237764,1.7539163687782593,1000
225,1.9203175586121182,12.237102813112296,6.982228526234939,0.7047345443737907,0.6605077146009097,3.4997106957698594,0.5390378516394885,3.301597265584748,1000,1.8891137651159555,10.236712368067835,9.577784309868015,0.7136243737137395,0.7204493069563744,3.52592248244494,0.490409992637026,3.287817537594885,1000
226,3.516291249193878,5.243303492539951,22.9856292235654,1.4714482835845055,0.03668343509773177,5.893881532057587,0.6322526133682471,6.4003298850195085,1000,-1.004487301254509,2.7136247261587507,29.142370778194813,2.5567392990223126,-3.8112959466247385,5.024692716156987,-6.015696327338242,4.006721724829223,1000
227,3.963681450294154,3.3511559785764735,48.2133815588939,1.8709695325406202,-0.5738192265849344,6.380078352851556,0.2965811665145388,7.63078173407377,1000,1.0459890196962949,9.730444336332306,7.289942000925816,0.9615570323867857,-1.001963553280866,2.7091567448259286,-0.8386627637818052,2.930640803174395,1000
228,1.5031879440939862,12.564944641709497,6.526500294502303,0.4830006818349325,0.6314504392702806,2.4579013757910166,0.5565066076975185,2.4498692804904536,1000,1.3975558747656982,12.425671901360356,7.422902698852286,0.6673186690635987,0.05799161506368033,2.7357398364388317,0.08961128340104474,2.705500466130352,1000
229,2.3098846311680674,11.354800315740857,6.870870701118873,0.6348835311044049,1.101591182458814,3.5511326110884505,1.065512910203434,3.554256352132701,1000,2.2012788057282773,9.219754887362386,8.004930818204162,0.9780124715841672,0.5019221789748237,4.299709206335753,0.28437436142330963,4.118183250033245,1000
230,1.9096227157584709,10.092654446187177,12.531659417299288,0.4974208868999767,0.8426752453723534,2.843881499744709,0.9346777774345165,2.884567654082425,1000,1.1378640090352123,10.546063376392018,8.696867872304924,0.6997661340757715,-0.033844990917392875,2.790132067091971,-0.23367761375329965,2.509405631823724,1000
231,2.2958870983334356,7.3488144815441405,18.741454094006052,1.0214285014760622,0.4722708098279004,4.489562647265206,0.29388723544035367,4.297886961226517,1000,0.4537568531608014,8.541247075098688,10.399156544378032,0.6528533815450879,-0.6116014735453402,1.974242956575328,-0.8258357746675709,1.7333494809891736,1000
232,2.6053845760895094,8.821313056969805,11.76723017934918,0.4822343786011079,1.595122330499517,3.509489349869359,1.660205194031338,3.5505639581476807,1000,2.835264315934807,9.944783742740023,8.777164875113458,1.0025250366238445,1.2838840298198204,5.363548604630248,0.8703152441520721,4.800213387717543,1000
233,2.9990923754197873,10.054477290189533,11.154986472467058,0.6854990640978623,1.6777846904187388,4.443358747788837,1.6555142097879771,4.342670541051597,1000,3.3713682896237485,5.6782224982956295,12.511212236701416,0.989839734617292,0.7439534903286734,5.011502367648898,1.4312824097738561,5.311454169473641,1000
234,2.2092231353054204,11.354326162656525,7.706529328081871,0.5668515401494335,1.1568846479714472,3.45120013882252,1.0981941166125306,3.32025215399831,1000,1.8409460970933729,9.646839597008286,10.053579796314267,1.3032291987192595,-0.7891307267475403,4.856952654692505,-0.7133831323963757,4.395275326583121,1000
235,0.9134623515818832,4.098717067459912,22.02681271940737,1.4101078614742883,-0.8315511945831346,4.130349727170858,-1.8503490569077221,3.6772737600714884,1000,-1.3495517641227397,1.2303655122109585,178.0132366688298,2.201231996329024,-2.17794802855456,4.6774003085057965,-5.663966476927627,2.9648629486821476,1000
236,2.3324686409943673,13.309065738933064,5.352777656917181,0.5273786927632035,1.3475880823927417,3.4517463337887975,1.2988064031784885,3.366130878810246,1000,2.1501884592320604,6.148477265602457,13.885966985787457,0.8997672290200739,0.6823543829825284,4.269198013675069,0.38664469035271565,3.913732228111405,1000
237,0.6573958988918576,5.335940444927538,25.029216450612196,0.9201299868569538,-0.6691855271013597,2.9138152041821823,-1.1460588753477718,2.460850673131487,1000,1.02992179524703,8.138492695072728,11.21392348481098,0.8820638623073943,-0.5479523084267878,3.006773716798121,-0.6989233748754626,2.7587669653695226,1000
238,2.3238843869434245,9.332940485038147,12.276964889969605,0.4856563842377392,1.3757347398041606,3.2767178405861905,1.3719978738374556,3.2757709000493933,1000,1.8643965355323089,13.449937610521758,4.7235661216129845,0.5991916976410077,0.5470720243006993,2.9077593196471607,0.689980808155934,3.038812262908684,1000
239,1.498478105610101,10.252639274752077,10.670866347316194,0.49128478612300663,0.6002944274167976,2.5146984179350564,0.535559924809008,2.461396286411194,1000,0.56725063740463,8.594217828722053,9.292820468527418,0.7900719616237618,-1.066948836140874,2.197286085929779,-0.9812904073779432,2.1157916821872034,1000
240,2.100948661675155,12.729810613411347,8.320546156999573,0.6480707385315265,0.7294713699607943,3.2277598583391627,0.8307300141533629,3.371167309196947,1000,1.676360221323133,8.822554252609851,10.080877322225792,0.6670887114840109,0.3658996538287965,3.024766688049815,0.3688663468144715,2.9838540958317945,1000
241,1.4485163231434077,9.291824614365236,8.103924638969621,0.6573955803129615,0.11983540625007824,2.8048358076496402,0.16002098573000323,2.737011660556812,1000,1.1800679965633993,8.395508180551992,10.01708883875861,0.6939718409574799,-0.5153761847713616,2.5057502368516396,-0.18011681171326122,2.54025280484006,1000
242,3.2021495752798033,11.0335380405671,9.501398689796428,0.7594917688285356,1.832200371174707,4.687680898875269,1.7135457083758734,4.690753442183733,1000,2.426804972859956,7.223418472940833,10.914892287594302,0.809185827689808,0.941267080184887,4.139133455663072,0.8408007505879322,4.01280919513198,1000
243,1.386752011202117,15.294668057235087,5.62812793815795,0.4750003973250057,0.43105124401106276,2.304873767857977,0.45575123244510585,2.317752789959128,1000,1.2664874525151837,12.167758816585932,5.3258160224902955,0.6463615185680784,-0.22635972835184537,2.435684434750308,-0.000381123878250067,2.533356028908617,1000
244,1.1605273378953758,12.382890509752883,9.143810427761565,0.6855363534123496,0.02577643007547234,2.8083282528101847,-0.1831239147928294,2.5041785905835807,1000,2.0563861522607216,10.775024939130137,4.716578954519275,0.7309190377094367,0.6345261302150754,3.5651592812069177,0.6237848383502258,3.4889874661712175,1000
245,1.991232307217839,15.383656776287753,5.1888330426261255,0.6729055696808854,0.7556815811123979,3.515738373743064,0.6723373906433037,3.3101272237923745,1000,2.343186640178654,9.746639653380171,6.124074838255712,0.7102824876194416,0.9661119504751905,3.7913463780517174,0.9510329644445483,3.7353403159127594,1000
246,1.821295715655394,8.349784821564615,15.326037072369106,0.8723227393224551,0.12987567327738075,3.4395959005916246,0.11154314658338205,3.531048284727406,1000,1.3251088750251976,7.7446172056924345,8.257728393355677,0.9120776040071032,-0.5597012198264196,3.0472892671474665,-0.4625632288287247,3.11278097887912,1000
247,1.6890191816755526,9.899009164993556,8.19259175915901,0.7491351763257434,0.47381082676754627,3.230865574407914,0.2207142360770955,3.15732412727401,1000,1.4907690700193648,10.908519473327658,7.544948379117043,0.7137574331703005,0.32181485016525946,3.0481055240356434,0.09180450100557591,2.8897336390331536,1000
248,1.6571471434965845,13.605236857850528,8.029178954952053,0.8570512639676164,0.32635719845254374,3.5060684175294288,-0.022673333879943636,3.3369676208731125,1000,0.40685542701744204,6.295793223806993,14.135818863542934,1.0235591658865375,-1.301435264142346,2.7730028960586504,-1.5993205381201716,2.4130313921550557,1000
249,2.0802309125577962,13.972346562387271,6.149355213464017,0.6288121797117578,0.85932147342205,3.27068445614223,0.8477590403227508,3.3127027847928416,1000,1.1244577632068826,8.464423061511395,13.187921360714398,0.673772412008513,-0.01868192540257768,2.8229846128320344,-0.19613616432980296,2.4450516907435684,1000
250,0.9411093964961195,14.00638832412851,5.508099553063845,0.46738443272543284,0.031700698275054104,1.844928800196418,0.025035908354271164,1.8571828846379677,1000,-0.12126680284595359,5.009656055807843,20.251671833330814,1.1283948459347353,-1.8464345947978253,2.1706388890885195,-2.332920700878035,2.0903870951861276,1000
251,1.1565891229909013,5.402827092855418,23.866598260405127,0.6428812264196155,-0.22544932218313443,2.3640882085478983,-0.10345808079154506,2.4166363267733475,1000,0.6996628605645789,11.531436780575476,4.993484878278945,0.8939369330965119,-1.3787068769639503,2.1894654094952744,-1.0524535283045844,2.4517792494337423,1000
252,2.811826052503065,6.92371063959468,13.589383653512563,0.5287781540855683,1.7378003275729088,3.810756231109944,1.7754208704953511,3.848231234510779,1000,2.5877599699618026,10.928174861921615,4.761763696525439,0.7549904272600446,1.0454061576468145,4.071607507365101,1.107978732532115,4.06754120739149,1000
253,1.9657827310660112,12.7127427353909,7.227305408135318,0.9986435304458412,0.11071460739545734,4.078562190041501,0.008441411392162479,3.92312405073986,1000,-0.6789659045694219,4.116430499779356,26.673635853249166,1.44919725677059,-3.033370198040806,2.6224451028914046,-3.519392527839778,2.1614607187009343,1000
254,2.970873313076563,6.848228023977708,14.302993145480704,1.0058600807442681,1.4990679703517638,5.662161529164441,0.9993875548177975,4.9423590713353285,1000,1.1653929579560671,3.7708633014372364,18.26650249713769,1.5813930705536001,-1.2365864471787942,5.586725723073004,-1.934137460328989,4.264923376241123,1000
255,2.319722793922272,9.523181362307398,14.01631020617572,0.904432413330333,0.6004786360565127,4.278458006082821,0.5470352637948195,4.092410324049725,1000,1.4769043724107154,8.895176332457417,4.164299696175548,0.8975384474408935,-0.21090435943422756,3.389312966610834,-0.2822709845734359,3.2360797293948664,1000
256,1.267558481377549,14.496787944401998,5.629882415487798,0.7927163809158208,-0.24821756365718292,2.8694286920025522,-0.2861656252174598,2.821282587972558,1000,2.6879915425868575,10.201698045663743,7.5183518461123136,0.7843746115283734,1.168829764635308,4.200815508886998,1.1506173039912457,4.225365781182469,1000
257,1.7239055565324897,9.29240452970574,12.810213105241997,1.2678736402075574,-0.7550804839814693,4.24002856462417,-0.7611267782743227,4.208937891339302,1000,1.2748431380728917,9.0670393519867,7.462164126805608,1.118003852691287,-0.95440411415874,3.6525456506577747,-0.9164444132020308,3.466130689347814,1000
258,2.0449424901714175,18.129370926812015,4.191510126733933,0.5502943981816871,1.0149530570980776,3.153028599264927,0.9663654697353108,3.123519510607524,1000,2.114294824457207,12.244241654680451,4.421877870325174,0.6144324938065577,1.0059065738467696,3.3711398155634735,0.910007136596354,3.31858251231806,1000
259,1.9165792796684793,9.085309662218556,9.084187254738568,0.6189256671542809,0.5448187925751533,3.0731585840591653,0.7034849720460887,3.1296735872908696,1000,1.7027115846212708,12.33398400746457,3.9077485950513746,0.7173361130668171,0.3706421858543039,3.196091834846373,0.29673280301030935,3.1086903662322323,1000
260,2.1233642854005987,17.963114103087953,3.8732608938235544,0.5979409782454944,1.063512879218714,3.411448752702374,0.9513999680394296,3.295328602761768,1000,0.7035370290116258,5.48366470884478,17.798007957842817,1.2178738018134858,-1.519521283304014,3.2311865520417635,-1.6834956225428064,3.090569680566058,1000
261,3.3974786354897404,6.806881064327567,15.613464899343434,0.6480688609149886,2.109786363455253,4.745560574705295,2.127263668096363,4.6676936028831175,1000,2.8542441074996185,6.8041197608460555,8.183769842211115,0.6813428352803941,1.5028098717999194,4.336894080052125,1.5188121503500462,4.189676064649191,1000
262,2.1297317870737285,18.184954962475246,4.289207269619641,0.5869478949337128,1.1495262184018837,3.357247743149301,0.9793139130036514,3.2801496611438052,1000,0.8427958253164363,5.070367604648623,22.562494219797074,0.9127691590918433,-0.7169873215234751,3.1031994036841106,-0.9462317265035767,2.631823377136449,1000
263,1.8006179100546986,10.018624117628237,6.745246823785225,0.6067270785829384,0.5964116569632781,2.9309919035481657,0.6114328360321395,2.989802984077258,1000,1.4324480864857707,8.504469330087126,6.29038294545395,0.6646447563623321,0.18442606911505702,2.7044334826436036,0.12974436401559974,2.7351518089559415,1000
264,2.36981323116812,6.857156635558116,12.698005900360497,1.5404643356143333,-0.1787169956936228,5.3469646518369895,-0.6494968666359733,5.389123328972213,1000,0.641569475351754,6.756751301499179,13.164812705322683,0.6278518356744441,-0.6758760399867326,2.029922736176316,-0.5890201225701566,1.8721590732736646,1000
265,1.4844592998024968,7.284031497534004,11.83539785876261,1.0371315642070158,-0.6139041105455709,3.485319882385404,-0.5483185660432541,3.5172371656482477,1000,0.46861762535208484,4.291084702968563,25.537195365068165,1.1641393747804951,-0.9970441945967423,3.3397750279880607,-1.8130955492176857,2.7503307999218554,1000
266,2.7256573196854452,16.324798441349433,5.029907017961279,0.7230436388792376,1.1686298806560422,4.088853712933273,1.3084917874821396,4.14282285188875,1000,2.363390425538748,3.512942854012895,30.172780203998062,1.0103737582496073,1.093913281926639,5.296391883112828,0.383057859369518,4.3437229917079785,1000
267,1.613563934874005,15.744704599605397,4.549953112799651,0.4003983389509583,0.9072618425667611,2.451282238354113,0.8287831905301267,2.398344679217883,1000,1.629162494195493,10.481952283172859,8.01353597040192,0.632062937076428,0.702518293095154,3.1498197266396804,0.390319137525694,2.868005850865292,1000
268,2.2766937747626113,11.855674558136833,8.82433071071574,0.7646705344700649,0.9202071413301969,3.9696997032552863,0.7779395272012839,3.7754480223239386,1000,1.6898995684292477,11.408151186336426,6.395977297893766,0.5806881132202785,0.6705518646046181,2.9952835764092876,0.5517508665175019,2.8280482703409935,1000
269,1.8866450830133752,15.865869256543109,5.828831429100539,0.5585349752752263,0.7071994605707322,2.9286864297008552,0.7919165314739316,2.981373634552819,1000,1.9661277328158389,12.215530181545898,7.051043197087627,0.7982329111044728,0.6184745172708653,3.7456972803340367,0.4015912270510722,3.5306642385806057,1000
270,3.4860179607465556,5.532636330358784,25.421574921712395,1.0391708417548424,1.2607480481642361,5.255024259370948,1.4492431109070645,5.522792810586047,1000,1.0490697213584297,8.78962058282456,9.450851561666598,0.8245307646625748,-0.6199480713240272,2.705773528765445,-0.567010577380217,2.6651500200970766,1000
271,2.512429533223659,8.091181043235572,12.008946852358774,0.7934402481601552,0.7825343975572397,4.01701208077036,0.9572866468297547,4.067572419617563,1000,1.5594686592126514,8.20012519426623,11.342433073631923,0.9462173595019548,-0.7598944206899249,3.573675970427978,-0.29511736541118005,3.4140546838364827,1000
272,2.0675798817519335,3.545225329647345,49.52615647916448,0.9424192977332084,0.8667705983323367,5.814943720740874,0.22043805819484508,3.914721705309022,1000,1.6823801188257146,3.305965633997651,26.533005316183957,0.6016859191921754,0.48294207251509336,2.8637362223551945,0.5030757172090508,2.8616845204423784,1000
273,2.691319026868889,6.330729542806574,20.62924337483377,1.101689881587646,0.20476445053143413,4.641961986200318,0.5320068589571028,4.850631194780675,1000,0.2950447612536222,6.175185188706633,15.570175867810677,0.8112340322585309,-1.091999797543885,2.328130629618728,-1.2949739419730981,1.8850634644803426,1000
274,1.8761266724525256,14.674106958604087,5.813106254731527,0.7049445131974733,0.427697882427924,3.2193131820928,0.494435426585478,3.2578179183195735,1000,2.061753157045988,8.347213588235581,8.84029261665294,0.7739388630235069,0.700799432501425,3.5840561765095553,0.5448329855199148,3.5786733285720613,1000
275,3.57494218057758,7.322113089422375,14.5720273589859,0.7524864293309004,1.9978858723688473,4.954143048191975,2.1000687790890153,5.049815582066145,1000,2.558807955431874,8.390491146231067,7.066277345948593,0.6613508992782227,1.2353877342770203,3.8489762139611954,1.2625601928465575,3.8550557180171903,1000
276,2.310855472678594,14.984848008731818,6.1919783472521,0.8230287259238616,0.33021768266668294,3.6912878590131393,0.6977191698678256,3.9239917754893625,1000,2.564448779618597,7.392273809089185,11.954919978619685,0.6198390789873659,1.243809210999453,3.6470230308051583,1.3495641848033597,3.779333374433834,1000
277,2.514713055073708,3.824249438856005,36.295765497908384,0.5610477009998868,1.2548716793189048,3.417046167615935,1.4150595611139298,3.6143665490334858,1000,1.868746154372055,7.37633306489197,11.670909104494028,0.5779705181258263,0.6865080590674342,2.9626619510244234,0.7359239388454353,3.0015683698986746,1000
278,2.1491553863446375,8.665770838758016,12.526466766197972,0.527209039880333,1.2216427910177605,3.3381351855043997,1.115825668179185,3.18248510451009,1000,2.1711247821016784,9.198855266755789,8.500101008207535,0.8233522344608817,0.7812669473739862,4.071954878645688,0.5573544025583503,3.7848951616450064,1000
279,1.7836826274794546,10.547372675403569,11.08850657669607,1.0446820817527895,-0.11885675654789153,3.9884371886574046,-0.26389425275601286,3.831259507714922,1000,0.6872840631509018,10.459167569009159,8.393785943121388,0.9247622112272055,-1.2089772100710496,2.5458513500403717,-1.125249870854421,2.4998179971562244,1000
280,3.124997213166254,7.408147423843872,18.01128237605629,0.7532683874287305,1.3833081732853851,4.403670114637735,1.6485911738059422,4.601403252526566,1000,1.3217869367409847,6.5049282824271355,14.203580996360547,1.060790266019161,-0.39210949977432524,3.549550732089824,-0.7573619846565709,3.4009358581385403,1000
281,2.038748880903926,16.6041984062525,5.247267234551912,0.6583229363598235,0.9866663382067716,3.4460829286507346,0.7484359256386717,3.32906183616918,1000,1.3713981306156955,14.712364601451426,4.7878637553116725,0.5742330093953172,0.24313090102308385,2.4713622711930916,0.2459014322008739,2.4968948290305173,1000
282,2.182944941808781,15.57274801730724,3.9911152734634014,0.7308275449545137,0.5318873659915573,3.462037058033342,0.7505229536979343,3.6153669299196283,1000,2.378487200523393,7.501153723685872,9.50597890377119,0.7021089001458496,1.035401978737823,3.8288493530457686,1.0023537562375275,3.754620644809258,1000
283,1.6520834563544853,15.596409024420867,6.13430692358609,0.5250891062717248,0.7517422051828566,2.7510764770327163,0.6229088080619047,2.681258104647066,1000,1.0779762073302255,10.94545153490259,7.598778577363047,0.7855961671510044,-0.37575842834455336,2.8736734345265083,-0.46179228028574326,2.617744694946194,1000
284,3.904864363102404,6.8114918003283575,11.517749864059914,1.0391770567273808,2.370815801007456,6.170114393291443,1.8680773319167376,5.941651394288071,1000,3.964589302658779,9.137779765880744,4.847131223951786,1.1359708100581354,2.2894558880872924,6.442131461949887,1.738086514944834,6.191092090372724,1000
285,0.6884605852154027,12.442612689866738,9.283454872357247,0.5386864693560294,-0.47729247412731546,1.7488149594585918,-0.36736489472241485,1.7442860651532202,1000,1.1488024642379915,12.531791270121117,7.266984474034442,0.9197119953404891,-0.732282187657801,2.8748702902793752,-0.6538330466293671,2.95143797510535,1000
286,1.279840448426886,14.30348864939347,7.163949656409232,0.6626214606315614,0.18739503382782696,3.0437162949456753,-0.01889761441097426,2.5785785112647464,1000,0.8269743106565834,6.689951302121163,17.655596993637747,0.9468794131402923,-0.8650158212710197,3.025592391581147,-1.0289093390983894,2.6828579604115563,1000
287,1.839274935153512,11.03020040073621,8.606618016549872,1.1097634775969372,-0.20134223217160332,4.100740541316829,-0.3358614809364848,4.014411351243509,1000,-0.8810858587654655,2.808940174596873,37.67288622999874,2.509328083358302,-3.6633770068301335,4.526426033518238,-5.799368902147737,4.037197184616806,1000
288,1.8270587395706899,7.227397626422205,17.152913280668265,0.5526221981031667,0.8519353330217576,3.1157247757971613,0.7439192312884833,2.9101982478528967,1000,0.5974313229694048,6.3276444776859,16.795573160862105,1.240368565197774,-1.553556733326297,3.7448627342454888,-1.833691064818232,3.0285537107570417,1000
289,1.7640805885331188,12.041277447857258,5.924278385846594,0.6179579449650641,0.5703506678164304,2.994460184383636,0.5528830164015932,2.9752781606646446,1000,0.8327670290155358,6.7473766104236645,12.59508229332067,1.0161408496186677,-0.9089053809736422,3.4228231851421533,-1.1588690362370528,2.824403094268124,1000
290,2.8863354377734667,6.537311769642356,17.99354939355222,0.46796673789095405,1.9100669298159976,3.7609799025342547,1.9691206315071967,3.8035502440397364,1000,2.928941448244926,3.6604458014608374,22.483472517002767,0.6253719087686224,1.3839256485919704,3.8371046909607616,1.7032125070584263,4.154670389431426,1000
291,1.4734802226265762,19.11859551565959,3.605579975173879,0.6967629954781249,0.150485771163363,2.8676005240504847,0.10782475148945125,2.8391356937637013,1000,1.474879888994825,12.389235400329891,5.900745223116214,0.764693999325766,0.23927728668865145,3.2967247891503244,-0.0239203496836764,2.973680127673326,1000
292,2.1731466767858505,15.934603039080583,4.498802383180477,0.48507470573579914,1.299640695231146,3.132277449766336,1.2224002535436842,3.123893100028017,1000,1.6779507609292492,10.642670594744818,8.766032319923472,0.6315132285194199,0.44083495424015734,2.960621915462815,0.44018483303118616,2.9157166888273123,1000
293,1.4317953520627733,15.022400920356668,6.477640659992267,0.5180671972254344,0.5856771211500991,2.5683086851509183,0.416383645500922,2.447207058624625,1000,-0.4147806194549628,4.073844776845377,31.70389786168366,1.2037060740642629,-1.9168680748033653,2.8084821400380053,-2.774044524620918,1.9444832857109926,1000
294,1.97632631819663,16.189593550750324,5.463670745057634,0.5509829899439006,0.8958482782984877,3.0263814039755483,0.8963996579065847,3.0562529784866754,1000,0.6664039983180388,8.52027053452453,8.788456140826238,0.853224578293572,-0.9125796088583775,2.5790807695431925,-1.0059161751373624,2.33872417177344,1000
295,1.6206292540145688,15.014210555076478,6.9482997067042085,0.6325915482731762,0.32519810985763,2.823958678692077,0.38074981939914343,2.860508688629994,1000,1.47540656330429,14.383665951430121,4.8962294703349265,0.9608378418050547,-0.15844726416148483,3.803486491565757,-0.40783560663361706,3.3586487332421973,1000
296,2.0491261668085152,11.386258074652096,9.185960347891028,0.562392012220471,0.9809079015320432,3.2137547984453696,0.9468378228563921,3.151414510760638,1000,2.244092709757366,10.50562102981754,6.310265362460459,0.7889132414575164,0.9641547852082062,4.082222179917918,0.6978227565006339,3.790362663014098,1000
297,1.441796473088274,15.962771586866,5.989632179357589,0.5513252056412749,0.4818127474976965,2.6147102427753217,0.3611990700313752,2.5223938761451725,1000,1.4486957625002197,12.663274352727028,5.636391523708851,0.8238721190009404,0.16420280284932126,3.5024435873230337,-0.16609359074162344,3.063485115742063,1000
298,2.017446932981434,10.028491997478632,10.14635109405277,0.42898425144562446,1.2305103845851157,2.963864300150906,1.17663780014801,2.858256065814858,1000,1.8923744783624963,7.835209825949869,14.498745995263635,0.7537988223665653,0.5178095765333656,3.4325567146917733,0.4149287865240283,3.3698201702009642,1000
299,1.2478976138108346,15.719283734320873,6.0376797824866655,0.6056957736949242,0.03704290799918341,2.437721409934491,0.06073389736878321,2.435061330252886,1000,1.3400954031022376,13.889355086087681,6.824106941485463,0.5492970948758887,0.38418351054234884,2.561659893435652,0.2634730971454957,2.4167177090589798,1000
300,1.835178703373481,9.116398276146464,11.156697135749148,0.6321214430789972,0.676553338029234,3.1199345854414755,0.5962206749386465,3.0741367318083155,1000,1.8017312912478562,10.110928054660732,8.598743127093348,0.7119184565916942,0.579882540392368,3.36376572287814,0.4063711163281356,3.197091466167577,1000
301,2.271812238842022,13.753056988201502,6.564920611074001,0.49692809360907586,1.2832343110095188,3.2238551368765154,1.297833175368233,3.2457913023158107,1000,2.40643527548362,7.630777490946559,11.801193550381791,0.5969450439063103,1.13350611263619,3.5764368401453703,1.2364229894272518,3.576447561539988,1000
302,1.8028546768423814,19.41668924619493,3.188423579071712,0.6771378000543603,0.5467066803875398,3.0972083216801147,0.4756645887358353,3.1300447649489276,1000,1.5499051942298252,11.775086822733684,5.667382076270179,0.5840567700149701,0.4885674130932821,2.687319480135858,0.40515392500048364,2.6946564634591668,1000
303,3.508520817761378,5.917974292788118,18.21237008970206,0.43844568999512984,2.6048060454598807,4.281532299260368,2.6491672653709237,4.367874370151832,1000,3.7309201493931465,8.28630859613939,6.926974524279153,0.4739290676382952,2.89868899925323,4.72365414054572,2.802019176822088,4.659821121964205,1000
304,2.055922470441194,9.753983563932877,10.648290612213692,0.561169835943971,0.8717674589918162,3.056221381228278,0.9560295919910107,3.1558153488913767,1000,1.7844041362336625,7.789856675041889,10.226213312344363,1.1571566761104204,-0.5279512203495649,4.248172971171762,-0.48362294894276125,4.052431221410086,1000
305,2.494117069689116,6.041619756280908,13.361543803866248,0.843074282648071,0.7560673606304098,3.9660798911040307,0.8416914756988967,4.146542663679336,1000,2.077598445332553,9.079061920828167,6.983841939136293,0.9462695581527526,0.16685652283212313,3.7877711075997254,0.22291011135315797,3.9322867793119483,1000
306,1.6925965015332154,15.807901433958056,5.326326707515885,0.4336337734791943,0.9028679152229461,2.5290548588868655,0.8426743055139946,2.542518697552436,1000,1.3535024298650626,10.054648678009585,11.971522007427936,0.5825845496997633,0.41330845548326134,2.6413613497530766,0.21163671245352678,2.4953681472765985,1000
307,2.5904026003714007,13.859600415261419,6.364120527644386,0.5544205763088214,1.4383632462597087,3.664413132101577,1.5037382708061109,3.6770669299366903,1000,1.9889969074492972,7.992558658055349,8.54792552186845,0.8793484306537108,-0.42488459903100917,3.2202349855485495,0.26547398336802397,3.7125198315305705,1000
308,1.5133467183083906,11.676247637577388,9.35637263053796,0.5126744771596917,0.4673422514396469,2.4993514903402847,0.5085047430753948,2.5181886935413864,1000,1.6366368653002414,5.727339349234814,17.14947514079666,0.6070535631192857,0.13265545415893695,2.5131221236453944,0.4468118815864415,2.8264618490140414,1000
309,3.519581775853628,5.496555880828966,21.585826548235385,1.5472597240906814,0.3063078525102118,6.446986146096503,0.4869527166358929,6.552210835071364,1000,1.0737994908965356,8.071635115875395,10.075202538619939,0.6863814500862172,-0.09814725408992422,2.5493561673822565,-0.2715081512724502,2.4191071330655216,1000
310,1.9883296074613124,12.787426723664305,6.9944335529903885,0.8468706910180551,0.6067769510837598,3.9025239793464195,0.32846305306592427,3.6481961618567005,1000,1.3732802053942332,5.773661247524497,11.868979364074704,0.5253591212040787,0.350474979631409,2.3824312701166797,0.34357632783423897,2.4029840829542275,1000
311,1.5518960688447894,10.398288759467532,10.757645159206147,0.5544701724035284,0.5166009187839127,2.570029414429738,0.4651345309338737,2.638657606755705,1000,1.110007256936894,9.38703946330531,10.580379198371176,0.8877676781892145,-0.9797607455360674,2.6576212941564963,-0.6300173923139665,2.8500319061877546,1000
312,2.6417053095550425,12.268529756524236,5.745773728275903,0.6049088595237286,1.4615335976335184,3.8208380907907302,1.4560839448885343,3.827326674221551,1000,1.8119719171356925,7.8798659334061005,8.96184080275149,0.7936905179146163,0.2504639670401287,3.455009647740534,0.25633850202304465,3.36760533224834,1000
313,1.4864251127631187,14.590884108687149,5.312370357056395,0.4959183692464189,0.6149919880186939,2.5100727994117022,0.5144251090401377,2.4584251164861,1000,0.4108782873261485,5.838690312593865,19.822706962492358,0.7504640882524785,-1.1132086079077954,2.056609053001116,-1.0600313256487093,1.8817879003010063,1000
314,2.077509435970694,8.291646920513939,12.089762091455423,0.4968253411312095,1.1508772122497826,3.096592085886504,1.1037317673535232,3.0512871045878645,1000,1.6224663684500464,5.546138584583403,16.928727572270766,1.024421293441739,0.13747131611607089,4.233420602208892,-0.385399366695762,3.6303321035958547,1000
315,2.4155935365698955,8.32396228227867,14.26154482818918,0.6633121841138958,1.08719558181655,3.6824998001117493,1.1155016557066597,3.7156854174331313,1000,1.7829561554414903,7.35582744880783,8.744870526850994,0.7792140728860157,0.477570795722304,3.5274554527027626,0.2556965725848994,3.3102157382980812,1000
316,2.236241718468311,14.829382696025498,7.198143821597196,0.6460092248306536,1.0773803677668918,3.635489571804068,0.9700636378002301,3.5024197991363923,1000,3.2595168917921855,9.147136580689308,6.732260969605294,1.2088496068169008,1.0216170633978245,6.10260826390158,0.8901716624310598,5.628862121153311,1000
317,1.9062095565273551,13.47511403626331,6.643237662480283,0.574089357523468,0.853113972714057,3.1648005365695453,0.7809944157813578,3.0314246972733523,1000,1.482159195398302,8.196167182964983,12.656489581676578,0.8445315365921928,-0.14527797392513303,3.581797523466532,-0.173122616322396,3.137441007119,1000
318,1.516627524775014,11.326101653576133,11.157445840507394,0.6444586794065854,0.5123436482225693,3.0374545824529293,0.2534885131381066,2.7797665364119215,1000,0.6914033363823648,5.101854044003442,22.55266446298238,0.9420688286135969,-0.9666222238432762,2.934595477175351,-1.155051567700285,2.537858240465015,1000
319,2.4179471893013758,13.269229850817005,7.276883632707659,0.48749512799917394,1.4451878292007307,3.3164479483962728,1.4624567384229947,3.373437640179757,1000,2.4182405519706247,10.527706263758567,6.210309307017347,0.5718482660939105,1.3903204221167427,3.6059860540738957,1.2974179504265602,3.5390631535146895,1000
320,1.9733594490043704,5.490698453618435,23.764714834993214,0.5407100040881039,0.73787910401117,2.875564741731964,0.9135678409916868,3.0331510570170543,1000,1.5208755839987116,11.891249887841933,6.646434454455355,0.7151100559851743,-0.2884012289006045,2.660938013384503,0.11925987426776996,2.922491293729653,1000
321,3.2590388189135653,7.077268377855567,13.843344905463502,1.1249272617607782,0.9156557349905028,5.428898063783259,1.05418138586244,5.463896251964691,1000,1.3247468163968765,2.651371262153366,31.396354378709226,0.842533442288469,-0.03814880370197906,3.4277918506548226,-0.32661873048852286,2.976112363282276,1000
322,2.327234769171195,9.52273432246426,8.903744406140165,0.5685962253985374,1.3535098959183982,3.5291626421145637,1.2127861673900617,3.4416833709523282,1000,2.2232647846177027,10.155247621664483,6.502322982326627,0.4943628694242864,1.2541532221394263,3.22361021242045,1.2543135605461013,3.192216008689304,1000
323,2.050905422235371,3.95847969596402,33.070200366637984,0.7085107543405744,0.5450870093148766,3.5493077859605364,0.662224343727845,3.4395865007428967,1000,1.397539516781602,5.152454711754857,17.26233021399554,0.9887098700757553,-0.0913878635978157,3.549450035416807,-0.5403318285668783,3.3354108621300824,1000
324,1.9137364075321743,4.462737502008316,29.553219576185647,0.600295786191218,0.5390715703815228,2.89569851338399,0.737156666597387,3.090316148466962,1000,1.6072582864662985,10.49400940179727,6.819864186056862,0.827703552923209,0.1845706111605371,3.69148596055798,-0.015040677263191027,3.2295572501957883,1000
325,3.695806008088832,8.5764747275806,10.885580635867774,0.7524762978067748,2.1857098070783736,5.055652108317171,2.2209524643875533,5.170659551790111,1000,1.1888297654636801,3.5641573620841407,17.056091478956596,1.061656198483214,-0.18402266427593408,3.7591828786486303,-0.8920163835634192,3.2696759144907794,1000
326,1.2281164007249763,15.709291408260695,6.0679889265759295,0.602143390821865,-0.05820137539181474,2.4896829956763327,0.047915354714120895,2.4083174467358317,1000,0.5680177660890275,11.031962048061414,10.113294154852518,0.7560281320183189,-0.8629463885728264,2.1849561573427296,-0.9137973726668773,2.0498329048449326,1000
327,2.2628668318608756,16.079421586436627,4.583564318309463,0.6976075643963061,1.0430895331858516,3.8076025255485964,0.8955560056441156,3.6301776580776357,1000,2.4552888021374546,11.52213953200251,5.025230225708143,0.7831630593568285,0.8822429505097373,3.8773222679415364,0.9202892057980707,3.9902883984768387,1000
328,1.7697300211273896,7.1141770022828785,19.02653827024695,0.6441886226283293,0.5534422951334735,3.0843980927380255,0.5071203207758641,3.032339721478915,1000,0.6691412847006357,6.340140002137127,12.994957048513017,1.2916057902035614,-1.6878458812203476,3.2348740826756788,-1.8624060640983444,3.200688633499616,1000
329,2.0248990323530123,6.644038794393551,21.12460190295025,1.1304456460781405,0.07138277980956693,4.258191261995958,-0.19077443396014315,4.240572498666168,1000,1.0703154556732044,5.930107056220474,9.856951009602648,0.7338471959427119,-0.3050335262292955,2.6528012711876485,-0.3680250483745109,2.5086559597209197,1000
330,2.392503560806324,14.826439908844565,5.45372871264181,0.6054593102236516,1.2568615984710902,3.6583973328104444,1.2058033127679668,3.5792038088446816,1000,2.1294152930932757,14.766943787109815,4.018632391822087,0.7694007280301698,0.7700031646046183,3.947635684687331,0.621389866154143,3.6374407200324086,1000
331,1.5892618802115122,5.831338422279021,24.32532470054419,0.6290998806133363,0.5470831185776793,3.0196901422306675,0.356226114209373,2.8222976462136513,1000,0.4432602882972265,4.205018724749351,23.35947735579231,1.1846922462155538,-1.2650003617807637,3.884085014255054,-1.8787365142852588,2.765257090879712,1000
332,1.3651655239667981,12.36075437738292,6.155867702887351,0.45312177439859247,0.5907711707933325,2.4272313607218217,0.4770468461455569,2.2532842017880395,1000,1.5501085496183313,11.543004674811307,7.008604150353038,0.6688427611607418,0.39274028274972117,3.0999072377100174,0.2391767377432774,2.8610403614933855,1000
333,1.2462971603650272,13.365008523533898,5.6770491687983355,0.5739046733778723,0.20729306900020822,2.4907722830040457,0.12144400054439752,2.3711503201856567,1000,0.18489653542431794,7.203294303928518,14.239136745253427,0.8169575697765862,-1.2655271589571853,2.0935364308714237,-1.4163403013377909,1.7861333721864268,1000
334,2.715693812564264,4.775955279148913,24.663455553678748,0.6222745282634866,1.513562368760076,3.8695994623302337,1.4960357371678301,3.9353518879606977,1000,1.5594253499223225,5.270435842811291,13.460550663864968,0.9442269047483931,0.10190671694140295,3.696607475029063,-0.29125938338452784,3.410110083229173,1000
335,2.7768205100218566,6.999910104103016,16.654915917209223,0.7102402199513363,1.3265139423387322,4.020240233840045,1.3847496789172373,4.168891341126476,1000,1.8546366986289293,7.62329529373582,12.626091002704204,0.6951398942917503,0.5595517393613251,3.4646170534808003,0.49216250581709886,3.21711089144076,1000
336,1.8620353604979345,10.752031907320903,9.802754780918216,0.813220822286333,0.5441559997686299,3.737753931998683,0.2681225488167218,3.455948172179147,1000,0.7080329601907804,8.722545322200327,7.270402813328846,0.8419741516845329,-0.6386847246743989,2.7568493691829454,-0.9422363771109041,2.358302297492465,1000
337,2.0941278908999474,11.127973837994377,10.058111658867125,0.49887200972958284,1.1135452989472796,3.131524073889326,1.1163387518299652,3.0719170299699297,1000,1.3238879338236402,11.377842071922613,5.784544012705669,0.6432848837339483,-0.050267391096615495,2.5748574045977204,0.06304956170510145,2.584726305942179,1000
338,2.6230635979237973,5.91565348197122,21.201468883093426,0.5320276154730984,1.4795479775841605,3.586900980060576,1.5802894715965243,3.6658377242510705,1000,1.7834389313015704,9.54534793260346,5.32883110051836,0.7228187761547484,0.4697734782543823,3.3608872778868846,0.3667141300382635,3.200163732564877,1000
339,1.4606250194571924,10.754451430092619,9.50871772683368,0.8566052507665102,-0.042379751418701817,3.4248634925957426,-0.2183212720451675,3.1395713109595524,1000,0.8429043714249609,9.95318553470374,8.938054250003912,0.5329022450016295,-0.16478192033125097,1.883597515432613,-0.2015840287782329,1.8873927716281547,1000
340,1.1244397132455475,19.673581946025756,3.286381824781747,0.5814502285876413,-0.12857877162726228,2.1414451168910795,-0.015202734786229355,2.264082161277324,1000,-0.2883198282757182,6.954185588244003,16.431523910399008,1.0717133201170175,-2.420207997114224,1.9098572175396897,-2.3888779357050725,1.812238279153636,1000
341,2.0714427928716455,7.074944839274258,17.469314888113917,0.7957335581270599,1.0702055751009247,4.226224029779268,0.511805018942608,3.6310805668006827,1000,1.8136095922943989,8.694011989792022,7.462287215611388,0.9755804578124726,-0.08938320681752765,3.6591791043613897,-0.09852810501804732,3.7257472896068453,1000
342,4.576367977432576,1.549804166535875,145.0710297520312,1.3908839038216185,0.6232207072029693,5.474628568793048,1.8502355259422036,7.302500428922949,1000,1.6627478912915374,4.1749558944844365,24.147181324873138,0.7019315430994284,0.3587228837810064,3.0767018357197324,0.2869620668166577,3.038533715766417,1000
343,2.259913711866635,8.93348012659652,13.453704025311268,0.6295105152158585,0.9091375143881945,3.3901099193348574,1.0260731020435523,3.4937543216897176,1000,1.7187585879060479,11.452631686935723,7.377255803165609,0.7531244670301378,0.16558386489864993,3.3053810921826616,0.2426346325269777,3.194882543285118,1000
344,0.8439175464630928,2.1117091394206757,64.52395812051294,0.884222191275961,0.005956730220685382,3.396667391659622,-0.8891579484377907,2.576993041363976,1000,1.4694563129155371,4.022920535933186,21.824368840745283,0.9211828360505403,0.4999670583229905,4.282782249934698,-0.3360620457435217,3.274974671574596,1000
345,2.163232466846723,18.601148661520067,4.849768847643365,0.5700931876981017,0.9908462204897389,3.2069792898171134,1.0458498189584435,3.280615114735002,1000,2.5997097725583265,11.66071675338857,6.76695768868623,0.8439589648979422,0.762962873684649,4.12463408963986,0.9455502013583599,4.253869343758293,1000
346,1.5992576247696546,12.610936179379728,6.30627162128525,0.46740464756948846,0.6926077963774211,2.501729274785228,0.6831445155334572,2.515370734005852,1000,1.287095166618396,9.355494228368027,11.468130578421034,0.69493717739986,0.07836832340020995,2.7655801783403895,-0.07498170108532953,2.6491720343221217,1000
347,2.9111280859069026,10.669889327734172,7.768375631834533,0.4908289100191708,1.952056857113847,3.8447524422005017,1.949103422269328,3.8731527495444773,1000,2.2727717678370913,9.871546608959418,6.4781638934943935,0.9200265864874304,-0.04929777066527267,3.920402629822749,0.4695196583217278,4.076023877352455,1000
348,2.5716868769586156,12.88334948211942,8.373516807201188,0.48685309908702556,1.6324802170307957,3.531825448088353,1.6174548027480455,3.525918951169186,1000,2.337422201204789,11.314665663812468,8.267282654765658,0.5861626051813283,1.330479216280818,3.5990091396066823,1.1885434950493854,3.4863009073601923,1000
349,2.452103971432341,6.260302148646663,17.837845964533443,0.7392660945735406,1.3305740962650956,4.3313394898166315,1.0031424260682014,3.9010655167964803,1000,1.4289085968055155,4.383085404465112,20.421287401486143,1.318891225840877,-0.14017236175795095,4.589343936724915,-1.1561182058426032,4.013935399453635,1000
350,2.2251298566132762,9.075820875545467,12.407908190672105,0.5891630109025295,1.0607400981394264,3.3598702361652206,1.0703703552443184,3.379889357982234,1000,2.2210289075737717,6.522492037280209,12.65171176379254,0.7630183680431102,0.6967666724680618,3.6531509434172915,0.7255129062092758,3.7165449089382676,1000
351,2.7979610519267704,7.908268385496811,13.743440331500512,0.8498859968221469,0.9243270393241394,4.343801726237975,1.1321844981553624,4.463737605698178,1000,2.23118601871195,7.744450610071552,12.175534279604738,0.9185960465689894,0.5177963083945482,4.008564452680073,0.43073776743673076,4.031634269987169,1000
352,4.011299659114648,2.3586144560887248,47.01195391959604,0.860334877548522,1.7717046887534322,4.9082186990622425,2.325043299119545,5.697556019109752,1000,2.525094731753132,7.782598974737135,4.911381951155625,0.5774187901270833,1.237199154618005,3.5309936380992437,1.3933539031040487,3.6568355604022154,1000
353,2.112218218548829,3.3677427351273725,42.24932467308757,0.6508775669107004,0.18233782373509008,3.0118923426113096,0.8364981874038564,3.3879382496938018,1000,0.19220365461300037,6.131276485305194,13.934979928806907,1.1831902129658936,-2.311313485105717,2.6732511890174497,-2.126849162800151,2.511256472026152,1000
354,1.2240895306171524,5.770813802104574,18.247444794117534,0.5426905410392032,0.23325610428828863,2.446773148285419,0.16041607018031412,2.2877629910539907,1000,1.000754599163325,8.413737201380087,6.29096185020094,0.7704068757978744,-0.4633189943668028,2.591776610589704,-0.5092428774005087,2.510752075727159,1000
355,1.0633848606529517,8.481982924830934,12.513041671856476,1.1980671163109706,-0.8634158951259409,3.7238898415788735,-1.2848266873165506,3.411596408622454,1000,-0.8994582905423196,3.2285331074684387,32.75585972705359,1.680411124770678,-2.8748776742571462,3.4180602720531326,-4.193064095092849,2.3941475140082096,1000
356,3.5377681171841977,3.9952639945264856,39.115997352099406,1.4205616146483793,0.061936090499120564,5.4735295201709,0.7534673524733746,6.322068881895021,1000,0.35354596846885133,9.490750326443536,5.8893573087116735,0.4805648839916334,-0.6366614731380291,1.3523274524025124,-0.5883612041547501,1.2954531410924528,1000
357,2.091958592418969,5.633254530415731,22.83268642675486,0.854008669653373,0.2502560420063331,4.021996867755922,0.41810159989835793,3.7658155849395802,1000,1.963621722694728,5.6771659833302,13.446788778958615,0.8307236553364502,0.6541413678716034,3.935182586853309,0.33540335823528555,3.5918400871541705,1000
358,3.3822120075819675,6.137715617468991,21.666968708851133,1.4626119588487507,0.8764213668165589,6.833058321897198,0.5154925682384159,6.2489314469255195,1000,0.8371755254264142,3.9798073059699868,15.74085750448551,1.0917146811728595,-0.6827271391992481,3.4478257859805637,-1.3025852496723904,2.9769363005252187,1000
359,2.928176919457843,10.347767141242734,10.008487912084725,0.6526444995095613,1.6203461458596422,4.193141562242473,1.6489937004191029,4.207360138496583,1000,2.7934623532822416,13.257510465389121,4.478384635765562,0.7516223134474607,1.3436222300750373,4.267509633974361,1.3202826189252186,4.266642087639265,1000
360,1.999703257297727,10.141238019340644,10.225969730816526,0.495257927518263,0.9528445636270392,2.9399982609977213,1.0289977193619315,2.9704087952335225,1000,1.650325267951615,12.62202542585716,5.943728934608314,0.6587979103544073,0.37795068864349124,3.0219356685799164,0.35908136365697674,2.941569172246253,1000
361,2.2640239343646966,13.931129225053866,5.755196159938071,0.59300431714884,1.1665277577282023,3.505466015743596,1.1017354727529702,3.426312395976423,1000,1.2599654454445415,6.966996616986491,15.333724795473659,0.8739474737384783,-0.28047771904619345,3.408927450698301,-0.4529716030828759,2.972902493971959,1000
362,1.5306757064064542,8.668996906134229,10.234062576149903,0.7174159550864955,-0.003702292612648336,2.878158468589225,0.1245404344369232,2.936810978375985,1000,0.8645556441565054,6.351047839427001,15.128239289051239,0.7991420938674048,-0.5590637059290974,2.752660486379367,-0.7017628598236079,2.4308741481366187,1000
363,2.849112183447601,4.7595469062044495,18.787397250644315,0.6957754779254436,1.3173910472689059,4.020568095595094,1.4853922467137315,4.212832120181471,1000,2.5660623255600727,6.20852275147044,10.340094557313058,0.829734488174824,0.7818051258119515,4.07776651684184,0.9397827287374179,4.192341922382727,1000
364,4.6559597182246595,6.791690163181886,15.459214455673171,0.8674363904253846,2.7981999192696767,6.080712977513452,2.955784392990906,6.356135043458413,1000,3.89082776066027,5.393471861983699,7.979155577624846,0.9506384011743291,1.7601384427911357,5.460267261013422,2.027576494358585,5.754079026961955,1000
365,3.3625490828466016,8.414836416569447,10.850859685388349,0.555457464013214,2.2579571203621334,4.40223690198103,2.273852453380702,4.451245712312501,1000,2.1492038042233848,7.530319812188802,6.924327212825004,0.9662709309124958,0.5028572823725848,4.315498270579533,0.25531277963489285,4.043094828811877,1000
366,1.9754998065060962,10.746414915719926,12.791102013296948,0.599120738993837,0.862635971030379,3.269068601880282,0.8012231580781757,3.149776454934017,1000,1.3230448579686127,5.663821071616831,13.385217767339483,0.7806945033373892,-0.05120005979434074,3.051643779914054,-0.20711636857267002,2.853206084509895,1000
367,2.439116203047546,9.077080850165942,14.350330181998864,0.597291986236366,1.5568770312846645,3.948051619512141,1.2684239100242687,3.6098084960708237,1000,0.8203313189218844,4.862256961665676,21.723324132954986,1.5539928929814928,-1.5197845479996361,4.30797827539863,-2.2254947513218415,3.8661573891656102,1000
368,1.3738616438991382,5.942597038421571,17.630066490433776,0.9283559039021183,-0.35522080424704544,3.4620422274326406,-0.4457159277490137,3.19343921554729,1000,0.7753872636205954,4.542838731397013,23.54719757848629,1.057008590644588,-0.941093743346416,3.223121963415506,-1.296349574042797,2.847124101283988,1000
369,1.1923887404300868,6.7508278821877665,15.244035841450573,0.8073023280475834,-0.2569791246496071,3.081805484881152,-0.3899238225431767,2.7747013034033503,1000,1.9566517178559355,4.721234155149123,20.119723948887703,1.2150802107084566,-0.47145097878778053,4.202450276013504,-0.42490549513263964,4.338208930844511,1000
370,3.3543117105173033,4.37373024681423,19.573118838979124,0.9168586363345985,1.6554606963382301,5.054284904707173,1.5572687833014902,5.1513546377331165,1000,2.631313531519583,8.023446105167745,6.29749733091156,0.7194425410555916,1.681438260964537,4.484341576027253,1.2212061510506236,4.041420911988542,1000
371,1.5036503044518712,9.939713574599653,9.71367335729911,0.8547026527043682,-0.27774226343603986,3.0715230847274677,-0.17156689484869037,3.178867503752433,1000,1.7965347382569854,7.604865363726034,11.324552529143535,0.7037000137667299,0.6933726631451779,3.5178245325645,0.4172827112741948,3.175786765239776,1000
372,1.3464001672549482,17.31891315078024,4.943338563955777,0.4714414593810234,0.37673531441423247,2.308587929761875,0.4223749068681424,2.270425427641754,1000,-0.05932898761289662,6.51606144584482,17.55097227689225,1.443998904562043,-2.584788197529201,3.4141645093453707,-2.8895668405545005,2.7709088653287073,1000
373,2.1352695080421933,6.666323033266552,18.492317557140634,0.6455394671910455,0.7671156979888806,3.390100897905499,0.8700121523477442,3.4005268637366424,1000,1.4769724194595266,6.1072801815216105,19.328841839775986,0.7738993057400303,0.38656086312661914,3.4145142889901936,-0.03987021979093264,2.993815058709986,1000
374,2.032135096972362,7.939119799918249,13.783080338785213,0.5259445081421164,0.9323027355482856,2.985362116671144,1.001283861013814,3.06298633293091,1000,1.9351032364941045,10.970328844671261,8.283330353992136,0.6435202498804412,0.6869393241046121,3.268673358967997,0.6738035467284398,3.1964029262597693,1000
375,1.9554811482995853,10.92633951104391,7.125048886252721,0.5141242277355794,0.9571713351153173,2.9094925975598644,0.9477976619378496,2.9631646346613207,1000,1.563448765165666,10.072102518870755,7.620555408159546,0.5867587125890553,0.44926659314888545,2.695717457836572,0.4134016884911178,2.7134958418402144,1000
376,2.2558979797754746,7.663332681549302,15.85617782489117,0.6031588141896795,0.9694953341318553,3.3078294689254735,1.0737067039637027,3.438089255587246,1000,0.7783148050262556,8.340638139616644,9.54009975595362,0.7955041383074327,-0.982840241106418,2.374158081818877,-0.7808733060563124,2.3375029161088237,1000
377,0.8126906649194412,3.2577704583988054,47.71006852684869,1.2911224062101767,-0.45069561883153125,4.5501349713492,-1.7179092512525052,3.3432905810913875,1000,1.9105128069538213,5.954867717122449,12.229659234011498,0.6374132367326435,0.5270867480698445,3.074646329597295,0.66118286295784,3.1598427509498026,1000
378,2.881722956394666,11.540975227812273,7.756475738908452,0.5552967654087331,1.758040432292137,3.891703650150858,1.7933412961935493,3.9701046165957825,1000,2.9248694772916237,13.840839570603574,3.634083186923497,0.7521336152923488,1.9547634479916673,4.910050926502815,1.4506875913186201,4.399051363264627,1000
379,1.9844317309077988,14.307073759921565,6.489781250566864,0.5889411197567744,0.9727799418566285,3.3065349841622362,0.8301071361845209,3.1387563256310766,1000,1.7376256396584004,7.886568204968028,14.217438009594328,0.8972211417996879,0.24332501354318825,3.744530147632661,-0.02092779826898794,3.496179077585789,1000
380,2.369683272266131,8.17227008802113,12.224247007415354,0.5776268658747619,1.3603549958225138,3.6133986784471235,1.237534615151598,3.501831929380664,1000,2.519019350149943,9.563692852108368,7.935853661947999,0.7158493539980516,1.4306226668392292,4.230099595684171,1.115954616313762,3.9220840839861237,1000
381,1.5581735492629922,16.022889985091318,4.4392307095172105,0.4937585823881151,0.6537441366416015,2.569758681947804,0.5904067277822866,2.525940370743698,1000,1.245842741360868,9.763924734884684,8.343482277382893,0.6839961486449554,-0.04180697336652895,2.6249339836574688,-0.09478970998324465,2.5864751927049805,1000
382,2.1035847623400237,10.619610365035083,7.2333416672539075,0.6702965950322312,0.8519383142399455,3.4124549947769807,0.7898034360768507,3.4173660886031967,1000,3.1535499676846825,6.501484540110481,15.74350225786286,1.159174537820881,0.6056872655944698,5.64079501791617,0.8815678735557557,5.425532061813609,1000
383,2.4587955196028246,13.755418276312353,5.50592216475015,0.5796774300102898,1.43343414725724,3.664761845425124,1.3226277567826565,3.5949632824229925,1000,2.001379650521426,7.767080002319042,12.224849701524846,1.1151277132031592,0.05982289297761461,4.607640012161379,-0.184270667356766,4.187029968399618,1000
384,1.9164331798165128,13.434552430085926,6.007216383227954,0.4831985975205494,0.9290431954612522,2.8573633829437854,0.9693639286762361,2.86350243095679,1000,0.9405910583085801,6.114174023177796,13.807205883160766,0.5999893578444857,-0.16534568559181653,2.1894893760846608,-0.23538808306661174,2.116570199683772,1000
385,1.2313070672557638,8.40668134636136,13.186412935120298,1.5501854666675743,-1.903250949894342,3.836122600059676,-1.8070564474126818,4.26967058192421,1000,3.102914914667421,6.290107058348007,5.234094422711911,1.1239919065289146,1.3525016647030639,6.215877328427032,0.8998907778707488,5.305939051464094,1000
386,0.9411940976561564,17.981102130822098,5.4019308208736305,0.4516929614673034,0.09384983841668953,1.9113651495949855,0.055875893180241665,1.826512302132071,1000,0.9896557643318951,14.336957290553956,7.455527098468237,0.6890611616532674,-0.2803625816735355,2.4522122568038554,-0.36090411250850885,2.340215641172299,1000
387,0.8974239070555983,3.184892671356554,42.95264737260048,1.0329654659566136,-0.3010664933818951,3.630848660347162,-1.1271884062193644,2.922036220330561,1000,1.9972197247806638,8.206321523964235,9.978577591161358,1.1623750581441752,-0.21344147226167132,4.224867334706381,-0.2810353891819197,4.275474838743247,1000
388,3.7643935344934816,2.2537067975301426,73.71429778842102,1.1157986124711463,0.8366691105563545,4.917621359641435,1.577428254050035,5.951358814936928,1000,2.0416966517612045,6.688866444656978,10.231938614493162,0.7412962117614315,0.685767634933628,3.7430110778607593,0.5887560767087989,3.49463722681361,1000
389,1.9781717212915528,15.05928497512121,7.164800592007009,0.6712939343132233,0.7342877604757317,3.493361057238744,0.6624356100376352,3.2939078325454707,1000,2.2337576938587755,7.681757568003672,7.348588082321802,1.0002230060710422,0.46040679983518606,4.515400501318354,0.2733206019595329,4.194194785758018,1000
390,1.9862905271744251,11.459221699598203,9.567049458147984,0.8697251192879325,0.17581414802665446,3.566949638483769,0.28162929337007747,3.6909517609787725,1000,0.350983987291587,8.777757045625908,9.338166838460968,1.133238628138825,-1.9830333728369987,2.5219806087286223,-1.87016372386051,2.572131698443684,1000
391,2.381753598187057,11.284413570743608,10.08894801770024,0.6255712451952176,1.152405231790392,3.582404409326791,1.1556339576044306,3.6078732387696837,1000,1.9757091610012112,12.254262127083006,4.9494128937177635,0.6765609890431872,0.6502179647721748,3.250800346298652,0.6496496224765644,3.3017686995258577,1000
392,1.8833980785721054,9.309555009846546,12.000685511558551,0.621136898478146,0.7815065442934127,3.277961153982392,0.6659697575549393,3.1008263995892715,1000,1.6934848594495948,8.350620860640928,9.416996322004843,1.1252346957862465,-0.9336374002069779,3.880300784907284,-0.5119751442914482,3.898944863190638,1000
393,1.1503557915452145,14.305679559321842,6.997257210026844,0.5492024479805168,0.12411809781113062,2.2869694149353568,0.0739189935034017,2.2267925895870273,1000,1.1982748114038624,13.140217454016963,6.959070985436668,0.5666259091413335,0.19054699918338014,2.385027721046493,0.08768802948684873,2.3088615933208763,1000
394,1.7449071518888595,1.53071422203141,104.36973464060036,0.8623360805219477,0.9229036490671938,4.416762612575216,0.054728434065842047,3.4350858697118767,1000,1.9347973267173986,4.63209380704823,15.889741004383454,1.034387221155681,0.5669381023964448,4.3061004909614455,-0.09260162674773609,3.9621962801825332,1000
395,1.3496592385865416,17.418125421219877,5.022186300228413,0.4391484507579598,0.42275171199787714,2.225021842354895,0.4889282751009404,2.210390202072143,1000,2.6733458996663924,11.265175609580005,10.15482225463891,1.203568291276971,0.4092717929793996,5.664621673340895,0.3143520487635292,5.032339750569255,1000
396,2.534703647567458,9.80065411940596,12.476769241752706,0.5242657040114577,1.6280836568542596,3.561880339247953,1.5071428677050007,3.562264427429915,1000,4.039320773412618,11.04566423137918,6.198633916886188,0.9616320005588492,2.214349806138045,6.098415098530047,2.154522052317274,5.924119494507963,1000
397,2.216774837479199,9.377947725505758,11.547347049111131,0.45813954018249653,1.2498527103270909,2.9651165049469514,1.3188213387215058,3.114728336236892,1000,3.8038192625820484,8.141912216527185,10.295687691043488,1.1231225194475303,1.6800659404678249,6.412429502423307,1.602499124464889,6.005139400699208,1000
398,1.477031395344936,15.339833947459505,7.072498472591707,0.588427746937816,0.3494877548672122,2.7679853175947455,0.32371301134681674,2.6303497793430557,1000,2.031898969936766,11.057379115911356,7.645051184449359,0.7325282346131555,0.5771964320580921,3.5905199254980014,0.5961436300949812,3.467654309778551,1000
399,2.397540047361388,13.285971366090498,6.2493822184316015,0.7095623486073599,1.024904500882462,3.902413218399214,1.0067978440909626,3.7882822506318132,1000,1.7398725070796788,12.54499927962387,5.906485253579852,0.6784182603042238,0.28335889038107476,3.124378676305128,0.4101727168834002,3.0695722972759576,1000
400,2.95986060422855,8.236848590092885,9.992818847158404,0.6003136898702708,1.9548650222232176,4.316206324274373,1.783245772082819,4.136475436374281,1000,2.2748780629655068,3.488627698342321,22.810610413365044,0.578727530714404,1.4451457885517,3.6207926893642,1.140572102765275,3.4091840231657384,1000
401,1.2787823440760822,11.201603285787229,9.512346546180266,0.8433333923183023,-0.31999936212165897,2.9357809445848755,-0.37415110486779035,2.9317157930199547,1000,1.4497387833456203,11.384846298199882,7.208146231404266,0.9207297128152058,-0.21336986401947275,3.5160178971937746,-0.354891453772183,3.2543690204634235,1000
402,1.283246537351363,10.399292422477705,10.880293342055257,0.4585262308295386,0.45912414270287344,2.2223437252534572,0.3845351249254675,2.1819579497772588,1000,1.1962063928792825,2.1894654233937407,48.234554815253006,0.5653639526437159,0.40007537555063566,2.6112287079621437,0.08809304569759946,2.304319740060966,1000
403,2.518902063213571,17.277712669150297,3.4101696450979757,0.6060588183641593,1.3516524524611613,3.7628707880303516,1.3310267792198187,3.706777347207323,1000,3.058806028236402,12.850104504997944,4.320754309036356,1.1995144600130199,1.262249098232968,6.31002811496869,0.7077576866108828,5.409854369861921,1000
404,2.949985804855527,4.51368902775341,19.368700480799475,1.0762845936306933,1.2419442718734224,5.555310355209096,0.8404680013393682,5.059503608371686,1000,2.8573544534459474,5.105833907130874,13.430613281384245,0.8129530862468605,0.9919995527523349,4.321540956522333,1.2639664044021008,4.450742502489794,1000
405,1.8749526881446232,8.34161848177831,15.52348126998079,0.4345338597562033,1.116794422667154,2.803210227375399,1.0232663230224648,2.7266390532667817,1000,1.5881067666239541,11.312710046349773,7.753992474966142,0.6477288540460948,0.39689311591102333,2.9802963803054654,0.3185582126936084,2.8576553205543,1000
406,2.1445265355307104,15.293263610817961,5.4161281687103076,0.6447616242807759,0.9890220732309047,3.432692834915304,0.8807937519403897,3.408259319121031,1000,0.022903876253636657,2.178844487578356,54.85405800884441,1.307175607034946,-1.1867713278139838,2.9785975744873143,-2.5391603135348575,2.584968066042131,1000
407,1.7253872334519196,9.905569877935465,12.387575942522565,0.9683960977890387,0.3193081766833967,3.968521017959782,-0.1726691182145963,3.6234435851184355,1000,0.8767281342327502,6.454191082669518,16.18434621233263,0.6232194475549333,-0.0983571449315887,2.4027303677884646,-0.344781982974919,2.0982382514404194,1000
408,1.0737326581425957,17.167232235974836,4.7637751387978335,0.507956980832944,0.155724188513634,2.119392913619859,0.07813697571002531,2.069328340575166,1000,1.4008663966855213,10.798995407446231,9.552409494352137,0.893580168874139,-0.19646059577740072,3.4092319704731384,-0.35055073430779116,3.1522835276788337,1000
409,1.4381983203656226,12.380647437752213,6.742398190155417,0.5458241963204021,0.21414887113396308,2.43745813651205,0.3683828955776345,2.508013745153611,1000,1.624650515180599,11.04554810544823,7.921581422131273,0.9816854694019723,-0.1380035283370792,4.200720636657667,-0.2994530048472668,3.5487540352084648,1000
410,2.079688973875845,17.48149697565336,4.2538267513744525,0.7223902824225102,0.2657313797477939,3.2779962214862985,0.6638040203277247,3.495573927423965,1000,2.637527626030818,8.942922582277243,7.4602341528534675,0.5390619407489438,1.4832798651795736,3.6365410823439226,1.580966222162888,3.6940890298987474,1000
411,2.2520617472894786,2.8875101436203785,48.528674913491436,0.808978707007279,0.031964354017624215,3.0533208572643855,0.6664634815552117,3.8376600130237453,1000,0.8960936689440584,10.234394053487513,8.154159765303156,0.789257278117678,-0.5097881188545241,2.6702023225360025,-0.6508505961665905,2.4430379340547073,1000
412,1.1901448907200631,6.708192459429464,15.88335181133629,0.6091704559767188,0.19273517406304436,2.748464379774558,-0.0038292029943056693,2.3841189844344317,1000,1.5515949017597126,10.580360438545739,8.964651392482699,0.8804640119328759,-0.17404096833183386,3.3643476092105216,-0.1741145616287243,3.2773043651481495,1000
413,1.8230591699300152,15.321422569498395,5.137758664351619,0.5488290659366183,0.8374498336925801,3.0008790026516827,0.7473542006942433,2.8987641391657872,1000,1.8427305165384915,15.139761033832311,4.751933475898037,0.6003839126467537,0.8154230453918961,3.0920584619814853,0.6659780477508543,3.0194829853261287,1000
414,2.252589787793535,6.645806279882214,16.877089130910967,0.5297318291480944,1.3851707137919458,3.4760627806379043,1.2143154026632699,3.2908641729237997,1000,2.283858519148648,7.086570072420908,13.637438707982023,0.5168791181275021,1.3834572655872917,3.4496025833262376,1.2707754476187438,3.296941590678552,1000
415,1.2079546758778512,14.771915614210451,7.007561328100965,0.41339379415377525,0.39177680923407066,1.9934776163198382,0.3977028393364518,2.0182065124192508,1000,1.8625379759807814,8.24850694029995,11.806508646161287,1.006480573911201,0.373512089365135,4.264372144559709,-0.11016394888517267,3.8352399008467355,1000
416,3.638506969466931,7.700668465684203,10.842888262564106,1.1444475005215176,1.1632832580803842,5.804454809361314,1.3953898684447568,5.881624070489106,1000,1.7854008757360678,5.6469466323009865,11.864600810760367,0.7507790069396814,0.586496048927323,3.904733722711167,0.3138740221342924,3.256927729337843,1000
417,1.9426151428390532,8.644400140021025,14.669024892374289,0.9101714632946291,0.6602303630832506,3.9135925157611764,0.15867907478158028,3.726551210896526,1000,1.5750545508502303,6.893472926537049,16.4796702360207,1.073436819861737,-0.29751032823664597,4.120254534352328,-0.5288816160787742,3.678990717779235,1000
418,2.041205518894998,6.954184334532511,19.09453049254507,0.753991120273492,0.810069273996975,3.789769349545613,0.5633829231589536,3.519028114631042,1000,3.386023172682716,3.7874929011441103,25.42897596658119,1.2173530261448735,0.35211847961717335,4.920689911792151,1.0000112414387639,5.772035103926668,1000
419,2.9998450371000374,5.76801826038635,20.060337512708806,0.9508992919764978,1.0552754098444683,4.8991426324227305,1.1360824248261017,4.863607649373973,1000,2.1946116125902777,4.068873411203467,20.298913033663748,1.1809806047190268,0.7678877745657461,5.505465383617673,-0.1201103726590147,4.50933359783957,1000
420,1.2091510646216612,9.424163824792245,11.931724352590626,0.5720429440175069,0.13578804365745983,2.3004041071308903,0.08794689434734781,2.3303552348959746,1000,-0.13678126491457254,6.5333250772482465,19.108745404148014,1.179570459554805,-2.0558934284146577,2.419858305637584,-2.4487393656419907,2.1751768358128456,1000
421,2.26482114938971,7.6688533373485335,12.556481011375652,0.6238495977427588,1.1136857540980543,3.5942819626429268,1.0420759378139026,3.487566360965517,1000,1.1678731516909964,5.721365117950156,17.027920302365583,0.9192969569443,-0.6317806332919521,3.1723548249441715,-0.6339488839198317,2.9696951873018245,1000
422,1.3871551292042101,15.995858459281376,6.287808618302592,0.37986304872740373,0.640257569765084,2.1620806416024387,0.6426235536984989,2.1316867047099213,1000,1.700126300894708,15.553753115050085,6.1042518790779745,0.6127978300099042,0.8223510354597938,3.13137896520767,0.49904255407529585,2.9012100477141205,1000
423,2.1716533404296694,10.58841949554256,10.254502267837086,0.5203199664857264,1.1887248080826545,3.233101873739551,1.1518262061176456,3.1914804747416934,1000,2.4757497221602747,11.44992280625696,5.002855165726185,0.6000568070805881,1.5655791720998122,3.871683152103792,1.2996383802823221,3.6518610640382274,1000
424,1.777914233439621,18.12262655645952,4.4162986673352895,0.4511028507172114,0.9329449562691404,2.6912454502792045,0.8937526460338866,2.6620758208453554,1000,1.0107507194174228,5.07364573301245,23.403251634380204,0.5701371760381568,-0.07534395803206782,2.070434812212752,-0.1067181456173647,2.1282195844522103,1000
425,3.8035230432232896,4.611943218545594,24.308917260577555,0.8172616844810848,1.8974008382332437,5.090094716620623,2.2016901416403636,5.405355944806216,1000,3.447378493001101,8.992158244705633,6.001336868860361,0.7711771438842903,1.931577235845227,5.031382743663242,1.935871290987892,4.95888569501431,1000
426,2.385639569439019,10.14532458839086,8.730602682722466,0.5486021111451322,1.200593746668816,3.3738733150690736,1.3103794315945596,3.4608997072834784,1000,1.9070940569177424,9.352740498697028,8.88148482926886,0.7619874978137867,0.44465764437032396,3.399337143925204,0.4135985612027204,3.4005895526327645,1000
427,2.404262239856514,4.637940348729758,33.923502327529434,0.6828161661471183,0.7143266449801655,3.438815903006179,1.0659425542081622,3.7425819255048656,1000,0.1207236138050507,4.904056238513686,14.145669294196303,1.2616692657161068,-2.554440450184194,2.359494131059301,-2.352148146998519,2.59359537460862,1000
428,3.375399928003969,12.827651787433597,6.384797040545045,1.0140459380239055,1.5805227769898946,5.598905660357929,1.3878698894771142,5.362929966530824,1000,3.0996908382945643,7.072379040498172,5.840424813920291,0.8005624578721021,1.5176355886492787,4.6898967787108266,1.530588420865244,4.668793255723885,1000
429,1.8753985267572304,6.786026062330933,16.68647364201566,0.6330598620949068,0.5687727821394669,2.9868915066225212,0.6346011970512131,3.1161958564632477,1000,2.007978648553684,7.883360087871711,9.339146715442647,1.1248566601353722,-0.04352231302745029,4.433152589379489,-0.19674040531164527,4.212697702419014,1000
430,1.8928625637993617,11.024805772060825,12.201521560047018,0.860934307694211,0.20015571483805494,3.647545180076169,0.20543132071870818,3.5802938068800154,1000,2.5333430521553497,6.2550076072202225,17.255924421581895,1.3219242004179965,-0.5032859748306361,4.752316420439742,-0.057628380663923284,5.124314484974622,1000
431,1.25966705384985,13.240567730923033,8.889340309494699,0.6566806766314732,-0.09678906626801094,2.4670641193382883,-0.02742707234783759,2.546761180047538,1000,0.14335386665573147,8.861616085310649,8.934261746395894,0.7540974237624456,-1.3474218651820504,1.628081707301853,-1.334677083918662,1.6213848172301248,1000
432,2.5491922636990214,4.646615360710085,24.354994609692202,0.9530968463525471,0.00528944058017301,3.947235644600733,0.6811224448480291,4.417262082550014,1000,1.0943812041246126,3.6101165518815055,25.688536353575273,1.1820103427147177,-0.9116460668496031,3.7991476184587487,-1.222359067596234,3.411121475845459,1000
433,1.06398582603201,9.862728292389363,10.584377796302471,0.678993703693789,-0.263757320188671,2.427776529258059,-0.2668418332078162,2.394813485271836,1000,0.8895449611230666,10.3538142793466,4.209243451872388,0.8014445878113262,-0.5988610207950044,2.4961375029031365,-0.6812864309871327,2.460376353233266,1000
434,2.043588594206402,12.463109622421761,5.800766519862092,0.6705347257370269,0.7430620223799932,3.3115903872522217,0.7293405317618293,3.3578366566509747,1000,2.2201404156693014,6.020698780502876,10.60056812200826,0.761117367285473,0.7172320591672283,3.7685330506201127,0.7283503757897745,3.7119304555488286,1000
435,1.4977331335898432,17.622085541178766,4.04820276725733,0.5747698422553698,0.5430252341946114,2.842292802173289,0.3711842427693184,2.624282024410368,1000,0.8787404138606063,11.639841844580406,7.761861263350089,0.7874759326671253,-0.5925752208806139,2.512359698957382,-0.6647124141669594,2.4221932418881718,1000
436,1.1206992157024929,9.042698419684992,11.521039176555755,1.003338121101448,-0.7664007515312997,3.308569330072304,-0.8458435016563453,3.087241933061331,1000,1.0601697993108474,10.559844866004555,6.931989409309009,0.6834471711009127,-0.6333880356199475,2.21175651296647,-0.27938665604694135,2.399726254668636,1000
437,2.5324746441561934,11.256636912527155,11.167757766600761,0.8195832689672918,0.8944105550482893,4.069042383555139,0.9260914369803015,4.1388578513320855,1000,0.8280173520175129,7.424737668114055,11.027170248709668,0.8599394938124025,-0.7352644797393028,2.737936158935312,-0.8574640558547961,2.513498759889822,1000
438,2.04485669269507,15.953319520924031,4.861904610562695,0.6489017947352346,0.7104342918825468,3.284600754800912,0.7730091750140102,3.3167042103761295,1000,2.2315972113856475,7.321769481384015,11.22433567409449,0.8052697567443016,0.6540229842043818,3.76964654082992,0.6532684881668165,3.8099259346044785,1000
439,2.368516502466305,15.33100232806763,5.199233837706384,0.697626990866277,1.1214693561486617,3.8395745122803246,1.0011676003684022,3.735865404564208,1000,2.226441431979514,6.901004994446687,15.958713409150363,0.7404083989896892,0.6464350037525076,3.577070255064278,0.7752409699597229,3.6776418939993047,1000
440,2.4897120914614557,11.638776141991611,8.490372708898349,0.7264738211283911,1.1070351970121757,3.9122895468127097,1.0658234020498092,3.913600780873102,1000,0.2268862872746169,4.4911891911437065,19.40814037603198,0.9978703863800303,-1.2135165019693352,2.5427182373538155,-1.7289396700302426,2.182712244579476,1000
441,1.2217080512114238,11.023445836173861,9.543190698328681,0.4259779853654625,0.41247020660604217,2.03820350680397,0.38679119989511734,2.05662490252773,1000,0.29929716368306725,6.8930809302672795,15.51635499126402,0.7491701977485876,-1.1472641974381756,1.855620217856457,-1.1690764239041644,1.767670751270299,1000
442,2.1189870007794,14.039838044368379,6.778724239251604,0.47560169847873635,1.2330443959504673,3.09901279450582,1.1868076717610765,3.051166329797723,1000,1.850537803650432,12.295310997607208,8.348730425098111,0.6182673733730014,0.765159296495082,3.1468163713492348,0.6387337518393492,3.062341855461515,1000
443,1.2231720135789041,8.444709181441768,14.865856489013554,0.46266947646304174,0.3372705928719804,2.153105032064374,0.3163398397113424,2.130004187446466,1000,1.3731394036555058,10.231941934423217,7.782040865764904,0.5536755716502187,0.3553220944152426,2.5756363138735225,0.2879352832210771,2.4583435240899343,1000
444,1.3752282923220682,5.963701118670587,20.90657537932962,0.7933030358933281,-0.10587789613529766,3.2303705459008243,-0.1796456580288548,2.9301022426729912,1000,0.7582908545215421,5.268704600488292,21.29216118990555,1.2801642696020985,-1.2027863133422005,3.887618512345533,-1.7508311138985708,3.267412822941655,1000
445,1.6510801140059244,8.623402832680346,14.028460808954753,0.5829156163910064,0.5599048502345951,2.899543896451037,0.5085655058795517,2.7935947221322968,1000,3.4611700568438932,6.833295303395934,12.385901310496335,1.1240827472598525,1.1765932284508145,5.627656871425536,1.2579678722145826,5.664372241473204,1000
446,1.5765383315741655,13.496802990310417,6.706375292529191,0.6176624865733427,0.689007561813586,3.1111805118216638,0.3659198578904139,2.7871568052579168,1000,1.1313012890316707,8.207577836677366,14.1103551503046,0.7821561144893648,-0.038788256842965635,3.1859213614158812,-0.40172469536748445,2.6643272734308256,1000
447,1.7221774210753982,15.489981599568452,6.87678425204958,0.5178699138369582,0.9024948576528408,2.968529058858125,0.7071523899549601,2.7372024521958362,1000,2.2381712254585215,14.497796525946184,4.515010981222024,0.6031389200514428,1.128031697629369,3.4716749834991103,1.0560189421576938,3.420323508759349,1000
448,2.00434765390857,12.90785974064423,5.587717763238374,0.45703905130739425,1.1432698870546854,2.972404176348007,1.1085511133460773,2.900144194471063,1000,2.290610024910059,10.637824210320847,7.393690289176308,0.7078588686847587,1.2253625520042681,3.8885714238063582,0.9032066422879319,3.6780134075321858,1000
449,1.7310299257413804,15.470930757963393,4.642124285652569,0.4872552182669494,0.8566595128848216,2.7613626640060582,0.7760096979381595,2.6860501535446013,1000,1.2799019868987727,9.007751913705647,9.467613895175575,0.8207825541271716,0.09676129055268555,3.544410793644641,-0.32883181919048377,2.888635792988029,1000
450,1.0224836904618049,4.314195763043686,31.668643366782238,1.3761521637346505,-0.8292843833215978,4.6639694898943835,-1.67477455045811,3.7197419313817197,1000,0.7409745906279586,9.029952783794284,9.221614507043483,0.6818839288143963,-0.528373059910428,2.1307613625092534,-0.5955179098482581,2.0774670911041753,1000
451,1.691318854875624,12.899778775378847,7.966783827634776,0.5853833786543949,0.6757352726625632,3.1129319618680027,0.54396743271301,2.838670277038238,1000,1.6463161967471842,10.234171576883591,10.7955269500326,0.7353993195765713,0.4338667693945354,3.289772970571393,0.2049335303771045,3.087698863117264,1000
452,1.177399850290126,17.82583562553212,5.259861717939247,0.5635553464709795,0.18061795029059263,2.4906087060767255,0.07283137120700611,2.281968329373246,1000,0.8603046619060395,14.111650881474361,5.314787031723493,0.6272941729262648,-0.3662686601135645,2.081112600687205,-0.36919191702943954,2.0898012408415187,1000
453,3.302958213974877,8.777761080505064,7.731405005838407,1.2593694791127192,0.9572655656546007,6.086006415530516,0.8345940349139473,5.771322393035807,1000,2.2721442273351524,4.712755514335743,11.713283133771641,1.0156597691061169,0.2168422768896184,4.149518190287529,0.28145107988716345,4.262837374783142,1000
454,2.4357721778223,14.289897254126792,5.405741770610271,0.6844193545536877,1.1233168703965226,3.8741438695141346,1.0943102428970721,3.7772341127475277,1000,2.307825523417966,11.19353522403696,5.674156331154369,0.7185096921554033,0.9828774877661565,3.70911092843141,0.8995465267933758,3.716104520042556,1000
455,2.0278709755953663,9.936427885411726,9.920510220669394,0.6728650968536062,0.6100269390174241,3.30886501870422,0.7090553857622983,3.3466865654284343,1000,0.5866549993101158,7.276467566258538,10.135040187625199,0.9916073720098335,-1.1359451257702755,2.749779167418826,-1.3568954498291579,2.530205448449389,1000
456,2.9830032462338862,12.800526523724432,4.92997105499379,0.6916321462088884,1.5304548821513821,4.292134532067512,1.627404239664465,4.338602252803307,1000,2.626196358020146,8.988653728275246,7.123019892349539,0.7385095116026396,0.9852309085105021,3.994080738698536,1.1787177152789727,4.07367500076132,1000
457,2.2901289371146074,12.652001597659778,5.648357983283778,0.5743330970580172,1.1755524590484496,3.5212594405045303,1.1644360668808937,3.415821807348321,1000,1.8726992973672256,6.240894261553969,12.440045045616516,0.6509968200765848,0.7031559776870152,3.3405172732662893,0.5967455300171196,3.1486530647173314,1000
458,2.2882328034374817,11.335615016580705,8.947221944172705,0.727691317238672,1.104982897417365,3.8569171803124913,0.8619578216496846,3.714507785225279,1000,1.3862371760181134,4.123563062157948,22.99025939443393,1.0816928028755932,0.0398251739740886,4.177399559050194,-0.7338807176180495,3.5063550696542762,1000
459,0.6904703733770727,9.810947051355333,9.881264041957468,0.7026070849895768,-0.6427344686574323,2.179943733181456,-0.6866395132024978,2.0675802599566433,1000,1.3553205469782401,9.218644607724231,6.927740175348501,0.755509544830031,-0.03850613519718771,2.93765597755232,-0.12547816088862063,2.8361192548451006,1000
460,2.3322740698473043,7.597708035901572,15.92224729601801,0.8854474310973182,0.5769191416322271,4.232234563425556,0.5967971048965608,4.067751034798048,1000,2.067876081688336,6.420124038854779,13.334938592722358,1.0635423851030206,-0.20147175070923917,4.017164827117318,-0.016666993113584105,4.152419156490256,1000
461,1.5091765623872941,12.213184381319232,8.857089529541726,0.5328073042328837,0.4295838772617292,2.579690341603298,0.46487424609084216,2.5534788786837463,1000,2.5831709467193535,8.954027970565768,8.454823899142575,0.9795383513890431,0.7739440150557005,4.6253355971352965,0.663275777996829,4.503066115441878,1000
462,2.3216376847810913,4.689532042134316,23.157436741181815,0.9909395141793949,1.0311254403185688,4.6589060971491465,0.37939623698947744,4.263879132572705,1000,2.7438595655569697,5.8815552010821595,14.884219010732117,0.8967410682867025,1.1643020552285035,4.887232057962785,0.9862470717150329,4.501472059398907,1000
463,2.495396026467631,5.600318099079745,19.76179423260915,0.7334431346708629,1.448851948636074,4.4448203410751,1.05784748251274,3.9329445704225225,1000,2.5538208729424614,6.0105040734437685,13.997290395196371,0.648370976296438,1.1669836009827201,3.6754697941475363,1.2830137594014428,3.8246279864834802,1000
464,0.8773440795356242,13.75811413269145,6.272925901412406,0.6462814411270362,-0.4026296046908185,2.1419459485711605,-0.3893675450733667,2.1440557041446153,1000,0.5691662970806899,12.869680182332237,6.643330111156752,0.6293957582310817,-0.5880315298806383,1.90929222052806,-0.6644493890522303,1.80278198321361,1000
465,2.516178112912178,16.888200898898734,3.777441172158979,0.4969647919530133,1.5536189743526732,3.4551275724971533,1.5421271206842717,3.490229105140084,1000,2.479364498697578,8.5928589829924,10.542638553547597,0.5993841790528049,1.4186984260947981,3.756248509772439,1.30457150775408,3.654157489641076,1000
466,2.7992785930459387,10.61271535411003,10.399445015100152,0.884884244862247,1.4359670361523997,4.918183704258813,1.0649054731159346,4.533651712975943,1000,2.4782006067406654,5.211174420522783,8.174473029086283,0.6519151381278763,1.1754979926638298,3.8060403619231113,1.200446936010028,3.755954277471303,1000
467,1.9768033398847797,8.971189748952026,9.591041880143633,0.885454427161712,0.19313971056396517,3.9689031190887682,0.24131266264782436,3.712294017121735,1000,1.6796690777097045,6.828820955401866,16.15774633986371,1.1491290046335698,-0.42850392716370966,4.409809055168224,-0.5726237713720921,3.931961926791501,1000
468,2.309443885545993,16.559372523284836,5.202148645897739,0.5583444404485456,1.1340287539112466,3.3447271708623867,1.2150887822668435,3.4037989888251423,1000,3.80187091407974,10.637743568486947,7.996957776569468,1.2683320733515133,1.5521077569456363,7.123993312515161,1.315940050310774,6.287801777848706,1000
469,1.452911330589251,5.652241221240484,21.764167812383345,0.5039923027679636,0.5766691774319058,2.5336463039170845,0.4650864171640423,2.4407362440144595,1000,0.609704959243961,4.850891230445612,19.324524145666338,0.832633842147808,-0.8725858020454541,2.3644131044298806,-1.0222573713657428,2.2416672898536647,1000
470,1.4537118357660137,10.129279608538807,11.74303301895474,0.6944016309729735,0.30512174421537513,3.0010633062437293,0.09268463905898572,2.8147390324730415,1000,0.6469451504549806,8.511933020636091,10.757771593226833,1.160050036085107,-2.130858198755843,2.6887759406869076,-1.6267529202718292,2.9206432211817903,1000
471,1.6575739119685637,5.0537544932828435,24.470455112816055,0.5700043628027229,0.4370646407277898,2.612752536549005,0.5403653608752268,2.774782463061901,1000,1.2699800503997647,6.909402236866226,11.035890265168623,0.7051767078277111,-0.1338106277522356,2.5642526611374237,-0.1121662969425492,2.6521263977420784,1000
472,1.6990437629804076,14.850432673370745,5.788618545016887,0.5486262729425919,0.7324596591625433,2.8908330139055343,0.6237362680129275,2.7743512579478877,1000,1.8003387615968431,12.160917049105924,5.522922832171644,0.6173693644285995,0.6727222435284526,3.0332527389010258,0.5902948073167882,3.010382715876898,1000
473,2.790997791854075,13.30284123705871,7.242632233531321,0.7580839145600817,1.366258740382167,4.477654207507271,1.305153319316315,4.276842264391835,1000,2.151396964240467,9.876192481043557,10.420118817851783,0.7779219978621308,0.8014635391663396,3.9988628247195366,0.6266698484306907,3.6761240800502435,1000
474,1.5260850080229909,12.865336344307584,8.27784379282198,0.44628383788840614,0.664367429463885,2.4045141201748916,0.6513686857617148,2.400801330284267,1000,0.19053829011285162,8.911783661449483,13.697630113428593,1.0864589472467263,-1.6972291700892517,2.3694156971138898,-1.938921246490732,2.319997826716435,1000
475,2.918745302565987,8.183625676880746,15.14974020373175,1.311800450456019,0.4077240885082089,5.573289172802789,0.3476164196721898,5.489874185459784,1000,0.8133356531876128,5.837237290225106,14.965733656407835,1.0749743501932865,-1.502517513948453,2.8318249310069614,-1.2936140731912285,2.920285379566454,1000
476,1.7008470621694902,9.391272820444929,14.61738200011626,0.7670281189288617,0.424695534774342,3.497697042046883,0.1974719490689214,3.204222175270059,1000,1.717791139158116,11.053387633578149,7.368712592069702,0.6482731389616956,0.47778644670433473,3.062343510363452,0.4471757867931927,2.9884064915230395,1000
477,2.3852696213171276,5.966828926303418,13.650342667751747,0.6663257011741072,1.1806641674930933,3.7874050085759854,1.0792712470158776,3.691267995618378,1000,2.461888448044395,6.025516617488838,10.845194628945029,0.7929230243187013,1.1108306586534968,4.170036855356742,0.9077593203797405,4.01601757570905,1000
478,0.9800748744090324,15.82582258022377,5.048809055467377,0.4985210416131492,0.07887038428857046,2.0610221310523533,0.0029736328472600437,1.9571761159708048,1000,0.30592244390048107,14.000214624848146,7.569466451927763,0.6308768769689859,-0.923616766521843,1.6454953355705177,-0.9305962349587311,1.5424411227596933,1000
479,2.3775281848636065,17.62085190171061,3.766595460963076,0.469682180936314,1.412642031999945,3.2178471309582597,1.4569511102284312,3.298105259498782,1000,2.258371818117639,11.551069829811523,5.204756167715767,0.57656622819509,1.0122704534007618,3.2377238740703547,1.1283020108552626,3.388441625380015,1000
480,1.731532173240738,14.59000153471248,6.293685246976314,0.7627508439032828,0.6990442805532407,3.6711744197765506,0.2365405191903036,3.2265238272911727,1000,1.0289270047688297,6.813367269582391,13.730298427291661,0.7441678898913171,-0.07956050142928697,3.1217312016182244,-0.4296420594181518,2.487496068955811,1000
481,1.866361979391041,12.371407410859875,6.555800730464954,0.4779388969905318,0.9146013307681172,2.8350061542048652,0.9296017412895987,2.8031222174924837,1000,1.9260789737714024,14.00748600383666,5.3400220766145114,0.5547138507084887,0.9318502243506886,3.207442740182212,0.8388398263827646,3.01331812116004,1000
482,3.1579048610945772,3.0239460651398953,51.3349435679256,1.0010000938109345,0.8800869538880536,5.354475329219929,1.1959446772251456,5.119865044964008,1000,-0.5411288043598521,1.935883695093723,50.61377881191832,1.2683097036146216,-1.768111546173912,3.207518424356043,-3.0270158234445104,1.9447582147248061,1000
483,2.663519775285269,10.33347745723546,8.738474135541578,0.6611750463351131,1.3529299700404136,4.002779785355847,1.3676166844684472,3.9594228661020905,1000,2.362016139838019,10.299561766428459,5.388305584098302,0.7695495574767783,0.8457266476159992,4.015480759510407,0.8536990071835335,3.8703332724925046,1000
484,3.3784450888760094,9.064764441674582,11.51683231899743,1.2406581696975723,1.2514628048902672,6.317543270562249,0.9467550762687678,5.810135101483251,1000,1.0500571190886698,7.532245389178405,9.015313798907766,1.5140408890560666,-2.318449705939785,3.9109651015005285,-1.9174630234612207,4.017577261638561,1000
485,2.4687911718174522,12.226375370290608,6.689797192250948,0.5216182272363976,1.5489711564588327,3.5137719537281598,1.446419446434113,3.4911628972007915,1000,2.3051850435313836,6.062585371005827,13.284261761532285,0.6923473213944915,1.0725666916800218,3.911988702983169,0.9481842935981803,3.662185793464587,1000
486,2.407510650467639,12.349070758142783,8.033479045567056,0.46161514527305614,1.5364621368875173,3.260638143984806,1.502744965732449,3.3122763352028293,1000,2.33931202899001,8.258659499508951,13.125461866924553,0.5816594929220006,1.1605290852687702,3.4249279113819515,1.1992594228628888,3.4793646351171312,1000
487,2.5729828384335387,7.813942030182202,12.266285317154262,0.6350463716255422,1.2327338076776813,3.723702843747707,1.328291950047476,3.8176737268196015,1000,1.8167756573168008,7.402836095855426,10.823358467461816,1.2621142804190735,-0.5481403551823859,4.602274436257477,-0.656968332304583,4.2905196469381846,1000
488,1.434195532470021,11.350061020681675,9.020583176693735,0.5213141474220994,0.4720629074382503,2.4483457339260037,0.41241980352270624,2.4559712614173357,1000,1.3306268827748295,12.853666530898874,5.976762046548169,0.5883019411418906,0.15075618624916867,2.500998348164203,0.1775550781367239,2.483698687412935,1000
489,1.7288577502703082,11.634999638565768,10.344591246319608,0.3977486894756092,0.8997051922092533,2.512706110195576,0.9492703188981142,2.508445181642502,1000,1.8582306924595193,14.089377870107095,5.788900871827318,0.7941820659408362,0.7846096780257958,3.9102439965034717,0.30163384321548037,3.4148275417035583,1000
490,2.0008652576289987,8.940647188179858,9.851497485818184,0.4728530323179924,1.1984548430713455,3.047139808006257,1.0740733142857337,2.9276572009722637,1000,1.5810312432485791,10.48159565967145,7.490687229387302,0.6587222891517487,0.14272645976144385,2.9545547503213974,0.28993555651115166,2.8721269299860066,1000
491,2.6898534081770427,4.107234725248554,25.772907680330817,0.748847597704919,0.7768685410330491,3.736226551550401,1.2221121166754014,4.157594699678684,1000,2.0068258135582395,6.922401465328609,8.331095413662844,1.0246684911796091,-0.14288868676138014,4.014549347522048,-0.001524429153794138,4.015176056270273,1000
492,2.2586201644067243,15.709102622382636,5.617743410592729,0.7321762334051667,0.9528997759840179,3.9362876829529707,0.8235547469325977,3.693685581880851,1000,1.8210139608217106,13.149729722520252,5.196301926045724,0.7390359595208161,0.31424827295122326,3.3771489161782955,0.37250348016091106,3.26952444148251,1000
493,1.8258396956397247,5.216172779743628,21.355502009054184,0.9314435416817483,0.23882282022921733,3.7928799430185043,0.00021035394349810943,3.6514690373359513,1000,0.5655444973379187,7.81292434992032,8.317367240092677,0.7107206877570288,-0.8097240162340401,2.063578316191161,-0.8274680506658578,1.9585570453416952,1000
494,2.628753012689965,3.1977296277801774,36.62428147285805,0.5145187929123225,1.310236319027376,3.341530523740096,1.620296178581813,3.6372098467981173,1000,2.410251654452596,6.597546083278506,8.412952394352859,0.5184752800017226,1.3743944868471183,3.375373613958288,1.3940401056492195,3.426463203255972,1000
495,2.7632161077861044,5.335137294506372,24.348404443047098,1.3736666875599888,-0.048092592760729705,5.2678683427136415,0.07082940016852657,5.455602815403682,1000,0.43084198887309144,6.957602895267192,11.574901871664355,1.6556908283359353,-2.5854444519288227,4.1229113931714165,-2.814312034665342,3.6759960124115247,1000
496,1.2880246055552247,9.731997319154395,10.615673217431805,0.5455281471914668,0.278554038229707,2.5859138315606365,0.2187894370599497,2.3572597740504997,1000,2.1538457389787133,11.457757312244983,8.364091595422906,0.7227461447371363,0.699993502143508,3.530257165453677,0.7372632952939262,3.5704281826635005,1000
497,1.9414602754220907,13.45648339960942,6.664422372379941,0.6864312051349399,0.668574211143372,3.38835350390189,0.5960551133576084,3.286865437486573,1000,0.8450125818731045,5.284240420645525,22.19918688389954,1.4435226879525587,-1.2874014413655916,4.207936033897139,-1.9842918865139105,3.6743170502601195,1000
498,1.568732254439257,7.318482585917474,15.157428649862029,0.7261443701732282,0.5217039461963524,3.4837362348298515,0.14548928889972967,2.9919752199787846,1000,1.9668239486904509,8.400248131927283,11.985273736474774,1.0032629156479016,0.07921057813023859,4.210176224144711,0.0004286340205637007,3.9332192633603382,1000
499,2.245672847042697,8.772972428041282,11.721850906285056,0.7322132412191427,0.8724897783124835,3.793863306822029,0.8105348942531776,3.6808107998322166,1000,1.5369570969066222,9.943711799925818,6.946572389686787,0.6634169643042274,0.09940913955993023,2.6924543829192857,0.23665984687033648,2.837254346942908,1000
500,2.519193050278287,11.663834137062587,5.724580828821115,0.8075087304261301,0.9386166872702403,4.183701001876321,0.9364759386430719,4.101910161913501,1000,1.430206171332928,6.863650772663516,9.529474158201774,1.0820253386915304,-0.7326549334331912,3.715502801839752,-0.6905634925024717,3.5509758351683276,1000
501,2.9225937134679425,8.713762647022321,11.786895398142335,0.8660897880799691,1.4024445104135868,4.747964865536694,1.2250577288312032,4.620129698104682,1000,1.6719866341588994,5.998375525324141,11.518254162206894,1.3332770086333872,-0.7932994513168915,4.550005444374069,-0.9412363027625392,4.285209571080338,1000
502,1.5010243794251963,16.521313161429827,4.4720955646622516,0.5221970501029946,0.5105508711819765,2.5803433795421644,0.477518161223327,2.5245305976270656,1000,0.21636624128242588,7.354384929722074,16.321011159259765,1.4107138856262476,-3.023801718030659,3.214367187232466,-2.5486329745450194,2.981365457109871,1000
503,2.52548652727088,8.749546436082358,12.719639788453359,1.0084751340291715,1.0270022761987045,5.276680751783442,0.5488752645737041,4.502097789968056,1000,3.007168179291626,6.1714140856183475,8.487657324389676,0.8052478071486833,1.1969217707981814,4.375522468909911,1.428882477280207,4.585453881303045,1000
504,4.160959995889464,3.9162679721355094,26.537677983414405,2.220299524455159,-0.2482079666975016,7.6918987855672025,-0.19082707204264704,8.512747063821575,1000,1.609173733317352,4.941507444319427,13.184399996874504,1.0403817108152935,0.00932062587840339,4.373629247852761,-0.42997441988062324,3.648321886515327,1000
505,1.6635384496979684,5.144574117007345,27.641692445598494,0.6224081706642753,0.21039012191636788,2.7479347255815445,0.44361843519598865,2.883458464199948,1000,0.8603866249287155,5.094696931599106,15.06453304708562,1.0225040482672922,-0.9605334337012184,3.0630122359438134,-1.1437213096751773,2.8644945595326083,1000
506,1.9926084486942888,11.619742971262855,7.272591211516645,0.482178561576073,0.9686494388944452,2.8915435013807445,1.0475384680051858,2.937678429383392,1000,1.717979303724578,9.464858816144218,10.28540759582258,0.8202305573892008,-0.0825476279991302,3.181716500852639,0.1103274112417445,3.3256311962074117,1000
507,2.3363605560713925,9.90330760482384,11.875819625878316,0.6543548170819252,1.1248581784331984,3.641021767169817,1.053825114590819,3.6188959975519657,1000,2.856343308778495,10.010256777234083,7.41013377296847,0.9227736056647742,1.2175341498748247,4.831243890687561,1.0477070416755376,4.6649795758814525,1000
508,1.5059258337175354,18.227772268521246,4.264586493448536,0.48031794154454255,0.6384723072945531,2.5881533878322145,0.564502668290232,2.4473489991448387,1000,2.3777009545957304,8.238939103194124,10.482765607299426,1.2465436990200192,0.02287919943734099,4.766366994393107,-0.06552469548350714,4.820926604674968,1000
509,1.5612064706471633,5.881458136122473,22.360047345549557,0.8322027264589933,-0.36200716271061073,2.8586253548793517,-0.06991087321246359,3.19232381450679,1000,0.7999193062851071,5.785492242037636,17.31473775420586,1.3181227684558232,-0.8034065188613891,4.361560594242087,-1.7836013198883065,3.3834399324585207,1000
510,2.938818792093881,4.09665157670342,31.34774329290696,0.8307757760055691,1.260998730194799,4.615342625573025,1.3104982711229658,4.567139313064796,1000,1.4874103633110645,5.798471645713483,12.056403441223814,0.9612506693550633,0.016123781232895484,4.026975816414188,-0.39664094862485966,3.3714616752469886,1000
511,1.3809884341210332,9.059783549979812,14.45739380721285,0.66070774019444,0.07879556217261664,2.714078697306339,0.08600126333993074,2.6759756049021357,1000,0.5143765684236676,7.776212439024678,6.585985975894647,0.7576716499087418,-1.158444094040557,1.9696392208573503,-0.9706598653974663,1.9994130022448016,1000
512,2.013320646299166,12.98722720077556,6.576184989349432,0.6535940456157654,0.9130220425508421,3.4631005194008697,0.7322763168922659,3.294364975706066,1000,1.0186622875078646,5.833244058352841,16.626528753219816,1.2805142346988514,-1.1459286541454916,3.8001500799228887,-1.4911456125018843,3.5284701875176134,1000
513,2.151363979437426,12.786945956687681,8.350995428607563,0.544448390216165,1.0841810767770315,3.2969832745352288,1.084245134613743,3.2184828242611094,1000,1.6278140708684332,8.499128620981095,7.233988263260521,0.8151220360947726,0.024133522700868725,3.2960475780476255,0.030174880122678882,3.2254532616141876,1000
514,1.171820926778927,3.982964552685359,33.025096076477894,0.8120142900438841,-0.37656063296370873,3.108663570185016,-0.41972708170708595,2.76336893526494,1000,0.6947172636384908,5.546145887979385,19.99674898631953,1.2334952907909162,-0.7416636012687712,3.9630403433154875,-1.7229335063117048,3.1123680335886865,1000
515,2.249360506810016,12.98593083148015,6.125089192691574,0.5532436387451672,1.227891911514939,3.461376814482298,1.1650029748694881,3.333718038750544,1000,1.9428424562847884,10.089741437349076,7.657525974159497,0.7985907728907136,0.6076907644428335,3.78175615826179,0.3776045414189897,3.5080803711505872,1000
516,1.7665206134912523,10.996919279083059,8.117619583647079,1.0475760002197216,-0.020845868082378833,4.051823781030994,-0.2867283469394022,3.819769573921907,1000,0.992842602142626,5.147629649714473,13.751275352909415,1.0594582786452171,-0.2614627118146557,4.195006764804361,-1.0836956240019995,3.0693808282872515,1000
517,1.8993948084806076,14.163190240360782,6.67901629030224,0.5291368886221364,0.9299208336279446,3.1228927023877655,0.8622865067812204,2.936503110179995,1000,1.6445531175618966,10.15286286940537,7.38484346865928,0.6513400398273558,0.2820845872057433,2.7871349286076414,0.3679266395002794,2.9211795956235136,1000
518,2.114341892512367,12.297066764340375,8.071764183502147,0.8381761417119722,0.607131711193099,4.006640312550398,0.47151665475690163,3.757167130267833,1000,1.4538723901341537,12.330646913912288,7.260832173191628,0.5588248832957933,0.4214715910748695,2.5750405529329696,0.3585756188743989,2.5491691613939085,1000
519,2.005113430344852,8.116296181620347,11.45747195453366,0.7137509970570798,0.6961966771164226,3.574487378195426,0.6061614761129754,3.4040653845767284,1000,1.4395569551860201,8.857737141754063,9.774295683543045,0.628091462222989,0.3077985681611563,2.8933530090814883,0.20849768922896184,2.6706162211430784,1000
520,1.9865571331566185,5.158016014775943,19.381000274350466,0.5209294903028961,0.9193600857701854,2.9527682241478495,0.9655353321629421,3.007578934150295,1000,1.941527689421633,7.988768622214636,8.482939921070496,0.5485523606310955,0.9503579634236364,3.0673417659676128,0.8663650625846857,3.01669031625858,1000
521,1.8854006752812298,15.289781955152892,5.588127003538843,0.67633033544656,0.6332028844771641,3.264365182195397,0.5597932178059724,3.211008132756487,1000,1.6529397311999456,12.225499242573772,5.603428807203953,0.8166973369166279,-0.12864926422334866,3.2928746397265733,0.052212950843354866,3.2536665115565366,1000
522,0.8409937053512953,9.065857703121846,11.69563205899855,0.8244265287603155,-0.4402453154319367,2.957486302664686,-0.7748822910189233,2.456869701721514,1000,0.08481157672395101,4.194515810739261,20.51304638442985,1.1587239612236977,-1.4810308751221262,3.2845493526892233,-2.1862873872744966,2.3559105407223986,1000
523,3.7184356181197793,11.164451665000671,9.018306649337239,0.7608550281324541,2.2639738044441295,5.21179616719309,2.227159762980169,5.209711473259389,1000,2.0762322022269037,10.977076628034046,5.048289234914187,0.813495556905256,0.31213027145033084,3.5871703171184706,0.4817809106926021,3.6706834937612056,1000
524,2.2696048749103688,8.4316787515778,14.886943158270348,0.8003897819045988,0.414608009201777,3.862537937911075,0.7008409023773552,3.838368847443382,1000,1.2333481028128621,9.651777758308242,10.14413180831868,0.8430610034053326,-0.3379153124639273,3.1447891862807285,-0.41905146386158987,2.885747669487314,1000
525,2.49238778466475,7.974334648297389,13.460873886516485,0.7288315700136861,1.1952496652172133,4.011296233199894,1.0638779074379252,3.9208976618915745,1000,1.8151384880771089,6.5455606008299805,12.140948318915296,0.930998892991041,-0.10528432391848581,3.9803736340566402,-0.009619342185331448,3.639896318339549,1000
526,2.3177226572227108,9.40009543978911,13.07297730685553,0.7961122211210142,0.8091253467495942,4.020932800578416,0.7573427038255229,3.878102610619899,1000,2.314299622389512,6.935549326417457,7.736072571939299,0.6242565528089918,1.041238587550766,3.464472768334476,1.0907567788838881,3.537842465895136,1000
527,2.7061571925181824,10.620202965130769,9.586984935139938,0.512529016096165,1.7588233767259973,3.7463966120885894,1.701600320969699,3.710714064066666,1000,2.389648708638268,4.346218055197257,20.931418999936664,0.9395307291236051,1.058961427603729,4.8501580836663605,0.5481684795560018,4.231128937720534,1000
528,0.1473541396930611,6.404324332341277,16.930199689180437,0.5729640556729994,-1.0175151242994525,1.2037918527165965,-0.9756554094260177,1.27036368881214,1000,0.19229538061380191,9.350775646266804,5.70549830784597,0.9937579863473343,-2.0404655259606184,1.9450694493682334,-1.755470272626973,2.140061033854577,1000
529,2.600469842537129,5.571743287624359,15.133125318807098,0.4771754268754888,1.8974768542641078,3.7782916894351155,1.6652060058611708,3.535733679213087,1000,2.117740133992835,7.253055488167635,7.790649988860284,1.1268696409673338,0.28756775043555755,4.7454511087259785,-0.09092436230313927,4.32640463028881,1000
530,2.3907060466770362,11.217469902854392,6.606143900211114,0.7154067858628659,0.9241165534897586,3.7324038822132963,0.9885087463858191,3.792903346968253,1000,1.8377188808609501,8.01071560984444,9.770476645928534,0.8702907174490554,0.22072713256071508,3.5930635904472785,0.13194907466080164,3.5434886870610987,1000
531,2.366825316233074,16.461202582466974,5.054129905760043,0.45627554073222515,1.5111906651762006,3.260715390813108,1.4725252563979128,3.261125376068235,1000,1.8711802305756946,11.444054272763239,6.942920836362148,0.5410601897178272,0.6745441709681733,2.90768409286833,0.8107022587287533,2.9316582024226356,1000
532,1.8221340396416812,9.242489896029001,10.834011534992076,0.5203281531483747,0.8020502622106271,2.825310999097467,0.8022908594708669,2.8419772198124953,1000,2.168524194224128,11.027930974181542,6.257423268150326,0.7899390456298234,0.8063683194019124,3.8538108277827816,0.6202436647896741,3.7168047236585817,1000
533,1.422806323498789,4.789995419995406,24.992066874220484,0.783849091213681,-0.44685826295590175,2.6795904729148186,-0.11353789528002545,2.9591505422776034,1000,0.8185406984153527,7.286359299893107,11.369480244862249,0.8291545156309919,-0.9437147716743134,2.5816659067024244,-0.8066021522213913,2.4436835490520967,1000
534,1.4932111713820193,3.3235654296681028,37.54460629091682,0.8529413845788412,0.21452799887628157,3.527851023472342,-0.17855394239250932,3.164976285156548,1000,-0.9304509041841338,1.2251513824701512,134.39711404699557,1.955485433825527,-1.747202972764743,4.753167484279856,-4.763202354482166,2.902300546113899,1000
535,2.136666206055226,5.059007569011596,25.655073332245486,1.093345179154822,-0.09728365386649064,4.226534991521191,-0.006290345088225013,4.279622757198677,1000,2.112119401826182,6.739475476553881,13.016514864981142,0.9199000168988138,0.1973790187530717,4.068754391459642,0.30911536870450695,3.9151234349478568,1000
536,1.4944397116385995,7.920441632165997,17.445500924176468,0.5291164554890008,0.4334246601029433,2.525753362030586,0.45737145888015807,2.531507964397041,1000,0.43973271642362244,7.796195871389013,13.320271055121493,1.187644555501515,-2.1192640446418824,2.8347343760872534,-1.8880506123593466,2.7675160452065914,1000
537,2.3054971410100054,12.687976238085307,8.051051828954847,1.4435344094117433,-1.2216285282778596,4.581661112836908,-0.5238303014370116,5.134824583457022,1000,2.5146138635194673,12.462748636244557,4.561732466260841,0.9941076810635658,1.1501796052020743,4.95273204756483,0.5661628086348782,4.463064918404056,1000
538,2.595134732408262,7.159188911874903,13.26029440435099,0.7622526554671589,1.416231934769988,4.354372019775353,1.1011195276926304,4.089149937123893,1000,2.7569628720089105,7.724988697329607,8.862553663448356,0.9581014766675939,1.6259622325042662,5.248133221969889,0.8790839777404265,4.634841766277395,1000
539,2.0780932408944555,6.332988579656248,17.849382299564805,0.7330680160192629,0.6227555457414042,3.512307943766229,0.6412799294967002,3.514906552292211,1000,1.8917112005347554,8.424497579349383,7.818061058293149,0.9562933304393678,0.0410424255410445,3.8619817674763026,0.017376272873594445,3.7660461281959163,1000
540,3.2537931310790555,4.2488465933737345,26.444894425817267,0.8571627608355414,1.056636813324204,4.4885578057154065,1.5737541198413945,4.933832142316716,1000,1.4529448626016177,4.777329128702035,15.081723612704957,1.0628001826608369,-0.21344324161206013,3.95233798126874,-0.6301434954136225,3.536033220616858,1000
541,2.241792789085487,6.409357341887687,18.150442037690127,1.266255642722566,-0.36509146667593506,4.9003156935960615,-0.2400682706507422,4.723653848821716,1000,2.7386022787020323,5.842577199457404,18.942137145867,1.193739821971653,0.07422762540646782,4.663098459024375,0.3988722276375922,5.078332329766472,1000
542,1.8249899295361613,16.445291215958125,4.623754500542655,0.5024628284128272,0.7982270712103177,2.76491652157704,0.8401627858470201,2.8098170732253025,1000,2.189909025391987,9.540509617060753,8.360388285213249,0.7996053835990129,0.48289787722501387,3.793342606537973,0.6226824735379215,3.757135577246052,1000
543,1.9727269600605422,14.478759081605416,5.379525992187489,0.6236349823944738,0.7192120079912167,3.182997708060217,0.7504023945673735,3.195051525553711,1000,1.7119335845973682,13.571935014982277,4.320135584472259,0.6562826347567408,0.37914715706023366,2.931352984954394,0.42561962047415647,2.99824754872058,1000
544,2.1771582772685614,8.541072150065014,10.946463843602821,0.6106302375373122,1.0287400129691533,3.4441025263544653,0.9803230116954296,3.373993542841693,1000,1.7455285064688701,6.338937014761959,8.672127182052758,0.7562820515472425,0.10600737336208213,3.0529918426583427,0.2632156854362748,3.2278413275014657,1000
545,2.705555903208268,9.623818679747252,11.305599129037999,0.9570629641326143,0.9894215708311052,4.739543050702668,0.8297124935083442,4.581399312908192,1000,1.0841833103338678,10.145366668136038,7.872252197337007,0.6505370421256949,-0.333260914936472,2.3477122665282963,-0.19086929223249416,2.35923591290023,1000
546,1.7344978402258384,2.531617164938339,52.90196870370944,0.7058417965999365,0.7297350452981497,3.2244561861152294,0.3510479188899629,3.117947761561714,1000,2.464135915033539,3.8741557899641705,18.518247831425704,0.7700115051663821,0.5288866855774493,3.5128465275937417,0.9549133649074302,3.973358465159648,1000
547,2.5505074967800314,7.069091675240027,18.437221401300416,0.7413181953734406,1.1629800086016926,4.104427089926945,1.097523833848088,4.003491159711975,1000,2.1932916044515127,6.341596987732454,11.22985766484336,1.003570371270461,0.32055628083812326,4.397965665356567,0.22629367676140943,4.160289532141616,1000
548,2.0296799030448938,6.170854712177923,17.093422315980856,0.4843136737755023,1.030492755564826,2.953453075010002,1.0804251024449094,2.978934703644878,1000,2.0082089685289732,9.206399286793472,7.884892292219394,0.847908623062531,0.608396925507892,3.935757285385476,0.3463080673264125,3.670109869731534,1000
549,2.237572168840128,15.545311767574423,5.384137348504834,0.5567915667695273,1.1608603334879735,3.3565157756611206,1.1462606979718546,3.328883639708402,1000,1.9264000499877452,9.137319337833867,8.885318097928572,1.1300826280001692,-0.7149941362877656,3.6842451826377376,-0.2885619008925864,4.141362000868076,1000
550,2.376353945542771,8.932265438238701,12.252473542206952,0.6469470569641325,1.2935011015788658,3.7486104983467117,1.1083377138930715,3.644370177192471,1000,2.56412943221512,5.099420674394236,14.983799003827857,1.0559277435326448,0.7691930568277041,4.812894081630978,0.4945110548911362,4.633747809539104,1000
551,2.839351559236359,3.5510587760812142,36.79107367290231,1.3119650443735582,1.0543109755826678,6.279864188948838,0.26790007226418533,5.4108030462085335,1000,1.9103307425512561,4.14291093709791,16.179348423011863,0.7328763465962431,0.741692027178129,3.7625719932386565,0.4738931032226197,3.3467683818798926,1000
552,1.2557224460374306,11.646294232884824,10.178916882401134,0.7363949705440354,-0.11464823300467147,2.868455070401737,-0.18761169622887874,2.6990565883037396,1000,2.2244614342653604,9.623157315495442,11.411547198934262,1.2051245308298804,-0.1793420185454526,4.65890713334316,-0.13758264616120508,4.586505514691925,1000
553,2.2637355679774247,6.0368532926257075,13.987986654277568,0.7424888655527175,0.8066591567286755,3.576022966578162,0.8084573914940985,3.719013744460751,1000,2.2144368843976783,5.283617398200077,15.989909960830706,0.9563468414758659,0.4065578347705267,3.826781474016389,0.33999707510498123,4.088876693690375,1000
554,2.726661968331347,4.609506877784026,27.85151934283584,1.080091272884587,0.724020318491949,4.740599745398187,0.6096830734775565,4.843640863185138,1000,2.5486443686418676,6.78519698733979,8.511074308258934,0.9096525773469806,0.9051229030932707,4.431052881955597,0.7657253170417857,4.33156342024195,1000
555,2.412626079379217,9.604996398835379,10.982699812692736,0.43164565741981054,1.5895380298057968,3.209585663171311,1.5666005908363883,3.258651567922046,1000,2.6632209242005445,11.588491839929036,5.531342642946149,0.6053578193748282,1.570905198018415,4.048158544370434,1.4767195982258812,3.8497222501752075,1000
556,1.261595506171048,8.53896687946706,10.879522364992363,0.5265988454820567,0.352838309527578,2.4776890097263298,0.22946176902621684,2.2937292433158794,1000,1.4955702528111643,7.9110537098526565,11.83156314782023,0.8397726523744574,0.24402835793530034,3.7410431153296533,-0.15038414584277215,3.141524651465101,1000
557,1.9554112329066147,6.759181892904473,12.899147477611068,0.7535138658614732,0.7882879260230372,3.670001675260308,0.4785240558181272,3.432298409995102,1000,0.618525063002255,2.6568589286466215,29.884736963368006,1.5492690749821418,-0.9676643420808658,4.680642814195252,-2.418042323962743,3.655092449967253,1000
558,1.23149635806512,15.521179195323496,5.260609115468557,0.4880047493480847,0.2592033907887974,2.146831257946439,0.2750070493428739,2.187985666787366,1000,0.7634124406274618,9.422827973084118,12.837575067703607,0.7498773084213518,-0.7388546857167398,2.3125904434544675,-0.7063470838783876,2.2331719651333115,1000
559,2.8188600497731517,5.665885027822415,13.959996203628977,1.2393942027596314,-0.08054329415738935,4.758080042110159,0.38964741236427436,5.248072687182029,1000,2.2237283129878542,7.144422245355212,8.605904320675176,1.1335376588176171,-0.3135041060002833,4.302417692508101,0.0019945017053246694,4.445462124270383,1000
560,3.269983626966992,1.1727684593407757,357.4012598938767,1.1054238014756428,1.0309443301308936,5.853982178863761,1.1033529760747323,5.436614277859252,1000,2.716780280707938,4.019408177355074,12.865466155319526,1.0871321887383236,0.17690016061464586,4.3847523954790315,0.586001190780824,4.847559370635052,1000
561,2.680133959350675,3.3166280367232304,38.87741918301823,1.0803925996858148,0.4877013509288388,4.409248922926167,0.5625644639664782,4.797703454734872,1000,1.9436872710826918,4.860902894671083,9.270584624629361,0.7399354810307025,0.47469766637924704,3.35045101319594,0.49341372826251484,3.3939608139028685,1000
562,1.0854774305996686,11.210323064594299,8.477222937185726,0.6702867828083481,-0.2468852483234949,2.4270716618192747,-0.22828466370469358,2.399239524904031,1000,1.1115803929625696,11.257713997920332,8.627172582967782,0.770769300838417,-0.7502530369891354,2.6067222520929123,-0.3991274366807276,2.622288222605867,1000
563,1.6248410453681505,16.38646468653444,6.153536545077864,0.5780368898255346,0.7446684004184125,3.0216006971184437,0.49188874131010274,2.7577933494261986,1000,0.977632801556588,8.723883513322544,11.649813297348205,0.6112715995888216,-0.0443583612752905,2.417702086867073,-0.22045953363750237,2.1757251367506782,1000
564,2.1728181680258283,6.981413337268973,13.324178053821932,0.9315170713122654,0.4251871046116881,4.085198028707414,0.3470447082537882,3.998591627797868,1000,0.8795362947784326,6.852966638895065,11.627247025385957,0.6180317385547511,-0.15180158062092142,2.326688864466911,-0.3318059127888795,2.0908785023457446,1000
565,1.6209258194571867,8.62030565631698,13.794046013096633,0.5307165381846161,0.5800690271271987,2.672025634932757,0.5807214046153393,2.6611302342990344,1000,2.0177764583058693,12.633273347519092,6.009964586444273,0.6648393108385652,0.7475941272379124,3.4002670928797136,0.7146914090622816,3.320861507549457,1000
566,2.83853395507597,7.075875798356648,14.847186282372945,1.0748127231847182,0.9445129352886992,5.460755898845941,0.731901017633922,4.945166892518017,1000,2.1589978485173447,9.16164393990631,6.532418516852633,0.8109425963105513,0.5653372449987596,3.681627547994586,0.5695503597486642,3.748445337286025,1000
567,2.3999901001313693,11.551303673814484,7.016544926783526,0.6605383044865331,1.3893951215139226,4.010565180261895,1.1053350233377646,3.6946451769249737,1000,1.962419919366371,7.826236180017592,11.275321920711736,0.5992037203465458,1.065548910072187,3.4291762284325493,0.7879806274871413,3.136859211245601,1000
568,1.1575536554961052,17.018809243971646,4.621677326972863,0.5836134116563713,-0.0465820846438287,2.2213122306544806,0.013671368649617488,2.301435942342593,1000,0.17460016242860865,7.713528892175417,11.402657034675736,0.6727478696932806,-1.1798587421266966,1.517401391695403,-1.1439856621702214,1.4931859870274387,1000
569,1.9906710959645937,12.437797448350633,6.979842687374827,0.8696396181694571,0.1740318498714265,3.892692992467993,0.28617744435245784,3.6951647475767295,1000,1.8551993625576373,8.081250116447215,9.711478650105928,0.6361830021493331,0.5551881483581423,3.119597756180652,0.6082806783449444,3.10211804677033,1000
570,1.7896166519480143,16.525085689191524,5.543931459662253,0.6115424441212851,0.6862408749009612,3.196839837493596,0.5909934614702956,2.988239842425733,1000,1.837393588957852,10.825610872574847,8.88869327312326,0.7561016292135153,0.07092161905866182,3.060984001912533,0.3554343956993622,3.319352782216342,1000
571,1.6297618419792284,16.536791182231045,5.166205570325703,0.619899511423174,0.33453224355460937,2.8171512211035883,0.4147587995898072,2.8447648843686495,1000,1.8877021853282299,12.181917503448355,5.1794033284616985,0.565589328980129,0.5362007823749436,2.767840096504192,0.7791471005271771,2.9962572701292824,1000
572,2.1697650494311467,18.295597434749265,3.706472935205828,0.6006932163057558,1.0965715389743957,3.386933733094787,0.9924063454718655,3.347123753390428,1000,2.388158382120146,10.04277490839496,5.712758060139327,0.7014488907919181,1.0682412009543338,3.7947499645409586,1.0133185561679865,3.7629982080723057,1000
573,1.957083656406308,8.746003371362704,13.433091477052548,0.5311944080771922,0.8468923802795385,2.98017479306428,0.9159426165750113,2.998224696237605,1000,2.199495552759986,13.027769616971051,4.360161763105921,0.7667171586293381,0.5963599933466324,3.587674821206271,0.6967299218464833,3.702261183673489,1000
574,2.509708931697602,5.620473818068865,21.789482278913546,2.0060779535387248,-1.854587218807317,6.026333033127458,-1.4222038572382982,6.441621720633503,1000,0.06287012261391212,6.273409031003195,18.5023775740963,1.4578100991685332,-1.878820039027283,3.2831649428429905,-2.794437671756413,2.9201779169842372,1000
575,0.26880337276412014,4.765954581489409,26.593066097609512,1.1374513413262592,-1.4391102303891865,2.88063030530684,-1.960601256235348,2.4982080017635884,1000,1.7346720704282108,10.472695405252379,7.266178320287268,0.8934532568387564,0.2697274596612358,3.860416218426798,-0.016496312975751826,3.4858404538321732,1000
576,2.085574999487613,13.06954926633161,7.13463804088933,0.5626790268059061,0.7883532286991811,3.00296412696239,0.982724106948037,3.1884258920271886,1000,1.466663417794556,7.667460044966104,7.399738731220172,0.5077463379926203,0.5186254747272527,2.4891720636495567,0.4714805953290202,2.4618462402600914,1000
577,1.4997547995996072,11.955938711081219,7.267086464165557,0.599980166556443,0.23475577771678266,2.5620016052754675,0.3237936731489788,2.675715926050236,1000,1.3925890012904583,10.926455517134649,7.490823264847956,0.7274824242070849,-0.00878739069952028,2.7650059267507903,-0.033276550155427964,2.8184545527363447,1000
578,1.9057544847391044,8.477393733516204,10.829936724540703,0.6199184882677076,0.5772177119622873,3.2402949425553946,0.6907142477343975,3.1207947217438115,1000,1.9621182817274976,9.033176148677311,7.24358949188078,0.8993359688802053,0.11262217536431118,3.726488878451292,0.1994197827222952,3.7248167807327,1000
579,1.2534086125349209,12.81269083232864,7.207356596401351,0.6161872699400134,0.25686096137494885,2.645538833037844,0.045681563452494744,2.461135661617347,1000,0.8496141977661349,9.613190823202528,10.398679034987257,0.9218869536629816,-0.7545698720730513,2.827577592064053,-0.957284231413309,2.6565126269455788,1000
580,1.8373170175352251,5.233715325685409,23.24586677973948,0.900462030378483,0.4402666815884439,4.059985975691903,0.07241143799339844,3.602222597077052,1000,0.936236692172064,5.148491765225854,20.235219268070846,1.4170947315826998,-1.1846269663368845,4.328631901891874,-1.8412689817300276,3.7137423660741558,1000
581,1.5695573856421112,9.88885252905714,13.160404605157572,0.677677517554044,0.5177185750826147,3.372739661390255,0.24130945123618486,2.897805320048038,1000,1.595393972085751,8.766135131806003,7.66439828602692,0.848065132271409,-0.2123588502363669,3.313200802935966,-0.06681368716621061,3.257601631337713,1000
582,1.8663669444505944,13.883391221115367,7.142851916264228,0.47643392518735755,0.9163447649849897,2.8014741199726054,0.9325564510833736,2.800177437817815,1000,1.971391228040026,11.560159180690356,8.333623022775313,0.7576476928310704,0.6173428309050741,3.6149874022895694,0.4864017500911282,3.456380705988924,1000
583,1.8835025638769145,17.89085966852931,4.448452516221234,0.5089478710665698,0.8671888114378667,2.9115531961796286,0.8859647365864377,2.8810403911673914,1000,1.8822971359754301,15.731092945286301,4.939427506532668,0.59074000547667,0.6458306799704088,2.966137096653446,0.7244467252411568,3.0401475467097034,1000
584,2.9509820032172254,5.866285430391053,22.569368806100197,0.6013214785192957,1.8576378018489514,4.258997523169571,1.7723919053194057,4.129572101115045,1000,2.9950707928679376,9.295694165160157,5.4963575913974765,0.8902521569244793,1.3072714224297808,4.8197192165913565,1.2501765652959582,4.739965020439917,1000
585,2.5373455623380226,9.022590406671828,11.029395377910479,0.568090489050962,1.512977108502897,3.6050359334932187,1.423888203798137,3.650802920877908,1000,2.2615846602665046,9.793400652757715,6.830772678199483,0.8184976954699607,0.7227617407073458,3.9111636303179598,0.6573291771453817,3.8658401433876275,1000
586,1.8577669022048804,5.9271804590227815,19.08202938174197,0.9944014652378869,0.48379575681597486,4.244669628786847,-0.09125996966137784,3.8067937740711386,1000,2.473497455993819,10.208175259364436,6.8912427450919225,0.7576969186555251,1.1050175275869867,4.220452906760844,0.98841149542899,3.9585834165586484,1000
587,2.4663245453345053,8.657890623169447,11.359658204913401,0.5619784884123251,1.4091739151804945,3.585241346810564,1.364846708046348,3.567802382622663,1000,2.4168212561066196,10.004245649807778,5.0327785024526985,0.7091347161838449,1.1614323120346723,3.868942965467036,1.0269172123862835,3.8067252998269554,1000
588,2.6235934963793235,15.416343231485847,5.158045934006756,0.6921415174794596,1.3869630291218118,4.197346408758599,1.2669961221195827,3.9801908706390643,1000,2.6397125002800514,10.32686096248114,6.326671632007313,0.9023410213097022,0.8873403101743187,4.4696891648395685,0.8711240985130353,4.408300902047068,1000
589,2.704200659742176,13.67014555679977,7.071743488277119,0.7452493827990736,1.458973319087094,4.385011515371394,1.243511869455992,4.16488945002836,1000,3.6234024902309354,4.013161417272736,27.83753074413935,1.0646075441061487,1.1165662625336477,5.2094401855079955,1.5367717037828839,5.7100332766789865,1000
590,2.743249475086917,8.906684490962032,13.089944362203022,0.6343337695334541,1.559590871514776,4.174200633469667,1.499955286801347,3.986543663372487,1000,2.0872469004366314,10.239792844025363,6.173847102601892,0.625369670568134,1.0849288380126867,3.5022648479615985,0.8615223461230888,3.312971454750174,1000
591,2.1692082643937836,11.354018182605587,8.32706765745072,0.6019521595487539,0.875445742143737,3.3267125796500663,0.9893820316782258,3.3490344971093413,1000,2.102319705015071,11.96726256638001,7.402809346686863,0.6831198748462222,0.5973856755884807,3.3759095652617073,0.7634047503164754,3.4412346597136665,1000
592,2.33330441903359,6.4602211456051535,15.995324251413404,0.750900019657799,1.269849678404929,4.154464311320941,0.8615403805043043,3.805068457562876,1000,2.1287164605576145,6.051028770291333,16.680292901412695,0.6745457682989073,1.108192487307337,3.7939351970993758,0.8066067546917561,3.450826166423473,1000
593,1.802648702403731,2.6102056640767253,50.40312082619436,0.8370777921724802,0.9047251047325161,3.967173941816441,0.16197622974566972,3.4433211750617922,1000,1.9100286216898128,9.400130365197272,6.956859128946433,0.5836146526731487,0.7709830172961217,3.089614854475111,0.7661439024504413,3.053913340929184,1000
594,1.6275578427792377,14.948370104684969,5.558799429075865,0.6758985004040721,0.20365406464264701,3.0663647925263238,0.30279678198725635,2.9523189035712187,1000,0.38989698658930605,8.194688232020601,9.94391591024727,1.0692116551081903,-1.5709875989552147,2.749280514352819,-1.7057578574227468,2.485551830601359,1000
595,1.2249264457239342,7.065902274644408,14.14080665029744,1.004753451595585,-0.9106594692487745,3.196218323033099,-0.7443903194034123,3.1942432108512806,1000,0.8339831791911974,7.309283472975191,7.224988082125279,0.9825990465391844,-1.0133405895271153,2.8590188065479443,-1.091910952025604,2.7598773104079988,1000
596,1.2915218008645026,9.053615607593775,11.205978334669636,0.5774503754491853,0.34365032612923424,2.56697561855684,0.15971906498409938,2.423324536744906,1000,0.4448651496553788,3.2788805462655284,31.793025098308718,0.9119715057159461,-0.6526711455119732,2.828328453364628,-1.3425990015478755,2.232329300858633,1000
597,2.188348020628247,11.773464037298657,9.205277845652171,0.5512076003537062,1.0604599489876174,3.2226690446924224,1.107981123934983,3.2687149173215113,1000,1.886987465502992,10.13922806114541,6.837860528136317,0.8446264047817817,0.11690021471460756,3.518888173667,0.23151971213069977,3.542455218875284,1000
598,1.9556328111779986,5.704330957668152,22.831815389157747,0.7553490815424521,0.3234224465883823,3.1932247826896196,0.47514861135479247,3.4361170110012047,1000,0.1538096341312487,8.198440672425729,9.460053196936528,0.6101695560905208,-1.0853197291111523,1.363569186079909,-1.042122695806172,1.3497419640686694,1000
599,2.201595560965961,18.11517931138815,3.9928180548489647,0.7136700233767741,0.8424820195199912,3.6748576594706766,0.8028023151474837,3.600388806784438,1000,0.9260285329713365,5.121607633577012,20.728767973961926,0.8894767724000612,-0.4532697468563952,2.8793987701295505,-0.8173459409327835,2.6694030068754566,1000
600,2.204379067384961,16.296894413367873,4.617037732165413,0.49670780038237305,1.2447437730423156,3.180112191820174,1.2308317786355099,3.177926356134412,1000,2.0712301526813555,13.509398890277494,5.145784580770499,0.6424894210336116,0.6302575198031091,3.213953351399472,0.8119508874554766,3.3305094179072343,1000
601,1.9897967942361263,6.188232293399091,20.660612270669063,1.0049265192874564,0.3845547944769747,4.321107809970991,0.020140816432711928,3.9594527720395405,1000,1.7515859300478682,8.653456578546809,12.927249468959312,1.1953200435452116,-0.5201081572116517,4.653594866225441,-0.5912413553007465,4.094413215396483,1000
602,1.8744876938305197,9.265757831732667,7.798324798553074,0.6100604943760322,0.7539563495467011,3.223476924831324,0.6787691248534966,3.0702062628075426,1000,1.5909421538533675,4.162200380456403,22.302436324956023,0.5995288591085813,0.9138228182156487,3.263214984800935,0.4158655900005481,2.766018717706187,1000
603,2.4811010577429204,5.159649365219981,21.414080222054555,1.5794478510468604,-0.05433669918925376,5.897058775794008,-0.6146167303089256,5.576818845794767,1000,0.7853076739739442,6.065356798368791,17.508072158268874,0.9082147515185084,-0.7827225267404093,2.849489492961563,-0.9947932390023322,2.5654085869502206,1000
604,0.7905548624892154,4.5266016808128064,20.9352462986549,1.3838628332773515,-2.0614617506960626,3.6125532298041136,-1.9218162907343936,3.5029260157128244,1000,1.4760819787025357,3.8618926134068423,28.581535526814115,1.3589165642599226,-1.549613667681411,3.5607323644956925,-1.1873944872469124,4.139558444651984,1000
605,2.7427569039112534,8.862912317575187,11.219160466793667,0.8303011744763827,1.1212839212466925,4.3736521742902665,1.1153666019375432,4.3701472058849635,1000,2.2030700497782503,11.77629382832596,6.336637589132563,0.6819282530837845,1.0121970767550288,3.6374436736194435,0.8664906737340328,3.5396494258224678,1000
606,1.9816325200942926,15.98294335971537,5.503501122269552,0.589564807653191,0.7117333782882578,3.07558273723177,0.8260854970940383,3.137179543094547,1000,0.23732871355866436,6.505723915290456,10.704608243361662,1.196784672570273,-1.8621292426768965,2.6824269201194,-2.108369244679071,2.5830266717963997,1000
607,1.5459191047463796,13.872304216597731,7.645585586403943,0.6382712525037887,0.4002826285993354,2.939284765004496,0.2949074498389539,2.7969307596538053,1000,2.128223589491858,13.408484131869438,5.5802292116967545,0.7157396197998451,0.7838785187922757,3.5249905983019767,0.7253739346841617,3.531073244299555,1000
608,3.238697243337848,7.929657894753715,15.794629429078856,0.929820357294917,1.1911843813365965,4.856262478463073,1.4162493430398106,5.061145143635885,1000,1.8230217366783186,9.748814788417281,6.81626945995646,0.5456417666740138,0.7351740588837395,2.8998621123454598,0.7535638739972517,2.8924795993593855,1000
609,1.5428019181240287,11.394071915774466,10.53457207396683,0.5169840549218442,0.6869671610055175,2.58096839421177,0.529513170477214,2.556090665770843,1000,0.8827218629185318,10.63231345067381,7.385685061542758,0.7814646831532476,-0.8851061940113536,2.405751772492033,-0.6489489160618334,2.414392641898897,1000
610,2.927105389143965,2.447193426468925,65.64956269851872,1.029742033757979,0.6353687100858978,4.25490264103569,0.9088110029783265,4.945399775309603,1000,1.1819111300198888,8.299878715572277,5.028230523876448,0.7089608152086022,-0.34513173265614,2.4846191853370225,-0.2076520677889715,2.5714743278287493,1000
611,1.9738551991447146,11.217533284363748,10.908387885947503,0.5368213903053851,0.9725212017672881,3.0841203180178836,0.9216852741461599,3.0260251241432696,1000,1.7407168066507481,6.9609138344527794,16.905265239209086,0.9209427029230204,0.3017645789276014,3.8373169362339854,-0.06433089107837175,3.545764504379868,1000
612,1.9444220067298903,9.73607206212485,10.288525305155153,0.5314346276788903,0.8640197893872472,2.9306696940079915,0.9028101364792653,2.9860338769805153,1000,1.7853647789970564,9.925871836635233,5.771043784253656,0.7254680844529989,0.3551937090689108,3.4296903954501046,0.36344733346917857,3.207282224524934,1000
613,1.5916793921195664,7.1808864163593835,11.242223156234784,1.206847466410361,-0.6046889985132793,4.127292947090095,-0.7737416420447409,3.9571004262838736,1000,2.43601511950648,8.98390341578605,6.73583283393313,0.845680000652705,1.1366331242256917,4.311801686015758,0.7784823182271783,4.093547920785782,1000
614,2.1448216468657186,9.277276597160077,8.767362492123247,0.8661962159050962,0.4996449269904246,3.832296860120786,0.44707706369173006,3.842566230039707,1000,0.6607633978098724,4.098000514433267,19.458673620236183,1.827108965822337,-1.4961785865743376,4.649524752525133,-2.920370175201908,4.241896970821653,1000
615,2.3308281617959548,6.0989664758077815,16.66686884370448,0.5566517561033649,1.3902332158521449,3.5771779569050923,1.2397907198333595,3.42186560375855,1000,2.3840066182323763,3.659105259529888,27.673921678750762,0.9797623933202617,0.5424256536433888,4.675984721749362,0.46367232732466324,4.304340909140089,1000
616,2.056559465711235,6.219324209276574,13.530582398335028,1.0217372241352247,0.0813393440292392,3.9522506938465227,0.05395450640619437,4.0591644250162755,1000,1.857254595195236,8.03132468087492,9.418716347703459,0.9051659568225812,0.08672349477552514,3.649297570942906,0.083129319822977,3.631379870567495,1000
617,0.7966191666531126,13.781195357179447,6.58622636153808,0.5720856852447338,-0.34397035861556924,1.9575631438501693,-0.32466877642656566,1.9179071097327909,1000,0.5628026348364261,8.633437352056623,7.039362022876231,0.5130442099106117,-0.49038508688180416,1.5215200207602526,-0.44276401658837283,1.568369286261225,1000
618,1.375465545506209,4.674670834692421,27.292794251740933,0.7176374557880715,0.27352937377152436,3.043969616401856,-0.031103867838411015,2.7820349588508293,1000,1.1790511144021978,5.166951993758829,20.380194312872234,0.8998292051815096,-0.22645878293945304,3.4393343305541544,-0.5846141277535608,2.9427163565579564,1000
619,3.6153574054798083,7.15017757951779,12.051350882884696,0.8638112846393291,2.0074269003817236,5.41662005845871,1.9222872875867234,5.3084275233728935,1000,2.7501009429159975,7.995627239786355,5.710503486936733,0.6509998751980528,1.4702466944251182,3.9855895971203874,1.474141187527814,4.026060698304181,1000
620,2.176938904392885,17.05270343067977,4.431433879701695,0.5146635587113022,1.1461528067392448,3.1981598946513294,1.1681983293187326,3.185679479467037,1000,2.2092631604231254,9.665339467469737,8.849344192578895,0.7376382036382109,1.1191813514791715,3.904018567142542,0.7634922812922322,3.6550340395540184,1000
621,3.337666512799171,7.432308764818681,14.025511206212808,0.6023602299472204,2.2197917260688853,4.531419289966716,2.157040462102619,4.518292563495724,1000,2.696229772032294,7.064909572816137,7.837892445429789,0.9916530042644764,0.07580047647601094,4.095592853942163,0.75258988367392,4.6398696603906675,1000
622,2.725455776513127,8.51316101917976,14.071043538586206,0.6419316750821712,1.4485766233761694,3.9338706386675195,1.4672696933520712,3.9836418596741825,1000,2.259168233046962,11.572232844366592,6.054727855979504,0.7030077217736372,0.9914799216428223,3.666643637637667,0.881273098370633,3.6370633677232913,1000
623,1.9989513621355073,11.890421782798859,9.746959228646341,0.511193340902098,0.9752247342435403,2.9302306827724522,0.9970124139673953,3.0008903103036193,1000,1.1735342943754825,10.196386407451604,10.449219721120892,0.9649320447380214,-0.4265461778514332,3.2740524571893506,-0.7177325133110395,3.0648011020620043,1000
624,4.255475879754861,5.170912939154254,17.888824899641776,1.2182566600997822,1.7611760271180872,6.595309914698294,1.8676928259592875,6.643258933550434,1000,4.162745288058679,8.440831372051761,3.2769529150478762,0.7756340117638598,2.675154455997135,5.650798683910578,2.642502625001514,5.6829879511158445,1000
625,1.1615842334011877,14.42589360160787,6.517224881703525,0.4499213096565228,0.3106777716815762,2.07933199617236,0.2797384664744029,2.043430000327972,1000,0.7086128765390591,9.32024853159764,9.803475075512353,0.6855740453923289,-0.9639555681745461,1.648291770425209,-0.6351122524299055,2.052338005508024,1000
626,1.4319425520265519,18.0126995400619,4.358151228719413,0.7163524030740891,-0.0024245490650401974,2.9652382188557143,0.027891842001337208,2.8359932620517663,1000,1.2366896288679965,14.463219098631027,5.267036071058236,0.8250909351815842,-0.3778360876754795,2.9399424499694926,-0.3804886040879085,2.8538678618239013,1000
627,1.2143493801222025,9.395810938786452,12.486624871988681,0.6137269901457026,0.09710533893502457,2.3352638936204473,0.011444479436625299,2.4172542808077795,1000,-0.9808480983518835,4.120612140453686,30.482466183666386,1.4380432947173256,-3.2437055757086872,2.1337398657571764,-3.7994129559978416,1.8377167592940746,1000
628,1.1008735391373996,11.030886097129054,8.793159787725669,0.9153598152216611,-0.4162221652174881,3.3876168834919884,-0.6932316986970561,2.8949787769718553,1000,0.37477809791841743,8.38445005516361,14.3937676469681,1.4998187507733352,-2.4533376849293633,3.585381629785706,-2.5648666535973192,3.314422849434154,1000
629,1.2491265106588623,13.688952524330187,6.848541415925733,0.4698179888362688,0.26800730676676876,2.1412333650565114,0.3282832525397754,2.169969768777949,1000,0.5778329262214097,8.852722598369422,12.120855414711995,0.9186126118214835,-1.2318414703505094,2.5427963789561376,-1.2226477929486979,2.3783136453915175,1000
630,2.4658951381064127,10.436375828315851,8.960174079626743,0.8401158432390625,0.7366054845787754,4.113952986761823,0.8192680853578502,4.112522190854975,1000,0.7361221045009603,3.453860157773538,33.79967171284073,1.495648880982163,-1.0454480619678457,4.48302161397372,-2.1953497022240795,3.667593911226,1000
631,1.5460010264742396,15.639748307089658,5.951759113855614,0.5852526411217215,0.45739170476811547,2.808477861983076,0.39890584987566546,2.693096203072814,1000,0.009869168309446064,4.260724956734777,25.225578046012245,1.2036093976859044,-1.864102195560722,3.069183932765306,-2.3492052511549266,2.3689435877738187,1000
632,1.5301742428391223,12.247790002404328,8.610953140014791,0.4600881752642769,0.6775285031821643,2.49880390815149,0.6284014193211396,2.431947066357105,1000,1.8332783323123585,11.87488047646662,8.993941480229113,0.8002110155439753,0.6431317673467238,3.6232929690610427,0.26486474184616693,3.40169192277855,1000
633,2.2939114885991643,8.207596699591974,14.807516637781285,0.7130257984635452,1.1444006999368281,3.6168303332187213,0.8963809236106157,3.691442053587713,1000,2.199511506574164,8.110333419839991,5.609866538552238,0.6646439182136188,0.9794034077902366,3.5246304793775165,0.8968094268754714,3.502213586272857,1000
634,0.5466854621561281,15.783154228108486,6.463209927491539,0.8537891437098399,-1.1441604305123738,2.4478031097737403,-1.126741259515158,2.220112183827414,1000,-0.6789754200663451,3.653032936970655,31.30267025120947,1.7755610189482427,-2.5548717172278343,4.148391384511441,-4.1590750172049,2.8011241770722104,1000
635,1.002987110051321,15.88128701037833,6.360384747013726,0.6475483576620247,-0.14939644876889388,2.4327685715208496,-0.2662076709662473,2.2721818910688896,1000,0.9798740186818113,12.513113860770112,6.541077026049202,0.818306242786047,-0.5129813992983787,2.696387475404292,-0.6240062171788407,2.5837542545424634,1000
636,1.5751772876430337,15.458989731650318,4.3827935890788625,0.5211412852330521,0.6312005171547607,2.675519379803623,0.5537403685862514,2.596614206699816,1000,1.4701919685094083,14.615666223692587,4.225668853208983,0.5537793486751137,0.3837555359679473,2.6822625984912,0.3847844451061855,2.555599491912631,1000
637,2.1163943604419577,7.9887207284582935,12.908312039082343,0.6680906958935752,0.6716412047937078,3.396748831991363,0.8069365964905504,3.425852124393365,1000,1.2551030932621634,9.201700172921973,8.127719341491606,0.6669130426448288,-0.1146850213071748,2.570170201182753,-0.052046470321700955,2.5622526568460278,1000
638,0.14201411810452402,6.952083293009249,13.723076915900538,1.0163251365979313,-1.739309808175981,2.0384079795956924,-1.8499831496274213,2.1340113858364695,1000,0.330561357698512,7.987827383640323,10.709311943718873,0.9303371284807787,-1.0716362551244463,2.4801359727003085,-1.492899414123814,2.154022129520838,1000
639,2.299090000594231,11.155100985874244,6.449251450989254,0.6058809594729648,1.1923954601757574,3.4586923395293816,1.11156332002722,3.486616681161242,1000,1.9820912813681857,6.928837316667046,10.91236567055087,0.8509327842454057,0.582642901174959,3.7485664472579416,0.31426302424719044,3.649919538489181,1000
640,2.1283377519164577,17.375886359388108,3.7242044694454464,0.5525203436044971,1.1104515726616355,3.2319395142014624,1.0453978784516433,3.211277625381272,1000,3.4333213669437757,11.281375423861881,7.533489456119121,0.8938344606633565,1.9354732004192423,5.51758401403872,1.681405824043597,5.185236909843955,1000
641,1.6158625533093007,5.502321283349984,23.76249616396566,0.9618422550190759,0.07684813516832034,4.083939905188734,-0.2693482665280882,3.5010733731466894,1000,1.3877717923228534,6.09834205763508,16.354708699054946,0.9538107619132437,-0.48340663371083864,3.4283864743458414,-0.4816973010271042,3.257240885672811,1000
642,2.265293630287207,15.634022482216514,4.218679681299754,0.5491557511588526,1.251794724085748,3.424835244676689,1.188948358015856,3.341638902558558,1000,1.6441547391571552,11.67765038601435,6.469187224729869,0.7345944789625908,-0.04628916873377747,3.0222290047648372,0.20434956039047725,3.083959917923833,1000
643,2.12481268450222,10.524742179514927,10.633528903155497,0.6987145774052546,0.9762890114299587,3.6351926727110317,0.7553321127879213,3.494293256216519,1000,-0.9871250620394783,1.8309545306523416,69.97524825909794,1.6676041708415525,-2.3386245821491873,3.113640844034134,-4.255629236888922,2.2813791128099647,1000
644,2.1910802610207076,11.756658071965736,8.394883010902559,0.915439647114724,0.7373589832821623,4.162734269017294,0.39681855267584853,3.9853419693655665,1000,0.0193398883697804,2.7694112350027202,36.067518029940885,1.5039094139473361,-1.9018267094225647,3.85715991411602,-2.9283225629669984,2.9670023397065592,1000
645,2.842429274032029,4.253502451004521,32.34078735561903,0.7822229951778183,0.9537833054659153,3.9706638606327713,1.3092722034835051,4.375586344580553,1000,1.3684468312280342,10.183112552700553,6.4530451763287875,0.6097625594368647,-0.00592920875018353,2.341527531405481,0.17331221473177938,2.563581447724289,1000
646,1.1188636743805793,19.892701949668897,2.7755651490304536,0.5565899916156618,0.07216426100734846,2.3050217410321707,0.027947290813882253,2.2097800579472766,1000,1.2870701559115436,6.15083526437182,14.632209086087732,1.345056622907929,-1.9606476785761306,3.4806817654873834,-1.3492408249879975,3.9233811368110847,1000
647,2.2006200348286473,10.643157958946881,11.46276675140794,0.6172918944413373,0.9567396362853605,3.3923126170763713,0.9907279217236262,3.4105121479336686,1000,1.1429390576231873,9.309642371442298,9.979024924686826,0.7849199911020239,-0.4161904489828473,2.4953797393997643,-0.39550412493677967,2.6813822401831544,1000
648,1.603978190787,9.220516712676229,13.424743879685838,0.7999590116582278,-0.0956110113666017,3.1488153301630684,0.0360585279368737,3.1718978536371267,1000,0.8228199846976882,11.908506962441466,6.058482266229489,0.9064275137206909,-1.1491356358030256,2.7313374271307924,-0.9537779421948658,2.5994179115902423,1000
649,2.4421572029739544,11.894589331000105,6.7390131209987105,0.5706642554611449,1.3261861081683823,3.5731061276390763,1.3236552622701105,3.5606591436777983,1000,2.3773893429287773,10.070980750008747,6.256319972328147,0.5568100847884809,1.1953404392238276,3.440560333644116,1.2860415767433548,3.4687371091142,1000
650,2.380314415882798,6.93753997071148,15.870133323066364,0.4174149017803707,1.573063007903478,3.1312297791421857,1.5621812083932713,3.1984476233723242,1000,2.5404651764410833,7.530974658448863,8.856277003907538,0.6203584390693793,1.460493540431303,3.842139606071761,1.3245626358651,3.7563677170170666,1000
651,1.9883594755028355,6.543704797971233,13.723389636586095,1.1234235940790727,-0.01650031810696212,4.396934201282325,-0.21355076889214675,4.190269719897818,1000,1.445560355836546,5.078239821082047,17.405175847489033,1.2075831395905603,-0.1848214697025958,3.9295517741042008,-0.9213025977609521,3.812423309434044,1000
652,1.6234265868794389,15.00806884949094,5.1686657410748325,0.6537131789612731,0.3564454941567507,2.9260230667679967,0.34214875611534357,2.904704417643534,1000,0.5239980981508312,5.717948653491098,20.559676934895986,1.0433879091968383,-0.8502329304322209,3.3752279674696264,-1.521042203874972,2.5690384001766344,1000
653,0.9105199385205875,8.86780288174662,14.016686846728307,0.5107831467893055,0.10034847264768088,2.0902012862668844,-0.09061502918645115,1.9116549062276262,1000,0.3026239606263097,6.543093286369449,18.410791025003782,0.8811556982143879,-1.0203960221163142,2.3518853681051017,-1.4244412078738906,2.02968912912651,1000
654,2.59821957205366,4.572243174725487,25.88349365539405,1.0905998102815109,1.0761367009798557,5.077079052237837,0.46064394390189856,4.7357952002054216,1000,2.704927163840775,6.9711555419296145,8.445202397229957,0.7889400835184639,1.504909149743233,4.68075057729292,1.1586046001445856,4.251249727536964,1000
655,2.1203549397194497,16.341565639508264,5.087767871516793,0.5331107919766942,1.1036336995533134,3.1917470762191673,1.075457787445129,3.1652520919937706,1000,2.3080592946254894,14.66239712567725,3.9815459843421754,0.558481949683518,1.3498714933841838,3.431832009783799,1.2134346732457941,3.4026839160051847,1000
656,0.234328441067575,3.5658358969724255,42.99653521462965,0.6343022003292165,-0.6490369322038133,1.9639618612232108,-1.0089038715776892,1.4775607537128392,1000,1.1678023767285426,7.014440551334618,12.74179330920533,0.7011430827760469,-0.10666859887183443,2.731209655757201,-0.20643806551250932,2.5420428189695947,1000
657,2.5649136101015406,16.278717704103112,5.742392969052135,0.6025679892240013,1.4479605262436157,3.847514395961939,1.383880351222498,3.7459468689805835,1000,2.040309237105589,10.523088124387048,8.156915996227418,0.9646811888216652,0.4356987320866757,4.29383595216065,0.14953410701512526,3.931084367196053,1000
658,2.7669312535750636,5.420978558445027,23.013259951830104,1.3206359565049666,0.7553306169970754,5.629047696008499,0.1784847788253292,5.3553777283247985,1000,1.3020616917959364,7.732436730901622,8.652921410288224,0.6796035327495505,-0.07849089677120474,2.746771512857643,-0.029961232393182602,2.6340846159850555,1000
659,2.5516719844365627,10.382448225460752,9.565073320880419,0.5004059727274464,1.5765868814881148,3.524018826343122,1.570876277890768,3.5324676909823576,1000,2.288871627173532,11.773590646694231,6.214862445715167,0.5410597394912084,1.368806369759037,3.3206498320376205,1.2283945377707635,3.3493487165763005,1000
660,3.152208256273319,5.574997088152755,26.260704145922418,1.7883343175577042,0.23389355104329798,6.600795624404259,-0.35292700613978134,6.657343518686419,1000,1.5723333992777377,5.361426192484122,17.606290109438998,0.6724219530493303,-0.014861975913722155,2.6914907637319,0.25438637130105035,2.8902804272544254,1000
661,1.7591258384737074,6.749050985468547,16.099015921802053,1.0204581635095646,-0.5094504158436926,3.535144710476929,-0.24097216200503935,3.759223838952454,1000,0.7591649111223457,6.9949172410178635,15.034583338288368,0.9856193090584496,-0.7652512714316144,3.1973148145497645,-1.1726489346322155,2.6909787568769072,1000
662,1.5394575122134642,14.924835278007823,8.114449855277682,0.49820271554933765,0.5380992327937022,2.5175221469228912,0.5629801897367623,2.515934834690166,1000,1.7368520483056813,14.348566858477058,5.74227330309904,0.7423539791664664,0.4506882256805763,3.4785693268344535,0.28183824913940714,3.1918658474719557,1000
663,2.4928256401909588,11.152202642228628,11.304338599925469,0.662855479958891,1.3284665953652106,3.9957893135112097,1.1936288994715323,3.7920223809103852,1000,3.043728927180439,7.95088410311465,8.194210430975037,1.2703106159424498,0.3703869634478393,5.505014230092632,0.5539201199332373,5.53353773442764,1000
664,1.7016981885907494,6.7196417326267,18.90089826204549,0.49353272981911833,0.7723820667773715,2.6211563605247985,0.7343740381452775,2.6690223390362213,1000,1.6185354704775188,10.528592140558914,5.5886636336071485,0.6249180986968343,0.37057463590082107,2.7037272594198174,0.39369599703172353,2.843374943923314,1000
665,1.556027721208587,6.149287081535126,20.772928772302482,1.1025148717244608,-0.949613680338337,3.477924198507724,-0.6049014273713564,3.7169568697885302,1000,0.2679462549293983,8.239578306088456,12.747089513846625,0.7916745204547373,-1.0484371852521912,2.202097038431874,-1.2837358051618868,1.8196283150206833,1000
666,1.6880718263783485,7.674232614041046,17.27719209070347,0.6860962752434133,0.3201271333222707,2.969371394039653,0.34332312690125844,3.0328205258554384,1000,1.486980695390726,10.778128947295702,6.957680237134257,0.6237601600600896,0.16906229387362312,2.709880385020527,0.2644107816729504,2.7095506091085015,1000
667,1.1206777244794905,11.764257082405113,9.243995109754739,0.5122972939114417,0.10732950196489852,2.1055711334101788,0.11657502841306466,2.1247804205459166,1000,1.1890052399847315,10.564312284864409,6.551597093883553,0.8282865833879305,-0.5076128168997102,2.632777158267348,-0.43443646345561215,2.8124469434250754,1000
668,2.6920730901695844,8.85924900883616,12.109486670049014,0.959948168977579,0.8258480269360531,4.393438732806756,0.8105746789735297,4.573571501365639,1000,1.4106801575172878,8.431193317297149,9.14769445270933,0.7661000790943484,-0.011130804690275376,3.0770064055935875,-0.09087599750763498,2.912236312542211,1000
669,2.7307617950824277,13.942833597832745,5.690107218602765,0.7540728029060257,1.2072717236727861,4.121490406703721,1.2527791013866172,4.208744488778239,1000,3.3697423417289016,11.003322923412155,5.240396524647026,0.7287700507909688,1.9812804708970424,4.9210677195959525,1.9413530421786027,4.7981316412792,1000
670,2.2432125336227573,18.33649002318877,3.993852197001103,0.6186212451322182,1.1745755090719732,3.557343379740605,1.0307148931636096,3.455710174081905,1000,2.036482754548305,11.166087901350046,8.313365050811207,0.7791916203817524,0.7539430897990126,3.7982256338308926,0.5092671786000704,3.56369833049654,1000
671,3.813233865568309,4.765472010345115,30.40901477615564,1.0729636155534594,1.582278764340635,5.542387940931053,1.7102251790835283,5.91624255205309,1000,2.2516575710504827,7.5295171569173505,10.21595162215836,0.6771270605771821,0.9582088565127773,3.5363528546626735,0.9244885323192058,3.5788266097817596,1000
672,0.5135107041463183,6.732913349983435,15.52574171548253,0.7189913939334706,-0.9917592318927564,1.838979538041779,-0.895712427963284,1.9227338362559205,1000,0.22669854832741132,6.247991858123482,13.676456235335388,0.6445409935371641,-1.1304006857263018,1.550436847005731,-1.0366017990054304,1.489998895660253,1000
673,2.5737886672782735,3.0906982753228407,57.79111793291942,1.368784406389927,-0.7958773611592864,4.329103926573321,-0.10902876924598326,5.256606103802531,1000,0.46507233181610497,4.856599076486129,17.279177276238396,1.1272793488825474,-1.1745034704160293,3.1610717361229375,-1.744395191993688,2.674539855625898,1000
674,1.6423448263904652,18.600282014579424,4.136337466100741,0.5975831984922432,0.43407503595167735,2.7326478894355115,0.4710817573456687,2.8136078954352617,1000,1.1427906629198696,12.015298265135325,6.1477743940347,0.5814749199470052,-0.0815362299925217,2.254053957928615,0.0030998198237395247,2.2824815060159995,1000
675,3.3831232493944645,10.910498811716955,9.475040293302413,0.8592193834490345,1.741206520705524,4.979175950436088,1.699053257834357,5.067193240954572,1000,2.250024778631344,11.307073025391936,6.008580792172513,0.6710866280184475,0.9574583154157433,3.5211028463518255,0.9346949877151869,3.5653545695475013,1000
676,2.800728728130295,4.612389305027372,29.281152839069577,0.8083013416281318,0.8776016105364038,4.030910932202225,1.2164580985391567,4.3849993577214335,1000,1.3532899361476325,7.733436378945882,7.731659224008764,0.8113284704985556,-0.37519659793724547,2.830696674220668,-0.23691386602953646,2.9434937383248014,1000
677,2.0230475731893525,16.80587885169405,4.049278633508479,0.5730327558826324,0.865531399924745,3.1164625905683923,0.8999033716593932,3.1461917747193118,1000,1.5231884939447151,8.386826311138277,10.192939548318876,0.9145797067732266,-0.08709978453021387,3.593400071533098,-0.26938773133080907,3.3157647192202395,1000
678,1.100072948166253,12.687231343815483,7.835845572726074,0.4776100276812502,0.19452095685742882,2.055638123041933,0.16395729391100256,2.0361886024215035,1000,1.0037033049730133,14.175963131929324,7.179112438808773,0.6481402581914073,-0.11819860830026234,2.508288175337754,-0.2666516010821449,2.2740582110281715,1000
679,2.434660259099724,9.876281428813293,9.951856602994487,0.4705986286082538,1.4388990310004208,3.330300327091126,1.5122869470275466,3.3570335711719013,1000,2.750172127715283,8.972480101147058,7.231442387143851,0.6854661810087331,1.1779479467715621,3.8133414304618896,1.4066584129381658,4.0936858424924,1000
680,1.3429711445110657,17.44672888809407,4.409741006215243,0.5778259389060195,0.27797927282751106,2.573440419376886,0.21043230425526738,2.4755099847668642,1000,1.2101497000939587,13.758340537105731,4.584995513122234,0.6260581560532388,0.08344836393765306,2.534988580313257,-0.01692428577038929,2.4372236859583065,1000
681,1.5479256705822562,5.700935298823324,21.62506938292285,0.5409848436229812,0.5847691757037266,2.6938527016060188,0.48759537708121314,2.608255964083299,1000,1.6171970139758192,11.256542161979036,7.159499090783507,0.7125941105456557,0.34440462288054857,3.2602288292106194,0.220512557306334,3.0138814706453045,1000
682,2.74862324668427,12.286428885573889,9.673957264068545,0.7020326893841518,1.2439975907365508,4.06865611837332,1.3726391754913327,4.124607317877207,1000,1.3494196591182386,4.399632934197962,12.094786025580433,0.8987226035366419,0.03735640882802826,3.6493541358584087,-0.41207664381357945,3.110915962050057,1000
683,1.7582218036228952,7.770142398494351,14.386564090549669,0.776824030239029,0.10024242009876884,3.140673951055345,0.23564670435439838,3.280796902891392,1000,1.3469657183553472,10.084835440421397,8.504436395502518,0.9406492483307528,-0.24176687817612807,3.4141061963313617,-0.49670680837292824,3.1906382450836226,1000
684,2.3884072731970214,8.393030925754989,9.977423910118162,0.7439550101699512,1.2918321173043559,4.292783141027675,0.9302554532639169,3.846559093130126,1000,2.034438371862512,5.09192327629856,14.72536878741202,0.680941032290641,1.1208524178303783,3.909358692823478,0.6997939485728559,3.3690827951521682,1000
685,2.4994223503240134,4.168352681643543,26.136602474237215,0.5429559260852768,1.4256707245171658,3.59158559479644,1.4352287351968709,3.563615965451156,1000,2.0359937634316134,6.004584059988869,6.776485943417444,1.1483226329587124,-0.043080083393090045,4.68613245702784,-0.214718597167463,4.28670612403069,1000
686,1.4245173538080886,6.184322791229621,22.832686412567437,0.5936278407715466,0.1732780982491194,2.4275310160266836,0.26100678589585735,2.58802792172032,1000,1.4088243200152513,11.330870982209436,5.768115574387742,0.6073321335065034,0.19226981622188424,2.5805440220589775,0.2184533383425047,2.599195301687998,1000
687,2.014876216687182,13.848686535114675,5.816701333861025,0.8059691016390359,0.758147446527614,3.947723957412363,0.43517677747467176,3.5945756558996926,1000,1.0086042826281885,10.588150918001707,9.148538104128505,0.9432988330320901,-0.5258804588118371,3.1326493189029647,-0.840261430114708,2.857469995371085,1000
688,2.0348716496677506,13.606109806199585,7.995012527824793,0.884030578403455,0.3861742353021438,3.834955274490471,0.3021717159969788,3.7675715833385226,1000,1.0275011361368764,12.284575662504851,8.707822117982952,0.7095320110615068,-0.17044358825522982,2.454734437503964,-0.36318160554367673,2.4181838778174294,1000
689,1.9027304095329898,17.8630900006834,4.360768028486931,0.8944285350169466,0.08855132414346131,3.6901634561031087,0.1496504808997745,3.655810338166205,1000,1.7285772006734939,11.101727709405905,6.042063261473136,0.7593043702428638,0.091418109424747,3.1122957674799174,0.24034063499748082,3.2168137663495067,1000
690,3.2704162551598728,11.19266108385587,5.634816675762585,0.5975515083480291,2.352038784163966,4.725888260406961,2.099215298797736,4.44161721152201,1000,2.804565628921983,2.8466683291233883,22.760585460868324,0.9661737102440316,1.7596682685791514,5.638288088655568,0.9108651568436812,4.698266101000285,1000
691,2.831801658863215,6.80337000082117,19.249416560407056,0.493997341791899,1.8123258280238754,3.7675174132366083,1.863566868951093,3.8000364487753373,1000,1.316435318035861,7.395005198708231,9.833410219558216,0.6356645905141809,0.09593618397007965,2.6056307398154366,0.07053272062806637,2.5623379154436554,1000
692,1.1792650057749219,19.107061626658396,3.4932499641392036,0.6360197220898833,-0.13082301719596326,2.355510803841972,-0.06733364952124932,2.425863661071093,1000,1.0475381347787018,9.482174510365018,8.717817265140768,0.6905493384166126,-0.2958061769694933,2.468376224204959,-0.30593856851785883,2.4010148380752625,1000
693,1.0672711964719448,8.477351460126533,15.193386418327723,0.42369918477023677,0.2983585363018377,1.9169806268268668,0.23682079432228076,1.897721598621609,1000,2.711213637433626,3.887461134600127,25.572319463281893,1.4549709340642896,-0.6725257631695101,4.9007031649858925,-0.14052939333238124,5.562956668199634,1000
694,1.9602967238400941,12.221864535646624,8.615575941464591,0.5747824695373277,0.8030359141569566,3.059577029296287,0.8337230835469318,3.086870364133256,1000,1.1845226918666247,9.156127657573258,9.942782550351092,1.22959292580831,-1.0798688727351904,3.626504195361101,-1.225479442717663,3.5945248264509124,1000
695,2.309063486651842,3.275651995950893,27.147401966337597,0.7177028289153756,0.3846297656791658,3.1876076780123,0.9023659419777059,3.715761031325978,1000,1.9589060097275321,4.992262639867353,10.560332587805984,0.6484576003637634,0.3507062697850873,2.9642469834835476,0.687929113014556,3.2298829064405083,1000
696,2.0511917123477934,3.1135714536477885,59.31078080837831,1.566592377836235,-2.742163302866121,4.766345874984662,-1.019329348211227,5.121712772906814,1000,-1.02890559613019,3.6722664785850996,26.654070857893128,2.1666481365873174,-3.740762141624348,4.899374335807665,-5.275535943841332,3.217724751580952,1000
697,1.4299044518847286,11.109109417190405,10.426677251367986,0.7014050278726137,0.09551480712040243,2.902439928906746,0.05515059725440574,2.8046583065150514,1000,3.3208208489190145,3.2953880073811908,33.664416079885484,1.8223510788620492,-1.4622614928088793,5.3241744194388,-0.2509872656506018,6.892628963488631,1000
698,1.4749997384487896,6.894730545507281,13.871006482206665,0.8206276522812159,-0.21840216187988112,3.111404253300747,-0.13343046002239367,3.083429936919973,1000,1.023601881907891,8.102480780373767,7.6775074509382994,0.6289221601438971,-0.10855468877628865,2.3917957968286183,-0.20908555197414747,2.256289315789929,1000
699,1.8576649059926662,12.70187991816385,8.347556955415165,0.8887001268734107,0.585126408521137,4.022396172769267,0.11581265732078116,3.599517154664551,1000,0.28252460571283855,5.685685404966638,18.416505096402688,0.914890624770038,-1.1050407988240591,2.324739830301362,-1.510661018836436,2.0757102302621133,1000
700,2.2710776393327436,2.6081355872379786,33.46412891775996,0.8654044977718278,0.6741522502150402,4.519638489408212,0.5748848236999611,3.967270454965526,1000,3.013940245037784,3.149363430812219,27.439707124856312,1.0601337601299836,0.5764234952998706,5.003532732474231,0.9360780751830164,5.091802414892552,1000
701,2.5114633475820707,12.43181518252723,7.892687700134819,0.7906859374084331,1.1254395948774107,4.197469101115272,0.961718910261542,4.061207784902599,1000,3.250154005662332,7.962859440966152,10.90897487011766,0.8577380067752101,1.4503004845158178,4.935370713469885,1.5689875123829204,4.931320498941744,1000
702,3.0099230699698296,14.399768982397758,5.1537848095294105,0.9125868699960675,1.6299705562528464,5.24499132409099,1.2212528047775373,4.798593335162122,1000,2.6391973379425435,3.381251014424382,34.4141906044651,1.1213008319167093,0.9622660092689774,5.688865366284872,0.4414477073857932,4.836946968499294,1000
703,2.6659840880595196,5.956246202403701,21.641043295244916,0.731502350305362,1.3530836146321068,4.252784794409666,1.23223948146101,4.09972869465803,1000,2.0742259878123703,8.159827323695264,8.902929294386226,0.649856775817459,0.683758215762167,3.2524343323971263,0.8005067072101506,3.3479452684145903,1000
704,1.6057234038888564,15.85532287969062,6.1868348335651975,0.6546716200943862,0.404808910230116,3.141658616325516,0.32256702850385954,2.888879779273853,1000,1.9506183804443786,12.57047893559941,5.036530412524792,0.5924365679963005,0.8017933184538993,3.195590885541008,0.7894427071716297,3.1117940537171274,1000
705,2.1928043841544094,13.599820829979036,8.002677156310428,0.8527952566699156,0.5938527009499801,4.025458503691319,0.5213256810813747,3.8642830872274443,1000,0.581430811826924,8.254392806292994,10.505516564358452,1.0716862087329815,-1.8960764421399854,2.3762125398520895,-1.5190741572897197,2.6819357809435678,1000
706,0.6982723743672912,11.066535532339392,8.614600618367358,0.6435320014238983,-0.47259544630052497,2.0717963332350116,-0.5630503484235496,1.959595097158132,1000,0.5256503452017176,8.699588904897004,11.699627221846038,0.7310211397346931,-1.2074714558326596,1.798596553495491,-0.9071510886782808,1.958451779081716,1000
707,1.3952662209916031,10.633685027507521,10.366470228283108,0.8027832957705522,-0.2456353994179672,3.0997487712882372,-0.17818903871867908,2.9687214807018854,1000,1.5485589255184509,9.634894705843632,8.144628810801228,0.9670627460237515,-0.2323843886662388,3.723465348945735,-0.3468840566881022,3.4440019077250037,1000
708,1.1953207834926332,8.861359713696142,8.394939685764292,0.6934713812824724,-0.10303804832954669,2.5694234826390776,-0.16388312382101278,2.554524690806279,1000,1.5645493218431237,8.342724223004103,7.468605189566773,0.7962338890407608,0.07665584887362967,3.224047923724129,0.0039308993232325395,3.125167744363015,1000
709,1.1661929934961168,5.236029671078453,24.262677501238137,0.8733437048281002,-0.8460710159545993,2.494758570379155,-0.5455606679669596,2.877946654959193,1000,0.8658407235966292,8.58788621156254,9.3816404665478,0.7139799927467677,-0.9486965200964138,1.9949596794907956,-0.5335600621870356,2.265241509380294,1000
710,2.3993307077658734,15.340569884044642,6.617878950279269,0.538126885207803,1.5632080932090788,3.672786112542537,1.3446020127585794,3.4540594027731677,1000,2.4934973692330615,11.10635195462615,7.137678731117845,0.8130460152356527,0.8622222906340344,4.129499085954142,0.8999271793711823,4.08706755909494,1000
711,1.858900495039293,4.168747546613092,28.59594317456941,0.9881943751719936,-0.27545953657734906,3.4451998796914376,-0.07796048029781422,3.7957614703764007,1000,0.7433619040157815,5.5742403603728,14.963224809448441,0.8025435457862377,-0.7796131223558994,2.5902088721462313,-0.8296234457252443,2.316347253756807,1000
712,0.7181132914870951,7.794990022803927,17.272840090153586,1.2451175923208275,-1.269964586709805,3.2729115374472193,-1.7223171894617266,3.158543772435917,1000,1.4966558399883731,9.874719467298917,8.748330771021974,0.9559382016040697,-0.16350561869704022,3.65884838493062,-0.3769830351556034,3.3702947151323497,1000
713,1.469314698917591,16.580248841890135,5.142768591236849,0.6005528532989705,0.5346496539879707,2.8717709985946427,0.29223110645160877,2.646398291383573,1000,-1.7972343885234565,2.623644373189862,52.69976536091503,1.3610370930770581,-3.197332107586935,2.215765800379417,-4.46486709095449,0.8703983139075775,1000
714,2.3597255754628312,7.288285098001229,17.16191056420381,1.039069621579474,0.11542861565242456,4.0509504109802945,0.3231491171670626,4.3963020337586,1000,-0.074952763249021,3.1295267660628805,33.63125299148872,1.4713112390499838,-1.7078487364894988,3.464868357517751,-2.958722791786989,2.808817265288947,1000
715,1.359071139045901,7.408334287523057,17.201139909871422,0.6868921309701189,-0.039793550646636526,2.662900596302797,0.01276256234446782,2.705379715747334,1000,1.0280120968272715,12.021308822318213,5.2598259174723045,0.8142773539390029,-0.6761733495396294,2.6325237592952746,-0.5679715168931743,2.6239957105477174,1000
716,1.3690142389916526,12.144516966889164,8.182213483273719,0.7416669028417453,0.1215395868348417,2.974172480641051,-0.08465289057816805,2.822681368561473,1000,0.8347916010706631,7.93023199724831,15.035960331873197,1.189737233030876,-1.3396177129490798,3.575825566495925,-1.497093375669854,3.16667657781118,1000
717,2.5320616063234507,12.88540503695638,6.395251537708624,0.5691467363896697,1.4498343029810066,3.745213379600409,1.416534002999698,3.6475892096472036,1000,1.76291952370392,9.221057574070933,8.950652872270965,0.672074304259917,0.258464772281461,2.9857867766309965,0.44565388735448264,3.0801851600533574,1000
718,2.9739249721420387,12.09328981369506,9.05408761037117,0.7208746935632258,1.529055581581518,4.385737986704577,1.5610105727581163,4.386839371525961,1000,2.6435438559331885,9.011296054729293,4.24837849148537,0.9738110536172047,0.7338657173715752,4.54570647227636,0.7348741908434675,4.552213521022909,1000
719,1.3416978363525098,10.898716751889364,10.878830227294868,0.6261499872587774,0.3406350255715314,2.937201724665649,0.11444386132530626,2.5689518113797134,1000,1.254618799752035,9.804338498706011,10.870084519003363,0.5517051957124213,0.37818202030446163,2.5680142380415307,0.17327661615568934,2.3359609833483805,1000
720,1.64186582572283,10.905575729384905,9.438178255414252,0.56667833303432,0.6133490600822723,2.8114005384927103,0.5311762929755628,2.7525553584700972,1000,0.4853266861743104,7.1170697012057715,15.606457206495312,1.2580259797031978,-1.6618223525521483,3.328533459982145,-1.9804042340439572,2.951057606392578,1000
721,2.8958516458694836,9.789717231546025,9.654700292151091,0.4768637276622714,1.9409662859979468,3.791833467329678,1.9611987396514317,3.8305045520875356,1000,2.955929831880284,9.706179251665581,7.991078086697052,0.6069858631480377,1.7436946748839155,4.129393476990365,1.7662375401101302,4.145622123650438,1000
722,2.244323379590363,5.689702894905516,20.164939697117195,0.8890729084632722,-0.0878540540405537,3.6047587318754553,0.5017404790023496,3.986906280178377,1000,1.4179426311790388,6.547334485867568,15.05185507906188,1.164594105361324,-1.029640787685966,3.478429659249008,-0.8646618153291561,3.700547077687234,1000
723,1.7870337049290934,11.275449698512354,9.151423647281682,0.44279925168452555,0.9196804272081901,2.6331143156843564,0.9191471716274233,2.6549202382307637,1000,1.6611979887903072,10.633623224897876,7.942858358541397,0.6438678527550595,0.5940467780511619,3.095318582513386,0.3992169973903905,2.923178980190224,1000
724,3.5319323253013906,8.883881475935826,15.685843286898942,1.2803896231413474,1.4787427190648763,6.6923443776599925,1.0223686639443499,6.041495986658431,1000,3.470518063294907,5.618893624078041,14.583450839776045,0.972617647650715,1.4275960333643036,5.177584030225469,1.5641874738995054,5.376848652690308,1000
725,1.5680435007971631,14.40024337267615,6.285814753582451,0.6140575139826301,0.40799264782782735,2.8032831593322807,0.36449077339120817,2.7715962282031184,1000,0.6281091480319554,4.543073066517845,15.409385093595162,1.1100491323859094,-0.9391609353113471,3.0630754434744376,-1.5475871514444268,2.8038054475083376,1000
726,3.0464036246507,7.918011554777797,10.085712509649378,0.6497886842003185,1.9658444232849401,4.383562619450085,1.7728178036180755,4.3199894456833245,1000,2.626640129759193,7.077484414225491,11.60318350838461,0.9669281409327426,0.9809687512624825,4.759951730340783,0.7314609735310174,4.521819285987368,1000
727,2.3284794345241213,12.034508024878148,7.152879599329522,0.6001396834846354,1.1967597804012466,3.5638968050046844,1.1522056548942359,3.5047532141540065,1000,2.5040325368426286,8.963504521663062,6.488918339472313,0.7397958567734289,1.26122702978919,4.167575963900862,1.054032657566708,3.954032416118549,1000
728,2.367782360723953,10.381656439369813,11.098454244747893,0.4883069290726094,1.4338358809012475,3.2958122945609722,1.4107007797416387,3.3248639417062673,1000,2.0817368811841956,8.895804390301528,7.237214981828942,0.5100252267105416,1.1475946463525042,3.0770467813327618,1.082087436831534,3.081386325536857,1000
729,2.1204964661987447,10.290314518640232,8.789802756633069,0.9122009121006104,0.4920470885864454,4.202127524562476,0.33258267848154843,3.9084102539159407,1000,0.5974414865353492,5.725969501302118,20.28342246635531,1.1481107838947628,-1.0449805948588935,3.3517249991623896,-1.652855649898386,2.8477386229690844,1000
730,1.9534726776697044,6.942790008592104,16.687761654592265,0.7164649305995373,0.7970872103739,3.5911843602425884,0.5492014136946113,3.357743941644798,1000,2.0345571184349236,7.555180051370298,13.60041881679769,0.6120434820103146,0.8800334619446528,3.3482704673542614,0.8349518936947071,3.2341623431751403,1000
731,2.6332523181269027,11.152147943477242,7.279660066951502,0.7574040145892362,1.350209873562593,4.344706144305469,1.1487404495319997,4.117764186721805,1000,1.2878961435685503,3.8379410522044517,27.777871827413716,0.9013428574572517,0.3182931675802842,3.848205981686105,-0.47873585704766297,3.0545281441847636,1000
732,1.575184788468066,15.473616704168883,7.087057064620311,0.8645515798816862,0.21031349905274807,3.6572188081656236,-0.1193363081000387,3.2697058850361707,1000,1.358702814489253,10.465828891652018,6.332289978417344,0.842249083553692,-0.22088916734912,3.2671117585032046,-0.2921053892759833,3.0095110182544893,1000
733,1.213792165075012,11.938333703813596,7.185629883668517,0.4236285676996105,0.4413285543914501,2.0384671501236005,0.3834801723837755,2.044104157766249,1000,1.008367228930846,10.097209929595879,9.398899416361377,0.7240649383470072,-0.51018001641629,2.4912586493802267,-0.4108000502292881,2.4275345080909805,1000
734,1.751807342258723,6.782127769267912,20.447616672257567,0.6803370470185729,0.31791593611621694,3.0167475552815493,0.41834673010232026,3.0852679544151256,1000,1.4250622642924948,7.673327476875846,12.005987555694892,1.0265378262637197,-0.16841314377040517,4.052827535822851,-0.5869518751843958,3.4370764037693853,1000
735,1.5021511362959967,12.363859960883849,9.941329722396896,0.5790494319185304,0.46733074319560125,2.713182171517561,0.3672142497356772,2.6370880228563163,1000,0.5701758696443147,6.750193706373497,17.333044964267547,1.047184036209105,-1.3073447508205418,2.763682493826672,-1.482304841325531,2.6226565806141604,1000
736,3.221836437804521,5.692550611869274,18.459270039910898,0.899505583358844,1.6171222652409116,5.126915832793493,1.4588054944211866,4.984867381187855,1000,2.2858453379801444,7.0079049666770565,7.914605320066177,0.5397554267946153,1.2801759377602202,3.449726216573414,1.2279247014626984,3.3437659744975905,1000
737,2.313578371306188,8.896067050334734,14.465815231574636,0.6851620454528755,0.9978972052419597,3.6369219770681025,0.9706607622185521,3.6564959803938244,1000,1.5510832688458476,10.080448414232903,5.074337535223374,0.6793968224241823,0.15433429487922473,2.8027381095327937,0.21946549689445027,2.8827010407972447,1000
738,1.9702290911841691,4.996697739341258,24.518478056056946,0.9015471445542542,0.086509705585897,3.952256293281665,0.20319668785783085,3.7372614945105074,1000,-0.5115560916251956,2.0223610254641526,55.91275210068023,1.4561784219447058,-1.7730329659315447,3.3461886915835524,-3.365665798636819,2.3425536153864277,1000
739,3.5960970598182875,4.609331229848144,26.905073703489478,0.8654427116494292,1.6435509117161753,5.200856434987541,1.8998293449854062,5.292364774651169,1000,1.839345691331098,5.739002187240578,13.074718094738346,1.008025776792509,0.20618562972977114,3.9672085336562426,-0.13638483118221956,3.8150762138444154,1000
740,2.270499338797017,12.76392752755094,7.596245231877628,0.604481986290836,1.1809494785959174,3.504250627424294,1.0857146456669786,3.4552840319270555,1000,2.3051528750835777,9.480729192283148,9.572801937479714,0.9768767398205652,0.5943254227500134,4.372378054264362,0.39047446503526984,4.219831285131885,1000
741,2.3232387789864553,8.567549540989738,12.99552413833485,0.7657597561831041,0.9928629436481358,3.98148955100616,0.8223496568675712,3.8241279011053395,1000,1.822148913562018,8.379534476634662,8.26404776397467,0.7574876774305711,0.3628157725451809,3.311381529391963,0.33747306579809866,3.306824761325937,1000
742,1.5487129289720114,16.55518480102864,4.7208825846047855,0.4494783394335381,0.6331838920730106,2.357769264750346,0.6677353836822767,2.4296904742617462,1000,1.123842378072033,15.216765349779791,6.300801170591695,0.621019530793904,-0.01771758693515876,2.453356005584258,-0.09335590228401891,2.341040658428085,1000
743,2.0256273521570374,12.268264949834387,6.742122095507818,0.5381988702270678,0.957856114253448,3.076548439949879,0.9707575665119845,3.08049713780209,1000,2.1071504350921764,8.882186231836274,7.479783276252606,0.8965985742832654,0.09648134212768755,3.6755546004020667,0.34981722949697613,3.864483640687377,1000
744,2.140111903430583,18.01895612736095,3.681921036155319,0.6391405574516787,0.8922560488615537,3.4937431950077773,0.8873964108252925,3.392827396035873,1000,1.4631169336498553,5.103335587429102,17.27060903726826,0.8120083559611699,0.1860708731967373,3.5368185796502853,-0.12841944403403782,3.054653311333748,1000
745,2.3616624957644863,5.2066652987226085,27.763166669933305,1.0221809570008065,0.8505338593655337,4.6555399335451595,0.3581878200429056,4.365137171486067,1000,3.1121696808656996,8.56177553149476,8.99942759984289,1.0364810485257725,0.959252307489043,5.1866572758701945,1.0806668257551855,5.143672535976213,1000
746,0.9765102367396152,8.060805332065247,16.61901822502458,1.213486896329807,-1.1263344661948949,3.674761857738094,-1.4019240800668067,3.354944553546037,1000,1.2952973495573687,9.244595552693772,8.324434410149141,1.1420841570718472,-0.7856825206713491,3.697724285817119,-0.9431875983034519,3.533782297418189,1000
747,2.1482246022939337,11.172087000218896,9.434238509684132,0.6051715277829357,0.9254264959171528,3.251991598882897,0.9620884078393799,3.334360796748488,1000,2.8373717553983075,3.389770218894793,24.516753978494545,1.0507868921407646,0.10521155496142497,4.160715770260564,0.777829446802409,4.896914063994206,1000
748,2.548337481658077,14.115983264033524,8.724376295843042,0.8280440036101705,0.2841672917991945,3.4692701264571766,0.925371234582143,4.171303728734011,1000,2.207305039952151,8.874079195301881,6.688091328806567,0.7076994384027596,0.9337845825185137,3.8122532641026554,0.8202141406827423,3.59439593922156,1000
749,2.849306789858469,1.5029822185426411,114.62049064939957,0.8263471964790197,0.5697471134296714,3.542437692063905,1.2296662847595907,4.468947294957347,1000,1.4487273377369538,8.938090477310208,9.911637214175347,0.6952518527207247,-0.2585911869154228,2.5951970266326088,0.0860337064043335,2.811420969069574,1000
750,1.4060466683968345,13.954431754453793,6.399065381481618,0.5727820193708941,0.3047794889619135,2.476858436196063,0.28339391042988193,2.528699426363787,1000,0.29308185047457513,6.543538271013915,17.429247349768726,1.0227488854556066,-1.4096646998560471,2.3868628898774777,-1.711505965018414,2.297669665967564,1000
751,3.1690370459715878,11.65085030858917,8.750725565052623,0.7933506455531472,1.6926965511176286,4.8900296449225245,1.6140697806874194,4.724004311255756,1000,2.4862866792529674,5.190787559857086,14.264912636979513,0.9058836933576887,1.145308794716124,4.678275474108659,0.7107546402718976,4.2618187182340375,1000
752,1.9617941638873462,11.781539042396442,9.506521603964618,0.5733456010851107,0.9346012103281045,3.178919751445793,0.8380367857605293,3.085551542014163,1000,-0.19352048076219264,2.2789605428298616,55.892714604308864,1.3077156235418466,-1.2878065236189762,3.7404857195927237,-2.7566431029042118,2.3696021413798265,1000
753,1.5552006998576569,11.653582653704062,7.284781938266637,0.5820109736677118,0.3957808894248297,2.6060949645892526,0.4144591914689417,2.6959422082463718,1000,1.4348672619984904,12.694116756311685,6.056197514093182,0.6099349122172374,0.19197340056260448,2.6301189190385212,0.239394834052705,2.6303396899442757,1000
754,3.154745856631235,13.17569905685983,4.886258858586213,0.6034440369179189,2.095936532689146,4.446380062475579,1.971995544272114,4.337496168990356,1000,3.0338623839188363,8.100663797742852,7.592282165796068,0.5390475441733602,1.9642812473726066,4.108244386609354,1.9773291973390503,4.090395570498623,1000
755,2.494376008497617,9.31861862858546,7.6490557747998436,1.0325750085834347,0.825379375879406,4.709048150533526,0.47052899167408535,4.518223025321149,1000,0.45490692762739426,3.622054394235718,24.523515321675525,1.3175418637548773,-1.0715156105210304,3.864941768270093,-2.127475125332165,3.0372889805869536,1000
756,2.973736392831514,9.87357347379081,13.045423821884684,0.9106036920972419,1.2033678179416334,4.8300215889087115,1.1889531563209201,4.758519629342108,1000,1.0603859907084905,6.418137022754057,13.583284710226113,0.88959893785367,-0.7068717116555178,2.8765614190430653,-0.6832279274847026,2.803999908901684,1000
757,2.0975344599470533,14.549508462437188,7.0819740304288805,0.9132287296967436,0.584373237354956,4.472565255426485,0.30760614974143596,3.8874627701526707,1000,0.35849051987442593,8.58586248603185,10.647975468970907,1.2577880858789248,-2.021772165992785,2.8856410548246894,-2.1067741284482664,2.8237551681971182,1000
758,1.4638305324550658,14.18878290941652,7.052130693621202,0.6806032785253058,0.23682432788356067,2.9114773842011643,0.1298481065454664,2.7978129583646654,1000,1.7786818979996675,11.164162928859547,6.839762364828386,1.0568476546847665,0.05738001864800115,4.166942239873098,-0.2927395051824748,3.85010330118181,1000
759,2.8785215897879963,8.697008234728413,13.831052326254733,0.7320045626728213,1.5059527804288109,4.262002275531674,1.4437926469492666,4.313250532626726,1000,1.7064751143593286,6.085483352202551,14.330661416887231,1.3516521450504293,-0.6310644120174879,4.613912926424375,-0.9427630899395127,4.35571331865817,1000
760,3.063125660507753,11.870906665546562,7.153625307222918,0.46602381398876014,2.1516579652442323,3.9301476125766235,2.149718985089783,3.9765323359257225,1000,3.3361281648865933,7.765300163425141,10.222776948884189,0.5663737361144952,2.2414757155679603,4.467938133577451,2.2260356421021825,4.446220687671004,1000
761,2.0497474261362485,13.544783366337866,8.087981570603354,0.5057466228221879,1.1471504560501695,3.1486025106108575,1.0584840454047604,3.0410108068677366,1000,2.4817787955054964,10.394356076719674,8.936850676103864,0.9896161262073648,0.48266564191153627,4.830258222758211,0.5421311881390614,4.421426402871932,1000
762,2.818348299803076,8.701055619152122,8.615093617960124,0.5537001237443023,1.8638241586613138,3.981315878805582,1.7330960572642435,3.9036005423419082,1000,1.8258711901435434,5.255091734941223,15.819638597837132,1.1439134549493446,0.40679138784668906,4.720072602368573,-0.41619918155717217,4.067941561844259,1000
763,1.4750922822964265,18.596672810613914,3.635866219235778,0.43978615166869045,0.625248720437167,2.3376880902957757,0.6131114250257933,2.33707313956706,1000,1.397486224289902,14.799185969954893,5.36969712693094,0.6297688368502485,-0.03448676985675617,2.5558879034730055,0.16313930406341481,2.6318331445163894,1000
764,2.98478559197641,14.110662729784591,5.228297502213059,0.5725499621145914,1.9061509278008262,4.107491584539432,1.862587666231811,4.106983517721009,1000,2.7854614141986205,8.669415720981645,6.75911279777874,0.6471456135637094,1.7094221560032503,4.1542463967112635,1.5170560116137501,4.053866816783491,1000
765,1.859835453360878,16.363259663538212,5.539757411847734,0.6621588180301605,0.5393195842472206,3.071659562939804,0.5620041700217635,3.1576667366999924,1000,2.152906803625029,10.280950103138457,5.626709167385693,0.6269962133064353,0.9860238046051721,3.364271729707125,0.9239942255444158,3.3818193817056423,1000
766,1.768300369358782,9.087779547545068,15.716173379974164,0.7575896912518039,0.5745443780766193,3.5419464869426935,0.2834245745052464,3.2531761642123174,1000,-0.022539076194384666,5.7215363736459235,19.15863743806409,1.6083974794571114,-2.6892819858909323,3.6720836420204885,-3.174998135930323,3.1299199835415537,1000
767,2.14399885800864,16.64927394604042,4.957568504604445,0.5243164388750606,1.2064070897345762,3.264373234281165,1.1163386378135212,3.171659078203759,1000,0.372572774310421,3.860542664490843,27.973312371408984,1.2937185731819394,-1.41040405107331,3.635667440485326,-2.16311562912618,2.908261177747022,1000
768,1.9825924955054468,2.833394582253368,34.932402381891826,0.7420955635502169,0.9140170828851627,3.8377221915714914,0.5280851909470217,3.437099800063872,1000,1.53071104541824,1.633843563749745,77.2992270697141,0.6115039920968495,0.777967225253551,3.15016728537709,0.3321632209084151,2.729258869928065,1000
769,2.4553555208774176,10.87710447276381,8.973315174367896,0.4447893403027291,1.5917552963539365,3.347938852289651,1.5835684138840684,3.3271426278707668,1000,3.9239403938833317,4.954531983046974,15.742522596183335,1.267631238025188,1.5528723445348631,6.278429509489578,1.4393831673539634,6.4084976204126995,1000
770,1.4452610227537286,11.843536420828226,8.00240089058181,0.6511325229878662,0.24721050723527876,2.7954612849668674,0.16904127769751098,2.721480767809946,1000,0.5322218239838397,7.3333899434744545,13.676393625506183,0.6143835431662001,-0.6818961289016562,1.8114944415117935,-0.6719699206219125,1.7364135685895918,1000
771,2.7524167804893627,9.003471909011138,9.379258742030787,0.7287800951045299,1.6675642091188372,4.462021414786759,1.324007794084484,4.180825766894241,1000,2.356542571087051,5.832365250824534,16.854703692005423,1.021821053032202,1.2086033294182514,4.887933103867071,0.35377330714393507,4.359311835030168,1000
772,2.117912974358582,14.913136976516311,5.480801344297994,0.4847386393717951,1.0543222784449289,3.0032818251352102,1.1678252411898633,3.0680007075273004,1000,2.238764921648387,12.065412638514855,6.8515326484039925,0.6607947313500873,0.9179521779066635,3.539910785136951,0.9436072482022162,3.533922595094558,1000
773,2.058406727820741,13.638215484069462,5.927649849779121,0.5799316672128523,1.0365218951427144,3.2995011796371165,0.9217406600835507,3.1950727955579317,1000,2.693334641499742,8.32609845686182,7.623004943879694,1.1250327159976095,0.5970071406684607,5.098758083223958,0.48827051814442735,4.898398764855056,1000
774,2.1944333830181018,2.9185184274851474,31.19455562885054,0.7340674985361241,0.42511180765649476,3.7826016151435233,0.7556610858872985,3.633205680148905,1000,2.1915167587539957,4.359596043976284,12.670401962024515,0.8157557747168082,0.271351108243691,3.835352759426452,0.5926354403090517,3.7903980771989394,1000
775,1.250313140630766,15.444745374116934,5.666111922365654,0.4140997148119865,0.5137266514049624,2.1174256537172593,0.4386776995992724,2.0619485816622594,1000,1.2240019099436816,12.31025220164142,9.207101046212081,0.5812087168492245,-0.008862396917300976,2.307804627945793,0.08483282491920163,2.3631709949681614,1000
776,1.7617771404721199,6.782564685479791,13.540414601683784,0.8096585956696073,0.43505168008248896,3.934534388063991,0.17484629295968968,3.3487079879845503,1000,1.345666787678268,6.1225231069806245,17.882105456153035,0.8819724416666831,0.16424383027911055,3.667540615144696,-0.38299919798843085,3.074332773344967,1000
777,1.1039187179002785,4.426177379733203,23.978751072504433,0.6800969181796025,0.09301629158607794,2.753208285309474,-0.22907124173174243,2.4369086775322994,1000,1.3649386350924075,6.761561151080106,13.773801908175008,0.6128059903867072,0.4564006272641529,2.909567743146969,0.16383889393446127,2.566038376250354,1000
778,2.3867145944301766,13.383996344002977,6.017912435796386,0.6035751491235781,1.2456021485794968,3.5514653332744417,1.2037073021479636,3.5697218867123897,1000,2.1856000649431944,13.016671766666848,2.918421901845893,0.9029998460594582,0.4488473135243938,4.011451519852673,0.41572036666665646,3.9554797632197323,1000
779,1.9040184762729164,10.908512000525896,8.567379613982935,0.6069300642876139,0.8043275718599733,3.2782482000740374,0.7144355502691933,3.0936014022766396,1000,1.927754668174666,10.864368912502588,9.314240177211405,0.7739505825700167,0.6853096314620761,3.598647174177031,0.41081152633743323,3.444697810011899,1000
780,1.297173894292889,12.29062123099517,7.224980701423138,0.39960728102668497,0.5261661218185839,2.147518967399195,0.5139436234805864,2.0804041651051914,1000,1.1942291410344086,12.855862377693965,5.8026257735454925,0.4586772957736447,0.1952832129883706,2.031655875135651,0.29522164131806505,2.093236640750752,1000
781,2.5059471046346173,7.0698268328261795,19.19246865490655,0.956617435225216,0.2583765908170517,4.050848455428338,0.6309769315931939,4.3809172776760406,1000,0.5655214336178531,8.162424971200068,11.488299733260424,0.9122480646109445,-1.2361444947707019,2.4346990920871665,-1.2224847730195982,2.3535276402553045,1000
782,1.2697161291433412,8.479176789847306,12.964622371109098,0.7819519131813559,-0.23562141926996025,2.8928900027806095,-0.26290962069211643,2.802341878978799,1000,1.0511997436853222,5.5758667633040595,14.9169702196763,0.8922562140546335,-0.33535832700584844,3.045760060844052,-0.6976224358617595,2.800021923232404,1000
783,1.6966139006365393,3.9528074704743186,42.384916436101605,0.9527628518894592,0.599543138625494,4.548372843396728,-0.1708012890668007,3.5640290903398792,1000,2.7607389925821675,6.974890046641872,7.051579399284191,1.3202540872690378,0.26739063385262174,5.933190082225186,0.17304098153485326,5.348437003629481,1000
784,2.160122407099837,13.530734874172364,5.536244692687562,0.5597995609957388,1.1451775194366014,3.3213462852431954,1.0629152675481888,3.257329546651485,1000,1.8089827222132515,10.675251573501559,8.862713980700706,0.7467468285346202,0.6162470609595361,3.523291219495051,0.3453589382853961,3.272606506141107,1000
785,1.5867732213866301,9.787502558350077,7.977622875741853,0.5316342190362995,0.5347898305725206,2.5943374626459295,0.5447701520754831,2.628776290697777,1000,1.655992970951659,10.952205597953764,6.726986362757774,0.5738054254164844,0.618193124530342,2.849742561489298,0.5313343371353496,2.7806516047679684,1000
786,1.821235236466218,7.201084691197763,14.066153026217053,0.5463449530136807,0.7299514014444887,2.85550138306892,0.750399128559404,2.892071344373032,1000,2.4134093824175293,9.280405704256893,5.725425332654239,0.6834510594130044,0.980453225251413,3.774685367974183,1.0738453059680406,3.752973458867018,1000
787,2.8429016716761364,6.622384498572573,19.575553466777656,1.590114501749103,-0.4116696504190964,5.536125152248183,-0.27372275175210525,5.959526095104378,1000,0.5744799479773843,9.172759982568623,7.625497980898066,0.5411830114079312,-0.42513536688739967,1.7218897866869753,-0.4862387543821609,1.6351986503369296,1000
788,2.3409858904562153,9.465022102265973,12.241369428705983,0.651015454432809,1.1751115379104904,3.7882061619916,1.0649955997679097,3.616976181144521,1000,2.339890847609455,6.378670731755645,11.41058368074918,0.9905678728689782,0.7012710995994511,4.545146377141429,0.39837781678625794,4.281403878432652,1000
789,2.134514025008622,11.833428275389583,5.932522730501855,0.4749402912646506,1.2097720888732018,3.0342262938878735,1.203631054129907,3.0653969958873373,1000,1.5769792153914672,8.83865104443557,9.165234789661321,0.6352440745482776,0.50762419440899,3.0880958226836186,0.3319008292768433,2.822057601506091,1000
790,3.377156452819415,4.270741013399861,34.419983836909765,1.0227723875370636,1.0073315585096427,4.8679485202374355,1.3725225732467705,5.381790332392059,1000,1.7409652829066224,7.134862283355665,13.65170361292,0.7650874058263747,0.32322976208031867,3.3558473127605746,0.2413939674869281,3.240536598326317,1000
791,1.7530631112892545,14.655571290852526,6.275656786346914,0.5818090105032738,0.6269176483785164,2.905925840672802,0.6127174507028379,2.893408771875671,1000,1.4895388422398466,9.579092096932078,11.522856955462887,1.049659928094658,-0.7008088945046164,3.617362080052124,-0.5677946168256829,3.546872301305376,1000
792,1.9720953326017248,12.253085720269711,8.28230865186614,0.5734230230302416,0.819092434200881,3.0949952519081068,0.8481862074624511,3.0960044577409986,1000,0.980072971637356,10.485973832924202,9.31762942549134,0.8937752147000121,-1.1527672426270141,2.5805023550670483,-0.7717264491746676,2.7318723924493797,1000
793,3.018667809257028,4.504997389405127,23.619777237658344,0.6049385688911205,1.801036011864099,4.171975570139917,1.8329882142304317,4.204347404283624,1000,2.9191785211434476,10.3975706248718,4.477887249787431,0.9986281414077466,0.8945102085933712,4.991087062441987,0.9618673639842643,4.876489678302631,1000
794,1.7019165711284592,9.631977420634323,7.451573720151343,0.8697296048382941,-0.01622015755353524,3.459499248143466,-0.0027534543545972845,3.4065865966115156,1000,2.8605739008342352,5.679125128131934,11.577225142534322,1.1796818654196717,-0.16473649548193883,4.131756403558757,0.5483974446116786,5.172750357056792,1000
795,2.210121756343325,13.630407095327477,8.17755860339398,0.6169328462486281,1.0304875560158668,3.498729667264244,1.0009333776960139,3.419310134990636,1000,1.5735513239130876,6.986995068408425,12.077458998383262,1.0778486973710224,-0.5051439437372446,3.713235020328233,-0.5390321229341164,3.6861347707602916,1000
796,0.9204122549281464,3.724903363951203,37.00918599020514,1.573712157836266,-0.8229204593229209,4.796763246250074,-2.164063574430935,4.004888084287227,1000,3.1433129704911478,10.03395100931505,4.891118958718954,0.6131896777391902,1.986023847058664,4.433074163721672,1.941461202122335,4.34516473885996,1000
797,2.2885515350772305,6.425855848025338,13.399442375470464,0.6880268451441548,1.2244471819996439,4.002940808551121,0.9400189185946872,3.637084151559774,1000,1.950104289398727,3.686447609723054,23.92863803540225,0.7909512632501979,0.28172609090934814,3.239352692270681,0.3998398134283392,3.5003687653691147,1000
798,1.9506067531403988,12.551715728017905,5.775054628907543,0.48232289534517936,1.0757554558708868,2.932447158051312,1.0052538782638472,2.8959596280169504,1000,2.379626235008619,10.974407539774768,6.1261511207198875,0.5536252494605572,1.3382005231657432,3.5282805530895676,1.2945207460659267,3.464731723951311,1000
799,0.7500451842609195,10.021371553873067,12.873694173304232,0.8914535483949516,-0.9212693401942507,2.8351347728486704,-0.9972037705931855,2.4972941391150245,1000,2.3056868293106847,15.452917010597545,4.3017848746373835,0.8055398757776121,0.576813047115408,3.9051599538928206,0.7268286727865649,3.8845449858348045,1000
800,1.0365827035870112,12.462179369828686,9.057480949738268,0.6227696343561622,-0.2244705543213155,2.305015800857075,-0.18404577975106662,2.257211186925089,1000,-0.28703215724543707,4.0998842032300145,25.597252316943866,1.3153579668642017,-2.3185189659672996,2.3504163129697275,-2.8651337722992722,2.291069457808398,1000
801,2.264651896632113,14.048781482826412,6.669108763274568,0.6441934488163928,1.0089660178880897,3.592288149432418,1.0020327369519832,3.527271056312243,1000,2.788455185307312,8.659285009505288,6.071415500681493,0.8866540004989245,0.795670479329449,4.329891932655955,1.05061334432942,4.526297026285204,1000
802,1.5477663190547335,8.722242680075185,12.3287580838085,0.6290628292022875,0.3070227129198362,2.8521028615275883,0.31480317381824996,2.780729464291217,1000,0.9273160388560644,9.033131379725098,10.109550542327527,0.632127696953466,-0.2104914305719531,2.2534142136252355,-0.31165424717272905,2.166286324884858,1000
803,1.2280823412314625,15.378176911649833,5.320599838329114,0.5267165600186111,0.2659169878947711,2.363228725092184,0.19571788359498488,2.26044679886794,1000,0.19140480629920642,11.077260294859977,6.604574989093273,0.6670454497387137,-0.9572629466339532,1.6360220418521,-1.1160042751886725,1.4988138877870854,1000
804,2.218223842319226,5.3809230383867765,15.913108582162524,0.6280078501293509,1.206189441361544,3.6647680585327254,0.9873284560656983,3.4491192285727537,1000,2.5991449616925753,7.56316555807484,6.413808792167257,0.6668882565902049,1.4531177682274055,4.0486050533186155,1.2920439787757736,3.9062459446093767,1000
805,2.589266126907347,8.797680332668223,12.861670612219031,0.9137631621913729,0.9259680032169412,4.481592361349364,0.7982903290122563,4.380241924802438,1000,2.3189796099484266,10.07051640319012,5.9049356878537935,0.709289157988741,1.0050451989559694,3.7538865893239906,0.9287728602904941,3.709186359606359,1000
806,2.613840608545919,10.761131679274134,11.13257772919182,0.5018466670752422,1.5776105999345484,3.534587894594573,1.6302211410784446,3.5974600760133937,1000,3.570688838583493,7.992828265808827,12.39355563510754,0.8954160056459248,1.8534086931808584,5.541495958906704,1.8156734675174804,5.325704209649506,1000
807,1.619197630658374,5.700417645412885,18.687850512882797,0.9554196977052138,0.276268207828598,3.940365841557171,-0.25342497684384524,3.491820238160593,1000,1.4316173778184484,6.384838772859642,14.518823070499767,0.7567138443329914,0.27855494475700987,3.2277370476977083,-0.05154175707421471,2.9147765127111116,1000
808,1.961886323349841,7.098335730064274,17.4597115620444,0.8069585834998606,0.33525710582415075,3.5383240211879188,0.3802474996901142,3.543525147009568,1000,1.1230880703079962,8.397153688656854,10.289630362201413,0.7263636255531807,-0.313899188995273,2.888848770436809,-0.30058463577623784,2.5467607763922304,1000
809,3.4272868966755174,9.606623741691578,7.776905805447378,0.6609234577835125,2.2229929820891314,4.815426246064097,2.131876919419833,4.722696873931202,1000,2.730389631063596,7.007150100117407,7.796405400092345,0.8263718611050815,0.530919269667721,3.8847085148215985,1.1107007832976359,4.3500784788295555,1000
810,2.1008767311396888,15.714375081220727,5.441636339188011,0.6358651149770693,1.0609284569512316,3.381196015881067,0.8545811057846329,3.3471723564947444,1000,0.8130552839977909,6.397203667269012,19.32947323177276,1.0888970508489006,-0.8943032425487789,3.3691249527596603,-1.3211829356660543,2.947293503661636,1000
811,2.8703294121380836,10.40563242747701,5.881114515582057,0.517214195002332,1.8879122691951606,3.923389118636247,1.8565895899335128,3.8840692343426544,1000,3.177653098901054,9.07706047755555,7.511073625333987,0.7290075127629735,1.969293772473018,4.784829521625588,1.7487983738856259,4.606507823916482,1000
812,2.6550457135729264,12.04476835817924,8.354965807330032,0.9320360369677669,0.9260565712055171,4.454511997626581,0.8282550811161034,4.481836346029749,1000,1.8255406104141536,12.019920667641442,6.24899745410391,1.0168422060862017,-0.48466521915556365,3.559509608322787,-0.16747011351480157,3.818551334343109,1000
813,2.920228723804438,11.456806528707858,7.488129106414634,0.6179045720014934,1.7006036963968443,4.105267962504134,1.709135762681511,4.131321684927365,1000,2.2748325013791377,8.385197050267879,7.363955422941022,0.8244061510754409,0.7240492105907391,3.9873712119764866,0.6589964452712735,3.890668557487002,1000
814,1.5811586821373804,14.420435241691917,5.846176723348952,0.46459023710568476,0.706728976082971,2.5441696242450824,0.6705618174102383,2.4917555468645225,1000,0.869212430762131,8.586910246594288,14.799757594840177,0.9207384152769679,-0.9755631201077306,2.973734138589034,-0.9354348631807261,2.673859724704988,1000
815,1.850592956388836,16.131237265726412,4.81874154453006,0.6855061715683697,0.9128365083743393,3.579353966342074,0.5070008601148315,3.1941850526628404,1000,2.796224627826007,8.223963574594373,9.189239838277187,0.5574903213724717,1.7216699149325367,3.881663734772602,1.7035435979359623,3.8889056577160512,1000
816,1.3598320319419412,18.394817752482858,4.430282758124722,0.4946974366876636,0.4136988521575329,2.4057308566815725,0.3902250560341206,2.329439007849762,1000,0.6460254761985023,11.154585771515983,10.09634211629354,0.969499236106425,-1.2926111178005049,2.762965442249818,-1.2541930265700907,2.5462439789670954,1000
817,2.599706422058664,15.420422971590966,5.288762700533676,0.619715712265848,1.5830115530722526,4.100245948415854,1.385063626017602,3.814349218099726,1000,1.4536199580882756,4.051819416407137,18.89940940586994,1.0857983993029408,0.08299084560114281,4.02622091005258,-0.6745449045454883,3.5817848207220395,1000
818,0.7920664176218137,1.3633410113374742,131.91126858024506,1.1887786214384441,0.06885421161365927,4.351192785424675,-1.5379396803975367,3.122072515641164,1000,3.8663931570910615,7.031518754230807,10.597253040296716,1.3388795210445716,1.3305230864295037,7.093230817741598,1.2421892958437013,6.490597018338422,1000
819,1.177188868004499,18.558647237023756,3.468711217512339,0.49385966358957756,0.1983032215395308,2.147268513412538,0.20922392736892703,2.145153808640071,1000,1.3505880361181302,16.936034730344375,3.924662925854775,0.748624289172588,-0.001761471222021348,3.082173931450391,-0.11671557066014238,2.8178916428964027,1000
820,1.8031781047744802,3.1177779309899214,17.20830258530252,0.7828313461976775,0.5396763605448955,3.764701452030866,0.2688286662270323,3.337527543321928,1000,1.7827422687632575,3.083318098651961,17.365104390811297,0.9264301262678563,0.5400548220526302,3.945932047293375,-0.033060778721740736,3.5985453162482557,1000
821,1.3480564093035305,14.654850116249445,6.464171730760513,0.8448698585858376,-0.27687985884669203,3.0165611416791314,-0.30788851352471114,3.0040013321317725,1000,0.7460499582254874,7.820041494059383,11.717764437141252,0.9037084448535458,-1.1641170697683156,2.4172943165588254,-1.0252185936874625,2.517318510138437,1000
822,2.6848987208089548,8.460914669092253,13.890421492899405,0.580959404536872,1.5104115676553442,3.733063111087072,1.5462182879166857,3.823579153701224,1000,2.163291550614388,9.497751190198818,5.977987743569876,0.7161323266192,0.882121158061678,3.844035766705555,0.759672190440756,3.56691091078802,1000
823,1.7491436586437787,12.242662878808202,8.383089217646395,0.6921717669859454,0.5841848266441702,3.396335431790856,0.3924869953513257,3.105800321936232,1000,1.1630252284975204,10.897537423947014,8.171875720698507,1.1025569459937723,-1.2462139550375118,3.4200478352326757,-0.9979863856502733,3.324036842645314,1000
824,1.5101874230728132,16.987131002516914,6.12525490309314,0.6395421562297905,0.24458045331212927,2.8256383546155095,0.25668479686242374,2.763690049283203,1000,1.1412313282572015,15.625293348841536,4.987908749886788,0.5582084773082201,-0.04967524085459124,2.1176358678935387,0.04714271273309012,2.235319943781313,1000
825,1.5655142039148389,9.49157259701168,10.056155315310033,0.5079194875033908,0.6199153299497763,2.657007761736601,0.569992008408193,2.561036399421485,1000,0.7549467649663759,9.944990038128434,6.616018081568041,0.7863408537517697,-1.119922126635879,2.220106828476391,-0.7862813083870925,2.2961748383198444,1000
826,2.6725020920657228,7.612795832434154,14.095298450330386,0.6861528498772187,1.4052828878307064,4.13513379227777,1.3276425063063741,4.017361677825072,1000,2.673153046451898,5.739600576340058,12.96295207307254,0.8410184487771264,0.8403597009521655,4.2495530266997115,1.0247568868487302,4.3215492060550655,1000
827,2.208321759198485,11.73751280250759,7.625671340314764,0.614421101198748,1.1227423686352307,3.4896076544631773,1.004056400848939,3.412587117548031,1000,1.2838424433385758,2.779821558004934,36.58614198800103,0.781462143669482,0.5464323902290276,3.489016934927999,-0.2478233582536089,2.8155082449307605,1000
828,1.7379779604126622,18.873671512180383,3.696568057877561,0.4785853536005306,0.8063034463710066,2.732712183351584,0.7999506673556221,2.676005253469702,1000,1.048264511378333,9.455738548654057,9.859561507541986,0.8737611218229421,-0.9806577400584395,2.6474571717318303,-0.6643072873946334,2.7608363101512996,1000
829,1.112733778506863,2.95491221869273,54.816816102097555,0.5913297071307589,-0.31045353404577114,2.1661880550254615,-0.046272447469424494,2.27174000448315,1000,0.5221635812705263,8.857543679393059,9.080751890027784,1.2507624979556335,-2.314928258714486,2.4801098177671768,-1.9293309147225153,2.973658077263568,1000
830,0.9214675060646769,6.846551633711416,18.671942103959854,1.0472335841641673,-0.5844330797851864,3.193529711115705,-1.1311103188970912,2.9740453310264447,1000,-0.15572869856470284,2.9286656400404696,37.661988333811465,1.3093340288951085,-1.2556593395671007,3.4678110497493657,-2.7220233951991153,2.4105659980697096,1000
831,1.5096827892250242,6.857475990969703,16.715491340842703,0.8421632707479718,-0.22298610328886817,3.157931142457313,-0.14095722144100065,3.1603227998910493,1000,1.181707630891321,9.517754865403212,7.176493888603449,0.9601699921698915,-0.8321058543860174,2.9814719226342814,-0.7002255537616664,3.0636408155443084,1000
832,1.2719176822898632,13.81662697617329,7.488044996683256,0.6020661881251873,0.08122467686357158,2.582029276750788,0.09186795356449617,2.4519674110152305,1000,1.0630081749074156,14.788089011601459,4.764684617108617,0.5699982550853462,-0.12110597212804938,2.203097526719042,-0.05418840505986289,2.180204754874694,1000
833,2.1173957513124226,13.818321132604888,7.636727817199484,0.5378484089773551,0.9050184867615217,3.011949176950247,1.0632128697168066,3.1715786329080387,1000,1.6962500835493188,9.76735013659783,8.195111094406947,0.5623651997709408,0.4602117013561726,2.717809031575131,0.5940142919982749,2.7984858751003627,1000
834,1.063692586495076,8.092478809696551,16.7019410817036,0.7121549365074143,-0.4481897744632895,2.3071935653370055,-0.3321310890594562,2.459516262049608,1000,0.743715882966345,6.624946283840946,13.818894968479393,0.6661925055843946,-0.6541050686040265,2.05806015543483,-0.5620214279790683,2.0494531939117584,1000
835,3.5637408108339526,1.7896781580013483,81.47386827427289,1.7671423198565839,-1.3689574919611989,4.573670344806863,0.1001418639150482,7.027339757752857,1000,0.06560811623093343,4.118289323096113,20.340211760266598,1.1525146885032855,-1.7808966027325859,2.3522465967993433,-2.1933206732355064,2.3245369056973733,1000
836,2.3920557978132155,15.576361092837544,5.087737233696078,0.6228052914823593,1.0101379053556885,3.5025230508478438,1.1713574265077913,3.61275416911864,1000,1.6864413425414,7.191901665116905,13.526766069264823,1.0164061319066742,-0.16188500970594105,3.859752801890248,-0.30571467599568125,3.6785973610784812,1000
837,1.4876629926136018,7.369858032070234,17.118818459674127,0.47284516224483275,0.5696127227400627,2.421590749367986,0.5608864746137296,2.414439510613474,1000,1.2161801288393987,11.42504126757661,7.089475685525244,0.6532166505543222,-0.10708388382844797,2.570083785939579,-0.06412450624707278,2.4964847639258703,1000
838,4.123586062411347,1.942607649345681,69.66941923406932,1.3364965310397592,0.6522933561428013,5.211956600505433,1.504052861573419,6.743119263249275,1000,1.620199670079141,3.0948839715423895,26.188131413819857,1.108336328318652,-0.911890428169746,4.144214814870993,-0.5521395334254171,3.792538873583699,1000
839,2.192119225929784,10.887185428431383,11.993213001722246,0.6461989670030059,0.867533203338368,3.49370721502751,0.9255692506038926,3.4586692012556757,1000,0.7366943927341572,4.505387070106141,16.72389869756133,0.7259069626082139,-0.4308064242953647,2.306489396008551,-0.686083253977942,2.159472039446256,1000
840,2.5860240121950673,13.883294539812091,5.449347096843947,0.6238642709025132,1.4179424503997031,3.7786093940997865,1.3632500412261415,3.808797983163993,1000,2.6879513106050115,8.713771640422854,8.918505716255002,0.6580260047601973,1.474093176512458,4.026668699536949,1.3982203412750247,3.9776822799349985,1000
841,3.1836967952799173,7.358299945450006,8.715138271455698,0.78088227453072,1.59067790797953,4.692640872845382,1.653167537199706,4.714226053360129,1000,1.557188751315197,4.455649786720551,11.418138904573306,1.0760607607798698,-0.2013203422718118,3.945784968417931,-0.5518903398133477,3.666267842443742,1000
842,5.009538934723441,5.512478009293132,17.90552275965293,1.2306361899855345,2.295531235862543,6.8262448398330715,2.5974920023517933,7.4215858670950885,1000,3.595930036556251,8.62401230602678,5.7194269736501635,1.0250061392842855,1.4528584959256179,5.815632252880326,1.5869180035590515,5.60494206955345,1000
843,1.056289829304605,4.39759706184781,27.031793621573915,0.5007448192195569,0.016398644807071365,2.035549259730287,0.0748299836342734,2.0377496749749366,1000,0.4932973837354746,7.471365674258885,10.825452843819159,0.6549701543694924,-0.6751654428562588,1.9958595904053684,-0.7904441188287303,1.7770388862996795,1000
844,1.7991405791585748,8.24794619923324,14.494405665337796,1.1195777577886898,0.09772278549262742,4.679259493233858,-0.39523182610725716,3.993512984424407,1000,1.0800971941922282,7.996248267500044,11.039060405574405,0.7419598837323594,-0.2779328163384537,2.720608230487658,-0.3741441779231962,2.5343385663076523,1000
845,2.034709876412869,3.7298176114428885,43.091490280402255,1.0331595329887393,-0.4773842763583471,3.362511635222107,0.00971719175493968,4.059702561070798,1000,0.36318470981053563,5.95468909375281,11.826671858129899,0.915394151290259,-1.218396144861863,2.3165133473376014,-1.430987826718372,2.1573572463394433,1000
846,1.5630192506856937,6.627706837280062,18.188317932043994,0.797138442887333,0.24041796910236235,3.3846154553494996,0.0006279026265210153,3.1254105987448666,1000,1.0388590249606904,5.085208176537285,21.98068531967884,0.8651456300889023,-0.15848207773466966,3.1576882789733633,-0.6568264100135581,2.7345444599349387,1000
847,0.5353780711700402,5.39929277180407,24.891310691814354,0.6425522153551335,-0.29020549570321913,2.199246157322035,-0.7240242709260214,1.7947804132661018,1000,1.5446725016016587,7.549742352586033,9.450691268738549,0.91224072360343,0.2135309814854946,3.8053338039579723,-0.2433193166610641,3.3326643198643815,1000
848,1.0987057330857164,16.6313883320022,4.82099276948617,0.5553352561603224,-0.05622095565386448,2.139751428147992,0.010248631011484433,2.187162835159948,1000,0.6171938519046805,7.939542262092469,15.938280892372884,0.6565400833892615,-0.6432723804997892,2.0075532566980105,-0.6696247115382721,1.904012415347633,1000
849,2.843248613317232,13.720905878518943,6.135680424358875,0.556638316962967,1.8020810715514781,3.9541562354475257,1.7522375120698168,3.9342597145646474,1000,2.780282258887225,10.095690089062309,7.893295807908021,0.6443810600958602,1.6311827905459644,4.146884447930647,1.5172953810993393,4.043269136675111,1000
850,2.565155581265432,4.9370822215194945,25.710096352804044,0.6212561277580755,1.4577397386597555,3.937256110708692,1.347493570859604,3.78281759167126,1000,2.609498374041617,10.379049640745208,6.644421949786264,0.5430237590711366,1.5156892238972437,3.686477926174573,1.5451718062621893,3.673824941821045,1000
851,2.838538953546604,11.572247865959598,6.330527131472517,0.6255202957968142,1.5646511466061404,4.0702749713107105,1.6125191737848483,4.06455873330836,1000,2.637646038518347,10.70845716306819,6.529034967988921,0.8956519037220692,0.9247163800434226,4.416519675737564,0.8821683072230915,4.393123769813602,1000
852,2.1073067430960997,17.487288546239974,4.671351942016457,0.4918601231584008,1.107987769605501,3.029337301797594,1.1432609017056343,3.071352584486565,1000,1.3985463760568384,8.495836738549832,11.765498232519205,0.7259617000167741,0.004923286282009731,2.850944167067286,-0.024338555976038734,2.8214313080897155,1000
853,1.974378660085501,11.569333065133472,8.230939024260206,0.536349330183825,0.9767777910624005,3.0913632874015775,0.9231339729252039,3.025623347245798,1000,0.2142524788270057,3.346860167524146,31.741492510296094,1.4789222166522737,-1.550537099773464,3.750555353680374,-2.6844350658114506,3.112940023465462,1000
854,2.402527167601565,11.326550204347665,7.6607628005849415,0.7737226742619893,0.8394922618356757,3.86100708197748,0.8860307260480662,3.9190236091550643,1000,1.629185156805051,8.66479357588266,7.0286065207713495,0.6772649097008143,0.21566813547171543,2.9058081196781376,0.301745933791455,2.9566243798186473,1000
855,1.7849862266271794,10.305369932620367,12.672093690461516,0.7133118533853021,0.29200659503631765,3.125927349054481,0.38689499399198723,3.1830774592623716,1000,1.1524139163488025,9.952603710879416,7.560308670642714,0.5386943220224675,0.1396394528390453,2.281352489440586,0.09657304518476639,2.2082547875128387,1000
856,0.5149584313528561,4.50728816252855,29.372908794551453,0.9529828168492082,-0.7988829475271995,2.7766141548345358,-1.352887889671592,2.382804752377304,1000,1.241195751021393,11.933397403700111,8.133382745015773,0.815725368464696,-0.3097893174308001,3.190516433974103,-0.3576259711694112,2.840017473212197,1000
857,1.8681635368514438,8.268906118578286,14.032231401171645,0.6061215857233626,0.8138358425346369,3.138931315158748,0.680165228833653,3.0561618448692345,1000,3.1070454799168763,11.909350642231153,5.113377110642656,0.6789645575816753,1.7857456931646711,4.496223608462096,1.7762749470567927,4.43781601277696,1000
858,1.1843446731295537,2.7216551622216993,38.39618142448844,0.6104699729978807,0.1958409095502334,2.784141305084804,-0.01217647394629262,2.3808658202054,1000,0.9873521729481567,4.588684544789937,12.544242719433454,0.6964345449665514,-0.35871547111763236,2.4266698387592824,-0.37765953518628415,2.3523638810825975,1000
859,2.207015818871395,16.61767443560481,4.1878415955183605,0.7442581014646151,0.9863004079431748,3.9784471973241926,0.7482699400007493,3.6657616977420404,1000,1.6720546392208073,12.838817872135811,4.978534196540753,0.6294199162860216,0.5968921315543092,2.9364833375126813,0.4383916033002051,2.9057176751414096,1000
860,1.6799700420959873,11.526833289643642,9.575419670309584,0.8422491114404924,-0.13916614958775742,3.3903079835385697,0.02916178367262212,3.3307783005193525,1000,0.7898800683990204,7.3100214937105585,14.338208493453212,1.0914503480790538,-1.2456064165773848,2.941905756994146,-1.349362613835925,2.9291227506339657,1000
861,0.32382938542231443,8.651013919662459,11.98524203444484,0.8882186739372441,-1.5008670433877092,2.031571468099091,-1.4170792154946839,2.0647379863393125,1000,1.0237264899214693,10.56871854994314,5.821684009826895,1.2325909496526526,-1.25542151627805,3.9818521928853663,-1.3921517713977296,3.439604751240668,1000
862,2.1849358359344766,11.496509774833928,11.230938007689613,0.6888061300401096,0.9638895549234872,3.7315181111472184,0.8348758210558618,3.5349958508130914,1000,1.5985147039793586,11.95110814516053,4.612563013870511,0.7808265933553582,0.12254869127839532,3.1770059879352317,0.06809458100285659,3.1289348269558603,1000
863,1.4035087921208564,13.075037114952789,7.794388932494982,0.5001964365648374,0.4877616054834915,2.503665118745288,0.4231237764537752,2.3838938077879375,1000,0.6873699653607335,8.941302517752167,13.059816526836556,0.978844524964083,-1.5039986888971797,2.4153783632628034,-1.2311653035688692,2.6059052342903364,1000
864,1.5941527925415586,13.653710113924072,8.38226645969928,0.6039587524229694,0.4820631634418516,2.8695096915320275,0.41039363779253857,2.777911947290579,1000,0.7278135127984635,10.062197828483171,11.178477673200923,0.9375493991759225,-0.8790279333099784,2.9619981489756575,-1.1097833095863445,2.5654103351832713,1000
865,2.5832794958522864,11.449728016220185,6.510090298279687,0.6599860708277541,1.343609954849833,3.9963829636742263,1.2897067970298886,3.8768521946746843,1000,2.550004542912494,9.133957788836119,7.666567674538294,0.8585041736815578,0.992243487201359,4.273997450409926,0.8673363624966406,4.232672723328347,1000
866,0.8050298847004047,12.684305595865158,7.951963186073971,0.4987495499169339,-0.1734411466598085,1.8208803898587234,-0.17251923313678563,1.7825790025375952,1000,1.2277585478864952,10.356496389104084,7.370749226572347,0.704869908607523,-0.1527023873451351,2.6930527371839132,-0.15378647298424974,2.60930356875724,1000
867,1.3447759391877363,11.023605375507602,10.13875882350446,0.9673084065655165,-0.31266645602266013,3.355077282366397,-0.5511485376806762,3.240700416056149,1000,0.3552126195134928,6.923341755710243,17.848324847105477,1.0665675001411936,-1.3064838862356243,2.7619970361989137,-1.7352596807632468,2.4456849197902324,1000
868,2.56509927633566,13.885711694162682,6.94093701613233,0.6156971960132086,1.3706901412625525,3.7907608373360056,1.3583327721497713,3.7718657805215487,1000,2.600437004168432,10.887276859944286,7.942452227977702,0.5995084685124131,1.6512014094545633,4.033080572493222,1.4254004058841026,3.7754736024527618,1000
869,1.7276267919985442,12.887413630320754,9.208990900228082,0.5615794589817521,0.6282939650152255,2.757492348008017,0.6269310523943101,2.8283225316027782,1000,1.2102648762137616,12.822184368682253,5.41542502576176,0.8158418270507488,-0.36901832366939896,2.8278327752821966,-0.38878510480570605,2.809314857233229,1000
870,3.749914179278693,2.8429641726930517,39.83427481196495,0.753404953028769,2.011526250315748,4.981688364030276,2.273240471342306,5.22658788721508,1000,1.8300743518008944,4.207061619985262,10.195253919371055,0.8881719640524595,0.42249066756977965,3.7652033570819734,0.08925730225807382,3.570891401343715,1000
871,2.0045638309448166,19.2428260555383,3.4076156479209336,0.46265656457675314,1.0749795794853128,2.897274406162571,1.0977569643743803,2.911370697515253,1000,2.4695982564346695,9.779675849818197,8.49347782899923,0.5664506537902476,1.4211676787790397,3.556320868462257,1.359354975005784,3.5798415378635546,1000
872,2.258678422595637,9.543008972207673,10.237476114219252,0.6800149766720716,1.1180551196146795,3.8003908570812004,0.9258490683183767,3.591507776872897,1000,1.8041342762393475,6.82785887461833,12.21218938504585,0.8936301703888415,-0.1692563823566121,3.539376254828882,0.0526191422772182,3.555649410201477,1000
873,2.7006617537467075,13.976678681626208,5.132677376099915,0.4754193229735513,1.6403067925782986,3.5490414253364784,1.768839880718547,3.632483626774868,1000,2.8473629660838697,12.046535547265396,4.846971952047027,0.7738143371895504,1.794534731505213,4.696234803350401,1.330686865192351,4.364039066975389,1000
874,0.9137151480702843,11.733232037092725,8.58759373769807,0.4731444907295067,0.06914286816709217,1.8922515082767395,-0.013648053759548806,1.8410783499001173,1000,1.7852971179272374,11.562098196695823,9.458453695483241,0.9236688334177267,-0.22223356382256532,3.5049674662608523,-0.025093795571506705,3.595688031425982,1000
875,2.677741813342436,7.844989784568761,11.055440390152496,0.530916584560497,1.6383123966322957,3.7709043204107187,1.6371453076038622,3.71833831908101,1000,2.3687745218084935,6.956074764950886,11.96135605422159,0.6725135140979535,1.209841459273901,3.844683590718128,1.0506480341765048,3.686901009440482,1000
876,2.48368913478817,10.828049014301994,9.542994394176915,0.688464794042644,1.1469224432205145,3.8517392704851496,1.1342981384645876,3.8330801311117524,1000,0.6193965946858739,2.801880399279143,38.567211424690306,1.1083554645425249,-0.8801595142634344,3.463644261847738,-1.552980115817475,2.791773305189223,1000
877,1.853149819783662,8.185076067278189,14.298710876179419,0.7238729340652681,0.6683959158041618,3.6963446794339747,0.4343588690157365,3.2719407705515877,1000,0.97115386883145,4.815464486667411,17.511481942396024,0.9105289680439185,-0.5865776132295514,3.169268477959655,-0.8134829085346302,2.7557906461975303,1000
878,2.2346787033634907,13.254782270100238,7.40570735773307,0.7460461590431776,0.896347719908721,3.8943441968185653,0.7724282316388627,3.696929175088119,1000,1.1084002852531154,7.467168925254146,13.154829437912845,1.1090265856476724,-0.4717278653859316,3.9995010189060913,-1.0652918226163224,3.282092393122553,1000
879,1.6133973161660617,2.8215923457338055,48.758914426470525,1.0715792860395663,0.42947639594174014,4.4946853072260495,-0.4868980844714881,3.7136927168036116,1000,2.5023081871467654,9.241704626553634,8.583886604834895,0.9806361350991109,0.6413783306528102,4.720647451109577,0.5802613623525081,4.424355011941023,1000
880,2.7673747465940703,5.893910346960322,24.50494468476996,0.6428914222164396,1.7861766236106802,4.405784987563938,1.5073075590498488,4.027441934138292,1000,3.0626954746357113,7.764004476288986,10.002895077207373,0.718958159609696,1.6787053639841858,4.385297142302628,1.6535374818007071,4.471853467470716,1000
881,1.798588270963977,5.860904537037117,26.862097140379102,1.2189628141999305,-0.40221965991346004,4.18226993305215,-0.5905788448678866,4.187755386795841,1000,0.5787294568207204,8.320442873440722,9.101766670644615,0.9932984615730162,-1.648905952235557,2.216377311917815,-1.3681355278623912,2.525594441503832,1000
882,1.5522083862352327,11.716399810792387,6.368269942437427,0.487844431880766,0.7212075199006395,2.593305671644918,0.5960332997489314,2.508383472721534,1000,1.6733954324388387,9.259062085450871,6.270102555089753,0.5499977053099011,0.7771572928621362,2.9047585899640818,0.5953999300314325,2.7513909348462446,1000
883,2.8172419263723825,7.2856016097377765,17.18879176744988,0.523303307552024,1.8238157838176539,3.9157448374210113,1.7915674435704154,3.8429164091743493,1000,2.6985987819097432,7.160600270045325,10.340223778009852,0.9516771741948113,0.6848595969864896,4.390002844602602,0.8333115204879131,4.563886043331573,1000
884,1.4307346547316044,9.16325776879068,11.293974193390175,0.9806464416705296,-0.25210644436405705,3.5204432218814934,-0.4913323709426336,3.3528016804058423,1000,1.5237890413304196,9.730651008261795,11.270724962873972,1.4210606299604556,-0.9855230105977434,4.8369454939751195,-1.2614897933920732,4.309067876052913,1000
885,3.79802660460167,3.503727287760656,28.584757481406907,0.8937257288549321,1.7690044353324619,5.03850433857519,2.0463241760460034,5.5497290331573375,1000,3.2870923807407983,8.049796884679294,7.283924730025642,0.7769257549237284,1.317892413727711,4.512768129425349,1.7643179010902907,4.809866860391306,1000
886,1.176081559347406,9.078644021786245,11.331946595420003,0.6415537061490242,0.055128960134403396,2.5176350045585782,-0.08136370470468135,2.4335268233994936,1000,1.673692634618872,11.97830329115417,5.981229519099797,0.6654389617842863,0.3769214834569787,3.259398061826575,0.36943226952167096,2.977952999716073,1000
887,1.7677268416589174,15.945793659455633,5.870116439502076,0.7140815500995823,0.4180561686085431,3.394635956012071,0.36812700346373606,3.1673266798540984,1000,1.2076827950629518,5.813268384898988,14.722355913386933,0.878088369477313,-0.17917581464556642,3.326109760686884,-0.5133704091125815,2.9287359992384854,1000
888,2.2033215283185292,9.985986367816375,10.918214144851785,0.60752152403828,1.227665718542389,3.6021048644904976,1.0125793412035005,3.394063715433558,1000,2.228058488554658,10.914241231023821,8.257128235569452,0.7126334436060978,1.0288523348514305,3.8694146177290034,0.8312969390867062,3.6248200380226097,1000
889,1.9540439360449653,8.855000995154946,10.257429294854745,0.6389869150087606,0.6979300407504009,3.3892463888707063,0.7016295826277945,3.206458289462136,1000,2.0905233605877216,8.239539793078741,11.770162298770922,0.5980812386175369,1.0480639082684755,3.3829426336973487,0.9182841328973492,3.262762588278094,1000
890,1.8124306031808486,7.579472236652299,16.558030351646217,0.7359526755118617,0.008602357794953368,3.00636205468413,0.3699633591775997,3.2548978471840977,1000,0.5973350821151706,9.268012949621578,8.658265932591432,1.1046134172531803,-1.463343325534147,2.8951536821291404,-1.5677072157010625,2.7623773799314035,1000
891,1.0724194992866356,14.019126749973847,7.0155260977238765,0.5063889015277188,0.030327601938122253,2.0805434018766,0.07989725229230682,2.0649417462809643,1000,0.43897505146958604,11.798431826500687,6.061604462355771,0.7186401121315253,-0.9708478506574715,1.8225894676046326,-0.9695595683082037,1.8475096712473758,1000
892,2.7736946993302296,8.4791941486641,10.961913957063121,0.5813241843224155,1.8305496042628895,4.123297236485465,1.6342992980582953,3.913090100602164,1000,0.5379442359645701,1.4724741622500037,80.4711785236608,1.6600991437594688,-0.35635997863700913,4.552446552472549,-2.7158500858039885,3.7917385577331286,1000
893,2.5050252927383765,11.90857983628354,6.371908702861604,0.9724458283458102,0.17115953328473887,4.172659120769539,0.5990314691805887,4.411019116296164,1000,1.5163071398983954,5.972242594407834,10.917221691220455,0.7993455677185829,0.046261937781879696,3.0656035204432444,-0.05041017283002702,3.083024452626818,1000
894,1.0569605615835393,11.5203212114389,8.731327668362512,0.6326521009757092,-0.23710066661893353,2.2545949996523706,-0.18303755632885066,2.2969586794959294,1000,2.000052750284331,7.019500685953924,13.492540729386912,1.114562675691149,-0.21215190061725503,4.09663459500112,-0.18449009407032113,4.184595594638983,1000
895,1.7895621985017482,10.303436054725525,8.776704427865374,0.5196684819000547,0.8666512542378486,2.9377640069095374,0.7710119739776411,2.8081124230258556,1000,1.2981676926352885,6.404142294280927,15.80886589414043,0.5015788395390338,0.5031852103083191,2.4831456438167816,0.3150731671387823,2.2812622181317948,1000
896,2.5149163489279687,10.291018217265432,8.497405669199669,0.6248922390380636,1.2834496752269793,3.7197393315649645,1.2901275604133642,3.739705137442573,1000,1.918391277042273,8.331107874944607,11.278712008427366,0.9038588964096597,0.49721124084779267,4.099556850521796,0.14682784007934013,3.6899547140052062,1000
897,2.3959622470561754,8.395275787400156,13.93845992057313,0.7944001187729112,0.8333599017908513,3.9230432498058065,0.8389380142612697,3.952986479851081,1000,1.4072125237729591,5.813605955990669,14.654646132110209,1.1018050200157972,-0.4151886709832789,3.8881763836484255,-0.7523253154580032,3.5667503630039215,1000
898,2.5650148048962103,10.72195643002917,9.346813855657054,0.7899667790834735,1.2101823423009106,4.314398226490457,1.0166799178926023,4.113349691899819,1000,1.6147520518065885,8.251280259490905,10.90583824029291,0.6464165108518506,0.3209450649214034,3.1447671178186747,0.34777569053696133,2.8817284130762157,1000
899,2.0807930936420487,14.91618857814876,5.313849688886072,0.528122258349071,1.144671018347999,3.194575282201143,1.0456734672778696,3.1159127200062278,1000,2.093477494798332,13.280060020651849,4.8463901856833935,0.700158294412613,1.0354436980874766,3.6054112983710587,0.7211672377496106,3.4657877518470537,1000
900,2.789325318627939,17.855961991445998,4.117055178106529,0.6322009488140823,1.507868973703789,4.065934912903629,1.5502114589523377,4.0284391783035405,1000,3.6648836115660623,10.176714065654545,5.335687971497725,0.6299699232569119,2.3877980537441656,4.762741942887508,2.4301425619825148,4.89962466114961,1000
901,3.145766804855792,10.772312554956445,8.583361661114868,1.023091879235373,1.490023365638171,5.606734852337534,1.1405067215544609,5.151026888157123,1000,1.9328759264970248,7.1518889810180175,13.372316570087524,1.1842717027446117,0.07352106672903533,4.990263478777173,-0.3882966108824142,4.2540484638764635,1000
902,2.8733533915713854,3.281272619915611,26.2555012097759,1.973656214492059,-1.1260744793323783,6.054025189522377,-0.9950127888330504,6.741719571975821,1000,0.29011441774741664,3.1183705763036254,20.075490698660847,1.0639133312537326,-1.175707274977581,3.281903583565531,-1.7951557115098993,2.3753845470047326,1000
903,1.341028023963087,4.065359957997814,28.867899931403823,0.6641357694391783,0.14079391665971008,3.079289309894704,0.039321915862297496,2.642734132063876,1000,1.3105235241461386,6.5308005732928045,14.979598987400822,0.6500295390315269,0.3225212401797939,2.8583811322433883,0.0364656276443458,2.5845814206479316,1000
904,2.2774003619279206,14.230651221580173,5.1051105613222845,0.5645507113795956,1.143012083292103,3.321650764332844,1.1708809676239134,3.383919756231928,1000,1.6443978029595716,9.394338012476451,6.4529096573563125,1.0512084481139223,-0.4764518755684447,3.647780216471991,-0.41597075534371597,3.704766361262859,1000
905,1.4284006059230518,9.693621881742825,10.916002991687268,0.6370167814370871,0.4113678978556636,2.9410994099561267,0.17984771430636126,2.6769534975397424,1000,2.481809051914557,10.451785810576288,6.5447155238726555,0.8213396721374137,1.0574632080713675,4.322201828875934,0.8719832945252262,4.091634809303887,1000
906,1.6359559999823388,6.974362623306347,11.921306345731429,0.5992263402403066,0.5110650245158558,2.835782175587924,0.4614723731113377,2.8104396268533396,1000,1.6460003885782615,6.876782025509907,7.324707052724714,0.6593764976491865,0.5055961078210456,3.0631359705803116,0.35362245318585606,2.938378323970667,1000
907,2.869428973218826,6.372512045022166,16.91292096920014,1.2189659786729574,0.9749288729973098,5.717070403989414,0.4802556550198296,5.258602291417823,1000,1.577364673748747,5.459905553358188,18.04304858108757,0.9541831204687886,-0.3078826345280375,3.853917743748772,-0.2928342423700787,3.4475635898675727,1000
908,1.798208738709881,9.903397880200032,9.689371777609823,0.6009379488793208,0.7409831457406605,3.1584027880251315,0.6203703589064122,2.9760471185133497,1000,1.8064220867743068,10.925732726119746,5.71071832862963,0.7094246426179592,0.709731037714936,3.5414039177572727,0.4159497872431068,3.196894386305507,1000
909,2.852673002776569,7.764007728936265,14.943167189424331,0.8878809527932487,0.8600792379323063,4.482932823287953,1.1124263353018016,4.592919670251336,1000,1.0333395852391747,5.375658079264794,16.07344940648789,1.6188986036363273,-1.3681452112980055,4.830628145339657,-2.1397016778880267,4.206380848366376,1000
910,1.4131450565870005,14.870557103058692,6.28410982062317,0.5376319709568598,0.4119532615875768,2.515170897186168,0.3593863935115553,2.4669037196624455,1000,1.6701457891306792,4.233808712538828,28.62101672124925,2.1787273065030432,-1.5978554070086062,7.173034016367534,-2.600159731615286,5.940451309876645,1000
911,1.8665351919792041,10.433856567149768,9.06368083980094,0.5525059729518611,0.9532557881351981,3.0644797522884097,0.7836234849935564,2.949446898964852,1000,1.2429725316998135,4.589028882491425,24.237341198720006,0.9796247006614274,-0.03375144248739779,3.6685577595829577,-0.6770918815965841,3.163036944996211,1000
912,2.1364645804002347,13.010670640551329,6.6895392610119675,0.5955552535896886,1.0370176201121062,3.3222809905695625,0.9691762833644451,3.3037528774360245,1000,2.010725821974949,11.878795055096852,6.115118172968709,0.7685498837834871,0.890054747315291,3.934664505097968,0.5043680497593142,3.5170835941905834,1000
913,2.457611421977431,12.50481481154437,8.465044714761206,0.7555014671621346,1.214657111045383,4.274016430179691,0.9768285463396473,3.938394297615215,1000,2.849444421549825,10.705416429597081,4.709648321956245,0.8230642227895599,1.2805744353708812,4.612296579107169,1.2362385448822875,4.462650298217362,1000
914,1.4013699570678715,10.68062229103488,10.955494202241857,0.6667070442805614,0.09255781037702811,2.8235979779623266,0.09462415027797122,2.708115763857772,1000,2.293992657498839,12.881893948636915,7.112575166057394,1.1087963945736692,0.35238569500024836,5.01954145058986,0.12075172413444779,4.467233590863231,1000
915,2.6660385998765945,14.244782858114801,6.59553146501063,0.683930961629646,1.408721202966767,4.174223604227672,1.3255339150824885,4.0065432846707,1000,2.654337421297984,8.381950622530876,6.712327494884166,1.2720642398053188,0.10291763325751502,5.288116174502665,0.161091511279559,5.147583331316409,1000
916,1.420362173145835,17.74449949118403,4.458071341370036,0.5179354168838372,0.4256569638811966,2.4776216265321844,0.40520875605351403,2.435515590238156,1000,0.591354105152611,13.3333443585214,6.895873537224524,0.99040874353208,-1.3500213073410128,2.5731650423439576,-1.3498470321702658,2.532555242475488,1000
917,2.3396044233011333,13.881669584923758,5.895072069803911,0.597139081072016,1.1853897422345692,3.5437912373471865,1.169211824399982,3.5099970222022847,1000,1.3736557638434552,9.301361448939844,7.7710819097843995,0.881752401955178,-0.4660858639452083,3.046622219357792,-0.3545789439886937,3.1018904716756044,1000
918,0.9839972683540412,10.212496974399928,10.906832974456933,0.5103729304162952,0.026722834714123723,2.039030399777631,-0.016333675261897218,1.9843282119699797,1000,0.5015300493274379,12.637798651150574,7.166696530255164,0.5175003574037037,-0.4276390785485156,1.630126545738176,-0.5127706511838213,1.5158307498386971,1000
919,2.4476451043147014,7.441058564294968,14.562856376600097,0.6606910284960227,1.0601461702944215,3.720449724952758,1.152690688462497,3.742599520166906,1000,1.6949446383732985,3.934431044589438,22.69661579571174,0.7539868262016037,0.6587162606563094,3.4966058220620875,0.2171304590181551,3.172758817728442,1000
920,2.11272290356714,17.850979374423954,4.187133606545925,0.5400311725560893,1.0751850701874992,3.219807029763215,1.0542618053572048,3.171184001777075,1000,1.6177995966134466,7.009134791849214,15.737223759478006,0.9210321644253431,0.1395422596087776,3.868052584874825,-0.18742344566022573,3.4230226388871188,1000
921,3.50203186844646,5.547507045992895,19.952103473733867,0.8124614011974216,1.6553157988418534,4.918514592952423,1.909607522099514,5.094456214793406,1000,2.1751593782666916,5.249561353658673,11.721130189348935,0.6602903374293339,1.0187619908498613,3.8047424021366543,0.8809903169051974,3.469328439628186,1000
922,2.627510131926969,11.29980545918122,11.876939476475105,0.7175431384278292,1.28903095070485,4.0361113926381105,1.2211255806084236,4.0338946832455145,1000,1.632940448291782,13.395961755151768,4.113568182852176,0.5369086428559825,0.49838640153153957,2.5396765664025494,0.5805995082940563,2.685281388289508,1000
923,0.8797116307538291,2.786601258128638,57.67213177374466,0.9096095019127983,-0.33243065548642753,3.4091076410366212,-0.9031229929952556,2.6625462545029137,1000,1.697477942324656,7.075996144382064,13.024586950591758,1.329558727395504,-0.7556532625177974,4.679177923067393,-0.9084571633705318,4.303413048019844,1000
924,0.928043188599013,11.286335800015031,10.405070975723481,0.7873985865570016,-0.37156171902891544,2.6909069366558627,-0.61525804105271,2.471344418250736,1000,1.2283347461632692,11.277476548534322,7.360457114625271,0.9052532883107636,-0.5571290450091065,2.9741111726464124,-0.5459616989258274,3.002631191252366,1000
925,2.350777771166792,9.571141902815462,12.890737014559932,0.7461759263125888,0.8706947927105793,3.703793920995671,0.888272955594118,3.813282586739466,1000,2.2277970283208,8.341601853344804,9.035145442794116,0.8952486614887533,0.5655182189607078,4.182696421445237,0.4731096518028439,3.9824844048387567,1000
926,2.699600793845613,10.874360393049813,11.01051317800565,0.6336174159387444,1.4931667603606644,3.9870963972818907,1.457710658605674,3.941490929085552,1000,2.1038796218444724,9.849372614867653,3.9478261999135995,0.5877279703345181,0.9061116650306512,3.1826245995790354,0.951932799988817,3.255826443700128,1000
927,3.1445148270522174,14.750231695280949,4.767844121288593,0.5623541886805841,2.098941074943003,4.239060270930473,2.042300617238273,4.246729036866162,1000,2.433073040979939,7.501912797602371,9.594911483034782,0.8056451023838866,0.996462452365797,4.050818754012326,0.8540086403075211,4.0121374416523565,1000
928,1.3726027800577503,14.754843359935474,5.702117066763197,0.48389102784153853,0.49920792460295077,2.3868404000291124,0.4241763654883347,2.3210291946271657,1000,0.8291023716675956,9.34206154620529,10.953821023695333,0.6891340855618598,-0.44187525051241694,2.35579347115923,-0.5216004360336497,2.1798051793688407,1000
929,2.255749523830061,2.7178034635758443,56.9160627388856,0.9533860467007332,-0.2969818100215541,3.346186411004028,0.3871128722966237,4.124386175363498,1000,1.515221498757123,8.056416140434182,9.379943082989735,0.8317629754162267,-0.11212771217273265,3.1999690402561445,-0.11503393305868115,3.1454769305729275,1000
930,2.883695595365596,12.978753132064245,5.788536585410549,0.5926082413071408,1.724217881266639,4.043183708846247,1.7221834424035998,4.0452077483275914,1000,2.941360087597564,7.517126812446701,9.314188737110419,0.9450014936714202,1.1630055031282098,4.926412601423309,1.0891571600015804,4.7935630151935475,1000
931,2.5718047727450997,8.341455247872874,12.50956517330096,0.5630288538847626,1.4786403975951383,3.709573050634756,1.4682682191309648,3.6753413263592343,1000,2.5040901258228763,9.1197297338315,6.325812383142142,0.5389701956695593,1.3262899553676222,3.4750807995295485,1.44770854231054,3.5604717093352125,1000
932,1.8594571525443393,12.093704962189834,9.123652121376084,0.7805848521726028,0.17378221450882653,3.3798397841248757,0.329510842286038,3.3894034628026404,1000,1.7661663008295243,11.177907811996556,7.225516940637796,0.6892579663927795,0.21557232643187157,3.0704654531667366,0.4152206866996766,3.117111914959372,1000
933,1.4684309466048209,13.880752959689387,7.767400124040705,0.9479194026935334,-0.07313524686570363,3.5345291750653764,-0.3894910826745044,3.326352975884146,1000,0.15419925452075445,5.711308170447007,21.25215345944419,1.5279068578617987,-1.91814274905719,3.5168540755460937,-2.8404981868883707,3.1488966959298796,1000
934,1.6883015571341375,6.664779972124884,17.90249064422825,1.0901456081166128,-0.2141731598655576,4.4576631562241795,-0.44838383477442356,3.8249869490426986,1000,1.2209145534759753,5.1974200288831485,16.843035220466113,1.682439391501257,-1.4329176314976262,5.0054947240446035,-2.0766666538664884,4.518495760818439,1000
935,1.2852889469225361,10.915158258545787,8.5678527073041,0.6880693070940871,-0.02796949359004866,2.6884293913919506,-0.0633268949818746,2.633904788826947,1000,1.0867375286813037,11.139104504200736,5.701171057096969,0.6485557729135708,-0.2856669221559683,2.3212219780144534,-0.184431786229295,2.3579068435919024,1000
936,2.4556329840294087,9.557410706562795,11.760817167491112,0.45403254747277816,1.563390039173729,3.3489284806171833,1.5657291909827635,3.345536777076054,1000,2.1316506211566066,6.692020783454866,13.48251833749826,0.6933872427791573,0.9144247879644016,3.516154681522524,0.7726116253094584,3.490689617003755,1000
937,2.1864135711074058,13.676331584333166,5.726579371304973,0.5273013074965213,1.1859616957292922,3.261566861337883,1.152903008414224,3.2199241338005873,1000,2.095942427463098,6.992237155464655,10.8897901979981,1.2455829913164063,-0.10582854351059119,4.710650404990238,-0.34540023551705845,4.537285090443254,1000
938,2.0160959496378164,12.21677826969279,6.790298515896638,0.6779311883944483,0.45749357700519905,3.2392537597028435,0.6873508203846976,3.3448410788909353,1000,1.2327398204181024,10.290115225056452,6.050836720951405,0.8036859011993448,-0.4347727636044706,2.6957989934090607,-0.34248454593261335,2.8079641867688183,1000
939,2.098689350765744,15.050435401905444,5.505565550906584,0.4842400148641897,1.1550890774126805,3.0610578793326253,1.149578921631932,3.0477997798995555,1000,2.147872628466287,9.824754912066775,10.30708213474105,0.5492044091807426,1.1209427029312635,3.1879003941797723,1.0714319864720314,3.2243132704605424,1000
940,1.565118682746969,17.79001343934542,5.237855134867468,0.6082823825264655,0.47325356768718313,2.7896259765629297,0.3728852129950966,2.757352152498841,1000,1.892914092178214,14.648385645043888,5.665263627182432,0.7799689306933674,0.35264410598857887,3.3988601419057005,0.364174988019214,3.421653196337214,1000
941,0.9637933829927829,13.153497256516907,7.989216424609595,0.6006130891122256,-0.167972869356098,2.1943661511630044,-0.21340827166717902,2.140995037652745,1000,1.5766996787807004,6.042261245318039,17.980593141456186,0.6324645998802693,0.3114418407106336,2.7454332637265226,0.33706906301537276,2.8163302945460282,1000
942,2.096416641465855,12.660727020742435,7.588239920848412,0.760315949442126,0.7556937835224667,3.78791558070485,0.6061973805592882,3.5866359023724224,1000,2.418573890184034,11.472073281114808,6.547109431186925,0.7470718154688162,1.2896275723440085,4.278343330867839,0.9543131318651543,3.8828346485029135,1000
943,2.458922927820568,9.640552402385962,9.617365663545703,0.6664960959087125,1.2092331480470235,3.7478630725641287,1.1525905798394918,3.7652552758016444,1000,1.29865084053273,5.427363243224208,20.233498865069212,0.5708151948626382,0.1324975621719322,2.3823731958371512,0.1798530586019591,2.4174486224635006,1000
944,1.556875326850019,11.943688303289768,8.718735656153724,0.8025985436252975,0.03608523684185882,3.2688898517088556,-0.01621781865556393,3.129968472355602,1000,0.9770087965838381,10.132966404456068,7.456355988307418,0.7356355235885268,-0.19436677861812143,2.6038262449711542,-0.4648368296496743,2.4188544228173505,1000
945,1.6853828337980594,5.143290894091238,24.584180082774626,0.5731400000126768,0.7892040177102023,3.0412653379827335,0.5620284337732129,2.8087372338229057,1000,2.189517298081241,11.064161984619727,5.550250715976168,1.0438371144579643,0.5329480814830115,4.624147092821594,0.143596553743631,4.235438042418851,1000
946,1.5458387917225112,9.716013995305982,10.10446484578299,0.7683461238782775,0.3184223314244663,3.4580444800143306,0.03988038892108725,3.0517971945239353,1000,0.8831551843780732,6.523200990811738,19.31270822224011,0.9688942243090504,-0.7235811929785181,3.0777422183237073,-1.0158774952676655,2.782187864023812,1000
947,2.3340765243587014,15.987816162856294,4.8924588799480935,0.7047615559283238,1.1007368119883332,3.795863658951288,0.9527438747391868,3.715409173978216,1000,1.5062916499020984,4.657664538926711,21.81662356205751,1.1351622412787965,-0.1983183262836893,3.914207927371421,-0.7186263430043427,3.7312096428085395,1000
948,3.1686834271117634,3.185003907278592,34.13579112340448,0.7776528697926985,1.2742569525684342,4.334751735885516,1.6444838023180743,4.6928830519054525,1000,3.394792231235344,6.617061930259829,8.524269783079445,0.9642875372674033,1.245628637889779,5.028673496625686,1.5047886581912335,5.2847958042794545,1000
949,1.4355984088071163,6.0080282356446535,23.861281056932786,0.8949660991570204,0.112647319591911,3.7630441020534238,-0.31853514554064377,3.1897319631548764,1000,1.417039267491577,3.84965882382867,17.893217246713927,0.6880508824382368,0.18838533788407555,2.8642240853611627,0.06845953791263293,2.765618997070521,1000
950,1.9337736777474597,14.572371690730781,5.528304723196631,0.5453259741084738,0.9048165851252112,3.0521725349646407,0.864934768494851,3.002612587000068,1000,1.3467576187438335,9.060613400509908,12.731598769404684,0.8927282797314694,-0.5722549073790898,3.2243605978340417,-0.40298980952984653,3.0965050470175135,1000
951,2.2714039306486398,5.348264126966505,26.830705907780334,0.6230568896924851,0.9383791557007783,3.3199256007138245,1.050212426851369,3.4925954344459105,1000,0.9971852391259295,5.855550155392822,11.21733011378912,0.9869699193287157,-1.0864940813506963,3.085300164282415,-0.9372758027583532,2.931646281010212,1000
952,2.172643952760708,11.947452329871924,8.695266522628163,0.8211645552384486,0.7261957088342936,3.8478914758058136,0.5631614244933489,3.782126481028067,1000,-0.5200313409253696,2.422816262789604,52.679894758621096,1.191602291530752,-1.9390456372691418,3.0079724561261085,-2.8555718323256434,1.8155091504749041,1000
953,1.4873197602821577,15.638860651543391,6.581612559455249,0.593940843306632,0.25471660956379394,2.653749504464365,0.3231957074011591,2.6514438131631564,1000,0.6470023661811819,10.516154322924985,9.1549968215395,0.8823752824363678,-1.413827402909861,2.2429444760811745,-1.0824531873940988,2.3764579197564624,1000
954,3.222752745658711,4.441621225763635,27.16880373734304,0.8871757594192126,1.0352366079112802,4.49669014358411,1.4838882571970544,4.961617234120368,1000,1.9396397655482203,5.001204375671638,15.796293513854248,1.045483362184112,0.3856371731596572,4.096873726368411,-0.10950762433263939,3.9887871554290797,1000
955,1.7752991511142986,14.5294400024682,6.647057711320283,0.808040959677577,-0.13930814035631198,3.093211954570132,0.1915388701462475,3.3590594320823497,1000,2.261337849903029,12.722883509676178,5.111339862674111,0.5215270799688878,1.4280186502997663,3.5520572459811275,1.2391447731640088,3.283530926642049,1000
956,1.4951120017107724,15.525399115997182,4.950359573420409,0.4182908195170086,0.6751158384685756,2.2868511044951076,0.6752619954574356,2.3149620079641093,1000,1.528058559927896,15.345674865646641,5.506119946151572,0.5598215447248849,0.18807140405464873,2.447225304952087,0.4308083322671217,2.6253087875886703,1000
957,1.365149880484159,8.887201234127657,11.709335214343472,0.4617792571737135,0.45301548505087025,2.2971384824239336,0.46006253642368067,2.2702372245446374,1000,0.9468199639754711,6.063791160119092,19.95285775263816,0.6539234908428824,-0.33859945284638776,2.478263403087123,-0.3348700780765783,2.2285100060275207,1000
958,0.9527306643741378,14.80670131189617,7.606486320211246,0.711351864255564,-0.7231782547243689,2.4153768082537974,-0.4415189895667675,2.346980318315043,1000,1.1883128282017545,7.937613130357507,12.547307529251567,0.9959332247207237,-0.6427961572954168,3.1961620146442393,-0.7637162922508638,3.140341948654373,1000
959,0.8785441047837983,13.979195294523489,8.334731578113981,0.4513719493512083,0.0838811494064931,1.864347993306234,-0.006144915944569895,1.7632331255121665,1000,-0.4034412581926574,3.948632070181222,32.993104753093796,1.3566027413816417,-2.3129467475727794,3.148060927472938,-3.0623826313006752,2.2555001149153604,1000
960,2.08946356595345,8.433912852387781,10.99186813165955,0.883663539513589,0.4657192169313168,4.04253384309031,0.3574830285068158,3.8214441034000846,1000,0.9373798907961004,5.81758693839041,17.507918708529612,1.1666607654107948,-0.9939057898376885,3.6538758661565773,-1.3492752094090572,3.224034991001258,1000
961,2.250080210910593,15.532878094459369,4.754032308342056,0.6805198378666028,1.086903579041471,3.849852892893966,0.9162613286920518,3.5838990931291344,1000,1.5088152139622175,13.879619680104653,4.34431824085051,0.9334223461425274,-0.29311134608210754,3.5170617163897595,-0.3206925844771362,3.3383230124015713,1000
962,2.5732510065704717,8.536778141133606,15.688276029764936,0.9514956539757681,0.5748390047675636,4.352602255260092,0.7083195247779663,4.438182488362977,1000,1.1269180176537907,8.851732838045947,11.876335559386181,0.8178776913404503,-0.3214368411776473,2.9244056797601425,-0.4761222573734918,2.729958292681073,1000
963,2.2412339575963793,11.321841703856439,6.45486233071085,1.3302342253684578,-0.9754976746297522,4.475179963550821,-0.36602512412579813,4.848493039318557,1000,2.8024366616560954,7.735947297773279,7.8485378560923005,0.6399175580819716,1.5759605586213514,4.079192824206373,1.548198247815431,4.056675075496759,1000
964,2.035884836156217,9.671779110914196,7.979746115983602,0.7623859977171613,0.5307199334254028,3.623755508322148,0.5416082806305809,3.530161391681853,1000,1.0952415376245328,5.190908757680837,19.01912795453313,1.0147143142953619,-0.40713950650356445,3.5647474723753843,-0.8935985183943764,3.0840815936434423,1000
965,2.7976454461371554,10.232664962398088,11.812452403247455,0.6492624100782428,1.4679953582136205,4.053845016717188,1.5250911223837995,4.070199769890511,1000,1.2117455425695667,5.997828331785005,12.296212017563997,0.5688869255148141,0.09729407123024397,2.435522253732235,0.0967271685605311,2.326763916578602,1000
966,1.8586790559521953,14.372573388412864,7.611507058220744,0.5878616405682561,0.6199304462321884,2.9274020970056576,0.7064702404384133,3.010887871465977,1000,1.6503499659813692,12.082160667646887,6.451217590244798,0.7935523385183167,-0.185174552135372,3.120741254676407,0.09498738248546834,3.20571254947727,1000
967,1.0960478091397103,19.09745958691081,3.6146040455239805,0.5674145040944172,-0.09914648932106801,2.2042415428446,-0.0160846188853474,2.2081802371647683,1000,1.5622174899280323,10.44763629854981,7.276089094858312,0.9591398045135778,-0.403089003140767,3.395954831050596,-0.3176965269185801,3.4421315067746447,1000
968,1.7950041708625624,7.507294951583087,13.456815349029462,0.7781931777491706,0.2997649216190525,3.4650283484903164,0.2697455424741879,3.320262799250937,1000,1.3642119728934725,7.681399727800206,14.353448451617853,0.5961754267176806,0.12256730995150783,2.640969232354154,0.1957081365268185,2.5327158092601265,1000
969,2.163599744591344,11.77844929891649,9.978888833987074,0.8203780947108943,0.36948869952893826,3.6112182786625526,0.5556586789579914,3.771540810224697,1000,0.8837078653949786,9.595998243433346,8.778308611470054,0.749399121433846,-0.6509614495925783,2.3838752497886224,-0.5851144126153596,2.3525301434053167,1000
970,2.1808116751921247,9.393864659789283,9.131474052241902,0.5274097001134381,1.1707561344433894,3.2943766779571657,1.147088662969786,3.2145346874144636,1000,2.1209086448102665,7.308829207671531,14.053585337236031,0.6371063410424913,0.6425439584743645,3.2403946572557967,0.8721802163669836,3.3696370732535494,1000
971,2.493820422472411,9.176571053879037,12.077941877738587,0.7942034746693633,1.185472128542926,4.231719598375703,0.9371816121204593,4.050459232824363,1000,2.067606232440192,9.702957677374119,8.296717629206046,0.5742573063542492,1.0979855411767305,3.31255324027047,0.9420619119858635,3.1931505528945205,1000
972,1.8120965570306147,8.6595594588946,10.155362706598153,0.4580526162194688,0.9617576069262933,2.787326341399757,0.9143134292404559,2.7098796848207733,1000,1.8670074063055797,9.071477570391574,7.197272748281759,0.7329786010605872,0.5637544706727902,3.421433925392679,0.4303693482268287,3.3036454643843305,1000
973,3.07582592653548,14.579554367881395,4.905059192345303,0.6576408840390738,1.5511407651381544,4.1251668540107325,1.7868497938188952,4.364802059252065,1000,3.2862123436725312,7.142624122534991,4.815416837310107,0.5212564096708528,2.198386165471713,4.204956527469343,2.26454978071766,4.3078749066274025,1000
974,1.3778794708197086,19.336488801748583,3.4184626353989107,0.6422235030263548,0.023745341874778062,2.563103883007572,0.11912140488805334,2.6366375367513637,1000,-1.9684876977758523,2.1899273054073194,57.72540692063747,1.1955947416016532,-3.225887122555734,1.2469886299213364,-4.3118533913150925,0.3748779957633879,1000
975,2.89869911390087,11.818912041808556,6.532255864545216,0.5159042345888145,1.8803587252402085,3.852841013078806,1.8875268141067938,3.9098714136949466,1000,2.4570581428288936,8.103353808003865,8.129548129546196,0.5324850348484462,1.3709245908514267,3.4271156373957927,1.413387474525939,3.5007288111318484,1000
976,0.9757271662755624,11.631235564778178,7.1084476065511435,0.5022655129015466,0.003962593645139306,1.9350398289833,-0.00871323901146892,1.960167571562594,1000,0.9793074575743923,11.906649965726572,6.954566188974108,0.4670734960200584,0.10611186292695853,1.9176700968042288,0.06384340537507793,1.8947715097737068,1000
977,1.7789450865487249,4.3901473710879975,18.20816200686265,0.6187691847328975,0.6575298111902954,2.990590796711707,0.5661574844722457,2.991732688625204,1000,1.8341365493227832,5.9683207912176925,11.968943804866363,0.8079548134009396,0.12172714383114831,3.3746743212932544,0.25054511505694177,3.417727983588625,1000
978,2.536940301519481,6.845895249865776,10.46901274268406,0.6624228597069226,1.320475498326741,3.886997922973821,1.2385914964939126,3.835289106545049,1000,2.3434496938522447,2.751235286971089,28.2804330027806,0.8325304112484054,0.7623646421119753,4.3019553235923045,0.71169008780537,3.9752092998991193,1000
979,3.005357119962072,8.773840916239955,11.489301975198932,0.8033703782283482,1.5700987795550085,4.55957637950021,1.4307511786345093,4.579963061289634,1000,3.1224511785181197,13.228113202866675,3.724372155669183,1.0103785044505234,0.9624752602619118,5.061160923484671,1.142109309795094,5.102793047241145,1000
980,0.05958254661513074,4.43967097571774,34.16369853104052,0.8255801418761209,-1.1903030364745004,2.5245671284290045,-1.5585545314620664,1.6777196246923278,1000,1.4168726993347502,8.360959903261653,12.431378166269505,0.7763594083179631,0.04075014350594431,3.0591428580221196,-0.10479174096845756,2.9385371396379583,1000
981,1.7845351496718695,17.334928658565683,4.5710409321006935,0.4450982696891396,0.8587659891387919,2.615536215221079,0.9121425410811559,2.656927758262583,1000,2.231846672693797,11.492704196476852,6.423156790902615,0.808970036706994,0.8913663023901305,4.254938112418063,0.646265400748089,3.817427944639505,1000
982,1.5600261667565436,4.786175790484794,18.670067167734228,0.8909383279847765,-0.28476098027487196,3.296042281318366,-0.18621295609361832,3.3062652896067055,1000,0.6215464341625112,4.16141464040246,11.457362375606417,1.4162146593965907,-1.411417217191997,3.5188450827813114,-2.1542342982548064,3.397327166579829,1000
983,2.1453978145845247,9.312970015691379,7.839757536040698,0.5484701457718033,1.1950475410678156,3.394443387159885,1.0703963288717901,3.2203993002972595,1000,2.080611521848544,9.083548735416063,7.57316969997533,0.860607910661418,0.9243485276587289,4.422081152780589,0.39382001695216506,3.7674030267449234,1000
984,2.1326476089665674,10.237261625243827,9.307222646827377,0.6179751190614773,1.0841677337830955,3.397348895363466,0.9214163756060718,3.343878842327063,1000,2.160939867680619,11.453856141255221,4.287352037117476,0.7147531572906538,1.0902827229205625,3.8264044818969776,0.7600236793909374,3.5618560559703,1000
985,1.2125167175125857,12.60562556488849,6.909726423838963,0.5559542662804962,0.2919771527028307,2.387534567750194,0.1228463556028132,2.3021870794223585,1000,0.6905383467587329,9.00056259781916,12.668508585827036,0.7054647552065014,-0.5695599842991659,2.2410386017220807,-0.6921725734460098,2.073249266963476,1000
986,3.450832303823254,4.352647159343985,22.399322412375188,1.2881030963249107,0.6826280234714581,5.637210428462894,0.9261502350264288,5.975514372620079,1000,1.9550110946049446,6.037289800150224,8.980111379553037,1.0670195001706548,-0.30973153313431234,3.9297263787278998,-0.136347125729539,4.046369314939428,1000
987,2.5355581955902937,8.116143070348523,9.640264302603631,1.2291651062876305,-0.08811600488040913,4.888124716221713,0.12639458726653796,4.9447218039140495,1000,0.6869490051407312,6.016615316750792,12.64803785700027,0.92134962020811,-0.8443656618663846,2.971499175270424,-1.1188962504671642,2.4927942607486266,1000
988,1.4930955227874598,5.877435092995343,20.147159122084624,0.5904788740940162,-0.012981175278869569,2.397856193482113,0.33575692956318814,2.6504341160117315,1000,1.1276605913520668,10.379895777296227,5.564642360522339,0.562800742065276,-0.034972727404815884,2.19610972519565,0.024571136904125934,2.230750045800008,1000
989,2.8938000298917754,6.941061571325177,14.220607310362915,0.46481659542242076,2.030045145337398,3.8568730159212095,1.9827595028638307,3.80484055691972,1000,2.880554220145311,8.423826469762606,8.098119801277141,0.6228487065964795,1.964807387103479,4.4190533257134605,1.659770755216211,4.1013376850744105,1000
990,1.9998040911437904,14.05246222063146,5.241746236568887,0.5128076283484614,0.9958407526472784,3.021721648876799,0.9947011395808061,3.0049070427067748,1000,1.5465490906725703,10.523851900761489,8.207515852623386,0.6629288456355591,0.22306412560289748,2.803784464085161,0.2472085532268744,2.8458896281182664,1000
991,0.7864887258948268,8.765377321394885,12.11698399340538,0.625772584911274,-0.2848821876695727,2.1721515569266754,-0.4400255405312701,2.0130029923209234,1000,0.38206498839399083,10.050447429082379,7.502507521805353,0.735698855893028,-1.1610055085643232,1.924878775441183,-1.059904769156344,1.8240347459443256,1000
992,2.8070775329660718,7.42646851930961,14.580513794991358,0.6335514359732567,1.3708919639856003,3.891203868877848,1.5653167184584886,4.048838347473655,1000,1.8860813022029952,8.288905806456382,6.801229428360327,0.8734360023850258,0.01389071612691114,3.594335886587372,0.17414673752834453,3.598015866877646,1000
993,1.7619009732808577,9.73399144280954,13.35531969018527,0.915489382184322,-0.2421840602481802,3.566141110852328,-0.032458215800413415,3.556260162362129,1000,0.9580148360775098,6.618901228226376,15.605147752106687,0.780437889622548,-0.20646039303015334,2.968746842724426,-0.5716434275826843,2.487673099737704,1000
994,3.7842015679886782,8.202369165106626,12.10946678783467,1.1051650370862425,1.7250218839016385,6.072996759069742,1.618078095299643,5.950325040677713,1000,1.7384760015863654,10.5462893170846,3.2248530080368476,0.8419533725746086,-0.2166591870776595,3.19017116314685,0.08824739134013271,3.388704611832598,1000
995,1.7492482974465604,11.204662382837627,8.830880152810321,0.785912607116117,0.43188411766398604,3.4505290858525086,0.20885958749897116,3.2896370073941497,1000,-0.8217748838801588,2.0863721723694737,64.66436250805394,1.4373414627957615,-2.114819679593088,3.022208149749087,-3.6389641509598514,1.9954143831995337,1000
996,1.7043993022118258,16.593710359544815,4.509093578862746,0.48311664194200277,0.7712180571372659,2.663883518500979,0.7574906840055003,2.651307920418151,1000,1.2929279123932305,11.434252595571406,9.63977231064685,0.6504053303517267,0.10021908371836051,2.6937437310328263,0.018133464903846264,2.5677223598826147,1000
997,2.2045284921979,10.377277316969032,8.50795242514792,0.48279433945920314,1.2978933733438744,3.117587014866481,1.2582515868578619,3.150805397537938,1000,1.718828630530275,6.73333866894849,10.843276443287715,0.8488172312729485,0.1298363796400534,3.2882155397548916,0.055146857235295776,3.382510403825254,1000
998,2.2374024103920704,11.469571525556116,9.326434271822883,0.7825818950568413,0.9269295265028696,3.7938836148481676,0.7035418960806616,3.7712629247034792,1000,0.14228248812885536,3.2768706137296713,32.117337365634754,1.6363229463758455,-1.6462848836585484,3.8927561690448087,-3.064910486767802,3.3494754630255126,1000
999,2.895227773459583,8.213402392023298,9.637211720835127,0.4400545108565725,1.9880514988364044,3.7205865845484642,2.032720932180701,3.7577346147384647,1000,2.930331707046098,4.535205720750684,17.577232313729343,0.5051711435193291,1.8535934222688633,3.9010730381009937,1.9401962657482128,3.920467148343983,1000
