trial,linear_estimate,linear_ess,linear_max_weight,linear_boot_se,linear_ci_lower,linear_ci_upper,linear_normal_lower,linear_normal_upper,linear_boot_n,quad_estimate,quad_ess,quad_max_weight,quad_boot_se,quad_ci_lower,quad_ci_upper,quad_normal_lower,quad_normal_upper,quad_boot_n
0,1.4081589657016211,27.04770346908886,4.245029758140855,0.48547550392360656,0.4569167847173392,2.3818751374105247,0.4566269780113523,2.35969095339189,1000,0.7218987191326596,15.871425323411426,7.853461095129254,0.7976072322935381,-0.8938345188373962,2.585222074845349,-0.8414114561626751,2.2852088944279942,1000
1,0.025805589167141374,13.48136532837707,12.853929154791961,0.8362166862971018,-1.7364403046885102,1.5533535379905437,-1.613179115975178,1.6647902943094608,1000,1.4611012578064164,7.792724547272312,14.336455634268171,0.5341414600548618,0.6823109169454697,2.8048417253851943,0.4141839960988871,2.5080185195139455,1000
2,1.3922145028541135,32.37832047969005,4.9834342993340455,0.2976894857513409,0.8264132187839569,2.0049875748251758,0.8087431107814853,1.9756858949267417,1000,1.0397888787557823,22.87438065810495,3.7131228317848977,0.5706924705147237,-0.4265617131869883,1.9122627096311346,-0.07876836345307625,2.158346120964641,1000
3,1.3766008546204724,34.7246702700311,4.360143236263892,0.4749219534208198,0.5332340102695555,2.3348812362318374,0.4457538259156657,2.3074478833252794,1000,1.0494446742326664,29.518815882641572,2.6120862177605857,0.339529165963979,0.35959170898805604,1.627257217755558,0.3839675089432676,1.7149218395220651,1000
4,0.4654292801423212,23.833746522767008,6.611818887844,0.4412270752086281,-0.4884341352771493,1.3680652539115052,-0.39937578726658984,1.3302343475512322,1000,0.8014699792361379,22.285916529206432,5.657409432099148,0.5952035782410113,-0.147319402507441,2.1188305131675746,-0.3651290341162443,1.9680689925885202,1000
5,1.402857642552184,29.143381538139163,4.4102246419695055,0.45435583825032183,0.5116763894163008,2.3318009568278826,0.5123201995815532,2.293395085522815,1000,1.4886261732791182,22.67872187067394,5.435518401424737,0.523224647765031,0.6940241320522356,2.789330632906193,0.46310586365965745,2.514146482898579,1000
6,0.5866446708353568,22.742664137800894,6.350442429020356,0.27650483941298926,0.05526232782421066,1.1162096020273309,0.0446951855858978,1.1285941560848158,1000,0.32760710054890874,20.2448798852433,4.469272137870933,0.49726097185447865,-0.8377287290383302,1.1760446879753044,-0.6470244042858694,1.3022386053836867,1000
7,0.8953556140059229,37.32185471352199,3.759607597610105,0.32026524619988966,0.35647144539392617,1.6458221057749116,0.2676357314541392,1.5230754965577065,1000,1.122667321174419,23.26773785469049,3.6711524666466167,0.3996952153639389,0.43136660849743974,1.9311959777078131,0.3392646990610987,1.906069943287739,1000
8,1.282358189795042,35.500573221219526,3.528462476112659,0.5370873465508731,0.17757396288163224,2.2603844415797334,0.2296669905553308,2.3350493890347535,1000,1.000050329327459,24.072284759520343,4.792550959599364,0.6714516551282053,-0.5237501631095067,2.127724989558031,-0.31599491472382324,2.316095573378741,1000
9,1.726397772302997,32.67867818920896,3.564864064213431,0.3970910216859484,0.9723953631248199,2.5588963028887117,0.9480993697985383,2.5046961748074557,1000,0.8076880640509758,17.822293593495548,6.334635113973018,0.5196890564645559,-0.21021098264787041,1.815271975091067,-0.2109024866195537,1.8262786147215053,1000
10,1.3656153720105304,30.21512424968078,4.235110929688757,0.3311643867431075,0.7630321427879815,2.0943830933375915,0.7165331739940397,2.014697570027021,1000,1.026012837853179,16.697209358874268,6.403966526888522,0.3719508764624574,0.3146385629745388,1.7285826015798378,0.2969891199867625,1.7550365557195955,1000
11,0.9472012612798548,33.54421254108534,3.4520197287427496,0.5338980326822008,-0.21851274572011262,1.9845756233853173,-0.09923888277725879,1.9936414053369684,1000,1.1265301032506114,19.694742915617123,5.737444123491976,0.39897073575895975,0.39142568228968977,1.8935027815290566,0.34454746116305035,1.9085127453381725,1000
12,0.8287274469000971,33.02123660328077,4.780539709242251,0.8555761116324788,-1.427716842272793,2.1561578773095444,-0.8482017318995614,2.5056566256997557,1000,2.3820235851875027,19.847209662906113,5.308678874771916,0.7505277008110577,0.7484941588620849,3.7694054459409867,0.9109892915978297,3.8530578787771756,1000
13,-0.3981488438237091,19.862707575600854,9.563347035934166,1.253621950122595,-3.0184945528309814,1.888334120885513,-2.855247866063995,2.058950178416577,1000,0.5713304336543845,17.492042521190413,5.146951183739549,0.45133301643169554,-0.2402036725035361,1.5758454621213986,-0.31328227855173874,1.4559431458605077,1000
14,1.0473240679691798,31.96234477205807,3.510349392422275,0.3858428199790118,0.33300385310842934,1.8744227558046482,0.2910721408103166,1.803575995128043,1000,0.8644888803200077,19.205431998973868,5.172255933338926,0.40917745120253196,0.13638545081680753,1.6768593873527364,0.0625010759630451,1.6664766846769703,1000
15,0.7295434418536595,28.288917441362504,4.555030715125873,0.46163619983726634,-0.329628879884448,1.5859649818884116,-0.17526350982738248,1.6343503935347015,1000,0.9680115615909886,26.659586743960855,2.748085021844466,0.3653693769811732,0.3102239532798283,1.7677075974578846,0.251887582707889,1.684135540474088,1000
16,1.8064438315281373,21.174551912569083,7.007151265636329,0.3588514747946862,1.1648574336174262,2.6153454360482473,1.1030949409305522,2.5097927221257224,1000,2.1481120043235977,25.15836877691272,4.671061852877355,0.4830460599678143,1.2625621482172709,3.1411326735143854,1.2013417267866817,3.0948822818605137,1000
17,2.030140633654627,24.195300307675733,4.391864872304349,0.6855088467958423,0.736450894198859,3.437668338358873,0.6865432939347758,3.373737973374478,1000,0.846148594520491,17.892033415399023,5.9180053675137,0.7648124828213526,-0.5768766687349548,2.5623187323384156,-0.6528838718093601,2.345181060850342,1000
18,1.9340313768023378,21.420074681604127,6.500825982792494,0.5027607631667779,0.9794006727575935,2.973039529884798,0.9486202809954533,2.9194424726092225,1000,1.245749120226924,20.798581285814503,5.505788173001186,0.6198200414651508,0.18938565168594423,2.6391147723784134,0.030901838955228467,2.4605964014986195,1000
19,0.4814757817679203,25.99467903248436,4.133578413602606,0.5465786040161608,-0.672744901760266,1.467857424723028,-0.5898182821037548,1.5527698456395953,1000,0.40652698890237415,11.129081293458356,8.875413826014634,0.46342724876251057,-0.4730645231303373,1.3722938239754356,-0.5017904186721466,1.3148443964768948,1000
20,1.3278856981864813,34.34328443395129,3.269798149692507,0.32679805573835197,0.7580580974669809,2.103002988854584,0.6873615089393115,1.968409887433651,1000,0.8923242655854797,28.056412420708487,2.950009138113142,0.2723482774426884,0.31975094532605114,1.4188739917617716,0.35852164179781043,1.426126889373149,1000
21,1.7254625543508162,25.49352406542324,5.36760483130359,0.5471387569190347,0.6569515055928721,2.7532676795879674,0.6530705907895082,2.797854517912124,1000,0.6055904204670632,18.360074235507586,6.003001921756843,0.3803147415131715,-0.25188127215238143,1.313066935352746,-0.13982647289875294,1.3510073138328793,1000
22,1.338933519681039,27.510408877978964,5.277770697487652,0.6613629586433284,0.12567892066368125,2.775170311726106,0.04266212074011544,2.6352049186219624,1000,0.7916552593475785,16.040424002400282,6.098876209229515,0.7267252581741831,-0.4743966910615792,2.094511655240224,-0.6327262466738204,2.2160367653689774,1000
23,1.1461544300082072,20.996308031925526,7.357201084128329,0.7447411368582562,-0.2200427064603263,2.655967960878528,-0.3135381982339749,2.605847058250389,1000,0.8387761138006402,20.86786461489598,4.531112358339474,0.4305082810789032,0.08704722044830011,1.7881586931621531,-0.00502011711401007,1.6825723447152905,1000
24,1.3526384576854062,31.509532495725615,4.687208270245715,0.453559480824579,0.5763599033289141,2.3800090000616003,0.4636618752692315,2.241615040101581,1000,0.6137351999054164,27.17210924156873,4.3581346745158305,0.6917868824392083,-1.0293507791207064,1.8023160502474878,-0.7421670896754318,1.9696374894862645,1000
25,0.8777946674679793,38.35367840685553,2.5901412282939686,0.3650047517762115,0.27557698601474456,1.7429588810099408,0.1623853539866048,1.5932039809493537,1000,0.5307337360217685,26.506792061150207,3.0587047844502453,0.3251551124584721,-0.08219100136124169,1.2016064376210986,-0.1065702843968368,1.1680377564403739,1000
26,0.7655587206655463,25.42599839213316,5.583049096582025,0.38972776908593765,0.06657708359335661,1.5542629788335964,0.0016922932571085125,1.529425148073984,1000,1.1146200213974686,24.666268924470884,3.311899955763217,0.35844267811270786,0.4691526107706997,1.798720693876576,0.41207237229656124,1.817167670498376,1000
27,1.3734593086965843,21.245216267043787,6.37468540174704,0.7344499340988583,0.25844420550551456,3.181823982573488,-0.06606256213717798,2.8129811795303468,1000,0.9980712183297191,16.36877039800609,5.24172497311342,0.41475219436253147,0.19209375138480286,1.8480069419740655,0.18515691737915752,1.8109855192802806,1000
28,0.8792016149723776,36.20110531490014,2.8172646324491764,0.4748475841059537,-0.14932804858082901,1.6237386455389178,-0.05149964987529165,1.8099028798200467,1000,1.0771105993801986,26.362687433952296,3.158257390255447,0.5058741365265861,-0.09658039210093204,1.787832255519752,0.08559729178808995,2.068623906972307,1000
29,2.0982460864091417,26.6646062241118,6.062926500017459,0.5013969771111071,1.2788560761754886,3.2626227515215738,1.1155080112713718,3.080984161546912,1000,1.3110932430344469,18.00073989753445,6.219691366498771,0.7240048632079072,-0.08513414291960966,2.866222606354213,-0.10795628885305142,2.730142774921945,1000
30,1.00727595948814,39.36626925680187,2.559476790983325,0.37211586682426473,0.183506284502117,1.7400889038427565,0.27792886051258114,1.7366230584636988,1000,0.2506421505512262,22.521783186248314,5.733088957466286,1.2399311463141411,-2.972124197846853,1.9041292594717507,-2.1796228962244903,2.6809071973269427,1000
31,1.079211650170372,43.84276126598459,2.1193050143564744,0.29114518970243775,0.48133580822480604,1.6948020509217594,0.5085670783535939,1.6498562219871498,1000,0.8656221151348427,29.011018492130805,2.5759067195047316,0.3703958080161238,0.14779731677421373,1.5880264713324466,0.13964633142324,1.5915978988464454,1000
32,2.762215150210289,17.957033841835226,6.197229075650388,0.5787747645529837,1.7943445268683216,4.065439526525789,1.627816611686441,3.8966136887341367,1000,2.8654505503132377,12.858593554272694,7.475027367000044,0.711321774462755,1.6003579222900788,4.486749254348514,1.4712598723662378,4.259641228260238,1000
33,0.9040236240209216,26.142157510295792,6.878109963144389,0.31632341554661936,0.26691292762563085,1.5597263451818502,0.28402972954954775,1.5240175184922955,1000,0.8796988415019009,26.111036872296356,2.9313015974962364,0.8251231238192634,0.033061823851892796,3.0236630189468627,-0.7375424811838553,2.496940164187657,1000
34,1.1861653401744876,19.97582903144079,9.153294663483647,0.5789902313853497,0.11579177011176675,2.4972158301849428,0.051344486659202326,2.320986193689773,1000,0.052479638443333254,11.243872648154671,7.65247063142929,0.5098223937815857,-0.9554274063695657,1.01579719975688,-0.9467722533685746,1.0517315302552412,1000
35,1.6074807067293138,24.552121428335287,5.191492673734942,0.4235419252850379,0.9075985256057403,2.584662521548955,0.7773385331706394,2.437622880287988,1000,1.180527176842995,19.796686185233444,4.878610729168803,0.7830728509361939,-0.24272389348216925,2.763249199427983,-0.35429561099194506,2.715349964677935,1000
36,1.212634694238152,33.54365817172542,3.3150200852555765,0.4981421836953091,0.08396718106807305,2.0397330547181642,0.23627601419534627,2.1889933742809577,1000,0.8318439682190919,21.080343592609825,3.9737033839420595,0.3438467513534678,0.1360053522841127,1.5046261495066133,0.15790433556629502,1.5057836008718888,1000
37,1.0544753671466962,22.22760404071412,6.534330651680343,0.5844015785918082,-0.0071218173807099105,2.1953911591506894,-0.09095172689324782,2.1999024611866402,1000,1.0792160207038508,19.339308483256517,5.529558699229925,0.5404451769250668,0.03485911977119867,2.122453287777218,0.019943473930720046,2.1384885674769816,1000
38,1.1771750351201051,20.94465092530658,6.712903474515861,0.9063289516735544,-0.5703353318567844,3.0554627211811365,-0.5992297101600614,2.953579780400272,1000,0.8687727651870194,17.254880335754002,7.56239344120426,0.9944100192881056,-1.4098935368738081,2.787685455614451,-1.0802708726176675,2.8178164029917063,1000
39,1.2048467692784257,35.56027449512615,3.6228054896101507,0.3183713980902595,0.6451988377705427,1.8794769326491805,0.5808388290215171,1.8288547095353342,1000,0.5142174785360889,21.80166866648429,3.956785524751594,0.6175313450590127,-0.5535376095854456,1.847436391691991,-0.696143957779576,1.7245789148517539,1000
40,1.2457044204269903,44.808497179118085,2.1563910857462347,0.4949117568188007,0.3394610559673665,2.249451759607232,0.2756773770621409,2.2157314637918395,1000,1.0032801719381763,18.506778730877336,4.976058978987778,0.6727106103090178,-0.5714049841643821,2.126377493438756,-0.31523262426749854,2.321792968143851,1000
41,1.5810590122859667,36.04266784215896,3.306786936172107,0.4000485494841569,0.8545773182410985,2.448591314960311,0.7969638552970192,2.365154169274914,1000,1.6304345040243038,21.643716523018952,5.002342965167265,0.7169111108655618,0.4586304268399781,3.168893332817411,0.22528872672780276,3.035580281320805,1000
42,1.2851199877495842,37.454392604524855,3.499469561821606,0.368774602076421,0.40544551027981657,1.898360473520125,0.5623217676797991,2.0079182078193694,1000,0.7545253021215648,26.899473950561877,3.087646101018407,0.3369351277541875,0.0037865663565308226,1.3289037402212873,0.09413245172335727,1.4149181525197723,1000
43,2.015178751910442,16.219399012532556,9.138309554498996,0.620564372138855,0.7948411162727776,3.279918170661257,0.7988725825182863,3.231484921302598,1000,1.1221212480810712,14.04895967772913,7.727120218468238,0.7064958634911724,-0.08183706976824595,2.7150254032126457,-0.26261064436162673,2.506853140523769,1000
44,0.8958605491390621,33.841184020984855,4.006428836274793,0.5737559173150706,-0.35506924443745197,1.9129865261655201,-0.2287010487984762,2.0204221470766006,1000,1.0240276644533624,19.540950722607473,4.911667085523535,0.482108169029154,0.05675390659699936,1.9828332279815053,0.07909565315622058,1.9689596757505041,1000
45,2.1103487645227945,20.053406875453547,7.1199866358191155,0.7068475060973813,0.9228834637510936,3.6983061377378004,0.724927652571927,3.4957698764736618,1000,0.3320110047337361,21.42331771972946,3.7037650171971035,0.4983647028181281,-0.6254465904913212,1.3111540217345479,-0.6447838127897949,1.3088058222572672,1000
46,1.1827041466246424,31.599122964099163,3.5024253374206777,0.29101702642301613,0.6360708590645643,1.7708969093387152,0.6123107748355308,1.753097518413754,1000,1.2811059346223763,27.26759932079272,2.6326113632423755,0.35843189575732987,0.4678560804299845,1.9516128938833768,0.5785794189380098,1.9836324503067428,1000
47,1.4094004131169444,41.48648164552449,2.121982334722873,0.4617071821565668,0.4522821975869912,2.242226216418496,0.5044543360900735,2.3143464901438153,1000,1.2725893409072115,30.88646099136158,2.7633951565719075,0.37744754070106556,0.49678603033243846,1.9713501217595257,0.532792161133123,2.0123865206813,1000
48,0.8124527510091157,36.113706833755,3.050070047290643,0.4787068324973306,-0.18026680869311756,1.8175117422592113,-0.12581264068565223,1.7507181427038838,1000,0.6687525486817267,30.478675234306937,2.7130283661734125,0.3660090364815179,0.006955127663031728,1.414023304991176,-0.04862516282204832,1.3861302601855017,1000
49,0.9641419909855737,29.77982841166203,4.31126765503068,0.7826465033786557,-0.07993484282835948,2.9565341388165627,-0.5698451556365913,2.498129137607739,1000,1.118558650782382,24.17027979362638,3.4228714626386356,0.3482308544059683,0.3905010381604927,1.772534305585012,0.43602617614668404,1.80109112541808,1000
50,1.0919848691606822,28.552636932274545,3.796537979333205,0.518479500775968,0.2539758466657623,2.2726267948901575,0.07576504763978487,2.1082046906815792,1000,0.7274478784139395,20.10796329185986,5.83404714198099,0.581804894184173,-0.44553739141514714,2.0380532543848457,-0.41288971418703957,1.8677854710149187,1000
51,1.3162977348033726,36.8012802575541,3.319528268904742,0.4325624229136343,0.49376213679204045,2.224111086150218,0.4684753858926495,2.1641200837140957,1000,1.147339193521832,15.923876227210433,6.730935302010509,0.43766594139758336,0.14478064960715067,1.8197848247861035,0.2895139483825686,2.0051644386610956,1000
52,0.23869989486608478,7.719889829214211,22.25945640532063,0.763916559272544,-1.0175890277027688,1.8587938274579618,-1.2585765613081015,1.735976351040271,1000,0.8271502175999284,15.165376294937142,6.077550613367318,0.4115759741223755,0.12899039627435613,1.8271563626457514,0.020461308320072313,1.6338391268797845,1000
53,1.9374050910158427,19.891440119847505,7.5797733777643,0.3641539470345898,1.277067681855489,2.7280648490183674,1.2236633548280467,2.6511468272036387,1000,1.4748720842007903,5.095791967068186,22.332448035940466,0.7468370527927359,0.4259203762516958,3.282441929930325,0.011071460727027915,2.9386727076745527,1000
54,1.2246061140521773,45.853426088315686,1.7522919775411172,0.3979190695957263,0.376177826703595,1.947578237586896,0.44468473764455374,2.004527490459801,1000,1.5547356499683356,21.924305569136653,3.944184506815381,0.3271343771895245,0.9613059458472317,2.197208199577621,0.9135522706768676,2.1959190292598034,1000
55,1.4097956406541443,34.64516385600071,2.785204228112177,0.4261156315141401,0.544965607483665,2.2062745068078837,0.5746090028864297,2.244982278421859,1000,1.4883949514197488,22.944861199037707,5.014207627177339,0.5290612454197303,0.6990990096999319,2.6833951980737307,0.4514349103970774,2.52535499244242,1000
56,1.4147051153308894,34.94746679945077,3.138379795718687,0.5787509989250998,0.27768538303293083,2.631966902591461,0.2803531574376936,2.549057073224085,1000,1.2925171136496263,20.666383763686245,4.013350534909055,0.41065140196148764,0.534754488318359,2.139572862572158,0.4876403658051105,2.097393861494142,1000
57,1.128421728011082,29.35875025321501,3.774735589082872,0.5044155450368206,0.13234397480009807,2.1854606700696375,0.13976725973891357,2.1170761962832505,1000,0.9850818137978217,24.482991957909476,3.416603524742173,0.47408457348562594,0.1167803381148607,1.9433514679517085,0.055876049765994806,1.9142875778296484,1000
58,1.9591349999522274,31.857521754549246,3.806475883419924,0.41995760768138096,1.2054303194388685,2.9084632153092187,1.1360180888967206,2.782251911007734,1000,1.6380617220443303,27.01613613895354,3.7933853406048383,0.3892780147743464,1.0461502990247447,2.547964936473089,0.8750768130866113,2.4010466310020493,1000
59,2.188864376551507,23.960290715077402,5.281630817727005,0.4396528944706474,1.3446106275202447,3.1124858554190507,1.3271447033890382,3.050584049713976,1000,1.5628207120468085,16.021439042848815,6.405163501848267,0.540685978371384,0.6180395284126114,2.724085832220453,0.503076194438896,2.622565229654721,1000
60,1.469905909707356,16.093523175535058,10.492555323263861,0.46611824017253933,0.7191067013721533,2.5473066426986386,0.5563141589691788,2.383497660445533,1000,2.2167292385529143,22.09578655146076,3.818937147640849,0.48061401385741237,1.299068674307462,3.174613647004242,1.274725771392386,3.1587327057134424,1000
61,1.2618533125622533,47.2172112864405,1.5924817746089648,0.4731907867028103,0.19002996888926232,2.029586798459884,0.3343993706247451,2.1893072544997616,1000,1.1127393777085692,30.235207877186134,2.8185110336253207,0.43453828412998696,0.13412599474098394,1.8654242947015944,0.2610443408137948,1.9644344146033437,1000
62,2.2400992867400094,17.326442547678802,8.878808873913586,0.5612019603602002,1.2084507672184541,3.3459851822997706,1.140143444434017,3.340055129046002,1000,0.8599582766309382,9.478363000770122,9.968198843951821,0.6845385573339658,-0.6546620585649131,2.0751360660024707,-0.4817372957436348,2.201653849005511,1000
63,0.8135953362031487,6.460358908742828,27.277668075453406,0.6973608119197898,-0.0732504228928299,2.7066467776592624,-0.5532318551596394,2.180422527565937,1000,0.931800482736949,15.945567979129793,6.715234787597461,0.6647021438654007,-0.5354278515801507,2.18161105203471,-0.37101571923923626,2.234616684713134,1000
64,1.1059400557917245,43.273615956506696,2.2158309688405025,0.44585018383228714,0.35868897048527,2.0866807380205086,0.23207369548044177,1.9798064161030071,1000,0.8748810576959634,21.995495585317805,3.8964274197826083,0.4286550742635401,0.07628935317637071,1.803983636312363,0.034717112139424744,1.715045003252502,1000
65,0.28457179399085675,31.020959321707835,5.061071822186735,0.9020723312282062,-1.8824587273787956,1.6715337311251413,-1.4834899752164272,2.0526335631981407,1000,0.7923665944696565,18.329157080615417,5.434353609401865,0.6612587127316075,-0.6258369331334565,1.876355904273588,-0.5037004824842941,2.088433671423607,1000
66,2.1142251845378457,18.66786258382754,9.97660829734874,0.7880815602325875,0.7762437236488542,3.9374198614241656,0.5695853264819744,3.658865042593717,1000,0.8830166716406604,23.630415739095593,3.2555361478749862,0.41291249337255137,0.023597769968766828,1.6064353977632269,0.0737081846304598,1.6923251586508612,1000
67,1.1828016402650625,37.79173631863794,3.3142836954503965,0.3076423146884031,0.5959889460868091,1.8287815364545836,0.5798227034757925,1.7857805770543327,1000,0.664329055997035,26.99073681441349,3.406581382736178,0.4126808601841349,-0.0870463104614637,1.575100463168887,-0.1445254299638694,1.4731835419579393,1000
68,1.3876933068746942,24.97295841214416,4.975354966772446,0.40281165896371673,0.7186000731142055,2.3021291560729895,0.5981824553058094,2.177204158443579,1000,0.8939200510387191,17.752826000204983,6.357418358652225,0.5276020253195299,0.02685149542452017,2.084438496197051,-0.14017991858755963,1.9280200206649978,1000
69,1.0319220499673296,46.168351745566746,1.8397966643122896,0.38854154888081754,0.3190455014211841,1.8725132671008644,0.2703806141609273,1.793463485773732,1000,1.0271480531039807,25.293642255961032,3.230735627974532,0.8658149241736774,-0.6095345799750422,2.8578755619024823,-0.669849198276427,2.7241453044843884,1000
70,0.5021918936212457,17.552110801435177,6.985581538584582,0.6771776171196809,-0.979223359481914,1.9884897730623263,-0.8250762359333288,1.8294600231758202,1000,0.8845646548231878,22.55196831480371,4.033768331506107,0.8874643401739196,-1.3809012510988286,2.1549148204612076,-0.8548654519176946,2.62399476156407,1000
71,0.4328718394850859,22.507128781805324,5.415806521468586,0.5403870970816049,-0.5891877509634387,1.5770137909522641,-0.6262868707948597,1.4920305497650315,1000,-0.18663968802937703,7.555097375127727,13.955641899114688,0.6175180911939853,-1.2856375941558336,1.2510988418526943,-1.3969751467695881,1.023695770710834,1000
72,1.617426585877769,40.46290334138019,2.5233332156559367,0.4822263131789356,0.8534864896499189,2.8530032065384714,0.6722630120470552,2.562590159708483,1000,1.4676736749114467,21.619585814663072,3.9251954523652803,0.7237481029959575,0.46978743244592924,3.1802891118292993,0.04912739303937008,2.886219956783523,1000
73,0.4796268312525238,14.026717209921205,11.888090594447148,0.8872965291908829,-1.2820539105428117,2.1750650834674956,-1.2594743659616066,2.2187280284666544,1000,1.0149284650479626,14.815048328048457,8.065514103656232,0.4548660774660729,0.08765171767505484,1.8998036273878236,0.12339095321445981,1.9064659768814654,1000
74,1.411075165685964,21.10618803486658,5.759624387070557,0.48165520605508566,0.6138454673507747,2.5396299862684684,0.4670309618179961,2.3551193695539316,1000,1.3765105733955685,17.3497664308566,5.408562342456122,0.6465542268747908,0.22116509403387077,2.7792768400113115,0.10926428872097849,2.6437568580701587,1000
75,1.9503273673637997,18.396007338122896,8.540390979407471,0.5373429584799313,0.9427490723000495,3.0569137257029304,0.8971351687431344,3.0035195659844653,1000,1.2550157787608955,20.86519831403747,5.192666231971896,0.5248447570072723,0.28190604038719613,2.3622544431261447,0.22632005502664176,2.2837115024951493,1000
76,0.7490773270602502,15.459405873843355,11.738744635964661,0.7932779905847827,-0.5499047267708591,2.4304143518128054,-0.8057475344859237,2.303902188606424,1000,0.716965704279962,14.260303974290663,7.654959902144891,0.5239218173017349,-0.16107631450126095,1.842313253915631,-0.3099210576314384,1.7438524661913624,1000
77,1.0310836147382423,37.94554644704326,2.937824835370956,0.38574515065645276,0.26692043843143265,1.8504144480083966,0.27502311945159486,1.7871441100248897,1000,0.9445828702823629,23.86664395343922,3.327976690079685,0.5316609058381248,-0.01853954658791071,2.061631372881971,-0.09747250516036154,1.9866382457250873,1000
78,1.6747907711402723,29.61875163903463,4.579954427283632,0.73216350788515,0.6428660357198374,3.4436828780394433,0.23975029568537853,3.1098312465951663,1000,0.9709981423773533,14.333552709676354,5.734817513364768,0.49627669695982596,0.005611089010498753,1.9411506701640517,-0.0017041836639055674,1.943700468418612,1000
79,1.354570181289285,25.75821719455848,4.945819227669676,0.3385901555839,0.7467912314142066,2.0468753324341877,0.690933476344841,2.018206886233729,1000,1.5930906566029432,27.08512160687312,3.3654447531074894,0.41969404671654464,0.673090081184301,2.3499658764767895,0.7704903250385158,2.4156909881673707,1000
80,2.023073900259504,16.320245775755787,8.750713247483528,0.4674397470859758,1.2642344001206833,3.085315336046695,1.1068919959709915,2.9392558045480164,1000,0.9205044037711527,15.635387994066857,6.896841278196764,0.4798537645225157,-0.027038043973481793,1.9821097837380903,-0.02000897469297802,1.8610177822352836,1000
81,1.0639588584221171,14.834643121994619,12.857171520498953,1.1438491138781697,-1.6330974950621495,3.489746650060135,-1.1779854047790954,3.30590312162333,1000,1.145624145619564,18.40371972420046,6.311152193113883,0.6101519525949973,-0.30783718898664486,2.1422114040175786,-0.05027368146663069,2.341521972705759,1000
82,1.2512653704380896,27.474182118987166,5.11252943877617,0.48063635924284315,0.34549142561653845,2.219596606171418,0.3092181063221171,2.1933126345540623,1000,0.9540451367116352,16.438260100474146,4.993362935810043,0.5469641907295655,-0.20123844850723785,1.965641192921672,-0.1180046771183132,2.0260949505415837,1000
83,0.5746734855100915,18.671739207796374,7.778874974794541,0.5056226407327117,-0.4035629451578976,1.5882239019576896,-0.41634689032602346,1.5656938613462064,1000,1.0557588439307306,16.453440609154654,5.095724025049886,0.5112344193838916,-0.013233452497900318,1.999692261879858,0.05373938193830319,2.057778305923158,1000
84,0.9961507428106036,31.817800587969423,4.258820056596013,0.5371737221498037,0.07270310004817232,2.2424342360709986,-0.05670975260301181,2.049011238224219,1000,0.8061053346973686,17.258626010743228,5.690706901716433,0.4753548363114286,-0.12270349185851306,1.7781321191699848,-0.12559014447303152,1.7378008138677687,1000
85,0.6347577209740121,38.22238695221849,3.3868746262859912,0.37569393491831027,-0.05177717168784823,1.477687987558872,-0.10160239146587602,1.3711178334139,1000,0.23344346163281582,23.73242842677503,3.4028414810085104,0.4791307393427276,-0.6694208722143432,1.207528116163485,-0.7056527874789302,1.1725397107445619,1000
86,0.1749754272990951,17.81724034765252,10.176842853458979,1.0530479300540845,-2.451140196090325,1.6799951907916069,-1.8889985156069105,2.2389493702051007,1000,1.2033569853270212,23.882161430950713,3.4214044335604648,0.36060125887472416,0.4796056982447121,1.911059269647617,0.4965785179325618,1.9101354527214807,1000
87,1.525256630978006,26.076418522894272,4.81593591696799,0.5001712036039311,0.6171739721984842,2.5430287963214147,0.5449210719143011,2.505592190041711,1000,0.7989572026660756,19.979599886160752,4.136563093413191,0.4214629595740927,0.00905498506602049,1.6902243499415903,-0.027110198099146054,1.6250246034312972,1000
88,0.8005329669322876,34.604580157625,3.3288887100507227,0.6958916918596464,-0.1654938752392615,2.5683486478516713,-0.5634147491126194,2.1644806829771945,1000,0.5412714771813385,21.916559690041254,4.121414807495284,0.5009910256739156,-0.2756216697734409,1.5179193849853656,-0.4406709331395361,1.5232138875022132,1000
89,0.6756717814578188,27.17995538869821,5.290613519862721,0.46835166616267,-0.15328365552970413,1.806558553152054,-0.24229748422101438,1.593641047136652,1000,1.0887286766332116,12.152454723962727,8.531161258176038,0.5417653614164747,0.08491487982068469,2.3188359551645727,0.026868568256921188,2.150588785009502,1000
90,1.0801158455144964,33.38011212908879,4.660773082781295,0.42151786456444534,0.2296083309200244,1.9178850449802227,0.25394083096818354,1.906290860060809,1000,1.097958137085564,21.574395875802033,4.006531101824119,0.38434333383835856,0.4128934182453825,1.9442159428902,0.3446452027623812,1.8512710714087468,1000
91,1.9655348928455298,26.493306494158798,4.125064154735555,0.5004555243706964,1.149611930682352,3.132985887186137,0.9846420650789649,2.946427720612095,1000,0.5717970661701703,19.11577693827163,5.333852484782194,0.6980357516036749,-0.3928470110165145,2.2929863193504008,-0.7963530069730325,1.9399471393133731,1000
92,1.4758928607756472,18.6227392540186,7.496517407461664,0.7057476987934441,0.19109622038428656,2.9915527591428153,0.0926273711404968,2.8591583504107976,1000,0.0474327056568824,12.296332150557989,12.034194524974179,0.9339683992810575,-2.1040090798654765,2.1078747900208454,-1.7831453569339901,1.878010768247755,1000
93,1.282406476367203,32.33586594875659,4.3063075641251425,0.4054185909529289,0.6694801804694268,2.239273056781828,0.4877860380994623,2.077026914634944,1000,0.7571650093944613,16.218728434337976,5.3332520545622515,0.5152813259694522,-0.1685949092458783,1.9298144288965704,-0.252786389505665,1.7671164082945876,1000
94,1.4142468344439827,14.686108159345393,12.448134177082903,0.607178593958207,0.3338769920868254,2.7381708418486763,0.2241767902858971,2.6043168786020683,1000,0.9519602361683175,16.74286547639385,5.704058953578168,0.4432875916324425,0.07269985152307482,1.827569871915059,0.08311655656873018,1.8208039157679048,1000
95,1.0378404875052718,30.29905503058183,4.273731062608402,0.5385896817563552,-0.11832765001733704,1.963073872687417,-0.01779528873718439,2.093476263747728,1000,0.7327766602088328,17.84560566439695,5.443061375338488,0.44463038629951546,-0.07441873451482818,1.723593204968373,-0.13869889693821746,1.604252217355883,1000
96,1.510903459623572,36.848559424037944,2.727449588942427,0.463548608888867,0.8219214252804444,2.695839276668173,0.6023481862013926,2.4194587330457513,1000,0.5226270129562858,14.608827418861464,5.575717929493073,0.606993132401711,-0.4400756404908032,1.8311737650241604,-0.6670795265510678,1.7123335524636394,1000
97,0.6712549400557011,37.57436980109003,3.9395105424287,0.49851882303056855,-0.20530288159812354,1.823246541510879,-0.30584195308421325,1.6483518331956155,1000,0.2650699091811419,19.10700480606276,4.459600832903277,0.5450747941691361,-0.7466802077074608,1.3499021861887164,-0.8032766873903647,1.3334165057526486,1000
98,1.2554884292214081,22.82647959708609,5.727898166600195,0.34695664639930046,0.5658480588313776,1.9256990251046786,0.5754534022787793,1.935523456164037,1000,0.8941708255063054,26.249794888322697,2.9456175511016385,0.3864640549542149,0.26459015296343713,1.7412087040017812,0.13670127779604435,1.6516403732165665,1000
99,1.9793315814494166,20.363015828441515,8.057467028885409,0.880147269066596,0.669877648601301,4.077142846390991,0.2542429340788883,3.704420228819945,1000,0.7282388823327204,17.64566359634073,8.171219349111233,0.5707523278411879,-0.29584258082303416,1.9809988136931274,-0.39043568023600783,1.8469134449014486,1000
100,0.5026755029022931,12.579707044953016,11.598549783618237,1.3388838797835951,-2.3077411016239604,3.2821283365541687,-2.1215369014735534,3.1268879072781397,1000,0.3389395468962686,16.35380351516222,5.448934885758161,0.46787897144026125,-0.5678962458188422,1.2466743382851324,-0.5781032371266435,1.2559823309191807,1000
101,1.2558582194310401,13.752978641000695,14.313740475614987,0.5084875617752794,0.11251653864905133,2.138919057598494,0.25922259835149253,2.2524938405105877,1000,0.0019855725873667573,19.255326320983,4.3962099616082915,0.4517046544070227,-0.8065454600066304,0.9227373652650834,-0.8833555500503977,0.8873266952251312,1000
102,1.250007904568766,37.3185522616989,3.6932981395833195,0.29468151788021724,0.6978173402746506,1.8749431014579974,0.6724321295235403,1.8275836796139917,1000,1.2330489179715352,22.730868083205838,3.392757656393726,0.39709406594826957,0.43451089357896616,1.9579418205293324,0.4547445487129268,2.0113532872301434,1000
103,0.9131847970835487,45.418996991472596,2.1414348070307123,0.40759923472470416,0.05648871057463552,1.6934737629951921,0.11429029702312854,1.712079297143969,1000,0.6941695875617877,24.685510683128015,3.3242708684877362,0.37034580465731926,-0.04564008137650009,1.3945707183819656,-0.031708189566558076,1.4200473646901335,1000
104,1.0309326537342423,27.341344687108087,4.834576019240046,0.4111673656278607,0.271118927211534,1.8258936551200697,0.2250446171036352,1.8368206903648492,1000,1.0601266057206922,13.18339699541611,7.242953057574086,0.5086512574739238,0.20494999662168367,2.2433944930359058,0.06317014107180152,2.0570830703695826,1000
105,2.44733355782263,26.36075734423531,4.794583939542293,0.6611813178332343,1.312633351817186,4.01463379074406,1.1514181748694907,3.7432489407757688,1000,1.6828433027350083,25.37186023193956,3.61010222648117,0.5835431028380001,0.6194798864519577,2.9254112037276587,0.539098821172528,2.8265877842974882,1000
106,1.0475543293843752,34.50267015116139,3.099460415458566,0.4040991788641277,0.1928105509367899,1.8747122804728862,0.2555199388106849,1.8395887199580656,1000,1.2512990330858673,18.725292413939638,6.790624193742767,0.9539567461831133,-0.9611485985300128,2.8888550301537474,-0.6184561894330347,3.1210542556047693,1000
107,1.1091337614046526,22.53629630711958,7.684280391217759,0.6190659382529863,-0.010178438102109614,2.5556659845256537,-0.10423547757120044,2.3225030003805056,1000,1.337059462776089,17.64814784810449,4.504607244779825,0.5856832734995613,0.3004487831160942,2.5992457774596485,0.18912024671694883,2.484998678835229,1000
108,1.8007783528129124,17.951401446761448,7.679016562391263,0.4714473619531868,1.0367854391754487,3.0098377342402562,0.8767415233846663,2.7248151822411586,1000,0.7994823010698195,13.26583495486918,6.357362738967232,0.4113301360594605,0.0035065591642967644,1.6168433308698156,-0.006724765606723082,1.6056893677463622,1000
109,2.317373573173864,12.604374926209944,8.36030752275135,2.2306535535368752,-3.2464860864188885,6.300839558679292,-2.054707391758411,6.689454538106139,1000,0.2940646292507214,1.9516742329161851,67.13493983717044,1.8126450495496038,-1.0402479192130414,4.629950992341562,-3.258719667866502,3.8468489263679446,1000
110,1.3471644310061426,29.05422778251611,4.86083701386683,0.3782054378551962,0.6951358042145795,2.166792076970671,0.605881772809958,2.0884470892023272,1000,0.6136574235963734,22.97159970501393,3.807368722622146,0.6520073892628225,-0.8303988376976209,1.5108457645655877,-0.6642770593587588,1.8915919065515057,1000
111,1.0886501210047461,41.1896910105134,2.5198522754895984,0.40587864382204375,0.3024447590941435,1.9520964694867633,0.2931279791135404,1.8841722628959519,1000,0.9868685836454667,23.685743111374848,3.7157780304428374,0.5147103585781726,0.09752875550369929,2.0466291712260465,-0.021963719167751528,1.995700886458685,1000
112,0.9544684961765402,42.007878335560996,2.1069277301502414,0.4938579093608746,-0.09938612924797176,1.8348541883745453,-0.01349300617077398,1.9224299985238544,1000,0.4844708034032008,9.535143363745089,10.150820572689518,0.7285606919148169,-0.8537244073511475,2.1710729104695874,-0.9435081527498401,1.9124497595562417,1000
113,2.3702724756176665,8.673410254658528,20.6324111340526,0.9002306785896178,0.8379193299963517,4.135013086817838,0.6058203455820157,4.134724605653317,1000,1.4967519128942335,18.459715255174512,4.019127498170757,0.4905284510105158,0.3503993322309916,2.3399020035592537,0.5353161489136226,2.4581876768748443,1000
114,0.9738627056400644,26.296538303436947,5.268380708590743,0.36747943439790887,0.30639751529034825,1.7504184069938897,0.25360301422016307,1.6941223970599657,1000,0.38297384333253737,25.230844327799982,3.172310193430296,0.3848398360553441,-0.3586555417227645,1.1480341746159093,-0.37131223533593705,1.1372599220010118,1000
115,0.7481965664116492,7.970206149784112,24.281564650194422,0.5612960472937734,-0.28087404380715214,2.090967167016782,-0.3519436862841465,1.848336819107445,1000,0.8428727969853909,19.905672864135795,4.0417817945378225,0.501343504429684,-0.06645277009421074,1.8241688820068562,-0.13976047169678973,1.8255060656675715,1000
116,1.7058651987901658,23.59037603359183,6.696528509331345,0.4923505106090916,0.8892417042379701,2.8296137157815164,0.7408581979963463,2.6708721995839855,1000,0.5081703387799745,15.997527263938187,8.838867827675378,0.666669406924898,-0.7261605305001277,1.9842088471324268,-0.7985016987928255,1.8148423763527746,1000
117,0.6566366652487461,28.00606764204482,5.107648914426532,0.6113242533030528,-0.6462185597564164,1.8964878406335195,-0.5415588712252375,1.8548322017227297,1000,1.3038663393333825,24.683624276254196,2.8438032509925444,0.4380152813569533,0.5119314192797451,2.24447391353949,0.4453563878737541,2.162376290793011,1000
118,0.8219573852611965,24.974200385205094,5.6530455271725835,0.749445779991494,-0.9443164354235091,2.1215423636122663,-0.6469563435221317,2.290871114044525,1000,0.8744661146893171,15.765707642017428,5.6595701852167375,0.6418216526860331,-0.7499840747001396,1.9540046529724826,-0.3835043245753078,2.132436553953942,1000
119,1.454539033799739,39.56025184246714,2.133351738419162,0.4396893965321198,0.7246959792251512,2.410690658415279,0.5927478165967842,2.316330251002694,1000,0.09523426982751548,17.383080198290745,5.6123276480344035,0.6099110230966385,-0.9606003145850139,1.429740176324512,-1.100191335441896,1.290659875096927,1000
120,0.6239198666350045,25.155777498279893,5.438479663028807,0.4113320683817482,-0.09353825100138109,1.5913379068430404,-0.18229098739322191,1.430130720663231,1000,0.3008634343487895,13.202511913141725,6.651672295280617,0.6947524438000884,-0.9568617925589658,1.804590743437553,-1.0608513554993837,1.6625782241969627,1000
121,1.720499759765149,29.93828821656742,3.5450925503534205,1.0386099234439354,-0.7688489292520037,3.518980311282623,-0.3151756901849645,3.7561752097152628,1000,1.9975517209977767,21.946067336959764,4.049240012958099,0.5658141810499336,0.9443613786043209,3.12251477848817,0.8885559261399067,3.1065475158556466,1000
122,1.0779485635157369,43.942631106469584,2.3597160064878437,0.3823956096161477,0.4000266084057426,1.9247830673371629,0.3284531686680874,1.8274439583633864,1000,0.8070606650226773,21.23418343534519,4.225107593685692,0.6477236466393028,-0.37962965149439737,2.2051554366515793,-0.46247768239035625,2.076599012435711,1000
123,2.1953309016852125,24.2997921174815,5.05040354492103,0.44894462953896946,1.3523943412679291,3.2139009048482583,1.3153994277888323,3.075262375581593,1000,1.7570071982923956,14.951280368286033,9.81237883212725,0.5511675029818596,0.9274286244176297,3.2103316769973556,0.6767188924479508,2.8372955041368404,1000
124,1.2777387187198577,25.342190329405877,4.594488684303951,0.5074279901274921,0.2798880575438588,2.3423741782017027,0.28317985806997326,2.272297579369742,1000,0.9361153161355791,20.964641436892695,3.9353456586769706,0.6285761933496589,-0.35960226952579005,2.007216801701756,-0.2958940228297522,2.16812465510091,1000
125,2.370884781596484,8.352962172230836,23.064300732753363,0.8765310854127271,1.1317231720211705,4.854371441811688,0.6528838541875392,4.088885709005429,1000,0.7294187360635971,19.998181122454547,4.228778302774706,0.37048607805648703,-0.025074035139499504,1.4761041509530537,0.0032660230728824846,1.4555714490543117,1000
126,1.3412236091221101,26.63086173562181,6.064020643102217,0.4279610668853368,0.6941537308433481,2.3417935442733895,0.50241991802685,2.18002730021737,1000,0.581279911210733,19.97368811362811,5.091441243902248,0.5218053140742405,-0.40503686390153887,1.6610082534062998,-0.4414585043747783,1.6040183267962442,1000
127,1.3782755552670867,32.280434528231865,3.772158774481207,0.515700049550913,0.5605778422306558,2.5793392561350075,0.36750345814729735,2.3890476523868758,1000,1.2467587871833772,19.732375362402642,4.641597110293446,0.3823203769968199,0.5428829421643943,2.0674888143392467,0.49741084826961013,1.9961067260971443,1000
128,2.3918405281439883,17.63889746052503,11.348739724239403,0.9701093564594137,1.0070496386807868,5.1054318850815195,0.49042618948353756,4.293254866804439,1000,0.8987476347534553,23.60303743646782,3.4450749690898492,0.3959726566804403,0.2085485226585146,1.7907409956267573,0.12264122765979235,1.6748540418471183,1000
129,1.3153683844194528,40.72974776881603,2.6894731985924056,0.3436830724559152,0.6623146406447585,2.0301618807072295,0.6417495624058591,1.9889872064330465,1000,0.36159966076266503,11.518691445179263,13.542423973840075,0.625199100546229,-0.6113905216808149,1.805491424407859,-0.8637905763079436,1.5869898978332737,1000
130,1.6732091183662718,26.477830076020407,6.329226546687341,0.3473064376993697,1.0858334358429913,2.467405809793668,0.9924885004755073,2.3539297362570366,1000,1.3832621276655592,23.440544781457692,5.346826546814549,0.8251529681300398,-0.19315642193765206,3.053283473318372,-0.23403768986931883,3.0005619452004373,1000
131,1.666302918693985,31.1720627906701,4.248120619901952,0.7808828784201735,0.7319864365158687,3.868309356957143,0.13577247699044515,3.196833360397525,1000,-0.05899176634166814,17.079311178228178,4.5117228376603125,0.7763391812108003,-1.4838992928601225,1.826487963412598,-1.5806165615148366,1.4626330288315004,1000
132,1.3117695249735501,38.93959526857694,2.843704283801346,0.41719285485054697,0.5970476333731115,2.254948692699912,0.49407152946647814,2.129467520480622,1000,0.7337394992753525,18.77896513498787,4.357292981013466,0.5163929620944018,-0.2986115965582191,1.7060499703864893,-0.2783907064296749,1.74586970498038,1000
133,2.1920280083144164,29.6134693372958,3.9514285386233805,0.7468747511336008,1.0420609917320847,4.145002161435871,0.7281534960925589,3.655902520536274,1000,1.2389335916173807,16.296811404996774,5.984700010058823,0.5509782389740839,0.18181323310502645,2.300962494654299,0.1590162432281763,2.318850940006585,1000
134,1.2140172218762237,31.169271006348314,4.138491467673407,0.323033548771873,0.5614641968233188,1.8498500195810554,0.5808714662833526,1.847162977469095,1000,1.6728381285234728,24.390655825312727,3.59814342575738,0.36956505984906485,1.0019940251519992,2.4403643464588307,0.9484906112193057,2.3971856458276397,1000
135,0.6762687108410605,12.433305025786156,12.448116015153188,1.2572562638874218,-1.579946151850593,3.0470300742276595,-1.7879535663782864,3.1404909880604075,1000,1.8378502622549242,20.31685028513217,3.8635699256764897,0.7466328044909355,0.48499102495745056,3.3526323838425323,0.3744499654526907,3.3012505590571575,1000
136,0.6382195986177819,23.856480514708515,5.851694087699875,0.5382988829296962,-0.5758856331165185,1.5619774301947817,-0.4168462119244227,1.6932854091599865,1000,0.8692547737386809,24.371897420062158,3.9697355040323665,0.45342509963821465,0.04865513412518662,1.8128459765080875,-0.019458421552219773,1.7579679690295815,1000
137,0.45786685066167454,11.491146709328083,15.677084256851897,0.7329369555843037,-0.8172900389045699,2.3898431728192526,-0.9786895822835606,1.8944232836069097,1000,0.4290968873323502,11.098314917662805,11.330400626844241,0.6217865499679612,-0.704184032869047,1.856692459482062,-0.7896047506048538,1.6477985252695542,1000
138,1.7620457526680735,40.33764275285343,2.51742448254394,0.44883943207390575,0.8829700474325433,2.675492015554179,0.8823204658032182,2.641771039532929,1000,1.1495360337605969,24.84631703228436,3.857461029012648,0.6267662327535318,-0.6109359180333689,1.902277891130548,-0.07892578243632542,2.377997849957519,1000
139,2.2082614846642175,17.18631394433617,11.028650812440999,0.4287243503874767,1.43081476549868,3.0671804173324104,1.3679617579047632,3.0485612114236718,1000,1.0705630379494306,14.214230643251438,5.706847318405846,0.7329908552904044,-0.37482960115695474,2.516408315908631,-0.366099038419762,2.507225114318623,1000
140,1.3594097092954023,33.674443217511254,3.2998433805794294,0.2575700490946077,0.8638515088708607,1.8590960916061092,0.8545724130699712,1.8642470055208333,1000,1.3109959096209933,34.62494782599754,2.2632146243897795,0.6640094588645357,0.5610946742672328,2.8454628508802395,0.009537370246503363,2.612454448995483,1000
141,1.9866851523081936,16.21735159023089,8.687256000797044,0.9536467893889599,0.4116004875845301,4.222646411037968,0.11753744510583242,3.8558328595105547,1000,0.5489307404035544,19.953708647973684,4.530183873619155,0.7268155822055865,-0.911206492405309,2.01755728778719,-0.8756278007193952,1.973489281526504,1000
142,0.961712070992037,34.428731242895736,3.005335806401248,0.42591455136850975,0.1885871276007916,1.9329719213280214,0.126919550309758,1.796504591674316,1000,0.8763865069027394,23.6235567818827,3.4366130996862907,0.40090257141717517,0.1346711375796585,1.718361240979139,0.0906174669250761,1.6621555468804028,1000
143,2.0945382163381794,17.204424242629855,10.377367049004539,0.628224562340628,0.9326539303286103,3.501883770227923,0.8632180741505486,3.32585835852581,1000,0.8840953062993648,15.753941394976398,6.489376136874868,0.36763651121632446,0.18312807074730583,1.6063149033934085,0.16352774431536887,1.6046628682833608,1000
144,1.5995530345988653,21.65902844618678,5.78557816819396,0.6615412799673714,0.5780862692433493,3.2437037646422415,0.30293212586281726,2.8961739433349134,1000,1.1769792581527638,23.244954266466085,4.349571185550833,0.5108337098239168,0.2578556241966576,2.1774836105618793,0.17574518689788676,2.178213329407641,1000
145,1.0619582643623735,37.74200989408244,2.9107123575967577,0.33051118814260094,0.42670107124665846,1.7482178528430732,0.4141563356028757,1.7097601931218713,1000,0.7443411869912238,25.648203751816833,3.3970875012668964,0.520507641601641,-0.0826298133331003,1.8819819499986277,-0.27585379054799253,1.76453616453044,1000
146,1.5654673795782592,23.01182337486027,4.9651763916358345,0.41879454445966735,0.8400185900852289,2.494324042389699,0.7446300724373112,2.3863046867192073,1000,0.6845651405604567,17.73201548867035,4.579144128071797,0.4399751176462198,-0.16716235355419903,1.5266638973133733,-0.1777860900261341,1.5469163711470475,1000
147,-0.32258017146614515,27.840144030833894,4.382563187683674,0.7666657151943217,-1.7929978666529873,1.0835252788107952,-1.8252449732470157,1.1800846303147254,1000,0.38373913704816376,19.127667948334892,4.936113608340792,0.572317992362265,-0.6839290504336332,1.562374030916396,-0.7380041279818756,1.5054824020782032,1000
148,0.3054517146812983,3.545453108735089,50.61879733995694,1.540410591682925,-1.0465550738995104,4.873523313605769,-2.7137530450172345,3.324656474379831,1000,1.1268693387516637,21.144797418019863,4.850164527001946,0.49011964127178426,0.16372524244031142,2.104139453036756,0.16623484185896664,2.0875038356443607,1000
149,1.3005827749900916,17.12550858373351,11.220915889040912,0.9631026888318084,-0.36527625044816564,3.606390329780278,-0.5870984951202529,3.188264045100436,1000,1.263563973152536,17.416800880930204,5.692068854541049,0.4868117262445581,0.17640219585209604,2.135964129873668,0.3094129897132023,2.2177149565918697,1000
150,1.1468014505833573,45.94289144752125,2.0045968658298294,0.5112892869280646,0.4215882250234009,2.408949589163872,0.1446744482043505,2.1489284529623642,1000,1.278782828014715,18.504608118118252,4.8255734890825455,0.42758783850596765,0.4199658958384348,2.0894259844340333,0.44071066454301855,2.1168549914864117,1000
151,-0.2962773885352856,12.19543511736359,15.447761820914433,1.6025921461213384,-3.395474041841776,2.44812506547475,-3.437357994933109,2.8448032178625375,1000,0.9264553571218719,15.396271425802485,6.120792106981007,0.6504624617522469,-0.3395184690929767,2.307382368501117,-0.3484510679125319,2.2013617821562756,1000
152,1.3472480526595079,36.12021695757104,3.4460375787087294,0.3585535973034702,0.683059194468166,2.1483891196374025,0.6444830019447063,2.0500131033743094,1000,1.2221895642574672,25.319110071808744,5.01135281279803,0.6522944356387205,-0.30280292657472235,2.5149406454443617,-0.056307529594424865,2.500686658109359,1000
153,0.9919493047090047,27.94157711138255,5.187644621863455,0.49094851928264854,0.050817571895294095,1.9804608224656712,0.02969020691501356,1.9542084025029958,1000,0.7207015954831495,16.802312044196004,4.7412156132220185,0.3648652043504984,-0.026176443298410595,1.3772187867039622,0.005565794956172598,1.4358373960101263,1000
154,1.163256639420427,22.889894376672398,5.7672868272185855,0.42875123760277717,0.38700562385453396,2.131588026075599,0.3229042137189837,2.00360906512187,1000,1.244297582022429,19.021165688043368,6.207657127750457,0.5663332317607677,0.19203823851502774,2.435977944354304,0.1342844477713243,2.3543107162735337,1000
155,0.923068220944383,40.258623876499364,2.1156606437554992,0.4273540607136874,0.056992913816118616,1.8151406756061252,0.08545426194555572,1.7606821799432102,1000,1.0234862995532295,22.913550783481053,4.913093616971829,0.4592076807774655,0.26547241202998295,2.071663315136386,0.12343924522939709,1.9235333538770618,1000
156,1.483579235227268,27.748106300201883,4.606186178942133,0.3637651161306936,0.8125938798552489,2.2583644936339367,0.7705996076111086,2.1965588628434274,1000,0.8412853550769079,18.015415446708733,5.013334750977317,0.514711371471926,-0.26640536344017673,1.8238433652840047,-0.16754893300806706,1.850119643161883,1000
157,1.583748475645189,31.2129836459872,4.012619873937343,0.4126110152187526,0.807803113196359,2.4186911588367628,0.7750308858164339,2.3924660654739442,1000,1.6992756375373392,14.536957926170128,4.86625768628474,0.9898998730426597,-0.5970964177790298,3.190808219841408,-0.24092811362627375,3.639479388700952,1000
158,1.6185761053488732,31.999865236439955,3.308809773245569,0.35546035746923715,0.951536290203428,2.3221814460241306,0.9218738047091684,2.315278405988578,1000,0.5543928377720562,21.058391285722276,6.621138525007871,0.6816210491845217,-0.8028766834267466,1.873980828385199,-0.7815844186296064,1.8903700941737187,1000
159,1.5695676941230077,37.88232526766835,3.6490590503837805,0.466930248344942,0.6637308901246547,2.5014296390827613,0.6543844073669214,2.484750980879094,1000,1.2181142645486696,20.085465912608317,4.380046130049939,0.44239622195052736,0.4273454104759705,2.158891639475588,0.35101766952563596,2.085210859571703,1000
160,1.6058340787308771,14.03103045867444,12.434792397786405,0.44287446735809105,0.7013003463784256,2.525078265300065,0.7378001227090187,2.4738680347527353,1000,0.8772170692366807,18.194964504344902,5.294217869555199,0.49522094172225156,-0.07287720868685825,1.838472976292615,-0.0934159765389323,1.8478501150122937,1000
161,1.5443077737286615,42.26964037557659,2.002576979048594,0.3300851292801169,0.9267135127741741,2.251663687051478,0.8973409203396323,2.1912746271176906,1000,0.8253229700936626,30.698884346862272,3.2154928266187386,0.38383807131802455,0.11223119924360317,1.6580003071515608,0.07300035031033447,1.5776455898769908,1000
162,0.6880761286445662,24.28819171415745,6.606919916190895,0.3870002155006803,-0.13815040696380357,1.4092119258913267,-0.0704442937367672,1.4465965510258996,1000,1.0115564223822928,25.994699942947687,3.029373552672041,0.41313885792152744,0.26649708075656064,1.885863850608157,0.20180426085609904,1.8213085839084866,1000
163,1.211156768283617,32.680117127187486,4.0648156857424995,0.3810991275740938,0.47393687681801605,1.98575668133123,0.4642024782383932,1.958111058328841,1000,1.2321606907467437,16.651544414855348,7.040024513182364,0.6215436719727571,0.07825357516862375,2.6029113128126347,0.013935093680139898,2.4503862878133473,1000
164,1.6358588993936345,35.88201963078043,3.2261753875116193,0.39220823945615296,0.9794271350456781,2.5110609066835505,0.8671307500595747,2.404587048727694,1000,1.3018537530035066,24.17203596087548,3.523500330148434,0.37587770819701105,0.5776114831040825,2.062267704138978,0.565133444937365,2.038574061069648,1000
165,0.6573818687583488,16.90913284555981,11.482653466992378,0.6559343679607819,-0.7394377551199657,1.9336821473648846,-0.6282494924447837,1.9430132299614813,1000,0.6440937033696068,16.79035223254208,6.731501461208217,0.4305213322897342,-0.12950992740006473,1.6287512167169687,-0.19972810791827222,1.4879155146574858,1000
166,1.552677287684479,43.47884421370897,2.469711829877147,0.4150910439329192,0.8590002869359689,2.40474899333913,0.7390988415759574,2.3662557337930004,1000,1.1159518436863443,27.24106943342164,3.3430333620950092,0.4831786137980148,0.10431073895960807,1.9710168925744893,0.1689217606422353,2.062981926730453,1000
167,1.8520027421022338,27.54298656942937,3.782894410328488,0.541540411093865,0.8518688254792471,2.982532151051722,0.7905835363582585,2.913421947846209,1000,-0.2612498735580746,8.624751794393733,17.083613381573738,1.2258629115774249,-2.860641205993398,2.277923495232885,-2.6639411802498274,2.141441433133678,1000
168,1.2581968779611052,28.201923407137812,6.502628438802279,0.3060973170770184,0.6518546252010164,1.8501659747543984,0.6582461364901492,1.8581476194320614,1000,0.47571339076153185,23.629920068021043,6.068641460909487,0.6082648717472401,-0.672578652116734,1.7687196870232098,-0.7164857578630588,1.6679125393861225,1000
169,1.5110086775657159,38.22112899007723,3.094196758562744,0.4065920544233997,0.7051641379195303,2.27348852111829,0.7140882508958525,2.3079291042355794,1000,1.7653035198227875,23.785716875177716,3.4580311667282824,0.4080824044997169,0.9867203518204479,2.5330260443058985,0.9654620070033425,2.5651450326422327,1000
170,0.8333350577252503,36.73445800048595,3.966002093595062,0.28034822658310865,0.2440318281771053,1.3573753820915702,0.2838525336223573,1.3828175818281432,1000,0.8595970320830202,33.249207774421144,2.3092381526872288,0.40667948910438106,-0.13392145516124732,1.4444976354787715,0.06250523343843328,1.656688830727607,1000
171,1.337354001993821,14.164881111901158,11.370279488239081,0.9984630264191278,0.11270726240422663,4.103700019275603,-0.6196335297876694,3.2943415337753112,1000,0.6270028266979981,12.400783528375293,8.098249631642647,0.6070072077271806,-0.32119774722259237,1.9741695295394006,-0.5627313004472758,1.816736953843272,1000
172,1.450771107708384,11.019047128246877,11.63985728831354,0.8621147436738715,-0.26931413438253193,3.0632230510335727,-0.23897378989240425,3.1405160053091725,1000,1.0114551666029752,10.29380618868392,10.767565447134864,0.4875265034406976,0.23488303854506304,2.230448808379754,0.055903219859207876,1.9670071133467424,1000
173,1.1841278608272767,33.54731184794943,3.4627162795181126,0.3710910066566824,0.520404254260664,2.0566963598055854,0.45678948778017925,1.9114662338743742,1000,0.9518360305980686,24.88460586977233,4.05791025032979,0.4415471101559011,0.03255198787872479,1.7814370706648819,0.08640369469250253,1.8172683665036349,1000
174,0.42286910724491555,39.31493464348487,2.7790789302874708,0.6591016981441139,-1.1278356596723564,1.263272309333661,-0.8689702211175476,1.7147084356073787,1000,0.29682633675057035,14.152763630411668,6.50276976456572,0.5258579829348186,-0.7288583711339456,1.236402072305279,-0.733855309801674,1.3275079833028147,1000
175,1.5395836408638797,23.980804161376128,5.511594405194783,0.41019641436541476,0.7782778673748697,2.413582635310916,0.7355986687076668,2.343568613020093,1000,1.643047576247778,12.405686977964564,10.688628027558043,0.4283484410396496,0.9965753919406606,2.6558381577759196,0.8034846318100649,2.4826105206854914,1000
176,1.8750666972355572,39.035761551600324,3.2195865510327337,0.40599622409062674,1.1299817677926955,2.7309159087343273,1.0793140980179288,2.6708192964531854,1000,2.1487340494545473,25.234922800128874,3.778089526866577,0.5931863960508008,1.0995197993145702,3.371746313275385,0.9860887131949776,3.311379385714117,1000
177,0.8838480583229522,25.58918281991758,5.6800813233397465,0.36980477057766725,0.20624308762051843,1.67129763185261,0.15903070799072438,1.6086654086551802,1000,1.098988642764062,23.28001464991471,3.789602100351658,0.3426197519058241,0.46582529072792866,1.8209763028657835,0.42745392902864676,1.7705233564994773,1000
178,2.1734084572817673,22.86677169388469,5.823335883804039,0.6572051992728993,0.944837576511405,3.588292447718171,0.8852862667068846,3.46153064785665,1000,1.6303776945995985,17.524549560955492,5.820956433340749,0.46879867552892274,0.6561405709602818,2.538823780869918,0.7115322905629099,2.549223098636287,1000
179,1.7650443531375757,21.929664338996503,5.622564653445814,0.5639376694820513,0.7355257275246362,2.94820676290602,0.6597265209527552,2.870362185322396,1000,1.4548954280246005,12.275690697130335,8.096325339771436,0.5866591540171968,0.4021925280602471,2.746476489330555,0.3050434861508948,2.6047473698983064,1000
180,1.1674651505615077,36.166237261060814,2.9723400871875416,0.2843284625826239,0.6226491444944063,1.777089575592855,0.6101813638995649,1.7247489372234504,1000,1.3531656646702568,22.417732810053298,3.620608708325711,0.433229488394833,0.5688424893801506,2.2743547498989978,0.5040358674163842,2.2022954619241295,1000
181,0.724796477072787,41.669997144201325,2.303003968431016,0.6021635061655893,-0.4663216716620573,1.8452462121454376,-0.45544399501176813,1.9050369491573422,1000,1.1099378577345254,22.16784961359023,4.151606600624327,0.5419768490358255,0.14681719063334464,2.1473853319994527,0.047663233624307244,2.1722124818447437,1000
182,1.6316029709235822,20.2628097398442,6.382886097105011,0.7343500484546116,0.002423485664874194,2.997168189808724,0.1922768759525435,3.070929065894621,1000,0.9481274687240759,21.057428302680226,3.6638216147954727,0.8884347533878879,-1.5120082677708409,2.0198999580150674,-0.7932046479161843,2.689459585364336,1000
183,1.086354638224572,24.330022924397397,5.688309059758771,0.5951986794901143,0.16232989666204836,2.5924439016341045,-0.08023477357605202,2.252944050025196,1000,1.2682147338609377,11.374986320412793,7.979695966760866,0.5126407388738634,0.3847958568847445,2.3523601016417546,0.26343888566816553,2.27299058205371,1000
184,2.26453244980926,9.250138034437363,20.076765693127477,1.00453531964517,-0.013841242385762927,4.153977511578824,0.2956432233047268,4.233421676313793,1000,0.17270189142266634,14.538356028159075,9.647784735121112,0.6132212071041442,-0.8554242948147106,1.692169137558189,-1.0292116745014563,1.374615457346789,1000
185,0.8826849075519201,39.35200215639778,3.9619831583071607,0.40106950735909797,0.15154431449390457,1.7287757386597427,0.09658867312808805,1.6687811419757521,1000,1.15956873348023,26.09181364526816,3.7206350197128693,0.4844891997275449,0.3118850228912463,2.2630128611150138,0.20996990201424204,2.109167564946218,1000
186,0.6520996365469198,21.135870527120478,6.2880834126066585,0.47686302242379675,-0.27799121439678626,1.6184408488861628,-0.2825518874037217,1.5867511604975615,1000,0.8218991085082448,19.025846829167307,5.844125979021105,0.6840217631660807,-0.35030987511392986,2.407718409820375,-0.5187835472972733,2.162581764313763,1000
187,0.8968208296723983,31.772081484281067,3.390393947999996,0.4535318765433548,0.04291589814216505,1.8139336495904546,0.007898351647422919,1.7857433076973737,1000,0.7909274323227962,31.403250426693596,2.8573542349371808,0.3892783592000962,0.05616692085466206,1.548222266464217,0.02794184829060764,1.5539130163549846,1000
188,0.877739677024856,26.962014782302386,5.983335848480194,0.6206369227962583,-0.20425388313472528,2.236256175332036,-0.3387086916558102,2.094188045705522,1000,1.1295737851295282,16.391245104676376,5.124333711295677,0.5896006379406435,-0.03401126002283863,2.240447166933876,-0.026043465234133034,2.2851910354931895,1000
189,1.471989180737709,34.971062686258364,3.3524872188727457,0.4336373084068189,0.7433336568279963,2.391545903529615,0.622060056260344,2.321918305215074,1000,0.4691297485384207,22.313604952577226,6.877973140427121,0.5545278263751124,-0.7272368018097379,1.5640493659514552,-0.6177447911567997,1.5560042882336411,1000
190,1.5461700373099552,21.59540295507012,6.617733715607761,0.45237326284254287,0.712631652406702,2.4915674335163733,0.6595184421385711,2.432821632481339,1000,1.1544104920520946,18.53847593397861,4.736211103692884,0.44493700917154,0.3353337079451836,2.059226603869773,0.28233395407587614,2.026487030028313,1000
191,1.2196532023100546,35.119658654856494,3.673910349065724,0.3397807494054365,0.5442573430556303,1.9087541294540749,0.553682933475399,1.8856234711447102,1000,0.916938442960574,22.809660292633602,4.115854546984338,0.45785745907725395,0.06912784502732339,1.9065758017017664,0.01953782316915631,1.8143390627519917,1000
192,1.1291999305751121,42.06433722893018,2.1778094846971983,0.3581245858587459,0.4082128908616047,1.8017587498251728,0.4272757422919702,1.831124118858254,1000,1.0450986301053897,27.28834543761832,2.6261380162427472,0.4936347797744223,0.043679109969088456,1.9289271983470162,0.07757446174752203,2.0126227984632576,1000
193,1.7807763182293281,23.765139921563293,5.286857657730542,0.6542232956190622,0.8969881544122018,3.3820572592054985,0.4984986588159661,3.0630539776426904,1000,0.5957387479245608,16.756178313395647,5.488853718548663,0.5689897029280019,-0.349261778135027,1.902275550204879,-0.5194810698143228,1.7109585656634445,1000
194,0.999288157651403,36.48701963930065,3.135579077068246,0.24518796953341745,0.6213426525125656,1.5281487994332965,0.5187197373659048,1.4798565779369013,1000,0.9190430115446442,29.254302953029494,3.571902381941647,0.38257235615220103,0.2754209220480156,1.806533456694031,0.16920119348633023,1.6688848296029581,1000
195,1.5080789614452024,4.56669021061443,41.955225570716,0.6363168964544716,0.05190618996714962,2.5292894879590797,0.26089784439443786,2.755260078495967,1000,0.13232538739031297,11.910409312358562,7.643732643218271,0.4880537148428144,-0.8463973388463643,1.0161838768540041,-0.8242598937016032,1.0889106684822292,1000
196,1.1944442840902911,41.343939014313406,2.348401892352841,0.38369466560589033,0.44932069616975584,1.9647798045974048,0.4424027395027461,1.9464858286778361,1000,0.49273074803873085,27.03010546885951,3.395763379285823,0.4137828032915129,-0.3610031846106992,1.2891524685711713,-0.31828354641263445,1.303745042490096,1000
197,1.578929820175444,24.323704264228706,5.734100162760949,0.6759498604825198,0.33511618844126867,2.890291974105425,0.2540680936297053,2.903791546721183,1000,0.697305397579087,15.18619068851718,9.57159675670236,0.9900914070994206,-1.9687559954177367,2.260122651981446,-1.2432737603357773,2.6378845554939514,1000
198,1.4537194140676168,26.26210455256471,6.943625935806444,0.7285371549312598,0.27412389551434097,3.2930537445077146,0.025786590402347542,2.881652237732886,1000,0.5666803429647875,24.264038823466556,3.484385319828257,0.4204971656285286,-0.23211494609345934,1.3727772454925882,-0.2574941016671286,1.3908547875967037,1000
199,1.3493626798067533,29.994705994037723,4.1394465881228655,0.5198903408020096,0.4330170050057042,2.539548205078016,0.3303776118348145,2.3683477477786923,1000,0.45442722674068703,12.161363167667115,9.919237264316648,0.9619904002876115,-1.2949109145051283,2.7108563127137297,-1.4310739578230316,2.3399284113044057,1000
200,2.854110686919979,15.32922327463309,7.184284438406665,0.8906791234155086,1.2620140884094027,4.975223405453514,1.1083796050255823,4.599841768814375,1000,1.9911223661423605,9.113487138456673,12.7296241684115,0.5959094697051422,0.8824497856846967,3.3279785862269335,0.8231398055202817,3.1591049267644395,1000
201,0.5501197346622089,15.40246114400793,10.070560131631145,0.8968836762374285,-1.1841484710862316,2.1053944354391643,-1.2077722707631509,2.3080117400875686,1000,-0.02381343733115493,9.100889145777963,10.900756675414273,0.7692283372102376,-1.2797690045632544,1.7334196398662363,-1.5315009782632207,1.4838741036009109,1000
202,1.269067666078197,42.58872462745046,2.649815858606611,0.40444392934978085,0.6003419369239338,2.242152248782771,0.47635756455262657,2.0617777676037674,1000,1.0634567911437691,16.9549488832107,6.460361399712978,0.504889806197749,0.1147471435756755,2.1160945096047574,0.07387277099618106,2.053040811291357,1000
203,1.234396025555545,29.878680721791312,3.950104515541144,0.468728378687751,0.31509853207961325,2.126474018752031,0.3156884033275531,2.153103647783537,1000,0.900728619204997,26.356847410491458,3.306253989126103,0.553296681679506,-0.38901127089060905,1.7476600067792407,-0.1837328768868347,1.9851901152968288,1000
204,1.1220034940644696,17.551648000209514,7.871130276738901,0.8775899855951838,-0.5849063893458315,2.926292390798125,-0.5980728777020905,2.84207986583103,1000,1.317871163918527,22.68987814689437,3.511898870537454,0.7322177536091807,-0.5009728542779424,2.274306374383081,-0.11727563315546718,2.753017960992521,1000
205,1.3201514048508427,19.40812580654004,8.722421255260175,0.5971890619848483,0.5013160342879116,2.7620943985194844,0.14966084336053997,2.4906419663411454,1000,0.39821884058074497,18.91930239863439,4.279819698328063,0.362404714482458,-0.27107275936131303,1.2277731784000285,-0.31209439980487264,1.1085320809663626,1000
206,1.452239473073264,36.50127486693326,3.270980385635868,0.3576256820223483,0.8165706325586068,2.197194667426921,0.7512931363094613,2.1531858098370664,1000,1.1319571927349223,30.34239848370246,2.2971178192303516,0.42945113605039414,0.19442762480769485,1.9002957606345876,0.2902329660761498,1.973681419393695,1000
207,1.2421242347944732,34.3839753132008,3.7750878664351712,0.2736129958893245,0.7318588154329718,1.7980843316866686,0.7058427628513972,1.7784057067375492,1000,0.8819620257844734,31.532053952462,3.047495373139893,0.4083494060498357,0.22082696741527585,1.7542172957843112,0.08159718992679532,1.6823268616421514,1000
208,1.4761584468944815,36.45060512242439,2.6401826034933107,0.5499221557143953,0.4542890938050898,2.723724964397153,0.3983110216942667,2.554005872094696,1000,1.2123356922382593,27.69511756532374,3.000738663844454,0.40355019153542,0.27111553216482326,1.853340045331929,0.42137731682883617,2.0032940676476825,1000
209,2.2090406926598614,20.28945223244017,6.6176923450044285,0.5092079133368748,1.3606863844532942,3.3946329463916487,1.2109931825195868,3.207088202800136,1000,1.371084924633761,19.200372857828928,6.368150389600357,0.6927176204862585,0.025806645329703327,2.7690243099372274,0.013358388480694483,2.7288114607868277,1000
210,1.6376538284854811,46.5442662278541,1.8202224001170908,0.38889475284824837,1.0572117612706489,2.52903706684136,0.8754201129029143,2.399887544068048,1000,1.0075264569080433,20.709747045282572,4.814813019198302,0.907978196005705,-1.2069441079407124,2.439889996872012,-0.7721108072631384,2.7871637210792253,1000
211,0.9762032129406717,35.1880298011579,4.687861752098171,0.5082258456081375,-0.1307795197836111,1.883846471804537,-0.019919444451277912,1.9723258703326212,1000,1.0793275788217334,25.949083274592123,2.9608656709309797,0.3016560882030354,0.5442130956471869,1.7332713238543789,0.488081645943784,1.6705735116996827,1000
212,1.400718379491765,25.038659301365595,4.551026094639159,0.4606378491979284,0.5951374255809421,2.4037487147980388,0.4978681950638254,2.3035685639197045,1000,0.9954142382341122,17.38552249146117,5.725932427161355,0.4502716135133508,0.1755049920578829,2.064797211638232,0.11288187574794462,1.8779466007202799,1000
213,1.486670458448644,33.04235979426189,3.4465198493511617,0.6917424898187746,0.128360734614906,3.0244935618609636,0.13085517840384586,2.8424857384934423,1000,1.2256511582593859,20.990055411951456,3.872134015964071,0.43289024934564946,0.3802046164808422,2.04502971768723,0.3771862695419129,2.074116046976859,1000
214,0.6855732150340161,32.37821959696801,3.8001922643216086,0.4099284314271374,-0.17960071948315293,1.4229410379790315,-0.11788651056317323,1.4890329406312055,1000,1.4634046187118859,17.192141702948064,4.929413837075046,0.35433266695397275,0.7991132536472562,2.148163715368685,0.7689125914820993,2.1578966459416726,1000
215,1.2038610077171072,32.80339532292118,4.1357290652541066,0.7267718584793956,-0.33688108738746725,2.3132211378963805,-0.22061183490250813,2.6283338503367224,1000,1.49616251931296,14.60171571801129,6.868253553117295,0.4553984794125669,0.6349058107023354,2.4226242583483755,0.6035814996643288,2.388743538961591,1000
216,1.1805233435528297,23.61039334078445,6.427309501399265,0.5101668110907964,0.11351442345114553,2.1996638630172174,0.1805963938148688,2.1804502932907908,1000,1.1375839964569874,25.131978718779422,4.543509419368212,0.41959404125877325,0.1995745481428265,1.899789987849879,0.31517967558979176,1.959988317324183,1000
217,1.589503969281138,19.45680434854216,6.705490897677623,0.7615277109754736,0.4430135736224702,3.438416479408535,0.09690965576920973,3.082098282793066,1000,0.241653788667461,7.907800153047283,17.339114350814775,0.9438102529530393,-1.484863787379571,2.3850018106350315,-1.608214307120496,2.091521884455418,1000
218,1.8191492738033288,26.990624600190873,5.815262929609203,0.3821373876735654,1.1095419396948842,2.607458835464053,1.0701599939631405,2.568138553643517,1000,1.7113815630120208,20.553597586943233,3.5886008137697405,0.5893053626000004,0.5230913462969048,2.8644563527906093,0.55634305231602,2.8664200737080217,1000
219,0.8255793837547558,41.81010611296767,2.181994723779047,0.45346908105373357,-0.08130189390477524,1.644184370350246,-0.06322001511056197,1.7143787826200736,1000,0.6434868345774984,16.779217088570206,4.891040250482121,0.4443915146040985,-0.27244026870052235,1.4381535910987289,-0.2275205340465346,1.5144942032015316,1000
220,1.7076563921145076,22.66382231754972,5.838841072407755,0.4526157308851494,0.969363402731708,2.721690699723991,0.8205295595796148,2.5947832246494005,1000,1.2852400570540015,15.251878001090086,5.430435982482478,0.5445280784926009,0.3691191122998064,2.5289896128749727,0.21796502320850375,2.352515090899499,1000
221,2.0026849870904164,33.44907624064675,3.781411815582395,0.7002407127935139,0.9794889854826158,3.68011500541916,0.6302131900151293,3.3751567841657035,1000,0.5080901654363208,21.40993472811714,3.834844261497069,0.5378276580258111,-0.7434067628883326,1.3943481837051297,-0.5460520442942689,1.5622323751669105,1000
222,1.0864654252059673,34.25929859209465,3.2000287528919498,0.47692320144886075,0.21610494263003693,2.1087184319401993,0.15169595036620032,2.0212349000457346,1000,0.8835623817573444,16.108599799482807,6.2548229583353345,0.40114498262296633,0.2447483389963337,1.747887446470081,0.09731821581633038,1.6698065476983583,1000
223,1.939755704856871,20.59645967974953,9.284077417418581,0.842670009583385,0.6103667725692925,3.961089031765501,0.2881224860734364,3.591388923640306,1000,0.7991469970080189,23.443483058885484,4.36656478712158,0.4380629618679293,-0.0799688064489863,1.6588192362206298,-0.059456408253122484,1.6577504022691603,1000
224,1.9210696013369832,32.5610587036772,4.832534973227028,0.47091086105704655,1.179057693970527,3.033001077627178,0.998084313665172,2.8440548890087944,1000,1.1336767168733608,26.68814089364999,2.902063218893086,0.4274224113922894,0.3063429056680257,1.97618344451289,0.2959287905444735,1.9714246432022482,1000
225,0.776963008504707,22.204764151507643,5.601777995401777,0.5431534478994857,-0.299732286483469,1.8648204788661258,-0.287617749378285,1.841543766387699,1000,0.7113257044996009,20.8309942593674,4.360368207532696,0.4283583783215027,-0.08823308847462923,1.6371257761557094,-0.12825671701054442,1.5509081260097461,1000
226,2.6190234482878076,16.10476159816795,8.354153580721349,1.5469840038173053,0.7545571047203137,6.849588681996705,-0.41306519919411055,5.651112095769726,1000,1.1999216678018214,16.397708672449212,4.964180526396253,1.037712470720907,-0.6428682143045721,3.6338069510035664,-0.8339947748111565,3.2338381104147995,1000
227,1.0597409188652884,34.60993365333591,4.441330838847177,0.4399358234714217,0.1877969300039564,1.9892059828353967,0.1974667048613019,1.922015132869275,1000,0.49360042850729346,22.363133359368753,3.8101300435409406,0.5240035246749087,-0.5761451239296007,1.5276458443324439,-0.5334464798555276,1.5206473368701146,1000
228,0.8122297398178975,36.497328485868024,3.1609873578447214,0.35099786426111923,-0.014075616653320688,1.4134056050058956,0.12427392586610375,1.500185553769691,1000,1.0681449469653774,25.208798782238777,3.3783789109455977,0.32989470406604626,0.5098504991011851,1.7325849517140357,0.4215513269959268,1.714738566934828,1000
229,1.908757045064989,16.38769513636936,11.074783752977147,0.5982297144748242,0.7993000640228931,3.128415428911338,0.7362268046943337,3.0812872854356446,1000,1.2879802100512046,15.02344222672616,7.123414678319672,0.4081986617238971,0.5385635572412025,2.173927958063221,0.48791083307236616,2.088049587030043,1000
230,1.512943442119195,34.07468794441446,3.8613059807292416,0.35339364034317544,0.9103929006699022,2.291756529120856,0.8202919070465711,2.2055949771918186,1000,0.8433772037872811,29.536761083702576,2.530802096399577,0.33068557779294655,0.0945611525081249,1.44630625059771,0.19523347131310587,1.4915209362614563,1000
231,0.7400862102655139,31.8182668147141,4.114159030188666,0.6172179396530562,-0.19750160014495718,2.4108943481257494,-0.46966095145447606,1.9498333719855039,1000,0.6760975027084203,15.945742463873154,5.403324596444553,0.46214434900666423,-0.39135029590787707,1.4465962866031117,-0.22970542134464156,1.5819004267614822,1000
232,1.3356533359138685,37.89644821046394,2.578900424879686,0.42608594316368503,0.5424261842286087,2.2145116170497294,0.5005248873130458,2.1707817845146913,1000,0.7296371955240981,23.1905112360205,4.658489231985771,0.3965228292463083,-0.014185428247801182,1.5747802949551069,-0.047547549798666044,1.5068219408468622,1000
233,1.264781493927729,25.922162759148463,4.9897152168634165,0.5430155902656454,0.2173969781721171,2.3809590916690215,0.2004709370070641,2.329092050848394,1000,0.7256374752593597,10.263464428798963,11.018432201795681,0.7381146756911207,-0.532641278900003,2.3054386505537283,-0.7210672890952368,2.1723422396139562,1000
234,1.3747264102683694,31.845023623647954,3.560785077719346,0.4059648713794196,0.7089801525503702,2.327174583524839,0.5790352623647069,2.1704175581720317,1000,0.8403319329135255,22.789186662944765,5.278397399302195,0.6040148190113296,-0.1705768665689249,2.1276778011335016,-0.34353711234868056,2.0242009781757315,1000
235,0.7807131667509095,21.39838511009208,6.77377504828898,0.5487447403552791,-0.2645453134924928,1.9468298841028289,-0.29482652434543755,1.8562528578472566,1000,1.035161081677273,26.132302452547382,3.506244855030167,0.5618493056029699,-0.18185893807883555,2.137317931723452,-0.06606355730454805,2.136385720659094,1000
236,1.7517098289652404,25.88992067643339,6.130412589292797,0.661893164828174,0.42660052590201225,3.1006574117275774,0.45439922590201953,3.0490204320284615,1000,1.7295461141241875,18.880039304448115,5.721336731614035,0.5699230006976158,0.6434163376443114,2.9264262293359407,0.6124970327568604,2.8465951954915143,1000
237,1.0678623047956624,18.953435974246766,10.076293703711663,0.4980331807722677,-0.07268582271528515,2.0007283474108757,0.09171727048201761,2.044007339109307,1000,0.84493947732487,21.559629682080676,4.19773252340409,0.4641829209240624,-0.08725408553854543,1.6729409503243617,-0.06485904768629225,1.7547380023360322,1000
238,1.2854197802551122,30.490973973014803,4.172018674830674,0.37629072903457284,0.5677140464303047,2.021143140171745,0.5478899513473494,2.022949609162875,1000,1.0753921670558237,27.710588212174862,2.7579938137081337,0.3815444121874329,0.3024289876551961,1.799987840846652,0.3275651191684553,1.823219214943192,1000
239,1.6555581851944037,24.26781569286795,5.932579700002967,0.6133849834171138,0.6968780427478435,2.940866728442133,0.4533236176968607,2.857792752691947,1000,0.6272623345643513,17.902085695394465,6.829274066891508,0.8140143234080738,-1.3320239709805581,2.0470279168985033,-0.9682057393154733,2.2227304084441757,1000
240,1.63894882074274,23.634321577535555,5.858312811698356,0.46266814799411565,0.8647270212206712,2.679549163785837,0.7321192506742734,2.545778390811207,1000,1.1526887590728858,14.859371538983918,7.831906115380163,0.7294722646178691,-0.10533181532004637,2.788274846959688,-0.27707687957813754,2.582454397723909,1000
241,1.1541840616084946,16.562884794248166,8.778882815927103,0.5318977547000104,-0.04547211690780124,2.0901686504977266,0.1116644623964742,2.196703660820515,1000,0.31197892580533715,15.549908545357669,5.721949699364967,0.5018881828826267,-0.7183111410454466,1.3270080571931222,-0.6717219126446112,1.2956797642552855,1000
242,1.1542595769150203,37.7055112207213,2.929665735321919,0.4687169645015748,0.2681411734853778,2.1791915647989786,0.23557432649193377,2.072944827338107,1000,0.33618664699696765,14.802868809882748,9.914906982797513,0.5055399373072785,-0.45161836507819814,1.5565683097251963,-0.6546716301252983,1.3270449241192335,1000
243,0.7418684973542078,39.67766304324193,3.149848158280272,0.42405421900573637,-0.07626002686333899,1.5505212139809894,-0.08927777189703545,1.573014766605451,1000,1.1201684188652639,35.93191632439791,2.2190503647754465,0.3558880823133914,0.43908463864974895,1.8327086209098145,0.42262777753101666,1.817709060199511,1000
244,0.689501759182714,23.482245344430577,6.752310623778029,0.5892495877080093,-0.3895414694024781,1.9066894306225406,-0.4654274327249843,1.8444309510904122,1000,1.5401565888042545,17.421797157188532,5.025983085129827,0.46590585444423566,0.6781750254197411,2.5294735606565326,0.6269811140935527,2.4533320635149565,1000
245,0.7862765289155178,38.02874794412979,2.78382362233121,0.5581190344592334,-0.35158331918598407,1.9121812511189793,-0.3076367786245797,1.8801898364556153,1000,0.46505933911491004,16.807101280830192,5.745249477491792,0.4704516918030732,-0.4175989518576368,1.4279644462254897,-0.4570259768191135,1.3871446550489335,1000
246,1.6304159773630875,22.592704243876547,6.1507874881031,0.6908354630866503,0.3842018417960586,3.138937064870548,0.27637846971325297,2.984453485012922,1000,0.9768047017418824,18.409362727025645,4.779674089631876,0.5531221353289055,-0.2564616403144108,1.9865985488218363,-0.10731468350277251,2.060924086986537,1000
247,1.284234825705528,24.045742243935667,7.346111389285764,0.4073555401945652,0.494451276807526,2.1195048298489736,0.4858179669241802,2.082651684486876,1000,1.0315899589964783,23.493455188253602,3.4467267303081774,0.3870549407739038,0.2609395667907467,1.8247640687429072,0.2729622750796269,1.7902176429133299,1000
248,0.42302243140959783,23.598156792515738,6.5409497313547105,0.5571137601497419,-0.5915135471296518,1.592389337347153,-0.6689205384838963,1.514965401303092,1000,0.8010818483687103,13.628653037036036,6.706143673828503,0.5243453638470669,-0.13508760162340883,2.0062217011728447,-0.22663506477154072,1.8287987615089614,1000
249,1.5911461250290295,29.03643393854835,4.002289467015993,0.5746185809408849,0.5377459373322385,2.8065216546240586,0.464893706384895,2.717398543673164,1000,0.8209543465257934,21.196497481593006,5.645686239268448,0.4399036185119952,-0.13414383265377325,1.4764722984053524,-0.041256745757717206,1.6831654388093038,1000
250,0.6788038493281077,31.518670324166102,3.10347803776252,0.3497749351105946,-0.05643472095886779,1.3210518969667464,-0.006755023488657752,1.364362722144873,1000,0.7622319518465468,20.657462359177202,3.8286535121584646,0.3445288723465173,0.09541518030221294,1.4161735194434646,0.08695536204737286,1.4375085416457207,1000
251,2.308841169199463,12.207212674190297,12.632281523073503,0.8630015479042265,0.7304401358968435,4.20483135872395,0.6173581353071793,4.000324203091747,1000,1.1156487972553926,21.776767155878275,3.71840252518083,0.49441428243882884,0.1003193561678905,2.001447440732829,0.14659680367528805,2.0847007908354973,1000
252,1.2181169545989063,24.215502266214056,4.748979996265815,0.4832324237632191,0.268725817513736,2.1569560953426983,0.27098140402299686,2.165252505174816,1000,0.4036233802215561,14.4965389216714,9.041972688675337,0.7724481246183942,-1.0331596339123332,2.064132469129588,-1.1103749440304964,1.9176217044736086,1000
253,1.8072704139826132,24.79474747960683,5.769405821941865,0.6298003814517429,0.7672533647991006,3.166917107764709,0.5728616663371973,3.0416791616280294,1000,0.9912896264997455,16.553985458510645,5.171010869301346,0.380000500865231,0.29668249973559596,1.7580564908525182,0.24648864480389276,1.7360906081955982,1000
254,1.9227412003320246,24.149535868444314,4.203210557478264,0.523333575360934,0.9525498482326656,3.0492787903609675,0.8970073926245941,2.948475008039455,1000,1.108741716278554,15.974888157716302,6.01857643317933,0.48583868991386775,0.26056115314000694,2.135177835754806,0.1564978840473732,2.060985548509735,1000
255,1.2803015577216776,27.255566846324555,5.583803919636777,0.5886753348416549,0.4301764219380883,2.708830664067149,0.126497901432034,2.4341052140113213,1000,0.48419847048365483,13.358156812283841,6.911117560071961,0.48905475527817366,-0.3760939112854902,1.5009780553457728,-0.47434884986156556,1.4427457908288752,1000
256,0.5194054515660498,35.01352813217162,2.846836376995791,0.5294713656865657,-0.6534732118964834,1.4501889973291742,-0.5183584251796189,1.5571693283117185,1000,0.8567930895876081,18.76355686620867,6.0447282051996645,0.38599633350830737,0.2594017009725576,1.7425777580979436,0.10024027591132567,1.6133459032638906,1000
257,1.3847554802503137,30.75277144136124,4.047618954040086,0.5097736005354192,0.5705095993294593,2.5354769719765056,0.3855992232008921,2.3839117372997354,1000,0.485413823594103,17.140742088378737,4.509127611568032,0.7014275660204217,-0.9314810186426464,1.829336314129769,-0.8893842058059234,1.8602118529941294,1000
258,0.9186041483386447,45.688265394613715,1.951461221170557,0.3325736310544422,0.2667623342928576,1.6134474659006486,0.26675983147193794,1.5704484652053514,1000,0.8124028863348842,25.56612894343894,3.4465134901978645,0.4138925024439881,0.09784928537929179,1.7268125050664471,0.0011735815446675124,1.6236321911251008,1000
259,1.6119936502778853,33.40664439906091,2.9583629402121026,0.3851275471325568,0.9099245924547674,2.4824426470938925,0.857143657898074,2.3668436426576966,1000,1.156742356334885,16.16494988211236,5.272170119946402,0.7032321945910943,-0.011882784677959682,2.8147920481170714,-0.22159274506365967,2.53507745773343,1000
260,1.5069121652439343,35.43487892007942,2.958911077630075,0.446640067072003,0.7528287064868966,2.4461292367270255,0.6314976337828085,2.3823266967050603,1000,0.02601256007536712,13.983722585323575,9.127293637610997,1.136902171268678,-2.2773053337800437,2.366009817879709,-2.2023156956112415,2.2543408157619758,1000
261,1.0665139616908244,26.037955306767028,4.52796831878552,0.4925718754668322,0.17927687326932837,2.094207029922528,0.1010730857758333,2.0319548376058156,1000,0.8498358703049718,15.548600723266992,6.602433303516054,0.7038873580992877,-0.2913553634601307,2.360021822356678,-0.5297833515696322,2.2294550921795757,1000
262,1.0500449428065473,43.13277718666495,2.0280113900958767,0.2827770364758395,0.5565222845220181,1.7034155759831133,0.4958019513139018,1.6042879342991927,1000,1.1617750548991372,28.721089447117638,2.781331692473178,0.5143096672254871,0.1977472568520299,2.227511055515861,0.15372810713718255,2.1698220026610917,1000
263,1.4707297354959457,23.02087985946102,5.617097149774159,0.3913284401732425,0.6791789677657707,2.2729737258998206,0.7037259927563905,2.237733478235501,1000,0.7813794415869908,16.942464903819108,9.323439331982087,0.6537444082672971,-0.7077234440833929,1.823470602786805,-0.4999595986169114,2.062718481790893,1000
264,1.4144083013314843,16.43496263613622,6.573783249078075,0.8850946614119695,-0.3554366829875593,3.0960875481284047,-0.3203772350359757,3.1491938376989443,1000,1.322833482547736,11.819610251373273,11.1802987041055,0.4716883925260685,0.5568893394102056,2.4284678102818353,0.3983242331966417,2.24734273189883,1000
265,1.2004901211360726,15.617974440861769,10.34083458736867,0.5868580665956662,0.14168390195273775,2.574557421869554,0.05024831060856694,2.350731931663578,1000,1.44514808215168,18.178485942898785,4.009440029538209,0.640785683767194,0.3611679486854661,2.8136824418658337,0.18920814196797964,2.70108802233538,1000
266,1.4897524869013372,27.266242529434265,5.60769989708514,0.7517244572282463,0.22870233897543002,3.307698439348517,0.016372550733974478,2.9631324230687,1000,1.0903028399087669,11.155531576040982,9.145948256746946,0.8180407496872429,-0.4630096034767817,2.944517868878981,-0.5130570294782293,2.6936627092957632,1000
267,0.8213067605288646,41.07463473013225,2.455554282889316,0.338413856887958,0.2070727303960336,1.5707672091351252,0.158015601028467,1.4845979200292623,1000,0.6616911029694821,17.19366529897401,5.330731763304117,0.5332739657156228,-0.2879395696114664,1.8184841495141983,-0.3835258698331385,1.7069080757721027,1000
268,0.9466641206508255,36.59567698675371,3.6995699706483216,0.4476764765379984,0.2068821102044526,1.9031221376107705,0.06921822663634858,1.8241100146653024,1000,0.9083257862420271,19.638217203091617,4.592039981557498,0.3825990712012437,0.2014084721116504,1.7026022789157034,0.1584316066875895,1.6582199657964647,1000
269,0.9576496331723603,42.16484708410617,2.3773787409009293,0.333645960194056,0.30940335656837975,1.6726377139998132,0.30370355119201053,1.61159571515271,1000,0.6455479169075091,20.561057435157444,4.168575403543214,0.4554485789808635,-0.21919610964428823,1.528527244274981,-0.24713129789498334,1.5382271317100016,1000
270,1.512923301870665,21.3981731787135,6.7323146385839,0.8175757553360956,0.17690139753121045,3.314300072010407,-0.0895251785880824,3.1153717823294125,1000,1.0804476035727468,18.004823813013466,4.462057347310572,0.5011444982091553,0.11663438277440437,2.101525327737164,0.09820438708280244,2.0626908200626914,1000
271,0.5774675269782943,19.370665530615806,8.77742586393329,0.6819149370688257,-0.8400252110625911,1.878286767778852,-0.7590857496766039,1.9140208036331925,1000,1.0634873788999069,23.577338787382875,3.93598397917136,0.4016080043092066,0.306303956754126,1.9783100515303929,0.27633569045386186,1.8506390673459518,1000
272,2.000563702785591,17.63971661309655,8.873379968954954,0.7956682430557114,0.6475783590080643,4.058861949901275,0.44105394639639695,3.5600734591747853,1000,1.0109419185440054,10.132814764916649,9.797241952955376,0.5908507556445977,0.01833938075805172,2.265383186418318,-0.1471255625194059,2.1690093996074165,1000
273,1.7777363298220816,21.768801125496175,5.3688742937172345,0.861250558755899,-0.055000477423279535,3.5038111989430014,0.0896852346605197,3.4657874249836436,1000,1.1835642749284248,15.908636589280299,5.623765268395137,0.5339942213594228,-0.032138867598889766,2.1285006166131333,0.1369356010639562,2.2301929487928933,1000
274,0.9854170542013003,35.887803939276694,2.838632325687343,0.38962204405257944,0.2929719997844895,1.7957543443661137,0.2217578478582446,1.749076260544356,1000,0.608232326446513,25.36930148332201,3.118915099561313,0.42512770756665585,-0.15123893034829405,1.506586989292844,-0.22501798038413245,1.4414826332771584,1000
275,1.276315302551149,19.388977815178883,7.566599050820169,0.4465853681877209,0.3861039062541417,2.1516921884836346,0.401007980903216,2.151622624199082,1000,1.2669043806081355,19.75994357246589,5.547271528789039,0.405635347580502,0.42710989762017443,2.07543450722205,0.47185909935035153,2.0619496618659197,1000
276,1.6506224777901166,26.7698929132042,4.662148579830205,0.46104755925463375,0.8195101767043523,2.606159208376307,0.7469692616510345,2.5542756939291986,1000,1.1694495572023875,18.26172199294258,5.348653766357271,0.43401731038988334,0.41179011048500497,2.1403848756255073,0.3187756288382162,2.020123485566559,1000
277,1.9061028094238137,16.342040648795834,10.941754042409105,0.6640209701704153,0.624003273905176,3.143917403984456,0.6046217078897997,3.207583910957828,1000,0.7455277819143142,20.07070439205567,4.412714060835734,0.3776657311578938,-0.007663538186863643,1.4415968655077476,0.005302948844842392,1.485752614983786,1000
278,0.6893363997527406,17.32819136219785,8.339402788014848,0.8370747583116147,-0.811505591402771,2.6368558617635505,-0.9513301265380241,2.3300029260435053,1000,1.059157403024293,15.181283642919263,6.885419236634264,0.5834093490975335,0.09309598691368672,2.459678497165259,-0.08432492120687263,2.2026397272554585,1000
279,0.4518972262117291,29.37070065557511,4.939472335060231,0.5066347229751772,-0.5409446028364256,1.5204770117257862,-0.5411068308196182,1.4449012832430763,1000,0.9017066830489666,13.986736116925483,6.581126769128826,0.5559569398024982,-0.15407631147878742,2.066424938299267,-0.18796891896392975,1.991382285061863,1000
280,1.569474543810137,28.084233228184317,5.537191112246235,0.47222110654156935,0.7281835336812625,2.638526410741372,0.6439211749886611,2.495027912631613,1000,0.9567036200351833,19.448545687858466,5.842566062350743,0.44835303137159016,0.1549630162263511,1.9396431129942946,0.07793167854686656,1.8354755615234999,1000
281,0.9972839831560547,47.802903047650645,1.5124331378053917,0.30342926742102316,0.326150158819291,1.5273931594309467,0.40256261901084933,1.59200534730126,1000,1.0110046956925838,28.37333420750315,2.6374920945051263,0.3091012092523457,0.3627891080721763,1.5646687103608736,0.40516632555798626,1.6168430658271813,1000
282,1.535144427785041,26.075614846748,3.3448851163438222,0.5651495428529992,0.41871166089923056,2.760727696084742,0.42745132379316253,2.6428375317769195,1000,-0.017783679650608786,6.927233026994971,13.467416655359067,0.7696897634899619,-1.2875334244354777,1.7749745449237897,-1.526375616090934,1.4908082567897165,1000
283,0.8787854832592137,33.23720172133915,3.7370329230805805,0.33500235176293514,0.23162962796395486,1.5644753827022893,0.22218087380386087,1.5353900927145665,1000,0.9260140793885006,30.774420594708054,2.9027819653385936,0.3876028655367362,0.01702510361976549,1.5505004578112775,0.1663124629364977,1.6857156958405035,1000
284,2.8506682212017362,17.99296497972526,6.516927832598081,0.4852571079943958,1.8827554543297254,3.8009062723619276,1.8995642895327205,3.801772152870752,1000,2.909609911310474,11.97650656893802,6.0451953162531655,0.626213886422548,1.8056824658602224,4.236953386173283,1.6822306939222798,4.1369891286986675,1000
285,0.4847455482591656,29.40322986896773,5.299001826100761,0.6448655791573926,-1.0750869263614062,1.6069070579272768,-0.7791909868893239,1.748682083407655,1000,0.9359947192497066,21.169379341872315,4.525306295521796,0.43176099168691723,0.15194205347091266,1.8826552643281056,0.08974317554334876,1.7822462629560643,1000
286,0.8946072827763203,41.479076496677365,2.65149756630773,0.5309619771650592,-0.27941707741541827,1.817043161161394,-0.14607819246719567,1.9352927580198362,1000,1.3445470286598704,26.40642310336752,3.3316074221169143,0.31083823499554974,0.7661031050554195,1.9772482448716158,0.7353040880685929,1.9537899692511478,1000
287,0.7982982806738006,28.507707323489477,4.155883793287378,0.4881742342479046,-0.1724985141777524,1.8660926495490278,-0.1585232184520925,1.7551197797996938,1000,1.039569959267236,20.30042251953334,4.325692215277351,0.5804460354167811,0.04383679787185871,2.3165780918213525,-0.09810427014965484,2.177244188684127,1000
288,0.9965544525149115,26.49089475276979,6.196665188213318,0.4474224774894722,0.1954602717110824,1.98011273002131,0.11960639663554595,1.8735025083942771,1000,0.8967034919327554,23.186151336216568,4.323124252333336,0.46909604958713913,-0.06984413062445367,1.7872071701981795,-0.02272476525803724,1.816131749123548,1000
289,1.4197049167389313,28.417346472104832,4.090743738548684,0.5853316656910924,0.234949951283888,2.4809290785125406,0.2724548519843901,2.5669549814934722,1000,0.9379328135067002,18.64341609973167,4.414745955755817,0.39991816878526554,0.2012825854907257,1.763409964324908,0.15409320268757976,1.7217724243258208,1000
290,2.122062597017394,19.741538300281636,7.060316347335093,0.5013504775083695,1.3398086378851726,3.3157743944275815,1.1394156611009896,3.104709532933798,1000,1.661239274462902,11.626502693215736,9.409130500762908,0.8623660770396218,0.12113849025736019,3.381637557755643,-0.028998236534756527,3.3514767854605605,1000
291,1.2878634413573844,36.648789462576836,3.330556604805,0.6408241126263859,0.39310009305695853,2.8550949108284978,0.031848180609667986,2.5438787021051006,1000,0.9656085620128854,21.000822774470187,3.792403299729765,0.6371180397515471,0.13776269474133482,2.535824505532016,-0.2831427959001469,2.2143599199259176,1000
292,0.8919612314781595,45.44810682323439,1.7536797683873433,0.2909330116051735,0.32430455723999296,1.485212305938049,0.3217325287320195,1.4621899342242997,1000,0.7405402090258248,35.96279788661254,2.023892190068094,0.3197712540126324,0.2240251319515915,1.4452521130845286,0.11378855116106534,1.3672918668905845,1000
293,1.498017406259195,20.409065200642832,9.210588146751965,0.5981243903794945,0.3666654702603257,2.755639063221898,0.3256936011153859,2.670341211403004,1000,0.8740827292153954,22.55558053882287,4.004413248217285,0.7310442298777772,-0.5295789880016165,2.054981171241372,-0.5587639613450479,2.3069294197758388,1000
294,1.2665727941080889,41.00035568604261,2.100301523025335,0.3470822976315792,0.6270741847924183,2.0075722468335035,0.5862914907501936,1.9468540974659843,1000,0.7371460968418355,30.942653602848885,3.309470561155467,0.4600761269831398,-0.21043234593830307,1.5461956503288505,-0.16460311204511846,1.6388953057287896,1000
295,1.345146897691904,38.49666864816568,2.2609513035283864,0.34181691794264596,0.5968679209037612,1.9734672983728716,0.6751857385243181,2.01510805685949,1000,1.57923916385896,21.720526780541007,3.601825616789199,0.4408390652799474,0.7751556554723977,2.5187855397556658,0.7151945959102631,2.443283731807657,1000
296,1.0849789335648727,33.00843387219393,3.831994498546367,0.4883885400430496,0.31198399900785895,2.2639230284412992,0.12773739508049553,2.04222047204925,1000,0.42075134209657383,24.90307001515382,4.058283038066284,0.6093253878691051,-1.0040885949536835,1.523133829034535,-0.7735264181268722,1.6150291023200198,1000
297,1.3145024318510399,32.43502580694847,3.8820062448083688,0.4020148369541911,0.6301263416114411,2.2091206096975164,0.5265533514208254,2.102451512281254,1000,1.1777474031947672,25.754227579076467,3.7337106087888126,0.4524913292062608,0.4100258819350922,2.195122531205123,0.2908643979504961,2.0646304084390383,1000
298,1.1179378178897683,31.024903851774155,3.6705755113141363,0.41288878621910075,0.24469857783608617,1.9480198643118358,0.30867579690033087,1.9271998388792058,1000,1.3148649531664969,23.939425208003037,3.4619298988405154,0.35467429980707205,0.6715322310595501,2.0927271393381934,0.6197033255446357,2.010026580788358,1000
299,0.7772122949419198,38.545935940072305,3.6228365050906017,0.5598848361775166,-0.6295007446674038,1.6149010948283942,-0.3201619839660128,1.8745865738498524,1000,1.1586941889542404,31.03469048258082,2.3972106175568846,0.2995751713413045,0.5907244777249517,1.7488085302185044,0.5715268531252835,1.7458615247831972,1000
300,0.36024225841080604,30.410268921897558,3.8099944532455607,0.9254702596826015,-2.0292902521917386,1.6306550330493845,-1.453679450567093,2.174163967388705,1000,0.7595505076179214,23.609301390860022,3.982289281926731,0.3636612941393381,0.12179672923516222,1.525144944603838,0.046774371104818746,1.472326644131024,1000
301,1.3530253128258032,28.020711470118307,4.301594338049583,0.2818183905273223,0.831688467511267,1.9582881589227965,0.8006612673922514,1.905389358259355,1000,1.0477395801565206,12.570655135662113,9.546039481015184,0.5574371297070365,-0.15634077274465402,2.0306220645008755,-0.04483719406927089,2.1403163543823123,1000
302,1.4782152314866377,43.024614567430966,1.9616590137771426,0.41362152768518456,0.7441301708994569,2.4095776440805414,0.667517037223676,2.2889134257495996,1000,-0.8940659540235063,6.361158472639314,23.48907966606002,1.6209648133763817,-3.803762963209163,2.246701863505948,-4.071156988241214,2.283025080194202,1000
303,1.3587068708206107,24.497651241505924,4.183273299627006,0.4992698155733615,0.46940195890840414,2.412609569363504,0.3801380322968222,2.337275709344399,1000,0.5429675913917245,14.702756620949383,5.9909458699653495,0.6074089417626538,-0.7110575895654474,1.8385329957803067,-0.647553934463077,1.7334891172465259,1000
304,1.7907048296632286,33.370473667385994,3.5341604368964252,0.4111898950008526,1.036418342456285,2.693346894959165,0.9847726354615575,2.5966370238648997,1000,1.0640289022587273,26.4543263216594,3.1750538737409233,0.4224839092250676,0.4094870721496761,2.0351231664224336,0.23596044017759477,1.8920973643398598,1000
305,4.037386177916727,9.387416139781198,19.232226859170858,1.6796496305892905,0.8616634311061765,7.144601076591915,0.7452729019617181,7.329499453871737,1000,1.1000739309263743,20.77171868771883,4.550481776197125,0.49856859939613296,0.17930748928648166,2.168229379299628,0.12287947610995376,2.0772683857427947,1000
306,0.8610861137749453,36.55490401585601,3.377595548949497,0.3283727238752782,0.25052830802142023,1.5795509399955925,0.21747557497939995,1.5046966525704906,1000,0.9630037096041684,26.539167742426905,3.6374564434254064,0.3855455909034339,0.13275344182380336,1.7238355892605617,0.20733435143343804,1.7186730677748987,1000
307,1.446397233986361,33.63538099404854,3.0365351620822256,0.37235366871652537,0.7883069287012154,2.2464724268526264,0.7165840433019715,2.1762104246707508,1000,0.40442048222887195,17.076924987528027,7.879237728462073,0.734622713194991,-1.2556703643603309,1.8267525313531117,-1.0354400356333102,1.8442810000910541,1000
308,1.290030914244852,32.17678140506022,3.3190748519151496,0.3783999200038148,0.655004512676781,2.158764025395395,0.5483670710373751,2.031694757452329,1000,0.40022204969269826,24.685116079263857,3.013775379126734,0.32964125317395115,-0.16443654059369442,1.118534815434823,-0.245874806528246,1.0463189059136426,1000
309,0.8085489834653043,35.0201935044163,3.6763954110739214,0.5107795724609517,-0.19950949959999462,1.7841168362845248,-0.19257897855816108,1.8096769454887698,1000,0.7491965011476358,21.83033377450576,3.721981683575317,0.42731189004767556,-0.19857521228736824,1.4693668790649714,-0.08833480334580823,1.5867278056410798,1000
310,1.5381067726199318,44.32040714483298,1.7970283747483857,0.448590200874016,0.6939924773875028,2.5418949750891464,0.6588699789068604,2.4173435663330034,1000,1.6575375927081186,17.50211321128331,5.7540879635956586,0.9060319096947399,-0.21840628281068405,3.433347318935265,-0.11828495029357144,3.4333601357098087,1000
311,1.3409891943504662,33.464430235521924,3.905978864409808,0.5067419745127552,0.4333675392182194,2.4797916012812946,0.3477749243054661,2.334203464395466,1000,1.4299237281201715,28.28293031383333,3.442589461060414,0.4183221520588794,0.6815437614825884,2.331708496095168,0.610012310084768,2.2498351461555752,1000
312,1.8775179373268025,28.967567312003137,3.8892252998730643,0.5001323529292265,1.0165744128555099,2.982448301295462,0.8972585255855186,2.8577773490680864,1000,1.4047203672533337,17.054046769188837,6.416163831395184,0.300995525390527,0.7485067715320056,1.924782639795668,0.8147691374879008,1.9946715970187667,1000
313,0.7009116847059227,26.671365352524024,5.268440567319579,0.43666577676965057,-0.21536312955404854,1.5331152169612607,-0.1549532377625924,1.5567766071744378,1000,0.9476754775399825,29.298506988065053,2.870513623654648,0.6900509591234978,-0.8494716131060286,1.8934944965901208,-0.40482440234207306,2.300175357422038,1000
314,0.6720465503697453,18.516106120853475,10.033143469494972,0.5429406787253871,-0.43440498344088757,1.8619160212080657,-0.39211717993201334,1.7362102806715038,1000,1.2480291700306845,14.485666769700702,7.9249135177907295,0.6035371198492459,0.2534535878790621,2.7057702890889903,0.0650964151261626,2.4309619249352066,1000
315,1.123874425501586,25.73639804111227,6.955179721791746,0.42396471823241827,0.45275720148524307,2.120811821765723,0.29290357776604625,1.9548452732371258,1000,1.6993438557984182,21.392640321173115,5.216652798358447,0.46024056209106545,0.9748759238460081,2.840963474340433,0.7972723540999299,2.6014153574969066,1000
316,1.4523483313677323,32.21123757219568,4.810902504827709,0.347852962814518,0.8687020339159929,2.2542357795362546,0.7705565242512771,2.1341401384841876,1000,1.2225995812858816,14.23499868758093,10.61805844963775,0.5981468781643572,0.3310459897735736,2.72997570910036,0.05023170008374156,2.3949674624880215,1000
317,0.8878374409354963,26.07022670649195,4.720708519571202,0.49706154528258545,-0.10589199618247948,1.8706461764978803,-0.08640318781837109,1.8620780696893637,1000,1.2330950057743704,21.22284505815775,4.462305216727742,0.4499920714896957,0.43289375904958577,2.2586186467910756,0.3511105456545668,2.115079465894174,1000
318,1.2249393803946618,41.18476388218242,2.548419869460882,0.44151506904580606,0.4147908599772212,2.210924826529739,0.3595698450648819,2.0903089157244414,1000,0.900995248181085,13.879579097546989,6.3095207324470195,0.5775178489910813,-0.4493560839943176,1.8970842707532711,-0.23093973584143423,2.0329302322036042,1000
319,1.3040051216664663,31.93586356576466,4.136963657628461,0.3450711052177962,0.6754866877150217,2.0421756953765655,0.6276657554395857,1.980344487893347,1000,2.0104037235699876,20.33644785329944,5.108492952762925,0.4254758028267761,1.2143563898087057,2.909619482929298,1.1764711500295064,2.844336297110469,1000
320,1.4188572181062253,28.138760083478296,5.351671043011399,0.39562580600751673,0.7108429417571654,2.2755533752891686,0.6434306383314925,2.194283797880958,1000,0.9089773932643617,26.698660724982613,3.221685272573996,0.41851805050582025,0.11289939137859795,1.7447965354593407,0.08868201427295397,1.7292727722557695,1000
321,1.6922741691442933,33.075488589541116,3.433438377203162,0.4561268019678731,0.8316818746979724,2.7072275732058575,0.7982656372872621,2.5862827010013243,1000,1.60897447483524,23.26004332138777,3.3358167033191024,0.5372309237331542,0.45315906650501997,2.4856490437799343,0.5560018643182578,2.661947085352222,1000
322,1.6107191174053093,28.184741403422436,4.759782163504867,0.3506022531954004,1.0072068644682683,2.3788778031280717,0.9235387011423245,2.297899533668294,1000,1.7875785048387343,27.557314783828776,4.2007894811361215,0.36572872148655294,1.153908903322651,2.592452909911152,1.0707502107250906,2.504406798952378,1000
323,0.603222116066171,7.021336894799657,26.51719735777447,0.4961808499621449,-0.2922454738357288,1.7628505138896042,-0.369292349859633,1.575736581991975,1000,1.0798053387150914,14.227955041899559,6.929155264823705,0.4750568294162824,0.2731837216189241,2.2327851130834593,0.14869395305917787,2.010916724371005,1000
324,1.52254729057046,32.10353562389686,3.591409611271653,0.4722876415760932,0.7683070951916837,2.5129140104085104,0.5968635130813174,2.4482310680596027,1000,0.4294727689346036,13.852626311540153,10.176172534786447,0.5185823708070189,-0.4784454485886097,1.589465535110274,-0.5869486778471533,1.4458942157163606,1000
325,2.6665787715180276,8.001892943513553,22.231763554204992,1.286471689201105,1.3870186757794025,6.106904895404595,0.1450942606838619,5.188063282352193,1000,1.2688416815209167,9.186488542235729,9.301777477726743,0.8164174453874701,-0.15542706239882945,3.036897205439706,-0.3313365114385247,2.869019874480358,1000
326,1.3249475226281717,43.715312936909854,2.1195291059549453,0.44957392633861004,0.4112555272593644,2.172212338723432,0.4437826270044961,2.2061124182518475,1000,1.0954333000250114,24.11665715730682,3.889997911225228,0.46244343372319446,0.16644454353104599,2.0281579573538338,0.18904416992755024,2.0018224301224725,1000
327,1.0346216866129017,37.97541236537962,3.3488175977292185,0.596451711391657,-0.1814792171770694,2.0849460456512774,-0.1344236677147459,2.203667040940549,1000,1.5238576619034818,23.47717789638504,3.887802539774547,0.48985979096254334,0.6932091248835949,2.513797296637018,0.5637324716168969,2.4839828521900666,1000
328,2.014172389444085,24.795420736753453,5.732147497107944,0.783984878649145,0.8090983281796015,3.8081833234670985,0.47756202729176067,3.550782751596409,1000,1.220607291034321,19.140984981032844,5.654154473896565,0.43602128176086613,0.4469437905166396,2.164019097182328,0.36600557878302353,2.0752090032856185,1000
329,1.6661571446590937,19.043539123191465,8.554108913194028,0.6111783123272312,0.5007995949450449,2.8891469492724324,0.4682476524977206,2.864066636820467,1000,1.067349325065131,12.7708740431554,6.713291012456397,0.620549561412303,-0.04120059208504296,2.328068252611141,-0.14892781530298294,2.2836264654332448,1000
330,0.8931947073850233,39.53570979347816,3.3697163771657457,0.48876025588396776,0.015930886452077415,1.932038909577667,-0.06477539414755351,1.8511648089176,1000,0.6729702648992859,25.226548954009246,3.5109152241733517,0.35480023953649137,-0.05358382083527799,1.3509032567868642,-0.02243820459223711,1.368378734390809,1000
331,1.3865519407255422,21.812434671837856,7.4629366751260875,0.5640460985990989,0.4524490619573359,2.7090842765485688,0.28102158747130823,2.4920822939797764,1000,0.09563984841813467,12.59613136519402,7.842154009521178,0.7463058343447793,-1.341172453447252,1.5393843591581822,-1.3671195868976327,1.558399283733902,1000
332,1.453087943223842,23.203039747003626,7.002357853008223,0.4605624745776136,0.5368922968316843,2.342213727525046,0.5503854930517192,2.3557903933959645,1000,0.9502869438053079,27.54835922924886,2.5614163690524214,0.6284570764829165,-0.2588175553042213,2.0347416293434293,-0.28148892610120835,2.1820628137118243,1000
333,1.1260632769725745,24.789949808353967,4.929729938311785,0.4584321180176444,0.20202896037276222,2.049862773215633,0.22753632565799153,2.0245902282871575,1000,1.3722150792784578,28.46075485485266,2.690718518663085,0.3448090450250265,0.6586816364900641,1.998104477723069,0.6963893510294058,2.0480408075275096,1000
334,1.2347519885947136,26.21515290240919,6.867097246295974,0.34011450274775723,0.607976369686618,2.0334644955060264,0.5681275632091094,1.9013764139803178,1000,0.9872965124834883,23.75956862505844,5.02532527584754,0.5131556110309474,-0.07464950696702292,1.881092342137092,-0.01848848513716872,1.9930815101041452,1000
335,1.3127353924337513,33.964848453602876,2.8688750193202055,0.3668276128763918,0.6286297391787659,2.1176917985537953,0.5937532711960233,2.031717513671479,1000,0.9700472105640656,26.726317804070984,3.5111784481449817,0.4098593004221453,0.24364149885252362,1.8593682670447287,0.1667229817366609,1.7733714393914703,1000
336,1.827586981085481,18.866669958310627,8.608951317736292,0.7279021757681595,0.6849408997475362,3.762776203483468,0.4008987165798883,3.2542752455910735,1000,0.43877921609471304,16.476715113292535,5.8537642522759,0.41979708415583167,-0.43858114465753223,1.2095101164867117,-0.384023068850717,1.2615815010401432,1000
337,1.7733562248706147,22.23182469846996,6.985849006071395,0.5389168629070089,0.8878985457539242,3.0827069534959164,0.7170791735728772,2.8296332761683525,1000,1.366400794543085,22.638447974969882,4.623342251608308,0.4970085539828894,0.4063709906120922,2.4998804537451185,0.3922640287366217,2.3405375603495484,1000
338,1.996916296040121,29.49159135384475,3.6918848798000186,0.43749450901156384,1.2695268683565655,2.9366803231292398,1.1394270583774557,2.8544055337027863,1000,1.2273756439543837,20.926963972098363,4.641781594928768,0.4606597567085629,0.32258175166583636,2.1521183807964928,0.32448252080560047,2.130268767103167,1000
339,0.8056665012243707,29.310432237046534,5.287998562217589,0.3984643991328895,0.17565794620962089,1.762860103138459,0.024676278923907224,1.5866567235248341,1000,0.7768689225570351,19.16273147030502,4.351811964471918,0.3233495677659627,0.20627048079771843,1.4812497893124892,0.14310376973574823,1.410634075378322,1000
340,0.7482420772845035,47.25332427200987,1.7308052529707154,0.31780380560244004,0.07221779270250957,1.4225352668646027,0.12534661830372107,1.371137536265286,1000,0.9708376802416359,32.29439050609999,2.6253986481367355,0.4219875995897716,0.11059811088789868,1.7471098275332926,0.14374198504568347,1.7979333754375881,1000
341,1.03450167480384,22.939082828202856,7.220392281490678,0.44237362266285535,0.24026332276694543,1.9789778498032808,0.16744937438464358,1.9015539752230364,1000,0.8640692575518778,16.572954741867406,5.1019986065066005,0.5054809224913662,-0.10915085629188345,1.9024419241992099,-0.1266733505312,1.8548118656349555,1000
342,2.0397275308747407,13.193257377960194,14.548705227827854,0.558152192610727,0.9147346060791371,3.1123010425767017,0.9457492333577158,3.133705828391766,1000,1.2476052516764022,20.985637061662256,6.250387815759833,0.4246675713773068,0.45575724867470374,2.185861746588137,0.4152568117768809,2.0799536915759234,1000
343,1.6564204791917467,28.700870887664095,4.992439353301915,0.4477661936616999,0.8298630971919597,2.637173307591312,0.7787987396148149,2.5340422187686786,1000,1.1932523851034365,27.13952233810316,3.6003618453430026,0.5353421424830589,0.30230432525331424,2.523140642534732,0.143981785836641,2.2425229843702317,1000
344,0.8710772733373595,14.43356196973314,9.675288530036173,0.658371310574956,-0.2502761094164941,2.2329181411708365,-0.41933049538955425,2.1614850420642733,1000,-0.03491157637831277,8.168735437341066,13.158549600311805,0.7613375352867904,-1.1977532972581262,1.8738517727298674,-1.5271331455404218,1.4573099927837962,1000
345,1.4122449918565008,31.342824786965313,5.689603484962187,0.38714911735274943,0.7035607180861861,2.265927603613596,0.6534327218451119,2.1710572618678894,1000,1.126875950619501,23.26263259067369,4.622723899651726,0.418175257715308,0.28348773414107364,1.9213084954721429,0.3072524454974973,1.9464994557415047,1000
346,1.3465228609368525,24.36271651904576,7.576327614914878,0.4013458594662988,0.5687036547752958,2.1346044850829675,0.5598849763829068,2.133160745490798,1000,1.3423989845519495,20.17000559804917,4.557985071512082,0.53650942531108,0.40392129556625805,2.542726969681227,0.29084051094223273,2.3939574581616663,1000
347,2.0199107903590887,16.817337777785944,10.971378931809136,0.7725138285046289,0.48952966253285973,3.4827277375837187,0.505783686490016,3.5340378942281614,1000,1.370497278891968,16.99492117265235,6.303120397254484,0.558653582479062,0.13668553167872724,2.3949307235493875,0.27553625723300645,2.46545830055093,1000
348,1.4633821265962825,43.68732824638153,2.6531768051943083,0.32169656916559775,0.8700445029953371,2.1342713274574354,0.8328568510317109,2.093907402160854,1000,1.8888993805101872,21.544274741960965,5.131462961284022,0.38210981177486375,1.240169190259751,2.705412562045917,1.1399641494314543,2.63783461158892,1000
349,1.751410235818734,16.663212135314225,8.635552818770954,0.4673112344411106,0.9793324077574344,2.8764950983743893,0.8354802163141573,2.6673402553233108,1000,1.4297673814320304,13.328223029661396,10.427004419818688,0.7402964040132942,0.2303143202677481,3.1170130255145816,-0.021213570434026163,2.880748333298087,1000
350,1.9258535965965673,29.78023517684965,4.5753870871367495,0.7989637835968607,0.8114599509864633,3.8590469119699056,0.35988458074672036,3.4918226124464145,1000,1.8104114700076244,19.637128340983736,4.594799923526657,0.641312986182425,0.7192629470712366,3.166373057483294,0.5534380170900712,3.0673849229251777,1000
351,1.9171914229799207,22.863184075052615,6.081327630357132,0.7005817195248533,0.724338887715426,3.595429337840914,0.5440512527112085,3.290331593248633,1000,0.9394017361043949,20.588996218167264,5.6073896470043865,0.5466189028972589,-0.054847962431496235,2.2243480632186423,-0.13197131357423242,2.0107747857830223,1000
352,2.2825958281376053,20.493374492537495,6.843007410466379,1.090620420027652,0.32961518339956375,4.902806527821363,0.14497980488340767,4.420211851391803,1000,0.9166083061341683,16.98146088567948,6.283425609138313,0.4628807811115034,-0.2221962651593203,1.612700578843575,0.00936197515562176,1.823854637112715,1000
353,2.0146775821924283,13.291784065415051,12.21308974071455,0.93230948818522,0.32039918668468814,3.9490128753834455,0.18735098534939731,3.8420041790354595,1000,1.642293896587054,17.724310072301865,4.923256635128032,0.43799849956163395,0.7429580507331036,2.416875510347633,0.7838168374462514,2.5007709557278566,1000
354,1.8899851800621124,19.7995022631196,7.633611547875883,0.5369199933996542,1.0538015003813335,3.1058400984786227,0.83762199299879,2.942348367125435,1000,0.988587186910705,21.053547668359116,4.33813314764964,0.3235987293900014,0.3455527845337225,1.627646534329909,0.3543336773063023,1.6228406965151079,1000
355,2.0578327181767255,16.379462987968406,10.337981794466653,1.2605423862518945,0.010573380759772237,4.8349477049295535,-0.4128303588769877,4.528495795230439,1000,0.6476923189597801,20.934253436310343,4.040702468790571,0.41818869897873584,-0.12354326444272487,1.4632069896740083,-0.17195753103854217,1.4673421689581023,1000
356,1.619100843931806,34.24227724452822,5.07914446873143,0.43442041457848535,0.9571358735193233,2.6409551626659593,0.7676368313579747,2.4705648565056375,1000,1.3328694014390527,21.48268135356991,4.345713113475877,0.3656529091836992,0.605812425582912,2.0626652277310673,0.6161896994390024,2.0495491034391033,1000
357,1.2372941043054846,20.530243237094446,6.115697713215676,0.555144832563364,0.2718643255370667,2.3195139414290407,0.14921023248129117,2.325377976129678,1000,0.5781626449619321,12.167649475042106,7.684932929470528,0.6696150307842547,-0.5467448616808719,2.1438530536234737,-0.734282815375207,1.8906081052990713,1000
358,1.5081427936080156,31.211084666062852,4.067903838318373,0.48004647716427323,0.5412849193751046,2.4915819964127426,0.5672516983660401,2.449033888849991,1000,0.9853273044842621,16.892730732102613,5.521144966306985,0.5847539094905911,-0.16689696133432672,2.1589492319473913,-0.16079035811729647,2.1314449670858204,1000
359,1.6781233135890437,25.997536308013814,4.797004998486564,0.5051173914272573,0.7581070621788853,2.8024130233864013,0.6880932263916193,2.6681534007864682,1000,1.3808766314075025,21.93731914657694,5.547394583205834,0.5309970668517529,0.5521756376777803,2.75019360088421,0.34012238037806686,2.421630882436938,1000
360,1.5572584372937113,24.583916491356558,6.077256855343812,0.3670380260545439,0.9523704753761254,2.384587675266376,0.8378639062268053,2.2766529683606174,1000,1.1556736968472878,23.75070132324317,2.9746051878857465,0.419495859686128,0.3665156273526352,1.9870098749165446,0.3334618118624769,1.9778855818320986,1000
361,1.0904567817870285,35.20222227658584,3.929292924596003,0.4196554817275485,0.29473261137774825,1.9764827179812248,0.26793203760103346,1.9129815259730236,1000,1.1902853361046049,24.16172149330794,3.633256968391089,0.36728432422839163,0.6180469281701074,2.0243005887102026,0.4704080606169573,1.9101626115922525,1000
362,2.017271233197463,16.29664215531572,11.926284806807478,0.6481223485944221,0.6620908793405091,3.3547187444944893,0.7469514299523958,3.2875910364425307,1000,1.2062726101744385,24.55814702113291,3.351550403644799,0.4860309726999192,0.3503055258869544,2.208640568987612,0.25365190368259694,2.1588933166662803,1000
363,1.6345207850000187,19.257333919028685,8.082546839971194,0.47133686603222613,0.7874159773603718,2.622339693924248,0.7107005275768555,2.558341042423182,1000,0.9258329036339772,18.96130792971555,6.230705895734412,0.4818181236438372,0.08903066580444645,1.9870927865974963,-0.018530618707943702,1.870196425975898,1000
364,1.4204191916998532,24.918120581046914,4.812325042869501,0.7883233540283743,-0.10734521520856782,3.1512360959795687,-0.12469458219576035,2.9655329655954668,1000,1.1007844227979886,14.013600695225463,6.796696675614447,0.7498273632894318,-0.09062211829470875,2.798778556870026,-0.36887720924929757,2.5704460548452746,1000
365,0.8935722328975184,37.031050988285195,3.820283308479957,0.6569794620014003,-0.7042995777832481,2.0378282071123164,-0.39410751262522625,2.181251978420263,1000,1.1627396540047252,22.28998494238467,3.7797990679510485,0.4652888974065936,0.1355399731907544,1.9810284254648216,0.2507734150878017,2.074705892921649,1000
366,2.1113195059720447,25.83142202776316,6.779067226042831,0.45196724184398157,1.3494074323096945,3.0689511785762744,1.2254637119578407,2.9971752999862487,1000,1.9331935729388814,17.652340588454262,7.299708647771753,0.6168349883463384,0.9985193756239161,3.4798365636606525,0.724196995780058,3.1421901500977047,1000
367,1.0099093303940112,26.290604369975025,6.013590531658965,0.628455064956941,-0.46292502163013194,2.034275671483582,-0.22186259692159327,2.2416812577096157,1000,1.6778130083461549,17.49015628588563,5.976419673325205,0.5633763079812967,0.3545291553249996,2.7206536732487243,0.5735954447028133,2.7820305719894964,1000
368,1.3135961297026735,22.818109733160018,5.476730095266506,0.6615504303069695,0.25022532973925665,2.938795936657772,0.01695728630101323,2.6102349731043337,1000,0.2535105174227854,12.966727833783029,7.380597384198246,0.783125257581526,-1.4021281427132761,1.7899715215491887,-1.2814149874370055,1.7884360222825764,1000
369,1.429606959801318,32.516606752313116,3.2450520950505357,0.3909319062648523,0.8090540595678775,2.3310874768488246,0.6633804235222074,2.1958334960804287,1000,1.0179730589942932,18.04020160226508,4.972898504321706,0.8970353416639621,-0.380791754624952,3.060647628244142,-0.7402162106670724,2.776162328655659,1000
370,1.338546350666927,14.032826913807273,12.227045122131035,0.6345865322345415,0.33418008526803855,2.9447463893759367,0.09475674748722573,2.5823359538466284,1000,0.7105783465683231,13.244114403280308,8.954525054891985,0.6910438919545864,-0.4659198286910528,2.449420326988886,-0.6438676816626663,2.0650243747993127,1000
371,0.5046122721729098,32.96923345405415,3.3769552149670576,0.4135495959886934,-0.40826426942319705,1.2853763833227705,-0.3059449359649292,1.315169480310749,1000,0.8230050499094648,21.54797986306936,3.895250873119016,0.3065904811080887,0.2505141133728452,1.4059805796042872,0.22208770693761093,1.4239223928813187,1000
372,1.7737024245251534,37.238605042173646,2.8823689814422297,0.42703617608738476,1.0227683306302728,2.669774056739993,0.9367115193938793,2.6106933296564274,1000,1.5113453717041843,14.213059005674797,6.169259277851584,0.548827083184829,0.2797686922591118,2.491645909287136,0.4356442886619194,2.5870464547464493,1000
373,0.9747127611689308,22.439564867300597,7.1719285381638445,0.48655212301865575,-0.11628518469955798,1.8403765625874302,0.021070600052365496,1.928354922285496,1000,1.0016160995490888,20.781281369016245,4.202077326321984,0.4363892158275209,0.2568598392760802,2.0070984912119436,0.14629323652714787,1.8569389625710297,1000
374,0.4751598940446411,28.588215344748455,5.609683598808056,0.7066999122783824,-1.148418542183629,1.6079848832574974,-0.9099719340209882,1.8602917221102704,1000,1.0889267939365905,15.374410546437003,6.045254451817052,0.3922686175170086,0.40239431869273395,1.9673866258253445,0.3200803036032537,1.8577732842699275,1000
375,0.7644586712451664,16.432972056287092,10.963674883426561,0.7300003691731798,-0.7616989361869941,2.0940585950474526,-0.666342052334266,2.195259394824599,1000,1.1735502069297374,18.402045841739678,5.503836199993958,0.3863448566392259,0.4512821174741057,1.9341539203236873,0.41631428791685465,1.9307861259426202,1000
376,1.1956166511202588,30.414314484483565,3.258005647830011,0.6530148096432842,0.1727715710147693,2.838565648645757,-0.08429237578057802,2.4755256780210955,1000,0.4725328507152913,22.127924756256817,3.802069362902535,0.3897417287271419,-0.26127101948625786,1.2389771952072013,-0.2913609375899069,1.2364266390204894,1000
377,0.748230829896968,12.128516173755486,13.844272798653904,0.9813210378704049,-1.5383535575190124,2.5413559830650185,-1.1751584043290255,2.6716200641229615,1000,0.6390740220620992,14.391980679322614,6.157792182691678,0.6412375483872351,-0.7636419541964716,1.7686490672230357,-0.6177515727768816,1.89589961690108,1000
378,1.0527555573373908,21.996333311565014,7.135872625205358,0.3579114256963215,0.4659137234070962,1.830290091434167,0.35124916297260067,1.754261951702181,1000,1.1716389996687173,22.55887019677818,3.801226495255916,0.3765578823928361,0.5324218761263103,1.9995963892711541,0.43358555017875855,1.9096924491586762,1000
379,1.3249620435825893,33.88315711534573,3.692230968806734,0.40264325774045645,0.647879280627743,2.2041432657929843,0.5357812584112946,2.114142828753884,1000,1.221757942311704,25.64084745791743,5.092811411199223,0.5951199954160573,0.1603385131127707,2.545994210319571,0.055322751296231765,2.388193133327176,1000
380,0.8242516331695549,18.391453200911318,7.085440436237746,0.6923505787978477,-0.5433074652948898,2.129949033043746,-0.5327555012742267,2.181258767613336,1000,0.9846785423742754,20.328308374209726,4.509013646575598,0.8484704253297187,-0.8975883745086408,2.424666638303541,-0.6783234912719733,2.647680576020524,1000
381,1.0084997392770292,35.96704266552185,3.7253849370561647,0.33009582428636913,0.3972567733045719,1.705927832049692,0.3615119236757457,1.6554875548783126,1000,0.961883070990798,31.526149760736363,3.3579517024840846,0.4820356709697268,0.1471350590087713,2.0399962579519952,0.017093155890133382,1.9066729860914626,1000
382,1.3246395835075422,21.4808023981225,5.545769395052919,0.42922377907900205,0.5386320468806782,2.2488037718231606,0.48336097651269816,2.1659181905023863,1000,1.006220858190893,19.973953447821724,5.4734667637910235,0.48086264837586734,0.3363643758113697,2.290958413975787,0.06373006737419296,1.9487116490075929,1000
383,2.174994310711135,22.054766543517967,5.306968058425637,0.876395131945203,0.7052595151496441,4.214978022513267,0.4572598520985369,3.8927287693237327,1000,0.9718475467015089,11.156422484973644,12.724556844791513,0.7955247986566306,-0.3045074331002588,2.8978032939645204,-0.5873810586654871,2.531076152068505,1000
384,1.3132550430029661,31.935889899762667,4.531300743490303,0.598421376894359,0.15533370123644694,2.6454681669436617,0.14034914429002243,2.4861609417159096,1000,1.1389093734015914,20.95423567427268,5.032218419997554,0.3860557614156563,0.34672174700135394,1.8385686886146906,0.3822400810269051,1.8955786657762776,1000
385,0.36786202352773323,23.426492272578763,7.746547147548802,0.7438000010322684,-1.2747083058634596,1.6734516958214705,-1.0899859784955128,1.8257100255509793,1000,1.6420741571604918,9.2740848082559,11.457965477977615,0.7048197342918093,0.34310478150263046,2.600371490286054,0.26062747794854557,3.023520836372438,1000
386,0.8909907660013898,40.45786375333109,3.5961547392983215,0.4099834460676315,0.0975269292115368,1.8163634408610994,0.08742321170883216,1.6945583202939476,1000,0.8668446514743984,34.4225444459794,2.2335628376308976,0.33869281464039286,0.26038192823824075,1.5949008868144363,0.20300673477922837,1.5306825681695684,1000
387,0.06812281984329838,19.32794838724188,8.58826998813311,0.6952937936782615,-1.3425114631336594,1.5432748787891608,-1.294653015766094,1.4308986554526908,1000,0.4723589967351347,21.856988379310785,3.9763577016226717,0.3857398254727206,-0.3272163100792649,1.2040531510660513,-0.28369106119139764,1.228409054661667,1000
388,2.2304113471368137,18.830168920515288,8.537388225418942,0.4823476373944581,1.3002372739222372,3.284276328531837,1.2850099778436759,3.1758127164299514,1000,1.5699309648914928,16.19435237442265,6.011429191570669,0.46658409258801736,0.8047545588411872,2.60064470551246,0.6554261434189788,2.4844357863640067,1000
389,1.7846429420016732,30.178688549036487,5.187093108021534,0.4389482313847691,1.1082476737870683,2.8279473813229767,0.9243044084875257,2.6449814755158205,1000,1.883799257108487,15.38242668127288,7.030148542433303,0.8233417981614172,0.1487925045508971,3.3556844536262562,0.2700493327121094,3.4975491815048647,1000
390,1.254003433464514,29.534813612276892,4.233856740810794,0.5504180207124821,-0.0215414424794855,2.207417221690894,0.17518411286804914,2.332822754060979,1000,1.5876691080984586,25.971412454958674,3.049997729686111,0.5322937984668363,0.2831541902683433,2.4364087037100077,0.5443732631034595,2.630964953093458,1000
391,0.6963273396906184,29.64555922003295,4.754010129903554,0.6028906243354231,-0.5435614415556156,2.0146787371510015,-0.4853382840068108,1.8779929633880477,1000,1.0287699793318619,18.09851191307508,6.3865164392080604,0.5271586802594665,0.20825036754257514,2.2176116788720672,-0.004461033976692619,2.0620009926404164,1000
392,1.2067133060735695,33.31417267452328,3.1978294976425548,0.3923088884511526,0.33877857728646316,1.969606285987715,0.4377878847093105,1.9756387274378286,1000,0.8708207048446988,21.40708188817617,4.507758924812452,0.7573483550198858,-0.9748706903579692,1.9596380281074335,-0.6135820709942774,2.3552234806836747,1000
393,0.6727919607170856,41.38390024090381,2.6607543496248427,0.4411619688360051,-0.3357803616305558,1.43448244075933,-0.19188549820148437,1.5374694196356555,1000,0.8927732793294361,25.31967483617395,3.1847187542840993,0.427687634472528,0.10814786050302794,1.798585942568299,0.05450551576328122,1.731041042895591,1000
394,1.4240265175061069,20.239968203505473,8.307174234555514,0.7278446746489721,0.525997485245017,3.503299782809672,-0.0025490448058782533,2.850602079818092,1000,1.134206608797673,10.810840268125038,10.41793054234566,0.5483878724980942,0.21930347566882658,2.4560497868544937,0.059366378701408484,2.2090468388939373,1000
395,1.134849923932531,40.14002140521584,2.5731038502038657,0.39834174949995377,0.24809716674296375,1.8090028240325493,0.3541000949126215,1.9155997529524402,1000,1.1439111237697681,21.968780256541574,4.197942636449754,0.44134474386450806,0.23399650599301336,2.0256046100458294,0.2788754257953323,2.008946821744204,1000
396,0.8748604035470375,32.18222062844003,4.204078857147052,0.47553362142413097,-0.14992782606747568,1.7668726737902363,-0.05718549444425913,1.8069063015383342,1000,0.5199861548607854,16.177996415838432,6.48934984395377,0.6040888629960875,-0.4533745789357547,1.9231224313329582,-0.6640280166115462,1.704000326333117,1000
397,2.154676126821395,20.54148369279685,5.999857252695902,0.5234119915331629,1.2696907509576167,3.266824751980325,1.1287886234163957,3.180563630226394,1000,2.0296534825768733,16.170728049957656,4.338392811217559,0.6108277410057708,1.0270506205044938,3.2489207581406014,0.8324311102055626,3.226875854948184,1000
398,1.3564923764911903,23.090896436567963,7.837012026740656,0.3415256724804267,0.7663170776193386,2.1631251316911824,0.687102058429554,2.0258826945528265,1000,0.7026938993977807,19.327368669094902,4.435766115375669,0.577518215343991,-0.392715398447548,1.9110307574315188,-0.4292418026764415,1.834629601472003,1000
399,1.6160627636982632,23.89078711907802,6.4733658996623475,0.6679190798334252,0.4415433844097955,3.1326221243111094,0.30694136722474963,2.925184160171777,1000,1.517458821680143,20.98704250112744,5.196770992726007,0.4830233936550101,0.6761450141412723,2.6161794899241904,0.5707329701163232,2.4641846732439627,1000
400,0.025874063971335737,15.080619548391674,10.908451143212154,1.2446313896419035,-2.5124844724553563,2.3837611647476313,-2.413603459726795,2.4653515876694665,1000,-1.7779118145201087,6.485909648744688,23.637635907013465,1.6173454026951104,-5.054382878497532,1.788397796561148,-4.947908803802525,1.3920851747623075,1000
401,0.7670917452958985,33.866363731765084,3.7964936834599508,0.383519031038171,-0.03600061760740006,1.452995168591,0.0153944444610834,1.5187890461307136,1000,0.5216991983907193,19.786106546537077,4.450177431161384,0.4792076878848111,-0.44621930084446176,1.468137686475223,-0.41754786986351045,1.460946266644949,1000
402,0.7951064697736192,29.057990331530835,3.9372220409292162,0.7176633142386042,-0.17170856383099425,2.550792751818661,-0.611513626134045,2.2017265656812834,1000,0.6540997600533487,21.47195107698877,3.6564005705728846,0.4043298127939393,-0.07150860214982857,1.4825970590769078,-0.1383866730227723,1.4465861931294697,1000
403,0.8594682552712656,32.35301053978561,3.97392446282581,0.5443709048291049,-0.2017927924868128,1.8782949737868762,-0.20749871819377996,1.9264352287363111,1000,1.400086519990511,18.97801664559333,6.2331040882611735,0.9459066966058248,-1.3485862519725575,2.7793969443618596,-0.4538906053569056,3.2540636453379275,1000
404,1.7703791381469454,15.601238839079524,11.38478920793144,0.4666988781086658,0.944651452831805,2.7723545529276348,0.8556493370539604,2.6851089392399303,1000,1.2687893300997328,21.31740596990608,3.486369925317227,0.4326124825587675,0.5363804314818282,2.212448724308292,0.4208688642845485,2.1167097959149173,1000
405,1.2120283349051952,27.613220134308335,5.147737586129634,0.3287491832679247,0.5812307317173128,1.870694500367743,0.5676799357000629,1.8563767341103277,1000,1.125679092912068,15.25436493371867,5.683387170803033,0.5078752618443175,0.16956485130884244,2.2182150895329746,0.13024357969720557,2.1211146061269304,1000
406,2.1056290957652353,24.69142674287642,5.032414573141213,0.5212361151603184,1.187681506836461,3.2799447593544135,1.0840063100510111,3.1272518814794594,1000,1.0621568506070451,8.417805939512071,17.573157534265274,0.5665333641039508,0.03720544177593429,2.361460488643122,-0.048248543036698566,2.1725622442507886,1000
407,0.6014167355084616,21.750409279977195,8.328359041463989,0.7959685411691196,-0.5916523932742564,2.4719523321556047,-0.9586816051830127,2.1615150761999358,1000,0.6827578896650879,20.465299488619625,3.8908507323072246,0.39865359761184366,-0.1642694261264571,1.3918441270856687,-0.09860316165412564,1.4641189409843014,1000
408,0.9332604082503861,42.565434377924575,2.47919776285947,0.33384816304166526,0.3658189867143954,1.7360240606643906,0.2789180086887223,1.58760280781205,1000,0.8725056354454961,25.980683649721446,3.4104833853802368,0.3737053083253678,0.18441398838753703,1.6237884950497732,0.14004323112777517,1.6049680397632171,1000
409,1.6840789369814222,15.881101386841442,12.14873023336122,0.4104906150830809,0.848800376251677,2.507673197754335,0.8795173314185837,2.488640542544261,1000,0.5971369818740881,24.99428353773985,2.846863747273564,0.37643451894235275,-0.04329277409819598,1.4565605747128232,-0.1406746752529232,1.3349486390010994,1000
410,1.0654718187715706,42.82725576729729,2.2887603309108164,0.40586966868234337,0.2887589598974034,1.876090815302802,0.2699672681541776,1.8609763693889636,1000,0.7519780455789578,23.19299972673857,3.9940263714826285,0.4818133496550976,-0.2471739044160291,1.7466593110496496,-0.19237611974503355,1.696332210902949,1000
411,1.335515520857818,37.250818966858674,3.226236765145707,0.46373080404305067,0.5710944254910564,2.4422880540710397,0.42660314493343865,2.2444278967821973,1000,1.1673163459485512,17.406241672209347,5.035544018254901,0.32068125103006956,0.5178933258290386,1.7669037568376083,0.5387810939296148,1.7958515979674874,1000
412,0.5773799474829424,22.758646080955952,5.67430837200026,0.58702975459048,-0.8522207208661632,1.6513254265540587,-0.5731983715143985,1.7279582664802833,1000,1.328443123588225,18.91793987600198,4.775334378616215,0.32001105828253357,0.718532363364422,2.0263540380298033,0.7012214493544593,1.9556647978219908,1000
413,0.5893757466635567,29.640121775248584,6.031776227348005,0.6174004431050958,-0.510277444284902,1.8741338682176478,-0.6207291218224309,1.7994806151495444,1000,1.1908553277325864,26.087342406210364,2.986344344441373,0.39474861925093074,0.5456525848241832,2.0711417090940474,0.41714803400076217,1.9645626214644105,1000
414,1.397047666869515,16.90188135567563,7.663544716465698,0.49253798806328714,0.45253676050984737,2.421725418562473,0.43167321026547234,2.362422123473558,1000,0.8248905627806953,13.075559002117219,7.365061944481723,0.468893927115558,-0.08743512438429589,1.7448735534782163,-0.09414153436579842,1.7439226599271889,1000
415,1.0699719253175994,30.80802806250592,4.688145364971103,0.466417241153273,0.0661884009985099,1.905147292468083,0.15579413265718445,1.9841497179780143,1000,1.0797861417942152,30.427719252266346,2.6652042660814113,0.35937485939534025,0.4070045213173684,1.7775781503933352,0.37541141737934824,1.7841608662090822,1000
416,1.4314263454714622,17.507466037057178,10.313917547015896,0.4580634493810277,0.6511637387854106,2.4688071425468006,0.5336219846846478,2.3292307062582767,1000,1.1492736157876413,20.38665622702781,5.032522435377465,0.35261413022024246,0.521179716384559,1.9088695069924628,0.45814992055596615,1.8403973110193164,1000
417,1.1937617725777385,31.275532235955005,4.207717636949827,0.3570806531549187,0.4266380352440202,1.8396622329644432,0.4938836923940979,1.8936398527613791,1000,1.213405801179332,24.208469428412716,3.8457186080400776,0.42635347682765484,0.42953259412455347,2.0426041081036703,0.3777529865971285,2.0490586157615356,1000
418,1.0810478638028258,22.08377351905575,7.766488449898176,0.3629064961050221,0.48820894552812216,1.9725493475412643,0.36975113143698246,1.792344596168669,1000,0.9283606618589684,23.498543442014434,3.918989692496271,0.4275834457374537,0.20369940925294103,1.8475363607318505,0.09029710821355907,1.7664242155043777,1000
419,1.7029130653229552,30.574706572096932,3.243387959934133,0.5445874622941951,0.6610989810382244,2.8442987759344818,0.6355216392263328,2.7703044914195774,1000,0.9600983318247458,12.05942201145336,8.977754125375458,0.758589849185723,-0.37016270290151404,2.786829708624464,-0.5267377725792712,2.446934436228763,1000
420,1.4590715100170444,22.254626073721973,6.585375806041789,0.4803107129970015,0.3286930458015622,2.286111945145396,0.5176625125429214,2.4004805074911673,1000,1.3819345827811302,19.38354106938784,5.066451593761349,0.43133339125424797,0.49921274156601514,2.210864449213885,0.5365211359228043,2.2273480296394563,1000
421,0.9674436543640619,33.22924443123963,3.3072889984071594,0.4202988577999244,0.18399307204119086,1.8405981228529213,0.14365789307621013,1.7912294156519137,1000,0.647245034201116,19.689730102972234,6.2879766031666335,0.5440057658828572,-0.3448062768303961,1.8287292652166782,-0.419006266929284,1.713496335331516,1000
422,0.6938070504451561,44.700554759719175,2.093605233851028,0.29738370085506427,0.16393596340358138,1.2851688636131091,0.11093499676923013,1.276679104121082,1000,0.5893987099268299,37.84004745992903,1.8440071515845486,0.298713789723816,0.03211204822273218,1.203711086286524,0.003919682068150521,1.174877737785509,1000
423,1.978028305376534,28.798033426984475,4.122460104833802,0.4247968699921539,1.2539654998569105,2.936974920269822,1.1454264401919123,2.8106301705611556,1000,1.6986878771688965,28.452692075205004,2.7373912728123555,0.49271644855921093,0.9946133185886431,2.7760780681464174,0.732963637992843,2.66441211634495,1000
424,1.982364658168972,28.605328276829677,6.261355931643272,0.4542079882734107,1.244374326835047,2.996016641762606,1.092117001153087,2.872612315184857,1000,0.9964768638173158,18.82401761711514,8.056518823885439,0.5212253433414518,-0.01415661537141999,2.093779068227306,-0.025124809131929604,2.018078536766561,1000
425,0.7602839605268383,32.57416926335983,4.339034516620238,0.679947349408794,-0.5278281793755368,2.2097481715644185,-0.5724128443143979,2.0929807653680745,1000,1.6769653149632946,20.19252497538731,3.811566458694196,0.6888476899717318,0.45129803935531876,3.093416774602795,0.32682384261870023,3.027106787307889,1000
426,1.3074482835292958,28.81046034489245,5.015802323374372,0.3872028008613961,0.5943312361182357,2.0637662755769033,0.5485307938409595,2.066365773217632,1000,0.7897215201636603,24.991081245448992,4.152935909966041,0.4498268616596209,-0.08383880540924886,1.6387851998944036,-0.09193912868919663,1.6713821690165171,1000
427,1.5727865573049944,13.524636032881821,13.820547045588746,0.5132745355748436,0.8098428855460684,2.850592141301223,0.5667684675783009,2.5788046470316877,1000,1.1551008265901608,18.53892046903085,4.396580711182832,0.4048314788205998,0.329449459970983,1.9782639467901215,0.3616311281017852,1.9485705250785363,1000
428,1.2494830930561822,43.22660382445138,1.8016674305840599,0.39233085733417605,0.6100844100034961,2.142998209431802,0.4805146126811972,2.018451573431167,1000,0.8553625838127878,20.224433987082588,3.86283547267739,0.5015966724811831,0.04675068594833928,1.9145085128084063,-0.12776689425033105,1.8384920618759066,1000
429,1.0788566869864296,21.808509515347204,7.626630838585497,0.8824221189371506,-0.874004389684622,2.6887249179998185,-0.6506906661303855,2.8084040401032446,1000,1.3689716726311176,21.705297283229196,3.9954337201886005,0.34857638274792846,0.7649596140959907,2.0981691295277884,0.6857619624451778,2.052181382817057,1000
430,1.550693407041116,33.23542259715604,4.315284943285484,0.37988734895765797,0.8794948856731764,2.3414830719673296,0.8061142030841064,2.2952726109981256,1000,1.3972830646336765,21.295704037290978,5.367663477399453,0.5352652531943609,0.4394645603007544,2.4474758213720222,0.3481631683727291,2.446402960894624,1000
431,2.45066509414063,19.385069920139195,8.030163238563174,1.0052494784890271,0.9911926887240649,5.003546981681692,0.4803761163021367,4.420954071979123,1000,0.919137712334301,21.32643401799066,3.5994577389696985,0.5773659017553648,-0.3792433288471058,1.9380891168732692,-0.21249945510621404,2.050774879774816,1000
432,1.1578286895766317,12.206229392685696,16.509590891160926,0.3809996106007092,0.5650521601113154,2.097020272297412,0.4110694527992417,1.9045879263540217,1000,1.1736765892171976,19.453605810664342,5.326942669611924,0.6983389359501668,-0.4874942630725877,2.1870488734261473,-0.1950677252451294,2.542420903679525,1000
433,1.4718275365616051,23.96211564134545,7.573906005042461,0.4368312559342171,0.6900031329435191,2.3421201711876063,0.6156382749305396,2.328016798192671,1000,0.5310432924785371,18.51156776619559,4.852004335250339,0.5736283811896569,-0.5797171409712916,1.659247216213905,-0.5932683346531904,1.6553549196102646,1000
434,0.8359445032738249,32.328367158564006,5.014863500523409,0.6004521319864957,-0.4983034484530768,1.969188542816313,-0.34094167541970677,2.0128306819673565,1000,1.4118393303385441,34.34717287762455,2.412993871106485,0.4990536257438419,0.6107265046032013,2.5247495124223898,0.43369422388061407,2.389984436796474,1000
435,1.1812479080321916,30.7104573915062,4.613485091792202,0.48220519164316555,0.2936197180849445,2.242250841044073,0.23612573241158707,2.1263700836527963,1000,1.131401215784435,18.99247934328985,4.287942316949178,0.5153771019587804,0.12750392525867232,2.1473998407731236,0.12126209594522552,2.1415403356236444,1000
436,1.190949456889183,20.16403869293071,6.9143257497551165,0.5096393236176314,0.27498631544748825,2.3286697564088508,0.19205638259862534,2.1898425311797407,1000,1.2242558845676448,18.38284264518289,4.352223606801536,0.45363175311231296,0.4257170331489371,2.148380947044021,0.3351376484675114,2.1133741206677783,1000
437,1.2287918649440075,28.406584787905775,4.824967075406756,0.3713393687591179,0.6089455729301012,2.0674534300122396,0.5009667021761365,1.9566170277118786,1000,0.7901902288696139,21.11230646594641,4.509862924898078,0.538905946334988,-0.21343984350373957,1.8083879589089273,-0.2660654259469626,1.8464458836861903,1000
438,1.657343477650686,37.15363542047254,2.857978875680491,0.5351587327481305,0.755026991779898,2.885233187776249,0.6084323614643501,2.7062545938370217,1000,0.8466578035012446,20.529274197592926,5.183174962935685,0.9636564176746053,-1.8127409566476274,2.3103210848845395,-1.0421087751409817,2.7354243821434707,1000
439,1.6276719209367887,39.966063036892386,2.778094669079435,0.559563563270837,0.53942622210031,2.7553081981168237,0.5309273369259482,2.724416504947629,1000,1.5110946954981301,17.83904935384942,5.183894308934325,0.5870685969911398,0.5855828975343831,2.692538590428243,0.36044024539549624,2.661749145600764,1000
440,2.5219172751147263,25.51790905045165,5.771767618403823,0.9890340705059427,1.0009176208687982,5.133985341274407,0.5834104969230787,4.460424053306374,1000,0.955684886404975,21.804810306645006,4.547597859044707,0.6402213571747557,-0.38235491572489877,2.064454891533002,-0.2991489736575461,2.2105187464674962,1000
441,1.0380831926274983,45.86668620799465,1.7204164773214945,0.27133462804311875,0.4750052907185369,1.5399890040828925,0.5062673216629855,1.5698990635920111,1000,1.3266766917639135,31.533945256736473,2.2076394332912495,0.457324152730404,0.3534207055086199,2.0468084382577514,0.4303213524123216,2.223032031115505,1000
442,1.9165385482590505,30.138650386639384,4.551268944156927,0.4575563781753697,1.044282738891457,2.8417337114505155,1.0197280470353258,2.813349049482775,1000,1.8400140509694054,26.22274421507243,3.9936617929048888,0.47428496073884385,0.9049006060686777,2.7303558896360665,0.9104155279212715,2.7696125740175392,1000
443,0.9044080825832079,24.693412756274036,4.923584748734685,0.4063481400363354,0.03671535904822748,1.7040217205109838,0.10796572811199057,1.7008504370544253,1000,1.1134567981921977,23.086540215098406,4.184685384196085,0.4212086980332697,0.3158174354312173,2.0306745027993713,0.2878877500469891,1.9390258463374064,1000
444,2.199810827135847,14.943912952112349,12.990843275890118,0.9923039405249634,0.41904420008629756,4.417990676404499,0.2548951037069189,4.1447265505647755,1000,1.0629356598034583,18.510310697766787,4.57670739272565,0.5253404448933554,0.08992591969070053,2.1029308184782627,0.03326838781248176,2.092602931794435,1000
445,0.8899562867149098,35.79845830050129,3.964326665880669,0.42514945910116303,0.10384865482077903,1.8255910609784503,0.056663346876630216,1.7232492265531894,1000,1.223670290469259,25.25679882921252,2.8111747220500494,0.617349547659238,0.2362072861317294,2.4129443091100335,0.013665177057152533,2.4336754038813653,1000
446,0.7655361413337847,29.70556363523172,4.469977728759552,0.509989285457586,-0.16238389966363273,1.9250210012770883,-0.2340428581630839,1.7651151408306531,1000,0.6394275004991394,23.050287875783557,4.3298205865470205,0.3667862412689385,0.0006871171200096907,1.5138637261095444,-0.07947353238798005,1.358328533386259,1000
447,0.9091517949089858,35.76623673786976,3.47744217851207,0.5383565284828357,-0.032827614628236405,2.1051218560690406,-0.14602700091737209,1.9643305907353437,1000,1.05370631472262,21.347291746107338,4.155181961168739,0.4427324077195431,0.3533362792078199,2.0597732122012067,0.18595079559231553,1.9214618338529244,1000
448,0.9356221243808962,24.306754874931976,6.063592779513719,0.44922009516223094,0.1357674627701851,1.9491538550677798,0.05515073786292357,1.816093510898869,1000,1.3576426124003973,22.20709429139518,4.225636791324298,0.3984924101797013,0.7127599053044722,2.2232776292471623,0.5765974884481828,2.138687736352612,1000
449,0.996332858598751,41.34160769059686,2.514084617296408,0.49364385546494827,-0.09150703264980946,1.987892140024265,0.02879090188745237,1.9638748153100496,1000,1.1048250916611444,21.91255546145506,4.424645358015839,0.3937065314831466,0.38530234088618126,1.9203474896732053,0.333160289954177,1.8764898933681118,1000
450,1.3316380096481226,9.938305752936495,18.541069794416256,1.08764294532559,-0.13464620852711717,4.166674348411982,-0.8001421631900336,3.463418182486279,1000,1.110024785113033,22.78552405708173,4.712409753040581,0.4501589907955601,0.23160724140690506,1.9182712275106224,0.22771316315373513,1.9923364070723308,1000
451,1.2555777508326291,24.619691123102697,6.035985663309123,0.44136931092515014,0.5186741171669506,2.2924951396670568,0.3904939014193348,2.1206616002459233,1000,0.9069826292986094,27.97403981311312,3.541936262966839,0.3815810704461271,0.19260633918208223,1.7274449899795623,0.15908373122420028,1.6548815273730186,1000
452,1.0226018736592368,47.399598640214016,1.7845725075183743,0.3618419113537439,0.3452393464634413,1.8051252435393301,0.3133917274058988,1.7318120199125748,1000,1.0137048787384777,28.5177148970414,2.8730470448901273,0.4180527411947617,0.21973675013235236,1.8262022388145431,0.1943215059967448,1.8330882514802105,1000
453,1.4410292798880746,13.530185384988478,8.487657458355498,0.7441519689947886,0.12617750938534952,3.073054970797323,-0.017508579341711128,2.8995671391178606,1000,0.44639985807598537,9.218181194638886,13.160434624126452,0.7314546971334278,-0.7270366000055184,2.2039762670011944,-0.9872513483055332,1.880051064457504,1000
454,1.1762973119422377,28.658608303936038,3.979021564384199,0.5023451040571274,0.15619600145213147,2.162983045786314,0.19170090799026807,2.1608937158942076,1000,0.9812817241290794,18.393091042218806,5.69251837728512,0.6609268895994116,-0.2705690912063107,2.3632902433701553,-0.3141349794857673,2.276698427743926,1000
455,0.7490146442351935,34.92504740414212,3.2512523700648805,0.5174432686343906,-0.33522967808695064,1.660284734204177,-0.265174162288212,1.763203450758599,1000,0.14454239991319406,15.179363214390149,5.199264708504094,0.5478435212768932,-0.901475587499628,1.2505274601038907,-0.9292309017895166,1.2183157016159047,1000
456,0.8795937535565397,27.7963323345488,4.879709351746884,0.5233639413410538,-0.00853044489997549,1.9797390532619148,-0.14619957147192575,1.9053870785850051,1000,0.4332547904879931,15.263542971465961,5.484211478415493,0.39268373509038057,-0.3656088616642627,1.2278436214143575,-0.33640533028915276,1.202914911265139,1000
457,1.6226391062368375,34.67074053467732,3.6581294390214563,0.4463616495731707,0.7493973700888574,2.5672890935036605,0.7477702730734229,2.497507939400252,1000,1.1643157548905845,25.25510392972684,5.644920301608995,0.540279276770744,0.04193438463388405,2.233527840295972,0.10536837241992614,2.2232631373612426,1000
458,1.3165943999154885,38.343759199860415,2.4973558363617374,0.411894206539431,0.615779629746498,2.2654105585375617,0.5092817550982038,2.123907044732773,1000,1.7242422961482982,27.727861304768627,3.0528541668807447,0.4693078040284619,1.035136206116948,2.7984543702870197,0.8043990002525129,2.6440855920440836,1000
459,1.185806565090975,31.275840779485172,4.1260266658658145,0.3625546959188196,0.5067014588480349,1.9427268279118075,0.47519936109008865,1.8964137690918614,1000,1.2242359888252785,28.071921165337066,3.852682559836282,0.4807551244053271,0.45829144863196203,2.3685084340030707,0.2819559449908374,2.1665160326597195,1000
460,1.1924169168574625,24.857642125114452,5.940529090535953,0.5925695772340213,0.2618798895250476,2.5821148469349406,0.03098054547878082,2.3538532882361443,1000,0.8874616332601706,23.056956664563256,5.695214721191628,0.6145412122467713,-0.3486896993129677,2.226151013682862,-0.3170391427435011,2.091962409263842,1000
461,1.0210211795008193,19.14310245617389,8.493930574247488,0.7528067940245426,-0.725759043441971,2.423062578813193,-0.4544801367872844,2.496522495788923,1000,1.5096821864099144,13.147019809321597,8.216433000890515,0.6269900358223618,0.42239524458813454,2.776346266358807,0.28078171619808523,2.7385826566217437,1000
462,0.6803631124809493,12.343602466138627,10.308126073137347,0.578039872929901,-0.2903348812512085,2.0781597123795326,-0.4525950384616566,1.8133212634235552,1000,1.504258315695469,10.396832955169982,11.562870979698078,0.5859340546567263,0.3949382569998095,2.6506107554891085,0.35582756856828546,2.6526890628226525,1000
463,1.9487816298082408,20.240936367830503,7.875052661003323,0.48543083819434213,1.0571171770655208,2.8958567944232625,0.9973371869473302,2.9002260726691516,1000,1.318941997096236,14.720994461750367,6.926702099539761,0.4051949541769842,0.5603158620883814,2.1368219429884587,0.5247598869093469,2.113124107283125,1000
464,1.6430272628565918,30.77297075954359,3.2940186555677324,0.45818375336412154,0.8131357272061147,2.6159231735652857,0.7449871062629136,2.54106741945027,1000,1.2626768076957084,17.264068321700673,6.688985585443938,0.452730731558798,0.29306745706573667,2.0846549488590056,0.37532457384046436,2.1500290415509524,1000
465,1.5130204781957084,39.912497919437094,2.2948238265721885,0.32593516358344626,0.9324229656337596,2.1758318276142625,0.8741875575721537,2.151853398819263,1000,1.3675091322731778,18.253513268539596,6.35315843800729,0.5624716185816764,0.25604683691012864,2.4745192845629833,0.2650647598530922,2.4699535046932635,1000
466,1.994741452606983,32.745394823081874,3.9968711754076613,0.547414760609086,1.1013268061530272,3.311622459770575,0.9218085218131746,3.0676743834007913,1000,1.7373191974751405,11.563800893021135,9.13499026148349,0.5862827159353131,0.7251461380210001,3.0742281406503196,0.5882050742419269,2.8864333207083543,1000
467,0.9250983675533133,24.473024060733454,6.404373578555694,0.39235840641282566,0.18730267499928682,1.6764418136140944,0.15607589098417507,1.6941208441224516,1000,0.9530405383846303,23.587954506361662,3.335893295557561,0.5860033024332583,-0.35235292783600974,2.0732556916765352,-0.1955259343845559,2.1016070111538165,1000
468,1.398000037469811,34.4954612136592,2.8699007699102492,0.43551657119868437,0.6297496256267201,2.3620109337418276,0.5443875579203896,2.2516125170192325,1000,0.8979553194862704,10.563161077192897,10.308092078574917,0.5861648527365512,-0.11092345364406725,2.3906802906537656,-0.2509277918773698,2.0468384308499106,1000
469,0.9801469598486383,26.067578941181885,4.703172957581745,0.39124485355004174,0.26934272819635496,1.8399840590446748,0.21330704689055657,1.74698687280672,1000,0.8121970021356599,22.59499321231663,3.836975746174092,0.4410928859557038,-0.048626717121910044,1.731034662433039,-0.05234505433751946,1.6767390586088393,1000
470,1.6630322534866888,28.195877061436146,5.381320402074847,0.4112756732714423,0.8628091799002902,2.421912237811173,0.8569319338746619,2.4691325730987157,1000,1.3064438051421103,19.509987217508627,5.208136974962293,0.6494007412237822,-0.3739359645959749,2.2747198341385495,0.03361835234349719,2.5792692579407235,1000
471,1.9265251614797212,20.040042058814187,7.879134104968831,1.070456309421907,0.6050255881788011,4.610446363816437,-0.17156920498721662,4.024619527946659,1000,0.663627346485802,15.770846869512734,5.60499584358298,0.6034206310118317,-0.4928895926870642,1.9293990169367643,-0.5190770902973882,1.8463317832689923,1000
472,0.8873690071454021,40.02255635329434,2.2241616331705227,0.4401614483535063,0.0026874690630573814,1.708019522122259,0.024652568372529826,1.7500854459182744,1000,1.0959086080497467,26.876939049876945,3.0808765423133915,0.5300953396811585,0.044345956815213736,2.0894085743969084,0.056921742274675946,2.1348954738248174,1000
473,1.4914942294539535,35.401846555121075,3.7831437017194163,0.3810262955992117,0.7583402563854523,2.30225227588682,0.7446826900794986,2.2383057688284085,1000,0.9563315566926001,22.776417636805984,3.1882551245890913,0.39505372733303323,0.16217036015644443,1.7142161730974894,0.18202625111985493,1.7306368622653452,1000
474,1.6118411277556284,32.73580159923835,3.6830851468060373,0.4022262745117955,0.9062350424427451,2.5040624882140343,0.8234776297125093,2.4002046257987475,1000,1.2715127757008102,20.423387262264097,3.7977356852313844,0.36267094244809894,0.48648448915219883,1.9175116383515602,0.5606777285025363,1.9823478228990843,1000
475,1.0103220862986957,36.72832163027429,3.3051825738173735,0.9343286286414667,-0.7013355391896381,3.008747810617787,-0.820962025838579,2.8416061984359704,1000,0.47251329481017423,11.712637415181007,6.753042069949394,0.6699181475318429,-1.1133845587297608,1.6311252259712121,-0.8405262743522377,1.7855528639725862,1000
476,1.0637835792371635,21.33670019033697,8.830372854053646,0.3500750921314939,0.47569143315879453,1.9101384549011586,0.37763639865943543,1.7499307598148914,1000,0.9668386610647941,25.912658622129314,3.3892627208163852,0.3715566062867754,0.250055841944189,1.7228074372559217,0.2385877127427144,1.6950896093868737,1000
477,1.1917164691404065,20.529905040419205,4.892797753516016,0.6112904626922566,0.05412283831287748,2.4394865911143664,-0.006412837736416543,2.3898457760172294,1000,0.5969760860034095,19.460643581275118,5.189298841728764,0.5451918370281945,-0.3327684902345743,1.8616943793668856,-0.4715999145718517,1.6655520865786706,1000
478,1.5238084540822368,32.37113976266005,3.1464918249853966,0.3660996768624286,0.7738144311333949,2.2308450614795294,0.8062530874318767,2.2413638207325968,1000,1.5384712911162512,29.76824141363788,2.4722681985662547,0.3715035905949081,0.6786791963355373,2.1724237747712407,0.8103242535502313,2.266618328682271,1000
479,1.4906468339417582,24.845623671855133,6.075829029482041,0.4268193764250445,0.7761033575969509,2.4425748142141583,0.654080856148671,2.3272128117348454,1000,1.498177705815503,21.731981108348425,4.415133505189878,0.4004512199395494,0.7585218633082378,2.2622543672559026,0.7132933147339862,2.28306209689702,1000
480,0.9999498217964042,34.88570970252039,3.6113289998875264,0.5536102594505118,0.0076241435134302175,2.3069370927425252,-0.08512628672659894,2.085025930319407,1000,1.008120012420842,21.180569133423585,3.926876679737217,0.5292268077766085,-0.11834587142480354,1.9335314639278935,-0.02916453082131043,2.0454045556629943,1000
481,1.91250395976747,30.06703279967267,4.035282730192595,0.6995704895391776,0.9117999222012951,3.5399511361481237,0.5413458002706821,3.2836621192642577,1000,1.4261145535980448,22.63458564596767,4.072516862817572,0.398892680531022,0.7378127792793938,2.290294880249873,0.6442848997572417,2.207944207438848,1000
482,0.4351276949707348,16.86014007493959,8.284811777187981,1.6015759735546837,-3.4664439446837205,2.797006217092578,-2.7039612131964454,3.574216603137915,1000,-3.633387003222153,3.4730794474460533,40.13513020194894,2.549945633501865,-7.853103259580098,2.091638208167962,-8.631280444885808,1.3645064384415022,1000
483,1.5666972988715293,22.36075896108082,5.652554526844945,0.42435166052912926,0.8978628881325148,2.56768033453795,0.734968044234436,2.3984265535086227,1000,1.3359910074695884,21.019134466114608,4.046978836890759,0.47567596260062917,0.3903123833466351,2.2656521856716942,0.4036661207723553,2.2683158941668218,1000
484,1.4352687174589347,32.167854573422254,4.537196975549097,0.500061607069369,0.6013860101443604,2.5338697114275694,0.4551479676029715,2.415389467314898,1000,0.6809848085894208,18.059201508493693,6.696524231276084,0.5775644371368607,-0.37016517405358157,1.813756024866317,-0.45104148819882606,1.8130111053776676,1000
485,1.2862757895434762,26.500129207506404,4.096501759025158,0.4832331010143694,0.3518123607279852,2.331622084740387,0.3391389115553122,2.23341266753164,1000,0.4917688454976008,12.103304289469481,11.273753923088416,0.899339092862072,-1.1455445680157321,2.570032018236745,-1.2709357765120604,2.254473467507262,1000
486,1.2727500708732755,38.536687215892634,2.6947412972252724,0.3892624939315353,0.6175147633140278,2.168622061883668,0.5097955827674664,2.0357045589790848,1000,1.143387262409795,23.80870970832977,3.5494613543776046,0.33221390719013727,0.5104833648281963,1.7592679387958439,0.4922480043171259,1.794526520502464,1000
487,0.004733013001608111,12.041931314093292,15.857353071700803,0.874500492062898,-1.7464169805797818,1.7501896094547427,-1.7092879514416721,1.7187539774448883,1000,0.6534213116920942,10.637232616253447,8.433249121541179,0.8814091053999861,-0.974211417017092,2.3591629313104034,-1.0741405348918784,2.3809831582760665,1000
488,0.904469752002766,21.746606511966345,8.909184655916775,0.38477413114841447,0.3238269365667337,1.7864338465083598,0.15031245495187373,1.6586270490536583,1000,0.522706602489734,24.183481147303056,3.1493138162194847,0.4165394659307349,-0.20777399791123582,1.422534090009252,-0.29371075073450637,1.3391239557139745,1000
489,0.9941078964053784,34.92917301265819,2.8372338249515234,0.3547210834449799,0.33287066693351003,1.7452052289432451,0.2988545728532179,1.689361219957539,1000,0.9132910454175907,30.84789504727912,2.6994371305821954,0.32896533607948514,0.3440694678467943,1.640407196719096,0.26851898670179974,1.5580631041333817,1000
490,1.4311710529013435,28.789533915390184,3.6677975436384056,0.6444258801227257,-0.03499645969740356,2.60638439197794,0.1680963278608012,2.6942457779418856,1000,1.4075790807091866,21.339835239725875,4.29139980137113,0.4404987632446624,0.5658650780170619,2.283121393530545,0.5442015047496482,2.2709566566687247,1000
491,1.7577970407842065,14.601657158978043,10.87738486964935,0.5014390449036206,0.8092299871281403,2.7964599592987773,0.7749765127731102,2.7406175687953027,1000,1.1638211845253426,18.455321408046153,4.965560327216427,0.5073608327975146,0.3204678820110605,2.3380440811041785,0.16939395224221387,2.1582484168084712,1000
492,1.1949887642147687,39.538185903135954,2.637539417191254,0.3341910770120342,0.5794757935315592,1.8578961904385727,0.5399742532711816,1.8500032751583557,1000,0.9571343178449006,25.924574606777135,3.277131125827783,0.35645546241787446,0.30904819004368295,1.702025087593583,0.25848161150586657,1.6557870241839345,1000
493,1.7512446380031799,24.869657276149745,6.316659810739923,0.5348041416739071,0.6757928101808484,2.7799849409636477,0.7030285203223219,2.799460755684038,1000,1.033763811499005,14.896556650889035,7.018681504436916,0.6751559241295529,-0.13831090430410586,2.5122172440765365,-0.28954179979491856,2.3570694227929287,1000
494,1.477575322205895,19.64540527850015,7.828706810768317,0.9248513358382758,-0.30271513334947237,3.4172306652863105,-0.3351332960371256,3.2902839404489157,1000,1.053370235000275,20.361987625333715,4.130232274863097,0.48928579519255433,-0.07760516954027932,1.9085486153268363,0.09437007642286843,2.0123703935776813,1000
495,2.288976704449961,20.49183044194116,6.162452199345776,0.7963921602217163,0.7827964203389622,3.882564661953696,0.7280480704153969,3.849905338484525,1000,0.6527910555106593,19.571512800553066,6.710516424353305,1.5601769929194549,-3.395351485067037,3.6185705570501807,-2.405155850611472,3.7107379616327907,1000
496,0.6783555470559386,27.687245801523144,4.255533398267976,0.30207589339180807,0.07027083573974154,1.2423167566378024,0.08628679600799483,1.2704242981038822,1000,1.0052623232004252,22.7844745948598,3.398921595616072,0.3556559585837205,0.3398092761688688,1.77330614922719,0.30817664437633296,1.7023480020245174,1000
497,0.6222731073571728,34.52107165365994,3.7998920760450465,0.45315543678045084,-0.3096716542631223,1.509711264186859,-0.2659115487325109,1.5104577634468566,1000,0.43357000773396237,17.042856632646256,5.829671024488943,0.6231678620710928,-0.530746601682922,1.947850135683723,-0.7878390019253794,1.654979017393304,1000
498,1.2248208951789064,34.953170044659664,3.203185570514833,0.3064003689883444,0.6283187753032946,1.8586632179583118,0.6242761719617513,1.8253656183960614,1000,1.033980865679423,21.544215137180043,4.936632414907427,0.5571642505330955,0.08129328199026879,2.3430023330473566,-0.05806106536544409,2.12602279672429,1000
499,1.397045851494375,16.638959188013036,10.58800667889055,0.687085361899773,0.26998390327500055,2.956423677226695,0.05035854217082014,2.7437331608179303,1000,1.666136108988743,17.907599114251493,4.429613704980488,0.45782577705402455,0.8682381826008463,2.493528888019578,0.7687975859628549,2.563474632014631,1000
500,1.5787014870998577,25.86952849300262,6.113274745906587,0.45200967854728563,0.6663496938809995,2.42882904138954,0.6927625171471778,2.4646404570525373,1000,1.4473726613123814,21.442454232425384,4.861367712868562,0.47630064002378986,0.4903769409697653,2.1540360808543793,0.5138234068657533,2.3809219157590094,1000
501,2.18952605276041,21.669297275232132,6.109154609811654,0.5270833044787331,1.2924635572095595,3.3525449124652806,1.1564427759820932,3.2226093295387273,1000,0.9251663349203074,18.18501760390546,4.825035089501564,0.6947429755734305,-0.39773676422758053,2.3658661178938925,-0.43652989720361624,2.2868625670442313,1000
502,1.1092873494087432,37.59526868137242,2.783876835615993,0.4294263764228448,0.09627025444576277,1.8706984422055037,0.26761165161996736,1.950963047197519,1000,1.4086454376143576,26.457725466422552,3.665766185052153,0.32805476455545235,0.7762188870920971,2.0400076642874154,0.765658099085671,2.051632776143044,1000
503,1.364126814400024,34.80660014139655,3.3942151820547046,0.44552570994148166,0.7042030668808914,2.406690514474533,0.49089642291472,2.237357205885328,1000,1.5500566029818985,18.36857960453078,5.561811565677822,0.7132244430435649,0.2737078249922039,3.0694833308178575,0.15213669461651125,2.947976511347286,1000
504,1.7822716251652442,20.23493355254104,5.172907966536447,0.7751403870812442,0.5886359732001499,3.5830256279561454,0.2629964664860056,3.3015467838444827,1000,0.4879428608473564,17.11968189581417,4.624873219416675,0.547973507290083,-0.6222133274974752,1.4987854409749897,-0.5860852134412062,1.561970935135919,1000
505,2.064774612813726,16.352118796541223,10.022853301662257,0.6915071213585576,1.0150096645996514,3.6994677724514826,0.709420654950953,3.420128570676499,1000,1.1768635315888987,17.41361676379871,5.180902475900752,0.5896751763900375,-0.03245629936637818,2.2232158401962114,0.02110018586442508,2.3326268773133725,1000
506,1.3789538302239355,39.05242080962427,2.6686322556573776,0.2920672390208376,0.8347688689515189,1.9671453608501162,0.8065020417430938,1.951405618704777,1000,1.0030747642001199,30.186033102535806,2.378789355646067,0.40452314441945275,0.10801528286394861,1.642483344850083,0.21020940113799247,1.7959401272622473,1000
507,1.8487786852545156,35.10287780334013,2.8216328478600317,0.38735375449240417,1.1793640044016982,2.7051156125712557,1.0895653264494034,2.607992044059628,1000,2.0110194468143776,22.23651783741652,4.517312297046864,0.49256996216732096,1.20923285245808,3.1071054101809468,1.0455823209664286,2.9764565726623267,1000
508,1.192746395852522,47.91174440550188,1.5698989727683095,0.3520427142984841,0.5701263865424583,1.8880353885733767,0.5027426758274931,1.8827501158775508,1000,1.0080364860243725,20.40150287157872,5.390453681362403,0.7184658127159952,-0.5490873477935008,2.3285350957497903,-0.4001565068989781,2.4162294789477228,1000
509,1.7635599842238399,15.667629555071363,11.066521223157448,0.5914703566105411,0.6638147056791613,3.019831263249506,0.6042780852671792,2.9228418831805003,1000,0.8272313187842459,20.977478092925427,4.010258624708471,0.6887691911138504,-0.7666992079410873,2.1150962315783572,-0.5227562957989007,2.1772189333673926,1000
510,2.088199789944607,16.598729055007716,11.320712499160049,0.6491267514945019,0.9771193150125221,3.418764141013775,0.8159113570153831,3.3604882228738306,1000,0.7856703944629064,23.113239642734115,5.23621114137356,0.44502891935277905,0.06162623586525743,1.8340995865703726,-0.08658628746854047,1.6579270763943534,1000
511,1.207057671559827,32.267088667743145,3.757180692747612,0.4694599189800966,0.35033279300015774,2.0968429296011943,0.2869162303588376,2.1271991127608163,1000,1.682126482670439,17.079408434673248,7.7491006452815805,1.311588717478484,-0.748078388569907,4.621583212094696,-0.8885874035873895,4.2528403689282674,1000
512,1.0803557751186186,25.084059504092256,4.749152363052469,0.6832393088700036,-0.3468745804882996,2.281657687129154,-0.2587932702665885,2.4195048205038256,1000,1.3562017218047324,13.660436010368548,7.222832799052883,0.4574412341420511,0.5242234558756653,2.297819452138744,0.4596169028863122,2.252786540723153,1000
513,1.9345720889670153,33.56751627929508,3.722044090812453,0.4984309223346461,1.18094770720312,3.053240232669891,0.957647481191109,2.9114966967429217,1000,1.3411490434097637,17.151881014573558,8.45549332580505,0.4225189155198677,0.513129483087375,2.240167006846791,0.513011968990823,2.1692861178287046,1000
514,0.5169763625639212,29.50018037568725,3.8040114654380757,0.34902618277535474,-0.11990895506398472,1.216367967080903,-0.16711495567577406,1.2010676808036165,1000,0.5717539697517191,14.400047447736931,6.71186984311325,0.3526418942279718,-0.1084481183651254,1.2735479265855645,-0.11942414293510561,1.2629320824385437,1000
515,2.073027569282777,22.891059606831824,6.7465557493077855,0.474647470305139,1.23276571102785,3.2176173714575405,1.1427185274847047,3.0033366110808495,1000,1.299050307474345,18.83911658010561,4.704808001784277,0.4569038741957334,0.5418566635991453,2.300253252493256,0.4035187140507074,2.1945819008979823,1000
516,0.4852723961016818,26.338861181067994,4.474811360203962,0.6104739868770779,-0.8689008868202834,1.5712417081023282,-0.7112566181773907,1.6818014103807544,1000,0.37422576201552626,13.297449592996633,7.180171788800839,0.6098274067050176,-1.0347157422225535,1.4711778978126928,-0.8210359551263082,1.5694874791573608,1000
517,1.8573051605059605,30.44373639169527,4.7195580900697545,0.5352759956183089,1.0386133578267798,3.176213338597879,0.8081642090940753,2.9064461119178455,1000,1.1325134566009982,21.282399572288515,5.491183487782028,0.4445632205299582,0.3076676859709723,2.042478833386254,0.2611695443622801,2.003857368839716,1000
518,0.9317137546808016,38.43955914160656,2.557676459747104,0.39035504243863073,0.2454333126599028,1.8210443412340833,0.16661787150108542,1.6968096378605177,1000,0.961462158811758,26.07704568284942,3.9819115609029945,0.4260864859052282,0.32228287925495175,1.9726563391690188,0.12633264643751074,1.7965916711860053,1000
519,0.9201043074361479,15.506457744363159,8.593959780521457,0.517708649213378,-0.017451579316605056,2.0426825872056553,-0.094604645022073,1.9348132598943688,1000,1.1748301437624291,9.401423235264037,10.961659572224402,0.8709723896981075,-0.44048721458483736,2.8804277158373313,-0.5322757400458615,2.8819360275707195,1000
520,2.2765797491414355,14.798495529537846,11.761246707716788,0.7409457483490474,0.783909000174073,3.6475276596580413,0.8243260823773026,3.7288334159055685,1000,1.251459639408673,22.485583320489635,3.820749979104639,0.41156447487643033,0.4086035013220272,2.0018054945612116,0.44479326865086954,2.0581260101664762,1000
521,1.0379626578832641,38.71670476630461,2.6101872474413543,0.5230535374302466,0.194703753812513,2.2338000923046066,0.012777724519980715,2.0631475912465476,1000,0.6184769941621138,26.537452944833994,3.4287712681493985,0.4592060410265631,-0.23778395401890526,1.5739545395806682,-0.2815668462499499,1.5185208345741774,1000
522,1.0720417795469785,35.677689973033296,3.040381505547146,0.38980450110139714,0.2369271234087838,1.77393558968549,0.3080249573882402,1.8360586017057168,1000,1.3911242481786257,26.761047865272868,3.5375067588333597,0.4698500341567558,0.156062532879429,2.0143268593078187,0.47021818123138437,2.3120303151258668,1000
523,1.8097436255459398,28.002999972385457,4.332782271941969,0.5792385897918848,0.8249980740816145,2.9929279424808795,0.6744359895538456,2.945051261538034,1000,1.4459561020540166,18.89695996163928,6.784639202172396,0.7783929623180629,-0.06977680536632562,2.933488279403851,-0.0796941040893866,2.97160630819742,1000
524,0.8629757102863556,36.197148044750165,3.681408368276904,0.41551857189293345,0.16101052476240818,1.8220882167244778,0.048559309376206006,1.677392111196505,1000,0.5054472398946097,15.805062962865964,6.023542234907218,0.6171696523212965,-0.6048457691734144,1.903428657754226,-0.7042052786551314,1.7150997584443508,1000
525,1.7328995172735533,14.095709735923926,11.279902335253805,0.5477062662138502,0.6552006769086548,2.9340975342033375,0.6593952354944068,2.8064037990527,1000,1.5601731199404414,11.650729020912557,9.307161377981995,0.8995294109081297,-0.2760794595383475,3.3325057274755596,-0.20290452543949278,3.3232507653203758,1000
526,2.0541612637951854,34.1738697745097,3.9049602454455994,0.4595494830084251,1.2882465377310606,3.0666331627351195,1.1534442770986724,2.9548782504916984,1000,1.660118087281822,18.78802409609441,4.889839756159427,0.52924019173877,0.8810473566867647,2.8215512779291463,0.6228073114738328,2.697428863089811,1000
527,1.4302487573221012,31.89944615074928,4.013866368037766,0.5069960339943785,0.36533920260262803,2.460579997315758,0.43653653069311926,2.4239609839510834,1000,0.7223886064518745,16.315180356371986,7.0717493090974965,0.6847383318083992,-0.1665629918250066,2.525929600565458,-0.6196985238925878,2.0644757367963367,1000
528,1.5802196606323973,18.425426942491978,7.115398074525844,0.7751286054839459,0.26057667149628444,3.3782585428926835,0.060967593883863413,3.099471727380931,1000,1.1001112806530662,18.91849296011339,3.9342958317820376,0.4967182680457787,0.04536715110182575,2.047206445771878,0.12654347528333998,2.0736790860227923,1000
529,1.5933334355862032,14.27243617435455,9.174634573042573,0.661299571789591,0.4230173920808478,3.047654841922188,0.29718627487860494,2.8894805962938017,1000,1.6580810728689845,17.666046927830624,4.088470031159406,0.5116690414542582,0.8706691263450534,2.8174389010578507,0.6552097516186386,2.6609523941193305,1000
530,1.4615966452087354,26.000897319438117,3.984649916959448,0.38678598084723176,0.6759659374949792,2.218011280546733,0.7034961227481612,2.2196971676693096,1000,0.8940123788225782,19.065847195252935,5.775970724570271,0.39256761708662496,0.27555609294297695,1.7775620545553934,0.12457984933279331,1.6634449083123632,1000
531,1.42012429880403,32.98570157415093,3.6883916282813822,0.3883349971110915,0.6789612270020011,2.1991565266540087,0.6589877044662906,2.1812608931417694,1000,1.197697994403084,24.178770577815342,3.353031276517523,0.4535986315860846,0.29949848951242497,2.0903491794066293,0.30864467649435834,2.0867513123118098,1000
532,1.4301158087968755,30.592219925209548,3.8464500292863453,0.35276679981906417,0.7830914208676554,2.208539353884148,0.7386928811515098,2.121538736442241,1000,1.24021042942758,26.276049507747615,2.8648698611238665,0.4093095626415496,0.5567796305583504,2.1908308787097632,0.43796368665014274,2.042457172205017,1000
533,1.50045187039616,9.705527326258903,18.829655592011054,0.5301436988919808,0.26873811854503715,2.3551243992504,0.4613702205678778,2.5395335202244422,1000,0.276493416278242,17.514237894672352,5.362564207914585,0.6539897907133552,-0.6735748377788062,1.8664266247186723,-1.0053265735199342,1.558313406076418,1000
534,1.3700847655795156,12.211213719738481,13.483814390379894,0.7055579510189777,0.25257804706123504,2.9937272835638704,-0.012808818417680667,2.752978349576712,1000,-0.41177246362694,6.328769752670606,20.418925848049895,1.2783497082593631,-3.0514378388132535,2.0077259586756497,-2.9173378918152917,2.0937929645614117,1000
535,0.854831543088749,23.463504975895674,5.746416639965672,0.5320198731908887,-0.31314346737558885,1.868451910473928,-0.187927408365393,1.897590494542891,1000,1.3481523965915114,21.07467411597085,3.624630373314015,0.3920358866829278,0.5478716835896251,2.092730313984515,0.5797620586929729,2.11654273449005,1000
536,1.19175057932035,37.359983584977726,3.3809743698974213,0.4381219779429694,0.21989383440496693,2.0214464536030525,0.33303150255213,2.05046965608857,1000,0.9998039040457138,25.22733224117946,3.063346928602863,0.4252867720831115,0.06387453825035067,1.6801175447077297,0.1662418307628153,1.8333659773286124,1000
537,1.2228243940251233,26.899073840923915,4.497972749767422,0.9474263977023483,-1.1962162315137899,2.5003002327473713,-0.6341313454714792,3.0797801335217256,1000,1.338772064594702,16.50394618072786,5.6269215545316555,0.4839952698803369,0.4962794994653486,2.3780145183293695,0.3901413356292418,2.2874027935601626,1000
538,1.239612288108396,28.99199001014243,4.500024377417556,0.625640674616728,0.154425948571774,2.6604762055325755,0.013356565859609093,2.465868010357183,1000,1.5490753567939026,18.36455529221315,5.395798129259425,0.40474700998997415,0.8503494011092299,2.36563047470503,0.7557712172135533,2.342379496374252,1000
539,1.667585944074322,28.31132530271796,4.142148006860295,0.506125505733919,0.8058106787871,2.814844688988386,0.6755799528358407,2.659591935312803,1000,1.1711823339661689,16.617647555204307,5.561505172289226,0.632955564274662,-0.24486388883402557,2.2796310335416297,-0.06941057201216871,2.4117752399445065,1000
540,1.636197009082874,27.959711104686264,4.1972731424931276,0.6318810747906268,0.44599230073469626,2.971585222383195,0.39771010249324545,2.8746839156725024,1000,1.1856957529719119,24.81842578122792,3.8458510193948032,0.8247570437354065,-0.820407223515478,2.3329903092785207,-0.43082805274948477,2.8022195586933085,1000
541,1.306801307828024,35.25307934200119,3.5469928514455407,0.44830873133946075,0.38522792072266426,2.2151411138853563,0.428116194402681,2.1854864212533673,1000,1.5154129121914361,24.57655338553702,2.8257237645295437,0.6107046480855839,0.2457459705207495,2.5515080165301374,0.3184318019436918,2.7123940224391805,1000
542,1.587010583803136,31.60871692325645,3.1228759342768653,0.38139638767809436,0.833673941315496,2.364006108847,0.8394736639540712,2.334547503652201,1000,1.623575930450278,29.52753890200942,2.846916135341587,0.47481841142360587,0.7997758463345016,2.656124425520011,0.6929318440600104,2.5542200168405453,1000
543,1.3017425913152274,24.702377956752844,6.490279825423877,0.46713530919966695,0.5193500405208701,2.3958718549576927,0.3861573852838802,2.2173277973465746,1000,1.4464012959776866,21.312878630331994,5.058500028792373,0.4939216683902096,0.5659311999793804,2.5590462246095376,0.4783148259328758,2.4144877660224973,1000
544,1.4475169329084334,25.34793144294633,6.232087968210306,0.32068294865609426,0.8730395483521025,2.1135596251914057,0.8189783535424887,2.0760555122743782,1000,0.5938028494997147,16.7581944740874,7.110963594465155,0.6089460042283142,-0.4960705555384527,1.9110880070464176,-0.5997313187877811,1.7873370177872105,1000
545,1.888156552890576,21.085881265449096,5.970997190346406,0.559864441331993,0.8108810724108808,3.0918463195468617,0.7908222478798697,2.985490857901282,1000,1.5241682736928004,20.0793706168596,4.784711580177504,0.3719842681471289,0.7438514028111544,2.260506583601103,0.7950791081244277,2.253257439261173,1000
546,1.2243264284377484,17.44703784051356,10.040836423975662,0.4584465859282874,0.27271366690415716,2.050391422403469,0.3257711200183051,2.1228817368571917,1000,0.9788562557021359,20.25693617692851,4.8193473100965685,0.3815507533342756,0.17547496668252438,1.6615488377137975,0.23101677916695562,1.726695732237316,1000
547,1.526724616293715,32.19969915842265,3.841575324471319,0.4986531928353787,0.7091653549123991,2.67785972568285,0.5493643583363728,2.504084874251057,1000,0.4849891073203003,17.101110162267958,7.280609507133479,0.8414173747416833,-1.3179694733810214,2.027814852924613,-1.164188947173399,2.1341671618139997,1000
548,1.999669756193286,19.38567029649879,8.380393210532914,0.5076177359407412,1.2768970450228636,3.1564967802141717,1.004738993749433,2.9946005186371387,1000,1.3370070247288912,12.341879127926449,7.521444352929863,0.6752439697060861,0.27453036246677315,2.9136128450417305,0.013528844104962356,2.66048520535282,1000
549,2.0500511437039486,24.358836971608717,5.371447630814217,0.840455834598374,0.9097717837474474,4.325554312085913,0.4027577078911355,3.697344579516762,1000,1.3752509427878437,22.38676359510872,5.533647012526421,0.5404920430560611,0.1500391506138158,2.411112583696675,0.3158865383979639,2.4346153471777234,1000
550,1.316608911049185,32.85869789053415,4.42996590373867,0.426954247173231,0.6474255928419718,2.350832192579623,0.4797785865896522,2.153439235508718,1000,1.053434576626973,17.740154934793967,6.647561181953469,0.6553179115854427,-0.15334367711589683,2.345213537401865,-0.23098853008049458,2.3378576833344407,1000
551,2.0519497735779315,7.018241405998516,23.315197164944045,0.8748718162406267,0.8919330965164092,4.24315047033979,0.3372010137463033,3.76669853340956,1000,1.2359038507879951,4.78541160717603,23.09985271677538,0.8624204590126681,0.1443569576836535,3.6142216953622777,-0.4544402488768342,2.9262479504528245,1000
552,1.2475974280132462,33.187145873315195,3.6234786841528335,0.4431251782073291,0.3379048263142385,2.111349896551203,0.3790720787268812,2.116122777299611,1000,1.175371967190872,30.6881609412452,2.692562212248632,0.5558544400690446,0.05357712175894,2.10285980596287,0.08589726465554448,2.2648466697261993,1000
553,0.5553701370547257,19.968540908992754,5.952520532975054,0.5454682794987594,-0.5934293514442812,1.5887238295049646,-0.5137476907628427,1.624487964872294,1000,1.2714571480405321,16.344025226412885,5.275250792858467,0.3895950002511256,0.5463935992296046,2.1061818127584133,0.5078509475483259,2.0350633485327383,1000
554,1.894129178017344,22.901397884343762,4.770393373165828,0.6242562196026523,1.0192604611773475,3.3751367390099176,0.6705869875961454,3.1176713684385424,1000,1.7046664962966267,23.03113732404307,3.4115183982080404,0.5882865235562537,0.7114567065126873,3.0156556262008287,0.5516249101263695,2.8577080824668837,1000
555,1.103500078265473,35.57375352081099,2.9797168612799054,0.3501046597885564,0.4655849352992716,1.819844541748497,0.4172949450799023,1.7897052114510434,1000,0.8138260433948119,15.840863102361933,7.794724510268514,0.5204333402365993,-0.11355859889339123,1.968270752206286,-0.2062233034689227,1.8338753902585465,1000
556,1.0613786378951366,25.529926775591264,4.562462259994351,0.45773784659890115,0.19043712365820153,2.098141961733149,0.1642124585612904,1.958544817228983,1000,1.0767331956871393,26.716524274401664,2.8047387239625046,0.39056834855482203,0.48073840254997063,1.9530983287646706,0.3112192325196882,1.8422471588545903,1000
557,2.1883852084239575,18.91250965705414,7.892354189527116,0.6327663513186722,1.0401492324563653,3.5591600088704483,0.9481631598393601,3.428607257008555,1000,1.1864697384219927,19.022805680571018,4.648495549031319,0.5152202559498629,0.33292758572265735,2.250491802377312,0.17663803676026135,2.196301440083724,1000
558,0.45074844146322457,30.860276629648617,3.9748953395933966,1.1871598680840885,-2.9128355155865218,1.9887903073167867,-1.876084899981589,2.777581782908038,1000,0.9946934313075788,19.46002742579245,4.367167403750712,0.4108331388861758,0.2379704271680597,1.6945919569054233,0.18946047909067432,1.7999263835244834,1000
559,1.6201583020500208,23.31028468506991,4.884410534555948,1.086780426628183,-0.23923958911425078,4.196942505507398,-0.5099313341412179,3.7502479382412597,1000,1.5929354829554265,10.434540406723954,8.872391432497015,0.6359167385697582,0.31571744016138026,2.840787184479559,0.34653867535870053,2.8393322905521527,1000
560,1.8436432847037973,10.157951765898966,18.762546822685163,0.46294322037546976,1.1234508554261928,2.999395283948128,0.9362745727678766,2.751011996639718,1000,1.2652366166226257,12.542641854654525,10.974673521244226,0.6283684532710705,0.2937319045611629,2.731853124707211,0.03363444821132755,2.4968387850339235,1000
561,1.756411931163796,14.268755337425468,10.456937540730904,0.49864625841500004,0.8738439940271334,2.826611924478477,0.7790652646703959,2.733758597657196,1000,1.229186242541141,12.539203512893376,8.120375193329103,0.7809964535311607,-0.15301940237804418,2.94274002699525,-0.3015668063799337,2.759939291462216,1000
562,1.183768334163747,38.13058123654873,3.0079260489125246,0.3413197098300216,0.4763657883942747,1.9076263573663026,0.5147817028969047,1.8527549654305893,1000,1.2978110139094383,30.27716650523148,2.8064089035204636,0.4408197585097524,0.5302373687086862,2.176222609176416,0.4338042872303236,2.1618177405885532,1000
563,1.1650734086148833,22.20362988808345,7.757690664578087,0.6692146312901882,0.13729256872628534,2.653570882244863,-0.1465872687138856,2.476734085943652,1000,0.8179356762287533,17.7282509171704,4.403865090918008,0.5949482133487622,-0.4188073700399507,1.959434403695122,-0.34816282193482073,1.9840341743923273,1000
564,0.9772312876247402,27.97353380492536,4.785366857557464,0.5300939768528761,-0.09741643962289588,2.0664413449717207,-0.06175290700689695,2.0162154822563774,1000,1.0050614531673547,21.167833010617972,3.520288999867514,0.3641641079685681,0.3792259221737246,1.7823494667984652,0.2912998015489613,1.718823104785748,1000
565,1.0367292624530609,23.18013187078274,5.067635611335723,0.6212856885890178,-0.12382898407820125,2.390103727881922,-0.18099068718141398,2.2544492120875357,1000,0.8219122173753886,26.488525468205772,2.992938975858193,0.6287971379401477,-0.2269300822792098,2.167968060152479,-0.410530172987301,2.054354607738078,1000
566,1.8700360960767775,27.977117488732492,4.327342620123995,0.5138883505301253,1.0307243537170203,3.0381556142028776,0.862814929037732,2.8772572631158226,1000,2.0063436320917827,17.149715271935115,5.419762182749458,0.4444184042253028,1.2385190746162524,2.894848563034401,1.1352835598101891,2.8774037043733762,1000
567,0.13334344769659845,16.58012169443616,11.153664413101938,0.9777978440946029,-1.6433741929194194,2.280893953572857,-1.7831403267288233,2.04982722212202,1000,0.5699517074360072,17.826431452747624,5.222045640642241,0.37901172859588433,-0.23995672310903848,1.3099271565822754,-0.17291128061192607,1.3128146954839406,1000
568,1.1170697152186277,42.651756136394205,2.013074929948695,0.2780004311037634,0.5834206184428483,1.6521438953735033,0.5721888702552516,1.661950560182004,1000,0.670452797343533,20.113660706445387,4.471088428417116,0.4719441982900188,-0.38970086191128367,1.4211497423574153,-0.25455783130490384,1.5954634259919698,1000
569,1.0565956835571262,30.16692371661223,4.508236951061038,0.4514258966577963,0.25932229142809715,2.015136714421764,0.17180092610784548,1.941390441006407,1000,1.3096553247373057,22.11202125368848,3.961971595585867,0.4757544769559484,0.44654944526728696,2.308178249105571,0.3771765499036469,2.2421340995709644,1000
570,1.2440637905876226,30.22798654765535,4.7077381577060615,0.43468758179086986,0.4099000864050664,2.0663053777401186,0.39207613027751775,2.0960514508977273,1000,1.2399743298331374,18.426863182828097,4.259909157332278,0.504377011070433,0.1623803901043355,2.147286261298271,0.25139538813508877,2.2285532715311858,1000
571,1.1209695495764298,41.97506262850703,1.9178372174074538,0.34703791307174364,0.42278267694299987,1.7764976627192528,0.44077523995581225,1.8011638591970474,1000,0.7548573014974527,18.26073020252459,6.911888216110482,0.4877724946725138,-0.11925394676187402,1.9384488488484608,-0.2011767880606744,1.7108913910555796,1000
572,1.8248214741619764,41.43132785816366,1.9024273900291662,0.4995362378707915,0.9241285338080999,2.8418508453245006,0.8457304479352251,2.8039125003887277,1000,2.224206719254126,22.372724697458153,3.9331269848192174,0.5709492856738101,1.1897241133804086,3.359924864575003,1.1051461193334584,3.343267319174794,1000
573,1.4380398086092159,15.460770118697464,10.646635905849118,0.3673632163214555,0.8072752924601913,2.210479307449023,0.7180079046191631,2.1580717125992686,1000,1.191437439929699,21.686137041226146,5.033174399702686,0.4467143977805274,0.4632162021554406,2.2167261512774585,0.3158772202798653,2.0669976595795325,1000
574,1.5110574266820054,19.019495765529925,9.266719080435855,0.599401329187005,0.4523009839094731,2.827497899804618,0.33623082147547567,2.685884031888535,1000,1.2911921280820071,20.02634988440406,4.724015896972188,0.4397498932436726,0.49219999313280666,2.237730382043715,0.4292823373244089,2.1531019188396052,1000
575,0.9116693305399348,25.727163615106807,5.838026483720217,0.8884835309715723,-0.48765405752647684,2.96629975627073,-0.8297583901643468,2.6530970512442167,1000,1.050174824973313,24.93222746133659,3.3473659872477883,0.3545314798313096,0.322840049512507,1.6832826800815308,0.3552931245039461,1.7450565254426798,1000
576,1.21064994421331,34.62268204403629,3.1261278576307863,0.42704894955890804,0.47064977274987885,2.1435308305121663,0.37363400307785033,2.0476658853487697,1000,1.382649604357443,13.898821877538651,6.005219444032789,0.4534742511008376,0.47619626132400233,2.2398683083894824,0.4938400721998013,2.2714591365150847,1000
577,0.9500719924929695,25.996624601398707,6.066405869168182,0.3463289350913916,0.3174379865481408,1.6823008326483406,0.2712672797138419,1.6288767052720972,1000,0.47933295986068636,25.515238911080818,3.456295461332639,0.43560872585873833,-0.35886663153702464,1.3589754322625631,-0.3744601428224408,1.3331260625438135,1000
578,1.9374685433531988,19.942301426730012,8.180148558856933,0.723796647627791,0.8282485893614617,3.781319005459073,0.5188271140027285,3.356109972703669,1000,1.1013909916186981,17.1501966759927,6.50135892987432,0.5945337057911528,-0.28538965431055846,1.9978170161329944,-0.0638950717319613,2.2666770549693576,1000
579,0.7976911590228819,26.227691002153577,4.650376500777855,0.48523293347848295,-0.12567351449789557,1.7639239240906335,-0.1533653905949447,1.7487477086407086,1000,0.5068133489609168,18.567455834320835,4.804198604997711,0.4659367746158649,-0.3283628689703216,1.4785865835019105,-0.4064227292861784,1.420049427208012,1000
580,1.7041600614385832,17.773555965636085,8.999332796996052,0.6401760394490759,0.3669610173943363,2.966494351388218,0.4494150241183945,2.958905098758772,1000,0.8463874224333572,19.268214907046335,7.672048494988742,1.0207132780077566,-1.398968488052434,2.525371352430103,-1.1542106024618457,2.84698544732856,1000
581,1.3786307229717896,29.078775591423362,5.57416689674813,0.48616040699146096,0.6050539445523655,2.508986263462485,0.42575632526852614,2.331505120675053,1000,0.8514826477431856,19.13308310184213,4.554182038501868,0.3756651200344523,0.15754102923748164,1.6313069711459818,0.11517901247565909,1.5877862830107121,1000
582,0.9423314552261854,36.80236256424614,3.0357682529735803,0.3468259419036508,0.23260250144189631,1.6465709809390783,0.26255260909502987,1.622110301357341,1000,0.9801662878702038,28.88121599821599,2.9029268799466483,0.40609995712079533,0.34610341842470527,1.9430285973676262,0.18421037191344491,1.7761222038269626,1000
583,1.2545075992595078,45.160011332605606,1.660657022852702,0.39191700717781924,0.4677309265643932,2.0175350232460563,0.4863502651909821,2.0226649333280333,1000,0.824575844729178,31.485801957352304,2.411763388944089,0.36523477109668756,0.07100923082387078,1.470255784877239,0.10871569337967035,1.5404359960786858,1000
584,1.9613645003841775,28.153319293113416,4.547755201383262,0.6133494407847399,0.9736276917256547,3.3769375956963787,0.7591995964460874,3.1635294043222677,1000,1.1687390206205022,16.19799320353959,5.419563719134983,0.7011113685251711,-0.31274608318458497,2.624050015188785,-0.2054392616888332,2.5429173029298378,1000
585,1.6406063657925025,25.695210264790987,4.344319914788492,0.509607576695252,0.7350450155961248,2.694125519510066,0.6417755154698086,2.6394372161151964,1000,1.2797583800851582,19.461087095164263,5.580468270727306,0.514631444168043,0.39250255902082515,2.37415238824955,0.2710807495157941,2.2884360106545225,1000
586,0.9467442481909822,24.61819387516202,5.2085706418649265,0.5503927252916662,-0.15035977829019678,2.023352174756408,-0.13202549338068348,2.025513989762648,1000,1.4521970661647325,14.309910909874722,6.398554435297734,0.5350068340665823,0.5483156051455731,2.744380967768089,0.4035836713942311,2.500810460935234,1000
587,1.7807445425712591,15.77878711620501,11.404242339479778,0.3660841694997051,1.1403060558011628,2.5868316779728366,1.063219570351837,2.4982695147906813,1000,1.268104919337326,15.824261358865378,8.426489457020017,0.7158165962638703,0.017770467581363147,2.8760119463691773,-0.1348956093398599,2.6711054480145116,1000
588,1.4692482922051053,35.81140279755793,3.00689028373556,0.4513267412415111,0.6363193068372053,2.433665748765282,0.5846478793717436,2.353848705038467,1000,1.037167974866016,16.129635137615676,7.68960951514966,0.7993060626447327,-0.6537603835641561,2.5656776687723624,-0.52947190791766,2.6038078576496924,1000
589,1.5440003654693528,30.13978892409768,3.7340473244115997,0.4195083050013503,0.8669674559260676,2.45600538024998,0.7217640876667063,2.3662366432719995,1000,1.3081454073782846,15.131272929460255,5.510229391457467,0.6633981867961682,-0.05871844550838523,2.5235562113457215,0.00788496125779492,2.608405853498774,1000
590,0.9431952519102969,30.59467397550649,4.132090172817758,0.5257686612630093,-0.04413827467603342,2.0650281167830267,-0.08731132416520127,1.973701827985795,1000,1.1775672561288832,19.78926786069134,4.446137107083264,0.37957018992768177,0.5053935778720503,1.9444777556699036,0.43360968387062704,1.9215248283871396,1000
591,0.7815157995717783,35.453604775580246,2.98132241309652,0.4287874903732837,-0.06822630218266464,1.6150794715015864,-0.058907681559857705,1.6219392807034143,1000,0.5932620687252794,24.69922693591593,3.16139522357374,0.3510378180248644,-0.018028951313098403,1.3183039823349747,-0.09477205460345473,1.2812961920540136,1000
592,0.37826690945078445,29.536813436539664,4.497193339483765,0.5863652627853652,-0.7574908027622786,1.5714421233292437,-0.7710090056085313,1.5275428245101002,1000,0.8496053854771377,20.670572125881222,4.4539239390069145,0.34277063819604325,0.11466178973663314,1.5192439772639745,0.17777493461289295,1.5214358363413825,1000
593,1.9021030884253054,8.545536428620279,21.169227165839125,0.5677661062575058,0.8156233663530568,3.001524121647482,0.789281520160594,3.0149246566900167,1000,1.024319553073179,17.029424902512186,7.3715831809216,0.5309786751083859,0.07918498561432895,2.194006582719169,-0.016398650139257454,2.0650377562856157,1000
594,1.3473545935862772,38.19011418315145,2.4913281227926207,0.3703857692463671,0.6938424064933427,2.1888663552596808,0.6213984858633976,2.0733107013091567,1000,1.000118203032875,19.732610391348786,4.854963820624764,1.0094426523131004,-0.5992626244114244,3.199442708665951,-0.9783893955008016,2.978625801566552,1000
595,1.3201927453074123,26.076368902276098,4.953418743707116,0.5533404526292057,0.3721328807786625,2.4944009644748886,0.23564545815416915,2.4047400324606554,1000,1.0762627828272646,20.673992800739406,3.7484063734282427,0.6043215631624782,0.1258553289927166,2.5657920719048617,-0.1082074809711926,2.260733046625722,1000
596,0.6379817036613415,19.84356580623301,5.829928890076669,0.6921454908056116,-0.7108174181839693,2.138254517097704,-0.7186234583176572,1.9945868656403403,1000,1.1959197026597024,29.235482870064725,2.5202106226543353,0.4776982813946703,0.04811939206528624,1.9630481641392217,0.2596310711261486,2.132208334193256,1000
597,1.6424781727105184,37.37566169450203,3.2513980585933973,0.3639254375561505,1.0024849937523492,2.4147857404872384,0.9291843151004635,2.3557720303205736,1000,0.9902844828696367,23.88934359962948,5.003544462424238,0.4726686296860889,0.03998954296173842,1.8780120920840058,0.06385396868490245,1.9167149970543709,1000
598,1.4144189593816647,14.543458600361381,11.124033750636368,0.4749715760145953,0.6588787598206672,2.5310894040869223,0.483474670393058,2.3453632483702713,1000,1.2533646158495646,23.259420503471357,3.12222598964614,0.4504735757427781,0.3764446774227533,2.101322928598502,0.37043640739371964,2.13629282430541,1000
599,1.3485819194201798,44.3889557058169,2.1067091242352722,0.3545853627285822,0.6897077077496988,2.129718927025263,0.6535946084721587,2.0435692303682007,1000,0.9226982487756494,25.883985760977396,4.24865982093765,0.5116235180040454,-0.07281458534178509,1.9166952672269477,-0.08008384651227951,1.9254803440635784,1000
600,0.5214530278263831,35.72924425738631,4.008929670615,0.7819439572631828,-1.2371227640290992,1.7554323056731311,-1.0111571284094552,2.0540631840622217,1000,1.2058784590591012,24.24876018168358,3.574665891239752,0.3759406566441143,0.5145690345786715,1.997122492620823,0.4690347720366371,1.9427221460815653,1000
601,0.32079663615470677,15.22402077698604,11.332569007978584,0.6129283123064825,-0.998867814422176,1.4850661794881406,-0.8805428559659989,1.5221361282754124,1000,0.8473694777879746,23.272479146068246,3.6336687179597575,0.4757207959513637,0.027087032300305392,1.8944192412904852,-0.08504328227669822,1.7797822378526473,1000
602,1.3905989186226972,21.09648192028795,5.935920442842287,0.7157387918061352,-0.18359989811527858,2.6669613960821716,-0.012249113317327698,2.793446950562722,1000,1.4364486132175056,12.384435528703506,10.022877759695444,0.45923620730128584,0.6911160669913767,2.5026079604901303,0.5363456469069854,2.3365515795280256,1000
603,1.3662909444662663,22.3990338799599,6.867524614334892,0.542711704590829,0.44725034365412153,2.708258647012496,0.30257600346824165,2.4300058854642907,1000,0.6050980018251755,16.909332151409043,5.116469501922371,0.4051164336031317,-0.08136904107522773,1.4960705784097248,-0.1889302080369627,1.3991262116873138,1000
604,-0.8493714454119425,14.95689592148502,8.739316181841707,0.8703243735327698,-2.6780894185307966,0.6733960144941565,-2.5552072175361715,0.8564643267122862,1000,0.7507552641613326,6.021195755535141,19.71076108668984,0.9164595174856538,-0.5896716507653333,2.8954859906781603,-1.0455053901105487,2.547015918433214,1000
605,1.9100694525306792,21.877492795419172,5.481495541961983,0.34975533315360424,1.2738291835296884,2.6152647902624877,1.2245489995496148,2.5955899055117433,1000,1.5452194410667688,19.324528388154086,4.498976522000246,0.5257903356566457,0.6103368886045284,2.666814295850152,0.5146703831797432,2.5757684989537943,1000
606,1.280217408873344,36.32385867962038,3.9920966997707166,0.4265207519837848,0.4159771815036146,2.152102826688487,0.44423673498512584,2.1161980827615623,1000,0.23817483457268684,25.836650754568982,4.7878231082174505,0.9886090329391632,-2.392170129011629,1.4984028734969772,-1.699498869988073,2.1758485391334466,1000
607,1.1971653071890977,31.934669872301722,4.024874819961329,0.3872543699057822,0.5218810220993483,2.049780654504658,0.4381467421737646,1.956183872204431,1000,1.0014577087645136,20.839071796837796,5.90434220631529,0.567634082451236,0.08814191841400965,2.283733012999784,-0.1111050928399091,2.1140205103689365,1000
608,1.9705945521043722,16.696227351804897,9.742927062567446,0.8378972372454285,0.6111828459950754,3.81008154905083,0.3283159671033322,3.612873137105412,1000,2.001171519386888,15.04623869461743,8.422393956904637,0.6053641079387088,0.9211823909841759,3.3073649376503167,0.8146578678270189,3.1876851709467573,1000
609,1.2790166525171598,34.08702827942834,3.749960691284433,0.392504040320377,0.596575654538583,2.157954466085283,0.5097087334892209,2.048324571545099,1000,1.729106022931771,18.52783889147461,4.656719917583676,0.908227954079281,0.3020183200940082,3.9105652365115864,-0.0510207670636198,3.509232812927162,1000
610,2.1719903901717155,17.391486863490847,9.315788215149764,0.8562283054259355,1.0529842687577533,4.1410605728587795,0.4937829115368819,3.850197868806549,1000,1.2647050526320542,19.01679898433489,6.5714951162045105,0.5029274418372781,0.4851205618263727,2.467603634855023,0.27896726663098914,2.2504428386331194,1000
611,0.7869409821338134,26.185076679477767,5.830060219611061,0.4917604575980616,-0.21754858172453778,1.8134948521139738,-0.17690951475838734,1.750791479026014,1000,1.2857595197546585,21.431038307215957,3.9622765492992547,0.40699165733603343,0.42164947096637834,2.0663678833829615,0.488055871376033,2.0834631681332842,1000
612,1.8208824138485613,32.90354569996188,3.290328303849224,0.4061074766035856,1.0879447676782121,2.757855485031409,1.0249117597055335,2.616853067991589,1000,2.3142760763460695,15.722721304402784,5.213098505194186,0.41694893009809586,1.509064179730573,3.1272376611435404,1.4970561733538017,3.1314959793383372,1000
613,1.153248722664801,22.841885992204517,5.37556277791849,0.5971667782459824,0.004416164583457459,2.3526857395124683,-0.01719816269732455,2.3236956080269264,1000,1.3281649603726104,18.103008316661274,5.297924344481905,0.5298868333400382,0.4023690980088058,2.396473882920891,0.2895867670261356,2.366743153719085,1000
614,1.0657964160051203,19.338269797955444,5.8151684153851315,0.5578349079540345,0.031006728671004936,2.262646459277595,-0.027560003584787163,2.1591528355950276,1000,0.4056973096872034,11.790254472375686,9.775223957912397,0.9856867395438701,-1.6430854012023024,2.8407034386575414,-1.5262486998187819,2.3376433191931887,1000
615,1.0066111059729494,17.517320878713868,9.720036457030497,0.7363169003166199,-0.1301555018917882,2.8401450281356557,-0.43657001864762557,2.4497922305935242,1000,1.0140213432096932,14.640730393580403,6.293940010207881,0.795314361288948,-0.36407696481398266,2.917027696364337,-0.5447948049166447,2.5728374913360312,1000
616,1.6118332655447762,19.199935751779048,7.07129877571894,0.45378169150543923,0.8267940676773633,2.6807985696686703,0.7224211501941153,2.501245380895437,1000,1.1760318599361201,16.041317498248134,6.0565078910534265,0.5217766095679126,0.21310372893205362,2.2649542117600725,0.1533497051830115,2.198714014689229,1000
617,0.9044538886238409,38.21744635708937,2.7500453097056705,0.3961880905596085,-0.002052837821141939,1.6675176165037169,0.12792523112700827,1.6809825461206735,1000,1.1495787259476722,24.278092886805783,3.026940504522306,0.4557010040462353,0.14571049237611072,1.9287525935052978,0.256404758017051,2.0427526938782936,1000
618,0.6802548806712965,19.5796846356179,9.460637057267737,0.6093603033262721,-0.3063781736600129,2.1465460298733374,-0.5140913138481968,1.8746010751907898,1000,0.7071850293834063,21.990250208618168,6.094533064377578,0.7036899784532116,-0.9862737206565408,1.8960692329974114,-0.6720473283848882,2.086417387151701,1000
619,1.0774706111047836,22.181312682393695,7.568305960251756,0.4452067157715023,0.47142974489728995,2.2179665580565,0.2048654481926392,1.9500757740169279,1000,1.0572362719156354,20.632428592442317,4.839474842184948,0.44587030004885664,0.3487721431850166,1.9873468533106924,0.18333048381987638,1.9311420600113944,1000
620,-0.2040571423725468,27.136038787041542,5.374982062878179,0.8113094684153183,-1.9522003943139354,1.2166049231881437,-1.7942237004665706,1.386109415721477,1000,0.8418536234736327,24.748513669693143,4.206366606331189,0.49866691716230555,-0.005609305797661649,1.7861829982938349,-0.1355335341644862,1.8192407811117515,1000
621,1.385933405203809,27.91912012641674,6.068582034343469,0.3632264998884919,0.7371111216856046,2.1210504891217483,0.6740094654223648,2.097857344985253,1000,1.087247742156026,19.497796436506125,6.2853931214037315,0.46675452637255244,0.20107210808765744,2.087101661218712,0.17240887046582332,2.0020866138462288,1000
622,2.06545493499752,36.36248797970204,2.8778386938812073,0.6544996862550215,1.1580843848193318,3.593856807651996,0.782635549937678,3.3482743200573624,1000,1.932518154612397,24.691515824794596,3.0214911813791696,0.5551693913319594,1.0045097844706656,3.1444650175333027,0.8443861476017567,3.0206501616230375,1000
623,1.1366030359825419,37.527327037082394,2.882182997719175,0.3064241027302728,0.5895227382215239,1.7433358152047467,0.5360117946312072,1.7371942773338764,1000,1.2424685494778152,31.71531839407853,2.3210701550179693,0.34437310901568674,0.6309129625412481,1.9613416483581345,0.5674972558070691,1.917439843148561,1000
624,0.2601468531468436,29.65323659679315,4.161788229543529,0.8862149538804313,-1.7099428961590581,1.8358065034680222,-1.4768344564588016,1.9971281627524888,1000,0.5117037116243548,11.483789808964795,7.096111444514492,0.47009017498275346,-0.261982119035896,1.5640076563066383,-0.40967303134184196,1.4330804545905516,1000
625,0.4663064387801774,32.21668531747529,4.497346761316227,0.4617856933177091,-0.5475326428528614,1.254961808955853,-0.43879352012253237,1.3714063976828872,1000,1.0438476548202238,21.988218664194452,4.344374427100005,0.4588778105765191,-0.031104297269463243,1.8172679260322122,0.14444714609024634,1.9432481635502012,1000
626,0.9933644542763989,48.695490037608344,1.3333565990797671,0.326552201001605,0.3778593530145578,1.6472599390140172,0.35332214031325315,1.6334067682395446,1000,0.9592547525985613,30.157317840008897,2.4875256572482978,0.30430637360205015,0.3442169642220585,1.5258431897452256,0.362814260338543,1.5556952448585797,1000
627,0.8617117428647627,26.11328108959272,5.67529599871066,0.5196296148080505,-0.10593310383557082,2.020044615103657,-0.1567623021590161,1.8801857878885415,1000,0.2061128156849863,17.302352913569568,5.242887349545866,0.46633364682542966,-0.8143959856591256,0.9844448519205561,-0.7079011320928558,1.1201267634628285,1000
628,0.9585328899159355,38.11784207870771,2.66680954518908,0.31859641058303956,0.23047863687690529,1.5561102402393316,0.334083925173178,1.5829818546586931,1000,1.1782474224952502,31.264026243231402,2.7456848852866935,0.42506106638581,0.3515861689930401,1.9765440373108678,0.3451277323790626,2.011367112611438,1000
629,0.9616954158535034,41.22712012265181,2.3377326057202956,0.36941117708536025,0.2737327725684979,1.7681107867692525,0.23764950876619728,1.6857413229408094,1000,0.6441576291983844,23.020568832061194,3.51530377793511,0.36420486385906425,-0.15362375619017477,1.334954182589258,-0.0696839039653816,1.3579991623621503,1000
630,1.0895000868158546,30.91092254015703,5.1499080497944245,0.49767026408720383,0.28028292975446717,2.2973578099643044,0.11406636920493518,2.064933804426774,1000,0.8783928854754899,23.61710020594983,4.3864254970018814,0.6107569666548914,-0.43893563323501067,2.1705733656568236,-0.31869076916809735,2.075476540119077,1000
631,1.4269140498119837,43.57497913264866,2.2119402316960723,0.35482290886054707,0.7567267540624931,2.169751506778414,0.7314611484453114,2.122366951178656,1000,-0.26663543359715236,11.285057612088805,13.887690938213678,1.1432707860669094,-2.474402063964841,2.1013582515796685,-2.5074461742882947,1.97417530709399,1000
632,1.2732623665819807,25.289418151817927,5.5889625396164435,0.4053368031513855,0.5695109165059207,2.1755393496525186,0.4788022324052651,2.067722500758696,1000,1.1494479360420766,25.245035006245857,3.4888975591501152,0.3691719540715274,0.4908042364600142,1.9416083512395488,0.42587090606188294,1.8730249660222702,1000
633,0.9391541505441943,33.41594171124583,3.6614272709912288,0.7092890257244551,-0.9673718695526637,2.0231823378255176,-0.45105233987573756,2.329360640964126,1000,-0.9028958822266855,13.012473869520022,12.882024916561383,1.6562413772481992,-5.094356275411907,1.7424454390791406,-4.149128981633156,2.343337217179785,1000
634,0.8419584840727814,43.028866088209014,2.1736464346960247,0.3859293464416732,0.06461878077182491,1.5743281746553375,0.08553696504710195,1.5983800030984607,1000,0.7399158227312319,19.940031864603785,4.3602597572647666,0.554013339167761,-0.27746211477188826,1.8292338989410575,-0.34595032203757947,1.8257819675000433,1000
635,0.6567850199582153,40.10550529629186,2.923973069389419,0.3651039398798394,-0.1296506495245994,1.3392164606363643,-0.058818702206269946,1.3723887421227006,1000,0.5791212404651374,24.981751254869025,2.942497732241091,0.3748465081230615,-0.11262717999917951,1.3464903390675018,-0.15557791545606314,1.3138203963863377,1000
636,1.392617580683747,32.49282412339424,3.8654833570715597,0.4562205823302695,0.5721697678215243,2.340846362332723,0.4984252393164188,2.2868099220510754,1000,1.2810184047795856,24.91268853614857,3.3181716748880166,0.48244831607315175,0.36902170961646846,2.282834885724232,0.33541970527620824,2.226617104282963,1000
637,1.274128530144564,33.556322955108264,3.17965600172678,0.34979336773357794,0.5939211054328632,2.0314720520554372,0.5885335293867512,1.9597235309023766,1000,0.6330459577299745,21.94260417185228,4.398118615433258,0.6292929414451106,-0.8401489655407615,1.844578937169075,-0.6003682075024424,1.8664601229623914,1000
638,1.6291150650052286,17.490656280206455,7.757660190608976,0.7766147316698421,0.1671514011737408,3.2118658999902094,0.10695019093233826,3.151279939078119,1000,0.889311217735177,20.627379102195682,3.9866150785073,0.5764262673626166,0.057195076103220145,2.265935578942774,-0.24048426629555153,2.0191067017659057,1000
639,0.6394090472206027,25.246167865517453,3.8312904338582325,0.6618131074906942,-0.9403781284808902,1.6641102064033724,-0.657744643461158,1.9365627379023633,1000,0.7402881596060844,16.92384194138428,7.225898139700691,0.42339854622027295,0.011453624264432121,1.666093516143901,-0.08957299098565052,1.5701493101978192,1000
640,1.8213681195134768,35.419799979028944,3.3080616175895106,0.3785163411826042,1.1352013206587739,2.638036186004372,1.0794760907955725,2.563260148231381,1000,2.5092179507083494,34.28898542118477,2.0340125876841326,0.6680705405157249,1.6489041813607843,4.087888464387055,1.1997996912975286,3.81863621011917,1000
641,1.968839065401176,17.439221771597964,10.9084534261798,0.8226773918684473,0.6935635222583654,3.952907834696015,0.35639137733901927,3.581286753463333,1000,0.8692641013234297,24.843371481267344,3.2328379694053258,0.46228631558014605,-0.1342893572839636,1.643735715667897,-0.03681707721365657,1.7753452798605158,1000
642,1.485664569709182,35.19355787385927,2.931162699977488,0.45674590688429434,0.7970424261596945,2.6393693952767285,0.5904425922159651,2.380886547202399,1000,1.1407630942473577,27.171377740610712,3.574244628170509,0.4245223821197583,0.23639778446942197,1.895495584141726,0.3086992252926314,1.9728269632020838,1000
643,0.5223928786389491,34.89551227190457,3.8326136510703774,0.47514588256300205,-0.523561166484941,1.3297104675680285,-0.4088930511845349,1.453678808462433,1000,0.5744379837418334,19.07838356786267,4.272308382166396,0.8472236610031874,-1.621064386271738,1.8800588870237105,-1.0861203918244138,2.234996359308081,1000
644,0.4736866044420589,17.502266399599094,9.764186334153054,0.617760206699857,-0.626589715968148,1.8082304517517707,-0.7371234006896608,1.6844966095737786,1000,0.5049119704192844,11.407589064892653,9.356590868987725,0.6864714928486031,-0.6705371049924044,2.2726769770625515,-0.8405721555639776,1.8503960964025463,1000
645,0.7905100611194875,31.65230063660012,4.871854550140107,0.6118076136686215,-0.5095738061974268,1.955370486569187,-0.40863286167101043,1.9896529839099855,1000,0.7716269109501583,24.94892608999872,3.2001737306911466,0.46006689448047544,-0.25418014500991926,1.530600710812815,-0.13010420223157348,1.6733580241318902,1000
646,1.100032401616408,49.069609586803516,1.362916391999262,0.2927411845936964,0.5812425844545938,1.7295627234061075,0.5262596798127631,1.673805123420053,1000,0.6927081378580606,21.158487360307628,4.7909416518002494,0.45560355960755583,-0.08043240586841027,1.7471446475791492,-0.20027483897274878,1.5856911146888701,1000
647,1.3631719867937162,25.9272880535509,5.832305742231982,0.5891816345167771,0.19798009422175702,2.5501673089931853,0.20837598314083317,2.517967990446599,1000,0.648128894161939,20.178439813609625,4.606453316970222,0.382067599778871,-0.08534036771935276,1.3842540068241278,-0.1007236014046482,1.3969813897285261,1000
648,1.5291120468387356,35.57458435665239,2.9820814253737327,0.39948938536590467,0.7972348942035703,2.3687662217605596,0.7461128515215625,2.3121112421559085,1000,1.5842124758897405,18.76451161448525,4.039987527486924,0.6580218322105823,0.5881172138338134,3.209018848127847,0.2944896847569991,2.873935267022482,1000
649,1.2941304553347628,20.042235464553016,9.437893277677636,0.3137853090098374,0.7333934291185902,2.017932948228055,0.6791112496754814,1.9091496609940442,1000,1.137904802184036,27.23948451514271,4.189260160478461,0.5145066926811256,0.10779618803940283,2.1503245071409824,0.1294716845290298,2.146337919839042,1000
650,1.273514448895805,23.280699558913017,4.81935599573461,0.4168830131191369,0.578480779406286,2.2411246741546944,0.4564237431822967,2.0906051546093134,1000,0.39717608192578524,6.128050361301764,18.711068921397207,0.6123843939772811,-0.8836856712931618,1.3605534597477038,-0.8030973302696855,1.597449494121256,1000
651,-0.1455993607696966,14.241348208430479,12.83354486752665,1.0367236854849158,-2.094275986811669,1.7335467716482866,-2.1775777843201314,1.8863790627807382,1000,1.0968451161938404,18.995442799864865,4.876936439744577,0.36811071437272574,0.3983295709991025,1.8915209413706553,0.375348116023298,1.818342116364383,1000
652,1.0962071091232015,42.357619105707556,2.3183247764108432,0.44649515643318155,0.2872532707995607,1.9514682815778983,0.22107660251416572,1.9713376157322373,1000,1.073629569752249,27.49991684863535,2.621028268243072,0.3920891917312858,0.19253785539617616,1.7163298248951682,0.305134753958929,1.8421243855455693,1000
653,1.226433051458515,26.447477372485242,4.605113295244798,0.8298706983966321,0.13178039144705386,3.3211307827293917,-0.4001135173988839,2.8529796203159137,1000,0.7753337339487893,23.949396490896646,3.303195670368607,0.3686906744962835,0.06337215873993782,1.4919232865423249,0.052700011936073654,1.497967455961505,1000
654,1.1224447585350052,14.63408969976422,12.009962601771834,0.8230673852888946,-0.15049198096255087,2.8949451433062823,-0.4907673166312281,2.7356568337012384,1000,1.3062750890864998,16.27244356969467,4.639508336283921,0.3804628569166679,0.6077230699477272,2.086651658037321,0.5605678895298307,2.0519822886431687,1000
655,2.0398154444271883,29.343341639433692,4.371545874009729,0.4677289032136888,1.1220506886137354,3.0488086761019915,1.1230667941283583,2.9565640947260183,1000,1.6788889367606235,13.655588899128103,7.406242135999549,0.5530952851654616,0.7669953348930459,2.9163760677122452,0.5948221778363187,2.762955695684928,1000
656,0.6163721244445575,29.294761088316886,5.006353808095832,0.6632570582685554,-0.6737160274757176,2.1394753423293493,-0.6836117097618111,1.916355958650926,1000,0.5363525140910372,13.731277288927242,6.491035048468559,0.4557337404057899,-0.4206839035175253,1.4322746526086236,-0.356885617104311,1.4295906452863854,1000
657,0.5535063306231724,33.8350167608656,3.265123122868667,0.45144059389640423,-0.34448831754221215,1.3983202874594904,-0.33131723341377983,1.4383298946601246,1000,1.3859872163378606,19.129440334978128,4.518305361088897,0.42740417084896065,0.5443131110242615,2.198303913133813,0.5482750414738977,2.2236993912018237,1000
658,1.8270447547777207,22.97908487583508,7.0172337852063205,0.5044224385543925,1.0481849014379103,3.0530844670103066,0.8383767752111113,2.81571273434433,1000,0.7628783219011108,18.94978959435075,4.30579736224423,0.41288794640529386,0.050284292560257834,1.6386854567973896,-0.04638205305326515,1.572138696855487,1000
659,1.7758752051622753,27.978898392078204,4.042910548488619,0.39100525809162406,1.0666509107382838,2.573986621594437,1.009504899302692,2.5422455110218585,1000,1.5489174853167786,22.026781023602755,4.107041970189389,0.29707031726385513,0.9540049326635264,2.174186481956463,0.9666596634796226,2.1311753071539346,1000
660,1.7311243231397218,28.071930140901024,4.944074089917939,0.5296876757509654,0.9393956200240964,3.0294824883497866,0.6929364786678296,2.7693121676116137,1000,1.5368615413392572,23.176855616455597,3.4261633399642712,0.5544044007678308,0.6944573208694763,2.890718381838147,0.4502289158343089,2.6234941668442056,1000
661,1.046824003847238,19.303260110882025,7.251589476114057,0.73838578394551,-0.3131450361364926,2.6748815450272527,-0.40041213268596154,2.4940601403804377,1000,1.696901068858562,17.10562454472885,5.2145109088988235,0.4356229324103282,0.847557003794801,2.58115199603907,0.8430801213343188,2.5507220163828053,1000
662,1.3366126502263702,33.676271988374836,5.2583887084893695,0.31606414194163207,0.7837197663755242,2.0388542670136123,0.7171269320207714,1.956098368431969,1000,1.3105049302478988,37.391205341736104,3.4554540240273046,0.472756736689785,0.18361564691252538,2.036666370493444,0.38390172633592023,2.2371081341598775,1000
663,1.2123008429615632,32.389415263193094,4.669884771709415,0.4335584392534949,0.39995974681007146,2.112770602964701,0.36252630202471314,2.062075383898413,1000,1.2427832285448686,17.164832505547565,8.319095937765214,0.8195528760325823,-0.13894825802965416,3.4186340969035607,-0.3635404084789928,2.84910686556873,1000
664,2.064147118918066,30.9933297854047,4.802910567499854,0.8542078941724361,0.9001292290877552,4.18515143709497,0.389899646340091,3.7383945914960406,1000,0.8082129648173906,21.771007615948918,4.803571935204076,0.43076541276098673,-0.0034254964316494853,1.6910867224575754,-0.03608724419414344,1.6525131738289245,1000
665,1.653223408390578,30.762923471300873,3.9744945168647945,0.45610625019121415,0.9052347070583528,2.765560362466261,0.7592551580157982,2.5471916587653576,1000,0.995549331458633,22.736679481765563,3.479306514115296,0.42384280871415464,0.07148511835515488,1.7829414724776171,0.16481742637888996,1.826281236538376,1000
666,2.260579738909317,14.104192336971325,14.271800895904022,1.1148721298127129,0.18437059115042842,4.630592428063674,0.07543036447640006,4.445729113342234,1000,1.3915476063235472,19.644493744068683,3.906339630538223,0.42003467771039255,0.49155785205239005,2.158601761729399,0.5682796380111779,2.2148155746359164,1000
667,0.778457410659406,35.503253414226975,4.120434882683334,0.2806348231572053,0.16628065213031462,1.3118865596884746,0.22841315727128364,1.3285016640475282,1000,0.8271545319593745,33.67643395536837,2.1609691384071845,0.262295933829894,0.28994076187163825,1.2901722857290323,0.31305450165278226,1.3412545622659668,1000
668,1.0691528463034952,27.07010585841641,4.46737551723495,0.5103707515883691,0.20584927464140543,2.163599672234621,0.06882617319029172,2.0694795194166984,1000,0.17067045992041407,18.704417696917236,5.53594897961917,0.4920509202481767,-0.7521964866757339,1.1840781885984826,-0.7937493437660122,1.1350902636068403,1000
669,1.3536780787716047,29.115510074717477,3.269379731418149,0.523977630509363,0.2657158513826948,2.3087224302124665,0.3266819229732534,2.3806742345699563,1000,1.7337146498027955,14.55942744667788,8.850090928078949,0.6008677457670526,0.8482784204501158,3.1177263515902522,0.5560138680993725,2.9114154315062186,1000
670,1.207762403278866,32.234449786667426,3.6021367522009307,0.5985028203572441,0.05454462984059436,2.5284025663853744,0.03469687537866761,2.3808279311790645,1000,0.754197055094429,20.058161269477853,4.338063682462649,0.5796710801248,-0.3467443170770436,1.8654708624493446,-0.3819582619501789,1.890352372139037,1000
671,1.6638141310963297,21.14373114663071,8.084277112117507,0.48237176671489884,0.8258074673616477,2.7124310793169575,0.7183654683351279,2.6092627938575315,1000,1.3970396947589512,16.87845267717363,5.501886830800803,0.38327147860822247,0.726484882484869,2.254595402244629,0.6458275966868352,2.148251792831067,1000
672,1.1852775097315131,40.09806855804772,2.43943960609833,0.6087762089468028,0.4140811109809497,2.778033280419166,-0.00792385980422039,2.378478879267247,1000,1.2955315077098952,18.886874952229,4.828758426478861,0.41581158230479043,0.3800396247052823,2.035017369981705,0.48054080639250596,2.1105222090272844,1000
673,1.4979980604192886,21.809871599298866,7.044632032828548,0.646641972754497,0.31921029793864303,3.0233559355439015,0.23057979382047455,2.7654163270181025,1000,1.5513840278702455,21.753427076147013,3.887816465880335,0.5679019988325276,0.6566741900409819,2.84016028948,0.43829611015849146,2.6644719455819996,1000
674,1.7840597408399625,34.80036716664262,4.134850263970879,0.4581377471125979,1.0029644492277365,2.8671277596891587,0.8861097564992707,2.6820097251806545,1000,1.4564860270685829,26.715706834676833,3.324004852655879,0.5013461853195788,0.40535451885855184,2.3371466888153223,0.47384750384220853,2.4391245502949572,1000
675,1.8432305625336922,33.73817763300222,2.779930878153863,0.5562820791033525,0.9070159793465423,3.1524105167933274,0.7529176874911214,2.933543437576263,1000,1.0261279700106116,20.46472537591303,4.797865706606225,0.5807289147805691,-0.02849241885969508,2.3021905377080873,-0.11210070295930374,2.164356642980527,1000
676,2.0336305177617984,30.109586631764376,4.41452907933641,0.643377673587546,1.0161108190903314,3.6137571070037375,0.7726102775302082,3.294650757993389,1000,1.2755934049377544,23.885629965151907,4.293653843665669,0.36485592141937734,0.6620453588610227,2.1013939379163955,0.5604757989557748,1.9907110109197341,1000
677,0.9654835514212148,38.75982471258095,2.9634238264158363,0.318303227532012,0.37517358006949797,1.6287406406632805,0.3416092254584713,1.5893578773839583,1000,0.5139169004817168,28.797288247970577,2.5778243850972937,0.30707871848010665,-0.053186082215753196,1.1282053966261907,-0.08795738773929218,1.1157911887027256,1000
678,1.5556807315596524,29.349343451724454,5.044711683395519,0.457188645337137,0.7404135113498618,2.5020617775576413,0.6595909866988638,2.4517704764204407,1000,0.9506862968600922,29.609585511821965,2.758889387399466,0.3867611746668748,0.2724622088164276,1.8050000783004452,0.19263439451301756,1.7087381992071669,1000
679,2.028461814352066,32.10116359729551,3.1751648562626156,0.548256816330062,1.098783825630753,3.2126991865353394,0.9538784543451444,3.1030451743589875,1000,1.5854827322293927,26.387703503118196,5.187635722396532,0.6373851167070556,0.683342414237455,3.048759644584716,0.3362079034835639,2.8347575609752216,1000
680,1.0826963960466185,30.212822345387654,4.33725497385404,0.4251605928853769,0.23254492396761978,1.9295204120198248,0.24938163399127977,1.9160111581019572,1000,1.5613065371991763,22.469526475689698,3.366754332126095,0.43143359543310184,0.8421369348664626,2.4325297082348927,0.7156966901502968,2.406916384248056,1000
681,0.9641934988105958,24.970083102305423,6.314484862345358,0.32200369566641174,0.32628395220628836,1.638316368859315,0.3330662553044288,1.5953207423167628,1000,0.7876765554814118,24.652227812186364,3.673337674050644,0.37328943911634616,0.005456522668920939,1.4669133777273642,0.0560292548133734,1.5193238561494502,1000
682,2.028239857087739,26.871095570107634,6.064385614863249,0.5063984945221089,1.1363032654698855,3.0858386926883186,1.0356988078244056,3.0207809063510727,1000,0.9156519199566122,11.053707723926522,13.151694673176552,0.9411849160123841,-0.6060595454382817,2.920753171679296,-0.9290705154276606,2.7603743553408853,1000
683,1.3659016922805516,12.914782685506731,11.075498092167697,0.6652531347940445,0.20842273188319455,2.871506144254651,0.06200554808422454,2.669797836476879,1000,0.8720508365071495,22.63356898690314,4.564892593458729,0.5516355773582646,-0.005063356198409096,2.2508209226392824,-0.20915489511504903,1.9532565681293481,1000
684,0.7019676569574131,23.35209427133915,5.044769855743543,0.3489239507595072,0.025378153517993742,1.4093036510660115,0.018076713468779038,1.3858586004460474,1000,0.6988916851039102,18.9609857769981,4.2915718313955145,0.4272911507505019,-0.09473267814306345,1.5747221176682256,-0.13859897036707347,1.5363823405748938,1000
685,1.4382839285465638,18.14226585343972,7.888830862712913,0.518624279340716,0.33028631261913954,2.4096686225917208,0.4217803410387606,2.454787516054367,1000,0.9107579601927931,9.24908012564957,15.053541923748156,0.6915092088171094,-0.3345940335293365,2.390453836940202,-0.4446000890887414,2.2661160094743273,1000
686,1.8977078619517491,27.72321221021036,5.196625419529688,0.5503539325825889,1.1242492689313708,2.974366400903208,0.8190141540898748,2.9764015698136235,1000,1.6629163396854576,26.810017868556706,2.853412658184403,0.4973852882103127,0.6813461876456111,2.6141749747200578,0.6880411747932448,2.6377915045776703,1000
687,1.3829781361429967,40.95653473576692,2.3394623821890046,0.40267529951866465,0.7222904153253925,2.240276405477603,0.593734549086414,2.1722217231995793,1000,0.9307403971511663,23.34653859143466,3.473761438380309,0.543757793901483,0.09950224371910237,2.209835938447066,-0.13502487889574044,1.996505673198073,1000
688,1.4101752086315262,30.67936646298053,4.632587854344144,0.5026828830335549,0.5410513696388626,2.558096269191722,0.42491675788575867,2.395433659377294,1000,1.4015317393863884,26.363773382595916,3.3349968066466027,0.45475357407283856,0.6316946097584263,2.3698789578387385,0.5102147342036248,2.292848744569152,1000
689,1.9110651533014917,29.783473699564414,3.927934198786164,0.5286755481463863,1.1309855329954013,3.195018811769423,0.8748610789345745,2.947269227668409,1000,1.5487856445613666,21.73669712408235,5.385874985832445,0.7673125235624201,0.20558532872352847,3.1797831758628785,0.04485309837902318,3.05271819074371,1000
690,1.9329002055834597,11.222613493498022,14.759595517406414,0.4354949004736511,1.0873219931467584,2.821630723320628,1.0793302006551035,2.7864702105118155,1000,1.5457772462581634,13.600884574520226,9.527543612395878,0.6091194542959013,0.5341260919730518,3.1487895654242215,0.3519031158381969,2.73965137667813,1000
691,1.4855489927007122,33.89797165457382,3.3643136539795515,0.35517503619234575,0.8815692641475333,2.2394894068916558,0.7894059217637145,2.1816920636377097,1000,0.9726399419081757,20.2113622473622,4.274208146974517,0.3634543846061886,0.34994344484992473,1.8002881338065457,0.260269348080046,1.6850105357363054,1000
692,1.4112617897277677,39.27178494035068,3.2513318632556394,0.38857932335673107,0.7047386812967502,2.224168182550655,0.6496463159485748,2.172877263506961,1000,0.9974314614789899,22.073809380347193,4.353280135624872,0.5816541342804581,-0.10736269853161097,2.20970275740205,-0.14261064171070803,2.1374735646686878,1000
693,0.9528513496536397,31.91600675527913,3.879713133317917,0.3871426169719448,0.264125146940444,1.8420136318953506,0.1940518203886279,1.7116508789186515,1000,1.0891379565187396,25.479999986822406,2.8690951418850794,0.5006118424753947,0.15539452770419288,2.0022609941673313,0.10793874526696601,2.0703371677705134,1000
694,1.4250080449798057,27.324881599310597,4.812186829246707,0.4149544864336525,0.6491138681538374,2.2677788581452396,0.6116972515698468,2.2383188383897648,1000,1.0381879198614996,22.56674020044799,3.5005458528179116,0.42475486686582864,0.2861109176219234,2.0866398653600813,0.20566838080447547,1.8707074589185237,1000
695,1.6241122956979397,15.843662504180916,11.562677902948623,0.6216011157964825,0.7456659718038248,3.21083849799423,0.40577410873683406,2.8424504826590455,1000,1.1661320471072447,14.894869255383094,6.633158313855442,0.4577205055743802,0.3018802127493683,2.0983638255929296,0.2689998561814595,2.06326423803303,1000
696,1.1481953206971203,12.822781585916262,12.147887916497357,0.7416758712255683,-0.507127020801454,2.512649197785312,-0.3054893869049937,2.6018800282992345,1000,0.9037583922950867,13.427458239108013,6.644400868342812,0.771625191874949,-0.6970222969597899,2.4989475694474197,-0.6086269837798135,2.416143768369987,1000
697,1.609829373064489,27.596270064482603,6.174984726113539,0.8030410948599837,0.20097448285311903,3.5585072012859373,0.035868827138921144,3.183789918990057,1000,1.1412357071601789,28.81229791465124,3.2746745758372424,0.46081663232110853,0.29398088089126956,2.112588205593077,0.23803510781080617,2.0444363065095517,1000
698,1.318856465910749,25.776902295784087,4.455622699372273,0.4837777867049804,0.44033331297868117,2.3766023995912833,0.37065200396898734,2.2670609278525102,1000,0.642919084005197,16.40501490326119,5.1860974652698975,0.6782096512770831,-0.8004109329773292,1.9511458851127133,-0.6863718324978858,1.9722100005082799,1000
699,0.8855966388224457,40.518892706007634,3.10744154982988,0.4426766716242639,0.21746683869438807,1.9301410302547166,0.01795036243888848,1.7532429152060027,1000,0.4004962217572414,18.520761946698904,4.645709184617016,0.389392965717218,-0.45489661265751696,1.0980159294205651,-0.36271399104850577,1.1637064345629886,1000
700,1.6615678233255564,26.273479328621338,5.029161251159143,0.5459523696733728,0.8291314076657865,2.9321070627102195,0.5915011787657458,2.731634467885367,1000,1.7555680936942188,20.859410540721615,3.5288034101740307,0.9346706202020335,0.6170614528261156,4.301883742664765,-0.07638632190176686,3.5875225092902046,1000
701,1.5610188608805162,35.97822014039058,2.7853621500115575,0.45236160527316444,0.8626929874155677,2.6531621256307076,0.674390114545114,2.4476476072159183,1000,1.1010022330707496,24.239344890703176,3.546366645811288,0.5157906464828018,0.24411132446325048,2.2136627170262817,0.09005256596445799,2.1119519001770413,1000
702,2.0971626161141685,31.129097099323538,3.340303355197972,0.7095633251393723,0.7999988567768904,3.802527654556076,0.7064184988409989,3.487906733387338,1000,1.0554694179940936,15.625647854274293,8.548713827136293,0.6787019029519802,-0.3568796500403155,2.5746592839685274,-0.2747863117917877,2.385725147779975,1000
703,1.6285447872559307,37.863737649585154,3.2313787836187466,0.7739160895265241,0.6384559738996975,3.743512981031386,0.11166925178394349,3.145420322727918,1000,0.9664671635229247,18.84362049896971,5.454988021700803,0.4428366480794549,0.23226023680053812,2.0253811194443014,0.09850733328719319,1.8344269937586564,1000
704,1.465086155914276,38.95579302667126,2.802407577887189,0.5007378813156764,0.49015050683089567,2.5444900289491006,0.4836399085355503,2.446532403293002,1000,0.8418223680464076,23.296897515163238,4.271269664569738,0.44807009974698625,0.08903495195813306,1.8839230437623204,-0.036395027457685414,1.7200397635505007,1000
705,1.2750650531830043,30.04011837450397,4.297542379285238,0.44357189155885846,0.4319652785869286,2.1788279511941235,0.40566414572764176,2.144465960638367,1000,0.09052729369021817,15.018369405870232,5.613022000715303,0.713400433250757,-1.4486503564739863,1.5013568666981412,-1.3077375554812656,1.488792142861702,1000
706,1.2587535904970628,25.018228345261246,4.600153661851623,0.6332568890080906,-0.01406915005431261,2.492740125305004,0.0175700880412053,2.49993709295292,1000,1.3860356047524371,23.27207905831754,4.409244397791582,0.855267209720287,-0.8318805494848435,2.68803980485858,-0.2902881262993253,3.0623593358041994,1000
707,0.9119172276839396,29.76296502643924,4.249901668101915,0.4516531153340525,-0.032695843541007394,1.9102712967875526,0.026677121629196665,1.7971573337386824,1000,0.48682103815719024,21.259415864521582,3.6713580026761057,0.5263440719409943,-0.5296794840635461,1.661394437095262,-0.5448133428471587,1.5184554191615391,1000
708,1.781832308467564,18.22565612887819,9.524175763084344,0.6776533963997542,0.5266772472770783,3.2467932947161864,0.4536316515240457,3.110032965411082,1000,1.4336394314323713,26.749327518317056,3.3757998227927715,0.34643504640428285,0.858693159888645,2.214299900669924,0.7546267404799769,2.1126521223847656,1000
709,1.956131796205375,17.50785008466834,10.998014590410914,0.8214356905609332,0.5564417977677292,3.7540759361441913,0.3461178427059459,3.566145749704804,1000,0.9513054167065409,24.45612021964862,2.9144805564960974,0.48296599653286487,-0.2656876930481199,1.6555498799451183,0.0046920635021258095,1.897918769910956,1000
710,1.1427633053827195,37.999532851865105,3.0413359443055326,0.5300374288430062,-0.025255880230467913,2.066320361540725,0.10388994485042735,2.1816366659150117,1000,1.707423851034315,23.340657459208973,3.7642415278730996,0.5060444628266714,0.8014798996892227,2.6433132656494447,0.715576703894039,2.699270998174591,1000
711,1.952153603634394,30.138142875529553,3.6997795225655574,0.6372705252418475,1.124333768472547,3.620400591167556,0.7031033741603729,3.201203833108415,1000,1.2938177300947709,19.46339498913143,4.358727361393737,0.49214567459661684,0.3007721812452846,2.315402324489151,0.32921220788540184,2.25842325230414,1000
712,-0.6799220383763238,14.839903823528202,13.213889698705694,1.5488085075233085,-3.690201995642035,2.046930796087502,-3.715586713122008,2.3557426363693605,1000,0.764988509367273,15.571471300489222,5.818966535703668,0.51162256495303,-0.2594166296906082,1.7785241782412895,-0.2377917179406659,1.767768736675212,1000
713,1.4657262118209646,25.433845862921316,4.624017988042507,0.6280690289997006,0.12034236517424643,2.7008259148240614,0.2347109149815514,2.696741508660378,1000,1.1238846792283133,22.083009408033334,3.9025270450639824,0.4113711623765876,0.3329434396715585,1.8529559651775476,0.3175972009702016,1.930172157486425,1000
714,1.3401649811338676,31.22872048747826,3.8362841435400896,0.49798491074202805,0.35318410363665687,2.3235998436252583,0.3641145560794926,2.3162154061882427,1000,1.251058140695251,22.01398384946472,4.025076343634404,0.43646221354379866,0.44491767667167276,2.1191834511290755,0.3955922021494056,2.1065240792410966,1000
715,1.9698377714784694,24.241099405337803,5.3081914267773715,0.7515198422616488,0.7773812025535535,3.840527768285843,0.49685888064563777,3.442816662311301,1000,1.455501690902604,25.27096077556763,3.120143482980693,0.4481640030981917,0.5667285093821223,2.3696569440085895,0.5771002448301482,2.3339031369750596,1000
716,0.7024087040717584,17.929474805614692,9.041279521712044,0.8107291194735171,-0.7796621256858997,2.502134653669401,-0.8866203700963351,2.291437778239852,1000,0.6069126253516903,16.99432469099624,6.683686362131708,0.6168856636662631,-0.34378995711627475,2.182674375193218,-0.6021832754341854,1.816008526137566,1000
717,1.884880071472807,17.049693762184017,9.325397529181222,0.8578470170348795,0.2488009187213424,3.4866056915710124,0.203499918084443,3.566260224861171,1000,0.7539622345385943,15.308639815002328,5.583363811531355,0.5620622793447031,-0.22453365705243009,1.9665502605757335,-0.34767983297702365,1.8556043020542123,1000
718,1.6120217434623567,38.57690759964525,3.64881299016461,0.32109697927377234,0.9891499644242031,2.3113370640357727,0.9826716640857629,2.2413718228389508,1000,-0.2617158468907572,8.090359199682547,20.191045591665723,1.5253725883408384,-3.4590940798224907,2.6180481797737425,-3.2514461200388003,2.728014426257286,1000
719,0.171671137302162,26.731213340832156,5.542460114794971,0.8278237278746287,-1.9457389808630088,1.4682879367144808,-1.4508633693321102,1.7942056439364342,1000,0.6215338367196614,16.2767946964068,5.212452887407045,0.47935853168330617,-0.32167207050354213,1.6033628309592607,-0.3180088853796186,1.5610765588189415,1000
720,0.9772532596632666,31.68016581141267,4.150181539894217,0.5797447765629732,-0.23027090582740328,2.071536417224773,-0.15904650240016083,2.113553021726694,1000,0.49221242642012397,14.257979292939448,8.851730002609862,1.2837725285769253,-2.080332190186085,3.301534348560835,-2.0239817295906493,3.008406582430897,1000
721,1.6358649653928645,32.328230976813494,4.049660238560025,0.3284516567114522,0.9513554169171121,2.3164771414542904,0.9920997182384182,2.279630212547311,1000,0.9436012166320311,21.45744669150558,4.117252216392229,0.4267661086012233,0.24550810314675153,1.8509112863184318,0.10713964377363339,1.7800627894904288,1000
722,1.528685875319356,21.19182945038139,5.966423762089564,0.6693724230592959,0.49642840419591877,3.1029928395356428,0.21671592612313595,2.8406558245155757,1000,1.058202833805621,12.86855919888286,8.654072109680163,0.6804152698416114,-0.37697232868777986,2.374644595532713,-0.27541109508393724,2.3918167626951794,1000
723,0.9523742693338355,34.34734600159285,3.3957951156967154,0.307666136333,0.36830524742419585,1.5829434311411266,0.3493486421211556,1.5553998965465154,1000,1.208749846001898,25.693777111117093,3.063050232598581,0.38160497004939126,0.5251652177940335,2.0297367585592827,0.46080410470509114,1.9566955872987046,1000
724,2.0152402718734956,30.647825880119434,5.644351931561521,0.5231099278494881,1.2005370826224349,3.2502789182523593,0.9899448132884991,3.040535730458492,1000,2.397750151314964,16.11864068996021,5.209532348093809,0.6781468764546679,1.1851816544289127,3.860919659740069,1.0685822734638148,3.726918029166113,1000
725,1.5542454111256325,27.33698283779342,4.236800286099445,0.5144907602979131,0.6546868808861522,2.6496086401082115,0.545843520941723,2.562647301309542,1000,0.5990477146302111,19.21586668579701,5.208771441654831,0.6499566180312757,-0.7057415868043101,1.8938593693755694,-0.6748672567110892,1.8729626859715114,1000
726,1.0661314422189605,26.718588641929752,5.057494961053761,0.5229656801461664,0.13074312843580385,2.1562286257535237,0.041118709132474285,2.0911441753054465,1000,0.959295314294573,26.62447220976921,3.4515882439061647,0.4330235661502028,0.09263679583193633,1.8101261235010224,0.11056912464017554,1.8080215039489707,1000
727,1.08656452504982,36.60526274112641,3.8589768047248403,0.32730195119269057,0.542379743244765,1.8433396279986765,0.4450527007121464,1.7280763493874933,1000,1.3453823657681527,24.22946244200672,4.970979628145925,0.37082885093727797,0.6999549937645039,2.1925076655193476,0.6185578179310879,2.0722069136052177,1000
728,1.0826820869677074,36.59795837167345,3.4879923017775702,0.5305827311852259,-0.11610533146950576,2.001932966116327,0.04273993384466457,2.12262424009075,1000,1.2959835789797107,23.63658295921565,3.7858028672989916,0.44012710900561874,0.43745562413850647,2.1897685683933004,0.433334445328698,2.158632712630723,1000
729,1.2763204024534012,29.673426129486522,4.789361278518432,0.37505224810422927,0.6290574234475707,2.0843824577758845,0.5412179961691118,2.0114228087376906,1000,1.7822864758631378,20.55585556974766,4.5468738155751955,0.47355026667325467,0.9350276480374238,2.735110904190024,0.8541279531835587,2.710444998542717,1000
730,1.928073471867943,22.446165207026752,5.312861528348824,0.5695578288213056,0.9738990607379842,3.22295971110169,0.8117401273781841,3.044406816357702,1000,1.172803755074023,13.843418712531749,6.7652741483319945,0.5965714329266799,-0.04090393273575802,2.319311106739563,0.0035237465377302435,2.3420837636103156,1000
731,0.9694752171843386,20.089674489960633,7.997042866973341,0.6407212301822061,-0.09015424718671598,2.4988274448188057,-0.28633839397278527,2.2252888283414625,1000,1.0352051357713106,12.062182261728857,8.408248406238739,0.8674286339095879,-0.8898123347550624,2.63000812237669,-0.6649549866914817,2.735365258234103,1000
732,2.2620588058402404,27.5637321673636,6.516485294575266,0.8184661320817779,1.1901915960835938,4.335278901169633,0.6578651869599559,3.8662524247205248,1000,1.1461182360899702,22.282093813418435,5.304688179754852,0.5735172133218037,0.09297394330076218,2.3856521458585185,0.022024497979235003,2.2702119742007056,1000
733,1.2785574362937244,42.072093138896285,2.850548800553158,0.38731962844657297,0.6712881626639561,2.1513443769791225,0.5194109645384414,2.0377039080490076,1000,1.4272779006959264,21.459336068200898,3.940840297509809,0.38129162118130994,0.6833943991474262,2.1095257757991037,0.6799463231805589,2.174609478211294,1000
734,0.929650068726041,28.308623699312133,5.32264706293521,0.41441731761981904,0.09982821025801807,1.731638633532957,0.11739212619119566,1.7419080112608862,1000,1.200577209768276,18.953703573741638,4.578026529129184,0.5112635495981299,0.447414820634528,2.3571986167720973,0.1985006525559414,2.2026537669806108,1000
735,1.2087360812401502,20.280512983973214,8.059348793151717,0.5538678348079058,0.3596152891107697,2.508286198655698,0.12315512501665493,2.2943170374636455,1000,0.5871421857490238,22.756157207363223,4.912168503746391,0.8480817218021589,-1.4003854468274406,2.111540856705647,-1.0750979889832077,2.2493823604812553,1000
736,1.0428257160418903,22.40598103172843,6.8010126229522525,0.5937118708231841,0.07775905332510906,2.4495636926233217,-0.12084955077155057,2.2065009828553315,1000,0.392058438863756,10.934102338768527,11.523695372666953,0.9309843592421009,-1.3990593154790245,2.4632418920970798,-1.4326709052507616,2.2167877829782734,1000
737,1.1443452591998324,27.299082487780524,6.393416951150165,0.38044511158152644,0.4817046453332907,1.9593345523187329,0.3986728405000406,1.8900176778996243,1000,1.3944676399244225,21.146628243689847,3.552274624889118,0.5447671780015397,0.4504588267717374,2.558487661499368,0.3267239710414047,2.46221130880744,1000
738,1.458743454685664,18.859321110800597,6.675044869411983,0.6204684995827602,0.3168489952923703,2.7742719840646184,0.24262519550345396,2.674861713867874,1000,-1.0927816463397408,4.30463381064532,34.16525550906918,1.5775298302926075,-3.194400465105708,2.627172990823149,-4.184740113713252,1.9991768210337697,1000
739,1.3220439215085311,24.70417422059952,5.605200834503604,0.7161421381408557,-0.23141147713466476,2.654787288594791,-0.08159466924754599,2.7256825122646084,1000,1.9218829189122912,16.442206009819643,5.82575408200172,0.46384569261157427,0.9634229108691171,2.8192641408401116,1.0127453613936057,2.831020476430977,1000
740,1.8230351888093397,29.027474303206606,4.448452765548739,0.3729402422775472,1.1996746572245853,2.6154691825048286,1.0920723139453472,2.5539980636733324,1000,1.327087566978248,19.858955754148518,6.481265231318283,0.5999775858344348,0.3466212876105066,2.75358096288327,0.1511314987427559,2.50304363521374,1000
741,1.4342723060378952,32.536929897251845,4.654698892419653,0.535186500249282,0.6364163427873255,2.7480803324398315,0.38530676554930254,2.483237846526488,1000,0.8985301608526921,16.49653828253989,5.101023058789976,0.5278444614815748,-0.027287577842337266,2.0992039788212087,-0.13604498365119455,1.9331053053565788,1000
742,1.7710541043006882,37.057322830677286,3.4592313064817897,0.37631696194942443,1.0187232064468268,2.5678041869391643,1.0334728588798163,2.50863534972156,1000,1.534424892163326,32.12730919670887,2.4095586461639558,0.3469243599861332,0.8392372713581787,2.2216998859942705,0.8544531465905049,2.214396637736147,1000
743,1.2794377761148856,26.626182926062487,4.8094160743635195,0.4204008211337683,0.5409903888680225,2.16623024026233,0.4554521666926997,2.1034233855370714,1000,0.7800966761109813,15.881052511669136,5.834091733234104,0.42892649714056086,0.038009232941190366,1.7143418344374242,-0.060599258284517954,1.6207926105064807,1000
744,1.483425331096928,39.21835869428039,2.565666849593874,0.43959822935174375,0.5770528174322631,2.359936601530646,0.6218128015675104,2.345037860626346,1000,0.9454561227342544,17.891266512226576,4.79038222137261,0.6089919655562086,-0.13918025292314826,2.336392958644354,-0.2481681297559144,2.139080375224423,1000
745,1.6530900665982164,21.925539644593023,8.262723477674063,0.48188091916246656,0.7086928119066687,2.6724121103658467,0.708603465039782,2.597576668156651,1000,0.9917851543018141,16.97823145808091,5.895580134133067,0.5665192734752733,-0.126608717846703,2.175124323024074,-0.11859262170972151,2.1021629303133498,1000
746,0.9141966910674002,20.53594290396127,8.315487484421421,0.6871381805335902,-0.5158923256874862,2.20069354991387,-0.43259414277843655,2.260987524913237,1000,1.1995531359960676,22.17466586685805,4.299578883936756,0.813848281208984,-0.9116502747112335,2.464021027378508,-0.39558949517354103,2.7946957671656762,1000
747,1.2018699079314417,30.85291078711546,4.443073439022954,0.3711188700532662,0.5317040242892411,2.0162063184533996,0.4744769226270399,1.9292628932358435,1000,0.9638101130702728,14.632948353735475,7.849429748943087,0.7332255575253126,-0.21038705764750143,2.7982882236637416,-0.4733119796793399,2.4009322058198856,1000
748,1.207242158167694,36.59419912298129,3.3381438982217024,0.5878076863194346,0.43451843805587115,2.686790700246197,0.055139092981602245,2.3593452233537855,1000,0.7388353596200985,19.6138512947296,3.888400339525234,0.5135154915373378,-0.3118500545312322,1.706469592534541,-0.2676550037930836,1.7453257230332806,1000
749,1.2334719117040192,17.85963805612252,8.578752525833211,0.31535328839813886,0.6220227153544444,1.8699918702937226,0.615379466443667,1.8515643569643712,1000,1.4731530978738727,26.175745223212715,3.2950044182643916,0.40086505291968483,0.7049797418051696,2.2489083609798817,0.6874575941512905,2.258848601596455,1000
750,1.033788537795338,25.49991078992306,5.080607843210595,0.455820077321863,0.1365386651742142,1.9550141774247192,0.14038118624448648,1.9271958893461894,1000,0.6766432172133556,20.17089379993415,4.289979072544216,0.4513793576192946,-0.20824534406580658,1.5230831266898248,-0.2080603237204618,1.561346758147173,1000
751,1.193834979327633,35.81232730486645,3.080676270948031,0.3841393985798019,0.5249847283263367,2.0435945030209752,0.44092175811122136,1.9467482005440448,1000,0.5687355120930819,17.67218495678574,5.8774645519569955,0.6501033363854927,-0.7821872248692597,1.8971033803379567,-0.7054670272224837,1.8429380514086475,1000
752,1.532990166021017,27.970612034584423,4.288293611274996,0.4865279042440602,0.673709499605703,2.5775944633255,0.579395473702659,2.4865848583393753,1000,0.14581516225685887,9.256459622561149,15.851704930000608,1.3646867737662638,-2.439560108751747,2.7737848197819335,-2.528970914325018,2.820601238838736,1000
753,1.4790740195044139,24.572481508034386,6.8626648682113975,0.49574162353796786,0.509151647945716,2.506979396012479,0.5074204373699969,2.450727601638831,1000,0.5690820866374446,31.544139294380127,2.277935353306155,0.4197232769276488,0.06861512983238097,1.7021167449954846,-0.253575536140747,1.3917397094156363,1000
754,1.8265386139006043,27.46988435975778,3.5284310932358904,0.4256378336949836,0.9723080316678245,2.633080937270749,0.9922884598584365,2.660788767942772,1000,2.3005371761628965,16.165628714809976,6.305979619115088,0.5598422320377063,1.162549218545687,3.3619055889438183,1.203246401368992,3.397827950956801,1000
755,0.644628048850477,20.504792771681174,7.575800647141868,0.5860473679349502,-0.3841067912242011,2.0013578859337966,-0.5040247923020253,1.7932808900029793,1000,0.6259892000985903,21.23097789691809,3.925276217187546,0.4547311667089839,-0.40389284220571364,1.407046303637501,-0.2652838866510181,1.5172622868481986,1000
756,1.9707099338428598,34.948703973789115,2.787272631855183,0.735702283293474,0.9237135916378587,3.719068471959613,0.5287334585876509,3.4126864090980686,1000,1.246541683467782,15.392242554416486,6.707741742091846,0.5512733877859978,0.1932825423778653,2.381730565530071,0.1660458434072265,2.327037523528338,1000
757,1.7680680557932202,31.271102421102228,4.148428013380183,0.5935359281643052,0.9606660974608435,3.406180319465207,0.6047376365911821,2.9313984749952584,1000,1.114264532883419,17.477706258062664,4.567671048019569,0.42580417109854646,0.25532666626411343,1.977607926624047,0.279688357530268,1.9488407082365702,1000
758,0.8671738189189617,43.696828824273126,2.202598637298561,0.35166992534047736,0.16150317342695683,1.6110371123829814,0.17790076525162613,1.5564468725862972,1000,1.027395235976042,26.70731657672578,2.967080057961663,0.4810447250862575,0.2160207421952362,2.0531275039344075,0.08454757480697739,1.970242897145107,1000
759,2.0908966260381123,24.125798867163024,5.607089787557209,0.6247327455404381,1.04368829238107,3.4272946461967218,0.8664204447788537,3.315372807297371,1000,0.7230279993325524,15.399757549191742,6.04552578983888,0.5882898731764489,-0.06205500102844121,2.1300554371404608,-0.43002015209328737,1.876076150758392,1000
760,1.3701100865898526,24.969667771521536,4.792889193370779,0.48431403833661707,0.5356737622600405,2.4771593472559017,0.4208545714500831,2.319365601729622,1000,1.2175413148802283,21.626683026989756,5.809869691565206,0.5026273640745332,0.238280023080549,2.3612377789893797,0.23239168129414323,2.2026909484663135,1000
761,1.104734145134942,35.791087958322805,4.0726847660194,0.466715045825439,0.2609961435882538,2.1380688965818933,0.18997265531708152,2.0194956349528024,1000,0.8490597179885002,22.784913475918383,4.306785096638338,0.5156556316741316,-0.12061068418634588,1.9288807839914304,-0.16162532009279773,1.8597447560697982,1000
762,0.764132420241511,26.35639805766749,5.198264391912518,0.6670264289615296,-0.7231941650739684,1.9464891499372874,-0.5432393805230871,2.071504221006109,1000,1.450790248517583,21.570924555112587,4.468537950261573,0.4324547132906044,0.6887335107014209,2.3120436241584095,0.6031790104679984,2.2984014865671676,1000
763,1.5723494971102447,44.23644897565218,1.9405912084581398,0.3425680470914961,0.8855555907305109,2.212576194767155,0.9009161248109124,2.243782869409577,1000,1.501267998013366,35.9125453452501,2.5487438373613904,0.5668271413175899,0.0396006623994832,2.2748713563671124,0.39028680103088975,2.6122491949958424,1000
764,1.7625961590340868,29.725725074418644,3.72679844253489,0.5411425227934488,0.6734531034958486,2.856411674059984,0.7019568143589272,2.8232355037092463,1000,1.5599515245915336,20.202840255876396,6.16153869961976,0.6099356599046688,0.30817729228402413,2.667360863449229,0.36447763117838283,2.7554254180046844,1000
765,1.596041830811861,37.607275028535085,3.0212604286945366,0.4539568206906939,0.7603348126044323,2.570598686859096,0.7062864622581009,2.4857971993656207,1000,1.1481508328309382,20.36576249401562,4.488403644158861,0.6179882549711134,-0.12213497150000412,2.374727164020816,-0.0631061469124441,2.3594078125743208,1000
766,0.8529236989187647,30.215173136428266,4.754663170594909,0.35301977668754597,0.23934636610420498,1.6595300759268539,0.16100493661117465,1.544842461226355,1000,0.6969703702293004,19.462353734275283,3.919516960116146,1.0350790665974086,-2.056558968010992,1.8226438527902327,-1.3317846003016203,2.725725340760221,1000
767,0.6958210731681005,46.97906377040472,1.6538184762247723,0.3233941208780888,0.1022043972490257,1.3499312195534845,0.06196859624704654,1.3296735500891543,1000,0.08410485827141345,16.47074784772436,6.268938843113864,0.6212613238782128,-1.2494636780286958,1.2531407326606034,-1.1335673365298835,1.3017770530727104,1000
768,1.3260610533198274,30.719974262846804,3.917708793486588,0.40166127718149797,0.5083191917335653,2.0069754210261412,0.5388049500440913,2.1133171565955635,1000,1.422128095935308,20.18984247856632,4.203001139450356,0.392840710597021,0.6681862993456137,2.2692092651056646,0.6521603031651468,2.1920958887054693,1000
769,1.6332025158386392,39.80796525820487,2.5063434412230374,0.3557618256627497,1.0019729011027816,2.383259168390949,0.9359093375396498,2.3304956941376287,1000,1.9037256758179824,22.023449067615477,5.396965512462889,0.5870961896768117,0.9407555865071897,3.107998144378528,0.7530171440514315,3.054434207584533,1000
770,1.3807082695683697,27.362319034909266,6.2294328525983795,0.4359459162417676,0.6336151112222035,2.363193322458824,0.5262542737345052,2.2351622654022343,1000,0.6643239123535247,20.21752863954925,3.430655196407954,0.520466352720269,-0.39500841055466973,1.7213338916743746,-0.35579013897820255,1.684437963685252,1000
771,1.3208083650342495,22.117806102268794,5.75366653696731,0.5085073952399947,0.4816123200747783,2.5113128626873737,0.32413387036386,2.317482859704639,1000,0.9852283192722555,16.00885808204797,6.8453040425854095,0.6050060818668133,0.12438048901121515,2.793277929484405,-0.20058360118669838,2.1710402397312096,1000
772,1.2661811583702214,40.691428979746384,2.234322179735898,0.30168669003287835,0.6828539278048583,1.8804925734223612,0.6748752459057799,1.857487070834663,1000,1.365409564328567,23.933713569128507,3.507594772701656,0.38673316797243007,0.7285043763157004,2.16028042040713,0.6074125551026042,2.12340657355453,1000
773,0.2824271735895967,30.392143279316894,4.989141090295992,0.7666464626230918,-1.7355207394149106,1.4349670706060569,-1.220199893151663,1.7850542403308565,1000,0.7661155553944949,21.184674924092054,4.449966048149558,0.4750861511882674,-0.11084570116481127,1.795157587222031,-0.1650533009345092,1.697284411723499,1000
774,3.124538066656209,3.421864990223903,54.338363005400055,0.8064945672620222,1.2908511700961003,4.287806955595488,1.5438087148226454,4.705267418489772,1000,2.151944168481396,14.964606890151998,4.581682331790443,0.4965804079425074,1.2799251476870228,3.2211167067586395,1.1786465689140813,3.1252417680487103,1000
775,1.3883787604981515,42.38996021189199,2.350514289087321,0.3229551735848631,0.7618004975596471,2.0680160782938333,0.7553866202718198,2.021370900724483,1000,1.5893030339022196,30.2471400954888,2.5643679576906897,0.35585565442994543,0.8687660563165062,2.297650151935967,0.8918259512195266,2.2867801165849126,1000
776,1.6582309548597685,21.901802251122135,5.70582595564239,0.6361161094304283,0.34666819269179433,2.989944402296866,0.41144338037612904,2.905018529343408,1000,1.4770979186517974,16.50910826535436,6.009827904253398,0.5400996756525238,0.7698964148245655,2.8550464845369183,0.41850255437285067,2.535693282930744,1000
777,1.2348901304658413,20.29351946429996,7.336926005938894,0.535996709194003,0.26036472915483344,2.2968327284700445,0.18433658044559542,2.285443680486087,1000,1.337686359715863,20.641036619758268,4.707151345103376,0.43993050698085273,0.6146620533514917,2.33869598009903,0.4754225660333917,2.1999501533983343,1000
778,0.8302442712684504,20.20435570985939,8.100902521881416,0.7243297362340732,-0.4634884804633315,2.3492710702372768,-0.589442011750333,2.249930554287234,1000,1.1396866160806467,21.84200741065183,4.748160222629692,0.43428208536564017,0.40809421542810637,2.154089036199443,0.28849372876399193,1.9908795033973015,1000
779,1.1309297919976422,28.743798182667096,4.024951311382029,0.3889423977371583,0.5092904024156927,2.0613688675060162,0.36860269243281196,1.8932568915624723,1000,0.6207497811965332,16.589737937026502,6.361791367892332,0.5399712716166193,-0.3519750315902171,1.771795358996233,-0.4375939111720406,1.679093473565107,1000
780,1.0548438373318967,31.336346416501044,3.4788803570856768,0.36406302715172245,0.34239560910563177,1.7324656202709183,0.3412803041145207,1.7684073705492727,1000,1.019973190596959,31.069307916129393,2.359249853621649,0.292128593186566,0.46789950062344016,1.6278973340345475,0.4474011479512896,1.5925452332426282,1000
781,1.8699066843448973,16.755027532304123,10.306460320412972,0.6214837138321557,0.9511504221432217,3.2882267552215545,0.651798605233872,3.0880147634559227,1000,0.6644212288201303,18.74349192114678,4.123233300956443,0.38248879665561974,-0.08041591847166496,1.4268788679125126,-0.08525681262488438,1.4140992702651451,1000
782,1.1919156034703589,26.591745661238253,4.943003737751219,0.44835515364822154,0.4117394916203306,2.1380067728819716,0.31313950231984466,2.070691704620873,1000,0.7953885489871184,19.256469669016266,4.291013115740759,0.4278363755994836,0.03671620904824653,1.7175345399072628,-0.04317074718786951,1.6339478451621063,1000
783,1.8423217498719313,23.57140204864379,5.866605295300081,0.5115004414946884,1.0809878856800401,3.018204572458053,0.839780884542342,2.844862615201521,1000,0.21601330220034498,11.45499500355489,11.766841608366732,1.0391557005894816,-2.2803870426022432,2.147957824617693,-1.820731870955039,2.252758475355729,1000
784,1.4575988808906652,33.49667104632874,2.783087428760265,0.4580743929180955,0.6367565533166485,2.4350008397940273,0.5597730707711981,2.3554246910101324,1000,1.178870224770931,19.39604867843878,6.839733195796017,0.6046042810178658,0.16575935827147437,2.5161629561451413,-0.006154166024085805,2.3638946155659477,1000
785,1.2878149993950978,31.08240387222754,3.692571530142475,0.32139603263880995,0.7231290255803472,1.9866076589740396,0.6578787754230303,1.9177512233671652,1000,1.0483233902911238,21.18531693234605,3.7471791592462647,0.332270130247159,0.4427396943510498,1.7300483978008998,0.3970739350066921,1.6995728455755554,1000
786,1.580607919244756,26.29576403682832,4.8735481548624096,0.4005756144248969,0.8956135258469663,2.4221128082447105,0.795479714971958,2.365736123517554,1000,1.124815456251597,22.136439521928292,3.7490279902760295,0.5043318408639659,0.2734664483302815,2.2530231476872777,0.136325048158224,2.1133058643449703,1000
787,1.4672844835710215,27.31098823768569,5.482492420088459,0.6579235653229969,0.32999048938784437,2.8845013800020918,0.17775429553794764,2.7568146716040953,1000,0.612001195624305,22.78889461764793,3.9571251591115977,0.4115402547745841,-0.12480087491463955,1.5314065480318433,-0.19461770373387988,1.4186200949824899,1000
788,0.8315557458801321,21.803844416475094,7.752715470099144,0.7436390143762953,-0.44163221159879973,2.4592272211393675,-0.6259767222974066,2.2890882140576707,1000,0.9514460365491724,9.410386154602183,12.5830653181159,0.8141508997233134,-0.33997956378668054,2.6283136774263793,-0.6442897269085219,2.5471818000068667,1000
789,0.9013457128395954,32.41003583916471,3.0658822833242088,0.32636983357556265,0.26919490367374116,1.5277228113327361,0.2616608390314926,1.541030586647698,1000,1.1020154168797918,23.658026507960297,3.318914758209369,0.38268017718189645,0.3556483035184303,1.8608802450811146,0.3519622696032747,1.8520685641563088,1000
790,2.61971306062678,11.584524414026646,16.66730155546098,0.7641115906173385,1.2160361789365768,4.189298466420275,1.1220543430167966,4.117371778236763,1000,1.30118714900448,16.247895990483848,5.535261316270392,0.44783794315245457,0.5385201102629411,2.3023489646528734,0.423424780425669,2.178949517583291,1000
791,1.535334063997139,41.62319887161485,2.63814849325107,0.400370319187965,0.735287076943352,2.220269485749904,0.7506082383887275,2.32005988960555,1000,1.2240742635200168,20.536314362144566,4.207631826381622,0.4481774396294261,0.40455168630858707,2.1932630468609218,0.3456464818463417,2.1025020451936918,1000
792,1.2729062352132863,35.497273669592865,3.369388223523075,0.3616937068758296,0.6478285228228987,2.0438535286297226,0.5639865697366603,1.9818259006899122,1000,0.882157464679534,23.380879088460098,4.196807567697328,0.5975910841304746,-0.23769356975024664,2.2266579302143694,-0.289121060216196,2.053435989575264,1000
793,1.0915645016421376,31.90356077903197,3.962253497233097,0.40557864832768686,0.31185601338240704,1.9272083097547852,0.29663035091987133,1.8864986523644038,1000,2.0207344749294895,19.592786381077445,4.518221624186933,0.5905428500090059,1.0868396353606344,3.190733383332648,0.8632704889118381,3.178198460947141,1000
794,1.9975278274827206,18.246976702118538,8.464723745748724,0.4688115927030589,1.1928294661369758,3.0660320632610367,1.0786571057847252,2.916398549180716,1000,1.6000810141247368,23.070804010326107,4.139916624503274,0.42415367257906156,0.954658569489523,2.5959462662591486,0.7687398158697761,2.4314222123796974,1000
795,1.7238173353954378,31.32703400819176,4.399722449846044,0.427984494921216,1.0281721280086913,2.7029033329272827,0.8849677253498545,2.562666945441021,1000,0.7305144616834407,18.51072598955673,5.885576863256759,0.5515243624694788,-0.30584731542897037,1.9061438250893368,-0.35047328875673767,1.811502212123619,1000
796,0.46351607954842367,22.972853651687966,8.40326256588864,0.7667048493427413,-0.8976654603969372,2.086097346863912,-1.0392254251633493,1.9662575842601966,1000,0.5388404476553648,14.863115604596647,9.714528473963481,0.6452017867610434,-0.5565108891930594,1.9681084768624824,-0.7257550543962803,1.8034359497070098,1000
797,0.3440155033293397,9.982014464474608,18.419039037878633,0.9772178622032702,-1.1321404292191541,2.5810912474545007,-1.5713315065890698,2.2593625132477495,1000,1.0961908337928028,10.621838183905888,9.630874355357431,0.41151470196125167,0.40798585761954065,2.069449741612345,0.28962201794874953,1.902759649636856,1000
798,1.5033718678269081,18.18027972332552,9.00401284005557,0.48145804282074023,0.7669276734669662,2.605764982746417,0.5597141038982573,2.447029631755559,1000,1.2044967185338975,19.140758667919133,5.721916793190347,0.4951213898486723,0.16219086371142866,2.1884273503250835,0.23405879443049982,2.1749346426372953,1000
799,1.111668815506913,41.457876803732155,2.5426952331465014,0.5079739488926426,-0.009416058886592605,1.9191301528814138,0.11603987567733354,2.1072977553364924,1000,1.5185900288690144,21.895433568311912,4.56070687493543,0.39113536756927575,0.8589324430302687,2.30624719136291,0.7519647084332339,2.285215349304795,1000
800,1.1828522005366788,40.335582949775386,2.96806369221789,0.3175449622426907,0.5560339644043949,1.837374033577407,0.5604640745410051,1.8052403265323527,1000,0.40140058903907394,21.63450556894853,4.594396014261013,0.9221185663652051,-2.098969607916971,1.4880300233737982,-1.405951801036728,2.208752979114876,1000
801,1.316448368843617,34.95730265176921,2.9945359785270247,0.4086538205697739,0.5515842276206366,2.1618600280595377,0.5154868805268602,2.117409857160374,1000,0.334827520668874,21.409764971428007,6.611575115591202,1.417759819453159,-4.034350594466645,1.8523108357519402,-2.443981725459318,3.113636766797066,1000
802,1.091693700836026,28.022653223875682,5.945934781131447,0.3976020658734067,0.3584887546610337,1.9115640357482693,0.3123936517241488,1.870993749947903,1000,0.8210206096883361,25.369597720992267,3.263535913205013,0.43731022343233605,0.052994532815899,1.7060944955218602,-0.03610742823904256,1.6781486476157148,1000
803,0.8370638062467648,40.202995268631966,2.2621208102111816,0.39346087934921964,0.08142574449091422,1.6343663829520527,0.0658804827222943,1.6082471297712353,1000,0.5510863815367779,20.64957587186843,4.07674234239142,0.45610414033712304,-0.24669120768795355,1.5259910282577962,-0.3428777335239832,1.445050496597539,1000
804,2.157089867671849,24.8284419181733,4.552289239025746,0.4822623525520658,1.2608810665578227,3.163695052004978,1.2118556566698002,3.102324078673898,1000,2.2104612715615346,19.967561612332815,4.715291072128124,0.5655954242208696,1.1570898062821704,3.3795364489022934,1.1018942400886302,3.3190283030344387,1000
805,1.2312328878096968,30.365954012767602,4.4667498840475455,0.4463578127181641,0.5269192938535245,2.3256751061995775,0.35637157488209514,2.1060942007372985,1000,1.0770227591844783,16.715572755461444,5.238755942222908,0.6335519087196502,-0.2281959419860152,2.281995839632413,-0.16473898190603609,2.318784500274993,1000
806,1.969473421070771,30.865084890444837,4.732405188534929,0.3694370666219151,1.296989712977582,2.676041650173028,1.2453767704918173,2.6935700716497246,1000,1.7964265553282472,24.78757577370659,5.013616871140659,0.5026662796508681,0.9770217576738156,2.873524244967977,0.8112006472125458,2.781652463443949,1000
807,1.4880076498899664,11.890805966160906,11.791294157891668,0.7357214375102497,0.33641848718024325,3.1574460611803623,0.04599363236987708,2.9300216674100557,1000,0.9560032855345626,9.991365564024541,10.044994703785301,0.6956704326572359,-0.11175812983902839,2.6366195960734427,-0.40751076247361984,2.319517333542745,1000
808,1.083693075423991,33.27013070038189,3.5324587614603122,0.31077545534853535,0.48508978696922017,1.7583202548833183,0.4745731829408618,1.6928129679071202,1000,0.749699299532081,19.255973645439056,4.040168007930976,0.40759072556465453,-0.04140918966324485,1.6183263166440616,-0.049178522574641836,1.5485771216388038,1000
809,1.7915756621891046,25.491217573816648,5.125377252198231,0.635550879388021,0.6022441764816892,3.0150023466730387,0.5458959385885833,3.037255385789626,1000,0.6617093057725771,17.52168146469508,5.692971439974731,0.47135575635188354,-0.23907751703120803,1.702631656994389,-0.26214797667711454,1.5855665882222687,1000
810,1.7127940910820703,30.77203424948692,3.4961791961606608,0.5049669211006085,0.8727425551996656,2.747712350053753,0.7230589257248776,2.702529256439263,1000,0.8966211447433152,24.37012760950878,3.2542913856065594,0.5347317157917615,0.07340068966768985,2.1702429228024367,-0.15145301820853718,1.9446953076951676,1000
811,1.6978266129747617,25.250284226431642,5.457472216644685,0.5869765568619854,0.7952025278641192,3.1530952623098374,0.5473525615252703,2.848300664424253,1000,1.386632997271641,16.47246133793522,7.907941239148005,0.6925037423920193,0.14052434409713113,3.005657254740237,0.02932566218328314,2.7439403323599985,1000
812,1.5035807049773025,32.60541552944404,3.805410268754452,0.420694868481216,0.7223596513948084,2.417093460652755,0.6790187627541191,2.328142647200486,1000,1.0303287282465052,24.981690572107517,3.194179548422645,0.43942919378712136,0.1813232667045168,1.8734685436316847,0.16904750842374738,1.891609948069263,1000
813,2.3699382883954976,24.005848435708856,6.406869916257254,0.5066623178155754,1.4504604119420421,3.44484852636761,1.37688014547697,3.3629964313140253,1000,1.8427158325204789,16.048331145719917,5.914851840617898,0.4687870519661921,1.1008239272942146,2.917000264758136,0.9238932106667425,2.7615384543742154,1000
814,1.4439032331215411,19.09467605691317,8.371242154537446,0.468472236610864,0.5972108479816949,2.4714857069027563,0.5256976493642477,2.3621088168788344,1000,0.7301011858617552,21.427807658519146,4.383905420976722,0.4278009759423227,-0.008175226476990849,1.6585427360349305,-0.1083887269851973,1.5685910987087077,1000
815,1.2916300860874133,34.36427250861774,3.012075275344365,0.8529488343493631,0.37151343364838313,3.418215908015231,-0.3801496292373383,2.9634098014121646,1000,0.7847448106401136,24.1762858084766,3.6855416721148435,0.35318458651819545,0.21930149882079722,1.5853027388351428,0.09250302106445052,1.4769866002157768,1000
816,0.8098936007596444,42.809338449477735,2.1062477486871676,0.34600517432808625,0.04925730750151382,1.4465753477522851,0.13172345907659544,1.4880637424426935,1000,0.9369886184851874,24.74188753681234,2.9834689127267837,0.3776027643119704,0.16045277241896955,1.6565050695700645,0.19688720043372554,1.6770900365366495,1000
817,1.361081821499175,38.91478411154678,2.2080548736387584,0.4538923553327438,0.5734448724092475,2.4245334452612393,0.47145280504699705,2.2507108379513525,1000,1.1168091654787924,18.14439302057392,6.2679397615099575,0.5429230300964901,0.12379544911017798,2.2913009070494645,0.05268002648967185,2.180938304467913,1000
818,0.5151190655221174,14.938560629228805,11.620972356423595,0.8209017173777813,-1.17302158312654,2.3233205904486103,-1.093848300538334,2.124086431582569,1000,1.666387887121923,15.292161290414251,5.443336423069764,0.5357822088411321,0.8160422452847738,2.871667154891811,0.6162547577933042,2.716521016450542,1000
819,1.8438225234938614,34.0045582370323,3.397138118154026,0.5187347539665331,0.939628284907135,3.0225307209633563,0.8271024057194565,2.8605426412682666,1000,1.0047678384623244,29.284480310808345,3.2101951141728158,0.372736996980007,0.3453243701855569,1.8150201772995849,0.27420332438151074,1.7353323525431381,1000
820,2.298500355494477,16.599061754066234,5.299661671774001,0.6959342598975543,1.0230801185030602,3.6665226293122304,0.9344692060952708,3.6625315048936837,1000,1.7362840573501863,12.558221392635613,7.447468268740775,0.722557633822873,0.42981323515337383,3.3137366068174265,0.3200710950573553,3.1524970196430173,1000
821,1.2732777937171373,36.33351837791525,2.897800169627325,0.33448255180357933,0.7156961152597705,2.008258277138788,0.6176919921821219,1.9288635952521527,1000,0.8910072435965406,24.379637487526903,3.2048742775105477,0.6153654252392542,-0.032628385690884484,2.399244910033848,-0.31510898987239755,2.0971234770654785,1000
822,1.247042154170618,23.36916224586129,5.396358148114619,0.7468075895128901,-0.2583483767483886,2.7886744580453984,-0.21670072127464635,2.7107850296158826,1000,0.9374077955213012,20.645140770735598,3.79431954418944,0.5597782338559673,-0.30778613764536983,1.905724772597812,-0.15975754283639465,2.0345731338789967,1000
823,1.2041781138456635,34.246620738012304,3.9022414071934004,0.3980164757556897,0.5646147533970751,2.0626186373660444,0.42406582136451176,1.9842904063268154,1000,1.1735656502966976,21.689096612033346,4.186924954396664,0.3866567755166613,0.45452589365227974,1.9427080587616876,0.41571837028404146,1.9314129303093537,1000
824,1.5963408131985526,40.708582191719124,2.9420509538335993,0.5221366211685099,0.7373513688679912,2.7896778364896186,0.5729530357082733,2.619728590688832,1000,0.8481602488048949,26.118249465489534,3.5430467914305654,0.32071037464783736,0.2403085164198069,1.4995138543664648,0.2195679144951337,1.4767525831146562,1000
825,1.1911800795745788,22.516257318004396,7.7812261636958935,0.37318702214154564,0.5344596843105512,1.9580969736218035,0.4597335161771494,1.9226266429720082,1000,1.3097747330235647,26.017997495792677,3.555673494584875,0.48682907552081595,0.28591651637323773,2.191638301818776,0.3555897450027655,2.263959721044364,1000
826,0.7324185288383323,43.485347962348015,2.2623827152886373,0.2850022628550306,0.16466841889009004,1.2928038404854358,0.17381409364247224,1.2910229640341924,1000,1.5281591890166073,18.21762013818297,5.298172577515618,0.49541660832033285,0.6717204446509223,2.5517900969771317,0.557142636708755,2.4991757413244597,1000
827,0.792282023261889,29.341397121482096,3.863365752341669,0.4539380588046448,-0.10711521357014671,1.6629967304767241,-0.09743657199521472,1.6820006185189929,1000,-0.2711942956661031,14.712415785251839,7.417662910570708,0.5642708232069151,-1.2467639276667017,1.0424729051326236,-1.3771651091516568,0.8347765178194506,1000
828,0.8625548911431005,38.527521265954356,2.5725353993631557,0.3495396680584112,0.11120576538151895,1.5479766683607852,0.1774571417486146,1.5476526405375863,1000,1.081661460828943,29.444600001702895,2.7416519616782646,0.49858066562928244,0.007631083426430801,2.0209792760163876,0.10444335619554945,2.0588795654623366,1000
829,1.3612828885626564,32.83971796050367,4.681014762955053,0.4861390204867842,0.4423402499172198,2.3110998142847317,0.4084504084085594,2.3141153687167533,1000,1.2506770073466775,19.389363952927145,4.442825871316579,0.48161759203289456,0.36848842117849345,2.2641908222045473,0.30670652696220424,2.194647487731151,1000
830,1.4643945968732446,22.624773067534548,6.163016229395613,0.5901419158866806,0.6336941404437386,2.9140625683040406,0.3077164417353506,2.6210727520111385,1000,0.6800945681062684,18.100202516479232,4.856662716645657,0.55985587327719,-0.470636976199208,1.691050386070929,-0.4172229435170238,1.7774120797295607,1000
831,1.1998789453749708,42.98429048121427,2.0631235499275955,0.37104433317152286,0.5641700628327853,2.0310377706666163,0.4726320523587859,1.9271258383911556,1000,1.2288277686695506,19.514816267998306,4.036802023304706,0.46653796085846033,0.37252740846259785,2.2194366767482747,0.3144133653869683,2.143242171952133,1000
832,1.0732349112504547,36.17484749102662,2.7604302281402613,0.5761894000315003,0.2503359965007903,2.5639525658144358,-0.05609631281128591,2.2025661353121953,1000,0.37225091460064386,22.743163492611604,3.9537458936948497,0.3981372974835258,-0.4102610237431819,1.1077407306340565,-0.4080981884670667,1.1526000176683544,1000
833,1.607274609694316,36.54816786159854,3.5062184314531346,0.2994695685093285,1.0429595738154205,2.1863534814467553,1.0203142554160323,2.1942349639725998,1000,1.3595168250242948,24.756646258334957,3.0567755395713494,0.34882487062681666,0.67638758732471,2.021230548022236,0.6758200785957342,2.0432135714528554,1000
834,1.4393160367236555,25.248460388606095,5.67233218431205,0.7528193742752799,0.1881122312680624,3.227148269395256,-0.03620993685589302,2.914842010303204,1000,0.9483497706932775,18.40768483049529,4.124203971331667,0.5115340071733124,0.043307563581270414,2.078755788333766,-0.054256883366414765,1.9509564247529698,1000
835,1.9256744472586842,12.70627220160974,13.290432040377627,1.187884055093185,0.13532562228585765,5.070223825872807,-0.4025783007239583,4.253927195241326,1000,1.2529965307289168,11.418033649218298,8.420610346428722,0.5389807964006874,0.07599895870934135,2.254636537983369,0.19659416978356958,2.309398891674264,1000
836,2.0670601978446337,23.640169583064246,4.604413150666424,0.7967882274750141,0.6715794649949577,3.9142004325915516,0.5053552719936061,3.6287651236956613,1000,1.3209512689961038,22.15379284297482,4.957274100198479,0.49922452673400175,0.38308076733711605,2.4279988004420203,0.3424711965974604,2.2994313413947474,1000
837,0.842851589833284,30.076210527810208,4.466294059663038,0.3830291249908612,0.09020226305117234,1.6422822051140062,0.09211450485119599,1.593588674815372,1000,1.1730065595927148,23.212814821377115,3.6105981234334275,0.38464051623069173,0.4736608807270757,2.022784059214478,0.419111147780559,1.9269019714048707,1000
838,0.4745966193667175,17.38183253117181,6.909126781891781,0.7307838503464668,-1.115410441515046,1.8287367406155626,-0.9577397273123573,1.9069329660457923,1000,-0.015863591835690638,12.210478367998352,7.247817298273703,0.6593459781952624,-1.1746497765484436,1.3206093699738388,-1.308181709098405,1.2764545254270236,1000
839,1.8218616406375407,17.033091854460757,11.026447087167446,0.6274679820551616,0.6920283939789316,3.1328462409507916,0.592024395809424,3.0516988854656573,1000,0.177738873146553,12.40710013311763,11.957626150273947,1.2036020486722132,-2.6518747429747234,2.2330097601986996,-2.181321142250985,2.536798888544091,1000
840,1.4131219766286507,38.89588004429782,2.2151677695106327,0.3625878481714779,0.7189978509918766,2.1686238432935383,0.702449794212554,2.1237941590447473,1000,1.23500197146548,20.50090174723483,4.054156814057999,0.4971151439794418,0.42768314317287204,2.361485461182953,0.2606562892657742,2.209347653665186,1000
841,2.16176699845875,14.063699282153475,9.38055534033293,0.5420048411930649,1.2776102271399705,3.41915127402053,1.0994375097203428,3.224096487197157,1000,0.7477041696125704,10.198245718322097,11.46691974253588,0.6078691845494937,-0.5092407482657902,1.961275082261759,-0.4437194321044373,1.939127771329578,1000
842,1.8991837685257043,26.379875286814567,6.173795557121908,0.6168626367738225,0.925488512380434,3.380038030853894,0.6901330004490123,3.1082345366023962,1000,2.1825662377381647,18.63562913680547,3.8723471941530683,0.6588639506906397,1.0598754498996683,3.4990769818549534,0.8911928943845109,3.4739395810918188,1000
843,0.7720621022258949,27.97631099066305,4.339481495724399,0.37446854254371326,0.04833047510479096,1.4868928712203113,0.038103758840216884,1.5060204456115729,1000,1.011515189028902,21.56519395142439,3.7043149506175026,0.39165429108760097,0.2557754828502279,1.7494534664168584,0.24387277849720412,1.7791575995606,1000
844,1.2700386579953307,44.54573097991999,1.8410307113779902,0.48704002401915925,0.483816300886204,2.392347294457754,0.3154402109177785,2.224637105072883,1000,0.9282678853077484,17.608657330325567,4.623019554634393,0.40794975801848776,0.20804654751617552,1.7898462228110725,0.12868635959151242,1.7278494110239844,1000
845,1.60459280150114,10.319151037684371,18.21425078663848,0.6873040741274052,0.042168175789753085,2.869660476857137,0.2574768162114256,2.9517087867908542,1000,0.6570120756601527,16.319923077998354,4.86424197481856,0.525258649845012,-0.4130337300208172,1.6599064604538116,-0.37249487803607084,1.6865190293563763,1000
846,1.3526231721695434,17.181248269209632,10.383049289560256,0.5071147243745566,0.4795155823748658,2.5610992821304097,0.3586783123954125,2.3465680319436744,1000,1.4796906496043611,21.44915672278745,5.2763964201752644,0.5465003446200052,0.2428265235676158,2.453328751523972,0.40854997414915095,2.5508313250595713,1000
847,0.4561423084944689,24.397461582433188,6.238331290753742,0.51941341515901,-0.5070162307602052,1.581801153201016,-0.5619079852171907,1.4741926022061285,1000,1.1627836600289774,13.279979886181943,7.0357715708081034,0.533013848962825,0.20880645216953014,2.3165210982766773,0.11807651606184044,2.207490803996114,1000
848,0.8027355381038799,34.29008443232928,3.090658453065907,0.5987316395027923,-0.5142341582475646,1.817563408099823,-0.370778475321593,1.9762495515293528,1000,0.8761609098792076,21.323032421149897,4.125775855124292,0.5822722318473569,-0.3244657882325474,1.91574971356524,-0.26509266454161184,2.0174144843000272,1000
849,1.3545053676386716,34.91222105698341,3.562814924287388,0.37523544312372153,0.6139399414368507,2.0960223984911748,0.6190438991161774,2.0899668361611656,1000,1.4153670056332386,23.814191825656096,3.4578165026301657,0.4292853686042438,0.48237466958219416,2.1604960440963414,0.5739676831689207,2.2567663280975565,1000
850,1.624205106390675,15.04895984769114,10.404224184184299,0.4968490936630228,0.8666489287716301,2.7763791263159217,0.6503808828111504,2.5980293299702,1000,1.4077644311402049,16.50433655187755,6.47063142637878,0.5611444140553888,0.4427320450308251,2.6208649651437033,0.3079213795916427,2.5076074826887673,1000
851,1.3818657283867406,36.60539078189383,3.1700866043293354,0.49390569777441395,0.5151148639517773,2.393304825287809,0.4138105607488892,2.349920896024592,1000,1.793317127017383,21.87173076846532,4.997848515383472,0.5531438114315655,0.8440974798875307,2.9643866830825414,0.7091552566115147,2.8774789974232515,1000
852,1.7635488092707676,37.33306103262652,2.663672286029666,0.5430178379527488,0.856133167523113,3.0560336991637738,0.6992338468833799,2.8278637716581554,1000,1.1729916988867124,12.319720041868516,7.547022581363634,0.6076158971557413,0.006268605033854759,2.3967363857863297,-0.017935459538540366,2.3639188573119654,1000
853,1.5660143632933154,30.34461684552625,3.424153265067353,0.39369391049174995,0.7731657988471836,2.3851941212635253,0.7943742987294855,2.3376544278571454,1000,0.8509267412555936,23.276948333260464,4.033695392903972,0.4308987423073074,0.02035794012312437,1.7597481046466303,0.0063652063332712006,1.6954882761779162,1000
854,0.9417395138851243,21.586798675733863,7.828089838128058,0.5605486168362654,-0.03083264737517755,2.1566469172018046,-0.15693577511395596,2.0404148028842046,1000,0.8313625612599957,16.92237063539433,8.603593367377272,0.6944684259268329,-0.43148897909288914,2.3128734635347667,-0.5297955535565968,2.1925206760765885,1000
855,1.1857977539879354,43.255299926535976,2.2370001535216804,0.4460883663611518,0.49310534214716506,2.3033500273857332,0.31146455592007793,2.060130952055793,1000,0.8973990876456444,29.397777543533888,2.492956796130402,0.34583269371475533,0.2506970369739746,1.5740986129616752,0.21956700796472395,1.5752311673265647,1000
856,-0.44082874845172126,19.15111381462481,10.197128035890014,1.240535454405281,-3.5023818384975676,1.3149981846382146,-2.872278239086072,1.9906207421826294,1000,0.9336317728666934,19.562351264111136,3.812320278249475,0.40655855095818005,0.2510956463870888,1.758043052852015,0.13677701298866052,1.7304865327447263,1000
857,0.22971875046561996,26.49363050587413,4.809660215593074,0.7073121755993123,-1.340406548496224,1.5201815082947672,-1.156613113709032,1.616050614640272,1000,1.1173784862593883,18.260354859464954,5.80434567653162,0.4656097462568018,0.14564689694354135,2.0068837424796184,0.20478338359605675,2.02997358892272,1000
858,2.274348139266402,9.269014013114695,14.547472908158646,0.6896667802739915,0.848982447215607,3.6363871447390084,0.9226012499293783,3.6260950286034253,1000,0.2384169013373545,10.825753019633618,9.516156070888972,1.4263836099285268,-2.6444949692333486,3.0797601884650034,-2.557294974122558,3.034128776797267,1000
859,1.0327692439171905,37.5624331207571,2.68854996608661,0.45396560579519113,0.12848319232089217,1.9318347475879147,0.14299665655861593,1.922541831275765,1000,1.1496160691604902,23.34213503820338,5.40741257491206,0.3514653197638782,0.5637895780571381,1.9813371185750366,0.4607440424232889,1.8384880958976915,1000
860,1.552175205232316,24.828063562355467,6.639726745084504,0.4288725660510285,0.7224344471744653,2.396177495486151,0.7115849757723,2.3927654346923317,1000,1.0216819239450734,16.532783527547902,6.011441011370006,0.4322846170123309,0.21844444132783122,1.894350558108855,0.1744040746009049,1.8689597732892418,1000
861,1.9960503910856213,19.827292098881745,6.2943157226063,0.5318147266070811,1.0634465301911118,3.0667217530124393,0.9536935269357425,3.0384072552355,1000,1.6812637894635385,17.243421994951667,4.832549329935278,0.5069822265275794,0.79255561387965,2.736916024552239,0.6875786254694829,2.6749489534575943,1000
862,1.7629319204840512,20.860745692565494,8.600959673047697,0.5327164940353512,0.7604778822183129,2.8497888387990544,0.718807592174763,2.8070562487933395,1000,1.193514017612822,22.827145938415963,4.381008338771928,0.5126572957646316,0.30622027132173774,2.2855476154470824,0.18870571791414426,2.1983223173115,1000
863,1.0156084544041146,36.27874807537199,2.692760506079563,0.41168520936614833,-0.0027893402008964917,1.6761835176871032,0.20870544404646396,1.8225114647617653,1000,1.478874385970293,21.467484118229056,4.1043753389197,0.47252508582930614,0.658385456938124,2.608792848131126,0.5527252177448531,2.405023554195733,1000
864,1.1446779233897768,32.17397497938852,4.408238401589675,0.35133140559639825,0.524932614606916,1.9013310660560865,0.4560683684208362,1.8332874783587174,1000,0.3503898633406042,21.461882105585293,3.8798254349442893,0.528983276550202,-0.5251158100115743,1.516419712225776,-0.6864173586977917,1.387197085379,1000
865,1.5302968795335823,24.29043537890371,5.427555415937765,0.5111891312929191,0.6187079906081557,2.6275200071059155,0.528366182199461,2.5322275768677036,1000,2.197761350101806,12.68992837093425,6.035266645875599,0.5720753312919287,1.1479951167091644,3.325324220105508,1.0764937007696258,3.3190289994339865,1000
866,1.1034588280257904,37.13098050851387,2.6816016470350332,0.3013171935410193,0.523543966909552,1.724736153439907,0.5128771286853926,1.6940405273661883,1000,1.2537053594302772,25.66284792812342,2.922857042936486,0.3487622978021542,0.5439963843105696,1.9144629306002834,0.570131255738055,1.9372794631224992,1000
867,0.6842988741916693,25.644758942297752,5.535759592306866,0.6092134220581519,-0.5986905758339766,1.8536191491965266,-0.5097594330423083,1.878357181425647,1000,0.8344397373982932,18.73762827689588,5.1617302660973206,0.4432289837786896,0.04491911632848906,1.7599315555738315,-0.034289070807938304,1.703168545604525,1000
868,1.5679983177921915,29.7433927219317,4.515311368548517,0.6443782962399782,0.40685802642468305,2.9584222159253484,0.30501685716183413,2.8309797784225488,1000,1.339419070481921,15.859015864353596,7.406217358518444,0.5778023187279766,0.4453620503876856,2.712482742905403,0.20692652577508697,2.4719116151887555,1000
869,1.3928858519383571,32.30717765865798,4.2354260678907725,0.4233964375399346,0.6248382903449625,2.2234164314912435,0.5630288343600853,2.2227428695166287,1000,1.2770580211932145,21.17306079840557,4.784728588503586,0.547656735725241,0.11754842392930696,2.268401421997092,0.20365081917174233,2.3504652232146865,1000
870,1.3057463182581581,10.549266213042044,16.9037343645375,1.22897707511585,-0.7135616515570093,4.098216243829686,-1.1030487489689076,3.714541385485224,1000,2.0151463289542755,8.767876081103248,10.787471700136221,0.5055780180574355,1.0859615800520144,3.042143628886316,1.0242134135617018,3.006079244346849,1000
871,1.2272310525902699,46.99085810610714,1.8195886977459566,0.3987065950497286,0.3663169288762531,1.926236044755369,0.44576612629280177,2.008695978887738,1000,1.0967538799714973,19.624687022956955,4.98363732142774,0.5756838544401763,0.043639568244413625,2.363095842309383,-0.031586474731248204,2.225094234674243,1000
872,1.582662943147997,22.480545932058416,6.265605547732358,0.49603485056402635,0.670212238170698,2.630472083995306,0.6104346360425054,2.5548912502534886,1000,1.4726041799930054,20.331742650577482,5.257015014346965,0.43749000574584607,0.6523671304230837,2.429738515663355,0.6151237687311472,2.3300845912548636,1000
873,-0.14956362723419314,9.519982658159748,17.530727521649624,1.4909796156558077,-2.5664219346558905,2.8793688533104005,-3.0718836739195763,2.77275641945119,1000,0.8191103222116771,18.282660919798513,5.295574653263653,1.048854238430856,-1.9103866169423886,2.359456108465285,-1.2366439851128006,2.874864629536155,1000
874,0.9574082922255003,22.388267372765757,7.888225547591119,0.584609782794743,-0.2769805217229178,2.038821562616305,-0.18842688205219593,2.1032434665031965,1000,0.8544098729691183,29.747582712427032,2.8181811234223857,0.3648764697362408,0.12588507757069842,1.612578652883999,0.1392519922860863,1.5695677536521502,1000
875,-0.12114632438664152,18.912024836668063,9.40983521940921,1.1725727249005395,-2.466748588207164,1.7180231289491263,-2.419388865191699,2.1770962164184158,1000,0.6944476657149314,11.43750653489182,8.943597801303506,0.5773495404833193,-0.2844287532096625,2.0630991160013066,-0.43715743363237447,1.8260527650622373,1000
876,1.3918854586378524,28.93958793160321,4.225141426362821,0.5519525333332918,0.3177576755832938,2.540769165604878,0.31005849330460067,2.4737124239711044,1000,1.032311135813675,15.801236015678766,8.767070938992514,0.4828810479878821,0.24008305793203882,2.3730931320447968,0.085864281757426,1.978757989869924,1000
877,0.7234884116970406,17.755107176091737,8.15801810923443,0.43885228153252476,-0.027515130914111046,1.7291283080943187,-0.1366620601067079,1.583638883500789,1000,0.5070133294869299,11.789926846355344,10.692745631245396,0.7558065566548289,-1.0203147799653862,1.961862133401038,-0.9743675215565346,1.9883941805303944,1000
878,1.4600798805392525,41.759096782558395,2.255497744200711,0.33451885686685734,0.8186793086252637,2.1297388184199284,0.8044229210802122,2.1157368399982928,1000,1.3648590104747087,33.09766361905292,3.051476995668455,0.4209643597743453,0.5173455570212344,2.1455919630940774,0.5397688653169919,2.1899491556324255,1000
879,0.44102955112664644,11.230324486678688,14.078676010224164,1.519195961228435,-3.4703276854054033,2.793847771325211,-2.536594532881086,3.418653635134379,1000,1.5206354347077653,19.670219314293913,4.090114833313397,0.5820887449613026,0.37014162551007257,2.638588205804559,0.37974149458361217,2.661529374831918,1000
880,1.6506776564892471,29.02743992034796,5.777504188453021,0.3796951125447587,0.9348677149761542,2.433555499773995,0.9064752359015201,2.3948800770769743,1000,2.187976432429066,22.096398105615254,4.7643555113803275,0.4878387639100089,1.2687303584058383,3.1527388078772374,1.2318124551654484,3.1441404096926835,1000
881,1.1141692451307215,27.448244393002945,6.832368754185332,0.7068467194282854,-0.03235107415065733,2.6887685331896507,-0.2712503249487179,2.499588815210161,1000,0.3534453455794062,26.020956796504148,2.8151466646846948,0.3441822027803335,-0.3689628077709412,0.9658973855859496,-0.3211517718700475,1.0280424630288598,1000
882,0.7616329955128349,29.062300299442043,3.421077943353426,0.49703878455894135,-0.1392090763804675,1.8353448183585475,-0.21256302222269008,1.73582901324836,1000,0.29596394458738073,16.60662839807317,5.604960431729553,0.46237413274009537,-0.6309744710773909,1.2187403781853559,-0.6102893555832062,1.2022172447579678,1000
883,1.2366150704559815,17.008070297169787,10.044114110683564,0.48407122970155375,0.31355676541014377,2.2838309280884856,0.2878354602409362,2.1853946806710267,1000,1.193236360679002,21.91331902769036,4.916328034494996,0.573290861391855,-0.042264343337974505,2.3358700723803465,0.06958627235096615,2.316886449007038,1000
884,1.2036418965522735,34.522584742482756,3.427029684703394,0.4754194579174254,0.4178685963547077,2.3189905959671777,0.2718197590341197,2.135464034070427,1000,1.0800092676092423,26.804706802613516,3.2323815365544806,0.5255449699246538,0.23221962742770863,2.2049834107163266,0.049941126556920734,2.1100774086615637,1000
885,2.6987193684137876,24.191101139768456,4.032341915358815,0.8107625159937886,1.0782580665078498,4.327366458989173,1.109624837065962,4.287813899761613,1000,1.7972604182446672,13.335400557827477,6.155958554957292,0.7183809456606033,0.45923089630345726,3.30009753836082,0.3892337647498847,3.2052870717394497,1000
886,1.3381977563378142,21.976311152151776,6.73202168807874,0.43506231265591755,0.5608151196337107,2.2922413408286517,0.48547562353221585,2.1909198891434127,1000,1.5263515950810802,20.321060420389525,4.627706553225473,0.36650830196910783,0.9266828981058752,2.3350382240642333,0.8079953232216288,2.244707866940532,1000
887,0.9463110317939911,45.85590164316241,1.924957255302616,0.32550282484022397,0.41113874565958447,1.6491039541695471,0.3083254951071521,1.5842965684808301,1000,0.5826200744165484,25.66603376459102,2.775252821441299,0.38479874805555647,-0.24845615922843972,1.2337489376481385,-0.1715854717723423,1.3368256206054392,1000
888,0.8197656129469166,29.43745930944977,5.387505861217288,0.4044545603164524,0.05639354749506603,1.6553701057287358,0.027034674726669983,1.6124965511671632,1000,1.2953756765822106,20.578379022994614,4.99379824917647,0.43304469568332243,0.581257305445866,2.2904216981506385,0.44660807304289873,2.1441432801215226,1000
889,0.7730882764125568,15.063127430459623,13.076320316473598,0.4811117359009116,0.048515066181005546,1.9949317249459213,-0.16989072595322985,1.7160672787783435,1000,0.5949414626200489,22.668759380657935,5.000520537490948,0.6542428249012697,-0.6360689468664361,2.1349047933389658,-0.6873744741864398,1.8772573994265376,1000
890,2.5906276750596717,14.483872651825907,11.507971514178022,0.8741809325696468,0.9357406194668374,4.506493294153294,0.877233047223164,4.304022302896179,1000,0.5730468674819202,25.124852928881843,3.1685711948764674,0.5085520154102602,-0.1915591744842009,1.6833160099984312,-0.4237150827221897,1.56980881768603,1000
891,1.6161141129664105,44.85110367618294,1.800266178859448,0.38682661727196715,0.8338025460137848,2.2780732111639126,0.8579339431133549,2.374294282819466,1000,0.28787922618074235,17.106676497768063,5.490496079742405,0.3839223969957576,-0.5727964079063635,0.9390013340177212,-0.46460867193094246,1.0403671242924273,1000
892,1.690815297890742,31.42846842914864,3.0347138301942853,0.38649299670871934,1.011898617568375,2.5024260118290274,0.9332890243416522,2.448341571439832,1000,0.05955757135499917,6.525300555568186,20.64199465166294,0.7801851453759809,-1.1356759614165,1.9877824336179988,-1.4696053135819234,1.5887204562919217,1000
893,1.1394990378304781,23.90320225023162,5.900407047084298,0.5297840168735529,0.1702836509719076,2.295388378145617,0.10112236475831438,2.177875710902642,1000,1.1370223160977364,16.514813096514768,5.37425697487877,0.36570764696705443,0.5030233711000954,1.896914726412284,0.4202353280423097,1.8538093041531631,1000
894,1.408833042053769,35.19195709656173,2.8555471720903762,0.3695042637624356,0.8304957777484357,2.256777427500804,0.6846046850793951,2.1330613990281426,1000,1.3986109717284287,20.206869824347418,3.8632870847188814,0.6012213213373027,0.14570270507977665,2.4794887859855206,0.22021718190731554,2.577004761549542,1000
895,-0.024844203811072774,25.895713299235553,6.147440947878971,0.9204159182989876,-2.165430738990989,1.5079250818948828,-1.8288594036770884,1.7791709960549429,1000,0.3031026951897817,21.61559159412087,4.265715114058008,0.4088969388332493,-0.6094531410163112,0.9255809381928428,-0.49833530492338685,1.1045406953029504,1000
896,1.394853743338257,25.442564355422203,6.024824784429577,0.5909627565904892,0.3194720062748371,2.6559583922994228,0.2365667404208982,2.553140746255616,1000,1.4928466864104037,18.156741272870235,6.5035057254680835,0.4408781664282802,0.6990170128888115,2.4330868052595385,0.6287254802109745,2.356967892609833,1000
897,1.2567843194840291,15.932393727045378,11.10634177611707,0.4984011554407142,0.44213455035381294,2.35680693795065,0.27991805482022925,2.233650584147829,1000,1.5743995115644416,13.379708593235758,3.9454706049705854,0.6772357667226296,0.033955883417481396,2.8012234366653797,0.24701740878808742,2.9017816143407957,1000
898,-0.21859253500311215,12.236948909314833,14.669275713535804,1.2895844132440237,-2.541297695164983,2.3845617266260106,-2.7461779849613985,2.3089929149551742,1000,1.5484628725360756,20.433322355391493,4.78372963191795,0.4253599017637935,0.5719086256817848,2.2616109457715505,0.7147574650790404,2.382168279993111,1000
899,0.7883651008125101,27.213670981435428,4.47745148506028,0.6534281265302015,-0.7252704452302751,1.8569583512226906,-0.49235402718668486,2.069084228811705,1000,0.8580307312455902,18.148394988790947,6.3943673821405795,0.5730815156609778,-0.33888070060378084,2.0582109266293913,-0.26520903944992624,1.9812705019411065,1000
900,1.291658975373348,33.66053542891724,4.34234440670193,0.4569876376573203,0.48931094675826653,2.3327718523486234,0.3959632055650003,2.187354745181696,1000,2.063081008557341,14.55349865209051,7.6076136520072435,0.8378875316714828,0.4866801447367142,3.8494277927711056,0.42082144648123476,3.7053405706334472,1000
901,1.456740625912129,32.27705483504896,3.8605451636040224,0.5041461605836999,0.5725886319781905,2.4858221734648693,0.46861415116807725,2.4448671006561806,1000,1.0864235753489737,21.985721672039872,4.958228895406916,0.6858425570464721,-0.40458470011960246,2.3487690974029465,-0.2578278364621116,2.4306749871600593,1000
902,2.179915171164353,3.8253891793531345,52.03816044024093,0.8176347341573486,-0.002732424008421566,3.3840253358202586,0.5773510922159502,3.782479250112756,1000,-0.08288678893796853,10.406868415118582,8.713220040735802,0.6635031290317361,-1.4078803211728632,1.2452783934714906,-1.3833529218401712,1.2175793439642342,1000
903,0.9120652575702377,14.990731298585889,11.487118588203538,0.5912100879309673,-0.14898478878806973,2.2248880431142672,-0.24670651477445826,2.0708370299149337,1000,1.1563352324664804,12.373654824167781,7.525739780363381,0.4169260305556395,0.40872530745517777,2.0800297165392188,0.339160212577427,1.973510252355534,1000
904,1.2716445976744999,24.487266647944598,3.8135630130905436,0.5764070693554887,0.14609091694028092,2.3575223615227716,0.14188674173774207,2.401402453611258,1000,0.9549226526608736,11.80911702950352,8.744936948959731,0.5142888842178374,-0.1354527991265408,2.011045303188113,-0.05308356040608753,1.9629288657278348,1000
905,1.4247144734328878,21.385688363974154,6.143467050878263,0.47378022307214646,0.5028494641193988,2.4263773631653187,0.4961052362114807,2.353323710654295,1000,2.3239236357952895,19.71680559962375,5.200344385621421,0.5730972534626553,1.1598084579049344,3.3003980652712106,1.2006530190084852,3.4471942525820936,1000
906,1.6957032623659285,17.634437158570474,6.87412641415659,0.5581064115367522,0.6135838343565971,2.8325363015919396,0.6018146957538941,2.789591828977963,1000,0.931309591401146,13.994730929333992,10.827655578148715,0.8647179357561018,-0.6021457594988551,2.8732404851562374,-0.7635375626808134,2.6261567454831054,1000
907,1.1842111183835695,20.179651562628802,6.3381223935811795,0.6397093874616642,-0.09040038153902988,2.556868905851399,-0.06961928104129234,2.4380415178084314,1000,1.1008654749747364,20.909918611374444,4.099957477549591,0.41183115420104593,0.2819493915322136,1.87366024731008,0.29367641274068634,1.9080545372087865,1000
908,0.929508620090258,15.839597786651414,9.29862191323535,0.7704578917127206,-0.5888465163090897,2.453964985936878,-0.5805888476666743,2.4396060878471904,1000,1.1432208357719857,17.41485590679161,5.321028798374416,0.3781526169942898,0.3995671447522174,1.8711155033730977,0.4020417064631777,1.8843999650807937,1000
909,1.100338529662518,11.459338014264738,13.262475700609347,1.1759178090140703,-1.186318908411861,3.355050660408302,-1.2044603760050596,3.405137435330096,1000,1.4020064073827387,12.050710214362642,8.10802321565986,0.9143674902601161,-0.659418231589844,2.869246043535926,-0.39015387352708886,3.194166688292566,1000
910,1.5053329004904001,29.56834231597736,4.747314991091439,0.4918039726757652,0.5688682636999158,2.6001519954296124,0.5413971140459004,2.4692686869348996,1000,0.8781368640763971,24.465971419221194,3.5615062734637917,0.5029013358908754,-0.3155813507642453,1.653024077748659,-0.10754975426971858,1.8638234824225128,1000
911,1.0232315205728466,21.21454843259658,7.225113709942837,0.6113631902313296,-0.1848284566212369,2.2487110594085533,-0.17504033228055937,2.221503373426253,1000,0.9409991446103936,20.412510661546417,6.940851455327076,0.576141035945752,-0.01925718653588168,2.2282959882498803,-0.18823728584328014,2.0702355750640673,1000
912,0.892548113200063,37.85638005222374,2.568184130102105,0.4077217291900648,0.2624608609136271,1.742230232126922,0.0934135239875361,1.69168270241259,1000,0.6594500086897666,25.89142436626267,3.03220727001827,0.34408439830735554,0.006510305091569814,1.3546812432095379,-0.01495541199265027,1.3338554293721834,1000
913,0.9850815269567861,31.293640487104536,5.6164961971452145,0.670556326583533,-0.40854739919201305,2.403580161634302,-0.3292088731469387,2.299371927060511,1000,1.989069528548841,17.975245905353972,5.277769346217975,0.5112492231994024,0.9975727755769264,2.9726247171984204,0.9870210510780122,2.9911180060196694,1000
914,0.8799982584885138,28.87236170201216,4.768090943526828,0.37950321228059813,0.15636754185574042,1.6786178902575941,0.13617196241854146,1.6238245545584862,1000,1.0090786922577948,27.987657420715507,2.810471837565423,0.37647948643960916,0.3688320498427528,1.7620525974021768,0.27117889883616086,1.7469784856794286,1000
915,1.2268478985497406,35.43264153495088,2.8388735512490935,0.47151087116817625,0.45891992467606474,2.286055835240667,0.3026865910601152,2.151009206039366,1000,1.3966384626880517,17.514263910944475,6.006602052656498,0.6141840340219594,0.29342506512598965,2.7251745448827833,0.19283775600501118,2.600439169371092,1000
916,0.7956651998541777,38.35586894988393,2.915018130174481,0.44477513068420405,-0.020212790870216338,1.6569616876118507,-0.07609405628686217,1.6674244559952176,1000,0.35725396856720293,26.37438958711527,2.8552902676987753,0.38580540119565704,-0.5703971465046569,1.041211717841904,-0.39892461777628485,1.1134325549106907,1000
917,0.17533521439809618,20.72191966913811,9.197437808202766,0.8685691811237245,-1.486358808943125,1.8047013748733818,-1.5270603806044039,1.8777308094005962,1000,0.351604264116657,18.043288498703248,6.387088760050625,0.7873502994887716,-1.2357624853128284,2.1010654245470457,-1.1916023228813353,1.8948108511146493,1000
918,1.5308684253355997,23.964107186661998,5.889260154522283,0.5772129646646975,0.4019573291705757,2.7320420027215038,0.3995310145927926,2.6622058360784067,1000,0.9931515323290774,16.753833075218218,5.622555587673293,0.46654053453179617,0.08939851750804394,2.0009337986897466,0.07873208464675685,1.907570980011398,1000
919,2.2497701460120605,24.001738241148907,6.154252036820463,0.8649402343450309,1.02461852240741,4.3239114248483235,0.5544872866957999,3.945053005328321,1000,1.5557007970619674,20.31010786534205,4.826760564538994,0.6702239399882499,0.5155014132587472,3.1146874869576555,0.24206187468499762,2.869339719438937,1000
920,1.1171436621418782,43.57693309102027,2.157683276625906,0.41147987382514883,0.327915034256222,2.024890761271884,0.3106431094445865,1.92364421483917,1000,0.8857874957984522,21.5891808111915,4.750422405548533,0.46405919235988846,-0.05417795684109829,1.815774666802602,-0.023768521226929185,1.7953435128238335,1000
921,1.025322270260034,29.33955683946382,4.799465474658144,0.6552266986046528,-0.2946657487754069,2.250276170295361,-0.25892205900508536,2.3095665995251533,1000,0.9129364248814347,22.46265133979861,3.709291833382361,0.4074490174030207,0.19256150911969386,1.691320459198333,0.11433635077151416,1.711536498991355,1000
922,1.4923064768226522,34.806750507989236,3.7793141603732243,0.5309143545886535,0.4724981172321601,2.4153156594014704,0.45171434182889114,2.532898611816413,1000,1.3812688747312465,24.18248313508091,3.6231720955766877,0.39570199465813966,0.7050070045640189,2.258009966850416,0.6056929652012928,2.1568447842612004,1000
923,0.8013537499541985,29.12049548335836,5.731016149816581,0.5861999016872244,-0.5628525096430453,1.8123325902727363,-0.3475980573527613,1.9503055572611583,1000,1.0554794880620808,19.262351944302967,5.5937033194049235,0.7109293550341899,-0.461419350609034,2.523858700992533,-0.3379420478049313,2.4489010239290927,1000
924,1.040382052378976,33.058868573049885,3.6928764632109154,0.5642751709197341,-0.01938788897771387,2.3232010697943783,-0.06559728262370279,2.1463613873816545,1000,0.7697926601449363,23.962103064062575,3.6620472248210874,0.4734941465486283,-0.0912352249130789,1.7682031389522357,-0.1582558670903752,1.6978411873802477,1000
925,1.3973018122832535,26.464474556640603,5.121886812650767,0.5937214072890759,0.0896922720057246,2.4850731741815943,0.23360785399666484,2.560995770569842,1000,1.590010634337987,22.270677908628652,5.4685332482180815,0.6782154136388555,-0.130711682650757,2.7496414390101744,0.26070842360583013,2.9193128450701438,1000
926,1.0380373749447864,37.06584847971443,3.4113120992695496,0.36205573044302486,0.39381182365124473,1.8073062320662525,0.32840814327645773,1.747666606613115,1000,0.7535148654052133,17.256467130601827,4.752952474502675,0.6591905999046254,-0.5306135355480818,2.1038651282209275,-0.5384987104078525,2.045528441218279,1000
927,1.8206344714209446,29.063493181132692,4.901128889589406,0.5070920988725205,0.8359212151704203,2.8751002320630965,0.8267339576308045,2.814534985211085,1000,1.3377978537702226,13.583123840074123,11.281827773166368,0.5691266674451746,0.37447656599702883,2.742938242826581,0.22230958557768044,2.4532861219627646,1000
928,0.766562031477565,35.01604837777134,3.3702345673296,0.440063548035656,-0.037683308830182075,1.6699301632571648,-0.09596252267232075,1.6290865856274506,1000,0.965167094120488,21.48751857582439,3.586888687023931,0.37340313053373175,0.19348712553736783,1.6281640517304532,0.2332969582743737,1.6970372299666021,1000
929,1.9867371529065216,11.210643761590884,16.830978278548624,0.3822095135151625,1.2566094160943004,2.7877436114246374,1.2376065064168031,2.73586779939624,1000,0.8772430345408451,16.67944536642645,5.598814523943688,0.5344483741217299,-0.18981647454261294,1.9357046846200805,-0.17027577873774535,1.9247618478194355,1000
930,2.229900378396721,20.905251784751183,5.942869331342084,0.5798541111392387,1.4004988822032414,3.6184158200951653,1.093386320563813,3.3664144362296287,1000,1.667289052959845,12.591747497255062,8.999790560831313,0.7043147199103743,0.4356355448870638,3.2856594203698513,0.2868322019355114,3.0477459039841786,1000
931,1.857203650018764,22.492481071249053,8.206197126647801,0.49569093514163703,0.9490783731077682,2.963769454988945,0.8856494171411555,2.8287578828963724,1000,1.5823284066734211,18.882332513292912,4.375060498144142,0.44696508952869235,0.7024633241065117,2.3870909216765472,0.7062768311971841,2.4583799821496584,1000
932,0.9735905366682422,35.59445036875511,3.423652853040602,0.4204982286008504,0.202953939336512,1.8523305817807787,0.14941400861057552,1.797767064725909,1000,0.7309354726282842,18.177102727557966,5.042224902648157,0.46026079504480955,-0.2435848089315129,1.6487299123003123,-0.17117568565954255,1.633046630916111,1000
933,0.8311578604713037,38.10038040848918,3.4077155023609205,0.4559175342832471,-0.06998142375143643,1.7386768423526402,-0.06244050672386059,1.724756227666468,1000,1.0594357551803921,20.429599163708986,4.2723651113471615,0.4558397420172888,0.1736432057880709,1.9710472084500588,0.16598986082650613,1.952881649534278,1000
934,1.8130347531976123,27.540584341843687,6.065384383148395,0.7681643984439042,0.7973751508526064,3.6445882752804772,0.3074325322475602,3.3186369741476645,1000,1.0692696593642195,19.825015222230874,4.581894594725089,0.5068746264798705,-0.12290490022636373,1.9499537919794732,0.07579539146367331,2.0627439272647656,1000
935,1.4509179272057007,35.938658944853564,2.7673742039821034,0.29866705854789255,0.9201446338138065,2.0794741153186083,0.8655304924518313,2.03630536195957,1000,1.3929903882293702,26.154511744804033,3.2846418867160962,0.7381046057586448,0.2971047843687263,3.0889956232654865,-0.053694639057573657,2.839675415516314,1000
936,1.1697166880813294,25.27690996238774,4.920885413414847,0.6316201813028035,-0.09934753647958937,2.3183859615199074,-0.06825886727216535,2.4076922434348242,1000,1.504723875736298,19.16200581582629,4.925240645954875,0.4866469014359684,0.4490278842090471,2.338982612737748,0.5508959489217999,2.458551802550796,1000
937,1.7921538328678892,33.02781521632844,3.164177330707949,0.352945035567591,1.1415930424863634,2.5122431117356383,1.1003815631554108,2.4839261025803676,1000,1.5333633586642745,23.65075115537647,4.029762414011836,0.639892733870429,0.5400166713849639,3.1894193678498985,0.2791736002782337,2.787553117050315,1000
938,0.017157147103980197,25.993332497473563,5.965479661330506,1.0493497585273934,-2.3650918814085897,1.3666615680304788,-2.039568379609711,2.073882673817671,1000,0.5083494131371138,11.271460745049211,8.38887049530783,0.5825181699742457,-0.48897703148619126,1.7961292827622728,-0.6333862000124078,1.6500850262866353,1000
939,1.4402577940640442,24.057203445167787,5.589839836415316,0.45026072836368447,0.6175245028190273,2.4621893336342175,0.5577467664712227,2.3227688216568656,1000,1.604408159251182,23.678765951617716,4.682228964711759,0.4018262831985975,0.8312049394724587,2.4187366894070905,0.816828644181931,2.391987674320433,1000
940,1.4151411342189417,38.18992671272321,3.3596635919293747,0.36673471849720696,0.7247804294735964,2.215172391447988,0.6963410859644161,2.1339411824734675,1000,1.5111942126821227,23.71844149098076,4.263935697498668,0.6659937970860339,0.2077814718593096,2.9266239644398726,0.2058463703934963,2.816542054970749,1000
941,0.7953415033153834,42.401896416130235,2.452227080995208,0.3434484920631303,0.10350013961752882,1.5019397158317915,0.12218245887164814,1.4685005477591186,1000,0.496506204608095,27.32594755090344,3.9852862332411396,0.4585943765417067,-0.48913762554426976,1.3436481805067073,-0.4023387734136501,1.3953511826298401,1000
942,1.2909932123711152,36.738292035826994,2.6804707350352497,0.4724801910491524,0.3409429215411815,2.1674618549409934,0.36493203791477646,2.2170543868274537,1000,1.4746116080051461,14.128811442803585,6.861813517397647,0.6097419743899644,0.5928520957651147,2.869871275532998,0.27951733820081603,2.669705877809476,1000
943,1.1698770043052502,26.20009943532024,4.150257426087821,0.5194114971074562,0.17890357109432767,2.2306677514055773,0.15183046997463623,2.1879235386358644,1000,0.489262391358249,13.591197278256338,6.285387525241482,0.48708841211882,-0.3498071763882983,1.5877214157644606,-0.4654308963946382,1.443955679111136,1000
944,0.8011694918786068,33.63156838934925,4.8095078430245,0.516082761298375,-0.46641080225132003,1.6750662144566284,-0.21035272026620833,1.8126917040234218,1000,1.320336700142513,25.39727682644003,3.8228572996993533,0.4082233517466568,0.6788180687982625,2.238366317412576,0.5202189307190657,2.1204544695659604,1000
945,1.3737768936410208,30.743441135757628,5.403935266820849,0.3610658803162992,0.7701097041389755,2.1589171025094256,0.6660877682210744,2.0814660190609673,1000,1.5077582661998867,29.254895428734507,3.4137569824537257,0.5779104909488808,0.6266337352671709,2.897572272798592,0.3750537039400803,2.640462828459693,1000
946,0.49133964015931,14.444880632851229,11.676689544041341,1.1123604729477394,-1.629796897774369,2.902864078841039,-1.6888868868182594,2.6715661671368793,1000,0.9791026220755992,17.99196109154149,5.29335713674619,0.4681002012249019,0.10527839543600145,1.8956383746100331,0.06162622767479142,1.896579016476407,1000
947,1.7196405505768646,26.414763190085168,4.681693713609652,0.6294527247236851,0.4064263918210601,2.9426388424678755,0.4859132101184418,2.9533678910352874,1000,1.025959578803215,12.035646595774498,11.471925348274416,0.9668853270266685,-0.8172799767603846,2.8922729387692447,-0.8691356621690554,2.9210548197754855,1000
948,1.6487900640653788,6.175695958722655,28.461367098302347,0.7915794317700433,-0.22788923042054615,2.897259004778291,0.09729437779609396,3.200285750334664,1000,0.4844118320680306,12.532848481919427,11.002645584512514,1.1722650026641597,-1.8461016270537216,3.1048728275226933,-1.8132275731537222,2.7820512372897834,1000
949,1.9025398004255913,21.081919882386956,6.916436296388495,0.5045323427066487,1.016642878521843,2.9435698137513264,0.9136564087205599,2.891423192130623,1000,1.5761369556366824,10.532501105106027,9.072068628637751,0.6822525578780056,0.302763356795096,3.0472029010495825,0.23892194219579133,2.9133519690775733,1000
950,1.4004911331571974,23.386109352055033,5.85446727716102,0.6252677346846207,0.1985608998938867,2.660098340630483,0.1749663731753408,2.626015893139054,1000,1.2805004900923442,21.36593364712385,3.99049912293405,0.4666724029256008,0.42083079690000386,2.2528249872193813,0.3658225803581667,2.1951783998265215,1000
951,1.9600545756059689,17.65571191373677,10.79691019613865,0.813888337300069,0.591486290753912,3.926767020676693,0.36483343449783345,3.555275716714104,1000,0.71502777460864,15.994227496982552,4.907044440033114,0.5061713761732648,-0.24458348498741647,1.8102403436948369,-0.27706812269095904,1.707123671908239,1000
952,0.15319140393997,19.46515622434891,7.824300409273347,1.2823636136201173,-2.783875423427486,2.488540585548564,-2.36024127875546,2.6666240866354,1000,1.2800300980955681,20.853657011439147,4.207644559695318,0.6141232314642162,-0.2962787503775504,2.0648969242427624,0.07634856442570426,2.483711631765432,1000
953,1.5156300983993722,37.1872616875144,3.3282965107177658,0.45647204108538375,0.7819774856703632,2.4793023459152566,0.6209448978720201,2.4103152989267245,1000,0.6403475767263564,26.19128233229106,3.525090074244818,0.42682980057011116,-0.1714888646370335,1.5124199032826415,-0.19623883239106144,1.4769339858437744,1000
954,1.850517329475511,27.376652637221877,3.245681990464965,0.584951045782976,0.7699565136708167,3.148667764556796,0.7040132797408782,2.997021379210144,1000,1.4249945655898602,18.139613916461652,6.0863547693808995,0.49603543650198517,0.5160359195548964,2.46686220097071,0.4527651100459692,2.397224021133751,1000
955,0.40511891719295656,34.83129083354277,3.2291269509556444,0.42008900500480395,-0.49958098558660186,1.142606517270522,-0.4182555326164592,1.2284933670023723,1000,0.4423242931725051,24.614337779619152,3.3326734142265004,0.40497803096984203,-0.4207120921707914,1.1585051199403047,-0.3514326475283852,1.2360812338733953,1000
956,0.8207392686324826,48.729222843611645,1.3961742520938796,0.2612361443350808,0.2840380665090047,1.2905969879252508,0.3087164257357242,1.332762111529241,1000,0.9104105337684301,38.7408389581002,1.8477714446704239,0.28660517433252475,0.36434052181365184,1.463465809512154,0.34866439207668154,1.4721566754601785,1000
957,0.4378022460354778,17.56427120340172,8.372056071339454,0.6143396236763364,-0.9748745382749912,1.4300977368955066,-0.7663034163701417,1.6419079084410972,1000,1.0135523283380303,19.273730066730987,3.94590439100583,0.5289956767832126,-0.13402424857740167,1.9717315619728641,-0.02327919815706636,2.050383854833127,1000
958,0.6965653435671024,28.942967141084967,6.516380677562909,0.4902383631002769,-0.31055877829349743,1.636999132685983,-0.26430184810944035,1.6574325352436452,1000,0.8102348665850334,21.87744138510655,4.312338586251717,0.3988529842328834,-0.0014251304595072375,1.6283725150795472,0.028483017488581952,1.5919867156814849,1000
959,0.6529092093468369,23.1728226600502,7.880049441583568,0.4328447941895012,-0.27655098309785253,1.426635752597712,-0.19546658726458543,1.5012850059582594,1000,1.4369296573965809,25.54223857181619,3.2789500016367343,0.6382268664512335,0.13616563594256867,2.6103101891608502,0.1860049991521633,2.6878543156409984,1000
960,1.1689688854106879,25.03827820643944,5.41145224380724,0.5467581743258269,0.23384032572857388,2.3585627510418674,0.09732286373206733,2.2406149070893084,1000,0.5654373404592716,17.88510827876635,6.4644395215417525,0.5942659785864606,-0.6389386835980908,1.7397297759888213,-0.5993239775701911,1.7301986584887343,1000
961,1.6663778363895387,34.99227789723625,3.663545934827616,0.44787886578014063,0.8574176757952255,2.610622641725065,0.7885352594604631,2.544220413318614,1000,1.7159327907958546,23.92487803434846,3.4971911823852904,0.5232067193537768,0.8183646293822507,2.844517551475315,0.6904476208624519,2.7414179607292573,1000
962,1.2784752528857877,28.542559122765233,4.659243918901522,0.4120634112186402,0.456649278938689,2.107824480987208,0.4708309668972529,2.0861195388743226,1000,0.7689845609791028,23.45192100316498,3.2483219361898605,0.5298602619880689,-0.23946239477385722,1.8431932256711399,-0.2695415525175122,1.807510674475718,1000
963,1.5962689370763816,22.230139811661363,5.38974495103897,0.7118227374044768,0.19709181540058915,2.9594617634197675,0.20109637176360717,2.991441502389156,1000,0.8352976598293336,6.516457486896188,16.88761332484911,1.2900674639829763,-1.071548463438835,3.6095733446543017,-1.6932345695773,3.363829889235967,1000
964,1.755569947284372,16.804941340881374,10.721844736368613,0.8694471508436405,0.11408629396643402,3.5202298404560035,0.051453531630836435,3.4596863629379078,1000,1.0329946592616976,19.894516976464857,4.241582815555519,0.5518226216161118,-0.1922811038930655,2.040364470079422,-0.04857767910588162,2.114566997629277,1000
965,1.1090515571913748,38.55186694446692,2.9669666747035333,0.5366151245559267,-0.10752908981234689,1.9601361923227398,0.05728591306175845,2.160817201320991,1000,1.2806636380326677,18.856107833464225,4.886742882524788,0.6285846859960778,-0.3335269366441685,2.3529952536965535,0.048637653480355425,2.51268962258498,1000
966,1.9227333704609595,29.383116695261638,5.309767705972317,0.4527749161509899,1.165409212100908,2.9480908441828455,1.0352945348050193,2.8101722061168997,1000,0.5686719569445362,19.169545230965813,5.965606630014196,0.7656977867923982,-0.8491223114047506,2.2265436333009725,-0.9320957051685643,2.0694396190576367,1000
967,1.1914457566809116,46.17026848742275,1.7680688354808372,0.38987313526191114,0.4264643353211397,1.9823604178473118,0.42729441156756576,1.9555971017942575,1000,1.0193832508007683,18.96204433099583,4.236505815005435,0.47022922118740057,0.120957957796749,2.044356384744578,0.09773397727346322,1.9410325243280733,1000
968,1.3039428144630267,19.64218457348816,10.176799188155876,0.350784805024437,0.5817518116460354,1.9721977081137674,0.6164045966151303,1.991481032310923,1000,1.3426570217505864,26.824522177940608,3.146305062071306,0.3388731694283871,0.7409084120820663,2.0903042324458183,0.6784656096709478,2.006848433830225,1000
969,1.377455828033904,34.712936770533005,3.219017314198516,0.562156296484806,0.31678954108567464,2.5196739300848425,0.27562948692368416,2.479282169144124,1000,0.590667925502999,21.990844702417974,6.982131965031334,0.5936238340804688,-0.8027291028553754,1.6091971121922564,-0.5728347892947199,1.7541706403007178,1000
970,1.4645964563082532,29.244753254781983,4.192313308548074,0.5652812023441727,0.4769407392407323,2.7568449599716445,0.35664529971367487,2.5725476129028317,1000,1.1990637762005703,17.783479206681378,6.89415806643378,0.6810782557414474,0.2068617174133227,2.9357588349440205,-0.13584960505266674,2.5339771574538075,1000
971,1.6817947565069258,12.686818720455586,11.967453865687022,1.0450636122813697,0.014052436582565865,3.8388182664326616,-0.3665299235645587,3.73011943657841,1000,0.7512186431788792,16.295338688795606,5.565277713661385,0.5685045281034836,-0.33215189072461065,1.7761042619551064,-0.3630502319039486,1.865487518261707,1000
972,1.5073753868738529,36.49611493349401,2.4622163898037965,0.3621921212500413,0.8817410350226054,2.2607248128082107,0.7974788292237719,2.217271944523934,1000,1.4913355560031194,28.219136281160928,3.2908515204409032,0.3350053942116163,0.8969336215833775,2.160565208246931,0.8347249833483514,2.147946128657887,1000
973,1.8490509161995807,22.575916016111016,6.274083915928273,0.58960976979164,0.7331386123655357,3.0972856713958556,0.6934157674079662,3.004686064991195,1000,1.889161533810145,13.530462363017772,7.673899392173146,0.509866777350832,0.9469012107403841,2.9242138500322423,0.8898226502025144,2.8885004174177755,1000
974,1.6562579912370552,47.07366674691292,1.8055457697694055,0.4351289335326526,0.9175968327503399,2.691046829425948,0.8034052815130561,2.5091107009610543,1000,1.1845949527764197,30.765301121590596,2.3485082041778034,0.456681246262046,0.10861971960236746,1.9434628949491666,0.2894997101028096,2.0796901954500298,1000
975,1.3459488210408992,36.00088155246353,3.1942437748113788,0.3412695249581453,0.7419102746591838,2.0855713196126753,0.6770605521229345,2.014837089958864,1000,1.5687590854885363,25.342850884032384,3.5801067737502814,0.46778559000620995,0.7734300368945517,2.585608541765654,0.6518993290763648,2.485618841900708,1000
976,0.2932072837018258,21.803795746477583,8.245926829701254,0.4582892210469699,-0.6261058296820028,1.1848084604606766,-0.6050395895502352,1.1914541569538868,1000,0.98176559445424,15.718582294733718,6.180540150382831,0.4683028104673035,0.10276668647183795,1.9153684881760962,0.06389208593832518,1.899639102970155,1000
977,1.245952008682909,13.274663304589618,12.397162697014766,0.41428317918139873,0.4926490117319032,2.210112735426225,0.4339569774873675,2.0579470398784503,1000,1.0708625422071198,20.951312749185632,3.6115533756033966,0.40312347330477183,0.2981181232221775,1.8587214833297532,0.2807405345297671,1.8609845498844726,1000
978,1.1484179500526563,13.840259420198946,10.910741188697488,1.098637252196158,-1.0762843954497772,3.2669772634537773,-1.0049110642518135,3.3017469643571262,1000,0.9550387707858095,11.519507304199543,9.771609500692744,0.8092509365721935,-0.5826126018676194,2.516437214186297,-0.6310930648956898,2.5411706064673085,1000
979,1.5774456417322198,23.164549701001746,5.883098351349596,0.55878686287287,0.6175229060465717,2.8564402238341278,0.4822233905013946,2.672667892963045,1000,1.2560176935326006,16.862708897125778,7.143669831461569,0.4714242112146453,0.41425027268632914,2.2383750240036084,0.3320262395518959,2.180009147513305,1000
980,0.27389727141414033,31.481031420725206,5.303149327746095,0.4847734415858628,-0.7789569966502693,1.0986836882082125,-0.6762586740941506,1.2240532169224312,1000,0.8432497842866953,18.754198174894622,4.569619964808991,0.4935526611325777,-0.21757511106768265,1.768435084105314,-0.1241134315331569,1.8106130001065475,1000
981,1.0416340904292716,32.509805348796434,3.31339506023992,0.41542492227378264,0.2221566712842307,1.8610813091203497,0.2274012427726576,1.8558669380858857,1000,1.053227526357045,16.517258105801393,5.734595310232223,0.6114895598776371,-0.26262561028722936,2.1492828886548305,-0.14529201100312372,2.2517470637172137,1000
982,1.4088914716990752,18.50953078725891,8.520611821683636,0.6006254954244354,0.47690126006981665,2.891476179087493,0.23166550066718172,2.586117442730969,1000,1.6438407367870864,18.182114041728845,4.975331970483175,0.45344922912772384,0.6984247044491733,2.5231425462517096,0.7550802476967478,2.532601225877425,1000
983,1.5708193642260406,14.222524257909628,9.258217622962276,0.48699005583138727,0.7485393702170375,2.5498528317199445,0.6163188547965216,2.5253198736555595,1000,0.9222408399510407,9.880900894515639,13.082768197617959,0.8459729425141629,-0.3978265776163442,2.9343057313069907,-0.7358661273767186,2.5803478072788,1000
984,1.0709087629575653,25.709183463738558,6.752698851346825,0.6624364215672813,-0.11206120370465526,2.5260132416985344,-0.22746662331430612,2.3692841492294368,1000,1.0996752393730245,24.37305788188356,4.067108198785088,0.5428139013522139,0.1003911554012838,2.1939895479461207,0.03575999272268526,2.163590486023364,1000
985,0.9728475038789619,40.92422119413417,2.808728292821304,0.35352058153823546,0.291345292082252,1.6999132148050975,0.2799471640640204,1.6657478436939033,1000,0.8610616179049368,30.072134303268545,2.4933599817136236,0.34044416396078636,0.24841993251489883,1.543590118487498,0.19379105654179563,1.528332179268078,1000
986,1.2078579840350314,25.175905541265077,6.241258135594177,0.6932643814926116,0.29188188220251354,3.040606991746261,-0.15094020369048722,2.56665617176055,1000,0.5660205708882122,11.74159860223306,8.691040415649743,0.4548219270521734,-0.3145196017746073,1.487388963792592,-0.3254304061340476,1.457471547910472,1000
987,1.6354954122398084,19.045208255123445,7.236323472385968,0.5912757146839659,0.8013442196804221,3.0260253585495915,0.4765950114592352,2.7943958130203814,1000,0.9553830294427179,14.317924271984024,6.185877636993918,0.5822778241031783,0.041898748152355184,2.2443263876972566,-0.18588150579951157,2.0966475646849476,1000
988,1.1624977163501744,27.214979402589265,4.490213520714461,0.4512334438399635,0.25409123980917725,2.0778140187270915,0.2780801664238459,2.046915266276503,1000,1.1553144293074982,28.262162934452565,3.6866468393628518,0.6818238439229964,0.13595119117414012,2.9520357547540677,-0.18106030478157487,2.491689163396571,1000
989,1.8486893274758467,13.883090645884666,11.062136234017666,0.4417836420850934,0.973538830808227,2.7608740301641164,0.9827933889890637,2.7145852659626297,1000,1.1595933010356743,15.397490417037673,8.588623252873564,0.8408389330731695,-0.34817902877107754,2.9314034991912825,-0.488451007787738,2.8076376098590865,1000
990,0.6366765852955738,29.234832590166345,3.916993587988097,0.3676408962153895,-0.07422367497008692,1.3922240650262379,-0.08389957128658954,1.3572527418777371,1000,0.6688424841680107,26.42150524433817,3.1972407547183543,0.3774462773918443,-0.09881234310543473,1.4078681785403018,-0.07095221952000408,1.4086371878560255,1000
991,1.4042641706342942,26.039706939708314,4.692551409797436,0.6402395883747557,0.46560829503714984,2.9332101276070732,0.14939457741977313,2.659133763848815,1000,0.8215566468400568,17.06506552451997,5.079169491880609,0.39605227899517786,0.0036086521610114645,1.5408045766810599,0.045294180009508245,1.5978191136706053,1000
992,1.1741099377380326,36.51446234989288,3.4470967276862603,0.4208367149050745,0.4043753756829494,2.044653300715593,0.34926997652408664,1.9989498989519787,1000,1.481434640063898,22.21019505259043,3.4689721343947317,0.5812748860592867,0.19795976353325523,2.5071048363398325,0.3421358633876961,2.6207334167400997,1000
993,1.6427777905598495,39.54454926395477,2.727894137752597,0.41050591492624283,0.8132598513292042,2.405060524667587,0.8381861973044136,2.4473693838152855,1000,1.5115579026731503,20.26279958606937,5.523279996711028,0.395971312865266,0.8454897199378012,2.382232444849381,0.735454129457229,2.2876616758890718,1000
994,1.2456648629995053,18.786826128663513,8.20412505179922,0.4967108307663061,0.4722685449207051,2.5673568866436005,0.2721116346975453,2.219218091301465,1000,1.1856921518211352,18.33329505534428,4.265499848741083,0.535626849980666,0.26601141001739453,2.3239276265434325,0.13586352585902972,2.2355207777832407,1000
995,1.1761504740183168,29.17153040043768,3.8929612355374017,0.4554274945534251,0.28825718768873704,2.147738679491861,0.28351258469360363,2.06878836334303,1000,1.283327671260274,19.634170436128013,4.132400133059919,0.454742547691251,0.3486299178940117,2.091547969331462,0.39203227778542193,2.174623064735126,1000
996,1.0678748154265008,38.488787254526876,2.9953116100997734,0.47036763866706877,0.257702508329012,2.1808229275206372,0.14595424363904597,1.9897953872139555,1000,0.6620571545988745,26.59301815207788,2.828573861859389,0.3941738650118471,-0.09086117394693537,1.4659510612994335,-0.11052362082434575,1.4346379300220948,1000
997,1.4723334476948113,33.079370258988796,3.15602193880691,0.3725448955578321,0.8513222053770771,2.2641579092508684,0.7421454524014605,2.202521442988162,1000,1.15416926634295,20.239504661488354,5.34927478439775,0.4109942755958203,0.4549067111689949,2.0151722883929506,0.3486204861751422,1.9597180465107575,1000
998,0.6538888677428325,34.45296791914723,3.518672104513831,0.6089426018311969,-0.6392563469553975,1.6842297252191807,-0.5396386318463133,1.8474163673319783,1000,1.0978004578171885,25.146854363082156,3.4792014270038374,0.6211964436196449,-0.06283305942794855,2.098485385504814,-0.11974457167731556,2.3153454873116925,1000
999,2.5284585814748595,3.048503701825735,58.151137709437194,0.7258137515168589,0.7772030678002577,3.466325039859691,1.105863628501816,3.9510535344479027,1000,1.9014429691853714,13.48343078560278,8.254406393943817,0.5448928021171938,0.9991835593863931,3.112772644347994,0.8334530770356714,2.969432861335071,1000
