trial,linear_estimate,linear_ess,linear_max_weight,linear_boot_se,linear_ci_lower,linear_ci_upper,linear_normal_lower,linear_normal_upper,linear_boot_n,quad_estimate,quad_ess,quad_max_weight,quad_boot_se,quad_ci_lower,quad_ci_upper,quad_normal_lower,quad_normal_upper,quad_boot_n
0,1.9002158787358083,6.232999309928733,16.710543229398564,0.5329345963350725,1.0776944223239284,3.0929165965517975,0.8556640699190663,2.9447676875525506,1000,2.0180224089482377,9.207949257123063,7.057269196461977,0.44628232333209594,1.3305361298634861,3.1033848806278947,1.1433090552173297,2.8927357626791457,1000
1,0.2697946985008186,1.1412847408465983,255.7148843701037,0.6657603073111877,-0.13036131337240944,1.9765426822257453,-1.0350955038291094,1.5746849008307466,1000,0.8330623243080879,3.4609459088789554,23.209234779625948,0.452134299202321,0.38013059019197404,2.0159492852662493,-0.05312090212846121,1.719245550744637,1000
2,0.8826247222517489,4.193332443604057,24.19699952576895,0.546184941260176,0.14145220952552046,2.289701527315776,-0.18789776261819613,1.953147207121694,1000,1.1816183350576437,7.009354828934904,9.732894394325989,0.43969021053167967,0.4460720873753993,2.2472188854052093,0.3198255224155515,2.043411147699736,1000
3,0.5501964935578965,3.240333006064847,35.30743198823189,0.705251704074585,-0.14897269063214563,2.5298144370130524,-0.8320968464282903,1.9324898335440832,1000,1.207845934637227,7.107396983563995,9.808486983001512,0.5142274543518225,0.5107818528120163,2.490625112129188,0.19996012410765496,2.2157317451667993,1000
4,0.0904023420089537,1.6814429594838756,39.1094324113226,0.9756358177727139,-0.45745766339938776,2.5420501163224363,-1.8218438608255656,2.002648544843473,1000,0.46880527965221175,2.917417608673962,14.605513808449675,0.8018092642792775,-0.3289134035113744,2.4463571421040977,-1.102740878335172,2.0403514376395955,1000
5,-0.9030268938987378,1.2116947353362606,1302.5773804501043,1.5711063352424033,-1.50245489477841,3.710824180186296,-3.9823953109738484,2.1763415231763727,1000,1.0222071973609643,1.1146148823352,127.67057435859964,1.0628003930156409,0.5314643675454185,3.851096834160297,-1.0608815729496919,3.1052959676716205,1000
6,1.5675071017064486,2.1577206466431313,45.74648941434012,0.48195179565469437,1.0806443856965326,2.949947536252179,0.6228815822232476,2.5121326211896493,1000,1.8404893811542133,6.71656649824644,8.700072468140451,0.44247555296572244,1.1333039746943607,2.8987178479661377,0.9732372973413974,2.7077414649670293,1000
7,0.24469017020012762,3.4594388155522746,33.55883069203397,0.8376693311401354,-0.7232880286610222,2.124862948956468,-1.3971417188345379,1.886522059234793,1000,1.2058189799818417,10.658264756518115,6.892130365889735,0.3916582968895749,0.6228679780314401,2.154245087508218,0.43816871807827495,1.9734692418854085,1000
8,1.6895304821429202,6.842298112309292,15.325283177393404,0.45781715462926365,0.7347559979983539,2.4946863411652966,0.7922088590695635,2.586852105216277,1000,1.8308659251733346,9.832855640080671,8.214161135684924,0.4680400750748464,0.8445251950337006,2.6375054978708015,0.9135073780266356,2.7482244723200333,1000
9,2.096817531160769,5.7028673017759415,6.762792071083187,0.44124577809066956,1.3168633222462327,3.0816838736618695,1.2319758061030566,2.961659256218481,1000,1.9883332087628136,6.871977284679096,3.599173887528214,0.4258445997292218,1.0897341357878445,2.8306704111015133,1.153677793293539,2.8229886242320883,1000
10,1.2790057700875228,1.074573054107681,484.3866977596657,0.3757118535108895,0.9110531832896096,2.332618456144065,0.5426105372061795,2.0154010029688663,1000,1.6896075368886945,2.843667086266088,28.968939310678998,0.3849434075619093,0.7707509601436893,2.304338609470412,0.9351184580673523,2.444096615710037,1000
11,1.6551142391024838,5.360893566647523,23.867340504372848,0.3544800804489337,1.067593795905804,2.481691386486826,0.9603332814225738,2.349895196782394,1000,1.7182298805812104,7.51756608679656,14.687471270478156,0.34210324693517996,1.143753119281462,2.484216657144479,1.0477075165882577,2.388752244574163,1000
12,0.32334471557255373,2.27648595726307,80.41144670784149,0.8919250746437369,-0.48830139070454714,2.51582386518809,-1.4248284307291705,2.0715178618742778,1000,1.2387580441679393,5.819246460989765,15.390952252088422,0.6198293507706625,0.2823809732886232,2.820603730538629,0.023892516657440854,2.453623571678438,1000
13,-0.2779420584827772,1.588957598630288,153.5733859864457,0.7477843415588915,-0.793385478976719,1.6732633850462577,-1.7435993679382045,1.18771525097265,1000,0.7919113272496534,6.414340707304867,12.116364759541534,0.3765628052801973,0.2080915095155636,1.6923814370400097,0.0538482289004667,1.5299744255988401,1000
14,-0.3599188675263809,6.653484384744418,18.336535052649612,0.7597512795481637,-1.5497037533428837,1.4447760052349952,-1.8490313754407817,1.1291936403880198,1000,0.8792928867920402,8.14806504160246,12.769186465174522,0.48796408950461634,0.1832906688197615,2.1489738362700734,-0.0771167286370078,1.8357025022210882,1000
15,1.5876193409953212,9.855305605340627,9.013798733492099,0.26144877512108183,1.0654713641060412,2.0534219596777983,1.0751797417580007,2.1000589402326417,1000,1.5921632765874862,9.642731724385083,12.301082799570928,0.2521108819719586,1.0906622815947378,2.081206911375767,1.0980259479224475,2.086300605252525,1000
16,1.6494794416420921,2.5982082853114603,25.486164029894503,0.4694926747313292,1.0018678522474311,2.638669830974347,0.7292737991686868,2.5696850841154975,1000,1.6916454165461654,3.016594714454736,17.43493671958484,0.4590128415742495,1.0918369773377614,2.7526582677444944,0.7919802470606364,2.5913105860316943,1000
17,1.4612200848744985,4.994480067917676,19.776553630988683,0.6456313721704721,0.44589742023051276,2.984125106392963,0.19578259542037335,2.7266575743286237,1000,0.7040105232344169,6.882158746180295,11.95111548527433,1.0442664720272998,-0.7759361693704299,3.333156181817314,-1.3427517619390907,2.7507728084079246,1000
18,1.0908612537924758,1.4835411129201905,86.00082263934229,0.7871981336544009,0.478008706256838,3.137747645142513,-0.45204708817014994,2.6337695957551013,1000,2.091553461833787,8.191333154239587,5.996833225894863,0.48734436351126575,1.393641910698205,3.2652803164443394,1.1363585093517061,3.046748414315868,1000
19,0.938161403280219,7.457160259282999,10.030678020952191,0.6516782639113814,-0.11107456104319972,2.446054353348612,-0.3391279939860885,2.2154508005465265,1000,1.6870032491364761,9.223814592748731,7.352473197810743,0.42090827246816237,1.0728745224531824,2.726666898425494,0.8620230350988779,2.5119834631740745,1000
20,1.7765009195998103,11.166306133722225,8.274599643540094,0.29394923009003604,1.230694974761839,2.3924952486921574,1.2003604286233398,2.3526414105762807,1000,1.7415803961658467,10.819147361007683,7.668235171178168,0.40217162598747125,1.1363951220248645,2.7146838322183173,0.9533240092304031,2.5298367831012905,1000
21,2.2316759273448317,9.394737342752567,3.83219898513093,0.513766515061048,1.2007924200511109,3.2243834056545415,1.2246935578251776,3.238658296864486,1000,1.971500010072728,6.9606668106623335,5.4755490766882025,0.6210930966323311,0.9428848617135958,3.250168432567997,0.7541575406733589,3.188842479472097,1000
22,0.5172751646090363,1.503309464419599,156.93625923225767,0.7356156911506865,-0.07608746212719923,2.399123622841979,-0.9245315900463091,1.9590819192643818,1000,1.4126295432712461,11.070579894226412,6.500728323164132,0.39856495128597647,0.7580038038827507,2.27940305494296,0.6314422387507322,2.19381684779176,1000
23,1.4523789531067945,5.1951913026485235,13.249852723552717,0.4008715241796718,0.8216709269452042,2.3201420315822436,0.6666707657146378,2.2380871404989513,1000,1.2846413743859917,6.774319437430755,8.184640924201268,0.40060872611942483,0.6819337964168926,2.256855674315026,0.49944827119191904,2.0698344775800646,1000
24,0.9695118012971662,4.1343093527056185,26.844339738097556,0.4818742015774359,0.3646463112307729,2.7126629407655005,0.025038366205391904,1.9139852363889405,1000,1.3992006138823276,7.266103560343897,7.405901288017189,0.45865268202786147,0.6438497385513624,2.6207447859507003,0.5002413571077192,2.298159870656936,1000
25,1.4947706676535875,5.861905455317406,20.251655587540416,0.4964770894903766,0.5099740175608944,2.457426743765738,0.5216755722524493,2.467865763054726,1000,1.679682276180738,7.3781575275361355,14.271123383921674,0.47410605403541217,0.807669915426063,2.668239580100015,0.7504344102713301,2.608930142090146,1000
26,-0.05392682289695694,1.608613662484893,83.23420737920281,0.7537308809777012,-1.0884156155727398,1.8731060627569684,-1.5312393496132513,1.4233857038193374,1000,0.1504095240344574,4.243058582484972,20.768168179080146,0.7778864204473974,-1.1838590878697368,1.8897795316170622,-1.3742478600424415,1.6750669081113563,1000
27,0.578257333862815,2.5843277175957664,38.40091904311418,0.481853229945061,0.05225302108924586,1.8052526903690547,-0.3661749968295046,1.5226896645551347,1000,1.0140882233567825,9.632681654873938,6.227625095478646,0.4163513435791976,0.3650153749359914,1.9874153111103334,0.19803958994155524,1.8301368567720098,1000
28,1.5852862229028908,3.073830490086949,42.4173411411205,0.342336567828954,0.8687943627721817,2.2955187839552083,0.914306549958141,2.2562658958476405,1000,1.5455704985980572,10.041561584495492,9.323318250111516,0.34651248849275834,0.8520548736192276,2.2711867098972016,0.8664060211522508,2.2247349760438633,1000
29,2.1023665202112567,4.131735380525091,26.120943496863497,0.38917660159057893,1.2889988371227565,2.8426527012559055,1.3395803810937221,2.8651526593287913,1000,1.568443214761695,4.155570871919662,22.19791509828802,0.5157120734776379,0.8579932686793627,2.8939058779900426,0.5576475507455245,2.5792388787778653,1000
30,0.13129322840762114,1.9694171501253244,74.38069880851154,0.8162628819054422,-0.5417584612529847,2.117098178385457,-1.4685820201270454,1.7311684769422877,1000,1.1592958769443396,6.7079902957930475,12.568170335880914,0.40290100830875736,0.5501448579744722,2.0876617398438424,0.3696099006591751,1.948981853229504,1000
31,1.4888545506034256,12.06790304224654,5.192429038860557,0.29442349284029873,0.9490114367953144,2.0962914424687895,0.9117845046364401,2.065924596570411,1000,1.5004322728900645,7.71838254574743,10.64827188632682,0.32616075443985654,0.9086652220226223,2.171115128481555,0.8611571941879458,2.1397073515921834,1000
32,1.77045156622507,3.6139641283143824,30.269562640344823,0.3218650067725157,1.1950484109812742,2.4492514110012906,1.139596152950939,2.401306979499201,1000,1.7736377565283656,11.250852852090299,6.6880153014128645,0.38831904636621406,1.0363988303008798,2.5603871643626865,1.012532425650586,2.534743087406145,1000
33,1.6804027219754132,4.207254386347844,25.10184267409831,0.5511759524812458,0.7309029259436212,3.047391981644923,0.6000978551121714,2.760707588838655,1000,1.6913103617529694,5.622101535727767,14.987200460965337,0.5367275877163732,0.8372572100793861,3.0114748865188083,0.639324289828878,2.743296433677061,1000
34,0.8664835168418432,2.559903765248935,55.97579173038859,0.571622500099144,0.22002983931391448,2.1206483148245394,-0.2538965833524789,1.9868636170361653,1000,1.226834717620489,4.919335504462868,21.68931258418002,0.44191214701123016,0.621518834302747,2.1579455513495978,0.3606869094784779,2.0929825257625003,1000
35,1.9729753056966377,6.130088220016302,11.635732471929899,0.5172867855564414,1.1552954857554087,3.241719745685313,0.9590932060060127,2.986857405387263,1000,1.9004425140175356,6.365414685766345,9.499629705540663,0.46776562817983447,1.1677904860759447,3.1633710465605756,0.98362188278506,2.817263145250011,1000
36,0.35448478428278696,3.955768454854912,34.97188865595431,0.9279876679232768,-0.7651143063031767,2.402969218963818,-1.4643710448468354,2.1733406134124094,1000,1.1798336251287234,9.844832261896654,9.284417290524877,0.5274875306065349,0.39163658886773917,2.4494515781396777,0.14595806513991505,2.2137091851175317,1000
37,2.2960607041329704,8.511351531054315,7.500672577426054,0.525139217373497,1.494126423841186,3.538397021466387,1.2667878380809163,3.325333570185024,1000,2.383898918635391,9.628399280058595,5.155676768631615,0.5114069986945311,1.5027971973073102,3.5209545783166867,1.3815412011941102,3.386256636076672,1000
38,2.479885485123442,4.529671809857434,13.899100743752006,0.6510403021862018,1.0951892348615806,3.4889018376493213,1.2038464928384867,3.7559244774083975,1000,1.6931085444802658,5.252496067761802,10.411919311135728,0.8037780611150378,0.3562061207847841,3.438929205923414,0.11770354469479183,3.2685135442657396,1000
39,1.022547876591032,7.574854615234648,8.829145391200022,0.40623343327760436,0.42691076133562905,2.0100522382489103,0.2263303473669276,1.8187654058151366,1000,0.9281881718765752,3.550983122656864,22.83487364385762,0.49122917389740217,0.26300637946463973,2.2445275065104613,-0.034621008962333,1.8909973527154835,1000
40,0.21476043415934365,3.008553988258198,60.81641622760232,0.8526169210806085,-0.6310003082843972,2.618453966244921,-1.456368731158649,1.8858895994773364,1000,1.2242399152905667,5.331394314829988,13.700845819005993,0.5852694617332024,0.19584697668651782,2.575872231480882,0.07711177029349003,2.3713680602876437,1000
41,0.3641968258611028,2.190018076234051,74.65164160331553,0.5593750562460468,-0.20135781443151943,1.9372958186333107,-0.7321782843811488,1.4605719361033545,1000,1.3964063634199237,19.552840502272247,3.431798320445653,0.3528215576554344,0.8034452368976494,2.1228131848323026,0.7048761104152723,2.0879366164245754,1000
42,0.1891655518049702,1.7234431093898122,89.54388086512508,0.8560641135325805,-0.4051726710704428,2.123287463116756,-1.4887201107188877,1.867051214328828,1000,1.5757095203963885,13.236525586808128,4.106589764618265,0.2515238255264581,1.113626292653318,2.104114102255314,1.0827228223645307,2.0686962184282462,1000
43,1.7346238210285023,8.695592617564111,6.387091035364785,0.42756723236916094,0.869648983057407,2.520920836908841,0.8965920455849469,2.5726555964720577,1000,2.162908499805635,6.476135306551133,8.267631155071411,0.4890536674401974,1.027741101841273,2.9368005716685914,1.204363311622848,3.1214536879884216,1000
44,1.3150063218098098,4.663350359973163,33.82598229476362,0.5509125523865628,0.3422293636957591,2.670263780589074,0.23521771913214673,2.394794924487473,1000,1.745282086883191,10.875383739028548,6.143348329959901,0.4290906514826902,0.8716066765901256,2.6180510025189947,0.9042644099771183,2.5862997637892637,1000
45,1.7301902138174914,6.721387081127802,8.216200623449874,0.5397197515159704,0.510304215597349,2.7384674142342327,0.6723395008461894,2.7880409267887933,1000,1.759027386179949,6.483968134116528,8.658462273704636,0.5250062848042578,0.694553398178056,2.838424715695649,0.7300150679636037,2.7880397043962946,1000
46,1.0379372648688672,2.497612011606389,50.43344607997414,0.5634665110498063,0.32743566265670665,2.4440313315033295,-0.066457096788753,2.142331626526487,1000,0.8862779653266912,4.895819373978238,16.19801892664699,0.6101367806452613,0.1746844644869136,2.6275764546271514,-0.30959012473802106,2.0821460553914033,1000
47,1.340858789107111,4.353990530642699,21.235244749377856,0.4500423075910928,0.8180224655633895,2.5699118252736883,0.45877586622856914,2.222941711985653,1000,1.2890307985078473,5.549604832835418,15.304743132153876,0.3721942043724214,0.8104110967704731,2.2765803123867854,0.5595301579379014,2.018531439077793,1000
48,3.660870012547468,1.5527022994915247,91.69964285971805,0.711075482043941,1.8094111718894919,4.233989700042687,2.267162067741344,5.054577957353592,1000,3.1635198860746803,3.796463788807935,23.783478370477855,0.5686476421223307,1.7380106576662329,3.890044220007292,2.0489705075149125,4.278069264634448,1000
49,0.9101572683775312,1.2547878366082468,178.05920220815838,0.33069398825272905,0.5590759846174745,2.0183816661575102,0.2619970514021822,1.5583174853528803,1000,1.1843833327530744,4.214045879390521,13.322963265580963,0.3086388764469008,0.7429692711006217,2.050095217496006,0.5794511349171488,1.789315530589,1000
50,1.4838464446124244,7.130372562277052,13.15899061077535,0.35915512999643134,0.8036700262979553,2.273699879191414,0.7799023898194191,2.1877904994054296,1000,1.4480200410485438,8.598347072672722,7.610615228772652,0.33447286079846095,0.8939404101661005,2.2117015769500186,0.7924532338835604,2.103586848213527,1000
51,1.50835832850227,9.820072726591514,6.490048063371191,0.5660575746724817,0.25467272168816024,2.3978503906477644,0.3988854821442058,2.617831174860334,1000,0.943283412102804,9.310322790171158,6.608941106139962,0.686020143796938,-0.40641402474173866,2.2648690523723616,-0.4013160697391944,2.2878828939448024,1000
52,1.4545499922335394,6.959747740892308,9.52786777627781,0.45152633069389136,0.7775242104113591,2.592899533586121,0.5695583840735123,2.3395416003935665,1000,1.4432947408109524,8.131459566066074,6.924687781831935,0.436700022407655,0.8272707561786138,2.5946660788943334,0.5873626968919486,2.299226784729956,1000
53,0.8438517604799087,2.125041837624026,52.74251024496209,0.6973007168245814,0.23564339091090622,2.8539882451206067,-0.5228576444962707,2.210561165456088,1000,0.8766021925679222,5.3424762207473995,16.77733316827369,0.6715096181185602,-0.2567682644623919,2.2985751212120897,-0.43955665894445595,2.1927610440803003,1000
54,1.560632626157417,10.048364493564149,9.459856212752753,0.2795633705124264,1.067621765499078,2.1487487551789375,1.0126884199530612,2.1085768323617726,1000,1.548323353645587,13.322859059946731,6.052394198722585,0.30005313991448535,1.0229541175756243,2.1745277237511274,0.9602191994131957,2.136427507877978,1000
55,2.1254313372441547,2.7815675326266764,24.736810892609768,0.4635157100993819,1.5898162212423859,3.409868299037833,1.2169405454493663,3.033922129038943,1000,2.2186840853919367,6.121591250271161,8.750349900718714,0.6656171371514782,0.845183411783912,3.720995504113295,0.9140744965750396,3.523293674208834,1000
56,2.1179515076192237,6.432675123763342,15.876006015745142,0.350007745287064,1.5406886939773619,2.9278248323209626,1.4319363268565781,2.8039666883818692,1000,2.157424308068232,4.774171547880199,19.767574043369407,0.3852671449398753,1.4828841779442263,2.982436738315061,1.4023007039860764,2.9125479121503877,1000
57,1.8657259659362135,6.5766683215949175,11.100725821716313,0.3217018851998686,1.2722128707827933,2.5445897769337478,1.235190270944471,2.496261660927956,1000,1.9428878542228174,8.475579226358285,7.137029344036474,0.30015861488724943,1.3718738929553278,2.5765132982398327,1.3545769690438085,2.5311987394018263,1000
58,1.3971716657021047,2.8892969932935535,27.7118438854584,0.4535208436415324,0.35636051693418636,1.9924500159007281,0.5082708121647013,2.286072519239508,1000,1.539429254207484,2.7180345966909463,27.055967991813556,0.4029777824246588,0.5876046947803107,2.2814615495377617,0.7495928006551529,2.3292657077598156,1000
59,0.7287643244850526,1.862937698104555,72.7823062837396,1.0322138716662583,0.017390350790333603,3.2671995035726624,-1.294374863980814,2.751903512950919,1000,2.156064593084997,8.41055698980968,6.6187697311217555,0.5189601552985812,1.2175079180878872,3.2173802179903173,1.1389026886997777,3.173226497470216,1000
60,0.4659450081770786,4.776373029561464,23.19289207434846,0.9805021600807658,-1.1616803236003022,2.3610994518724673,-1.4558392255812225,2.3877292419353795,1000,0.8117193326017635,7.298412608692601,12.30498474496739,0.6197196331966716,-0.28009926262548024,2.2819986975845357,-0.4029311484637126,2.0263698136672397,1000
61,1.4936011292404463,5.564829375658867,11.1260458327309,0.5046103706191495,0.40936644626290086,2.445244147522973,0.5045648028269133,2.4826374556539794,1000,1.1444726103833522,7.2093953509704445,5.941901956040759,0.5604850194089417,0.07185143329648361,2.275325244584018,0.04592197234182649,2.243023248424878,1000
62,0.6608448847089448,5.106240283341103,16.0796436990707,0.6123902125184902,-0.04980039961288302,2.253770403337693,-0.539439931827296,1.8611297012451855,1000,0.747783698963365,6.051731762418692,8.220260747929691,0.46850128529736446,-0.049368949617749645,1.80166550624004,-0.17047882021946925,1.6660462181461995,1000
63,1.7015461973371018,5.318232371185836,14.170997791809066,0.5932829788165348,0.5894514521291041,2.912897240512122,0.5387115588566935,2.86438083581751,1000,1.6520446043853378,7.206293717308277,8.712292230176237,0.5358941600565201,0.5717874028626012,2.8093088745264443,0.6016920506745584,2.702397158096117,1000
64,1.8590451228260618,8.801077942419194,11.335003967476348,0.5105221359170756,0.768429216217433,2.6880179551729726,0.8584217364285935,2.85966850922353,1000,1.6481648233762722,10.243127967366052,7.379665820618083,0.539443497734117,0.6000946442872369,2.6949717357781764,0.5908555678174028,2.7054740789351417,1000
65,1.4239087991560275,1.679131631400898,71.40747092809063,0.5056063618368957,0.9045721618814919,2.7133157932072764,0.43292032995571206,2.414897268356343,1000,1.6125662216420333,2.8410762781961196,29.778052117364943,0.4742114115192418,0.9306702622806274,2.7285758598632297,0.6831118550643195,2.542020588219747,1000
66,2.0567159666689436,3.4917694964343173,20.361072638884778,0.6106889040954994,0.9638437825196509,3.1963357335463947,0.859765714641765,3.2536662186961225,1000,1.9471001439421518,4.352375135267236,14.471919584208637,0.5689974061598096,1.052214445485171,3.1485608003728394,0.8318652278689249,3.0623350600153785,1000
67,1.3623074807337967,12.677694203443293,6.007023288977378,0.42629441657749756,0.5377555033205345,2.1993026007056016,0.5267704242419015,2.197844537225692,1000,1.2429002391769761,7.881491730491406,11.058565829376512,0.4906760444706142,0.27730010174883796,2.151608414614513,0.2811751920145723,2.20462528633938,1000
68,1.5384099469210684,2.3908414427653297,26.92361906943672,0.6032440214646649,0.8781617315978261,3.1830399651770103,0.35605166485032513,2.720768228991812,1000,1.6428452412654986,3.0108043639212445,20.191569411196845,0.6223316925668426,0.922424134875544,3.3225411544134573,0.423075123834487,2.86261535869651,1000
69,1.7556606942899573,14.468758547887695,7.272171016209436,0.31216981204138633,1.1562856722628505,2.366698244322273,1.1438078626888402,2.3675135258910744,1000,1.7751899474507866,19.361379727985646,2.875926022884613,0.2936013606225594,1.21511834190219,2.354443021502862,1.1997312806305702,2.350648614271003,1000
70,2.331597006497811,3.1979822276745637,38.59392015084957,0.38471318880251715,1.558055474742564,3.060173738064385,1.5775591564448774,3.0856348565507448,1000,2.1315460813744425,6.140280341409687,10.953714905920384,0.4045284429290795,1.4565126895170466,3.0795864427038695,1.3386703332334466,2.9244218295154383,1000
71,2.2412214185734793,1.2559009992854258,74.59630817485805,0.3321932756194917,1.6724040730905856,3.008771384197094,1.5901225983592755,2.892320238787683,1000,2.2594010650789524,1.4970826432144717,44.25307238011521,0.4054901427740736,1.7485795266878779,3.334276567857257,1.4646403852417682,3.0541617449161365,1000
72,1.4145572453255708,4.674783601778006,24.415991003454355,0.841223374930819,-0.37812274462777673,2.72127316630174,-0.23424056953883432,3.063355060189976,1000,0.8334621619024856,6.5057566570482255,14.912242179868553,0.8325693635147652,-0.23899714315974852,2.7917689944895434,-0.7983737905864541,2.465298114391425,1000
73,2.1270366475298568,6.1887986524035705,7.949842541718573,0.6195096350528888,1.0417134449024852,3.3518324660428807,0.9127977628261947,3.341275532233519,1000,2.0109858276470205,6.599545153633669,7.202967036120437,0.5898572445914125,1.020177868054676,3.232184865018985,0.854865628247852,3.167106027046189,1000
74,1.3336080836837985,1.051940755499989,660.2145110037927,0.6590736051781182,0.9380412999257611,3.0957666525050564,0.04182381753468678,2.62539234983291,1000,2.4188060056477685,6.576058186271002,7.7875805236171916,0.40200484103084405,1.6378251859441102,3.284922999711468,1.630876517227314,3.206735494068223,1000
75,2.092686132960952,4.990550493692684,13.484466365592429,0.48650673436013514,0.9125255210093361,2.811945655446071,1.139132933615087,3.046239332306817,1000,1.6152350854598558,5.281784422343152,10.648453817713808,0.5846462669305525,0.5182568054397177,2.765320877176452,0.46932840227597294,2.7611417686437387,1000
76,0.8882731827566821,5.177737733836226,15.368239712616528,0.4004591019959655,0.37279155723208857,2.105046279639565,0.10337334284458966,1.6731730226687747,1000,1.2160696600001062,5.829726344564583,10.861911490455137,0.4332500672687439,0.6731762801868798,2.3898971541958764,0.36689952815336824,2.065239791846844,1000
77,1.0349749579008387,8.066271765617767,9.2559029132477,0.45594034095187796,0.3452761768145433,2.1723534194430423,0.14133188963515797,1.9286180261665193,1000,1.1131201346033164,8.881777041033839,7.975336147291925,0.41938654846758866,0.4747531130077832,2.1863834458631835,0.29112249960684267,1.93511776959979,1000
78,0.6208128739728371,3.145923896977684,49.53261434680427,0.6255562577237989,-0.15408670342787398,2.1927122101635494,-0.6052773911658087,1.846903139111483,1000,1.4572961996426272,4.858131920570175,21.189073002718054,0.5676208514645574,0.23386844708142068,2.2780690540013167,0.34475933077209464,2.5698330685131596,1000
79,2.620819357047302,3.436004811276441,13.478445703915291,0.6216260007510519,1.6488819011240015,3.8908467983092043,1.4024323955752402,3.8392063185193637,1000,2.645664370522721,4.9414101872529015,5.86175906484963,0.5676817394810912,1.6709941299512865,3.790480495974499,1.533008161139782,3.75832057990566,1000
80,1.6938885800866728,6.75702420765605,6.774614313402193,0.3962351508925199,1.0526757216894698,2.626076695389381,0.9172676843373337,2.4705094758360118,1000,1.7885224962844006,7.428520134963678,6.019174858303176,0.40251141827693226,1.1842929514527087,2.6737820844194493,0.9996001164616134,2.577444876107188,1000
81,-0.5784636356742201,1.6517195807211533,185.14071926397926,0.837526591352032,-1.2065916144409523,1.5304908761964346,-2.2200157547242028,1.0630884833757626,1000,0.7977364340782942,10.14812135851395,8.386163037371801,0.32624253222775285,0.15833963705839216,1.4435856331301338,0.1583010709118986,1.4371717972446898,1000
82,0.9170366113356612,6.371124987293686,20.132755770298697,0.3584460728348873,0.28450111005057716,1.6865151426207168,0.21448230857928208,1.6195909140920404,1000,1.1006927018735513,10.533054402517982,8.69203948545633,0.3105367368307192,0.4513039218786513,1.7221724435029735,0.49204069768534164,1.7093447060617608,1000
83,1.6042322006050393,5.233894902083018,14.856152706041861,0.5096298998686477,0.8221552767377847,2.8009933298357046,0.6053575968624899,2.603106804347589,1000,1.821500631290114,7.100383319363358,9.143392730887069,0.48459505900409444,1.0556723775466463,3.0088847756768353,0.871694315642089,2.771306946938139,1000
84,1.3127225371917826,1.1869363707720078,235.58146232168846,0.4005151307339537,0.7421363927120991,2.3052203268317344,0.5277128809532333,2.097732193430332,1000,1.4120119005329221,3.081976739518267,27.25743640203665,0.3961203181806502,0.7135659386107124,2.2400689437627825,0.6356160768988478,2.1884077241669964,1000
85,0.7707294485448024,4.703723405289888,25.870333328714413,0.6829782875342455,-0.17002011537868023,2.29947962425651,-0.5679079950223187,2.1093668921119235,1000,1.4593694048552832,6.774905211931099,11.790594852027143,0.4476679066709303,0.5985147852471359,2.34714944435829,0.5819403077802598,2.3367985019303066,1000
86,1.1236190604568037,6.891211034667951,14.430670206851524,0.5867214126973017,0.18738798344622543,2.255715804587625,-0.02635490842990773,2.273593029343515,1000,1.272211414816188,10.578700754099703,7.5510932953744385,0.47850060585030924,0.40586871178712947,2.2872326723004566,0.334350227349582,2.210072602282794,1000
87,3.0164832926192204,2.736062302838282,57.132264227757545,0.7607679345987485,1.2017731648916676,4.267820710656035,1.5253781408056735,4.507588444432767,1000,2.878059365460975,4.032915433842736,17.87684617500163,0.669849996551008,1.1769561285889554,3.934723838196907,1.5651533722209996,4.190965358700951,1000
88,0.4768491371373247,5.115655315019107,22.63614280177882,0.3260785466698037,-0.0019821278542559123,1.3995953688909153,-0.16226481433549056,1.11596308861014,1000,0.5365680276194156,2.572805364455402,48.681737985171154,0.3993562541211705,0.15974570771974406,1.6026776579080695,-0.2461702304580785,1.3193062856969098,1000
89,1.6182184329485692,11.39404374650636,5.2644577822404885,0.46805308911764065,0.6785347875688901,2.4668472792051928,0.7008343782779934,2.535602487619145,1000,1.610016528959814,9.584640604470103,6.4521755171052755,0.4491191203915724,0.6807537299353829,2.3974640263911673,0.7297430529923321,2.490290004927296,1000
90,0.8448294957464122,1.4279037190399206,142.8929084653708,0.3534059171783526,0.4279737300328277,1.8984628234116774,0.1521538980768411,1.5375050934159833,1000,1.0510937767764283,8.324119122910906,10.90850082213842,0.3509956768841107,0.47107569966069035,1.8852239798901016,0.36314225008357137,1.7390453034692852,1000
91,2.908250899540537,3.5012202919885005,19.076621405393645,0.4875696246436874,2.179282184074462,3.974463167520371,1.9526144352389097,3.8638873638421645,1000,3.0234503328369713,4.356297177018888,11.282322165370783,0.514297595244156,2.2827984628629086,4.115257396173813,2.0154270461584254,4.031473619515517,1000
92,1.1640011366896994,7.7243088617899485,9.78623240403239,0.30919730196389955,0.5574530926593767,1.7886864074826203,0.5579744248404563,1.7700278485389425,1000,1.2709989428460342,9.58409182068133,6.2309778684909185,0.31399727064114824,0.6701835551997535,1.8832957146215537,0.6555642923893836,1.8864335933026848,1000
93,2.1667332363272314,2.8959671644785807,39.757737700051194,0.3611131551453716,1.3632988177717766,2.735662518717498,1.458951452242303,2.8745150204121597,1000,2.0948233143843478,5.626494052944512,16.673405362839958,0.36285000790501,1.3445555001276437,2.7211322370217097,1.3836372988905281,2.8060093298781674,1000
94,1.1903805073030918,8.373202166328404,9.670457677481426,0.5197330696392837,0.174484644208551,2.250212655547074,0.17170369081009573,2.2090573237960878,1000,1.114600290202564,9.130739475669257,7.07538993947641,0.5598786818576085,0.17910254617459512,2.520423916078962,0.017238073761651318,2.2119625066434767,1000
95,2.898190686145533,4.978741527334402,13.334276615163345,0.3971509215928451,2.060850062843718,3.661407713131022,2.1197748798235567,3.676606492467509,1000,2.7699675130463493,5.207447148535251,10.611154717155236,0.42914950090834425,2.0280615734032574,3.678476374572336,1.9288344912659945,3.6111005348267042,1000
96,-0.10124445437428964,1.372254743069305,137.0212214728684,1.0332955004150366,-0.6782762132532865,2.5298142099285186,-2.1265036351877615,1.9240147264391823,1000,1.2828213367065215,5.625611439225522,12.65851077305343,0.5616542704433167,0.43345612707132014,2.584729715485594,0.1819789666376208,2.3836637067754225,1000
97,1.3563483344044194,1.1625489240982676,450.8828801957196,0.672438763568098,-0.4660241745082611,1.857582384589484,0.038368357810947495,2.6743283109978915,1000,0.9476377264421543,5.937825737996624,11.985617011144349,0.62415363871978,-0.24104283313412148,1.9489051152214951,-0.2757034054486145,2.170978858332923,1000
98,1.284480830793373,8.3676532046791,11.442819899559886,0.3150665749929753,0.6903404074149703,1.902192933462558,0.6669503438071415,1.9020113177796047,1000,1.3032219375191958,12.056248328776546,6.235072131583969,0.35052112053168616,0.6821462928133707,1.9972782754358933,0.6162005412770909,1.9902433337613008,1000
99,1.056120871988643,2.618360299119537,75.06114723703953,0.8019442319750775,0.13344934550345597,3.5123934084822195,-0.5156898226825088,2.627931566659795,1000,1.728322766135943,6.664485198198952,9.711594828069021,0.6668635472765386,0.7543382197175121,3.384075589744866,0.42127021347392746,3.035375318797959,1000
100,1.8537836183427234,11.868904541386902,7.072492889908115,0.4714963231914656,0.8820046280978164,2.7160075624423805,0.9296508248874509,2.777916411797996,1000,1.4470414783285326,12.135284577837222,6.195838395134167,0.552572899739243,0.4296962687564194,2.6246565945296556,0.3639985948396165,2.5300843618174484,1000
101,1.529094782589008,5.235599409587566,22.306824459805153,0.6515804260654944,0.06269490850890921,2.646210148834742,0.25199714750063906,2.806192417677377,1000,0.7626101516208323,5.091731082119208,22.18439410164635,0.8926501956353772,-0.5650024276525554,2.7196891387379067,-0.9869842318245068,2.5122045350661715,1000
102,1.407082863448431,2.3108868593036407,62.39843619689279,0.4917758628489381,0.3556823436597212,2.3454104557316904,0.4432021722645123,2.3709635546323495,1000,1.4717967549127415,4.02102736650741,16.15293544162888,0.43751679738703647,0.5523041646698277,2.2690748156714506,0.61426383203415,2.329329677791333,1000
103,0.7264950551659903,3.1007113773981962,46.96885669287484,0.39410808195817376,0.21619579484433749,1.8688162728477853,-0.04595678547203019,1.4989468958040109,1000,1.1489753610809412,11.937113422271292,5.740322140474151,0.324695419143839,0.593745880939974,1.8996100883188227,0.5125723395590168,1.7853783826028655,1000
104,1.0712649412928985,3.8547928585930284,35.90405712382173,0.45309871491319215,0.1262795613312027,2.0220732799217926,0.18319146006304188,1.9593384225227553,1000,0.9096494835222058,4.017610037350803,27.20594697259121,0.43700672239401284,0.2906915271807758,1.9789354260445344,0.05311630762994057,1.766182659414471,1000
105,0.8621990089330627,4.487159595711455,28.468331886467933,0.675098362399096,-0.10342787397075125,2.406852573336021,-0.4609937813691656,2.185391799235291,1000,1.263944442671216,9.50961849229235,11.22241037843413,0.45293665271328465,0.635093090924525,2.4425145765751766,0.37618860335317816,2.151700281989254,1000
106,1.767708845254508,2.616784114989397,46.077849098748665,0.27304805788250475,1.243333651500795,2.3304454268145873,1.2325346518047988,2.302883038704217,1000,1.7563038964796873,5.491004807933904,19.66324511200563,0.28824750720900333,1.2332559224352102,2.344134503550385,1.1913387823500408,2.321269010609334,1000
107,0.45600358721750567,2.8885970698491303,76.5783618231645,0.4088582374775898,-0.10397605051707905,1.493732152276398,-0.3453585582385703,1.2573657326735816,1000,0.8847348315334753,14.406887101630215,6.041133515785918,0.5229586016627374,-0.05913949574727239,1.9762338089628029,-0.14026402772549007,1.9097336907924407,1000
108,0.9140028664022464,1.8112616121450604,132.51392604633074,0.7429742375373086,-0.39232576356274185,2.45248729736325,-0.5422266391708785,2.370232371975371,1000,0.8878298350403719,3.7280073930834026,16.237205534202687,0.7878412607836411,-0.3753461248303207,2.437669088997747,-0.6563390360955648,2.4319987061763086,1000
109,2.6016646451610455,2.926702887922354,13.824912750676173,0.30128904596151335,1.9211880939630943,3.1082548049216014,2.0111381150764793,3.1921911752456116,1000,2.4773643215614025,3.6138790351553487,8.739851096712007,0.4524157577659286,1.070096393261502,3.1193210669610574,1.5906294363401825,3.3640992067826225,1000
110,1.168782480634548,2.0138243719919484,116.70099864772548,0.45069723331819483,0.5060911969675636,2.354703569832638,0.28541590333088607,2.05214905793821,1000,1.615603356115717,7.606146653179484,8.25984481748333,0.4671601817925516,0.6954478785046426,2.4938074309997575,0.699969399802316,2.531237312429118,1000
111,1.823990767950026,12.433015779994777,6.129115733927845,0.3808618069725502,1.0946966765042638,2.595467414838328,1.0775016262838277,2.5704799096162243,1000,1.8661283335311554,11.778348253765921,6.614728381159399,0.380319401571181,1.1414810734323766,2.5808142900985755,1.1207023064516406,2.61155436061067,1000
112,2.0332710356467327,5.090874358171607,26.902677146480006,0.48093267191013145,0.7200068693592383,2.6923253774611884,1.090642998702875,2.9758990725905905,1000,1.8627950525494508,6.7654182603185165,14.900105807529421,0.47456077519918927,0.6934768825619785,2.554204838067575,0.9326559331590398,2.7929341719398617,1000
113,1.8087836547694716,1.9430823595687776,45.60086672610282,0.25504131558396065,1.2672866953044062,2.2338733016671575,1.3089026762249087,2.3086646333140344,1000,1.6148160260022313,3.0085923939404724,20.05642957150928,0.33007353324397215,0.7630613712164521,2.0396231462946144,0.9678719008440458,2.261760151160417,1000
114,1.73361319199522,6.645793317421373,11.680865760666874,0.27064737840534786,1.2585970859209217,2.3149687257490137,1.2031443303207383,2.2640820536697017,1000,1.6768801874457129,5.393749954814798,12.011056183566497,0.31807582235252,1.1727587408830316,2.3765580438242115,1.0534515756347735,2.300308799256652,1000
115,2.6347486554324533,3.493466648054291,29.60647984621881,0.49774451006452675,1.5571660833288894,3.3980321223065872,1.6591694157059809,3.6103278951589255,1000,2.319157191495665,5.036120394287269,12.985282196390786,0.43541503199799175,1.530825859247933,3.20860016429095,1.465743728779601,3.1725706542117287,1000
116,0.05649583595626151,1.932974872347516,92.02553209854159,1.0085117665916081,-0.6756653322592998,2.800959973358437,-1.9201872265632904,2.0331788984758132,1000,1.119699475485601,6.409654005803028,11.08696749312742,0.5533409345351759,0.4107632205782794,2.661112703735773,0.03515124379665613,2.2042477071745457,1000
117,2.140276661544696,4.227993123121062,12.202080045443733,0.7853692171790041,1.0577983127462134,3.8088570454619517,0.600952995873848,3.679600327215544,1000,2.1398897017507537,5.5268192026200795,6.789763297178511,0.9255185783363765,0.3250175383054343,3.7109434554964613,0.32587328821145567,3.9539061152900516,1000
118,1.845870211207307,11.22901356767268,5.540069741693191,0.4488716910091224,0.9341404266433915,2.658211796062538,0.9660816968294272,2.7256587255851867,1000,1.7192966413220478,10.662459207945805,6.493305207951728,0.45936497290606365,0.6570275319830632,2.3349266362825665,0.8189412944261631,2.6196519882179325,1000
119,1.4599551032468572,3.7073818606091593,32.647546199862795,0.5313497154279994,0.6319512361273798,2.7793626817475476,0.4185096610079784,2.501400545485736,1000,1.5236114079594008,7.170151832236695,8.969851276536328,0.7767651248851467,0.04011366558861817,2.9927772493638125,0.0011517631845132659,3.0460710527342885,1000
120,0.7260018982266847,1.9529139445634909,320.62779446826255,0.43581162491766356,0.25266818393213136,2.078307338161386,-0.12818888661193584,1.5801926830653052,1000,1.4821346498995336,7.373966079087999,8.733657790023964,0.38752348320517194,0.6913623353541803,2.2214732692403856,0.7225886228173966,2.2416806769816704,1000
121,2.2399889168152844,6.558903086967601,12.875691432680517,0.3015671352269451,1.6533306724124557,2.8391423353549117,1.648917331770472,2.831060501860097,1000,2.271394462999626,7.525616162890671,9.310395926612317,0.29371677678495794,1.735604444040638,2.8675886938467214,1.6957095805011084,2.847079345498144,1000
122,1.6530033990002393,8.696868497562336,15.80442406198079,0.3492859068483309,0.9757422671789932,2.350004401633148,0.9684030215775108,2.337603776422968,1000,1.9429458888744844,11.203596915895826,9.744843030155502,0.3211427795154829,1.3551198404791542,2.5838230790448673,1.3135060410241377,2.572385736724831,1000
123,2.113900940387952,4.623772668862311,22.769876346217792,0.35464298334845645,1.3854475057957216,2.8153180290672406,1.4188006930249775,2.8090011877509267,1000,2.18741861432414,4.478068056687882,19.639501058854012,0.30878076450692754,1.6272697642818947,2.8291238968582304,1.5822083158905622,2.792628912757718,1000
124,1.5824793905675483,1.8154443487757004,68.70264666953982,0.4904134710585752,1.1012665239972428,3.131594652752706,0.6212689872927409,2.5436897938423555,1000,1.7745285188899018,6.496279010098382,6.527621733643969,0.4900318071275808,0.9443096253207901,2.884663892401516,0.8140661769198434,2.73499086085996,1000
125,2.4829462061792036,1.0798502945577535,333.60903632895116,0.31402542584617305,1.7986006268862793,3.0948269253598726,1.8674563715207044,3.0984360408377025,1000,2.398087955829886,1.7474746007501267,48.128331527768154,0.4143335290872542,0.968722646133985,3.012896111337053,1.5859942388188681,3.2101816728409043,1000
126,1.9480794029144854,10.92218089845035,5.255996769567044,0.46992234475714834,1.0266745706527614,2.7958427404360164,1.0270316071904748,2.869127198638496,1000,1.9617677428732316,11.962490895623574,3.62972557445304,0.4529801790068981,1.0766497535614366,2.8054299306579558,1.0739265920197114,2.849608893726752,1000
127,0.3466701628665003,3.32166587148556,17.932520503553683,1.2073624534275411,-1.3814196071847011,3.49426580257759,-2.0197602458514803,2.713100571584481,1000,1.3437540057892416,6.355511739524569,5.8356603955335675,0.8269198349802545,0.09911408046948376,3.5006570295873134,-0.27700887077205705,2.9645168823505403,1000
128,0.6436681971728366,1.3223877453394712,173.8723922377355,0.6329487870828278,0.23318576799969176,2.5687564406727743,-0.5969114255095058,1.884247819855179,1000,1.5094110892767967,8.952405223196067,5.901681012921826,0.5222833109436457,0.677033653018348,2.7707945007527393,0.4857357998272511,2.5330863787263422,1000
129,0.04430841801482721,4.326214379347951,39.003261614207304,0.6491480315208455,-0.8350977459879818,1.7164933491320695,-1.22802172376603,1.3166385597956844,1000,1.3281120620470341,16.784794510182298,6.088903655209737,0.293833781646728,0.8362423207019076,1.9818544321009874,0.7521978500194473,1.904026274074621,1000
130,0.9583367227527932,5.224989421674737,14.658486873227444,0.4729132614243176,0.3094420470553736,2.121818025776205,0.03142673036113075,1.8852467151444556,1000,1.358722660170149,5.036286079832476,15.427387569853295,0.6529965516501892,0.2653524275348563,2.8282358990580163,0.07884941893577824,2.6385959014045195,1000
131,1.0578283967235693,3.1186824646058673,48.72740111918654,0.7068254119396398,0.21830987652116868,2.5832879697854545,-0.3275494106781247,2.4432062041252633,1000,1.9028271105878898,9.99797944858132,7.7125747422926985,0.4572567052406405,1.1554977160110764,3.0635229544169547,1.0066039683162344,2.799050252859545,1000
132,1.03675614094543,2.449137074731681,65.72255197565926,0.4466122490708565,0.5802896611239426,2.3361832419091804,0.1613961327665513,1.9121161491243086,1000,1.2771986450726867,4.114912257550389,18.99252409708211,0.41880645593792143,0.7482450718795154,2.4224714824814937,0.4563379914343607,2.0980592987110125,1000
133,-4.096218157524211,1.308723558344317,246.4239748861399,2.79723066214554,-4.982242945826045,2.3032061068966354,-9.57879025532947,1.3863539402810474,1000,1.7596566905523945,13.356597580300223,5.2030930376781,0.410886476606217,0.996087423806196,2.5865160622689274,0.9543191964042091,2.5649941847005797,1000
134,2.529441598735973,6.829450741798192,8.69211720240821,0.5335753007870293,1.6183284154195408,3.6685584500766772,1.4836340091933957,3.5752491882785504,1000,2.4674736194677127,8.225044004181312,5.184359090839434,0.4794168638223389,1.5898417577517112,3.48873133294953,1.5278165663759284,3.407130672559497,1000
135,1.3848272110266389,8.853789240464865,9.811018114999252,0.2839176140535328,0.8706033419937398,1.974799391478623,0.8283486874817146,1.941305734571563,1000,1.2639072012346353,11.60175704834366,4.699476223932017,0.30912837602446047,0.7257964432566995,1.9474951842556651,0.6580155842266928,1.8697988182425778,1000
136,1.1709602951008025,1.4637293910870772,79.06974861804362,0.7794816617126769,0.6338355054078717,3.09273052020526,-0.35682376185604414,2.6987443520576493,1000,2.2592357264556258,8.27388890653091,5.192505415487173,0.4418429339331083,1.643515078937248,3.3540690053356834,1.3932235759467335,3.125247876964518,1000
137,1.030190746720562,9.102267718262059,9.216811473435122,0.7315033449935527,-0.3048992888776998,2.616676855057812,-0.40355580946680125,2.463937302907925,1000,0.9984700486673455,9.707332791433462,8.872217546663586,0.7063929364315344,-0.20314782377325588,2.603070263821432,-0.38606010673846214,2.383000204073153,1000
138,3.5525203353941963,2.1874976386676463,61.06754379243855,0.705056469464628,1.9647261416432433,4.189148892560547,2.1706096552435254,4.934431015544867,1000,2.8408212012814777,7.116523975077879,8.659439171236519,0.5096696672189025,1.856797530122912,3.705937093170955,1.841868653532429,3.8397737490305266,1000
139,2.0213126058536983,5.0528327810427465,23.727065215226094,0.4310367465157544,1.2116442800771638,3.065544693756334,1.1764805826828197,2.8661446290245767,1000,2.0587618359107807,5.153897408985621,20.731202254674198,0.5143744705709772,1.324133614268266,3.40059942614461,1.0505878735916654,3.066935798229896,1000
140,1.2909597360726055,3.123971983233369,41.24733043872237,0.6368146044874743,0.3185426280170194,2.6745684661697835,0.04280311127715586,2.5391163608680554,1000,1.4715896423710149,5.669521468680769,11.753226644331479,0.5343027954703293,0.6084560082439133,2.6666247453657763,0.42435616324916947,2.5188231214928605,1000
141,1.4541611841411286,6.618853949610239,6.512175273326067,0.4972857993702045,0.49005758671312855,2.389938325351941,0.47948101737552784,2.4288413509067293,1000,1.5105947222508913,6.212591690833472,5.825416175775673,0.5192185548671739,0.38921537142456164,2.4519354267251865,0.49292635471123036,2.5282630897905523,1000
142,1.8131713037216919,13.2287226510059,4.238367607813935,0.4174898544834644,1.0208758140229897,2.6495231136179758,0.9948911889341018,2.631451418509282,1000,1.7787362957946358,12.92779024865199,3.9050848335644233,0.4289398108177391,0.9052964647495103,2.5740874744523916,0.9380142665918672,2.6194583249974044,1000
143,1.2837119022482204,4.741815039277831,30.706477616888584,0.5638687048223232,0.5723198850528962,2.6744113668669383,0.17852924079646693,2.388894563699974,1000,1.673889203388561,12.823641697293555,5.962668504596236,0.44586097813135345,0.7935214538977235,2.5836790738826463,0.8000016862511083,2.547776720526014,1000
144,0.126600799549891,2.4405174944899737,71.60694495304543,0.7594594452836235,-0.5053963932205693,2.040135293518219,-1.3619397132060111,1.6151413123057932,1000,1.3353161562458262,8.505910051800061,9.286476040265862,0.5262525625478605,0.44044349982298053,2.470045922976097,0.30386113365201983,2.366771178839633,1000
145,2.0143386618542802,3.3035427447450205,19.59725321304544,0.42020860926031506,1.4019829365931629,3.031810733947393,1.1907297877040626,2.837947536004498,1000,1.9279443561266012,2.5012209414419595,19.000191156432358,0.41977629208869033,1.3788301587636131,3.0317269778390807,1.1051828236327683,2.750705888620434,1000
146,1.958457975632309,2.2396172005283956,29.024577216561745,0.4740581188893738,0.7521776563161655,2.983410050214731,1.0293040626091363,2.887611888655482,1000,1.6725411190558819,3.853274984738154,13.659350832309137,0.6201460131643802,0.37848146191676746,2.8171079402667587,0.4570549332536966,2.888027304858067,1000
147,1.1541037608164348,7.4111882289336615,16.250820009781638,0.38471084074504835,0.5124869057312139,1.9534310388385863,0.40007051295614005,1.9081370086767295,1000,1.2956693132578883,10.103479485956928,10.54775062423037,0.38332676302779656,0.6311447584069653,2.1270243521739642,0.544348857723407,2.0469897687923693,1000
148,-0.07351981522982509,1.8128009521682436,201.73587220008199,0.7487137059876655,-0.8198892882345609,2.1381067591246308,-1.5409986789656496,1.3939590485059994,1000,1.0360367691720884,9.224021634579472,7.730979702595638,0.5304162293518349,0.25590375993878234,2.3493811200800607,-0.003579040357507779,2.0756525787016846,1000
149,0.8070857717105944,2.387670236593691,46.878946755146934,0.9671461037807877,-0.013890512991041494,3.044807024056004,-1.0885205916997496,2.7026921351209383,1000,0.6387894859787209,1.9449512693314357,68.97365124387747,1.0144400175791304,0.03719483190358021,3.2672796936918025,-1.3495129484763746,2.6270919204338163,1000
150,0.6042384449601665,9.063061131618205,14.923695498879166,0.5017573952093616,-0.2661698475423892,1.7451559449289016,-0.3792060496501821,1.5876829395705152,1000,0.7629052687360138,13.401180592280634,8.7531832484372,0.4633325919169124,-0.06607701357386639,1.8155222465374579,-0.14522661142113447,1.6710371488931621,1000
151,1.414103234990833,5.833566980753212,9.03800062839848,0.6548942627880007,0.13336632837861337,2.580221956738627,0.13051047992635167,2.697695990055314,1000,1.3274401579936814,6.423423077922701,7.908205810538555,0.7608887829467489,-0.14395461636636944,2.5531153706603433,-0.16390185658194634,2.818782172569309,1000
152,1.3028716728994514,2.3816585278575726,51.117791443253346,0.5983358793894176,0.6195909967845856,2.751258612680617,0.1301333492961929,2.47560999650271,1000,1.9115481305587714,10.548692910624855,5.966260222519246,0.3621104029203268,1.2928027273410396,2.7340134622187886,1.201811740834931,2.621284520282612,1000
153,-1.318015063190761,1.383292800833391,137.9077974089476,1.406118735540044,-1.875279169259993,2.1320984994534187,-4.074007784849247,1.4379776584677253,1000,0.17899118930115732,4.925814938007304,19.436303426253726,0.7337156647115245,-0.6278856511419358,2.214110430955827,-1.2590915135334306,1.6170738921357453,1000
154,1.955899126318508,11.975472777445157,3.5827138256073887,0.32011791542433876,1.3080064002272083,2.5639018308424126,1.328468012086804,2.583330240550212,1000,1.82222483422023,12.218684933997103,3.2225366117954017,0.32316283494623604,1.177220988914961,2.469889313924234,1.1888256777256074,2.4556239907148525,1000
155,1.238356136245795,9.93568887279888,10.590139440345895,0.5873291803183452,0.243787208994376,2.506292737330069,0.08719094282183848,2.3895213296697517,1000,1.4516311746361765,15.112239509506518,4.759389302719626,0.4157057922624813,0.6906678396051686,2.3005611251955504,0.6368478218017133,2.2664145274706398,1000
156,-1.5255372042977369,1.1047195953207523,734.1460643219925,1.2520041977703245,-2.0130518893023437,1.6233330564169042,-3.9794654319275726,0.9283910233320989,1000,0.8668717578468637,3.6233544772307256,27.722425988556683,0.4160346512855396,0.10835584172985258,1.72902675211459,0.05144384132720603,1.6822996743665213,1000
157,1.2001077124522683,5.670761037883498,21.248084236568314,0.35019704563900683,0.49342807684050466,1.9294960857632895,0.5137215029998149,1.8864939219047216,1000,1.0367868893450543,6.372587452313836,11.778335460097477,0.43370687881955317,0.35748713093700274,2.0120750517595236,0.18672140685873007,1.8868523718313783,1000
158,2.111257839833089,5.781679348504591,8.934206781399425,0.5201652651541709,1.1042012423033778,3.0014871986093237,1.091733920130914,3.130781759535264,1000,1.6302148361662727,2.6693553175195737,24.506573388834486,0.5466747351599566,1.1175713408468892,3.1118770580810464,0.5587323552527579,2.7016973170797876,1000
159,2.2132251007966857,5.3563038001961605,21.40380300483872,0.43343353810718777,1.502971610097806,3.2546018767373712,1.3636953661065978,3.0627548354867735,1000,2.325668518986315,7.32851883701648,11.156499637075202,0.37886331247581245,1.70899555639719,3.1563457722310138,1.5830964265337228,3.0682406114389074,1000
160,0.24969342348988333,1.8007609449823123,78.89794987125958,0.7369881312315328,-0.3848832205789525,1.9953917918192154,-1.1948033137239211,1.6941901607036878,1000,0.9185669847935549,5.674010537754218,15.262325096166517,0.43305602380996083,0.3404954938752779,1.9731425097537714,0.06977717812603168,1.7673567914610782,1000
161,-0.6462622468490302,2.542055086440832,53.77576692248501,0.9920691841300062,-1.6441618533396694,1.8848208284129664,-2.5907178477438424,1.298193354045782,1000,-0.1698647439729566,3.4267386386122634,26.307130828312914,0.7542760478910417,-1.239864022882341,1.9520120060454689,-1.6482457978393983,1.308516309893485,1000
162,1.3069419216049258,1.209688014258115,234.33504518646785,0.4554660812247946,0.7358824310385133,2.52421159754319,0.41422840240432846,2.199655440805523,1000,1.4172021343014758,2.5567321702999237,23.495848194864607,0.5147198441612607,0.4269202035807649,2.4711395257609743,0.40835123974540477,2.426053028857547,1000
163,0.2713107344892429,1.8938755405785594,109.03762009794497,0.9099575576783682,-0.31627375489034487,2.9652966642927545,-1.5122060785603586,2.0548275475388444,1000,1.1620899614775526,7.6080133211005805,10.362761893457517,0.7130511051521744,0.2017539978202814,2.835857367025732,-0.23549020462070924,2.5596701275758145,1000
164,0.6348246240172588,2.2642071984020364,121.52922163516578,0.747435104172755,-0.871742825446891,2.246604575898617,-0.8301481801613411,2.099797428195859,1000,1.465328633075893,10.413001607737653,7.426653912585061,0.5318840701853637,0.3929839109448982,2.5624017938452415,0.4228358555125802,2.507821410639206,1000
165,0.4927220455652117,3.3813444489551316,45.20264061047655,0.6328622326812734,-0.31913749908690303,1.9831035215331991,-0.7476879304900841,1.7331320216205075,1000,0.7621977044741977,8.088647434586742,12.685597017928405,0.6092980881437573,-0.15123914984363818,2.1218155277584185,-0.4320265482875667,1.956421957235962,1000
166,1.7515179999964778,7.198413256009206,16.04361479678984,0.5460778064698548,0.9758216957740066,3.084061661639588,0.6812054993155625,2.821830500677393,1000,1.8054372808634551,8.830961879315245,9.797997521238182,0.4705307550025297,0.983826289502841,2.8955786308475617,0.8831970010584969,2.7276775606684134,1000
167,0.1495972281652418,2.1223254099179805,99.9430459320122,1.2227824255445658,-0.9807173719964063,2.949379459869363,-2.2470563259021072,2.546250782232591,1000,1.7583248053226717,2.036993048460199,47.072459960842544,0.6061006757796541,0.4289981603321907,3.0151056467870645,0.5703674807945496,2.9462821298507937,1000
168,1.0329032669735834,6.033345674099533,21.48839638648951,0.566618498880354,0.1356392881772057,2.3153064574352507,-0.07766899083191037,2.143475524779077,1000,0.5701506294332233,3.8563464547442194,30.306970273109336,0.6393745572459569,-0.08738141123605654,2.198055309754812,-0.6830235027688523,1.8233247616352988,1000
169,1.6053584587412904,6.446115262106699,15.867107093297122,0.3877423670299645,1.0380380490287942,2.4948893516857926,0.8453834193625599,2.365333498120021,1000,1.7819821340700281,12.781132744262765,5.611696599465338,0.334960075416828,1.1355664155994558,2.470634384337779,1.1254603862530455,2.438503881887011,1000
170,1.1054381380156877,2.578336089310178,40.479386641873624,0.541929562630787,0.5397928504881357,2.540527289859002,0.04325619525934532,2.1676200807720303,1000,1.3601867225571156,5.187982682356951,16.290164469055615,0.46827010482271375,0.7177591298821159,2.526306042073109,0.4423773171045966,2.277996128009635,1000
171,1.1584075048428955,8.996868471680921,10.504350188750728,0.3872123315682736,0.2952925870261115,1.8180876282521015,0.39947133496907916,1.9173436747167116,1000,1.3261296613249136,9.336546562259473,10.26693502382974,0.33025601425216283,0.6474948914049943,2.0074685350825074,0.6788278733906745,1.9734314492591527,1000
172,1.9857108717965366,3.753581166803894,23.314531474661457,0.4664249421644756,1.2117965079697754,3.234984226833256,1.0715179851541645,2.8999037584389087,1000,2.0125360933474497,7.356996959865258,8.094138832664477,0.5203525577133767,1.2165486615346754,3.4324937663071946,0.9926450802292313,3.032427106465668,1000
173,1.7436225948835231,7.051215606963415,9.800715373568133,0.3290300506682898,1.105957816315473,2.4112611916698943,1.0987236955736752,2.388521494193371,1000,1.6300596582340008,9.288469935655657,5.635435199220287,0.33949692358087574,0.9793363874760064,2.278514672495837,0.9646456880154843,2.295473628452517,1000
174,1.4617948383305168,7.134386304736283,12.85344786968506,0.38915959729242317,0.8560776012118627,2.450734939000749,0.6990420276373674,2.224547649023666,1000,1.5178666367625058,7.507918905970154,12.4352001695039,0.39025854108333774,0.930982272571126,2.5424688650400333,0.7529598962391638,2.2827733772858476,1000
175,1.8948842471789802,6.279901082879321,8.758243414715324,0.4486312511908462,1.142475222042512,2.9635607329821987,1.0155669948449217,2.7742014995130386,1000,1.6971714983006843,6.097081797771928,7.148663185277463,0.45922306569242194,0.9974772180752342,2.8102898901290647,0.7970942895435372,2.5972487070578314,1000
176,2.9215666236346536,3.6600589663981586,31.832493124381,0.4209978327597696,2.0222143462187083,3.5783886851200295,2.096410871425505,3.746722375843802,1000,3.0075318673605915,5.203088229159705,15.45077900277954,0.4012925998274149,2.1350632139324413,3.6883080850981464,2.220998371698858,3.794065363022325,1000
177,1.677496780982704,6.470758029294545,10.70115736337441,0.6636053173292998,0.6290162350570169,3.0470110764058473,0.37683035901727635,2.9781632029481315,1000,1.51375532748447,5.532476422820731,12.052184931226057,0.7113848896053497,0.5422965940825185,3.0061392600119503,0.11944094385798443,2.9080697111109552,1000
178,1.9019403541285704,8.744811534528269,7.762607268038709,0.2839667192252233,1.3733465715356372,2.4538983435120194,1.3453655844471326,2.4585151238100083,1000,1.8763856597697814,9.513939537049465,5.138375317895429,0.2756935794491887,1.3762200635831368,2.4412214547506674,1.3360262440493715,2.4167450754901916,1000
179,2.1314652843200372,2.4321425517140924,46.20496780572827,0.27334317443832573,1.6910319234075515,2.782434488656492,1.5957126624209188,2.6672179062191557,1000,2.161254133445753,5.598072828688998,11.24787482669646,0.2852788502462886,1.6771076455112062,2.7916665777722782,1.6021075869630277,2.7204006799284786,1000
180,1.4211674806316443,3.9087306279321954,20.36396767658975,0.5758398655564144,0.7746420050234519,3.040741245590777,0.2925213441410721,2.5498136171222168,1000,1.587828585158722,3.7503011730501457,19.40704551094984,0.5891380120600834,0.8925399597028302,3.18842530294264,0.43311808152095854,2.7425390887964856,1000
181,0.4882202774339519,7.942404324587521,11.678713311941001,0.4075170076505117,-0.25471777331129475,1.3852772097836665,-0.31051305756105096,1.2869536124289547,1000,0.8205105887331969,11.318506595221223,7.200192522163019,0.38605101884744963,0.13599819461515686,1.5976657299705823,0.06385059179219565,1.5771705856741982,1000
182,0.5676929128792163,1.4264489719234126,103.6897751415266,0.9169898764246558,0.06681440310943162,2.8012259085552342,-1.229607244913109,2.3649930706715416,1000,1.0257062799087797,2.8243262952198083,28.747833864214176,0.6914708919279097,0.3158341508298769,2.7211665817612216,-0.32957666826992327,2.3809892280874827,1000
183,1.0614009443050128,2.389581789845598,40.01776291958024,0.36235142002779996,0.5739991880457355,1.9945399669114496,0.35119216105052486,1.7716097275595006,1000,1.1411442549594706,4.2124458486979455,20.089254278063038,0.3469168987673122,0.6463683233194141,1.989955465330147,0.46118713337553874,1.8211013765434023,1000
184,0.9133302571129556,1.7199401513724482,126.8714474592797,0.49670110146640467,0.4720190137094809,2.4772078116198086,-0.06020390176119761,1.8868644159871089,1000,1.4514319088150107,8.613973983848172,8.362192409398,0.44690212332747575,0.7872154899823974,2.602463374242433,0.5755037470931582,2.327360070536863,1000
185,0.37767728889600427,2.5557593944611923,81.5113184912525,0.8364264495235997,-0.5585504624465498,2.3206678703665284,-1.261718552170251,2.0170731299622595,1000,0.5340070476428074,4.975669419971201,24.394015321519994,1.0556624870982232,-0.9803221026734454,3.0926019133741636,-1.5350914270697102,2.603105522355325,1000
186,1.6391400863034855,3.6434283885312895,19.42797533774736,0.35412922209996506,0.8314393599070952,2.2825976877523666,0.945046810987554,2.333233361619417,1000,1.6350369407712078,5.308391862766017,11.016841198946851,0.3631181867027623,0.9220150288045205,2.4256059274794635,0.9233252948337937,2.346748586708622,1000
187,2.116273452831382,4.375945059436595,28.304939354618593,0.3171598530390313,1.44080244323302,2.6535943724080773,1.4946401408748804,2.7379067647878834,1000,2.0365429361736593,10.928059868658467,9.376792075921799,0.3022981968422677,1.4117538032528973,2.6011250037684985,1.4440384703628146,2.6290474019845043,1000
188,1.763301420786194,4.349854050557787,10.061253433294125,0.32941369984139535,1.1765213732870043,2.480187006925584,1.117650569097059,2.4089522724753287,1000,1.762926608747164,4.465015375190452,9.57473401053916,0.3740357317812483,1.087967523732274,2.5742900819498438,1.0298165744559173,2.4960366430384107,1000
189,0.25987761528131026,7.072189686834961,13.780882156252751,0.5600552724839719,-0.6427087239581604,1.6405193492272072,-0.8378307187872747,1.3575859493498952,1000,-0.04533436042743233,4.1889032815054,25.40483679629142,0.5076975829032516,-0.65532509216151,1.4028239505901783,-1.0404216229178056,0.9497529020629408,1000
190,1.9257159797251135,2.7572775765931388,46.47541896175714,0.40221531423081003,1.2600462978242974,2.8721722980327518,1.1373739638327258,2.7140579956175013,1000,1.8674819316245508,9.57938803772386,7.6134359528105335,0.4183282774706325,1.0349815407849625,2.6650388978902755,1.047558507782111,2.6874053554669906,1000
191,1.8608927620669244,4.504597953642507,19.758324203245163,0.4999557844307992,0.9673668885682928,2.8226195658278472,0.8809794245825581,2.840806099551291,1000,1.8959866644593388,5.52736138325762,13.583635541475163,0.3954725898601268,1.1341535286641626,2.671805973173858,1.1208603883334902,2.6711129405851874,1000
192,1.4442765514616611,1.5665043040259643,63.8171196288093,0.5049069390293639,0.994040970371107,2.846536230928185,0.4546589509641079,2.4338941519592145,1000,1.8222914772204728,3.5173132692683433,12.578910595534367,0.4653192499210489,1.2682495733006565,3.0563486878247135,0.910265747375217,2.7343172070657285,1000
193,-1.2311769006038227,2.4925912632006435,70.67253233833297,1.9251144902398591,-3.0810860883510696,2.582307100722746,-5.004401301473946,2.542047500266301,1000,2.026557371091246,4.107659516742933,22.123054927525864,0.28193032151026437,1.6353317317544924,2.8067449391427353,1.473973940931128,2.579140801251364,1000
194,1.532347396376133,5.959240905047685,12.019499029869595,0.5254970815891025,0.326140281939552,2.3750542873710985,0.5023731164614922,2.5623216762907735,1000,1.4638818815998174,4.718206496477406,15.49634838007289,0.4254091530803606,0.603966961093838,2.357659001339197,0.6300799415623106,2.297683821637324,1000
195,0.08783564757644058,3.4696337143837344,34.14420562396889,1.1219415810592595,-1.200895506280809,2.735134088516782,-2.111169851299708,2.286841146452589,1000,0.7279911879657166,7.363654917611501,10.755491632372301,0.7936987987947767,-0.5723974922885097,2.525175674667329,-0.8276584576720456,2.283640833603479,1000
196,1.2763727790843538,8.460051157141363,14.953185348600714,0.7704576679117763,-0.055336790320503516,2.8571769653286982,-0.23372425002272768,2.786469808191435,1000,1.9132629080554175,15.521849360699889,4.5500673532100295,0.48705974016338066,1.0404162559089565,2.958035677075184,0.9586258173351915,2.8678999987756435,1000
197,1.7282640715433977,4.647290490651338,14.686400361060837,0.4160741106198426,1.0920842877141064,2.7566850660736057,0.9127588147285062,2.543769328358289,1000,1.7219267585428906,6.582714842668652,7.977335954809315,0.38531621731331367,1.0812839717267708,2.6781089575934014,0.9667069726087958,2.4771465444769856,1000
198,0.2991189600169726,3.116023651945689,53.62939929736445,0.874389847691635,-0.8107428733396094,2.4239116670871503,-1.414685141458632,2.012923061492577,1000,0.8228753162895801,6.588021362420768,15.709484397038885,0.5897570508895787,-0.10323834998824599,2.4092233536541565,-0.3330485034539943,1.9787991360331545,1000
199,1.4176057533444864,4.453829843881861,28.414933544365585,0.4872604710024876,0.6447290610583896,2.492572967966539,0.46257523017961066,2.372636276509362,1000,1.6070851381915365,7.8527448289568555,10.484064221492176,0.41741617376060997,0.880845250799331,2.5037202340967664,0.788949437620741,2.425220838762332,1000
200,1.294338437772974,6.10299905534481,16.881761755982435,0.38347178999298237,0.6347065015151132,2.1556985736670415,0.5427337293867287,2.0459431461592192,1000,1.4236849705250005,7.553840124313833,11.414621255524258,0.37212980301612997,0.7075391535986989,2.1996674409416443,0.6943105566133858,2.1530593844366153,1000
201,1.3830919692661556,5.397606549849961,16.433085447748272,0.3255765972802167,0.8414385130398085,2.1439790040241884,0.7449618385969309,2.0212220999353803,1000,1.5139311411821006,4.848460265511261,17.486805078170285,0.3115357711203563,1.019974305501256,2.287801922499267,0.9033210297862022,2.124541252577999,1000
202,1.5799088537365515,7.055742256302611,11.583426371346958,0.48743882664821364,0.7317831717995475,2.6898106432144773,0.6245287535060529,2.5352889539670502,1000,1.5464070665026268,7.130274838930545,11.850538712207186,0.48704594529530676,0.8158194059623127,2.7096850937524635,0.5917970137238256,2.501017119281428,1000
203,0.7568210803917177,1.8828963693079848,67.5410343184025,0.7492847960397053,0.1857583586255288,3.0172993568053346,-0.7117771198461047,2.22541928062954,1000,0.6406841342657192,3.545115025268799,19.961399473596135,0.7065279030044197,-0.04709815658807154,2.6785100189793307,-0.7441105556229433,2.0254788241543817,1000
204,2.3625865283217395,9.30959098112476,4.122617428852277,0.5242662054905541,1.5177931156858466,3.629879352389363,1.3350247655602534,3.390148291083226,1000,2.42464108174632,9.108981110728672,3.8245652467405375,0.5664986527655578,1.5252901032441408,3.7551448026106904,1.314303722325827,3.5349784411668135,1000
205,0.9392083537662459,6.8718630693923,9.073769505913022,0.3790336874464379,0.35667109868357205,1.8696588299730224,0.1963023263712277,1.6821143811612642,1000,0.9919382594532848,7.031939217129675,7.97272409084129,0.3973966087773214,0.3909196308486643,2.025700265439492,0.21304090624973493,1.7708356126568348,1000
206,1.495963585572365,11.520234355303582,7.719393769024353,0.3983735407130161,0.7298658051603908,2.237881143008535,0.7151514457748533,2.276775725369877,1000,1.408309212714589,12.407878923926363,6.015343960466657,0.32123143332206494,0.9207397586221884,2.2099188895381863,0.7786956034033418,2.0379228220258363,1000
207,2.0253241794998305,9.758320789477144,6.524870976026761,0.4012923710383595,1.3052458513579654,2.9053979028397428,1.2387911322646459,2.811857226735015,1000,1.6457303426016874,12.044325041950307,3.744822213039161,0.5982540953669063,0.32839687820415786,2.541624030375307,0.473152315682551,2.8183083695208238,1000
208,1.1014595280744333,1.829352196913653,78.39785916680704,0.5864070757346328,0.5466039078082353,2.528041689370638,-0.047898340365446934,2.2508173965143135,1000,1.7728664868027397,5.782825407501808,9.35693664246154,0.39501505632931944,0.9496494318485617,2.4629120032343073,0.9986369763972737,2.547095997208206,1000
209,1.779589781162732,2.5772123852502267,38.55529495684177,0.5149532483576241,0.9489441068409631,3.212762030291582,0.7702814143817887,2.788898147943675,1000,1.788258236037818,6.160992233618498,9.147077028144603,0.5090856398093844,0.9167745354888692,2.993935238801688,0.7904503820114247,2.7860660900642116,1000
210,1.7587050032199234,10.26592596424299,11.202123426353298,0.43054167572674396,0.8741946132379743,2.5436029409795347,0.9148433187955053,2.6025666876443414,1000,1.5896398065374728,15.126508777755317,5.813977435851498,0.37754360451502395,0.8703396060516286,2.352234254103229,0.8496543416880259,2.3296252713869197,1000
211,1.5937620443059042,2.027672616681674,58.27265650809004,0.8216866529088824,-0.20440759059219255,3.1985658267656034,-0.016743795395505412,3.2042678840073138,1000,1.6350668040039729,2.9761106475209136,27.898612396882196,0.5782253091434582,0.7793177972861478,3.1873551775065123,0.5017451980827949,2.7683884099251506,1000
212,1.1742164774688852,2.566546127382586,51.61171290904865,0.6243819894629163,0.4261636246175526,2.58197649783323,-0.04957222187843069,2.398005176816201,1000,1.5397591123356658,5.865888340398498,13.560134787675524,0.43337224608788166,0.8592592029579165,2.484925882033552,0.6903495100034177,2.389168714667914,1000
213,1.6316351726006453,9.526850421202441,8.726306232874492,0.4331048861201251,0.7018062751806352,2.4476880318761003,0.7827495958052001,2.4805207493960904,1000,1.5995091745212366,9.582266779955578,8.884945694394695,0.45793071657049994,0.6735045878382299,2.4412190037120824,0.7019649700430568,2.4970533789994165,1000
214,1.1190709511817851,6.911931184749205,9.958617461949187,0.5522493918470367,0.2709709707978552,2.6079321622804614,0.03666214316159322,2.201479759201977,1000,1.026985191922353,7.155514204021767,8.101037466827485,0.5357907048433874,0.24693912932312434,2.402531334868942,-0.023164589570686456,2.0771349734153923,1000
215,1.304368719051209,3.6294743683589745,35.02006264133098,0.616603858255492,0.15696267107166367,2.4727334542160455,0.09582515687044468,2.5129122812319733,1000,1.8219609971067847,8.315275364084624,7.586175894640469,0.38703912398220797,1.0803850016672132,2.6137542496714774,1.063364314101657,2.5805576801119123,1000
216,1.788600283150738,3.2683687971157327,33.490841896200244,0.6559493335021572,0.9466841225948858,3.398314020670774,0.5029395894865099,3.074260976814966,1000,1.5427254786276365,2.6387447298094098,40.98390249141775,0.5603639241683641,1.0079990347861498,3.0888493480648367,0.444412187257643,2.64103876999763,1000
217,2.4790011329772277,5.166990828641721,17.643746024617123,0.38442196758517383,1.6838565161735353,3.1151392653812087,1.7255340765102871,3.2324681894441682,1000,2.456505708860335,5.662861513774189,13.212344710023325,0.3567383240860611,1.7039815528475022,3.074693703798926,1.757298593651655,3.1557128240690147,1000
218,1.2067161546086975,2.8649816449030285,41.06442889172964,0.5704336621876682,0.008635333628630459,2.3567230265587975,0.08866617672086785,2.324766132496527,1000,1.5002560406039036,5.787976129908016,11.733982033245757,0.4250666613224189,0.6911167280043128,2.433099067099497,0.6671253844119626,2.3333866967958445,1000
219,1.5398405118545924,1.823284049281919,54.68093173054472,0.36281529391986767,1.1195265709647675,2.468764744420089,0.8287225357716518,2.250958487937533,1000,1.6349224230209172,3.193060409544681,24.69365758545986,0.3346393571554984,1.2118697451400628,2.4922080426527566,0.9790292829961403,2.290815563045694,1000
220,0.44813719917990635,2.0815856503487753,65.47983925570895,0.7009497523401855,-0.17034644234020727,2.171767256381355,-0.9257243154068573,1.82199871376667,1000,1.1177384625298448,9.143202600300272,10.661088316710542,0.37024201766172804,0.5655720273712218,2.041907855258617,0.39206410791285784,1.8434128171468318,1000
221,1.2943780061708843,4.308147465308114,25.78507321061474,0.4585553617501578,0.6332696205294964,2.4818101658533793,0.3956094971405749,2.1931465152011937,1000,1.0330038694919517,5.8092565785977355,13.56721280496937,0.4854587759530947,0.12836536517556718,2.160331675456368,0.08150466862388606,1.9845030703600173,1000
222,1.3851141822089512,3.4636444882721222,30.142031768774974,0.5646838185558741,-0.0419791398412646,2.1446709723217694,0.27833389783943785,2.4918944665784646,1000,1.1162796612804686,4.7905167498077565,19.255132707468885,0.7777738422570367,-0.9463971590944488,2.151611366195103,-0.4081570695433232,2.6407163921042605,1000
223,-0.46189937714062745,2.7265821225461924,60.512883114746735,0.8265506267923967,-1.2463525436085532,1.774907261334075,-2.0819386056537246,1.1581398513724699,1000,1.0256663466609943,10.9031576618681,6.744933541730868,0.40377478434181946,0.4218213233720829,1.9472357088146004,0.23426776935102822,1.8170649239709604,1000
224,2.1667430507617924,5.340409518031072,13.213549848011487,0.656484970275091,0.7789378742977521,3.4062595210447526,0.880032509022614,3.4534535925009706,1000,1.6298223794623712,5.5314349389355995,11.868439414509957,0.6494923661599423,0.6222463642929983,3.1524902169786184,0.35681734178888425,2.902827417135858,1000
225,1.0437673466562125,4.779866919461592,14.575752404232594,0.9031118032486909,-0.4586297527664642,2.9704205612407333,-0.7263317877112216,2.8138664810236467,1000,1.127275848345739,5.547465478560231,11.000882192746861,0.8455419277152184,-0.31048565717193843,2.8657004337108813,-0.529986329976089,2.7845380266675672,1000
226,-2.723896079397708,1.1968042477228076,458.3515281007894,2.272230402434694,-3.4880798633588332,2.5040212513354234,-7.177467668169708,1.7296755093742924,1000,1.8640890340707712,5.25476257823693,8.840905550273849,0.37575803724881923,1.102913031673677,2.591769071780539,1.1276032810630854,2.600574787078457,1000
227,1.0479435756723237,3.045105745335937,69.66223247797416,0.3834459436117602,0.4192361328218206,1.9002673192036905,0.29638952619327363,1.7994976251513737,1000,1.224375017762111,8.380202659630895,9.781932875171071,0.43596962940079814,0.31285287645867016,2.020161831217714,0.36987454413654675,2.0788754913876755,1000
228,1.9928625029692129,9.376193807646398,9.500476769510687,0.4899375056100936,0.8890825844155729,2.836814191222229,1.0325849919734296,2.953140013964996,1000,1.7570430896838214,12.355089126557262,6.236096475189453,0.45499201379863724,0.8524851556038003,2.6305225490987176,0.8652587426384925,2.6488274367291504,1000
229,2.668880788691694,4.490750585945974,15.22858332780718,0.630475962186343,1.3458854903725184,3.9218507854434086,1.4331479028064615,3.904613674576926,1000,2.734259169738085,4.898975739208961,12.142104567205953,0.6194705705887045,1.416995042809924,3.9747104083546927,1.5200968513842243,3.948421488091946,1000
230,0.9296785785602388,4.557053906292146,20.20845424196353,0.5295072613174058,0.2383018037674746,2.290202642731915,-0.1081556536218764,1.967512810742354,1000,0.9203799012973923,4.704657245778178,16.94555558411327,0.4874348542238175,0.2973297980751917,2.239794608748325,-0.034992412981289966,1.8757522155760746,1000
231,-0.18887940625001098,3.6808406844214714,47.35770184999629,0.51063763123574,-0.7575840675053406,1.310911582767377,-1.1897291634720615,0.8119703509720395,1000,0.7194018135723623,12.426578859644774,5.32917414796614,0.3676736500656246,0.13040805789378032,1.5460057458081367,-0.0012385405562618246,1.4400421677009865,1000
232,2.1164904364559085,3.836598816004012,26.806571274827096,0.5517595560519108,0.825369628812403,2.870328062839206,1.0350417065941633,3.1979391663176537,1000,1.7848836580830796,6.862162576551153,8.501404818589279,0.48876247491141117,0.7791036633030272,2.6917390367528786,0.8269092072567137,2.7428581089094455,1000
233,1.4125458068131818,3.925076694291709,27.188674443218375,0.3292185983337629,0.8661277065628711,2.141657814949489,0.7672773540790065,2.057814259547357,1000,1.549582215376627,7.296287792225534,10.984633983348923,0.36864212902210164,0.9205582946919064,2.4680546837912907,0.8270436424933078,2.2721207882599463,1000
234,0.18150381154665007,4.217454392429194,28.95072556506785,0.7344548866989679,-0.747655810740093,1.9948106412742566,-1.2580277663833268,1.621035389476627,1000,0.4524421210944456,4.804108919516719,21.563791624640906,0.694113223486131,-0.3121087217051361,2.1801219193296326,-0.9080197969383712,1.8129040391272624,1000
235,1.566868519280742,8.479924353055766,7.347935549496654,0.5446063603974601,0.535358772206774,2.6204851953212107,0.49944005290172,2.6342969856597636,1000,1.2703813177704744,7.7286677550823955,8.520106696872737,0.6115871028778472,0.24663162535427224,2.5541804069011045,0.0716705961298938,2.4690920394110547,1000
236,0.13633613241657905,2.887902714025827,32.52506317875503,0.7896309719208606,-0.7484504735313011,2.010858077337564,-1.4113405725483077,1.6840128373814658,1000,0.7228182667939125,6.182706557281667,11.854385924492446,0.5686040252350403,-0.22601223609390703,2.033740083862875,-0.3916456226667664,1.8372821562545913,1000
237,1.5750448402875374,1.4671276706195402,201.97998211553698,0.71652221858329,-0.09818592674952567,3.044679255997846,0.17066129186428913,2.9794283887107857,1000,1.766862205271083,2.4332092545216084,41.9071050164794,0.4275005840777583,1.3080960965572452,3.0313033760155634,0.9289610604786767,2.6047633500634895,1000
238,-0.210656677540761,1.1965597860501442,429.27819181090484,0.5172029774614672,-0.6575813526392629,1.2898149081285892,-1.2243745133652366,0.8030611582837146,1000,0.5652825942458319,6.842270752834869,14.989762153472567,0.41584380578732333,-0.03614329870118316,1.7002298729999152,-0.24977126509732173,1.3803364535889857,1000
239,2.187153111055455,7.636127314040778,5.678612148673338,0.3438450749682626,1.5385307955395437,2.8577104508262483,1.5132167641176602,2.8610894579932498,1000,2.059869479058462,6.332333341868176,5.657262419627509,0.35160693046849795,1.3716895425476554,2.75082419543399,1.3707198953402062,2.749019062776718,1000
240,2.4856157603769184,5.4314670064406325,15.329580990130749,0.6441018625952876,1.0929433142622256,3.549067709886183,1.2231761096901548,3.748055411063682,1000,2.7194973666824964,4.506807367585641,18.060167183031243,0.6850245867285285,1.1774835486262394,3.7074257569722033,1.3768491766945805,4.062145556670412,1000
241,2.6745752432811694,5.7207765617507835,10.600244394255773,0.4712458130686307,1.6285069251047541,3.526241256090381,1.750933449666653,3.5982170368956856,1000,2.6283240723512407,7.4032642722052175,7.112549778831513,0.49556253128306044,1.5470316384620515,3.567131361922105,1.6570215110364424,3.599626633666039,1000
242,-0.02028742959865415,2.860524669235589,62.654550737632135,1.1295497012861055,-1.2057850226952438,3.3166315353084475,-2.234204844119421,2.193629984922113,1000,1.4792611044504955,2.3527473172294693,38.57466630346527,0.9988246370950118,0.5188065983312269,3.678906605001584,-0.4784351842557275,3.4369573931567183,1000
243,1.5818654136270505,3.756691581060754,26.62135163610984,0.32885014200847623,0.877554154995937,2.182446378278827,0.9373191352904371,2.226411691963664,1000,1.5691234954253823,1.6992725377182376,84.01843703655567,0.34604678773610764,0.8581549967913201,2.199667278237092,0.8908717914626113,2.2473751993881534,1000
244,1.4703548813983407,6.7781449588110645,17.990599249712442,0.30446270516864604,0.8589162208868862,2.0755290953142422,0.8736079792677944,2.067101783528887,1000,1.5960293404519879,11.298864095371936,8.132510310013533,0.29756247720473755,1.0280353584434954,2.1868401323900795,1.0128068851307024,2.1792517957732733,1000
245,2.0635139672633924,18.07215199997403,5.361521553434764,0.42409203976710497,1.2470347330518656,2.9291485282911545,1.2322935693198667,2.894734365206918,1000,1.6989196844503074,16.88202215957083,6.4130141130753335,0.42019081735867636,1.0524573921655698,2.6749553336077865,0.8753456824273017,2.522493686473313,1000
246,2.1319758611891486,4.463615095529814,16.566448710243094,0.4343734205744511,1.2042483541418183,2.9710003060880603,1.2806039568632244,2.983347765515073,1000,2.0984044353774194,6.691708774579828,7.893677873347747,0.4069364209827428,1.1864074105472175,2.83758088124269,1.3008090502512435,2.8959998205035955,1000
247,0.5638639073582383,5.463552144542497,20.014035448561952,0.4638866155923905,-0.020545876249166994,1.8056501014501607,-0.3453538592028471,1.4730816739193238,1000,0.6439268942116185,5.040075697947788,20.906956796158944,0.5764556358078721,0.005848360284393283,2.3799334759467063,-0.48592615197181077,1.7737799403950478,1000
248,1.8387349817803993,7.978031181674573,9.826124609791613,0.3720734172277191,1.1550009953864777,2.6163356273680964,1.10947108401407,2.5679988795467286,1000,1.7947722273879259,9.53841597379102,6.581081251345536,0.3815165028182463,1.0935574900937515,2.6227979839181152,1.046999881864163,2.5425445729116887,1000
249,2.5706386741256937,3.3296399514291593,22.48460951799777,0.23434690620767257,2.1600772788956353,2.994569030454471,2.1113187379586553,3.029958610292732,1000,2.4218504244286203,3.709641968854977,19.228713343731652,0.28887840340201754,1.7890959654818805,2.910615592869634,1.8556487537606658,2.9880520950965748,1000
250,0.6326832825856785,4.790554673712761,17.779206135703454,0.6010468002895378,-0.3663873138580334,2.0326082048613014,-0.5453684459818156,1.8107350111531726,1000,0.7656491774239256,5.907756383910695,12.918014454504195,0.4515185893682008,0.21267878331836,1.986230793183178,-0.11932725773774788,1.650625612585599,1000
251,1.861733593976339,13.832281855765016,4.807811047511656,0.27408878850805307,1.3219366466542193,2.369549515763605,1.324519568500555,2.398947619452123,1000,1.8171466726336216,14.955015804301958,3.2358609152532956,0.3007167555713474,1.195444647774065,2.3677538653771446,1.2277418317137807,2.4065515135534623,1000
252,-3.7982591167427753,1.570728419030791,144.27927326836635,3.376558468174818,-5.567290286528338,3.769646400027652,-10.416313714365419,2.8197954808798684,1000,2.464833105067112,2.898880108249242,28.139813308759642,0.4140918199594499,1.8579048683761492,3.4839300850251482,1.6532131379465902,3.2764530721876337,1000
253,2.4906309444427226,2.563295293612873,44.78726367899259,0.23206188598028524,2.0669720731427716,2.9747731724869104,2.0357896479213635,2.9454722409640817,1000,2.4753982203013987,4.38528294811163,21.20978753681944,0.2599470527270702,2.0242320989720386,2.9348861041414946,1.9659019969563412,2.984894443646456,1000
254,0.335916722412577,1.0607586736731616,780.3850505231252,1.1345362938003782,-0.08929743910875952,3.109567730592153,-1.8877744134361643,2.559607858261318,1000,2.3820039864634253,2.7703713916998494,20.115556248145456,0.4712948666288667,1.2722647619816154,3.183711540433152,1.4582660478708465,3.305741925056004,1000
255,1.8483883654937598,7.1438314127120925,12.903611483900782,0.5490548025370903,0.7909439550697346,2.8687412692713825,0.772240952521063,2.9245357784664567,1000,1.990951617398914,9.010345714196186,6.4635405251220694,0.47110173185180837,1.1032962754149214,2.8974690206972733,1.0675922229693695,2.9143110118284583,1000
256,0.807024278456681,8.170559006504838,12.843674564087948,0.37815011563795375,0.15223267379001296,1.689395851570004,0.06585005180629167,1.5481985051070704,1000,0.8898978021591133,9.766773322191726,9.085378550623226,0.42457846713521746,-0.027384479175946996,1.6833350219175625,0.05772400657408705,1.7220715977441396,1000
257,1.101259025807924,7.833770721748681,14.446520187602987,0.5952647935656121,0.07443139561435372,2.4022034480190984,-0.06545996958067568,2.267978021196524,1000,1.3993239362875602,9.16222422441842,10.349445349765475,0.47869988802252245,0.5066001842822019,2.3682767649911325,0.4610721557634163,2.3375757168117044,1000
258,2.042373410564914,6.077253248811872,19.301183569585078,0.6751428563038571,0.9837935761742487,3.5215442519292344,0.7190934122093542,3.365653408920474,1000,2.175856885971911,11.899306184470737,7.486615163907996,0.5262904483632469,1.252510960514398,3.3477316676347977,1.144327607179947,3.207386164763875,1000
259,1.7889685331324563,4.897485454636028,16.53326490754316,0.3907308033883637,1.1539650328268483,2.633413577498031,1.0231361584912635,2.5548009077736493,1000,1.764897907560766,6.253124707270395,10.456213301352063,0.40672986167229136,0.9237899817947324,2.5574473388940793,0.967707378683075,2.562088436438457,1000
260,1.7202187192940648,3.631733601879683,16.022914193909333,0.5365688836537578,0.9326026227978451,2.951431612902445,0.6685437073326996,2.77189373125543,1000,1.7801241833572794,3.467484252954074,14.273925860707447,0.6356126397961932,1.057714598830008,3.422061875129462,0.5343234093567408,3.0259249573578177,1000
261,2.586968588553671,7.460843201382959,7.196034564063524,0.3968171853286792,1.8637425667793122,3.3691464975020704,1.8092069053094595,3.364730271797882,1000,2.5135374456678417,7.647575522235425,4.552990757764023,0.4443215351779709,1.5049861263604885,3.306723035132713,1.6426672367190187,3.3844076546166644,1000
262,1.5366866778615478,4.212953164720824,18.682117015094626,0.3955182914875188,0.9199809137134612,2.5084092275086096,0.761470826546011,2.3119025291770847,1000,1.3258780128489778,5.657531288943029,10.84770346855435,0.6522042869098972,-0.2514498355261129,2.4464707277915854,0.04755761050557927,2.6041984151923763,1000
263,1.528625971823442,2.9788570254869104,37.322798817449524,0.4060469335280029,0.9389891176389394,2.5230722483673933,0.7327739821085564,2.324477961538328,1000,1.538613291218069,3.9016132576042586,18.488571148612298,0.3784128180816286,0.8851816657431726,2.351049510939934,0.796924167778077,2.280302414658061,1000
264,1.721003837138636,8.837480742428147,4.180035427894532,0.8224471537353555,0.09953585264086609,3.2903390578656517,0.1090074158173393,3.3330002584599328,1000,2.3412910652648478,6.64979838644457,6.074411236573705,0.8512759043376696,0.3459432203276176,3.71058443494069,0.6727902927630154,4.00979183776668,1000
265,2.477653271742544,6.978217894085043,7.725997001634116,0.47422108387092693,1.5057821388077555,3.285919948922794,1.5481799473555273,3.4071265961295607,1000,2.1582259056929414,3.284795257906545,16.073885567364457,0.5481387150912076,1.3424913494268236,3.441279059859252,1.0838740241141744,3.2325777872717083,1000
266,2.0031180316147843,1.6713208230079402,118.5721875670373,0.6731558129984908,0.39507341318663547,3.380001039509235,0.6837326381377424,3.322503425091826,1000,1.7989799850737564,7.8254145052039,12.878055700975365,0.9066461317622991,0.21962575210902296,3.6024572413393856,0.021953566819650217,3.5760064033278627,1000
267,1.7243140557539092,7.728443248836772,17.07514190856556,0.40908387427977877,1.084828620962288,2.689855709567064,0.9225096621655428,2.5261184493422757,1000,1.7610155584905633,14.70272798582651,7.241426190586483,0.39756866537609176,1.1058125130282839,2.663787897905357,0.9817809743534235,2.5402501426277033,1000
268,0.6693652838833537,3.8103062820473617,40.77813407120089,0.5638705733857207,-0.02867849773393751,2.069760020455862,-0.43582103995265875,1.7745516077193662,1000,1.1450241804659291,8.301329707634562,13.34226743605968,0.4412070323792711,0.5560503487859754,2.3115220471673044,0.2802583970025577,2.0097899639293004,1000
269,1.2434531954273451,4.199476795825344,24.28989100976441,0.5913531298892131,0.5225536948955505,2.698479167693088,0.08440106084448762,2.402505330010203,1000,1.2926338282295227,6.579947911101665,13.40919892100544,0.4808867438817142,0.6594766049496009,2.536393938315128,0.3500958102213628,2.2351718462376824,1000
270,2.162884100193052,6.786304211604419,11.235605301738776,0.30591749284579284,1.6162178180619595,2.798162021697142,1.563285814215298,2.762482386170806,1000,2.1411000155001294,6.075493249967912,12.51019967320681,0.327319156496409,1.5878206407972335,2.867130892583789,1.4995544687671676,2.7826455622330912,1000
271,2.747768036818533,6.465809028765646,10.964595699994515,0.49355130443095124,1.687806604161173,3.6835966074610744,1.7804074801338685,3.7151285935031972,1000,2.4463870379984813,7.87790418336919,7.817131510837048,0.4752243709487015,1.4267507250471911,3.3628641953374547,1.5149472709390264,3.3778268050579365,1000
272,0.41542614385405363,5.490751325936401,22.338804167952468,0.71492268812493,-0.8146979728038228,1.97285015392212,-0.9858223248708091,1.8166746125789164,1000,0.968554387282389,8.88097058657,8.589941617887456,0.43048014896682546,0.4185266461621512,2.0749633769658726,0.12481329530741103,1.812295479257367,1000
273,1.1335695551874538,6.2947964547558914,10.994219395357469,0.3532169669853335,0.5951617304167186,2.07691844886407,0.4412642998962002,1.8258748104787075,1000,1.1534149427852105,7.770481695733135,6.063877968761205,0.33961717127273217,0.609855031392319,1.9661118082198121,0.4877652870906555,1.8190645984797655,1000
274,-2.9567100959103096,1.3471572580608568,288.3994672483021,2.175404816750099,-3.7749242147837725,2.273040191318808,-7.2205035367405035,1.3070833449198846,1000,1.0241844773604374,1.4952224590913408,113.55834753513163,0.5556292484830272,0.47041576078561104,2.547921134310169,-0.064848849666296,2.1132178043871708,1000
275,0.8153574770915513,1.8393159469200193,48.09259911264451,0.6352189407022403,0.21202197219071883,2.4485685842242324,-0.4296716466848396,2.0603866008679423,1000,0.9412611720640642,2.5955891735948016,29.77919250953163,0.5384686839772957,0.27958647741871473,2.2227410041966853,-0.11413744853143548,1.996659792659564,1000
276,2.113360177419161,9.717364850329512,6.072334900637478,0.3567735400617901,1.4311051155769856,2.8459851901779265,1.4140840388980522,2.8126363159402694,1000,1.8703290431434045,8.620648108253002,6.692210450369376,0.35128966309458726,1.3588258359589809,2.688610646679345,1.1818013034780135,2.5588567828087956,1000
277,0.937740823821239,7.250676062996594,16.10276028835668,0.6167117617481558,-0.0759753762941182,2.36796308454823,-0.2710142292051463,2.1464958768476246,1000,1.0505589045682475,10.62097976001494,7.776151050711181,0.5348735233094706,0.15273126109780683,2.2327680668929153,0.002206798881685179,2.0989110102548096,1000
278,1.859791153314363,5.902131955709348,11.132409556438908,0.7296645927106884,0.5650353124252012,3.290761847584801,0.4296485516014137,3.2899337550273122,1000,1.768163195528027,6.962912785079786,7.153370052522017,0.6735512235855411,0.6331381087479877,3.2530721838596275,0.4480027973003664,3.0883235937556877,1000
279,0.8438657619977192,5.03782599987599,25.82618690187467,0.6934324655609727,-0.5679222118188342,2.0245479112958322,-0.5152618705017873,2.2029933944972258,1000,0.29930683096541655,5.134316532354827,23.285743423448352,0.6741317230079714,-0.6207712518876888,1.795742070986589,-1.0219913461302075,1.6206050080610406,1000
280,1.908031442747967,8.336018481563798,8.505941322473557,0.5543287961427313,0.9157495369820906,3.155827902342886,0.8215470023082136,2.99451588318772,1000,1.817996615302524,9.762087510770561,5.243700228843615,0.5193691557149759,0.8871186965460773,2.9937824127247272,0.8000330701011713,2.835960160503877,1000
281,1.7456736842044696,8.168416774238628,9.153876063227207,0.44722098340818434,0.873705897226376,2.585435425967104,0.8691205567244282,2.622226811684511,1000,1.740236870811611,6.579467164301333,12.01349832803827,0.48576448334164546,0.7460856896765816,2.6261435268202957,0.7881384834619859,2.692335258161236,1000
282,1.2108866079118008,5.45708309730971,13.485754608257421,0.5126754565059273,0.32620925847619686,2.2878871362397137,0.2060427131601834,2.215730502663418,1000,1.3501124122305237,4.26582450226179,19.97228347651827,0.5756849001385582,0.24087453648754092,2.349194132914025,0.22177000795894952,2.478454816502098,1000
283,0.7109049686484599,5.087884186733046,17.20331170154995,0.4403412103999825,0.10436983651149427,2.020933173150995,-0.15216380373550575,1.5739737410324255,1000,0.6406033366811483,4.26773215308058,19.225324996470587,0.46512627403174067,0.036154639526604616,1.9227315375329581,-0.2710441604210634,1.55225083378336,1000
284,2.4961353337374312,2.6359079189778707,25.975348685672756,0.47604649591308035,1.5817873822542858,3.5192381895902836,1.5630842017477937,3.429186465727069,1000,2.447751391173435,3.4759546010997564,16.378892507109743,0.480511818271443,1.5179106800447482,3.485887561210695,1.5059482273614069,3.3895545549854633,1000
285,1.8091633316925864,8.99278921360388,7.970223654684848,0.3950681571416569,1.05402829322898,2.6251020974214256,1.0348297436949387,2.583496919690234,1000,1.6688815063576612,11.182215516679998,5.586793071706649,0.3799855317722188,1.0348607338714957,2.4927444136532144,0.9241098640841124,2.41365314863121,1000
286,-2.5709955415925823,1.1373794601267824,534.1551090066368,2.346822840338151,-3.0843389201492233,2.7847412126129933,-7.170768308655358,2.0287772254701935,1000,1.7528294747806539,8.592462383064808,11.499994058351259,0.396800792392567,1.1707757621249237,2.7028608707631587,0.9750999216912226,2.530559027870085,1000
287,1.8661255041189546,8.425520627532535,12.614065181245532,0.3364187228711464,1.2654043364589522,2.6102575980865397,1.2067448072915077,2.5255062009464018,1000,1.5881520538602878,10.929579915978149,7.5126993166952145,0.4294111639539205,0.6756837150377323,2.3197303275602015,0.7465061725106037,2.429797935209972,1000
288,0.1389212013012977,1.9566072574070272,126.56957435169018,0.5294910247198649,-0.309194206161613,1.804697967614691,-0.8988812071496375,1.176723609752233,1000,0.5507721483973511,7.10011653839256,10.858414093663685,0.475544475241574,-0.13035101267455018,1.7339191380621695,-0.38129502307613394,1.4828393198708363,1000
289,2.2533707005584835,3.8266601104425257,29.966367023020524,0.2724904885491516,1.6578750168863579,2.722619656583376,1.7192893430021465,2.7874520581148206,1000,2.2096084942023784,3.2953182017363507,34.99130856500793,0.29543433640336964,1.6334820043865104,2.7914268066564083,1.6305571948517739,2.788659793552983,1000
290,1.8904645416155605,3.848090885898617,42.56255984906262,0.5745766264399523,0.7776491454774381,2.8074841698199435,0.764294353793254,3.0166347294378673,1000,1.6902988377109556,6.799452401071572,9.88634787732405,0.4748696307485434,0.9018676795666803,2.738333795481917,0.7595543614438106,2.6210433139781006,1000
291,-4.153205205873459,1.0494386747986095,703.0310728818399,2.9289662563457557,-4.579086989042514,2.8224679650074087,-9.89397906831114,1.5875686565642217,1000,1.6133244500909454,8.897390107918488,5.097675129271298,0.5731743787285104,0.7547087332914253,2.948900648556954,0.4899026677830649,2.7367462323988256,1000
292,2.224862216924742,16.485255311172743,3.8095325701586527,0.5156669313029398,1.1426301930762883,3.2090975435249116,1.21415503157098,3.235569402278504,1000,2.1333642062674256,16.35475139152868,4.209016946196857,0.5529237923541711,1.0555460996015475,3.178402474314866,1.0496335732532502,3.217094839281601,1000
293,0.8090189892225368,1.9923885437292628,89.76856477121927,0.854299770818979,-0.03422361227139389,2.644450886117832,-0.8654085615826621,2.4834465400277357,1000,1.5791243101606978,3.6871476074665424,18.75721540832635,0.5763714136031239,0.390986320783209,2.658758997469259,0.44943633949857476,2.708812280822821,1000
294,1.761946837647252,2.0347954725001336,60.75532271101034,0.297996286516639,1.166909875769801,2.3685606394684933,1.1778741160746395,2.3460195592198643,1000,1.771902950665567,5.211479008314502,16.224962758866496,0.31428608716209816,1.1359841422000676,2.3819963782631732,1.1559022198278548,2.3879036815032793,1000
295,1.6209067657468312,7.945502033790374,11.997140815118392,0.3736215519622337,0.874162904818097,2.343280622451438,0.8886085239008532,2.353205007592809,1000,1.363734405127937,8.36879163794123,11.02432721007562,0.5130221054114783,0.4365726520843919,2.5360051963345427,0.35821107852143963,2.369257731734434,1000
296,1.4786685468744039,5.848694161895879,21.618293293867385,0.4118261776946974,0.845080261936288,2.387038117816281,0.671489238592797,2.285847855156011,1000,1.2047091370243623,11.558150308163095,7.759107196380311,0.6171987647487701,-0.2741587590554958,2.1039339545811027,-0.005000441883227014,2.4144187159319515,1000
297,1.3901114061112274,6.7224262662679255,12.564503645192302,0.3769919626623953,0.6754457844472644,2.208772135472938,0.6512071592929326,2.1290156529295223,1000,1.5820019455821202,8.302624681993283,6.4371813096466495,0.34932268473419364,0.9715963278723385,2.3505059117117564,0.8973294835031006,2.2666744076611396,1000
298,0.8501993372844425,2.160438940002963,51.46094585064768,0.5247839218370842,0.3596688645788571,2.209033408655537,-0.1783771495162425,1.8787758240851276,1000,0.8687570316868682,2.6868137852142873,43.130004863708415,0.4969633694697056,0.3946526067616593,2.40030119525301,-0.10529117247375475,1.8428052358474911,1000
299,1.8326846389411684,10.39312400782654,6.489208912844099,0.39406898415734853,1.1152216073434942,2.6833306327965096,1.0603094299927653,2.6050598478895717,1000,1.8298854849754969,11.682506203031423,4.8945880579833645,0.3742490984550494,1.1090130281906547,2.5952535253912026,1.0963572520036,2.5634137179473937,1000
300,2.190231230822914,1.9452334674173661,26.075067067392276,0.37424836797391586,1.611018214440536,3.0773562256593063,1.4567044295940388,2.923758032051789,1000,2.2158882773235904,2.8061502462022236,11.93140363699557,0.5208485953505564,1.5507390918664674,3.5850455944831703,1.1950250304365,3.236751524210681,1000
301,1.3099562432487577,3.0678300140370087,34.449901499799836,0.5585143739744051,0.7089280332144045,2.732237233855557,0.2152680702589238,2.4046444162385914,1000,1.4802265425452323,7.1305672137197105,14.59509389348244,0.44664640846573744,0.8926876004580769,2.598617100719142,0.6047995819523869,2.3556535031380776,1000
302,1.9517736098580492,5.671416064120116,14.75799125496113,0.36365588752812333,1.303720920993861,2.7343564614808193,1.2390080703029276,2.6645391494131707,1000,1.880994112261582,6.9628292068741935,9.30123243744039,0.32914424253496627,1.3193878469906153,2.614220198786973,1.2358713968930481,2.526116827630116,1000
303,2.0694596556125306,6.115245144186726,9.940679955044967,0.6132164883388831,0.8470816331011837,3.1366876244211395,0.8675553384683199,3.2713639727567414,1000,2.103881594366988,5.791502898600634,10.280501081412266,0.5214593310928766,1.083888186302607,3.1184728293307398,1.08182130542495,3.125941883309026,1000
304,1.6341606919574079,6.025694023340708,14.362363630856674,0.45760409606373353,0.6480906430381285,2.471244528203383,0.7372566636724902,2.5310647202423255,1000,1.7633718090128991,7.378200636862263,8.631762616958442,0.4312625256584166,0.9746786163837982,2.674001965248061,0.9180972587224026,2.6086463593033957,1000
305,-0.555320678211598,1.2258034857463402,159.78800401964168,1.3768386027611212,-1.080218408166052,2.7695077901359113,-3.2539243396233957,2.1432829832001996,1000,1.2642580500294511,6.983449379667971,7.097014038308038,0.5478317103501187,0.5053330523857089,2.622728756791031,0.19050789774321863,2.3380082023156836,1000
306,1.2948958065167102,8.851039512213482,11.229919050666776,0.4216118927805143,0.4330692072841529,2.0563291918883526,0.4685364966669022,2.1212551163665183,1000,1.204692527726623,9.236406849898575,9.330436166769983,0.37398544198155614,0.5788948841570464,2.0563131045687855,0.4716810614427729,1.937703994010473,1000
307,2.472678924175716,6.123905005280325,9.782215635459456,0.3143924414762601,1.9624430102335746,3.222456072140041,1.8564697388822462,3.088888109469186,1000,2.5503037892346834,7.215234997131935,5.33611170476266,0.33363984479556547,1.9314015053394766,3.2267096815157665,1.896369693435375,3.204237885033992,1000
308,1.5582236972639147,2.5228656278209325,44.675887151949595,0.3406663567851687,0.9258704439565554,2.2564624407014553,0.8905176379649841,2.2259297565628455,1000,1.71934144145076,6.943259066738213,9.857506455835148,0.3193030684888525,1.1358086416287005,2.3921145160524593,1.093507427212609,2.345175455688911,1000
309,1.064216200906786,8.537766635037187,8.202318337651873,0.5846352380100743,-0.12481927702759432,2.081159148671987,-0.08166886559295983,2.2101012674065315,1000,1.1277669363048872,8.687281573459803,8.526468676184416,0.4564035492134363,0.23135911550825142,2.072749224665706,0.23321597984655207,2.0223178927632226,1000
310,1.2935212508990261,10.48770428620514,10.018471729709566,0.4415226236830168,0.5124708656022333,2.230248569455328,0.42813690848031316,2.1589055933177392,1000,1.4357718232547367,15.311636391340768,4.171720410305306,0.40995886119081953,0.6736325357789175,2.261628854341793,0.6322524553207305,2.2392911911887428,1000
311,0.13475424998204089,3.717188112218574,40.06350116509189,0.9610644997923462,-0.8837226121094847,2.327933028743641,-1.7489321696109577,2.0184406695750394,1000,0.28304430740956477,4.1059481167340035,30.49493152465947,0.76251468161758,-0.6433203161338288,2.2848760939126724,-1.2114844685608919,1.7775730833800214,1000
312,1.9954479121991893,2.9599840560430635,28.801572578513873,0.41972734337266115,1.4472139522689595,3.1003055270415194,1.1727823191887734,2.818113505209605,1000,2.0867213615881726,8.371529008844853,7.942783477306403,0.49722111251014084,1.2284655490668726,3.1784685983287333,1.1121679810682965,3.061274742108049,1000
313,1.8736870972830633,6.075206654889673,7.17712011557922,0.4644603156841122,1.0113417287362503,2.70765178659735,0.9633448785422033,2.7840293160239233,1000,2.039499622677437,6.69855290919263,4.7984027366394635,0.4297143209333134,1.1392963047410583,2.7352103004791086,1.1972595536481427,2.881739691706731,1000
314,1.3792330477855859,6.883062230520683,15.52485042801692,0.29821068688609176,0.8333701066735437,2.013822672355146,0.794740101488846,1.9637259940823257,1000,1.168246124035739,10.834160484975364,8.83534884980656,0.41999726706324114,0.2596921575824945,1.9566716730710803,0.34505148059178625,1.9914407674796917,1000
315,1.7434923439427836,4.795017917553046,17.62843214071264,0.360855823160501,0.961424007428586,2.3579020457912825,1.0362149305482018,2.4507697573373655,1000,1.8810737855085822,2.9676524403104665,28.34403810953193,0.37742972979970085,0.9867538418536156,2.4216279392054485,1.1413115151011686,2.620836055915996,1000
316,1.887540117678646,4.332086408425793,20.365349838449774,0.28604260078481747,1.4438122384327983,2.5134150718197517,1.3268966201404035,2.4481836152168883,1000,1.546312830947857,7.285560315976778,6.70853102180456,0.7079755299517247,-0.376614689596457,2.435095443118281,0.15868079224247666,2.9339448696532378,1000
317,1.5532166999815078,2.535388487315198,52.07504066716578,0.34965784341117717,0.8818247190602432,2.3969045031025122,0.8678873268956006,2.238546073067415,1000,1.5682927954077135,8.540141950780669,7.5899900312792585,0.37954241342953365,0.9570480454982132,2.4922733087534916,0.8243896650858276,2.3121959257295996,1000
318,1.5927101839569717,4.695353531359897,29.91316315599734,0.3802953669407301,0.8697405693064468,2.3405104486573034,0.8473312647531408,2.3380891031608027,1000,1.3004711086800285,8.22162572282478,10.949505205009846,0.477988194037709,0.518159312578753,2.449942933163247,0.3636142483661189,2.237327968993938,1000
319,1.4722580607859053,3.2005971476034114,26.192823453494288,0.768665985422747,-0.05242551385206222,2.652223911720664,-0.03432727064267893,2.9788433922144897,1000,1.5861575988152636,3.9063751123442065,18.93683191753021,0.6407584431143678,0.3670204767591932,2.7685666713877506,0.3302710503111028,2.8420441473194247,1000
320,1.9779531607482725,5.189102491916027,15.238972250037987,0.4862272040612248,0.676729014552801,2.647945329678589,1.024947840788272,2.930958480708273,1000,1.8183400496723412,6.833034029130676,11.337316601789805,0.4641383217625016,0.7024792883719608,2.5573622203196216,0.9086289390178381,2.728051160326844,1000
321,2.481623564714843,1.5552308573547768,134.3963771267497,0.4153784423835123,1.4810108677878409,3.0467669682014757,1.6674818176431587,3.2957653117865267,1000,2.373769493038262,4.301243099798704,13.702070926609592,0.41742378607443276,1.4412635000692122,3.040610814225528,1.5556188723323738,3.19192011374415,1000
322,2.0681839978503707,1.2239286758850685,111.14727488485256,0.4360692446677831,0.9058192655380288,2.579283175840464,1.213488278301516,2.9228797173992254,1000,1.9519170640156756,3.477747692209454,14.768635183995189,0.4623379583866807,0.9585497886845746,2.7022086843242077,1.0457346655777813,2.85809946245357,1000
323,1.4786698916108425,7.763059547861058,10.32304345881533,0.46075937548721857,0.6444038457327871,2.376022438276768,0.5755815156558941,2.381758267565791,1000,1.6401801297304135,8.745398134303949,8.338566688278185,0.42467435298955686,0.8348878362672226,2.4539264902702635,0.807818397870882,2.472541861589945,1000
324,1.487931818177818,3.0113273096957283,79.00861595802098,0.4443612178205315,0.6091176570449345,2.3451757641934066,0.6169838312495763,2.35887980510606,1000,1.1098618233022441,8.331304549448289,13.162095857474212,0.5958248853247973,0.13397062541134808,2.387631498131194,-0.05795495193435851,2.277678598538847,1000
325,1.8267587421913936,4.358171823779362,18.335987636896398,0.6567438033050299,0.7595213188566241,3.154469656094311,0.539540887713535,3.113976596669252,1000,1.8505649410621499,5.852130432505246,9.38819091342429,0.5943235990156265,0.8489898941760092,3.062660627723912,0.685690686991522,3.0154391951327777,1000
326,0.0725357220052234,3.6756354526389234,54.35563724074448,0.5729379695997896,-0.8672490827332943,2.0004345770743517,-1.0504226984103642,1.195494142420811,1000,1.595644892274365,12.920939594520249,6.1065988671180484,0.36821619348998685,0.8200324777138052,2.267696016979662,0.8739411530339907,2.317348631514739,1000
327,2.1984237593063565,4.329736880003249,27.155627170582495,0.44987239443806476,1.127774874463547,2.9277471724520616,1.3166738662077495,3.080173652404963,1000,2.0507193598765094,6.522275737635724,17.405351515091635,0.4398546475192931,1.0566535843233862,2.8442345400875966,1.188604250738695,2.912834469014324,1000
328,1.511258219621106,1.7589841191646693,66.38355010907337,0.3618501341245215,1.0780137316774865,2.4744822253286727,0.8020319567370439,2.220484482505168,1000,1.6140536292974552,4.874958313008745,15.26269145562052,0.31020288791780165,1.110538759779454,2.3547084748750517,1.006055968978564,2.2220512896163465,1000
329,2.0466911619792763,7.498848571051122,10.564681750144894,0.26754513368418503,1.5468707285871746,2.592053447358252,1.5223026999582736,2.571079624000279,1000,2.1112917937129048,10.246178312859788,6.35821542058536,0.28155410640283546,1.5830010141232171,2.650034376629946,1.5594457451633472,2.6631378422624623,1000
330,0.8141704812232793,7.772261463372482,14.412737178159732,0.5463395444466989,-0.1624156456542266,2.0543552486751526,-0.2566550258922504,1.884995988338809,1000,1.0556841961456516,9.356214425602843,11.30805191280205,0.563688118497873,-0.07027851433937765,2.0296390646340297,-0.04914451611017956,2.1605129084014827,1000
331,0.8579497754959671,8.331252620820553,11.998681624660806,0.37410428246075955,0.2505383807989489,1.7135354212558511,0.12470538187287838,1.5911941691190559,1000,0.9546346485328585,9.732599314813777,9.54343085901739,0.37448171861348706,0.3830677778784425,1.856564412584885,0.22065048005042387,1.6886188170152931,1000
332,1.9519300270047808,4.43610019130693,11.80348065215677,0.6261365875982315,0.6515682504183199,2.9437380475646444,0.7247023153122469,3.179157738697315,1000,1.6837491316014623,5.105251819209062,8.545101821844433,0.6418232554435406,0.4636527681979906,2.80973485364589,0.4257755509321228,2.941722712270802,1000
333,2.467027310831927,2.802029060488067,26.26473802071852,0.5304885178958938,0.9760590026477136,3.0939863734512603,1.4272698157559753,3.5067848059078788,1000,2.3234121378349135,3.153899345578829,18.679086252995866,0.5765795145623909,0.7591433684672376,3.0402067736064775,1.1933162892926275,3.4535079863771996,1000
334,2.9519524749908177,2.717951841078,38.40225962640138,0.3848466807901395,2.039956352428591,3.477925342053881,2.197652980642144,3.7062519693394913,1000,2.948629011472557,2.625940800943132,32.302579817631305,0.42213856173061337,1.8568078055679278,3.4554227889675375,2.121237430480555,3.776020592464559,1000
335,2.0535381614296555,8.371683986156786,7.561683422383928,0.39290720051083805,1.2256733014532408,2.7451078706423475,1.283440048428413,2.823636274430898,1000,1.3190981866224067,8.819361693338433,5.4459165426661205,0.700267635696817,-0.2525468624563831,2.5980121790827164,-0.0534263793433547,2.6916227525881684,1000
336,0.49451311784140906,4.816730766631106,34.892535870611546,0.46219764612820285,-0.13537495054866874,1.7056119974798412,-0.4113942685698685,1.4004205042526867,1000,1.2090162103121518,12.777736382364486,4.794559919653134,0.24938906497783303,0.7763735831189968,1.7350321000420816,0.720213642955599,1.6978187776687046,1000
337,1.5448975313469497,3.6135690606133024,31.231549247120956,0.6569871050267017,0.5960273388510595,2.9585966958748897,0.2572028054946145,2.832592257199285,1000,1.775409277387904,7.7171736839698175,9.822552201145172,0.4965159232485366,0.9175402805332632,2.825245415931252,0.8022380678207722,2.748580486955036,1000
338,-0.16319676852265275,2.1916910099465357,85.14776281453693,1.3564266892919392,-1.372479184321916,2.884897771810545,-2.8217930795348534,2.495399542489548,1000,1.4007416935481318,5.404399141525616,15.18202424799855,0.8075043776189479,-0.19777256855409098,2.9240647776732924,-0.18196688658500593,2.9834502736812696,1000
339,-0.4952111060781088,1.124816446048871,404.9167797878054,0.914001629569059,-0.8581211524345878,1.8496640312378727,-2.2866543000334643,1.2962320878772466,1000,1.0282520662675307,11.631692016730183,4.269014135353181,0.3311696225021508,0.4762920632626603,1.8463464628142676,0.3791596061633151,1.6773445263717464,1000
340,1.8864563510004613,7.795226373776003,11.924707348566631,0.5637950535751521,0.8525976561045195,2.9744993475688766,0.781418045993163,2.9914946560077595,1000,1.9522358719292698,8.637409657608085,11.121323983074745,0.44620723644094856,1.0399090255062908,2.767848550803256,1.0776696885050105,2.826802055353529,1000
341,1.0790207523781428,14.296514241805626,4.851049084234559,0.30174384736318555,0.5102812757488208,1.6821201151343839,0.48760281154629914,1.6704386932099864,1000,1.0860192618218196,13.071879235563014,5.002072470390708,0.2944266378698701,0.5128612934928336,1.6497657540677146,0.5089430515968743,1.663095472046765,1000
342,1.5830860068746864,1.1210889224930995,374.08465800068706,0.5251433864293248,1.1100566318559326,3.3740826317711847,0.5538049694732099,2.612367044276163,1000,1.6969672137196437,2.5616013617991777,31.82138206945683,0.5350152647347134,0.7271455241875071,3.199791977917559,0.6483372948396053,2.745597132599682,1000
343,-3.587757429255795,1.0471132264912912,1586.6281627600642,2.645398990658688,-3.948544929524491,2.609518779484952,-8.772739450946823,1.597224592435233,1000,1.6257460051901087,9.397349955923834,8.287438450424741,0.413753716543509,0.9421827472451024,2.6395645060705135,0.8147887207648311,2.4367032896153864,1000
344,1.7652795064035711,4.891545338817051,14.588534730506709,0.4651727634785054,0.8434230869129099,2.591854680299943,0.8535408899857005,2.677018122821442,1000,1.8546158813814715,6.087996393360844,10.699566349998719,0.4103032323645293,1.0218310539129876,2.621505614786704,1.0504215459469939,2.658810216815949,1000
345,0.4160247480220409,2.2502545967493996,100.26553329160936,0.6608583460165918,-0.1921877980850019,2.398052059768501,-0.879257610170479,1.7113071062145608,1000,0.7898147443547314,4.152748315849218,16.28175888356734,0.5232664142914902,0.1743594171852752,2.2770555490320232,-0.23578742765658944,1.8154169163660523,1000
346,-0.3821494420429321,1.517611724047486,137.46530673265522,1.0320909074384095,-0.9468149357190302,2.1724519308667367,-2.4050476206222147,1.6407487365363504,1000,1.1796905744603219,7.739450275865943,9.08084533321576,0.3910875763645681,0.6593933283564116,2.1730228110102967,0.41315892478576843,1.9462222241348752,1000
347,0.6758303932755432,3.3154028675103855,101.20316221372983,0.7434655434407729,-0.7058185420717876,2.6039769139500577,-0.7813620718683716,2.1330228584194577,1000,1.5766003704463203,9.696586747293653,6.608101008629929,0.6484532661889552,0.19045873734627805,2.7418308798395343,0.3056319687159681,2.8475687721766727,1000
348,0.7039131101549394,4.127732103655491,27.10633445017409,0.2923093543733357,0.14034613487441508,1.2853642276411552,0.13098677558320138,1.2768394447266775,1000,0.7440748460096431,4.334874613665033,22.039599079276446,0.34394952283281166,0.14626263015400173,1.5296761733346063,0.0699337812573323,1.4182159107619539,1000
349,2.289031350891311,3.9695537806159154,27.606825021364887,0.2700798678279727,1.7287606075623838,2.7793077483493147,1.7596748099484847,2.8183878918341376,1000,2.216372391672701,7.5671944551635,8.606841249208584,0.38524609034629587,1.331424483873159,2.7738423002366788,1.4612900545939613,2.971454728751441,1000
350,0.3745094032674614,6.315187344081839,22.593344505759415,0.9147617367632775,-1.1207290272840724,2.0540220665084337,-1.4184236007885624,2.1674424073234855,1000,1.3006659081065637,15.140795012090669,4.678483826998599,0.42838322692173625,0.46316760746167146,2.1488953393187598,0.4610347833399606,2.1402970328731667,1000
351,0.296281203052458,2.4514665092299084,25.459737716018754,1.2654655359570048,-0.7887847206112173,3.2002915885794154,-2.1840312474232713,2.776593653528187,1000,0.1987910332744689,2.4425496026993727,23.498947343841674,1.0464236798549442,-0.6009466039673333,2.8826679059340177,-1.8521993792412217,2.2497814457901595,1000
352,1.364162994771501,2.326361275860238,69.87632594547247,0.5037113577082271,0.840066558313793,2.6909475814721775,0.37688873366337605,2.351437255879626,1000,1.9588423090042124,5.039373375770637,14.557356282701258,0.42704256117306,1.1640266433455189,2.9914999337765935,1.1218388891050148,2.79584572890341,1000
353,1.1770738122650122,4.49551788251135,15.787087281254163,0.6854545671318101,0.2076510025205132,2.7751675929976876,-0.16641713931333557,2.52056476384336,1000,1.340316953509339,6.222221146695436,9.826668347734245,0.6124424781704674,0.24866777631865428,2.656722702407281,0.139929696295223,2.5407042107234554,1000
354,0.5989743079679073,2.389297626140779,85.68954244747731,0.6823070933173881,-0.0703454768604238,2.5933841590629076,-0.7383475949341733,1.936296210869988,1000,1.4445416414254404,5.715875779861037,15.98709147854802,0.4663073488889348,0.9267862733939406,2.8144555465698553,0.5305792376031282,2.3585040452477526,1000
355,0.0390776752271762,3.808711392579955,45.231508463676185,0.6577597484990141,-1.0010906887664828,1.5083142816674415,-1.2501314318308914,1.3282867822852438,1000,1.952371535380542,16.302363241125214,3.2330079976808808,0.46590578683248474,1.094781290138684,2.896510114657886,1.039196193188872,2.865546877572212,1000
356,-2.653910889106073,1.161457132533867,478.8686221147395,1.8373210396737594,-3.0445299031271333,1.9468499354895044,-6.255060126866642,0.9472383486544955,1000,0.7243094026420502,10.488439116437073,6.341361255200633,0.687079103990932,-0.8450496021984878,2.1086767353504756,-0.6223656411801763,2.070984446464277,1000
357,1.1788777209266037,5.730923065491762,12.938114620102253,0.7397689324632593,-0.09139557817799239,2.581586031790977,-0.2710693867013845,2.628824828554592,1000,1.3477402122393163,6.128746323857195,9.533357818642003,0.7610447535608024,0.01267405235793218,2.8998645309644493,-0.14390750473985636,2.839387929218489,1000
358,0.2835155445779747,2.0608486950182643,69.14421791951844,0.6803188734969228,-0.34625003709382834,2.016897059528154,-1.049909447475994,1.6169405366319434,1000,1.2221429776889599,11.39951877304067,7.255978888139135,0.4862162983504936,0.37043085468531706,2.2309125441853026,0.2691590329219924,2.1751269224559273,1000
359,2.65602053017546,9.817211146231559,5.537021490750226,0.30099539779540746,2.043588902232907,3.2597654133782354,2.0660695504964615,3.245971509854458,1000,2.6213781085185732,9.742642548575029,5.194219066369285,0.2945277302748825,2.0535621454677004,3.178733475309318,2.0441037571798035,3.198652459857343,1000
360,1.1669950865453576,1.3335700590798698,110.11384291895537,0.48048423325491524,0.7830607870704767,2.5119037550262147,0.2252459893657237,2.1087441837249914,1000,1.4638994833409384,3.1719547649852102,20.095433979841555,0.38233425793655834,1.0588600253245968,2.5159765255341635,0.7145243377852841,2.2132746288965928,1000
361,0.8150468406006595,8.048039502759908,12.742881837380677,0.45694388287490056,-0.008413846562393973,1.7701835269835426,-0.08056316983414558,1.7106568510354645,1000,0.7986279113106152,11.631107946013064,6.83918916200391,0.38847654792802816,0.08662782465376039,1.6225172961438463,0.037213877371680026,1.5600419452495502,1000
362,0.9896119348006986,2.6220342836171446,67.70330268256632,0.679811597336919,0.3395573516381594,2.84438125589452,-0.34281879597966247,2.3220426655810598,1000,1.4917532641333477,6.564131290232573,8.867259811224779,0.5257727642249302,0.6160644159801273,2.7688550512116734,0.46123864625248445,2.5222678820142113,1000
363,2.1023077034362747,1.801182054835429,59.58310046067937,0.3354942132089717,1.5241649254808665,2.823842951076316,1.4447390455466902,2.7598763613258592,1000,2.081214275561993,3.2285386308065127,14.74103659152553,0.3455296064241389,1.432973656556239,2.818493997189245,1.4039762469706807,2.7584523041533053,1000
364,-0.3208748123613727,1.2232090408416925,671.2320686738376,0.9818883398863371,-0.9043405155322106,2.6337527544966735,-2.2453759585385935,1.6036263338158478,1000,1.5449544779200544,8.214066485754405,5.032670395166269,0.6122998343719487,0.5663109647934303,2.900953464831221,0.34484680255103495,2.7450621532890738,1000
365,2.3387455770259233,5.018895295156632,19.422140486473932,0.2857388778917922,1.7271000656901052,2.8726118110339414,1.7786973763580107,2.898793777693836,1000,1.8686016090712028,6.042833851011502,12.80044016805196,0.5885851250949996,0.4435217638340618,2.679341335151767,0.7149747638850035,3.022228454257402,1000
366,1.6761681509841027,5.82310179847507,17.811123374790572,0.40894808358552237,0.9936761230474441,2.5582749423353155,0.8746299071564788,2.4777063948117264,1000,1.6928120600712417,6.226629062957849,15.964604255521571,0.3966688063547698,1.1139170910711953,2.623616397748627,0.9153411996158929,2.4702829205265906,1000
367,1.5812678950850683,7.990913039278659,10.832076738931026,0.37862084270297985,0.9315425106887967,2.4400768962268597,0.8391710433872278,2.3233647467829086,1000,1.873779456608056,3.4451875256689832,24.688031642861255,0.3659924402594155,1.049163091275161,2.460242782492107,1.1564342736996016,2.59112463951651,1000
368,2.3294163472753033,5.201194433412774,14.84284308553317,0.8669291424316216,0.5671217428774857,3.9616836893848015,0.6302352281093251,4.028597466441282,1000,1.417615436818465,4.61413635738706,17.00851855022636,1.0446128899536677,-0.055445145162431715,3.891193177736366,-0.6298258274907238,3.465056701127654,1000
369,2.0827624767193083,12.51034470570912,6.663518357573153,0.37505993354525474,1.3762642870899167,2.829501412104819,1.347645006970609,2.8178799464680075,1000,1.9442656782161167,8.9761661447654,8.150485580817865,0.34253537408935086,1.2909456553367187,2.703126242208342,1.272896345000989,2.6156350114312445,1000
370,-0.19666296044631704,1.1337841339097607,217.34811267018918,1.2578084024616965,-0.7091996300293887,2.92426235983267,-2.661967429271242,2.268641508378608,1000,0.8540062127942196,3.2398080638511773,15.194467274562845,0.7616386704349478,0.28081845649000814,3.1676832808488187,-0.638805581258278,2.3468180068467173,1000
371,2.293404231564375,3.1713771001699844,38.5819266952344,0.5870984250590677,1.0479525285582094,3.0607952903779703,1.1426913184486023,3.4441171446801477,1000,1.951503859815542,6.318928244038275,15.881408536720047,0.4823647583044368,0.9890531019563789,2.769844643090613,1.006068933538846,2.896938786092238,1000
372,1.2134572292358619,9.268842332098586,10.170737222978978,0.5602723652748228,0.09704320030729471,2.240092246517172,0.11532339329720909,2.3115910651745146,1000,1.4594350293692586,9.107093210650932,10.323272093926857,0.48159294014163984,0.36942995709400694,2.2218108903822866,0.5155128666916445,2.403357192046873,1000
373,1.5169180349082825,4.443651716059962,20.50745521157881,0.27580469967853577,1.0367969977253422,2.1041387394153017,0.9763408235383524,2.0574952462782123,1000,1.5162210441805024,5.652915590836505,14.884240126518794,0.2797867333513401,1.0162515728980206,2.1158486019027882,0.9678390468118758,2.064603041549129,1000
374,1.9854649326391989,3.0852669130078607,27.729562939589123,0.35587715851887974,1.3164732285479388,2.6610533263203626,1.2879457019421947,2.682984163336203,1000,1.9578889318766037,4.363728928073371,15.726470395297053,0.33850086275997104,1.3155929821468784,2.646638672112799,1.2944272408670605,2.6213506228861467,1000
375,1.0279637117248326,1.7341094892657627,61.93195351669031,0.49561745289366643,0.509495489530888,2.2723601301979066,0.05655350405324644,1.9993739193964188,1000,1.4584512705568153,8.63801672014907,6.027667014698969,0.3724776165016167,0.8863132395827759,2.3494642041308262,0.7283951422136467,2.188507398899984,1000
376,1.0156651427367422,5.643586794304515,18.78756299005686,0.4383306991062492,0.4134471468342358,2.1613053316353583,0.15653697248849374,1.8747933129849907,1000,1.491436208662594,9.886705850839544,8.349935147183995,0.34504289322422116,0.9143598184157924,2.240930727900804,0.8151521379431206,2.167720279382068,1000
377,0.5906495633468669,4.579105631072114,51.2061072762798,0.6592175385166585,-0.34180215259547186,2.2245062531603597,-0.7014168121457838,1.8827159388395176,1000,1.5702064723405043,4.2397176577067786,33.636299979911094,0.321489418356365,1.1840950551688494,2.39653268857347,0.9400872123620289,2.2003257323189795,1000
378,1.95202785347144,4.635406644800298,11.960321780171716,0.471363091080782,1.2511086732039005,3.1194270177809136,1.028156194953107,2.875899511989773,1000,2.0363721714955405,4.7340213364118995,11.903695330250832,0.4982619276952163,1.2984651200297548,3.2760785577354805,1.0597787932129166,3.0129655497781647,1000
379,1.8896411000147806,4.202347507186301,11.23886532923337,0.47580590628533764,0.9296285750948702,2.742829190057124,0.9570615236955188,2.8222206763340423,1000,1.872134539697773,4.8318018037746455,7.967912324523009,0.450031005660041,0.95087783125762,2.695837582379708,0.9900737686040928,2.754195310791453,1000
380,2.2602040777786674,9.171130463804426,7.375403053796983,0.44391743160707436,1.5066958926717209,3.2534159874440247,1.3901259118288016,3.130282243728533,1000,2.0932767686977094,8.70717801762725,5.606410649089146,0.5135759837349069,1.3156229022059192,3.2702855516687914,1.086667840577292,3.0998856968181268,1000
381,-1.7384538411182966,1.3883186389028788,187.67231575512713,1.9395978379833245,-2.57191974574338,2.9767110435504316,-5.540065603565612,2.063157921329019,1000,1.4840596828743173,9.778416728255973,8.905419395180532,0.7422859282199772,0.1399161530132287,3.0700410727131984,0.029179263563162028,2.9389401021854726,1000
382,2.8923922435070497,5.207881358437808,10.49015565166991,0.4663451975507472,1.8656027319542117,3.5966684731961314,1.9783556563075853,3.806428830706514,1000,2.5702212831055338,7.995849407565759,5.695368942874765,0.5439452570265982,1.5742118572323465,3.6069173490414204,1.5040885793334013,3.6363539868776664,1000
383,1.970382250975255,5.087543332888556,15.832204074653466,0.5386418966918323,1.1933776147758504,3.3280570738288984,0.9146441334592639,3.026120368491246,1000,1.8515667790928436,5.622195155478002,10.173812675752501,0.5559944566287539,1.1321206495957907,3.322823996686703,0.761817644100486,2.941315914085201,1000
384,1.1748597390519468,7.7525924552579895,7.6093062170037555,0.2718234143317013,0.6528806623772716,1.6914416787389122,0.6420858469618123,1.7076336311420814,1000,1.155024254432092,6.851247311544036,10.199485744075965,0.23665522638596193,0.651498183957772,1.5365097261967715,0.6911800107156065,1.6188684981485773,1000
385,2.2496215019834853,10.74263962502379,5.576325299001389,0.4300468400267357,1.3826655620538615,3.051650336390253,1.4067296955310833,3.0925133084358873,1000,1.9915694745921573,11.108695954799371,5.9401188937469325,0.6752975543156577,0.2956028715619982,3.0122114646717635,0.6679862681334681,3.3151526810508463,1000
386,1.4701113052208563,6.564153253421225,13.204566086839641,0.478031559845204,0.6838525997861128,2.5220989503693265,0.5331694479242565,2.4070531625174563,1000,1.0342680650430567,6.0157447070515895,14.681812600242155,0.5111522480229962,0.228457548133051,2.249205110507553,0.032409658917984085,2.0361264711681293,1000
387,1.0969167646250169,2.738982287635839,49.43251702979023,0.5727015977419607,0.2665520202302475,2.32429292019739,-0.025578366949226217,2.2194118961992597,1000,1.1055438553648251,4.919371162018424,16.89939205306915,0.5005687436974635,0.28225293412086566,2.1409568873372895,0.12442911771779663,2.0866585930118537,1000
388,1.058635348134152,2.8924166535230365,49.33690603221532,0.7825613125329025,-0.047883918056097534,2.795614151071309,-0.47518482443033694,2.592455520698641,1000,2.050555258305581,4.250439823281163,14.85862293138777,0.7222925455723197,0.9589782654460172,3.7019694106898013,0.6348618689838346,3.4662486476273275,1000
389,1.4532489974092786,3.449394709063419,38.18760224848419,0.3527776136581033,0.9170670322994581,2.2834317552119394,0.7618048746393962,2.144693120179161,1000,1.6717524360585814,5.3045206510578655,17.93908733298673,0.3755950400051614,1.0759631315562124,2.5263908872522145,0.935586157648465,2.407918714468698,1000
390,1.2900563768187472,5.128127763196569,17.43465412112207,0.6667657189002686,0.310159934727595,2.679956038841293,-0.01680443222577921,2.5969171858632736,1000,1.79743416290459,13.116066925273469,4.4128995331416325,0.4194926042827385,1.0880743670805313,2.7480865140490307,0.9752286585104226,2.6196396672987574,1000
391,0.932451728890193,4.520871227101655,31.938411621802594,0.37314009390441044,0.23655395839964352,1.6934371845041203,0.2010971448375486,1.6638063129428375,1000,0.8167222471816813,7.518252438796048,15.051159485803103,0.3779483653851743,0.20592862475670415,1.7287438528719312,0.07594345102673972,1.557501043336623,1000
392,2.769251194102692,4.765037756077556,22.604565423443585,0.3998638451565626,1.7596058550672533,3.435587402627716,1.9855180575958291,3.5529843306095543,1000,2.7865357875849677,7.1501633846820205,8.399241549232258,0.43128595275910675,1.8128149799407596,3.5069111028681124,1.9412153201771185,3.631856254992817,1000
393,1.3282881416891357,2.1558736285577673,79.80050840495943,0.7463672443231103,0.6342118023095938,3.2711274169489535,-0.13459165718416055,2.791167940562432,1000,2.4203351803677946,10.899156987651317,5.323018198321995,0.5116019632741795,1.5047855261807077,3.490467603575929,1.4175953323504027,3.4230750283851865,1000
394,1.5598299845922257,4.307687548836627,14.444000636801249,0.38343941533741144,0.921478958917096,2.4366324611452823,0.8082887305308992,2.3113712386535523,1000,1.6029395957102337,4.387416718104388,15.078224984833412,0.3731355909227467,0.9856808501781957,2.4362227662567144,0.8715938375016502,2.3342853539188173,1000
395,1.3323343527341527,12.740841106564499,7.77576293089322,0.43453648319128924,0.5656712836963905,2.2192852363279982,0.48064284567922577,2.1840258597890796,1000,1.3289831802596617,15.956382079221312,5.658094079949096,0.34318841823824636,0.726417419853055,2.0606097880829655,0.6563338805126988,2.0016324800066245,1000
396,1.45592233492281,5.725984223144871,20.918135081422193,0.614907457237904,0.5367444574648191,2.77811251227894,0.2507037187365184,2.6611409511091018,1000,1.9233729073814545,10.061368966675227,9.888704624618727,0.4038985392741474,1.2015406188319369,2.744389325131834,1.1317317704041256,2.7150140443587834,1000
397,0.23853012382384975,2.1262556591652104,198.1550414709527,0.6074023527419429,-0.2283989899198444,2.07012839208389,-0.9519784875503583,1.4290387351980578,1000,2.3293402934000174,3.825095716635029,14.467481536375269,0.4495646330809358,1.254577088917483,2.995398237100848,1.4481936125613832,3.2104869742386515,1000
398,1.9959791307339296,5.250596453223431,21.98067074227869,0.4816979994003881,1.2223398583980727,3.1042376314200286,1.051851051909169,2.94010720955869,1000,2.1361932217271606,7.477867581975288,11.691537090321678,0.3991582369574701,1.4344921691368009,3.0389203604964212,1.3538430772905192,2.918543366163802,1000
399,2.359031727313286,9.84787444777895,7.425424497542649,0.5179239884784764,1.4258698454298044,3.4503997835495843,1.343900709895472,3.3741627447311,1000,2.0675107335503355,6.174847062158666,12.060984081763584,0.5251858619668288,1.339595097917051,3.294106606556539,1.0381464440953512,3.09687502300532,1000
400,0.6461672241168372,6.688558901167725,14.935531667726714,0.6137332727514998,-0.30855234322915714,2.160813154678271,-0.5567499904761024,1.849084438709777,1000,0.5026219304372419,4.67100996388997,22.258438122472437,0.641196053092505,-0.23836720902255204,2.3683101228519283,-0.7541223336240679,1.7593661944985517,1000
401,0.7172484119692792,1.4527224167741348,380.0364128792396,0.6433099121552036,-0.6565381135210291,1.8763413982166182,-0.5436390158549198,1.9781358397934783,1000,0.992578475056547,7.205318809095291,11.540990734179411,0.495390150923895,0.12063837113586932,2.0466947181581685,0.02161377924571284,1.9635431708673812,1000
402,0.3896732362224644,2.696540209260378,49.66738539762993,0.4863781641547201,-0.23799085122930014,1.5510031428318758,-0.563627965520787,1.3429744379657158,1000,0.19784121815149902,1.6648249762920833,79.74714069410507,0.6052297489923976,-0.24008325662665406,1.8653067023235073,-0.9884090898736002,1.3840915261765983,1000
403,2.927164762647095,2.2309527184775133,45.30228093273907,0.6962970360708461,1.2014073634696785,3.6774914349040713,1.5624225719482367,4.291906953345953,1000,2.6129476455845095,3.4432546735578797,22.93837943507409,0.6324551042057364,1.0089485122950315,3.3766469560416614,1.3733356413412663,3.852559649827753,1000
404,1.751904875251181,4.855374156787961,17.07257417607611,0.351094324682117,1.1388749457453438,2.477585596044119,1.0637599988742317,2.4400497516281305,1000,1.8407887837041477,6.187898353051065,12.009411805452807,0.3664431979003339,1.2313714451628774,2.608716737512453,1.122560115819493,2.5590174515888022,1000
405,0.237904373421435,1.7946507079060614,117.77936648608339,0.5218604608806198,-0.18540600565661314,1.9866381756157363,-0.7849421299045798,1.2607508767474498,1000,0.7891682093894881,5.181821828496191,10.963369195333103,0.3968715298599635,0.22904910442608492,1.8993294142924084,0.011300010863959598,1.5670364079150165,1000
406,1.829642088154684,2.742961358924506,22.466438343881595,0.3898574625949254,0.8997408693218761,2.420360553830965,1.0655214614686304,2.5937627148407376,1000,1.895448362495375,1.5737938655174648,51.0841545438273,0.4102054725311968,0.8046272883636226,2.3304159757721976,1.0914456363342293,2.699451088656521,1000
407,1.6660466619033616,5.874479273959385,17.709892834269457,0.38156841626065147,0.9147690246166926,2.442802176079233,0.9181725660324848,2.4139207577742385,1000,1.6698537481671771,8.827670048799833,8.995788082447895,0.3587114393029802,1.0007884107773592,2.383852104504422,0.9667793271333359,2.3729281692010185,1000
408,-0.030312224600780535,1.933668363139218,116.91620547238264,0.8659644891401226,-0.7200842077232906,1.9480979197899824,-1.7276026233154207,1.6669781741138596,1000,1.2329232850906335,13.818797429046025,4.670084131787439,0.3204041680000953,0.6714072385064049,1.9448871979807496,0.6049311158104468,1.8609154543708204,1000
409,1.7694919360304238,1.899471300122094,105.34457364023218,0.29878022323287134,1.0479433068839812,2.3099440765357175,1.183882698493996,2.3551011735668514,1000,1.3703460490169581,13.013620068263762,4.80020276014983,0.6601265447206509,-0.592828246880043,2.135496231252813,0.07649802136448236,2.6641940766694336,1000
410,2.075525918872576,2.8474551432548383,49.12994098006916,0.4341016141390412,1.1166222490678248,2.763839598175498,1.2246867551600553,2.9263650825850966,1000,2.408903076612009,4.480559891618707,15.658497551586319,0.3346407409057811,1.4660307125900889,2.8938200069570303,1.7530072244366783,3.06479892878734,1000
411,2.002998657726455,8.165293881008699,7.756357708790332,0.3415025694265289,1.3718879426565553,2.757318266038553,1.3336536216504582,2.6723436938024516,1000,1.961151647032728,8.390231602432655,7.089426316178395,0.37275882593026405,1.3247552619088632,2.8302386886539694,1.2305443482094103,2.6917589458560456,1000
412,0.9754935814798338,3.891536677304197,24.293815517910804,0.4150292017508483,0.46054961246786724,2.061628905388209,0.1620363460481712,1.7889508169114965,1000,1.0756195880452442,7.354154299819741,12.063959314762123,0.3512909578876155,0.5723337227794316,1.937953671872724,0.38708931058551777,1.7641498655049705,1000
413,1.6972475025145541,4.723420554028255,16.521821253265397,0.3829327292443422,0.8729530057481232,2.404656240219908,0.9466993531956435,2.4477956518334647,1000,1.286951283744858,3.815645530988836,20.43024493522554,0.4999281223135996,0.6303266129614788,2.5326394474806655,0.3070921640102028,2.2668104034795133,1000
414,2.567036470223689,2.6085171831845764,66.84551704165675,0.8409536745575366,1.5591100072921265,4.634244093493726,0.9187672680909176,4.215305672356461,1000,2.9830715255242204,4.246791541901699,17.212450949558242,0.7281376336802202,1.485589139624479,4.355737642216097,1.5559217635109888,4.410221287537452,1000
415,1.671444993380001,12.881338581439396,7.566511485483649,0.4899308068066031,0.7071185388922645,2.575131238971077,0.711180612039059,2.631709374720943,1000,1.7935563717919902,12.742212473018325,7.915443852515298,0.435962651900174,0.9819023374540117,2.6034988254859663,0.9390695740676491,2.648043169516331,1000
416,2.4485533833113693,4.54525728158205,9.804524213604905,0.3983972604669684,1.78438305750123,3.269353719743629,1.6676947527961112,3.2294120138266273,1000,2.509426110076399,4.8584879130271235,7.671735756071117,0.48599483053390224,1.4286142014536907,3.3050916189728183,1.5568762422299507,3.4619759779228474,1000
417,1.929388627599128,8.125835136296747,13.151401749298808,0.3263547485759565,1.2884187724340932,2.5699166516327256,1.2897333203902535,2.5690439348080027,1000,2.0807496988845786,9.098790265582444,8.716656420819396,0.4036992801103478,1.1990502585434957,2.7303450812691485,1.2894991098682969,2.8720002879008604,1000
418,1.4264784455849,7.0636113336686766,10.966566575169715,0.371306764713951,0.6423686112285224,2.082582050914364,0.698717186745556,2.154239704424244,1000,1.5529514371834994,4.478796368637485,17.928904736695525,0.398536165333497,0.7757676183238871,2.2973651090096183,0.7718205531298452,2.3340823212371538,1000
419,2.0247646292101447,6.653810349972795,17.41168910479108,0.3106603012022618,1.4766354004238336,2.695440937181731,1.4158704388537116,2.6336588195665778,1000,2.3048957346778334,12.09562256244574,5.193185519848707,0.40218403495291044,1.5381396294687304,3.1367695906951663,1.516615026170129,3.0931764431855377,1000
420,1.1676575759175245,2.8003436804004993,46.666048886859805,0.38217818021820055,0.6587206299521309,2.1305903446353205,0.41858834268985146,1.9167268091451977,1000,1.4093627889617006,7.683188727475752,11.757702004630305,0.33853974461404546,0.863459837252798,2.2289515744180686,0.7458248895181716,2.0729006884052295,1000
421,1.8130039382058263,4.687011395031708,29.697802688166085,0.44290246900417435,0.8131566339346207,2.5569428186000214,0.9449150989576446,2.681092777454008,1000,1.7971581112070214,11.287195042029513,5.574832453752835,0.41324974930011055,0.9826873336433726,2.662506873815277,0.9871886025788047,2.607127619835238,1000
422,-0.23347667031646369,1.9443860686572698,110.79244590615777,0.8545675253555011,-0.8636014790330068,1.7890204797486862,-1.9084290200132457,1.4414756793803183,1000,1.0721786228621295,11.849883322586209,9.120898782351935,0.36802213010682205,0.3934659629048677,1.8536113264198761,0.35085524785275835,1.7935019978715006,1000
423,1.3672706897482763,6.454012448482896,11.488134434108865,0.4659425995779883,0.6300969522448986,2.5345743838062242,0.4540231945754193,2.2805181849211333,1000,1.0980312232400569,1.9191934711354743,64.07816660920919,0.49040511823130173,0.5068571615815253,2.5751549009317585,0.13683719150670548,2.0592252549734082,1000
424,-0.7339036609095313,2.9369841519342867,41.61640463570714,1.6520635356853604,-1.9632961401997016,3.7352260726760416,-3.9719481908528373,2.5041408690337748,1000,0.5098404611232499,4.759146359356314,18.135552114103103,1.3491533755099299,-1.3690542358483992,3.697959354477732,-2.134500154876213,3.1541810771227126,1000
425,1.317205466704265,3.2393329644980247,38.830593829496614,0.9523169309296816,-0.23530593009088283,3.046739797381749,-0.549335717917911,3.183746651326441,1000,1.4662429076656842,6.412820823870719,12.512588943553908,0.6494047855801859,0.41129776173124444,2.7986224309861485,0.19340952792851995,2.7390762874028485,1000
426,1.4685127225517016,4.1160511780369164,15.885390739398161,0.6919270924167821,0.6320283369823835,3.2441603581761944,0.1123356214148088,2.8246898236885944,1000,1.3629350874580788,5.879253076079456,8.442773457460609,0.6672154247660267,0.5787044199808197,3.163953939346528,0.05519285491666648,2.6706773199994913,1000
427,0.5491032427053097,2.4984809497909586,120.92272953894432,0.7015695466355759,-0.23105924363969388,2.5588698376624643,-0.825973068700419,1.9241795541110385,1000,1.5305220018169736,11.059423499842984,6.4100604131198144,0.47883164139449214,0.5709601059295318,2.4630444623698295,0.592011984683769,2.469032018950178,1000
428,-0.4780367937908778,1.1972688092405763,277.3925623579187,0.5958871120024893,-0.8092945737034932,1.4716442861789456,-1.6459755333157569,0.6899019457340012,1000,0.13988042949840596,5.29668383524774,16.87429277580517,0.5130128425682732,-0.5147602483588017,1.4681887212671592,-0.8656247419354095,1.1453856009322214,1000
429,2.4436710810554905,5.768074043921974,22.093458479332305,0.7679396828981556,1.0028080603533964,3.9010760416813453,0.9385093025751055,3.9488328595358757,1000,0.9424326943113557,3.4853726644660097,37.987793916426234,0.7793146119358793,0.006950843126545105,3.115982517738846,-0.5850239450829677,2.4698893337056793,1000
430,0.5007120558195224,1.3128967094821702,221.66130935257368,1.2179489247140554,-0.06465320668421205,3.4275473417647913,-1.8864678366200263,2.887891948259071,1000,2.5921715259311875,8.462487037021939,6.348111951292068,0.42983484870930255,1.8133379697967544,3.479889743596353,1.7496952224609545,3.4346478294014204,1000
431,1.7564611632975051,2.2833144159105796,76.5673458865701,0.2556203950870836,1.1675926723730519,2.2069916575321527,1.2554451889268212,2.257477137668189,1000,1.7748586300513025,11.973931662426324,9.154245724526687,0.30826144766870006,1.1734350561380609,2.3716286982251282,1.1706661926206503,2.3790510674819547,1000
432,0.9192900187930655,1.183747959264053,214.4852507892938,0.6170823699940017,0.5588976507374847,2.6168910164554897,-0.2901914263951777,2.128771463981309,1000,1.939399337806696,5.763816341132819,10.85746670828383,0.6720421243702775,0.41767287633915234,3.000371051748356,0.622196774040952,3.25660190157244,1000
433,1.7565020828810547,2.869091054084519,38.14182421009056,0.25015185911591875,1.3024953869452915,2.20785174236651,1.2662044390138538,2.2467997267482556,1000,0.757968773471771,4.9556829504915845,11.533108434086241,0.7123609019440298,-0.5307401004359542,2.132976664228626,-0.6382585943385273,2.1541961412820694,1000
434,1.4384651823065497,6.601271774531295,13.464684284897793,0.6944303550474633,0.209307214715747,2.7591784031552673,0.07738168641352172,2.799548678199578,1000,0.8131225672574396,3.4944094998349486,28.336995211267737,0.843956119863116,-0.46662643935458714,2.706338945745108,-0.8410314276742679,2.467276562189147,1000
435,1.5889679217070414,3.465146234864448,22.710166209734584,0.542783141554519,0.46405704471528625,2.6214293301515865,0.5251129642601842,2.6528228791538986,1000,1.6209497383645524,5.135416442161592,11.75333202646306,0.5773274066695352,0.4607022991729182,2.7425250253258846,0.48938802129226344,2.7525114554368413,1000
436,0.9789870074616673,9.034642496422423,9.794933318631303,0.3379679377853568,0.37664572403850016,1.6923221261023187,0.3165698494023681,1.6414041655209666,1000,1.2134069962457406,11.568396557324224,5.885747804860015,0.2890644528294156,0.7041917453716711,1.8372147068783005,0.6468406687000859,1.779973323791395,1000
437,1.8801716688566372,4.435169130448237,31.35471304521711,0.40176331063846166,1.2321262427250725,2.8661064398388594,1.0927155800052524,2.667627757708022,1000,1.499622741145401,10.277141995858692,7.159775895396532,0.73598834628685,-0.44935137053723745,2.6747330616778537,0.057085582423175296,2.942159899867627,1000
438,3.1778978184542406,3.8741579392173953,32.153625127577506,0.33293213332130056,2.6035672032278767,3.8940708266271056,2.5253508371444915,3.8304447997639897,1000,3.165411761884747,6.185874746497166,8.581710382808444,0.3597362749047998,2.464811928906448,3.848294359533974,2.4603286630713397,3.8704948606981544,1000
439,2.3655433621807065,5.052440375781766,15.922773583634587,0.32482671894645815,1.649556789193181,2.9026994912931405,1.7288829930456484,3.0022037313157646,1000,2.2566450599676724,7.657106072070647,9.296927720681838,0.3745815009252541,1.4073552697475618,2.8721077438476086,1.5224653181541745,2.9908248017811703,1000
440,0.7334610769402272,5.052095589944623,17.544009487307537,0.7598048347581566,-0.46918299034086547,2.5600085705913362,-0.7557563991857597,2.2226785530662143,1000,1.2170071094533106,7.2482348525042966,8.903758860183736,0.5485310928626908,0.44004953479134284,2.650358265849828,0.14188616744243676,2.2921280514641844,1000
441,1.3682011103904534,6.761594497930384,18.085290799785493,0.31784472482527415,0.7734096975564162,2.0619088720700423,0.7452254497329162,1.9911767710479906,1000,1.1985754721388178,7.329602512764865,10.247406740793593,0.3516435085457363,0.560832822206216,1.9205775600683086,0.5093541953891747,1.8877967488884608,1000
442,0.7884680882975692,4.981320124542727,14.464239741235895,0.5838394067724028,-0.1050494871418416,2.2533344340721144,-0.35585714897634024,1.9327933255714786,1000,1.1994632680683304,5.735512664759879,10.011224389027724,0.459272826612915,0.3961873514179253,2.3092545569182157,0.299288527907017,2.0996380082296437,1000
443,1.7522027824923865,10.474452029668534,7.785064769557684,0.4057950734685923,1.0744654427569023,2.7380752982410517,0.9568444384939456,2.5475611264908276,1000,1.6394072139281644,11.641532851140738,5.677215345408391,0.3791324565508765,1.0112458830134388,2.5391040257094613,0.8963075990884464,2.382506828767882,1000
444,1.8899838965460405,6.244081481407425,23.279982814336204,0.3201218588427167,1.3100886657112436,2.506405848245101,1.2625450532143159,2.517422739877765,1000,2.0315738628606232,9.238478778350286,8.197337429548348,0.32842355879503055,1.4541111020208357,2.7023189807252317,1.3878636876223633,2.675284038098883,1000
445,1.178827992509015,6.459575827904734,15.799427591558267,0.5082248691867821,0.3947430214176516,2.415760036134353,0.18270724890292211,2.174948736115108,1000,1.2282507343211808,11.089865201153081,5.339064690199669,0.49627996893092113,0.4095490440629809,2.327662631754174,0.2555419952165754,2.2009594734257862,1000
446,1.2760971388290385,3.924569258553429,38.90269077391319,0.24798178586487168,0.7827933476147357,1.7687820602024125,0.7900528385338901,1.762141439124187,1000,1.3637114541120194,10.628854436513208,7.240852274469183,0.3493145753303802,0.6742445340096013,2.030940634094964,0.6790548864644743,2.048368021759565,1000
447,0.2127280083735794,3.2329612234120626,35.315684147344214,0.7763849974053676,-0.5564304828993829,2.003795539510058,-1.3089865865409411,1.7344426032881,1000,1.1932689985421043,12.892617052232671,6.481539430245695,0.3698666783383075,0.628148277483246,2.078225208609633,0.4683303089990216,1.918207688085187,1000
448,1.7823130620290408,6.599766645319472,8.496325957096541,0.2694841963730585,1.2316060794398864,2.2855855453741154,1.2541240371378461,2.3105020869202355,1000,1.7268958013373874,7.155492813222023,6.6635795268182,0.3003691930431737,1.2367256603739276,2.4136633107743832,1.138172182972767,2.315619419702008,1000
449,1.639295731117954,4.305082079327708,21.817726949125536,0.42288431295403534,1.1314668972424633,2.735500085725282,0.8104424777280447,2.468148984507863,1000,1.5996290783275207,3.8272664992798333,22.461102609009274,0.41427496760207966,1.1074940716624426,2.6788505902306095,0.7876501418274445,2.4116080148275967,1000
450,1.7233507636755467,8.544753075945904,7.191736705456772,0.3927619556177793,1.0972884312492013,2.656998309877185,0.9535373306646993,2.4931641966863944,1000,1.6333279959965479,8.02932753603158,8.399533667952772,0.3718291877394534,1.1101976605614807,2.596488921167511,0.9045427880272192,2.3621132039658765,1000
451,1.899621685011627,2.781556986659821,25.412883059698263,0.4071863998861381,1.3985664562201627,2.9934071393621977,1.1015363412347963,2.6977070287884577,1000,1.838704117132261,2.508289711219312,24.20333577922766,0.39648969231486897,1.3924139455879845,2.9419714478072834,1.0615843201951178,2.615823914069404,1000
452,1.1053911769347713,9.294773200387963,14.39764687040839,0.39871462600229074,0.23909527670331668,1.8292326413368172,0.3239105099702815,1.886871843899261,1000,1.071673211398052,15.392115071274405,6.09001551511142,0.35075267781849756,0.41504915410796867,1.7764218118828667,0.3841979628737968,1.7591484599223073,1000
453,-0.2041415627002663,2.2112641190243476,73.78662916952321,0.8293858080290445,-0.6717904069670522,2.3007348154147444,-1.8297377464371936,1.421454621036661,1000,0.7246263426977202,5.371744630222027,13.206461165120464,0.6627503350980287,-0.1294078452216077,2.3605775439838097,-0.5743643140944161,2.0236169994898567,1000
454,1.2419824979991123,12.159217737484056,7.071783078312121,0.343279672246873,0.5352935349072476,1.8983804488263143,0.5691543403952413,1.9148106556029834,1000,0.9746720902822901,12.543366212676059,7.851353872319379,0.4519630425969409,-0.05238317581452453,1.7708662234965418,0.08882452679228592,1.8605196537722941,1000
455,2.045030686452677,6.413333267778062,13.77095872838768,0.49399654336824805,1.2351045283470445,3.156010800512237,1.0767974614509108,3.0132639114544433,1000,2.0878876600391627,7.518753918710345,8.754820814598016,0.439538928069547,1.3182486920893217,3.0861857969048545,1.2263913610228507,2.9493839590554747,1000
456,1.8777909363006338,4.95175584288498,14.386284662952374,0.2621881030441722,1.3899921610871249,2.4387916903885603,1.3639022543340562,2.3916796182672115,1000,1.8742102280066069,6.433148505783173,8.804372427100093,0.2742484210244544,1.3641830347862434,2.4643976727140293,1.336683322798676,2.4117371332145376,1000
457,1.2125648130456876,3.7236469804673984,15.179216439496473,0.6406303988494962,0.3706449218323385,2.743429438529881,-0.043070768699325024,2.4682003947907,1000,1.4308293174034326,4.086707207584514,10.261610072021577,0.5681560789498066,0.34240939009465154,2.6150445113503102,0.3172434026618116,2.5444152321450533,1000
458,-0.3447706380455031,2.489601440435503,61.95985933044432,1.1874673405609923,-1.4266896388626,2.4258704388603185,-2.6722066255450483,1.982665349454042,1000,1.073994439972084,5.975438620419222,16.41766429414809,0.5702675292514573,0.32994818872867204,2.498067412886244,-0.04372991736077236,2.19171879730494,1000
459,1.8487306614083172,2.4795255514162213,38.6532222443076,0.5699898787648601,1.290754011902602,3.357443184490107,0.7315504990291914,2.9659108237874428,1000,1.8505468354350882,3.9050875856462413,15.053362239500808,0.45823864229717914,1.3834040223668391,3.1231513844389958,0.9523990965326171,2.7486945743375593,1000
460,1.8954657003591167,8.692197606796794,10.133888049004941,0.49310437553608294,1.1930327973915817,3.045804794610128,0.9289811243083941,2.8619502764098392,1000,1.9505263873461969,7.80363604032812,10.307524104992645,0.5221009919392133,1.2121963651799772,3.242424567946044,0.9272084431453387,2.9738443315470553,1000
461,1.9471729553105674,4.527369803138296,22.559403478054247,0.44241747434215306,1.3494339197909948,3.186542962139366,1.0800347055999473,2.8143112050211876,1000,1.9952979280178456,5.748273335207217,10.25508141761767,0.4500979460081632,1.3402146759270006,3.1311037388038137,1.1131059538418455,2.8774899021938456,1000
462,1.8195878160322483,4.716702675652034,21.07861011837879,0.3678993276000223,1.0514271100469745,2.478415612095266,1.0985051339362046,2.540670498128292,1000,1.766825534564492,6.797409939328122,12.43681092867524,0.3281292464085206,1.1701286306613865,2.427783619669683,1.1236922116037917,2.4099588575251927,1000
463,2.6220955320274406,6.9121919709422475,5.760692354719107,0.485753106634888,1.5208230701519139,3.4690350909441205,1.6700194430230602,3.5741716210318213,1000,2.6735334483253848,6.5050851154960165,6.130593859445558,0.4472950143078563,1.6304682898004557,3.4270209483959797,1.7968352202819866,3.550231676368783,1000
464,1.4403520610044251,1.4385610759215717,114.73653251691255,0.3147264123666276,1.0172245645523332,2.2415420476188017,0.8234882927658351,2.057215829243015,1000,1.5213503243022746,1.9202759587221252,52.977201574286404,0.3101722842043225,1.0838994033110783,2.2850788791424663,0.9134126472618024,2.1292880013427467,1000
465,1.3126381004281895,4.696497409570176,22.65945283608863,0.4680199171049152,0.5057608189894403,2.32720685816447,0.3953190629025557,2.229957137953823,1000,1.3280649255013537,7.977482561297551,8.856007995203873,0.538308552734478,0.44304331491226795,2.556334114775157,0.2729801621417769,2.3831496888609305,1000
466,0.3567492163190056,1.5493578608081398,121.77716001593602,1.2733776720600412,-0.30000413913694934,3.26023218018187,-2.139071020918675,2.8525694535566863,1000,2.046933901060572,8.10651065109729,7.8518237871955066,0.6450345019610644,0.9147679675888415,3.2755156149168454,0.782666277216886,3.3112015249042583,1000
467,0.8209130443883259,8.000178904238727,10.557548576441949,0.4835304208624833,0.011671778353222667,1.8822386858799849,-0.12680658050214144,1.7686326692787933,1000,0.5635439803252629,5.562324087433551,19.747051871974325,0.5643336747604526,-0.33001469758043284,1.999622266134106,-0.5425500222052242,1.66963798285575,1000
468,1.7275621966151247,16.511587741479406,5.267255768562686,0.35977720949502656,1.0494943693556977,2.497088558646242,1.0223988660048726,2.4327255272253767,1000,1.6425810634004976,17.221576867748695,5.703129530278423,0.3337537152322175,1.0663313072490554,2.4079211963923566,0.9884237815453514,2.296738345255644,1000
469,1.1706154967013953,7.841671813457491,12.281073338896354,0.5894349399506313,-0.0829634505817011,2.2313022478729785,0.015323014398157975,2.325907979004633,1000,0.9723379726689134,8.694621532435153,12.478047024151975,0.4800320180515371,0.16811927233958934,2.0399279389887757,0.0314752172879007,1.9132007280499261,1000
470,1.907239663293174,4.627048586445988,15.5082694612082,0.5940714413915772,0.4722179337291646,2.7226070630788834,0.7428596381656829,3.0716196884206655,1000,1.9949958468688553,3.458413745114116,19.195294130218628,0.5665987536629913,0.47037393786137865,2.7032812416152376,0.8844622896893923,3.105529404048318,1000
471,0.48073967468982914,3.2507792627053105,26.89019175453546,0.8710429469222621,-0.36833984926060764,3.406858635478521,-1.2265045012778046,2.1879838506574627,1000,0.9226726146135511,1.7587808643108793,53.65417501278041,0.681048003579327,0.24993144621647842,3.119088519260587,-0.4121814724019299,2.257526701629032,1000
472,1.408291350835412,4.067947591073599,24.65759120776835,0.38157405613723117,0.8406322327512605,2.3608001447438185,0.660406200806439,2.156176500864385,1000,1.462174530442974,7.283202392920498,12.494280926612085,0.3895877988054885,0.8927518750726969,2.379222837616359,0.6985824447842166,2.2257666161017315,1000
473,1.0061285937797702,7.777945123089203,5.227472457738479,0.5249836762688203,0.019786638360308903,2.0724865928888163,-0.022839411707117563,2.035096599266658,1000,1.0450939424827,7.54983681213295,4.989657157304461,0.5870876299140969,0.05328427114315614,2.3429292879045773,-0.10559781214893005,2.1957856971143297,1000
474,0.642174270154988,2.8882248344197445,40.05627474450897,0.7669899458477722,-0.10441871887023044,2.5809799829603555,-0.8611260237066456,2.1454745640166215,1000,1.0345523429681145,7.411295580621962,11.949250832342832,0.6566775458270403,0.06975108096304788,2.5249203075559876,-0.25253564685288454,2.3216403327891135,1000
475,1.167215967567321,5.050789852704188,21.268444007491706,0.4198807207441921,0.5770959036048736,2.275362246451805,0.3442497549087046,1.9901821802259376,1000,1.4399342345459654,6.307550927405088,15.267773251127212,0.46929060463779887,0.832351986308557,2.8730545457124075,0.5201246494558796,2.3597438196360514,1000
476,1.9669423197672404,4.430594155442424,16.096410357298613,0.4779376249763164,1.147821550855514,2.8374862582713574,1.0301845748136602,2.9037000647208204,1000,1.9845157223637098,5.740776928968286,10.903407726236725,0.4316121968608928,1.2705172610109865,2.8585586712733404,1.1385558165163598,2.83047562821106,1000
477,0.1659361011313667,1.2466792675813525,239.58813300772198,0.807598532526191,-0.320565624026208,2.500719620262865,-1.4169570226199675,1.7488292248827009,1000,1.1140731981686458,8.677938116067459,6.211583581642606,0.5703027261741425,0.16519869807768237,2.4141123080974896,-0.0037201451326733803,2.231866541469965,1000
478,1.4067295518097964,9.383399892033285,15.64247731706066,0.3415864834188657,0.8414770731744391,2.1343611722100255,0.7372200443088196,2.0762390593107733,1000,1.3994051631729842,16.944215202070037,5.402620233010264,0.3178457010659739,0.8537335867518947,2.0486280044403364,0.7764275890836755,2.022382737262293,1000
479,2.0391597777208266,8.07598621050054,7.94772380284714,0.3193344103223384,1.4293870627968204,2.702319211318582,1.4132643334890433,2.66505522195261,1000,1.9864976162601724,8.397021639611939,7.711308639456098,0.31624619674621857,1.4179270098865255,2.6632718193605665,1.366655070637584,2.606340161882761,1000
480,1.7473683569357497,6.565068035817903,14.989175659583754,0.3309383042309336,1.1309718429826314,2.4455674643782412,1.09872928064312,2.3960074332283794,1000,1.5814695582697802,8.095162423385002,9.511694870084508,0.39933352178458925,0.92027261556101,2.5061364361052454,0.7987758555719853,2.364163260967575,1000
481,0.2433341171879686,3.3760145622413082,31.09256969357484,0.735893956061539,-0.5540171309555985,2.3795445140265694,-1.1990180366926477,1.685686271068585,1000,0.7245416169016541,2.7276485003912274,35.41918364393912,0.6687554140666203,0.23025723475991547,2.61540935425975,-0.5862189946689218,2.03530222847223,1000
482,2.342550691268282,1.1298195531990216,169.4213280622872,0.37996943800172317,1.7990472214093982,3.2951161080733895,1.5978105927849044,3.087290789751659,1000,2.166933399431408,2.8625414022826137,13.539943989508282,0.5196454979839136,1.123654269129278,3.1086967644909067,1.1484282233829375,3.185438575479879,1000
483,1.3961142232066153,3.9563478447277682,36.59997776544742,0.5882638432227224,0.5900180325577524,2.779163436848946,0.24311709049007946,2.5491113559231513,1000,1.7362994842999886,8.958618600267464,10.286664344394252,0.5360984991326557,0.8362484023611013,2.846765212195825,0.6855464259999835,2.7870525425999935,1000
484,2.0292010628347694,10.842258631416238,6.368828156487082,0.3560134887447274,1.3467182927076082,2.741256908107836,1.3314146248951038,2.726987500774435,1000,1.6394538272518395,8.598648850912317,7.820520229843082,0.41440072490267943,0.9010451460843069,2.5680535448278152,0.8272284064425879,2.451679248061091,1000
485,2.241570346985482,4.1712992310130055,13.045733007193556,0.5586777017205022,0.9286517474204201,3.106906889960265,1.1465620516132975,3.3365786423576664,1000,1.6330415270544822,4.402202216422904,11.992764916838189,0.6330294489160734,0.7008559903110649,3.135958950213424,0.3923038071789784,2.873779246929986,1000
486,0.756549977161098,3.039296940000743,49.35969528820256,0.6499762838216098,0.02309853501962486,2.59884046910803,-0.5174035391292571,2.030503493451453,1000,1.5033730918236534,7.757913513737827,10.158487055036344,0.562682002145939,0.4760335780738939,2.7557385615694576,0.4005163676176131,2.6062298160296935,1000
487,1.561835301276313,7.952737546881816,9.147493828946468,0.34301541918572354,0.9134956238921347,2.216674627126896,0.889525079672295,2.2341455228803313,1000,1.3386143480056618,5.279966907502301,18.832863333243093,0.4141485355676604,0.5345195222418815,2.2530961078926226,0.5268832182930474,2.150345477718276,1000
488,1.0326808558521288,3.913410309791669,38.51830084094407,0.3200460223916022,0.607562569569092,1.9151770716748955,0.40539065196458846,1.659971059739669,1000,1.2150472640797187,5.42922918199937,22.17970228074946,0.33198513753767517,0.7635243113992014,2.0066802314580725,0.5643563945058754,1.8657381336535621,1000
489,1.7064850747353866,9.756422267283323,6.5614942703587085,0.44896096955397724,0.7884376019945291,2.5468962537477062,0.8265215744095912,2.586448575061182,1000,1.7946290755900332,10.210718072980844,6.111959866587287,0.37877602911205793,1.0125381314992865,2.5052677932725254,1.0522280585303996,2.5370300926496667,1000
490,1.6755421208590162,4.828920456924067,19.212781067488248,0.7293074232808148,0.5358445796638592,3.261015319408242,0.24609957122861936,3.1049846704894133,1000,1.7691886419479057,5.547205115649237,15.381145828274208,0.6402080783295689,0.7799273096128121,3.282397521847888,0.5143808084219506,3.0239964754738606,1000
491,1.3942669296627552,5.854726647354713,13.379581257252294,0.7057171492667373,-0.20274061943877256,2.6478370340579387,0.011061317099950063,2.7774725422255604,1000,0.46538407860766773,5.43711127503306,12.460139374522942,0.9762212919751356,-1.0232637581665358,2.8381789707603446,-1.448009653663598,2.3787778108789333,1000
492,1.721762936147988,1.9391279516130047,59.43001646893324,0.2512222286421816,1.283231242489882,2.1997756123431835,1.2293673680093122,2.214158504286664,1000,1.7194002220472218,4.45631336754106,18.228079128754533,0.27946563913442296,1.1754870624269804,2.2506458924467903,1.1716475693437527,2.267152874750691,1000
493,1.219585486062474,2.4517284196386075,26.24557605305503,0.44348538296247547,0.6125467525858659,2.3273707475436782,0.350354135456022,2.0888168366689257,1000,1.2711663091693504,3.644100339271798,13.228889641773133,0.4209778343944594,0.6379723144572269,2.3031513072544465,0.4460497537562099,2.096282864582491,1000
494,1.344402534373819,2.311485600145439,41.27552007641001,0.25200951097592433,0.9548765047543162,1.8624527820299976,0.8504638928610073,1.8383411758866308,1000,1.4155077425877418,3.552872591672193,15.085272091643139,0.26984200480339876,0.9095203204190395,1.9167799534477843,0.8866174131730803,1.9443980720024032,1000
495,0.7141621686150592,3.4911442330862545,39.50850111107049,1.068207453931449,-1.0505359165395924,2.6425830384765185,-1.379524441090581,2.8078487783206993,1000,0.7149709797204706,4.183141537198954,23.805626599605073,0.9111398759827923,-0.43375110564627545,2.720725039585036,-1.0708631772058024,2.5008051366467434,1000
496,2.335273757770765,3.521888461837015,27.906618191571052,0.5473619694694992,1.587527824332126,3.648234181708997,1.2624442976105468,3.4081032179309836,1000,2.5227764064379166,6.0870002079012355,11.341702135250102,0.4752162365010111,1.8369322193950464,3.560465428151962,1.5913525828959347,3.4542002299798984,1000
497,-1.1287864524448112,1.9883090417375067,175.1026490640825,0.8423364040631899,-1.83830906814289,0.9584081434172731,-2.7797658044086635,0.5221928995190408,1000,1.05096436990116,14.686574572110366,6.361503027511122,0.3718253231858834,0.41505217115629045,1.8662921648298962,0.3221867364568285,1.7797420033454914,1000
498,1.8724167513903063,1.724758437436782,86.06363766958445,0.26857094608763316,1.3254630971864583,2.354655037411918,1.3460176970585453,2.398815805722067,1000,1.8459283243194813,5.1745540604690605,16.54444854377792,0.29627285204316545,1.2776448089895336,2.4798635647047185,1.265233534314877,2.4266231143240855,1000
499,-4.837817265451967,1.0048354912772943,12786.384155067713,3.6776783394290185,-5.165274256882946,3.1831007267291356,-12.046066810732842,2.3704322798289086,1000,2.590272948293557,7.074598033461812,8.480115010191252,0.3696972589587936,1.8225278369733522,3.250946318925477,1.8656663207343218,3.3148795758527925,1000
500,1.1864158849773498,2.6921818561410333,27.71950041403234,0.6505565925433936,0.24922636805768442,2.565699845715419,-0.08867503640770158,2.4615068063624013,1000,1.2665436478409693,3.819996636697697,14.163641929759848,0.5836145238629087,0.4221733413568363,2.553579383681758,0.12265918106966822,2.4104281146122704,1000
501,2.166405818547964,2.790142671240684,34.425014790407815,0.905732204068809,0.3778566904531949,3.512104889185937,0.3911706985730985,3.9416409385228297,1000,2.435872991950602,2.6411554348895643,23.688017601332966,0.6259534647955853,1.0790938712445246,3.440946746802148,1.2090042009512547,3.662741782949949,1000
502,1.3775886564916644,5.266978806251679,15.595128694804371,0.3873278219138617,0.7791195298717115,2.395839030743373,0.6184261255404955,2.136751187442833,1000,1.4481289065278706,6.626266392209493,11.287135924610586,0.3820158343202703,0.8640152405930716,2.3946842575134037,0.6993778712601408,2.1968799417956006,1000
503,1.984608177593457,4.470283825603422,25.00348575592407,0.23658584285287718,1.4735932301943495,2.4087076186441507,1.5208999256018179,2.448316429585096,1000,1.839850848165998,9.826335173883493,8.87159671450889,0.22849009218660232,1.422334363238328,2.3135710175226305,1.3920102674802575,2.2876914288517387,1000
504,1.5231070695103153,1.6768045439856982,70.28990010160803,0.5479648158586146,0.3899668918529709,2.859936807092836,0.44909603042743074,2.5971181085932,1000,1.4130262818675194,3.655991139653219,21.437021459726243,0.573671702441114,0.4518100860132164,2.92775592516444,0.28862974508293604,2.537422818652103,1000
505,2.35485676951086,2.597887827531777,32.54051289228941,0.2556285651420502,1.8593932392756527,2.85996478337116,1.8538247818324418,2.8558887571892786,1000,2.349049012658207,3.055448254691964,22.696304529604813,0.2981235243408237,1.6832473261794647,2.8315204894846104,1.7647269049501926,2.933371120366221,1000
506,1.530794389341179,4.166871868732545,18.866901602297865,0.5208005175168302,0.9216867307624013,2.9966406393079383,0.5100253750081918,2.5515634036741663,1000,1.5311476586482797,5.618376702053415,11.64308702635491,0.45720877556655354,0.8271306544342631,2.7092234726351503,0.6350184585378348,2.4272768587587246,1000
507,-0.3448426702290508,1.1266606778621902,581.512197972621,1.0592230054316092,-0.8048957293562271,2.197516798300001,-2.420919760875005,1.7312344204169032,1000,1.7681039661553695,8.083600626787197,10.396865477992268,0.29619426542547633,1.1824158730302088,2.346024837462343,1.1875632059214358,2.348644726389303,1000
508,1.8303501470874615,5.183832390243574,31.777974337367006,0.4334917139988052,0.900230391943402,2.593402699150532,0.9807063876498032,2.6799939065251195,1000,1.6301743373812185,10.310579685127935,12.550653290147178,0.3923518320850926,0.7676399973216442,2.352070797844472,0.861164746494437,2.399183928268,1000
509,1.9312877997848537,4.487242830671261,17.59655495000408,0.40125829105292143,1.2760030585085793,2.7925641543723,1.1448215493211276,2.7177540502485797,1000,1.829783641188567,6.579375879280574,10.356214275217098,0.3435787114656498,1.247629459689119,2.5261959313216913,1.1563693667158934,2.5031979156612407,1000
510,1.8371597549969416,2.5932148638717045,44.93978487511556,0.4543664686874783,0.8436630881510819,2.661329727917106,0.9466014763694841,2.727718033624399,1000,1.8670927752617517,7.888402299445965,5.835470885056823,0.40600209636744117,1.1024442265883778,2.6915021611670236,1.071328666381567,2.662856884141936,1000
511,1.4359323834714908,7.404662422179031,11.543082444934244,0.4930636316548813,0.5411463834555758,2.418315271442734,0.46952766542792346,2.402337101515058,1000,0.8870470840754834,3.3836425886479926,25.354981370166048,0.6267583032425255,0.15289779721452787,2.45550372027446,-0.34139919027986654,2.1154933584308333,1000
512,1.8412821575070413,3.8879809300410546,14.774075210727798,0.5987723442254744,0.953392716797622,3.1400558257980555,0.6676883628251113,3.014875952188971,1000,1.7566299658333624,4.265949001142932,12.318525938277663,0.6326891795948886,0.9288100670750116,3.258690597398356,0.5165591738273809,2.996700757839344,1000
513,1.3129639083567994,3.9622838345660036,24.913358731233423,0.6128501730949447,0.062078813637193066,2.6748469073879617,0.1117775690907079,2.514150247622891,1000,1.959838099358202,11.500717156739663,4.718635279508817,0.4506813393447988,1.135848543381315,2.9554820063846785,1.0765026742423964,2.8431735244740075,1000
514,1.2013002704448645,6.659924626610603,23.013297976132897,0.2996657964594382,0.6176367364143,1.8021906380526813,0.6139553093843657,1.7886452315053634,1000,1.1984998002987983,13.679101343880602,6.307856139959561,0.3021587493104177,0.6049248175778245,1.7883540378979583,0.6062686516503797,1.790730948947217,1000
515,1.6705048684944757,2.55125147635651,44.71593574292226,0.3723223448154071,1.082523612233147,2.5632845211446815,0.9407530726562777,2.4002566643326735,1000,1.7981572789055131,3.7733900174011947,18.830888809802136,0.40302072796370086,1.157353186639555,2.7973505945792065,1.0082366520966595,2.588077905714367,1000
516,1.9670988148510065,4.61666146894237,20.74922076834168,0.38213146744759413,1.3681545654580474,2.913738028610957,1.2181211386537218,2.716076491048291,1000,1.6394076260189983,6.858508486984348,13.569565565687922,0.4897765300619283,0.685767870143787,2.8014991773558977,0.6794456270976188,2.599369624940378,1000
517,-1.2656847064990702,1.1817443077192469,543.9942661184259,1.458403501840694,-1.6963431781825857,2.4016984531621857,-4.12415557010683,1.5927861571086899,1000,2.1224059767070624,12.790792996869865,7.589254054858741,0.3810668511892071,1.4092494442619246,2.901995205974924,1.3755149483762166,2.8692970050379083,1000
518,1.182363353795501,3.3868023710264934,30.009068583345613,0.4906866620464453,0.46371642787819944,2.443061722722157,0.22061749618446824,2.1441092114065334,1000,1.5454332045434938,6.209273957122128,11.406243700204096,0.411618471244007,0.8511965225915513,2.45044714096648,0.73866100090524,2.3522054081817476,1000
519,1.9313990751605146,4.980242300281568,13.903579047319898,0.25264212645025114,1.407007963836683,2.3646173497578964,1.4362205073180223,2.426577643003007,1000,1.9526138168396352,5.151730677755998,13.118957307902045,0.25074255793143363,1.4308976195456873,2.3879753050604564,1.4611584032940252,2.444069230385245,1000
520,0.4378169050136682,1.2405004668287558,261.15712245807083,0.9854739173958723,-0.049221408852635096,3.033016687775327,-1.4937119730822415,2.369345783109578,1000,1.7455760304396255,6.346485606913061,8.968585071894317,0.5063389819135532,0.9605962262338822,2.9779747976918087,0.7531516258890613,2.7380004349901896,1000
521,-1.6447777301574962,1.4187207374533897,146.65767309790522,1.6771177603892848,-2.420105103515686,2.736838846779693,-4.931928540520494,1.6423730802055019,1000,-0.2499488559326153,3.3863334831589773,26.602974922728418,1.3505742751371765,-2.1494277059877738,3.183351590850986,-2.8970744352014814,2.397176723336251,1000
522,0.8819802700492487,7.820447805756848,16.44648875708316,0.4622859371955747,0.12198621046900827,1.9713637171987852,-0.024100166854077676,1.7880607069525751,1000,1.2340509633279195,16.22722076619035,4.501367977383092,0.32646345487468836,0.652985467030432,1.9282898493292977,0.5941825917735304,1.8739193348823087,1000
523,2.2439238066703715,1.498574759854055,77.09026623409983,0.3907192460117229,1.5710962011777863,3.1483301607359713,1.4781140844873946,3.0097335288533484,1000,2.2603822134206952,3.0112112523071226,21.174027563984737,0.42181383033806064,1.4283327960379952,3.076548867326361,1.4336271059580965,3.087137320883294,1000
524,0.2243269744510621,2.963274661002562,63.03243544778417,0.7385294087035771,-0.5941408355694785,2.184250204578449,-1.223190666607949,1.6718446155100732,1000,0.975905441598754,9.123637301183498,9.833409415517758,0.5141331033812542,0.17113048201166103,2.256344095038905,-0.03179544102850418,1.9836063242260122,1000
525,2.5849499147478374,7.58617521109564,5.415867071000937,0.32391578144714966,2.008693653607899,3.261906088165673,1.9500749831114241,3.2198248463842507,1000,2.524285281728827,6.796047734273843,5.96842798493776,0.3176726778708538,1.9910091183427296,3.2120478317468515,1.9016468331019534,3.1469237303557005,1000
526,0.8965736211079567,4.736700404153252,28.00595587894911,0.6476007151726665,0.008505448103030876,2.5418298812894955,-0.3727237806304695,2.1658710228463827,1000,1.4115348314641003,11.35323495358544,6.195270655452875,0.5702834459865124,0.5910700200113584,2.810481868718676,0.2937792773305361,2.5292903855976645,1000
527,-0.5774712305228622,2.302926427459486,99.06567916996693,0.9701066978547831,-1.471643869674485,1.8937564805250142,-2.478880358318237,1.3239378972725127,1000,1.0783912792889456,12.815545117155377,5.904402619383461,0.5205740484784963,0.07974511713264637,2.1222219738647476,0.0580661442710928,2.0987164143067982,1000
528,1.6020229186515964,2.4388768777247516,22.333378046893976,0.4736394508193447,0.9765739617457657,2.846224213365913,0.6736895950456808,2.530356242257512,1000,1.8245514095254907,2.283516421048484,27.010550019665843,0.6102458885326645,0.843030817041097,3.2406174002072388,0.6284694680014682,3.020633351049513,1000
529,0.18776304362040852,2.742379772910741,46.98552169532473,1.1080810050823398,-1.0265912759264535,2.512812792360555,-1.9840757263409774,2.3596018135817944,1000,1.0015699516421575,5.417431735968285,16.886350354724975,0.7423386662100421,-0.276243364322414,2.5891560908296616,-0.4534138341295251,2.4565537374138398,1000
530,2.7145612382657163,3.571194955731424,17.140614616108763,0.5603302922180355,1.898005703533207,3.985248822095731,1.6163138655183666,3.812808611013066,1000,3.0536906254939344,4.821813534272374,7.552389430765431,0.6197405596813789,1.7396985103182638,4.154024940428118,1.838999128518432,4.268382122469437,1000
531,-1.7157733712753007,1.8055982557704626,96.30046879399977,1.782993055012051,-2.7259017811571042,2.0912011853170624,-5.210439759098921,1.7788930165483192,1000,1.3294036845988177,10.415684079843324,5.049545266777486,0.3936119390074477,0.7036844142468912,2.2408673956611973,0.5579242841442204,2.100883085053415,1000
532,1.2020249580503237,3.697530648502634,25.806625480904838,0.9031954729940888,-0.13283416635700815,2.8594470734017534,-0.5682381690180902,2.9722880851187377,1000,1.56225830500781,5.7442289597966525,10.479028633436029,0.748677847370661,0.13720317952137906,2.8944029947180043,0.09484972416131443,3.0296668858543057,1000
533,0.710446430682421,1.5969616169536829,101.49988233385757,0.8090362419730973,0.07887584650140858,2.8661074032956044,-0.8752646035848497,2.2961574649496916,1000,1.4788452545980708,5.441833338086484,16.261331874657767,0.5819540609606572,0.684607752104092,2.9194727965359255,0.3382152951151829,2.6194752140809587,1000
534,2.2508108411121377,5.50338866734296,14.061292732581219,0.34388475693777515,1.567856961614978,2.9226196103508393,1.5767967175140984,2.9248249647101767,1000,1.5805653141344291,3.521464553195568,19.352103731435296,0.42293520478053154,0.9997409837119696,2.6879824378961192,0.7516123127645873,2.409518315504271,1000
535,1.8158496398426809,3.7391215037014627,16.81232024938156,0.7520681153133368,0.713495635996804,3.3771491799737,0.3417961338285407,3.289903145856821,1000,1.7772263863594753,4.17619876100215,14.018707899534277,0.729501994899169,0.7624866076517012,3.4338458081992767,0.347402476357104,3.207050296361847,1000
536,1.2277317010329007,6.716014514866649,15.104379686839668,0.49030293476061315,0.47206579655061814,2.3370771642997266,0.266737948902099,2.1887254531637024,1000,1.158528491084614,10.327852350161189,6.573651360408122,0.38904202805742644,0.4988725957624349,2.034663343933569,0.39600611609205827,1.92105086607717,1000
537,1.9040444784252615,1.8296839597157297,53.83985670068821,0.4043386441902198,1.4512642806442364,3.0475921303397184,1.1115407358124307,2.696548221038092,1000,1.9175727772867028,4.329406235079418,13.378066082916979,0.3590835793651194,1.2932646917965975,2.7144955768992713,1.2137689617310687,2.6213765928423367,1000
538,0.6020861176518113,3.853316995348492,35.79738887217174,0.5398988749426121,-0.3395139813513595,2.066863708092227,-0.45611567723570845,1.660287912539331,1000,1.313675742979855,12.475865662885916,3.8724916233556796,0.48197143385809654,0.5300114069316609,2.407368415237273,0.3690117326179857,2.258339753341724,1000
539,1.0373980798097628,2.13893310044083,59.08630792888741,0.7858313160466424,0.39934546788095543,3.1364190932407294,-0.5028312996416562,2.5776274592611816,1000,1.6077892503453064,5.680537246134783,14.828532844717536,0.5052605459546761,0.7923733939780034,2.8072272828161076,0.6174785802741414,2.5980999204164714,1000
540,1.7805445937876812,2.0907138692278875,46.65686159530485,0.5046491552948649,1.1878130198491412,3.108138498600789,0.791432249409746,2.769656938165616,1000,1.8036101871552543,3.5508574600650324,17.356918832722933,0.4074039106509121,1.1698709588764926,2.6666614795541412,1.0050985222794666,2.602121852031042,1000
541,1.8857723264898267,8.697627298473135,9.986322238986066,0.5754338493268468,0.9745982323166719,3.258876279159314,0.7579219818092069,3.0136226711704466,1000,2.001497664806143,9.945786453514344,8.02124101059303,0.5345419356120791,1.1312379863663888,3.2216944150289124,0.9537954710064682,3.049199858605818,1000
542,1.810484689308462,3.07608272541163,29.153612502959753,0.475713433630617,0.9669973086928771,2.9832396187270462,0.8780863593924527,2.7428830192244713,1000,1.8577536123484006,5.474449802880537,6.164973483044722,0.3958328874545208,1.1121382138306797,2.703256286758943,1.0819211529375399,2.6335860717592614,1000
543,2.2408778456066876,3.8251930619549976,20.127888996021937,0.46021638203094695,1.086318765605818,3.064831360326416,1.3388537368260316,3.1429019543873435,1000,2.2540492030997337,5.764458644985214,11.118095949120676,0.453367068572978,1.2578620375307041,3.17238669487153,1.365449748696697,3.1426486575027703,1000
544,0.013727746440846733,1.3049991658097637,105.5801521116507,0.9845967916057918,-0.4663135347458901,2.6894004242753877,-1.9160819651065053,1.9435374579881988,1000,0.6667748093948771,3.2659261540646387,16.714314028984404,0.7378701710630493,-0.2617957391205937,2.651739022234276,-0.7794507258886996,2.1130003446784538,1000
545,1.9078819311566646,6.8903137912470145,13.374223931538424,0.3728293205551416,1.225272104891901,2.6734118297906955,1.177136462868587,2.6386273994447422,1000,1.9280446161104599,6.8709269742446,13.344059758950426,0.42758347795542695,1.1836899062503763,2.9400962062031133,1.0899809993178229,2.766108232903097,1000
546,1.7871355735087064,6.071546353369545,10.97644104013388,0.4175763551783305,0.9433046422569086,2.5435878551725324,0.9686859173591786,2.6055852296582342,1000,1.580520091952292,6.28387902226075,11.266255365667918,0.5099410895690943,0.2535109060243489,2.2968829074633095,0.581035556396867,2.5800046275077166,1000
547,1.322897750774533,6.131539139314805,16.848353994461743,0.4663433839529138,0.6578498628327172,2.5305276229472846,0.4088647182268219,2.236930783322244,1000,1.2651782137883525,5.599479813865017,16.186608663924115,0.46950379413642795,0.6732383839225038,2.5271770932084077,0.3449507772809537,2.1854056502957513,1000
548,2.0230392197678455,4.2736145964744425,9.913224262719346,0.4827286794157395,1.0691086131990328,2.9821034883214006,1.076891008112996,2.9691874314226947,1000,2.0148709410535863,5.5359720793054255,6.997761240711903,0.5362515509486231,0.9231179690779048,3.0506227921548135,0.9638179011942851,3.0659239809128875,1000
549,2.3965902845388607,2.634737021618692,86.08962744540645,1.249766729144242,-0.37542518786697654,3.952659563460796,-0.0529525045838537,4.846133073661575,1000,1.7894823800074806,3.1885742328516793,36.47560687620218,0.9279961063596496,0.45520796665677415,3.7215535505074153,-0.02938998845743246,3.6083547484723937,1000
550,1.0465776219556604,6.130662923646393,17.43886635002413,0.49260892132555767,0.3255304858218395,2.3802453306410065,0.08106413615756736,2.0120911077537533,1000,1.7176971700196906,5.005357825927656,23.55139711855764,0.517948665107378,0.5278151607520641,2.508160087392582,0.7025177864092296,2.7328765536301516,1000
551,1.3969302313324938,1.7277361016125201,67.75176097709203,0.4377868845208835,0.7979138803443925,2.4788610681351226,0.5388679376715622,2.2549925249934253,1000,0.12743360786705615,4.067867749894809,17.78830785137162,1.16937570836549,-2.236420744263043,2.4901558559470667,-2.1645427805293043,2.4194099962634166,1000
552,1.4201141258261831,4.533690409948363,5.644356909163933,0.5503064801511606,0.6118747529740625,2.711355101112341,0.34151342472990853,2.4987148269224577,1000,1.4137707008464302,4.576917115406514,5.027113832562,0.5524332573347088,0.48725982161055437,2.6711637238972328,0.331001516470401,2.496539885222459,1000
553,1.2430860444886118,8.101313366551034,10.364718153518789,0.5456740279655821,0.1893244251780266,2.228028387166344,0.17356494967607095,2.3126071393011527,1000,1.1397328779480667,7.534015751980163,11.739307149660995,0.5768247840559573,0.02929298698316306,2.210194400531288,0.009156301198390393,2.2703094546977427,1000
554,0.36202424943265576,1.5642402807538642,83.3115810489644,1.1155856190413198,-0.3520083534667539,3.2703332109223284,-1.8245235638883308,2.5485720627536423,1000,1.1932059515572555,4.157148394936266,17.00669026627954,0.8513340619257888,0.2959495692703695,3.4254062658489763,-0.4754088098172904,2.8618207129318014,1000
555,1.2910311627786246,9.15250836440842,7.009653565863613,0.5528460129761488,0.31542689665083534,2.5383192304886557,0.20745297734537305,2.374609348211876,1000,0.7777743809707696,3.7750225162329945,21.012214730643755,0.6665723798232656,0.01308722669324176,2.673671711594132,-0.5287074834828309,2.08425624542437,1000
556,2.0983725223983187,3.972649158878964,16.724972951351454,0.2953669796341217,1.498050496279233,2.6360430465798905,1.51945324231544,2.6772918024811974,1000,2.1299184694414404,4.1987972302717935,13.279971246677544,0.354042533624277,1.4334659070446472,2.854340503761001,1.4359951035378575,2.823841835345023,1000
557,1.604038951439235,5.957028815263523,8.224863298444303,0.9867639093702057,0.1360004169807011,3.9027901657424215,-0.33001831092636813,3.538096213804838,1000,0.6952884749840371,3.304978159685488,17.709295331833218,1.1514248506006357,-0.39982324083197757,3.8288232808096816,-1.5615042321932089,2.952081182161283,1000
558,-0.16082275641935917,3.94723497325924,21.95938926859115,0.5669962388247032,-0.9922101132129089,1.6247213974216093,-1.2721353845157775,0.9504898716770591,1000,0.11067387486965652,6.453185491967191,9.030022668644678,0.5706031916400344,-0.8722634899565862,1.6042353554224527,-1.0077083807448108,1.2290561304841239,1000
559,1.3743913569032862,6.780995877768082,6.513444383496451,0.28135001489370315,0.8889678896714203,1.9782612051067603,0.822945327711628,1.9258373860949445,1000,1.3526898001313166,7.435340502218424,5.1787599290426085,0.30765049207064243,0.8951899406894778,2.103976847197797,0.7496948356728574,1.9556847645897757,1000
560,1.7133192657324154,5.215897956153886,20.040634213117723,0.7034498723344662,0.6223683070620726,3.361304473470872,0.3345575159568617,3.0920810155079694,1000,1.6683926699220453,6.054493765194058,7.5388962274016365,0.63283420023271,0.733283447805373,3.233904942112099,0.4280376374659338,2.9087477023781565,1000
561,0.9020793422933879,1.3167855534702304,169.31529577442024,0.5818387783937803,0.5103525377417302,2.488487244686565,-0.2383246633584215,2.0424833479451974,1000,1.4633051664069612,6.202716551340106,8.900828976543368,0.3334306380624577,1.0218718446529584,2.3028934292023475,0.809781115804544,2.1168292170093785,1000
562,2.2610435063083645,6.456681973263133,7.5588070984273665,0.38952153020809327,1.5300739209468013,3.080825629654283,1.4975813071005017,3.024505705516227,1000,2.3340156432080166,6.877263991459868,4.226517326699785,0.3946858318526877,1.5503097789543683,3.0970158624122424,1.5604314127767487,3.1075998736392845,1000
563,2.4424317287270956,6.988255772490584,9.44620985157704,0.42046208517003386,1.5329179975386862,3.147084210734382,1.6183260417938292,3.2665374156603617,1000,2.1489342538250815,7.879723007354111,7.599405291355014,0.5255282870780968,1.0619646018204656,3.1851612183517486,1.1188988111520117,3.178969696498151,1000
564,1.4235781178436784,4.359914051140898,26.066441101160528,0.39077397273382974,0.9203797392092748,2.423913829666806,0.6576611312853721,2.189495104401985,1000,1.902639602740679,9.6110654875157,9.247534709382503,0.3882375376488309,1.3414745382571513,2.8910058033341133,1.1416940289489703,2.6635851765323872,1000
565,1.7474624438935895,5.990910347281465,16.800968970764007,0.4775696854320074,0.9518224527358375,2.823875242695081,0.811425860446855,2.683499027340324,1000,1.8011855997541706,7.3023611122950305,12.767529010123154,0.4445723500647153,1.1504958767033047,2.911372378192585,0.9298237936273286,2.6725474058810126,1000
566,0.37210629196732103,1.1503774455757811,606.2059115926717,0.7952225367951533,-0.1288056989285431,2.6190398763211613,-1.1865298801511794,1.9307424640858215,1000,1.2976244975511153,8.995309278724234,9.437097252604609,0.7231782219581908,0.03382357763432644,2.732384173747579,-0.11980481748693861,2.7150538125891694,1000
567,0.4109832650124128,1.0796192617534695,442.73806939454795,0.9208149164548258,0.0956342279198424,2.8404847198100516,-1.3938139712390458,2.2157805012638714,1000,1.8498621046693688,6.901955259951771,7.9780342470733,0.51300243261545,1.0075253927479764,3.1127354592432543,0.8443773367430869,2.855346872595651,1000
568,1.707780571680877,10.331915639741048,6.836619943601827,0.26278328920013605,1.175442193608694,2.2434826565047445,1.1927253248486103,2.2228358185131434,1000,1.846975087613859,13.124969115808643,4.0136470979029575,0.29519742760749856,1.2416944707646902,2.4293864035131945,1.2683881295031618,2.4255620457245564,1000
569,1.4595589300989564,11.330433534333464,4.966517117704715,0.4353948652366411,0.6279655691493693,2.3911451660510297,0.6061849942351398,2.312932865962773,1000,1.4187759158544342,11.44552509584888,4.6986933715098385,0.44110489989783597,0.6272528390371738,2.3100405073608337,0.5542103120546757,2.2833415196541926,1000
570,2.4281169299857672,3.6209565325500317,22.182673911674925,0.3630296988916275,1.5023290686715336,2.9415220402986177,1.7165787201581773,3.139655139813357,1000,2.222004181139865,6.479451702034966,10.812254301606034,0.3929745027929764,1.2897917569040658,2.8382476131616428,1.4517741556656312,2.992234206614099,1000
571,-2.604947598485596,3.0165692391444523,55.955300940611735,2.2072093085321707,-5.215723979420493,1.9841863618309907,-6.93107784320865,1.7211826462374584,1000,0.7946964789607409,4.472179737342932,24.682737736680828,0.4647299420640616,0.30534731183042874,2.1365877743718364,-0.11617420748481977,1.7055671654063016,1000
572,1.802521394536074,5.209709802811111,19.506145892245765,0.8232072211926879,0.7239369771139108,3.5191787425028056,0.18903524099840596,3.4160075480737424,1000,2.456329352024401,13.153265820384652,5.38528107628346,0.4773403433233626,1.731630812987903,3.5890286102552675,1.5207422791106102,3.3919164249381915,1000
573,1.7624462561497864,2.6317369362308227,30.730901775963275,1.0873224315501497,0.5190671599760983,4.235075771101562,-0.3687057096885069,3.89359822198808,1000,2.21077775461289,3.840027095722339,13.668946466175745,0.8457554462379495,0.9588667077064486,4.026570582494687,0.5530970799865091,3.868458429239271,1000
574,1.5169196163109122,3.1451934716993253,49.8210854008638,0.4306937568909789,0.9031367870302831,2.729549420503372,0.6727598528045936,2.3610793798172307,1000,1.7931833688060446,6.119405211935632,13.365310925295258,0.378278870655658,1.1856033394570507,2.7132855595503895,1.0517567823209548,2.5346099552911343,1000
575,0.3326549129769467,3.317304682555064,32.1439130413977,0.7409999438701844,-0.47849524848169067,2.623979689391789,-1.1197049770086147,1.7850148029625081,1000,1.5321875103086224,8.771257091302468,7.817252067565216,0.43212032880116513,0.9293166645662431,2.677822480732345,0.6852316658583388,2.379143354758906,1000
576,-0.030797313779530544,2.309522429348796,50.84996090098026,0.8162260984071934,-0.728992475958298,2.070517214658774,-1.6306004666576295,1.5690058390985684,1000,0.8230437783322331,7.180092376672855,11.455532951216489,0.5067446619077858,0.10199688245630278,2.1156332707462187,-0.17017575900702697,1.8162633156714931,1000
577,2.018114087294932,6.105598556734525,13.189029857161366,0.5826842780262148,0.806951470330602,3.06825446505526,0.8760529023635508,3.1601752722263132,1000,1.7105633937374827,7.815624184851233,7.760838940741865,0.5143999813151806,0.7842586804798559,2.7458372316507744,0.7023394303597288,2.718787357115237,1000
578,2.149211790509388,8.853570611906223,7.072752314290712,0.5207438395564894,1.0068657322513888,3.0577204973888548,1.1285538649786688,3.169869716040107,1000,1.178747592631685,3.7269720499504517,21.11465422683875,0.5756107458618166,0.38311701755105587,2.6117373677362488,0.05055053074252447,2.3069446545208456,1000
579,1.4255276482969055,4.350436872710438,17.101415175134655,0.7619234473733716,0.28359915028305854,3.148467970671944,-0.0678423085549027,2.9188976051487137,1000,1.5934115902951511,5.187866605429358,12.389642690684104,0.7321404837929396,0.4648135872583559,3.276154739542049,0.1584162420609896,3.0284069385293124,1000
580,1.5597019499559117,1.9002850172697323,60.216401197773045,0.5462707008885545,0.9882126067011517,2.9618616742700823,0.4890113762143451,2.6303925236974783,1000,1.9248908589413127,5.556467069297184,12.695273771731634,0.43987396810524704,1.3437212592452836,3.049385781338247,1.0627378814550286,2.787043836427597,1000
581,-0.9245553043083641,3.025877441701319,50.91483018885938,1.2306954682723537,-2.3035797375963587,1.8317602492748373,-3.336718422122177,1.487607813505449,1000,1.0278285854350377,13.908780277263329,6.428437740698748,0.5046084388229475,0.1428548578259871,2.0386800271093124,0.038796045342060714,2.0168611255280147,1000
582,1.9992561141921892,5.268864969533698,13.44717739128241,0.6988638062655003,0.8446824640399291,3.5460867929447035,0.6294830539118086,3.36902917447257,1000,2.1648293237152703,6.068387271364778,8.840513185912144,0.5491940451698691,1.3204043666306733,3.458908579706112,1.0884089951823268,3.2412496522482135,1000
583,1.6582655872923597,6.342579911938466,18.13558060864894,0.3951961120952476,1.107436154566782,2.6378846339444566,0.8836812075856745,2.432849966999045,1000,1.7055167805533875,11.938973943981381,7.555327490028895,0.346416957412131,1.1914441712081016,2.5257391527793227,1.0265395440256109,2.384494017081164,1000
584,1.6495823476231584,1.8927607015660852,117.37392952301069,0.6131976735818061,1.1346160808899621,3.436730520494775,0.4477149074028184,2.8514497878434986,1000,2.2989607278742588,10.061094833965663,8.382737713758884,0.4396654686898673,1.489687527620163,3.287876535079664,1.437216409242119,3.160705046506399,1000
585,1.6285665464883978,9.595552426761929,8.105623157413367,0.5257529390440652,0.4761207254468216,2.4981010787066227,0.5980907859620301,2.6590423070147655,1000,0.43885647279300244,5.0601277629106525,18.15912765482476,0.8962496977971197,-1.089064031487937,2.414431444584841,-1.3177929348893522,2.1955058804753573,1000
586,1.9389981381627037,3.7038336519087607,18.624870199053447,0.5512380038819614,1.2987780839130676,3.401024586874145,0.8585716505540593,3.0194246257713484,1000,1.9788883356621083,4.888308452867822,12.025879375339112,0.520542376768796,1.3428949279428943,3.4900797070955076,0.9586252771952681,2.9991513941289485,1000
587,1.7167494947374662,4.421740274706693,20.715191768004402,0.5311731993592,0.9569210121236915,2.8704730913699836,0.6756500239934342,2.7578489654814984,1000,1.8860841681294693,5.953465772867401,9.174384838064645,0.5106843265401891,1.0595956809676228,3.029049260040194,0.8851428881106986,2.88702544814824,1000
588,2.3603751053933757,7.216499609541697,13.283962249363912,0.43910670665261553,1.5763496245903623,3.3143329430039596,1.4997259603542492,3.221024250432502,1000,2.3474641514213106,13.430874657699428,4.449166969255678,0.40947821112350147,1.6337208242645722,3.2358516849572827,1.5448868576192476,3.1500414452233736,1000
589,2.0016618465699274,5.169991476076043,10.224888072791954,0.5808037111112958,0.7858770637330122,3.203939578248669,0.8632865727917876,3.140037120348067,1000,2.2737559559387828,6.136866404685967,5.984971086356183,0.511548532322261,1.1536091952907515,3.2645610644227028,1.271120832587151,3.2763910792904145,1000
590,1.002758307502536,5.34556239967061,29.107550862569084,0.7164117328313305,-0.025808079625289193,2.458762240636405,-0.401408688846872,2.406925303851944,1000,1.4738864594667338,14.379326918300892,5.720611532419618,0.3551772390871323,0.9009569622453264,2.2695520773959874,0.7777390708559545,2.170033848077513,1000
591,-1.4448687983025383,1.2062178633044716,258.81838213368843,1.6663889370159317,-1.9099190376583435,2.4735298046311165,-4.710991114853765,1.821253518248688,1000,0.5212695267661376,5.1248130611074245,17.852011300537466,0.8976300135921329,-1.034615686125926,2.5370110551207388,-1.238085299874443,2.280624353406718,1000
592,0.2248615877803033,1.001965998141881,15007.267647662831,0.7293460631321002,-0.12268713867161787,2.2400900245867,-1.204656695958613,1.6543798715192195,1000,1.4453860126067437,3.0572012867675062,15.74656782222528,0.42681331777982495,1.0169934621021144,2.7852850633929935,0.6088319097582868,2.2819401154552006,1000
593,1.406788646956361,8.033305154227792,11.223603871524336,0.3491427696202003,0.7992205953289975,2.1842151177501528,0.7224688185007685,2.0911084754119535,1000,1.359110784038673,9.938261307229844,7.7336574772077995,0.34525987860275437,0.7690743023042533,2.1383677224165103,0.6824014219772744,2.0358201461000713,1000
594,0.15290643251307712,1.3865288145613208,252.78771259056512,0.7589329298438223,-0.35255264625577964,2.168166577052544,-1.3346021099808145,1.6404149750069688,1000,1.6229265796069492,5.685752878916247,11.17557024268846,0.4416630999842626,0.6640396420770899,2.405731474957409,0.7572669036377945,2.488586255576104,1000
595,0.776505728169266,2.762258294103794,53.63540641536634,0.8363761726581812,-0.7150507297777734,2.7301993341904156,-0.8627915702407691,2.415803026579301,1000,0.7521403353463252,6.209893535716643,9.914192029295094,0.9593354710432931,-1.4251769540698558,2.632092481346349,-1.1281571878985293,2.63243785859118,1000
596,0.3813213539230338,4.715099364213245,13.020077962284983,0.8261583394370218,-0.7371842646804778,2.1871598060515534,-1.2379489913735289,2.0005916992195965,1000,0.8523391847615107,8.791647941945168,4.973319259986199,0.7070206729626151,-0.3550894602232012,2.4904473895277683,-0.5334213342452148,2.238099703768236,1000
597,2.9277914575252404,2.1461012431018887,57.57090138006652,0.5535725025368098,1.6334036507650973,3.6773774857090595,1.8427893525530932,4.012793562497388,1000,2.5109000244991035,4.0089496055257845,12.088684700620684,0.5799279654363186,1.5065137475828507,3.666907486223861,1.374241212243919,3.647558836754288,1000
598,-0.3772719279679375,1.5030745383185051,111.3580372039663,0.9924012836747178,-0.9735490309430063,2.072044326715542,-2.3223784439703845,1.5678345880345093,1000,0.604783941879445,4.361435882321209,13.931779999577428,0.6070715279682876,-0.1564419693593027,2.1151288710982423,-0.5850762529383986,1.7946441366972885,1000
599,2.227809842580661,4.9212697227542614,19.568257628897058,0.612442330394972,0.8155247468519824,3.215639667510931,1.027422875006516,3.428196810154806,1000,2.000333162377169,6.884935673286215,11.934637773444548,0.5829126938663713,0.708005952162905,3.0198590471732323,0.8578242823990812,3.142842042355257,1000
600,1.6569160555718065,12.513690687788278,8.34719187355709,0.5170417576509446,0.6420939508883426,2.6066044787713656,0.643514210575955,2.670317900567658,1000,1.2398579057901697,10.058506593253306,11.397767246321107,0.4695088037423617,0.5023202518906715,2.377314563542558,0.3196206504551409,2.1600951611251986,1000
601,1.898732784155709,4.086768841976343,30.510880534520105,0.47146511446342104,0.6316569495352659,2.5717715491746893,0.9746611598074036,2.8228044085040143,1000,1.6970115072939336,6.6043257376361755,12.306992506547912,0.452009121904547,0.6233357616513192,2.4887194994196817,0.8110736283610215,2.582949386226846,1000
602,1.1430255705325636,4.008421123624802,15.09181265066933,0.8035993260231526,0.2678240723374599,3.1557862771165723,-0.4320291084728156,2.718080249537943,1000,1.013612214559966,3.562865585271148,14.5240885632609,0.7709964998002428,0.23670025997282457,3.1177173322628366,-0.4975409250485099,2.5247653541684416,1000
603,2.031098167965831,7.266289170743582,8.635275458265301,0.3358949936569818,1.389638258068964,2.711815833352615,1.372743980398147,2.6894523555335152,1000,2.133329091524546,10.530778187841271,4.816797502522968,0.342571546365637,1.529092479532607,2.8823182705430805,1.4618888606478975,2.8047693224011945,1000
604,2.5112075525975115,2.7056829308509314,27.74822867218592,0.7801111938737961,0.5852717498194954,3.2963248419503532,0.982189612604871,4.040225492590152,1000,2.6723185088968364,2.3551336970221137,33.60876366435109,0.60729245920298,1.1908763140787573,3.2793195964014994,1.4820252888589955,3.8626117289346773,1000
605,1.861162701187065,3.426644475613482,20.01063791497204,0.8008464541965108,0.7159459480247242,3.549441092027088,0.291503650961904,3.430821751412226,1000,1.9616577804522097,3.767306689592386,15.287737274070347,0.6684250560870546,1.1052072663624433,3.6349779499666552,0.6515446705215828,3.271770890382837,1000
606,1.5209490489125725,4.397993543897162,30.209729117663656,0.4582766941831751,0.924348352724845,2.7383031378369784,0.6227267283135494,2.419171369511596,1000,1.2710180050856188,3.0416899409710587,30.10973916296338,0.5733183396441649,0.6806135499389716,2.7140062661081354,0.14731405938305553,2.394721950788182,1000
607,0.7413591913400865,1.0966150890349704,527.89441696807,0.815321383612841,0.3256572099216321,3.338970665929032,-0.8566707205410817,2.339389103221255,1000,2.128829924577748,7.311017203931399,6.866927196834259,0.6815567571384463,0.996298041856188,3.639658622928277,0.792978680586393,3.4646811685691024,1000
608,2.310629526248716,3.915482826856074,12.576919571946915,0.3878093423398726,1.655656031838843,3.049220399068846,1.550523215262566,3.0707358372348663,1000,2.4181260915418674,5.130745030949848,6.952655494440784,0.38709793625265954,1.5997727354886324,3.1181904297220573,1.6594141364866548,3.17683804659708,1000
609,2.4880731291236913,5.758492464897424,8.716199624674422,0.2511591688802134,1.9796785904035568,2.9841412525479267,1.9958011581184731,2.9803451001289094,1000,2.474074066021546,5.400299535615213,7.541030454666906,0.29841427725951264,1.9314717683425542,2.9780021141487767,1.889182082592901,3.0589660494501905,1000
610,1.988139954393676,9.758269166830178,8.63311475454863,0.28916119651139366,1.4406789330089174,2.581196619167682,1.4213840092313443,2.5548958995560076,1000,1.9958233075201612,10.959074722708808,7.229200938723547,0.2972116545347445,1.4609574372252037,2.599187137691661,1.413288464632062,2.5783581504082607,1000
611,0.7329035936379964,3.822106857408781,37.020631360728004,0.6544279295413512,-0.04639361761719472,2.2911167735696374,-0.549775148263052,2.0155823355390448,1000,1.3822429662969857,11.701139279111256,7.25508578664789,0.35583386607245876,0.819928283244331,2.230811642702378,0.6848085887949665,2.079677343799005,1000
612,1.9039092350041973,7.846838418610824,5.863551752357535,0.2113434797109535,1.4829899975097436,2.334860205600672,1.4896760147707284,2.318142455237666,1000,1.9268576232931929,9.882516986287264,3.4707195024212876,0.23170676043666513,1.4801538036735131,2.414609903354909,1.4727123728373293,2.3810028737490567,1000
613,1.105226323753914,3.5692636829638764,36.35289549594688,0.45563001448870855,0.08019392312296687,1.8717191235341335,0.2121914953560452,1.9982611521517826,1000,1.5019792186663716,11.198808277724487,7.192545328981174,0.3856794142162603,0.839950639296994,2.3409144148799834,0.7460475668025015,2.2579108705302415,1000
614,2.1295407378245192,2.791241781251568,27.573882727376873,0.2634007466765203,1.7266163547739486,2.749952890960151,1.6132752743385395,2.6458062013104993,1000,2.178198263943816,3.822694127404297,14.358145043472943,0.2885082876279089,1.7429386522013783,2.8552978691695676,1.6127220201931147,2.743674507694518,1000
615,1.7018280112883257,8.608516867470145,5.690643973593891,0.36291544754276744,1.0019666877111189,2.4188633610920194,0.9905137341045015,2.41314228847215,1000,1.1828116167002314,6.261483099710205,7.37473954354558,0.49686249746311145,0.27254591558851027,2.2772321863403926,0.208961121672533,2.15666211172793,1000
616,1.280224289736056,4.691967448600315,17.786038081044357,0.4006919931452328,0.5819298008297709,2.1675745498893018,0.4948679831713998,2.0655805963007126,1000,1.401639140914412,5.7851635363332745,9.840073173349086,0.3708697777073122,0.7010165508654006,2.1855704637723377,0.6747343766080801,2.1285439052207438,1000
617,1.2949318965702226,6.4980061976819155,10.585538804419343,0.3364037441979224,0.673723871376308,1.9508695986047762,0.6355805579422946,1.9542832351981505,1000,1.2577888132927644,8.500463404754786,6.645232998151501,0.3442284547845224,0.630257631791441,1.9738546896538955,0.5831010419151005,1.9324765846704284,1000
618,0.9070594205061657,1.3307351952251376,107.78448055798046,0.49585835906915954,0.4845709585247186,2.3122940331201374,-0.06482296326938697,1.8789418042817183,1000,1.2208946332927932,3.0440920723710914,22.46157235928387,0.4330413493647823,0.7097024305418583,2.381843333189506,0.37213358853781997,2.0696556780477664,1000
619,1.6062184230809078,6.7591186287532246,6.0234089776185655,0.3475096547928274,0.9214991300898017,2.30131207962643,0.925099499686966,2.2873373464748497,1000,1.501273885725099,6.765056772199705,4.77208152549096,0.34670584213567535,0.8848758299216644,2.204642459405098,0.8217304351391752,2.180817336311023,1000
620,1.7508008613451045,2.9794353826724684,46.042515622178016,0.26654350984473185,1.2853305794885512,2.3437222524225687,1.2283755820494302,2.2732261406407788,1000,1.8519075126678033,10.917259659460422,7.47109789184279,0.2783878220147175,1.3430394082681112,2.4208762165922226,1.306267381518957,2.3975476438166496,1000
621,1.7517594122921387,2.726716668985699,33.23418315806058,0.5584561659866907,1.167630606191329,3.163954161505638,0.6571853269582251,2.8463334976260524,1000,1.6436476923360241,5.5670312401174336,11.309162360680316,0.6749330805926237,0.3586811418039448,3.1242613571253557,0.32077885437448184,2.9665165302975662,1000
622,0.15181795105009854,1.253263399332587,355.1573692881882,1.0781874833657914,-0.43820926968554985,2.9582661340544316,-1.9614295163468527,2.26506541844705,1000,2.0080282560506593,9.92768454476995,10.871633208061876,0.41536758840035043,1.222177472008051,2.8777862568449537,1.1939077827859723,2.822148729315346,1000
623,2.2128447990767874,8.75559255002731,4.422435840837049,0.36965119862851914,1.4560716407685255,2.9565576773175777,1.4883284497648899,2.937361148388685,1000,2.1465111640760375,9.180731922644123,3.354812859159535,0.37362309185464687,1.388153222375793,2.894965325147952,1.4142099040409297,2.8788124241111452,1000
624,1.1973868668435705,9.546982327483638,7.1783704521892,0.3148657424540004,0.5706429395638081,1.7937182610497715,0.5802500116337298,1.8145237220534112,1000,1.199312633636004,10.149239643384137,6.1943706161642345,0.35300954992556777,0.4786661154021925,1.8848333785383664,0.5074139157818912,1.8912113514901168,1000
625,1.0134479824761007,8.977172755382322,12.300517023446586,0.7025674343669156,-0.3980667589683738,2.273745124683492,-0.36358418888305377,2.390480153835255,1000,0.8014351756256612,11.809179875759394,9.942675493918248,0.5440176790062193,-0.02455272243567354,2.014498018281156,-0.2648394752265286,1.867709826477851,1000
626,-2.0720930831937707,1.0337645247976832,1611.6533732826101,1.8886214354527786,-2.4351678784339947,2.4714331278718658,-5.773791096681217,1.6296049302936755,1000,1.5227815830287055,15.62371961529204,4.197520488375191,0.3734047931548322,0.8025483134156928,2.259073530271791,0.7909081884452344,2.2546549776121765,1000
627,0.588326426179989,3.9850508052393776,28.363767109265737,0.4017280824129157,-0.1414399634170054,1.5677537138604072,-0.19906061534932573,1.3757134677093037,1000,0.5230735416230177,8.761365070960059,9.791972931491344,0.43110439463238237,-0.13794346879152933,1.6280294803076942,-0.3218910718564517,1.3680381551024872,1000
628,2.1629627227377237,18.03548771411477,2.33207680293443,0.37903729510920064,1.460331407841151,2.8765581168672143,1.4200496243236904,2.9058758211517572,1000,2.2230651317586174,12.054255057150678,4.313751817206479,0.5358133448660517,1.074418860174332,3.1300414830576053,1.1728709758211562,3.273259287696079,1000
629,1.8235667118308823,5.696262231851011,23.267003186842356,0.2850253180106419,1.3324847523467396,2.463092209869423,1.2649170885300243,2.3822163351317402,1000,1.841438796461841,11.261438281604354,10.330514838767556,0.31491518720068457,1.2686353908684513,2.514821184605466,1.2242050295484992,2.458672563375183,1000
630,1.3315446365319499,6.388006828360655,17.908111931208065,0.7387322507622472,0.16622304691310208,2.892385219219545,-0.11637057496205472,2.7794598480259545,1000,1.0515778393818267,5.850371611243502,19.655780205703323,0.7510377668847183,0.11143897802414006,2.822459963561779,-0.42045618371222115,2.5236118624758745,1000
631,1.4842194389407708,6.129013212808085,18.095207419900106,0.49261965417601733,0.7025232638745442,2.796054195674335,0.5186849167557769,2.4497539611257646,1000,1.6503910596865605,5.732284050629524,19.423546176317778,0.586581246426879,0.6149821353634514,2.8770292084511833,0.5006918166898777,2.8000903026832433,1000
632,1.2523442005819279,2.099094559882863,38.43597010476671,0.5278778927923017,0.5547703408489896,2.719979651235522,0.2177035307090165,2.2869848704548392,1000,1.3127475919712954,3.8393053079584205,18.62450858493899,0.5433636465251848,0.5959914861285088,2.8161684238893323,0.24775484478193333,2.3777403391606575,1000
633,1.1099891593756612,6.361142831180407,10.882930699398074,0.32845063593445495,0.5180772584159362,1.8933493497432203,0.4662259129441295,1.753752405807193,1000,0.8233624139006541,4.739476925023333,14.700024707558587,0.4101570295921149,0.18462789086759132,1.8414416204198898,0.019454635900108874,1.6272701919011994,1000
634,2.037235116691531,1.948334414257355,60.412904831803104,0.5050337802945607,1.149235908204191,3.285123595626948,1.047368907314192,3.0271013260688697,1000,2.2560694726058883,10.303910030088737,3.8893792463282963,0.6074189371567142,1.1671966024224234,3.5847442155691556,1.0655283557787285,3.446610589433048,1000
635,1.2699769814738207,11.223918084026046,3.3467916937785374,0.5475145217439318,0.27545730379918515,2.3629444715931385,0.1968485188557143,2.3431054440919272,1000,1.3740680157375245,11.78156850705258,3.067966084655227,0.4798740451706032,0.607316268769143,2.415214897808776,0.43351488720314213,2.3146211442719067,1000
636,0.8307648468496853,2.1729299765952446,74.95469982316929,0.7893609165115841,-0.7167790356541983,2.371751992934977,-0.7163825495130196,2.37791224321239,1000,0.8690113142872806,6.19488213495271,12.594066266902388,0.7627486446172548,-0.380062897163533,2.4038464115770477,-0.6259760291625387,2.3639986577371,1000
637,0.8351684845762901,1.6947905219066457,97.04301182518407,0.6331317758494339,0.23003837396205298,2.4498327301103915,-0.4057697960886004,2.076106765241181,1000,1.67569563403426,7.775201627758419,8.36424491644663,0.4303968704458227,0.8904736829240907,2.551668872484733,0.8321177679604475,2.5192735001080724,1000
638,1.6287182881749147,3.7922342404814646,25.45863861873928,0.6934613175803712,0.7552247496622813,3.165907244129155,0.26953410571738723,2.9879024706324424,1000,1.7278642756342109,6.728302392515969,10.614869540949796,0.6394401849458629,0.8081850891174217,3.1790496390605743,0.4745615131403196,2.981167038128102,1000
639,0.5811782814147075,2.795433584999873,46.5679870754022,0.6700886807747963,-0.20841558524248333,2.3136196265252345,-0.7321955329038932,1.8945520957333082,1000,1.6550299763393357,7.071830259729851,11.988262867682618,0.38163418069421207,0.9288638459199078,2.4037984312846197,0.90702698217868,2.403032970499991,1000
640,1.3387765543269974,3.6508175425213083,33.4156965908616,0.5380856323846499,0.7439700122138772,2.527574514962751,0.28412871485308355,2.3934243938009114,1000,1.905066393140631,8.442871189770912,10.771269899925013,0.3412099757278467,1.246788145627112,2.6408169089800735,1.2362948407140515,2.5738379455672105,1000
641,1.2217856867540915,2.453673542022693,69.97045089350685,0.701221707747271,0.4912558798881263,2.8941132452962255,-0.15260886043055955,2.5961802339387425,1000,1.172272649251342,2.627435651925908,46.40180836208429,0.6132283404942599,0.7036468045769495,2.8435431577119976,-0.029654898117407402,2.3742001966200914,1000
642,1.08452234209821,4.326893553754392,19.36924687278413,0.5205691163859926,0.4121519806259748,2.420241647911523,0.06420687398166458,2.1048378102147556,1000,1.1844968036558248,5.969292337899914,11.919516857834305,0.5251943782267761,0.43331118229870913,2.5680979081144497,0.1551158223313438,2.2138777849803057,1000
643,0.206019788919376,2.2182553805254375,44.11914438945966,0.7919929849668249,-0.49499511289651316,2.4716855981912857,-1.3462864616156007,1.7583260394543527,1000,0.5363349889448563,5.527221384857517,12.788514326917749,0.6678712121726549,-0.293664003220147,2.6068369216041516,-0.7726925869135473,1.8453625648032599,1000
644,1.7008751761895375,7.927390161580915,8.074569486661455,0.6991271631084001,0.487664167842211,3.183020518595333,0.33058593649707335,3.0711644158820017,1000,1.474420197249156,7.456494786669856,8.92253671997392,0.7025837917065219,0.4224544226317727,3.053852647873898,0.0973559655043732,2.8514844289939387,1000
645,0.8974242902656959,2.187596441788846,80.2219682412855,0.3639562623472524,0.31067855190137117,1.8080972505767234,0.18407001606508122,1.6107785644663106,1000,1.0067887174385795,6.34977448346634,16.609230901182542,0.4154449817075834,0.28860176269150356,1.9306960551779595,0.1925165532917159,1.821060881585443,1000
646,0.7483832005662054,2.6958373758858003,104.47908887365686,0.5125456068351835,-0.09576207064969613,1.8059522121795015,-0.2562061888307541,1.752972589963165,1000,0.5620121640499551,7.487450944704143,9.467640735834493,0.5787114386659488,-0.5211996202336324,1.7852435974261394,-0.5722622557353043,1.6962865838352146,1000
647,0.47755226369426396,3.398652467934392,51.342130834961814,0.3722533183313913,-0.004703178037585691,1.7445119253882093,-0.25206424023526297,1.207168767623791,1000,0.773636234563662,7.349474017991611,9.380961652942208,0.3783803032221461,0.2095995703543506,1.7565271138617322,0.032010840248255734,1.5152616288790683,1000
648,1.2276949715502354,3.9458880655961104,30.005963369586905,0.36623766451268946,0.7412746235075022,2.2385814207035017,0.5098691491053641,1.9455207939951067,1000,1.2345648228091197,4.289638026372203,23.759922377315547,0.4284486046793559,0.6599184091277418,2.3738725219025003,0.3948055576375822,2.0743240879806573,1000
649,0.7880129195901793,5.411116971037959,14.173292984395562,0.5328538621935959,-0.01180843077655919,2.010845907248206,-0.2563806503092687,1.8324064894896273,1000,0.51410994101429,4.3436508399778475,17.03611614604392,0.6017763986747899,-0.4380123332153641,1.820476543828946,-0.6653718003882982,1.6935916824168782,1000
650,1.1600309888208615,4.747447234589664,22.18256181741452,0.5914980024193592,-0.3154192970373922,2.1318595827288425,0.0006949040789174799,2.3193670735628054,1000,1.3292503088954906,5.940032303798625,15.366102958603205,0.6130432336831494,-0.005919972844697101,2.404029572668903,0.12768557087651788,2.530815046914463,1000
651,0.42147992346835883,4.805327256407672,17.775037325877157,0.5062172084501739,-0.2531221377367166,1.6880858294172063,-0.570705805093982,1.4136656520306996,1000,0.3898990374326923,4.340204551870674,20.102937083828667,0.5302318348950465,-0.14569224914897785,2.001069725364188,-0.649355358961599,1.4291534338269836,1000
652,3.058767676306001,4.971983505816202,17.519858377291516,0.8345560752572887,1.317058371080242,4.256118323992915,1.423037768801715,4.694497583810287,1000,2.1041948166435733,9.149748454114086,7.524864937999604,0.6625372012984349,1.0074019332107396,3.511797892773431,0.805621902098641,3.4027677311885056,1000
653,1.4471008191840773,11.424268103159523,4.030359551064119,0.5420105138112266,0.3761324511509667,2.4691669350318155,0.3847602121140732,2.5094414262540816,1000,1.6185730864252805,12.100604833892332,4.117935331179427,0.42146739699899693,0.939362823631786,2.5134807469860414,0.7924969883072466,2.4446491845433145,1000
654,1.2429234685609405,2.7988038527024766,27.379034483886784,0.4965237947117824,0.7317401006839729,2.8281350609127287,0.2697368309258471,2.2161101061960338,1000,1.282085347163386,2.161978232066459,37.121109812061015,0.5686910376552277,0.8043371903033752,2.892805378207978,0.16745091335913975,2.396719780967632,1000
655,1.4437980464411893,8.559730649941288,13.197514725238948,0.6574893750073947,0.10590894858178956,2.72964875620352,0.15511887142669578,2.7324772214556825,1000,1.4451761835828116,12.4833971034219,6.537998511932397,0.5198074562092196,0.4819077705358756,2.5430005620776774,0.42635356941274116,2.463998797752882,1000
656,1.793748753909097,7.625844115917438,10.858286880002694,0.24247227830054152,1.296630822530798,2.269899190805045,1.3185030884400357,2.2689944193781586,1000,1.764416752955393,8.539183409919966,9.187669324232314,0.25822850135980246,1.2425350652116183,2.2650063506314746,1.25828889029018,2.2705446156206057,1000
657,1.826164292775467,3.553940585749678,38.08371004786531,0.2518856356794342,1.3290401694276268,2.2753838958719266,1.332468446843776,2.319860138707158,1000,1.8996133277379923,17.06522426525274,5.095236225156654,0.2475136781112334,1.4471183626766015,2.4070772107943963,1.4144865186399749,2.38474013683601,1000
658,1.284087446511435,4.301852943150124,16.231577244885344,0.6674973797187873,0.37719800524680736,2.7962396064373096,-0.024207417737388104,2.592382310760258,1000,0.9520634593710846,2.7224524886292936,28.48502931188369,0.694312007467196,0.27662699006389885,2.757988922083075,-0.4087880752646196,2.312914994006789,1000
659,1.4798101544839044,3.0630611150279874,39.12993562942249,0.3636461874775905,0.9799427014797147,2.3929637013687053,0.767063627027827,2.1925566819399815,1000,1.575164675826298,6.407905879918749,13.490229852564033,0.32986716820827167,1.0420017292837138,2.340892265893337,0.9286250261380856,2.2217043255145104,1000
660,1.3889351662187757,5.457854770893437,16.39822392134044,0.4502929535597183,0.7271617381909786,2.521537659761876,0.5063609772417278,2.2715093551958234,1000,1.6788222386955383,9.359841250710813,6.2287464529134455,0.40547385575219463,1.0166232542816016,2.6100637641229283,0.8840934814212368,2.47355099596984,1000
661,0.8177213817889659,1.812883554742219,87.33623464336237,0.4048536169615835,0.3318956711261905,2.039058340468246,0.024208292544262267,1.6112344710336695,1000,1.2454999529907456,7.452294537635704,8.37976397658155,0.3143514529009217,0.7615229378247325,2.0238969202060515,0.629371105304939,1.8616288006765522,1000
662,1.8494985954603482,3.2747365067864487,23.14361030867882,0.32857030267676696,1.342321344158802,2.591029161272199,1.205500802213885,2.4934963887068116,1000,1.8322116917209326,3.6730714933695054,20.577487160722775,0.31855282310600813,1.3702978193592277,2.598569906222263,1.2078481584331566,2.4565752250087085,1000
663,1.7322733056516122,9.841693400264262,7.688372893996754,0.49075537521288576,0.8791407585811825,2.8094644697079114,0.7703927702343562,2.6941538410688683,1000,1.3948814537646084,6.164791777853492,10.266884319785898,0.4542669122469024,0.5376373100521263,2.312339414818084,0.5045183057606797,2.285244601768537,1000
664,-1.0321504158974544,2.0712698654831443,64.86298716910346,1.5896530307661878,-2.0465081320654095,2.534675748218314,-4.147870356199182,2.0835695244042736,1000,1.3585411706998114,11.194871140182554,7.656323442781917,0.48684517051670667,0.7905243601786245,2.6661733974542123,0.4043246364870663,2.3127577049125563,1000
665,2.089676217090455,14.384082537694955,4.937272289752634,0.5380073245672127,1.1127906727058157,3.1437597864182147,1.035181860938718,3.1441705732421914,1000,1.8658320169947538,16.125642511738818,3.584695981033281,0.5243185941499704,0.920194746619803,2.951985642248319,0.8381675724608117,2.893496461528696,1000
666,-1.0002453102999662,1.9046784542897266,120.48463669647424,1.1680911149744542,-3.2417316441527024,2.110911785673635,-3.2897038956498963,1.2892132750499639,1000,-0.181159118457916,6.554394953147901,10.5582840613241,0.9602907923741554,-1.593442284802262,2.256506929685858,-2.0633290715112604,1.7010108345954285,1000
667,1.042277589650411,4.429027664272486,38.26909863220991,0.7681282374864358,-0.700211757295272,2.36663446137405,-0.463253755823003,2.5478089351238253,1000,1.4296316888936653,14.038205407249832,5.510937140539864,0.43688529834164147,0.5530840771230319,2.2959573377447713,0.573336504144048,2.2859268736432825,1000
668,1.5880909872420557,7.093731344617245,13.324322893404304,0.3217671347634071,0.8813719515282012,2.1514123353147716,0.9574274031057777,2.2187545713783337,1000,1.326777551377071,9.285793236388427,8.039691905115687,0.3429068004578411,0.6477588004993299,2.007933234263798,0.6546802224797024,1.9988748802744396,1000
669,-0.8113103611760164,1.3085345019539283,155.9198310896613,1.4863625316282758,-1.351875145652352,2.6535927186454207,-3.7245809231674367,2.101960200815404,1000,1.0851561450764104,7.318310661713064,11.561028228405053,0.6745410792677112,0.13541002914764153,2.6478988602195788,-0.23694437028830362,2.4072566604411243,1000
670,0.907974910733993,3.105135196856908,44.16352066091454,0.8016302188735223,0.0409709692235319,2.904467904598264,-0.6632203182581107,2.4791701397260963,1000,1.7128508784058947,11.714140952010307,8.217747687701143,0.4339140222348334,1.0232271440710814,2.779035318608235,0.8623793948256212,2.563322361986168,1000
671,0.945302890997552,1.8791182645015299,45.87692816157838,0.9601281001400834,0.3363186887230639,3.170456203859879,-0.9365481852770114,2.8271539672721158,1000,1.7876362912469659,4.0427986837358265,12.558782936345978,0.7344704549317737,0.8325650140390287,3.3374912099318954,0.3480741995806895,3.227198382913242,1000
672,1.29861466502228,8.715407441058144,5.2273670440863444,0.447490131921016,0.5985307651921021,2.43914896251809,0.4215340064570887,2.1756953235874716,1000,1.3022952848389069,8.706216278715527,5.876166691147241,0.44203267573654875,0.6036117364380511,2.399985970531011,0.4359112403952713,2.1686793292825426,1000
673,2.306907380229073,2.245115405070108,84.186626902165,0.39389555710222085,1.3816122377684565,2.9802607845960374,1.5348720883087201,3.0789426721494255,1000,2.1793703391244783,6.781368422908359,9.359850686876872,0.5171049512446121,1.037887588639575,3.1069714643678172,1.1658446346850386,3.192896043563918,1000
674,2.0300690323547768,1.9644303373732592,75.92451979724687,0.396436413373182,0.97011038145452,2.5240418865502714,1.2530536621433401,2.8070844025662134,1000,1.7971252386713825,6.213786464523576,14.049391100173777,0.38488428913159883,0.9264153766101566,2.468971490336799,1.042752031973449,2.551498445369316,1000
675,1.7327690994249902,7.257471248446091,8.2745222385399,0.53566488075601,0.7597947580074391,2.8190693833291043,0.6828659331432105,2.78267226570677,1000,1.5221244716654083,7.609195988578591,5.713185834391174,0.5306930556895709,0.6021068335772707,2.7056658122510284,0.4819660825138494,2.562282860816967,1000
676,1.370171395857212,7.439030512196215,13.792722564988912,0.3273352572713907,0.6700558618622716,1.9742311014880791,0.7285942916052862,2.0117485001091375,1000,1.3433790570253854,9.474010179707648,8.073756483346095,0.3491388234355822,0.6188229396082032,1.9742561012696027,0.6590669630916443,2.0276911509591264,1000
677,0.2987017810844548,1.3861081597206069,87.5398209748117,1.0575928904556409,-0.2271276135900069,2.9661859486117548,-1.7741802842086014,2.371583846377511,1000,1.0147802675774589,3.3929994144715967,15.905188028156514,0.7619384937778215,0.1978105523026054,2.8465509579520063,-0.4786191802270714,2.5081797153819894,1000
678,0.9546023160656074,5.082865108465156,16.760557079069688,0.8681296475198396,-0.23834596184492673,2.935468366040177,-0.7469317930732782,2.656136425204493,1000,1.2316971963461447,7.449219809439837,9.556144095250344,0.7186732539086966,0.09656117663962369,2.8180281413839996,-0.17690238131490066,2.64029677400719,1000
679,2.5617547134011884,10.93837276952359,5.458567863392645,0.3850873593080465,1.73336413573989,3.2606582939393687,1.8069834891574175,3.3165259376449594,1000,2.2215593035814454,12.904243267660169,3.9280434258653347,0.5064004491406094,1.2065524805694294,3.1159071757023944,1.2290144232658509,3.2141041838970397,1000
680,1.1852384327301575,9.051056671498683,9.01924895312918,0.4479303946591402,0.4144155707532403,2.1868064292979414,0.30729485919824273,2.063182006262072,1000,1.2873791424008143,11.25038160153353,6.51762964946287,0.39600058461809035,0.6273448285897415,2.1894174869656404,0.5112179965493573,2.0635402882522715,1000
681,1.8748223402227395,6.523853956635906,10.802132714555539,0.3746686930308287,1.0002969788170304,2.5010441099632414,1.1404717018823152,2.609172978563164,1000,1.4307538191979745,7.916123839016732,6.240138610164849,0.639168303502853,0.13274154671215327,2.7403295335127913,0.17798394433238252,2.6835236940635667,1000
682,0.7965341349847463,1.4980186637353416,157.57051567064488,0.671998354014159,0.16495063214078012,2.5481036655451264,-0.5205826388830053,2.113650908852498,1000,1.4357439616141345,2.6329453009483377,28.660588482722535,0.3967804665435291,0.6640079475362117,2.1743613972384304,0.6580542471888174,2.2134336760394517,1000
683,1.1750221096435896,4.090850592503356,26.855838141228336,0.43051023966798646,0.4082641376459303,2.176166089202662,0.3312220398943361,2.018822179392843,1000,1.2239025909641885,6.767562333841128,13.626799906630369,0.4125265741362985,0.4026551044159293,2.093393279215899,0.41535050565704346,2.0324546762713336,1000
684,1.1296726569365099,1.9050000913975866,112.07520402622885,0.49972618608915936,0.6783565008387493,2.7080314760693334,0.15020933220175758,2.1091359816712623,1000,1.8426334149582184,7.310477607724585,7.617520883275876,0.4135442757444502,1.2276118977109296,2.8479056493893506,1.032086634499096,2.653180195417341,1000
685,0.6479243650358377,6.870675143718343,15.075537056628807,0.33994532686644635,-0.04539060315504085,1.3017878068236015,-0.018368475622397074,1.3142172056940726,1000,0.8223640448043472,3.0108415917494544,36.64384874982265,0.27236385404061797,0.43786086204710883,1.4883553391045636,0.28853089088473605,1.3561971987239585,1000
686,0.20107950730929192,1.556366919197429,123.0305567494577,0.9554888287355396,-0.39186469724961126,2.492376812541734,-1.6716785970123658,2.0738376116309496,1000,1.8103988141015015,9.211246890426253,11.788050447470745,0.38878794663418276,1.076517969807535,2.596352759352405,1.0483744386985032,2.5724231895044998,1000
687,0.9982223412404201,2.1040100026029895,61.372377650126936,0.8397622847068076,0.23207492265147717,2.995566278495376,-0.6477117367849228,2.644156419265763,1000,1.6973396157930831,7.579945329685471,11.695394710515815,0.5304101716841094,1.0293857070439492,2.936467738530285,0.6577356792922286,2.736943552293938,1000
688,2.71698924968691,9.414301878172203,5.479752335023685,0.5036060685312491,1.729416868695393,3.6783830182318686,1.7299213553656618,3.7040571440081584,1000,2.545392638633518,9.916926733718787,4.607745690156974,0.5236932053713496,1.5414849897089482,3.580563672086979,1.518953956105673,3.5718313211613633,1000
689,0.40764762743845573,2.253869908322509,76.67272516976999,0.6789804152501777,-0.1949559445837688,2.606498405667825,-0.9231539864518925,1.738449241328804,1000,0.9857891426119387,3.537288018783681,30.86382181517527,0.5216328379523714,0.352849244334131,2.487072173346237,-0.03661121977470905,2.0081895049985867,1000
690,2.7456826202336,8.35325659381319,11.946266402228574,0.44172479997506886,1.786153080005614,3.4799804114259714,1.879902012282465,3.6114632281847348,1000,2.4840297847918458,10.945398866773408,7.327680291888641,0.3974049614466093,1.6988543763310031,3.187689608913012,1.7051160603564917,3.2629435092272,1000
691,1.1276689749065651,5.705065174811515,13.958097103383567,0.4309971472475129,0.25867103721949414,1.9240050123194394,0.28291456630143985,1.9724233835116904,1000,1.1634217168264032,7.503807791731257,9.638142943823208,0.409475474751844,0.2827607028843411,1.903936495183953,0.36084978631278897,1.9659936473400172,1000
692,1.44076193533544,7.720400955413054,11.048448842878845,0.4115820271262185,0.6603392329922199,2.3275730252899507,0.6340611621680518,2.247462708502828,1000,1.435078440231746,10.890818724937688,5.542617175874187,0.5456327695043462,0.4330036744426134,2.621855204474032,0.3656382120032273,2.504518668460265,1000
693,2.339522791367707,6.2799184484870345,9.137929707459955,0.6217631679156831,0.976731460351665,3.394594477738798,1.1208669822529682,3.558178600482446,1000,1.8187851294480215,6.54791575552709,6.2692708185844905,0.650954203579615,0.7956738499840661,3.3726833049671643,0.5429148904319763,3.0946553684640667,1000
694,3.036217593347007,3.375714575254787,30.138110772980866,0.5228087961974184,1.7155127093476723,3.725145810003339,2.011512352800067,4.0609228338939465,1000,2.8912718146944965,4.913212037946995,11.222790747907911,0.5170821631114724,1.635555583241494,3.68441979636247,1.8777907749960105,3.9047528543929824,1000
695,1.5685883595161298,2.753058554182561,51.158232184263156,0.5009441984799143,0.3958324826414233,2.394143492801305,0.5867377304954977,2.550438988536762,1000,1.6863793439236132,4.4217911386725985,19.27711859087126,0.4476909678713993,0.7098762490845888,2.5064222610659352,0.8089050468956707,2.5638536409515558,1000
696,2.228186258149477,1.9620087864416542,34.72022157776927,0.37256515075468455,1.706461507687395,3.1667205676756898,1.4979585626702954,2.9584139536286584,1000,2.25590990702144,2.3309893783466884,13.513816725937497,0.43543557740804745,1.4835390962563517,3.2592229733178524,1.402456175301667,3.109363638741213,1000
697,1.3106767016096343,1.51525912236233,107.18224101810802,0.30330842241537487,0.5488888744403444,1.7097938406879176,0.7161921936754996,1.905161209543769,1000,1.0638595744307882,3.56637123206858,23.79189888313289,0.33018084701570094,0.24063963174095127,1.4970008885754076,0.41670511428001433,1.711014034581562,1000
698,1.887956539827261,2.5789067610299896,87.49108479644921,0.41403482161127475,1.3161643164822832,3.002505309305814,1.0764482894691625,2.6994647901853597,1000,1.986277173700917,8.12066414102832,7.510845540281237,0.37821242771867203,1.3765839413979986,2.8547036516039284,1.2449808153723199,2.7275735320295142,1000
699,0.5021681705719607,1.9268041062453507,81.69694117033708,0.48852978011058984,0.14902843044696296,2.012984970051652,-0.4553501984447953,1.4596865395887169,1000,1.137740574957887,8.434454846883698,10.148161382252441,0.38267855811200996,0.5688686029194897,2.1477345434106105,0.3876906010583475,1.8877905488574265,1000
700,0.8284648588196397,1.0927513493375234,271.72108279478897,0.8717383601967518,0.38712205592155663,3.302144416834313,-0.8801423271659938,2.5370720448052735,1000,1.1256304584076893,1.7397703155819673,21.931900362333067,0.7384277980017975,0.5236630325405705,3.2494691710929797,-0.32168802567583366,2.5729489424912124,1000
701,1.2701204568571396,7.8570044045780305,12.36734724352084,0.3770396609911427,0.6146302161128048,2.1257994232168054,0.5311227213144999,2.009118192399779,1000,1.3090740353523667,10.443515578006432,6.560507061489521,0.35915630049709907,0.7173654414674043,2.1321485062214727,0.6051276863780525,2.0130203843266807,1000
702,1.509061405344779,7.78314132709884,9.494416139378655,0.41684480195905843,0.6716924049968342,2.2504918493779815,0.6920455935050246,2.3260772171845336,1000,1.526904400175804,9.672977657100768,5.271305797105945,0.37142380531805036,0.8139837507217296,2.2588202707157596,0.7989137417524254,2.2548950585991827,1000
703,0.06922748122964295,1.4538588596378896,213.13037292660803,0.7146225659885039,-0.4103436717720717,2.1413151988417423,-1.3314327481078247,1.4698877105671107,1000,1.3572232201060785,7.871452887543364,8.131158131266586,0.3817924294407261,0.8039113614333516,2.3758063028586434,0.6089100584022554,2.1055363818099018,1000
704,1.9706016333577925,4.231904860688592,26.367155772075485,0.5259412330334093,0.8989126006361897,2.8507055257460783,0.9397568166123103,3.0014464501032747,1000,1.8674925058999283,6.581225013733103,13.364588754746212,0.47870987987153046,0.9470431839521811,2.7540104978292472,0.9292211413517286,2.805763870448128,1000
705,1.2092330790245986,3.993113396640649,40.63501627186542,0.4989486901602722,0.27691556691617675,2.2864231942138065,0.23129364631046512,2.187172511738732,1000,1.5325417266343586,8.300291365890002,10.355746724748187,0.5683018679650065,0.5508242195710221,2.6901740573403674,0.4186700654229458,2.6464133878457714,1000
706,-0.33157003294213494,1.6305539324585694,163.5313745912872,0.9489066751417558,-0.9654419046116446,2.5933169730707255,-2.191427116219976,1.5282870503357062,1000,2.1026846532398915,8.434807179871145,5.929646696210762,0.4386038690261237,1.293064450454655,3.0737028559532247,1.2430210699486892,2.962348236531094,1000
707,2.87652563951011,6.355524983075961,6.074102451028881,0.375541431374695,2.3010693380564637,3.7099555027462356,2.140464434015708,3.6125868450045124,1000,3.136119027985372,7.4045059751193,4.163182711524864,0.42139027574517346,2.428212261263879,4.044481435285283,2.310194087524832,3.9620439684459123,1000
708,2.941083050188657,1.389734735890205,118.58809106065875,0.9928627925244295,0.04910624281724382,3.422112929589577,0.9950719768407752,4.887094123536539,1000,2.4439061624474956,2.619260282310603,28.836077996725933,0.873110479109774,0.13079558570679697,3.284309556200471,0.7326096233923385,4.1552027015026525,1000
709,1.8701943413858364,4.120023477079484,21.91859961496854,0.3343548300435682,1.4051422430675384,2.6043837460605013,1.2148588745004427,2.52552980827123,1000,1.58760503674828,2.102031083395398,42.670636718047426,0.4338980396733834,1.162210589651178,2.7247060895771362,0.7371648789884484,2.4380451945081116,1000
710,1.4849692598113138,6.869425061768677,15.930007543908633,0.6226400528377275,0.5686506908813966,2.8266752646021223,0.264594756249368,2.7053437633732598,1000,1.1242562506480915,5.4505028080519065,16.535082111074438,0.5815644025874839,0.3802225554918836,2.5536067947933403,-0.015609978423376747,2.2641224797195596,1000
711,0.9579288903683136,8.9916191853747,9.987787755368233,0.37841709303445137,0.2814970305997359,1.7689803543951055,0.216231388020789,1.6996263927158384,1000,0.9192070560592689,11.908664509852015,4.7978433708100745,0.43465789243641345,0.12967817062060724,1.7774097635767485,0.06727758688389851,1.7711365252346392,1000
712,-0.7950947641346824,1.5750623270100101,140.8813008693046,1.3121160058431487,-1.5881171644473335,2.574869460854998,-3.366842135587254,1.7766526073178892,1000,1.2146255933324634,7.0100916173202155,8.80447929190062,0.9619547665072817,-0.46630288286590393,2.8465848038408827,-0.6708057490218087,3.1000569356867356,1000
713,0.22875521837417745,2.387908703040314,61.63421230894565,1.0214464111222388,-0.7374852738872859,2.3392407865247917,-1.7732797474254105,2.2307901841737654,1000,1.226365340213396,8.241375855387732,9.538029332524067,0.5614001853830417,0.30961149219072176,2.416010033617683,0.12602097686263436,2.3267097035641577,1000
714,-0.7614526886144248,1.1093588906236127,941.6902728982278,1.2555825388129933,-1.2122707247860594,3.0723791484334364,-3.2223944646878917,1.699489087459042,1000,1.8792433614205102,7.702989963931929,12.81151857925975,0.5720980344592083,0.9576333172623648,3.1685067687076285,0.7579312138804619,3.0005555089605584,1000
715,1.4408937059874658,5.472255997346656,21.365006469856915,0.48125748179945976,0.535220532778887,2.3992430114077288,0.4976290416605247,2.384158370314407,1000,1.6548682221795041,10.450863183303925,8.887854611703505,0.40656933970668696,0.8909059554441615,2.5219184055856387,0.8579923163543977,2.4517441280046106,1000
716,1.3839223818600366,3.297198785495554,27.570131780547012,1.0015421461259144,0.10908060021431779,3.6942241388933446,-0.5791002245467556,3.346944988266829,1000,1.5707313682089712,4.767755582837876,11.00571576676927,0.8473953845445403,0.326535332890516,3.529545250098148,-0.09016358549832781,3.23162632191627,1000
717,2.2217254843520484,10.147038502043795,7.034124351570532,0.268009734528237,1.673699405505489,2.7294658207173597,1.696426404676704,2.747024564027393,1000,1.9697143705796047,12.507030328903385,4.465843242632176,0.26636664356039647,1.4668242453658937,2.5164506236275725,1.4476357492012277,2.4917929919579818,1000
718,2.5425057221356995,2.1723455237424174,52.91780620077711,0.46772102650448294,1.9147282335044578,3.830516912395164,1.625772510186913,3.4592389340844862,1000,2.423095661276034,5.106543621036333,13.985970573245174,0.6174668065548701,1.0801129621807357,3.4941854790937965,1.2128607204284887,3.6333306021235794,1000
719,0.5656299822414232,1.214964292931755,230.90330616371565,0.7173449639693349,0.17888554476960755,2.4189112870245784,-0.8403661471384731,1.9716261116213196,1000,1.3158687263264786,4.340361594894649,18.494637456056044,0.48223648364348465,0.7474472244415186,2.5300578102888953,0.3706852183852487,2.2610522342677086,1000
720,1.66689764361233,7.385302238172287,11.39326101470704,0.4642596827501366,0.6951257221399864,2.5171515793342225,0.7569486654220622,2.5768466218025976,1000,1.6881554416451845,10.915669104268993,5.774131774976849,0.46176181446963815,0.7294436027981197,2.5799338933487075,0.7831022852846937,2.5932085980056754,1000
721,1.730252855735026,4.0319813369190065,19.586718606055484,0.6775613194812372,0.6166355391995157,3.136706573612215,0.40223266955180126,3.058273041918251,1000,1.86505067983376,5.269093313474463,11.782385095290016,0.6183829972552123,1.1696425952714296,3.610899626136892,0.653020005213544,3.077081354453976,1000
722,0.016300639643979764,6.904043626276913,16.82467704231309,1.0878575432474666,-1.84364854523604,1.9805160020614367,-2.1159001451210546,2.148501424409014,1000,0.8090671301109849,13.536630209985658,5.129266963845821,0.6115247267302648,-0.45032633180199694,1.9521927847088765,-0.3895213342803341,2.007655594502304,1000
723,0.37238377140501777,2.951176889753422,46.65064447629458,0.9491068120366369,-0.9331831061367811,2.106802034987042,-1.4878655801867906,2.232633122996826,1000,1.2205634411488218,3.9870293899038765,22.6935542622327,0.5628119885917804,0.004775562928316295,2.1192925649591294,0.11745194350893229,2.3236749387887112,1000
724,0.7906742773465183,7.632161419907577,16.087090004901114,0.49660928803192705,-0.07272369766535605,1.9758058238123735,-0.18267992719605874,1.7640284818890954,1000,1.3299023470696105,10.752114939665907,8.617648519886783,0.4122495906046233,0.674998347900306,2.2161435283111475,0.5218931494845489,2.1379115446546724,1000
725,1.967389380897353,16.141038321961933,4.501074192007765,0.3397851550490264,1.3189757280127254,2.6190788771046134,1.3014104770012613,2.6333682847934448,1000,1.4712861988872667,16.611596037413577,3.3307305846967017,0.4274521533933648,0.6382606792028029,2.269055755108,0.6334799782362718,2.3090924195382616,1000
726,0.9314659360771969,3.378894304499201,27.650701800670728,0.6662124687397585,0.09842169192824796,2.54415573451005,-0.3743105026527298,2.2372423748071233,1000,0.900988801683718,3.0327951832771145,31.290240487806248,0.6765462618549034,0.15723938160209894,2.759345665831287,-0.42504187155189266,2.2270194749193286,1000
727,2.107141552950252,7.479012681295809,11.501698010164075,0.3557326244173176,1.3866046426594942,2.840584697710955,1.4099056090923097,2.8043774968081947,1000,1.8320522182873,8.101159763830967,10.350649543287258,0.46401962354193976,1.0795385750194075,2.8778123443445907,0.9225737561450981,2.741530680429502,1000
728,-1.2996099456635646,2.185014169133153,81.9416629058864,1.5939036601519199,-2.514910211626784,2.4694168647472905,-4.423661119561327,1.8244412282341984,1000,0.6950175183331511,7.035183095621971,9.6761497117153,0.6684472430923867,-0.1961733668260729,2.395960545956818,-0.6151390781279269,2.005174114794229,1000
729,1.4416036059192665,4.983527904974659,19.940608646446115,0.3313931982517367,0.7310083662000701,1.9934005586491088,0.7920729373458626,2.0911342744926706,1000,1.4166690985048405,6.973164268871265,12.964079598096932,0.34012954735211276,0.7080015436493946,1.999853959706509,0.7500151856946995,2.0833230113149814,1000
730,-0.0655867351526278,1.9611326086151666,95.25213390434166,0.8123579413597221,-0.7320849105872105,2.1916898916819605,-1.657808300217683,1.5266348299124275,1000,0.8409280849180889,6.730814992052707,12.306982189339024,0.5624560873727665,-0.04601978606996248,2.1941008224685055,-0.2614858463325336,1.9433420161687114,1000
731,1.3426209618750264,5.764018284464504,19.38878506125528,0.42470829838460983,0.7354124295330332,2.429359573326283,0.5101926970411912,2.175049226708862,1000,1.2878790493023788,7.014208112166659,13.017976904270334,0.5004601186176557,0.6390504379365022,2.539763074601313,0.3069772168117737,2.268780881792984,1000
732,1.0696927010851427,1.4297044879319594,183.23242023557685,0.5541537783982691,0.5122182150629918,2.4796977189140663,-0.016448704575464657,2.15583410674575,1000,1.9289057589120944,7.2035443446062555,7.8428560143365775,0.3487724111220802,1.1929285853187297,2.555677590258204,1.2453118331128172,2.6124996847113717,1000
733,0.6315480699559566,3.09308440129807,48.56630997484986,0.6030467202939246,-0.15083502236355667,1.992450723577801,-0.5504235018201356,1.8135196417320487,1000,1.46152617806626,11.27683953039841,7.2867747944292836,0.38384540394189554,0.7516011335162032,2.2714885695217295,0.7091891863401448,2.213863169792375,1000
734,1.6181864375907935,2.632667441218862,48.33001438419069,0.27518510139510494,1.1546115943591904,2.2752662139203115,1.0788236388563879,2.157549236325199,1000,1.5813525001763709,5.340286459793407,13.233694051682212,0.28993897325095086,1.0086352694218526,2.1377510525376824,1.0130721126045072,2.1496328877482345,1000
735,2.624142216232999,4.355659244597526,17.192532776390983,0.4930900802046297,1.9064930008070824,3.694993838139354,1.6576856590319249,3.590598773434073,1000,2.8198775474256825,7.37639729606599,7.72937609457589,0.5841219768181931,1.8752292191986701,4.08845355540988,1.674998472862024,3.9647566219893413,1000
736,1.5302303633925458,3.4869537902547694,28.817374835671213,0.7451489408920818,0.1232953285974049,2.803970628712472,0.06973843924406542,2.9907222875410264,1000,1.5298806249523342,3.9310487425031706,18.334760927338035,0.7286303697221739,0.20010405141037943,2.790847695818665,0.10176510029687336,2.957996149607795,1000
737,2.24886459839657,6.33483943253482,11.010149147288718,0.4303803243756454,1.5225927060000308,3.160771240467215,1.4053191626203048,3.092410034172835,1000,2.1663799524391325,6.085789014056383,10.981756465575756,0.3928290254708211,1.514586572431954,3.0322451339861356,1.396435062516323,2.936324842361942,1000
738,2.3715600652800655,5.203728455873032,8.764516932636266,0.35161471805485883,1.6215830346722189,2.965683245342926,1.6823952178925423,3.0607249126675886,1000,2.2851367801437803,6.137970184463789,4.193749254468573,0.3610090947356712,1.540573064208908,2.892317485935595,1.5775589544618647,2.9927146058256957,1000
739,1.7843574035800844,5.537272477582976,20.99383791740988,0.29199830887951095,1.2458116417272067,2.420627229855511,1.212040718176243,2.356674088983926,1000,1.8766297718887923,10.669643672820646,7.747834789837469,0.2995716421129081,1.2475657150658674,2.4280935065082057,1.2894693533474926,2.463790190430092,1000
740,-1.4873288866802943,1.6463210789111822,154.93125379242434,1.871607885125952,-2.5320206008403834,2.980847729062473,-5.155680341527161,2.1810225681665716,1000,2.1113381118749137,8.386338410351758,8.57764595185268,0.4847474153100743,1.3158756114780228,3.128237620249211,1.161233177867168,3.061443045882659,1000
741,0.7370258799449223,1.6364798293727807,192.1668488733425,0.9817072821867757,-1.2183338701806772,2.648757796030261,-1.187120393141158,2.6611721530310026,1000,0.3349013408356427,3.5285133048499353,29.133408568409354,0.9249106363870683,-0.71385965469211,2.7420450136645935,-1.477923506483011,2.147726188154296,1000
742,1.543814625984818,2.103440149227262,51.882771946258416,0.59609867140701,0.9868362526829729,3.167454957156403,0.3754612300270783,2.7121680219425577,1000,1.6644207607948038,2.9911989303229003,36.29607417600357,0.5540647605749188,1.0400764336129735,3.294728005957472,0.5784538300679629,2.7503876915216448,1000
743,1.6437313856694986,3.5314668782914285,8.438409446013292,0.7030790270848977,0.34391194689461335,2.9338822924987182,0.26569649258309913,3.021766278755898,1000,1.6083788169734383,3.2567263123404113,9.384690020040132,0.7054169950997253,0.3654337687820441,2.944985444316099,0.22576150657797678,2.9909961273689,1000
744,0.24202475568324555,2.31915242903873,117.61955265733043,1.2588967999405216,-1.0750483875220582,3.2574249207780563,-2.2254129722001768,2.709462483566668,1000,1.9431181349473658,10.728182191374414,4.140993992018423,0.5099584689880381,1.1316328884119573,3.176398011813309,0.9435995357308112,2.9426367341639206,1000
745,1.0223070107077423,3.6104983793742687,28.03262866181273,0.6359029956078384,0.4506301401193002,3.17124794219484,-0.2240628606836208,2.2686768820991055,1000,1.5844287608383762,6.234604422541038,10.76608205663615,0.6129983193493731,0.813950324216581,3.3981633344237876,0.38295205491360496,2.7859054667631478,1000
746,2.3058387172275463,3.700557976125401,29.07721186107979,0.38340949346275854,1.7274600456649989,3.1732136469269103,1.5543561100405396,3.057321324414553,1000,2.1299617729266798,6.922517251650596,13.383794784432723,0.48349586058510463,1.0826247248871597,3.07855826419051,1.1823098861798749,3.0776136596734847,1000
747,2.4894350440426862,4.616331800551811,14.358596111969694,0.4292189010503425,1.4950590764133849,3.2124104019408324,1.648165997984015,3.3307040901013574,1000,2.5586261025136983,5.796718043113972,6.423713119374107,0.5269198434288076,1.279543716980359,3.257186830630502,1.5258632093932354,3.591388995634161,1000
748,0.1637058868774952,1.2564131467829638,159.9670568630138,0.8720439525671015,-0.29250894218017953,2.4453149202684124,-1.5455002601540238,1.8729120339090142,1000,1.3817130850145425,2.599091783797957,29.493175883099394,0.4931484132651097,0.7740734979038365,2.8763620253762747,0.41514219501492744,2.3482839750141578,1000
749,0.38223823302996784,1.486847872551295,114.44253259820815,0.7112664855668462,-0.08919045034417904,2.232981606384075,-1.0118440786810508,1.7763205447409864,1000,0.8217590410215427,4.061908954211541,24.751509038154047,0.5860931625949511,0.043913643556877935,2.198480063113842,-0.32698355766456144,1.970501639707647,1000
750,0.01055704953108183,2.3703390295072992,50.65442234125631,0.8107327507454711,-0.5871631436483911,2.229668425117937,-1.5784791419300415,1.5995932409922051,1000,-0.09747565654590051,1.9529911032844394,56.03736710472042,0.8282189923409491,-0.5732650999693832,2.235278860804357,-1.7207848815341606,1.5258335684423596,1000
751,2.4781764451563815,3.47478314414942,26.046107091439833,0.5192475168819362,0.914940682310093,3.1334705419510738,1.4604513120677867,3.4959015782449763,1000,2.076102594080308,5.6946878272908315,10.450288597565773,0.518052136829852,0.892834977048374,2.958171764691107,1.0607204058937985,3.091484782266818,1000
752,1.522790516190147,5.7647127194483225,22.175916966372405,0.429107422700836,0.7640647918236995,2.3886242814044656,0.6817399676965084,2.3638410646837853,1000,1.6764303518626225,9.785489254171384,7.194871718055392,0.31423645640012327,1.0953113626528432,2.3314734644471553,1.0605268973183808,2.292333806406864,1000
753,0.5362987985940832,2.872737199782989,60.22327926807545,0.6509727198467121,-0.13642615251628468,2.4724198283514696,-0.7396077323054724,1.8122053294936389,1000,1.4052765968993235,9.884882678050461,9.67283941463146,0.5171550756495735,0.6722928707313885,2.639757459378188,0.39165264862615934,2.4189005451724874,1000
754,1.0954090878586937,1.7772040964542324,52.25171554210868,0.7405442357153609,0.6164968618294058,3.4946599832856404,-0.3560576141434135,2.5468757898608008,1000,1.0836451283694104,1.7421521206519581,51.127473871086025,0.8261312737904257,0.7114393648832856,3.855048914416363,-0.535572168259824,2.702862424998645,1000
755,1.8075630326577612,5.354893423376247,14.230990025856128,0.8384301003792469,0.05594605131661251,3.3579557450280775,0.16424003591443714,3.4508860294010852,1000,1.317693129386071,6.012276073697143,12.033175660021959,0.8108453945712284,0.01583878142962916,3.181425066902885,-0.2715638439735366,2.9069501027456788,1000
756,1.3944939924127815,5.341840172228947,29.070627621499003,0.6889102422224057,0.28396654063884774,2.8792735103146327,0.04422991765686635,2.7447580671686964,1000,0.0600093504542194,5.614501461113799,17.751942762834894,0.7144939580389694,-1.096949699528635,2.1574296612227903,-1.3403988073021607,1.4604175082105995,1000
757,1.1363988616053788,5.514572618194515,18.34208621157581,0.4061408335939121,0.3377745009504549,1.870035651592624,0.3403628277613111,1.9324348954494466,1000,1.0982768739333668,7.756755745808555,8.717534894386262,0.3697172332560744,0.36212212590978393,1.8316646338855065,0.373631096751461,1.8229226511152725,1000
758,1.3146305003633545,10.26404697601047,7.796811635050688,0.29368061913082183,0.7439768933317716,1.8793547300371765,0.7390164868669438,1.8902445138597652,1000,1.251214585986666,12.196337266080286,5.736478937361733,0.33884511749670204,0.6274799255129564,1.9355281757541185,0.5870781556931299,1.9153510162802019,1000
759,2.006267512572845,5.354159034333053,20.599198559288183,0.3533475445137797,1.326545530761676,2.6584921484623556,1.3137063253258368,2.698828699819853,1000,1.7961596012259884,8.431429572749288,9.014488703866217,0.3565850017148108,1.1868505517715564,2.553026829119575,1.0972529978649592,2.4950662045870176,1000
760,1.6528065991674166,7.344691947804136,11.553340726163125,0.465866554033263,0.8446198063507676,2.63791071032536,0.7397081532622212,2.565905045072612,1000,1.5099679673827282,10.90167833250441,5.487174340772953,0.47452327085994767,0.6849447751983533,2.638102992109157,0.5799023564972308,2.440033578268226,1000
761,1.4804701353830376,8.340342488010878,9.125384526816646,0.3475163954202928,0.8453990045416973,2.2442571673929006,0.7993380003592638,2.1616022704068114,1000,1.4982610685578361,9.868592598614986,6.652177587413241,0.3457200563791454,0.8487203345527781,2.2672916911721193,0.8206497580547112,2.1758723790609613,1000
762,0.6858572161225966,6.51499060774726,14.063756811904048,1.336507196694692,-1.6153334344497183,3.0034077620766686,-1.9336968893989996,3.305411321644193,1000,-1.6689437467141595,1.7402823467637654,68.63007163187478,1.7069626881648696,-2.664081725922074,2.590847299750541,-5.014590615517304,1.676703122088985,1000
763,1.9576863483472722,7.079104658675702,13.08144033637956,0.5590174883517883,0.8903682406198843,3.0966131650825637,0.862012071177767,3.0533606255167776,1000,2.0388448215689934,9.597174042661958,7.008949427116896,0.48624405573761753,1.1133127350802134,3.0357773184703682,1.085806472323263,2.9918831708147238,1000
764,2.752922199912268,1.87911557290758,16.051848642118376,0.47287735188964775,1.4880645914483628,3.266504836919184,1.8260825902085585,3.6797618096159774,1000,2.9520970488085765,1.786033539215986,7.633329037071663,0.5802321874250609,1.1543839771375495,3.5597546389809143,1.8148419614554572,4.089352136161696,1000
765,2.170735043023103,8.377682519936892,8.693133367594685,0.2841197704700971,1.5598113893039012,2.6704724745179376,1.6138602929017125,2.7276097931444934,1000,2.0547733957867536,8.50101859415556,7.654391673771504,0.2803453080266131,1.5047561899829183,2.5960275795752987,1.505296592054592,2.604250199518915,1000
766,1.192712291725479,4.46378877897875,23.6482223217085,0.44443158474517924,0.35666099843245513,2.0517914617772925,0.32162638562492785,2.0637981978260305,1000,1.2045774812350252,6.674977248218565,9.777451280238195,0.36310280019803837,0.5184909665902501,1.8922742628705895,0.49289599284687,1.9162589696231804,1000
767,1.7354029023435957,7.878381648207764,8.725194710769555,0.3374012171873969,0.9797456723672612,2.333381581082222,1.0740965166562977,2.396709288030894,1000,1.4563875727603688,9.381570418146499,6.870476772738564,0.44772326274011587,0.5135703761609864,2.317005694813646,0.5788499777897417,2.333925167730996,1000
768,2.029004334259634,8.069914332824416,9.304700676445023,0.6271011146336855,0.7698115386614046,3.153365198711576,0.7998861495776104,3.258122518941657,1000,1.9510689162214048,6.814656086507006,12.828739058085334,0.7328855332752908,0.6190814567949596,3.2915613136987067,0.5146132710018347,3.3875245614409746,1000
769,1.9982633134614,3.888680315482853,27.445150243048236,0.5174404532697895,1.097153784674056,2.977380787517836,0.9840800250526127,3.012446601870187,1000,2.1284432287481767,6.974266454335188,12.678661285800374,0.43096069317219815,1.24250305666242,2.865098596558308,1.2837602701306685,2.973126187365685,1000
770,0.5751382900611683,2.2451052551520045,96.75273325881967,0.9535802124605871,-0.4756067782372613,2.793621781465875,-1.2938789263615824,2.444155506483919,1000,1.2755442819297325,2.6912794112958283,36.58690520810133,0.7936061969279483,0.21095993857082967,3.241570220687552,-0.27992386404904623,2.831012427908511,1000
771,2.4723009026291756,4.750309805484476,19.6741217404304,0.5000168489541016,1.3899115476680561,3.302766857006943,1.4922678786791366,3.4523339265792146,1000,2.2536257842643863,6.659302529913617,9.429054936912467,0.5032158570135282,1.3765443745736667,3.294219807204055,1.267322704517871,3.239928864010902,1000
772,1.6420382457001033,7.100128500854164,7.003036880157217,0.5378148054557185,0.6377069157248317,2.7048560157328407,0.587921227006895,2.6961552643933118,1000,1.6228158859991502,7.14155618675135,6.500584357953999,0.5891331045014586,0.5418293038330388,2.8320327884567496,0.46811500117629135,2.777516770822009,1000
773,1.5339687014048207,5.952938460449787,21.990532262613264,0.34795408310647274,0.8457943018388564,2.168020820808488,0.8519786985161341,2.215958704293507,1000,1.5540692150066326,13.997051413777193,4.989817219532078,0.3123527653740279,0.9810607510763505,2.1649696479937135,0.9418577948735379,2.1662806351397275,1000
774,1.4374754324033066,4.760939520708611,15.81380100708362,0.7454928063273224,0.3586123597387513,3.084218715462501,-0.023690467998245257,2.8986413328048584,1000,1.6548891963381922,5.82972313245646,11.414111833656568,0.6706070634471488,0.6129849053839762,3.056518118707277,0.3404993519817805,2.969279040694604,1000
775,0.6656773944621364,3.873974203635285,29.6235580055658,0.46009052594808403,-0.0512189598983446,1.7368242858440825,-0.23610003639610833,1.567454825320381,1000,1.0382474496177356,9.24232024983685,10.269154851677964,0.3873485961961559,0.3991382309043211,1.9117574188698376,0.2790442010732701,1.7974506981622012,1000
776,1.732927060656811,3.990433637029809,20.02171236399293,0.36302159089795644,1.0540571672703551,2.536362668861311,1.0214047424968165,2.4444493788168056,1000,1.7296594202308166,5.728521215042162,11.988843603024774,0.36843834555508087,1.0228381548937748,2.473603670075143,1.0075202629428581,2.451798577518775,1000
777,1.023866470698902,3.0351150847291075,33.382038249322044,0.7309596264958261,0.23131927737461874,2.9333244891816,-0.40881439723291724,2.4565473386307213,1000,1.7546260675184286,5.1517120235860485,11.430145654302297,0.5751944685213947,0.8238971450496609,3.162281112275165,0.6272449092164951,2.882007225820362,1000
778,1.6507658461995849,4.440369060725182,26.038070499479318,0.37460419832941655,0.9002304929483175,2.3965965147585546,0.9165416174739285,2.3849900749252413,1000,1.4437938554799192,7.765993763321918,9.88476023250579,0.5073742746052227,0.5634015691699662,2.4868225817271634,0.44934027725368286,2.4382474337061555,1000
779,1.514657692194672,9.654716443542364,2.6964201171311184,0.5482657429438431,0.40267716990657887,2.518015140080569,0.44005683602473944,2.5892585483646045,1000,1.2308313390884478,9.617498714213887,2.162227106019427,0.6845093281447063,0.0539325359534449,2.7556735067967257,-0.11080694407517666,2.572469622252072,1000
780,-0.9132468913420788,1.163298678256298,324.2394169926327,1.0998162678964574,-1.3208808398903233,2.000832368754963,-3.068886776419135,1.2423929937349776,1000,1.2234479112736967,7.9836689757618595,7.971979648851634,0.37854652444263837,0.7479489705302086,2.2539446826399363,0.4814967233661255,1.9653990991812678,1000
781,0.9434992275784055,2.390980943198347,64.18133758805502,0.5246229706049692,0.35909028095819134,2.2988534758635235,-0.08476179480733403,1.9717602499641451,1000,1.9510571825276697,4.202251076979015,15.525675391665818,0.46819273317232923,1.2548632409866092,3.2009704508371297,1.0333994255099044,2.868714939545435,1000
782,2.1016518617543847,4.881320588900751,12.434855261504518,0.3696918784547916,1.544195347220102,2.975570022469449,1.3770557799829932,2.826247943525776,1000,2.0858969546485815,6.602236426738245,8.421117327682051,0.38366014855104397,1.463170396370681,2.9958770873565963,1.3339230634885353,2.8378708458086277,1000
783,1.266522506554316,5.252535507727054,18.205920317012314,0.4555763663362201,0.5658495871675093,2.418415563236913,0.3735928285353246,2.1594521845733072,1000,1.3982334275690134,6.416371626211823,11.167108953519262,0.45828785227333363,0.6120509679333977,2.455644861327069,0.49998923711327947,2.2964776180247473,1000
784,2.949385560488502,1.5025501063948972,60.83092153933015,0.70222060183276,1.0764544658087136,3.561104796055479,1.5730331808962925,4.325737940080712,1000,2.722424247444412,2.2733357535021765,24.38639745554787,0.6333959353311388,1.1622502867338098,3.470964969833961,1.4809682141953797,3.963880280693444,1000
785,1.8635444942800803,7.722136637792884,6.300459757476972,0.4852873562158893,1.163859619786471,3.1278702294830114,0.9123812760969373,2.8147077124632234,1000,1.8383838621471382,7.0805710171099,6.911772300412722,0.49877880203566216,1.1517268309101953,3.1966605781473874,0.8607774101572404,2.815990314137036,1000
786,1.5379047542432942,10.84910058035177,8.469429456966393,0.3766685572534539,0.8430012576132031,2.254182747955952,0.7996343820265246,2.276175126460064,1000,1.5707160568319711,11.88996559460767,5.157630734560453,0.33225952909906176,0.9646613552077553,2.210955973225844,0.9194873797978101,2.221944733866132,1000
787,1.4962638360853602,4.652268593123525,17.424131724701876,0.5992368033150575,-0.006897602063137712,2.315057999585638,0.3217597015878475,2.670767970582873,1000,1.3464962517420207,6.6113591858003256,10.089948173052,0.5629675282382197,0.0033196293819057984,2.2184616862050293,0.24307989639511018,2.4499126070889314,1000
788,1.1242667583976882,1.4441831969564365,82.97103895164963,0.4298169221465462,0.6526702008333869,2.413790615662878,0.2818255909904577,1.9667079258049187,1000,1.2586481928091744,2.607659808174475,29.0034524254862,0.43717810174699556,0.7098475036931404,2.538369029426022,0.4017791133850631,2.115517272233286,1000
789,1.0656074268546374,5.642991903640205,22.69054728271568,0.3088806160895209,0.4415195808743128,1.6695943145364698,0.46020141931917646,1.6710134343900984,1000,1.036420854104032,9.804457224732259,9.039078170668391,0.30453772412420255,0.44904322471683794,1.6046132756050846,0.439526914820595,1.633314793387469,1000
790,0.862387878031075,2.952139418530343,24.319282798094473,0.40887154025025324,0.3743658708620948,2.0201637121543614,0.06099965914057859,1.6637760969215714,1000,0.9565166088463628,3.167623504334577,24.944178389101403,0.3894445099080368,0.3945140092535535,1.895386398859829,0.1932053694266107,1.719827848266115,1000
791,1.6085921232192082,4.371865059911455,33.63334363504512,0.48944332687055725,0.8572414207199026,2.692398270138435,0.649283202552916,2.5679010438855006,1000,1.84850689541957,8.564208936852243,9.422441179510832,0.43005669493127946,0.9938047868902328,2.683066028204693,1.0055957733542624,2.6914180174848776,1000
792,1.7068975197398986,6.909666126127002,11.253955405711116,0.2768723530602217,1.1558567692059516,2.2540418626365524,1.1642277077418641,2.249567331737933,1000,1.5705558106528055,9.078275528933212,6.939897911808445,0.29811853221738643,1.0738919760497234,2.1852327871183745,0.9862434875067281,2.1548681337988826,1000
793,2.56357367796994,4.70081256396683,15.167621430106497,0.41198752816482365,1.6455260605190674,3.405766093578194,1.7560781227668856,3.3710692331729946,1000,2.527473867257759,5.649782863016935,11.67471601076346,0.4446874231653727,1.4577216720432131,3.349616342633654,1.6558865178536286,3.3990612166618894,1000
794,2.357289475146442,10.286727108544143,4.949375553051234,0.49355742231188127,1.3338637484008586,3.3045242807887036,1.3899169274151548,3.324662022877729,1000,2.437877995237593,11.287418189093666,4.27090815646207,0.4894461319053618,1.3713456600599963,3.34954298902675,1.478563576703084,3.3971924137721023,1000
795,1.4900677717661672,8.01041648230207,15.375404110341046,0.3450855675551078,0.8842105357520832,2.2160931917383,0.813700059358156,2.1664354841741784,1000,1.64075401059341,12.661081188217562,4.323478093076889,0.3201748207612982,1.0419913833271817,2.274798842978137,1.0132113619012655,2.2682966592855545,1000
796,1.219837223000983,4.85258697883027,24.48643285439965,0.8392323006384101,-0.05747117055117521,2.9900524482858204,-0.42505808625030084,2.864732532252267,1000,0.8247097170818627,3.7942772895678694,32.033983247129996,0.830597432246721,-0.1645265488341655,2.9388010581371495,-0.8032612501217105,2.452680684285436,1000
797,0.8676939693814489,2.825806612662846,51.386625594353305,0.7875648740117318,-0.0015918152081827877,2.785782071882434,-0.6759331836815454,2.411321122444443,1000,1.5382623870317942,8.172690638446255,11.524760892594855,0.47630993003231725,0.7746255366435085,2.667897379834268,0.6046949241684524,2.471829849895136,1000
798,1.87497137942036,5.278094780730726,14.005292039274213,0.4573193520833559,1.2259835436008948,2.98551655474224,0.9786254493369825,2.7713173095037376,1000,1.6047762961168406,8.578359662003072,8.286749775746717,0.8075956796457953,-0.35445049630819203,3.1431782861880513,0.021888764011081863,3.1876638282225995,1000
799,2.2098617666179567,9.746295928224738,7.6221609420412495,0.30515410590046677,1.6443920414666422,2.8475411195891014,1.611759719053042,2.8079638141828713,1000,2.1416588138033408,10.393596104408195,6.655303660371099,0.29485128906039326,1.5724885352379834,2.7405337461037234,1.56375028724497,2.7195673403617118,1000
800,1.3708502673421075,9.680898225095323,8.50863191286431,0.5206473590389296,0.5488948671816476,2.5832203152384134,0.3503814436258055,2.3913190910584095,1000,1.54101455563644,12.717336529428604,4.577070483057016,0.38835217665242944,0.894456618445178,2.4168653050451305,0.7798442893976784,2.3021848218752017,1000
801,1.6419501302201933,5.59139831640507,10.89879611106118,0.4309910200677752,0.9833015773885272,2.5753276472680615,0.797207730887354,2.4866925295530327,1000,1.457032025218175,5.152401680581261,9.38660319139023,0.3934704100271041,0.9597549910913814,2.477854604973999,0.685830021565051,2.2282340288712987,1000
802,0.9310377946952788,4.5892211092673625,22.51710220606653,0.6334604098796853,0.24749202514090557,3.180946323203246,-0.3105446086689043,2.172620198059462,1000,1.0672565556890583,6.048195626968229,11.62690012352528,0.6841348058827937,0.18826128055488628,3.305022916038809,-0.2736476638412173,2.4081607752193337,1000
803,0.6634227193716056,2.296045919668749,42.39088152642336,0.5844175761623801,0.10376779329078625,2.3665870678703462,-0.4820357299066593,1.8088811686498705,1000,0.9468986902664795,4.799242060445508,14.04696661656816,0.4908993116549316,0.23298613287310763,2.1693122035190426,-0.015263960577186375,1.9090613411101454,1000
804,0.17992495465565295,3.3695970024468074,34.59236622941846,1.021888392218047,-1.1474355294901741,3.129001022993283,-1.8229762940917191,2.182826203403025,1000,1.3006026271256887,8.493483756378282,7.165695489423731,0.6586894309866764,0.4835444697827361,3.0429780135974247,0.009571342391802906,2.5916339118595744,1000
805,1.9306737964265446,10.206071040017555,5.63254507730618,0.6147753348826099,0.7436742720339133,3.080041099742021,0.7257141400566292,3.13563345279646,1000,2.104904204041363,8.933946077339034,7.377748705844374,0.4636618706948392,1.3756520926866949,3.13668729378052,1.196126937479478,3.0136814706032475,1000
806,2.038222687539813,2.3775466017526172,32.805493863007385,0.9828369060784267,1.1124377110362393,4.5069358462057485,0.11186235162609659,3.964583023453529,1000,2.4234450797846954,3.664724798177211,12.393173774441967,0.9476172109834773,1.1336329322126282,4.49872762476732,0.5661153462570798,4.280774813312311,1000
807,1.0252832574917927,3.099053487530965,9.700381772949859,0.5908513532130006,0.3565367882020893,2.739989350021388,-0.13278539480568852,2.183351909789274,1000,0.9850418590168974,2.850985780826829,10.874349423301368,0.5924166607415233,0.3700281509505041,2.762415414611765,-0.17609479603648825,2.146178514070283,1000
808,1.711304135884857,8.618065758452191,7.367962023533222,0.38751114237698486,1.0612603346074219,2.6029132622324216,0.9517822968259667,2.4708259749437476,1000,1.7808924486376398,10.14651727716667,5.409572245790501,0.3777807608863774,1.1438326844077482,2.611367421846771,1.0404421573003402,2.5213427399749397,1000
809,-2.2249777797772956,1.2978894279957622,182.00663832176517,2.119613319775041,-2.9787528119096494,3.0373095554329543,-6.379419886536375,1.9294643269817846,1000,1.76970242030115,9.015827582371033,6.935938197474027,0.5759924397741945,0.6111293334089236,2.8735672100713416,0.6407572383437288,2.8986476022585714,1000
810,1.2753111799190218,8.338725952937681,10.492228164423924,0.456070723291304,0.4091401245259984,2.194130173857875,0.38141256226806597,2.1692097975699776,1000,0.8233940835476243,3.1034214958314683,42.37498468948736,0.46859299015630684,0.29648586577354596,2.060208345873219,-0.09504817715873703,1.7418363442539857,1000
811,1.9003578258882041,9.898224044116933,8.149599719667098,0.4067929985738521,1.196893244122721,2.819399954568686,1.103043548683454,2.6976721030929545,1000,1.8096097453849658,11.21843972948173,4.435309879145467,0.44507383145536694,1.082858279412876,2.8140373576043154,0.9372650357324466,2.681954455037485,1000
812,1.0527946937637025,5.714425242918413,10.91641656244598,0.5804390226196291,0.09116321484423723,2.401060196407847,-0.0848657905707706,2.1904551780981754,1000,0.9436991321861181,4.9316400746341715,11.283567989860197,0.5576905036581886,0.17094273466857043,2.3808872383858635,-0.14937425498393164,2.036772519356168,1000
813,-0.1657625156811271,4.360061310688178,16.161461006696847,1.2984280202844527,-1.9253658004789682,3.036310686954058,-2.710681435438654,2.3791564040764,1000,0.47875064483422936,4.751602566862596,13.407637303240309,0.9759317430805244,-0.9873605738639967,2.9044391833030696,-1.4340755716035984,2.391576861272057,1000
814,-0.09761674374565965,2.0212071841282135,79.26625884660751,1.0788052505188688,-0.8410796091073433,2.5519353885838982,-2.2120750347626426,2.0168415472713233,1000,1.183691552338734,9.962461079108946,9.74652635294659,0.5258740549417232,0.5022251759601375,2.544644688694801,0.1529784046529563,2.2144047000245113,1000
815,-0.16640364575945155,1.1727225068528302,258.44700309415794,0.8352881072019683,-0.5622755461162751,2.0750490889111743,-1.8035683358753094,1.4707610443564063,1000,1.3148592463351707,10.376087712228765,4.592585737172313,0.3661073002358183,0.7199914681336439,2.111696376143637,0.5972889378729669,2.0324295547973747,1000
816,1.3855523723074152,3.18437994453851,44.43271682059726,0.5574071580562083,0.7222114606306004,2.9911876701601647,0.293034342517247,2.4780704020975834,1000,1.505037202287737,7.650736078346545,11.991530118580789,0.5193903679154224,0.7525082947721726,2.8167777232883258,0.48703208117350916,2.523042323401965,1000
817,0.6992288948265082,5.169324098397709,25.200218181630003,0.37252934816601857,0.0973452054205221,1.5259755971205053,-0.030928627578888146,1.4293864172319046,1000,1.142362525655177,7.893215217008292,10.18184798062496,0.39167588447294954,0.4670991781583463,1.923158216582103,0.37467779208819596,1.910047259222158,1000
818,1.5854155164109498,6.569638676413052,6.676649114987931,0.38874643917148555,0.8316074166431033,2.3179065942108132,0.8234724956348382,2.3473585371870613,1000,1.6826621201255016,7.765846089271867,5.002081720022086,0.4052738937574614,0.9747860552796358,2.5465976906451644,0.8883252883608773,2.476998951890126,1000
819,1.2883215899578722,7.691765112313019,12.62383760470233,0.45166844157233155,0.5900858504640002,2.4018235187297274,0.4030514444761023,2.173591735439642,1000,1.1859173092663138,7.267223494113534,12.457498029308665,0.4409857790043126,0.578834909309198,2.337603989822869,0.32158518241786116,2.0502494361147665,1000
820,2.555998968490365,2.6931067926173653,20.042651602475196,0.6489705853270986,1.198310079249616,3.647228966440988,1.2840166212492516,3.8279813157314786,1000,2.4507461413959537,3.1900210382188217,12.454841666752214,0.6056015532299898,1.3164770458829873,3.6026542580410235,1.2637670970651738,3.6377251857267336,1000
821,1.7550103190464865,3.7263080189382434,30.326116556556816,0.3774523608731653,1.0641608963952167,2.5137100033022794,1.0152036917350826,2.4948169463578904,1000,1.772132257907679,10.107231909976091,5.230437777987245,0.39690232301058836,1.0542717644944817,2.5563844534671882,0.9942037048069259,2.550060811008432,1000
822,0.9957766295181583,7.326337961334814,15.009012541336727,0.4955668000414578,0.19811467802410995,2.1416407974764913,0.024465701436900966,1.9670875575994156,1000,0.7808218350385054,11.513688716230735,7.592002579266002,0.8748374765695922,-1.6538006391332736,2.128958194139458,-0.9338596190378952,2.495503289114906,1000
823,0.873575595993672,2.659372717761366,77.63210468256082,0.4125983368970428,-0.04972107712108132,1.5878747030045661,0.06488285567546814,1.6822683363118758,1000,0.7906859463864926,10.241621103822041,10.412261033786386,0.4097253512150727,0.05518876195624825,1.604745814304012,-0.012375741995049871,1.593747634768035,1000
824,1.7021534398143119,2.9110910424728207,47.12799221997452,0.3107362818702492,1.1732345220463922,2.4366648645631264,1.0931103273486236,2.31119655228,1000,1.722680258366773,9.094490623509442,11.313468088571913,0.2830503703469035,1.197512819047901,2.3650906194110033,1.1679015324868423,2.277458984246704,1000
825,2.4238915724707404,5.912668198533538,10.877901544908285,0.5051181874250071,1.3650706387778553,3.2698706481732445,1.4338599251177264,3.4139232198237544,1000,2.386602131155839,6.018963263405225,10.679654326332065,0.49081325802674486,1.2918399014759427,3.1721965864490134,1.4246081454234192,3.3485961168882588,1000
826,-0.46562725390464754,1.1938065870933223,329.3449298682241,1.6090449786174852,-1.0137840690262452,3.522013305290914,-3.6193554119949183,2.688100904185623,1000,2.2169985035123267,3.069115242984464,23.620224481987563,0.949156282597908,0.1824059296807981,3.4580333500335008,0.3566521896204271,4.077344817404226,1000
827,1.5515370782722195,12.721662828841389,3.7191346802707725,0.5440823169506308,0.5365800864070047,2.760695143714073,0.4851357370489833,2.617938419495456,1000,1.5670566367828545,11.45004293473687,3.9456041347790425,0.528911427431194,0.6243260883663073,2.7948041939553563,0.5303902390177142,2.6037230345479947,1000
828,1.9379819633897777,3.0415079947936525,33.96742447886885,0.306078232317331,1.300576964399189,2.500561593697278,1.338068628047809,2.5378952987317467,1000,1.916510698683697,3.004873432445967,26.983746383608587,0.316080693920549,1.2106334273576675,2.497798201861216,1.296992538599421,2.536028858767973,1000
829,1.2442092120331418,6.396135850259836,20.73378286933821,0.4069815999872824,0.6108472977093319,2.1534506030000014,0.44652527605806835,2.0418931480082154,1000,1.2384308237133466,10.297039314152348,9.645775837507962,0.30442366041011143,0.7405174612407639,1.9268535120148862,0.6417604493095281,1.835101198117165,1000
830,2.0719361490154187,6.249444769471732,4.671738193391615,0.3284094807156892,1.3648874782681972,2.656766342440521,1.4282535668126677,2.7156187312181697,1000,1.8792755482715746,6.297437878498639,3.5035333910069726,0.39544149034360127,1.014604313757252,2.66142707759058,1.104210227198116,2.654340869345033,1000
831,2.261550406653842,7.756560420422378,7.794893444864369,0.3907108708757066,1.465764910910488,3.016048016838157,1.495757099737457,3.027343713570227,1000,2.029730607255302,9.500927825747098,3.4612542850853214,0.3984027876469796,1.339541107038968,2.938037445966272,1.2488611434672219,2.810600071043382,1000
832,0.8504317169348181,4.135074549540056,30.986432045987204,0.47872347309955454,0.23552492804218308,2.1209742535445857,-0.0878662903403088,1.788729724209945,1000,1.0958891133919066,7.81226738114723,13.304684755859212,0.39493510270264437,0.49913176877561627,2.0508125615645936,0.3218163120947237,1.8699619146890896,1000
833,1.1870859294853005,5.073271527324069,31.69307784258776,0.5412970333440972,0.23101368987413237,2.3202906908476257,0.12614374413086993,2.248028114839731,1000,1.1643448026086056,9.637739673209586,8.567254394103255,0.40970353299238194,0.4016788478499154,2.0619212474694453,0.361325877943537,1.9673637272736744,1000
834,-1.0230622955251034,4.407084210570039,33.66819463708819,1.7292210666475223,-3.9088525691398885,2.0263223312972656,-4.4123355861542475,2.36621099510404,1000,1.7902975210296157,8.729879316700769,11.232790240840268,0.42088390738986153,0.9817438182369476,2.612219692765809,0.9653650625454872,2.615229979513744,1000
835,1.538793189438473,9.844618501084806,6.421381646861185,0.30144975925709433,0.9351283950201122,2.1478592743116964,0.9479516612945681,2.1296347175823778,1000,1.5515881984836009,7.938849258877789,11.565128298027917,0.3104805210940845,0.9982125556846015,2.218168432214409,0.9430463771391951,2.1601300198280065,1000
836,1.2316046826854028,5.527322446376079,18.581546532886033,0.4408803755058314,0.5460113069299547,2.2368220007047404,0.3674791466939732,2.0957302186768323,1000,1.3523332983202159,6.206140480193183,14.552019515670704,0.4342092731359416,0.5995869974722625,2.3213697481180975,0.5012831229737703,2.2033834736666615,1000
837,-0.4583677461513753,1.4328866832350882,130.21673904469424,0.8003077128039542,-0.9304790953598896,1.7763109585591434,-2.0269708632471257,1.1102353709443749,1000,0.3568604013067027,4.253164907842072,19.437722341445347,0.5696368375975426,-0.36293960818375887,1.8225046662972972,-0.7596278003844807,1.4733486029978862,1000
838,0.6582480891072948,1.8541178963083567,61.632027942776325,0.5737022905597451,0.11715041350088681,2.3371508210087875,-0.4662084003898055,1.7827045786043951,1000,0.9828239509174961,3.336246994026373,26.848936896414788,0.5370660298909427,0.3462838159005025,2.4377959669790705,-0.06982546766875153,2.0354733695037437,1000
839,0.509796035713888,1.5002150015025195,138.7310427573274,0.9603518615951462,-0.056544508000371106,3.0209317982339874,-1.3724936130125984,2.3920856844403744,1000,1.4907931446624056,7.7131227908707185,9.906919652011796,0.5958939687285675,0.6736292833842038,2.9309679541420453,0.32284096595441336,2.6587453233703977,1000
840,1.4602293686106806,10.629120022804244,10.452323384172887,0.4010531429745072,0.7391105144112299,2.2388953280166737,0.6741652083806465,2.246293528840715,1000,1.5276461156222751,12.486611956785147,7.5119914837166535,0.3818153368061237,0.840082587069102,2.2545551735955387,0.7792880554822728,2.2760041757622775,1000
841,1.963821700279433,6.454420756782853,7.072546507996089,0.6919829306299667,0.7115603847992212,3.4223632884253674,0.6075351562446982,3.3201082443141674,1000,1.7837254794899748,6.723157706968985,6.3410809914464314,0.6583005127954803,0.7114644306066843,3.284104062121331,0.4934564744108334,3.0739944845691163,1000
842,1.4631825373019236,1.5178675422319572,144.03869877651962,0.45039556964700594,0.9869842305484148,2.650326998072441,0.5804072207937919,2.3459578538100554,1000,1.7533727756741224,12.89514802183211,4.698546462695246,0.5458593997723007,0.6276138733373157,2.7453079161003666,0.6834883521204131,2.8232571992278315,1000
843,1.0257740614579682,2.020052956834703,99.5117008196311,0.34429519366246025,0.6335515407615135,1.8524251093060153,0.35095548187954617,1.7005926410363903,1000,1.4480412790933905,11.065899099448828,7.838976348602578,0.37023250494733817,0.7357881655605942,2.16894248474866,0.7223855693966077,2.1736969887901734,1000
844,1.9878606635069265,6.418571702339215,13.257571177231359,0.3986495382890501,1.0179460395080115,2.6604390324255696,1.2065075684603883,2.7692137585534646,1000,1.9814323662368187,7.936109349938329,9.375874267139986,0.3955647098954346,1.094761273535613,2.707220418567861,1.206125534841767,2.7567391976318705,1000
845,0.9939621915142238,3.636335914463871,30.799250444905386,0.5411849635002856,0.25136888297447385,2.2734985163146155,-0.06676033694633587,2.0546847199747837,1000,1.1340422954099534,5.282061530074112,14.450263988545254,0.40785326922529225,0.582713965947492,2.115268677854664,0.33464988772838056,1.9334347030915262,1000
846,2.588085933528169,8.174163989706539,5.637285300496872,0.26073474806155156,2.029308676470446,3.0389904856821905,2.077045827327528,3.09912603972881,1000,2.500252422242337,8.406020653636487,4.478510298331974,0.34768073754860174,1.6766329072565205,3.1439071306019795,1.8187981766470775,3.181706667837596,1000
847,1.0570426120805951,12.982911756693596,5.016333984732126,0.42804359373086803,0.25035855898601417,1.9376030019468442,0.21807716836809377,1.8960080557930965,1000,1.0355482628148849,13.338848899820047,4.757859367693229,0.4559477447446952,0.1821820085600989,1.9289900242666946,0.1418906831152823,1.9292058425144876,1000
848,0.8522553863964024,1.729447144906991,134.8906429188188,0.3412934951081075,0.41537858935341515,1.7385799352358602,0.1833201359845117,1.521190636808293,1000,1.0834060662094243,7.212219117305366,10.734268689895197,0.3206883769286426,0.6114214254579639,1.8126717889035355,0.4548568474292848,1.7119552849895636,1000
849,2.315940121964343,6.032008264673678,13.327238600284446,0.31697492825850443,1.827643023540463,3.077829094284943,1.6946692625776743,2.9372109813510114,1000,2.263455480204965,8.226863494278302,8.578444329881565,0.3353638383844179,1.7310236902110365,3.024354389452265,1.6061423569715059,2.9207686034384244,1000
850,2.1380120732895667,12.303761876840868,5.620371796698944,0.4335647622994072,1.4346096951196707,3.1349135559007637,1.2882251391827286,2.9877990073964047,1000,1.8889730240204536,7.479584172760253,9.23040064003549,0.4663037803308401,1.3187689601648287,3.114832906597151,0.9750176145720071,2.8029284334689004,1000
851,1.8582679732649703,4.7722507004531245,28.617704097047763,0.30966824444407487,1.3331852283664287,2.557294437831171,1.2513182141545836,2.465217732375357,1000,1.8932681947545296,10.349332392533556,10.158332515233461,0.27872021356248194,1.396296723243677,2.4691919287920903,1.346976576172065,2.4395598133369942,1000
852,1.4941644179323288,7.419670094967385,17.0542806108061,0.3741378046779124,0.7130572557064453,2.1465115084345223,0.7608543207636205,2.2274745151010373,1000,1.5602736274598261,14.457971141724533,5.338596106030357,0.3224919932761136,0.9571572850710364,2.196826181296524,0.9281893206386435,2.192357934281009,1000
853,0.16435927210857582,1.2500534837681954,440.33103352836326,0.8809833551184936,-0.32073315626542614,2.301860636852351,-1.5623681039236716,1.8910866481408233,1000,1.6145827455247765,2.7633386515796348,21.270459494802406,0.5952821868688688,0.8112224524573062,3.3554693938434497,0.44782965926179363,2.7813358317877594,1000
854,2.282437378240968,9.601868421881807,2.8219896374232847,0.3816265158573802,1.5104693851261874,3.0223232991514837,1.534449407160503,3.0304253493214333,1000,2.078371358239422,7.634813563213039,3.420461759279564,0.5168405458040692,0.964103106271967,3.0585158226102247,1.0653638884634462,3.0913788280153973,1000
855,1.6273151030727504,7.648160017356614,12.259684063542249,0.5162871261506594,0.39648228055221824,2.4778237245982955,0.615392335817458,2.639237870328043,1000,1.4037017102877751,11.103459641011677,5.316738522272565,0.44307373538064365,0.5165824493374116,2.292191821211557,0.5352771889417136,2.2721262316338366,1000
856,1.9155476637546838,2.8380668954530144,32.82063496196308,0.9300908603297345,-0.01553360585450552,3.117188867013395,0.09256957750840411,3.7385257500009637,1000,1.794416028959425,3.1527216298747316,25.97450648957657,0.9245346739140516,-0.052973641952498485,3.074866828057135,-0.017671931912116134,3.6065039898309665,1000
857,-0.13461700159317358,1.750275466999733,101.42707380756801,0.9680605098789337,-0.8439750982929325,2.10308890748457,-2.0320156009558836,1.7627815977695365,1000,0.7241683972387354,7.724693080801119,14.275932016222082,0.597999210877469,-0.017277123736484757,2.224390267205291,-0.4479100560811038,1.8962468505585746,1000
858,2.6530202953769213,4.113466685196495,19.930120518680766,0.532404465024363,1.673133434079657,3.863533553871764,1.6095075439291697,3.6965330468246727,1000,2.2882182439875995,5.920970156858336,9.457049039232325,0.5311758017016105,1.3621992225912933,3.496195421555783,1.247113672652443,3.3293228153227563,1000
859,1.622276049315553,10.563940970632459,8.901404498772925,0.3009951569650603,1.080240909034459,2.2527976948437733,1.032325541664035,2.212226556967071,1000,1.6680959684403427,11.32057075533411,7.58752313322276,0.3063804867699312,1.106007776263216,2.319534923110173,1.0675902143712777,2.2686017225094077,1000
860,1.4096414896072738,5.229111141341099,16.990762346361628,0.41747640454439117,0.8296229184588193,2.537142078632045,0.5913877367002671,2.2278952425142804,1000,1.2578980388062684,7.667817750155537,9.250875605269302,0.5335557522042544,0.39645990643268436,2.5660298659797327,0.21212876448592977,2.303667313126607,1000
861,2.0394903479891457,4.452021802226912,19.212655387843814,1.2222086884874432,-0.5635754050260632,3.9802965383214546,-0.35603868144624284,4.435019377424535,1000,1.981156072872687,4.165174573000744,18.187235149127936,1.0449664844868338,-0.1881990597003436,3.655396077462878,-0.06697823672150749,4.029290382466881,1000
862,1.6542174066263535,8.323780749273705,14.152500068532554,0.3880346724430392,0.8917422679171836,2.345106958017333,0.8936694486379967,2.4147653646147105,1000,1.6027180548703166,11.390349065549389,8.208489335045064,0.3732376856729375,0.8114845483629343,2.2826579331581454,0.8711721909513591,2.334263918789274,1000
863,-1.4669296770467914,3.5280476520817743,16.115920776199577,2.1128064443525214,-3.969441873336109,2.8398707323119843,-5.608030307977733,2.6741709538841505,1000,2.0700132671580738,9.4509181890803,3.1153879860341784,0.5757893943449047,1.1392871169464023,3.4394155998264453,0.9414660542420605,3.1985604800740868,1000
864,1.483166214235937,5.036876540754908,27.388723632017246,0.38978819815921356,0.8147613064699407,2.413578830971711,0.7191813458438784,2.2471510826279957,1000,1.548588883413388,11.65162433560202,8.667176739174833,0.3609735003246969,0.9488693353745395,2.4027943426270073,0.8410808227769822,2.256096944049794,1000
865,1.5954717742317364,3.402703689738796,22.89202879856521,0.35942903902178047,1.0035601605762272,2.417209547640505,0.8909908577490466,2.2999526907144263,1000,1.6490856340896838,5.4046361969726195,13.949143478565743,0.35453639939176845,1.026222287184642,2.4130069676596393,0.9541942912818177,2.34397697689755,1000
866,2.2417116515105446,9.989663926756439,2.3067478176452445,0.6291691227949355,1.1437557753672638,3.5037765233020193,1.008540170832471,3.4748831321886184,1000,1.3920003740865114,7.480159296046122,2.8701988843805406,0.8095592232142265,0.025534173499497204,3.278306961071335,-0.19473570341337232,2.9787364515863954,1000
867,1.4683161649425691,5.298802285633411,15.84830951336214,0.31948962447796475,0.9115788470501188,2.197407602927162,0.8421165009657582,2.09451582891938,1000,1.469825186954214,6.773863240611063,12.439019997240605,0.3710276365006599,0.8220974633790343,2.2977103832915744,0.7426110194129206,2.1970393544955074,1000
868,0.9471817094531603,1.2001545412361887,251.3484283217287,0.6058138293759153,0.11615874266241207,2.5627735085917878,-0.24021339612363368,2.1345768150299542,1000,1.1368641336506657,5.26277663833049,11.717575072386557,0.7791168237509636,0.03934297297323438,2.7651430811190396,-0.39020484090122287,2.6639331082025546,1000
869,1.77179091310178,10.156604816976374,7.342840528741071,0.338170286465027,1.161391113335976,2.518073475913226,1.108977151630327,2.434604674573233,1000,1.7275179744063625,10.890587726104375,5.987723664379105,0.34163610359746577,1.1271983238266943,2.4650745384042656,1.0579112113553295,2.3971247374573954,1000
870,1.4496835741840757,2.322976631762406,57.622456412227365,0.4567883478358608,0.4277838694824328,2.3299242429498666,0.5543784124257886,2.344988735942363,1000,1.4939549206463796,4.822517367899591,18.524843603807057,0.3679129617007534,0.8696028666055112,2.3706391250300984,0.7728455157129029,2.2150643255798563,1000
871,0.7442590802341744,6.498377375740022,19.196927679681455,0.911623949278155,-0.6754779862489806,2.448344511966941,-1.0425238603510094,2.531042020819358,1000,1.6570164946185892,16.686422076538555,5.324000678160092,0.33564720542545695,1.0809838046905407,2.4234911355271547,0.9991479719846936,2.314885017252485,1000
872,2.5519772431730186,9.344533225728409,7.010248269531381,0.43321350717218166,1.7068464745992449,3.3844178091568717,1.7028787691155425,3.4010757172304946,1000,2.4219312963559343,10.249028846326883,4.740520619486352,0.45948708006265704,1.5734089319009954,3.2857025640718525,1.5213366194331264,3.322525973278742,1000
873,1.7991521349805122,7.111592713355413,9.830627358950359,0.3115014332940406,1.1717136452203527,2.417122373863763,1.1886093257241925,2.409694944236832,1000,1.733655225803119,11.53780227371878,4.995333422056164,0.5333743054282893,0.5933180670368714,2.469492132569788,0.688241587163672,2.779068864442566,1000
874,0.46262788502625884,4.03988347320856,23.691255242983814,0.6104467583744901,-0.27811789918355784,2.1015736199774295,-0.7338477613877419,1.6591035314402596,1000,0.6328534152129492,6.412794138957526,11.75158074602698,0.5099228454250108,-0.023015306041581154,1.9690293814002895,-0.3665953618200718,1.6323021922459704,1000
875,2.3300932378772066,3.7683812324252854,4.337966347027947,0.7087876352369127,1.1426642044163744,3.63639927480196,0.9408694728128577,3.7193170029415556,1000,2.1131116085936616,4.087666387048441,3.342667754257077,0.752531307530827,0.6944694392756472,3.5393071386865427,0.6381502458332409,3.5880729713540824,1000
876,1.4887013394089887,7.597510754233323,9.931680149479762,0.3227486882807257,0.8719145581157731,2.112311001978721,0.8561139103787664,2.121288768439211,1000,1.4910735826482746,9.589290744137415,6.255952159046885,0.3350646938364373,0.8810388094302857,2.2055982668374146,0.8343467827288575,2.1478003825676915,1000
877,1.0693131231787008,4.658173863291621,15.403371593261168,0.5255405871867331,0.29129148539708866,2.299403043808131,0.039253572292703875,2.0993726740646976,1000,1.0689606761423893,7.335926445349747,7.32309587863924,0.47419108758578105,0.30143451767960955,2.118212112680234,0.1395461444742585,1.9983752078105201,1000
878,-0.32249391948093864,1.6769447184603576,185.60533094704013,1.536830419098789,-1.1839322662815577,3.4230107818909965,-3.334681540914565,2.6896937019526876,1000,2.224325436768453,12.496467711756404,8.567721259510655,0.5609340450814005,1.1652062847422762,3.306679615428344,1.1248947084089078,3.323756165127998,1000
879,0.37312197130015345,1.1945785811127099,212.39854398164084,1.0657702188422944,-0.06960723731349525,3.433827788409293,-1.7157876576307434,2.4620316002310503,1000,1.4669040533278142,5.065914663561273,16.252588927554104,0.669713754585154,0.7455390177531964,3.5221972256537817,0.1542650943409123,2.779543012314716,1000
880,0.6403995495327752,2.347122357494238,44.07963760494136,0.7994513829981633,-0.21504267376575092,2.5202515051677925,-0.9265251611436249,2.2073242602091754,1000,1.1864008664080403,4.802577896200436,13.87319260342796,0.6383455043476646,0.21052409490828106,2.502070050738639,-0.06475632211338223,2.437558054929463,1000
881,1.3032148170636633,1.8812770971433896,97.95006605634946,0.3739028850277946,0.4829296158118859,2.0366669499043586,0.5703651624091858,2.0360644717181406,1000,1.3448834912333618,10.426248643717251,8.163612237349993,0.4106336878373288,0.5434888428863329,2.129633450213375,0.5400414630721974,2.149725519394526,1000
882,-0.04703735400757614,1.6728210950029208,100.15561616297556,0.7217735432004979,-0.5917104390509956,1.8215326124491207,-1.461713498680552,1.3676387906653997,1000,0.6658342586137342,8.6539193065562,10.847375046860996,0.46160044861830746,0.03933553719873853,1.8669693134393142,-0.23890262067814838,1.5705711379056169,1000
883,3.506130227733428,4.366508040287589,15.645976595003999,0.49722235906885,2.254248026151716,4.2055720892421835,2.5315744039584818,4.480686051508374,1000,3.378074490682828,4.123738990102245,16.592361996666277,0.6055119623679583,1.630935332721498,4.07228171551794,2.1912710444416295,4.564877936924026,1000
884,2.480723662416281,4.670709894479895,9.50512489722786,0.41816506256397346,1.6196546799739124,3.2120028544491737,1.6611201397908932,3.3003271850416693,1000,2.671861193567709,3.8906574334654915,11.490323374250943,0.3890775335472455,1.8209344108902272,3.2825383495641636,1.9092692278151078,3.43445315932031,1000
885,2.1488592047926707,7.103275948567136,9.855524435512441,0.4429269941706872,1.362480801514226,3.143791415072094,1.2807222962181237,3.0169961133672176,1000,2.168849063544869,9.35411401816271,5.290864215952981,0.41319859975328294,1.4490169224469018,3.0220270403148577,1.3589798080284345,2.978718319061304,1000
886,2.0999017275047347,6.109563346065614,5.417162032457439,0.4948193401267704,1.2246649853401017,3.117068671430228,1.1300558208562648,3.0697476341532046,1000,2.0782464791762996,6.939420393547342,4.237796991235531,0.43236124560861144,1.3510646772239525,3.0360950342071997,1.2308184377834213,2.925674520569178,1000
887,1.8688225507113474,9.780525190821656,10.249157168553767,0.27838503901895917,1.2942038205311914,2.3712819285737825,1.3231878742341876,2.414457227188507,1000,1.6827985115266613,11.23583297646693,6.916240937269215,0.4383539020288332,0.7409820925537196,2.476768833971966,0.8236248635501483,2.541972159503174,1000
888,1.590423412748578,2.578086808932858,34.877104367176884,0.5048997526205758,0.9690117973260484,2.832210876897151,0.6008198976122493,2.5800269278849064,1000,1.7449632050971524,3.3746748216575746,24.332177429417836,0.48697945524259206,1.0327316506380824,2.900662425285001,0.790483472821672,2.6994429373726327,1000
889,1.2158322869120735,4.023039659043677,32.35293140732413,0.4302807324537234,0.5942415065174631,2.2575919123685537,0.3724820513027757,2.0591825225213714,1000,1.448107222549277,6.6707780988785,13.25455723474324,0.383342812751156,0.7186647423731433,2.255428239756664,0.6967553095570113,2.199459135541543,1000
890,3.048589667630645,5.710248895507843,11.03346957976522,0.4754028680582469,1.9450227794643156,3.8660635322918293,2.1168000462364813,3.980379289024809,1000,2.3827049838872427,7.4331115032515775,5.293210550838292,0.631785054735852,1.153581470344321,3.6738432618521637,1.1444062766049727,3.6210036911695127,1000
891,0.4169913854141307,3.444680359429757,57.37690725082041,0.7104422065743239,-0.4724180660720808,2.159987665590609,-0.9754753394715441,1.8094581102998055,1000,1.1122546177214119,7.6936198369636735,9.883438480314638,0.4949678526313882,0.1866699565184381,2.1893232116374697,0.14211762656389104,2.0823916088789325,1000
892,1.7401043124844187,6.366328845654271,8.11943984900458,0.26131086034255857,1.2436503147909261,2.285878624594431,1.2279350262130038,2.2522735987558336,1000,1.7352769179964525,4.515984884284889,16.211908410757886,0.2691695426154134,1.2842144458749467,2.3454315628547358,1.2077046144702421,2.2628492215226625,1000
893,-0.4335028491919526,1.045362441582183,867.5085726643566,1.0252829817535536,-0.7654917136696979,2.4562687764147846,-2.4430574934289178,1.5760517950450126,1000,1.4922742842365229,9.80567180067621,5.186001065070385,0.6479099750407536,0.24294478973941483,2.798162254453542,0.2223707331566458,2.7621778353164,1000
894,1.6857275524934088,5.430361682135032,17.12092851359924,0.33864325221812275,1.0522714183413204,2.4136191705685377,1.0219867781458882,2.3494683268409293,1000,1.7067581168429409,7.684466861886366,10.11893781130234,0.3885652142156617,0.9770438061465452,2.4717199362961404,0.9451702969802439,2.4683459367056377,1000
895,2.4729906891162976,6.14235771112496,13.472875301449893,0.2801235438844606,1.9514711348497227,3.1306723859093895,1.923948543102755,3.0220328351298402,1000,2.5165948730588443,9.594213009335215,7.667780657530283,0.30033283952701,1.9023688398790302,3.1552511446278606,1.9279425075859047,3.105247238531784,1000
896,1.5541775674908327,3.9887009738464725,24.382592110324133,0.41094229465884163,0.9937941484674728,2.5597328382226796,0.7487306699595031,2.3596244650221623,1000,1.5328010066922615,6.158446695996695,9.454037728534464,0.3805765076079876,0.963382248713255,2.4226750832439086,0.7868710517806058,2.2787309616039173,1000
897,2.084517546343185,1.5689150759506254,87.93828538870895,0.2787016247163504,1.4575755540692672,2.5592014749632237,1.5382623618991382,2.6307727307872315,1000,1.9288064302014973,4.240020439130235,17.650987440170336,0.42192401805239566,0.8329418229965976,2.459846390287459,1.1018353548188018,2.755777505584193,1000
898,0.4053925841742987,2.3763532762418738,71.76436859250751,0.8481518124674169,-0.36878683996975903,2.7588248605372865,-1.2569849682618384,2.0677701366104357,1000,1.311736828936664,4.939081463767905,17.554637914992497,0.5908249827152139,0.412896155191947,2.791110534586617,0.15371986281484484,2.469753795058483,1000
899,2.3573514366823938,3.4526435199064425,29.624871683550698,0.40608984809997745,1.404214860087117,2.930873214921681,1.5614153344064379,3.1532875389583497,1000,2.152199579490415,7.095201106700636,10.786537156260017,0.3696474733571885,1.3346537286076525,2.7605210240887397,1.4276905317103257,2.8767086272705047,1000
900,1.525135147892588,5.426982076610315,24.091787673610117,0.2742181383888775,1.029425119693283,2.089360167534466,0.9876675966503882,2.062602699134788,1000,1.6886891583417523,10.04242968066511,8.85207971615414,0.3765219156825185,1.1096917432068918,2.509159163925337,0.9507062036040159,2.426672113079489,1000
901,-0.24224979117311118,2.119405952150262,179.83075512481258,0.8620006110420061,-1.152218177476724,2.006272014454267,-1.931770988815443,1.4472714064692207,1000,1.9664257232612985,5.509949722149938,14.69231345847671,0.5268862179225614,0.9153507734192086,2.977373850684256,0.9337287361330782,2.9991227103895186,1000
902,2.0670410930177874,2.4309532700407974,88.75411054334393,0.6690369980299853,1.5991992000546966,4.162830335931202,0.7557285768790163,3.3783536091565587,1000,2.5929833416763577,3.5084355726452667,20.06879996666341,0.6994974193745048,1.6629232274070305,4.178561678573739,1.2219683997023283,3.963998283650387,1000
903,1.3485082923930651,4.051014197673566,26.393364286828874,0.28985733657420165,0.8077055165161214,1.9935618300297988,0.7803879127076299,1.9166286720785004,1000,1.2783182048116188,6.134267098764749,12.510370394649415,0.2942506328294054,0.7891067059143376,1.9415303425804744,0.7015869644659843,1.8550494451572535,1000
904,2.174542940805794,2.831795240320712,20.608931644513103,0.40503493824030423,0.9337622342971993,2.68531754938954,1.3806744618547975,2.9684114197567903,1000,1.9680606551958122,3.756694681245416,13.531211486018524,0.5474592989497464,0.5162587064563604,2.6176930675333896,0.8950404292543093,3.041080881137315,1000
905,-1.5387792428250706,1.3966563122089362,245.85845879712312,1.6455576389808146,-2.2975188594818787,2.3838404312243235,-4.764072215227467,1.6865137295773258,1000,1.360836921039191,8.264710237211208,7.479930335201937,0.46637580445157784,0.4684557108461215,2.249553150346442,0.4467403443140985,2.274933497764284,1000
906,2.6174614614881015,3.9351133427607063,20.073947155447335,0.38026810590387916,1.961843374579931,3.457783883322439,1.8721359739164984,3.3627869490597044,1000,2.484000739516151,4.620397882718147,10.6563547579452,0.40721910357840113,1.8935534827896383,3.4967256591102487,1.6858512965024848,3.282150182529817,1000
907,2.8032113417823528,7.06604676117743,3.9741702233656846,0.42834688163464746,1.8612610837951291,3.465908884268766,1.9636514537784437,3.6427712297862618,1000,2.3983483801637497,10.013363790637916,2.199422893442782,0.4750177904594288,1.2839161092921871,3.239291660355493,1.4673135108632693,3.32938324946423,1000
908,1.7065958192372062,5.116783375014613,19.20100611978943,0.6838249597640038,0.41782825662879564,2.979317112136654,0.3662988980997588,3.0468927403746537,1000,2.063378464455165,7.8880373816564955,9.605720975021612,0.4960106288223537,1.3030292091203433,3.261516890558628,1.091197631963352,3.0355592969469782,1000
909,1.4823597466465803,9.167050387736147,7.8654432528131615,0.3650378788873177,0.8334053441007109,2.3053399143100646,0.7668855040274376,2.197833989265723,1000,1.545064536788911,11.01133552734118,4.392670614337743,0.33614771136182287,0.9445761797634364,2.2286576555447963,0.8862150225197383,2.203914051058084,1000
910,2.14782560052317,6.145262657161681,11.434188361738547,0.25146788793128616,1.7258014467564018,2.706919617469754,1.6549485401778492,2.6407026608684907,1000,2.149271571504949,6.152504798165657,7.1494812382890425,0.2583290563519498,1.6933485406970978,2.706745133460916,1.6429466210551271,2.6555965219547706,1000
911,1.2390886769813485,3.333552813469388,14.068995796323273,0.6906223568629599,0.400152885038311,3.001331223589194,-0.1145311424700528,2.59270849643275,1000,1.3395221601720833,4.505709432533798,9.247339452593703,0.5937411438350251,0.38688746471027485,2.759551061798758,0.1757895182554341,2.5032548020887324,1000
912,1.6453188181430656,4.993287205201129,18.58416280642416,0.3863332939994009,0.6799477600622952,2.2431787149498588,0.8881055619042398,2.402532074381891,1000,1.5957346204849014,6.382230160408139,14.443696095607372,0.40979764856823536,0.6451770049268006,2.258978335576216,0.7925312292911602,2.3989380116786427,1000
913,0.4618691981975096,6.249600558940461,16.19195879992723,0.7308154879234788,-0.760339484057273,2.0946127376390775,-0.9705291581325088,1.894267554527528,1000,-0.5357868440887374,2.448707256911638,58.88679929565451,0.9925077391201985,-1.5408528403792459,2.1018651383478457,-2.4811020127643264,1.4095283245868515,1000
914,0.14089564596682402,2.178080965604405,131.77366373497327,1.001260101003798,-0.8684246293250482,2.6820932963793847,-1.8215741520006201,2.103365443934268,1000,1.708193695184046,8.071548052420104,10.051241007979847,0.49631188991863995,1.120505458232756,3.0378101259758425,0.7354223909435117,2.6809649994245803,1000
915,1.4942785919976682,7.997220584011721,12.523425710281728,0.574712524092076,0.3970404961449716,2.5906713595278323,0.3678420447771993,2.620715139218137,1000,1.2691683266109903,12.298142783525751,6.676790909538326,0.5592162943788452,0.17450201954141514,2.2428853811644913,0.17310438962845365,2.3652322635935272,1000
916,0.6250235385535086,3.196006890096482,58.30809099478705,0.470591215473735,0.036673608529976434,1.9525344767028034,-0.2973352437750121,1.5473823208820292,1000,1.1524121101755913,8.20761342678707,14.800753402305064,0.3639990308665056,0.4967420143863861,1.8896061241457605,0.4389740096772403,1.8658502106739423,1000
917,2.2144716139274223,6.107400273973305,7.565046654678378,0.6194022936387492,1.0156955976228899,3.327986041371464,1.0004431183954738,3.428500109459371,1000,2.829000529986474,2.3091053830452255,21.153154236293776,0.7437383765890422,0.8254899930328605,3.506610760910435,1.3712733118719513,4.286727748100997,1000
918,0.7517082969106443,8.770525296697569,17.54668921619023,0.43423321038490775,0.014856788706745139,1.6713732771323342,-0.09938879544377488,1.6028053892650636,1000,1.1773656077990347,16.012188400954955,5.22856939691345,0.34208989355724395,0.5017171628049334,1.7827997809839244,0.5068694164268365,1.8478617991712327,1000
919,1.9126530710762353,2.90889606330498,41.85394693047768,0.5862216417546694,1.1721241429806082,3.5417893548044086,0.7636586532370833,3.061647488915387,1000,2.147118898621776,6.352835539809956,9.540205426919814,0.5778561821226225,1.1707383088429109,3.530497639868839,1.0145207816614359,3.279717015582116,1000
920,-0.03770249420563543,3.7726337844762035,47.68295505373304,0.871515155728451,-1.0696656768937942,2.2148465197919647,-1.7458721994333992,1.6704672110221284,1000,1.2388600866579722,13.974640972057013,5.200625520303425,0.44661870991628244,0.4281010391269843,2.1860165556476474,0.36348741522205863,2.1142327580938858,1000
921,1.9286127987223276,7.739989614193842,11.51761742555095,0.37562312403761844,1.3153206378643965,2.8347204816598164,1.1923914756085954,2.66483412183606,1000,1.952843986868228,9.776755012526019,7.441626604180539,0.361213314279268,1.371592522678657,2.770853951495866,1.2448658908808627,2.660822082855593,1000
922,2.3917580394007154,10.28621901461164,11.364605628036857,0.3823561017384405,1.5488951722274997,3.0894596425028156,1.642340079993372,3.141175998808059,1000,2.1634106101750366,15.901319981727905,6.181780234458394,0.37197369526647367,1.4199423528288497,2.890837332482472,1.4343421674527481,2.892479052897325,1000
923,1.1968166982823618,8.377390661325684,10.543069567799188,0.48131918468414736,0.3251234152118893,2.221403632663161,0.253431096301433,2.1402023002632906,1000,0.7508422699288402,4.291194600980618,21.27691302935938,0.5784857638500822,-0.15889731954070715,2.1337672321359573,-0.3829898272173209,1.8846743670750012,1000
924,2.0409941027054708,7.986510018542941,16.142090878811945,0.4836620159828649,1.1596734577894656,2.9775707645761478,1.0930165513790557,2.988971654031886,1000,1.7825861555214244,12.23186469330647,8.284974455143058,0.41386360689979085,1.0581724419859255,2.6822939850227647,0.9714134859978344,2.5937588250450143,1000
925,-0.20116390906553683,1.592448605911266,153.4084755090215,1.3145523628198938,-0.8118216111444604,3.799449294143762,-2.7776865401925286,2.375358722061455,1000,1.21508408852943,5.989537361854239,17.94012453299122,0.8743000118943488,0.25892876141984045,3.754797428904901,-0.49854393478349346,2.9287121118423536,1000
926,1.4242428722532048,6.906819869558613,16.538660876466942,0.30543525293987284,0.7982468266975554,1.9696533820828002,0.825589776491054,2.0228959680153555,1000,1.2537100336968785,8.248040881534655,13.332563338277334,0.3266063391888026,0.5864282412161651,1.894574441672303,0.6135616088868254,1.8938584585069316,1000
927,2.6938214651884045,8.09671369883056,7.341915942432805,0.4218819192782453,1.7903974206146354,3.471307271173703,1.8669329034030437,3.5207100269737652,1000,2.6690697729396735,9.470941051181573,4.642711525454919,0.3999555281380105,1.919601277930411,3.4701782807109787,1.8851569377891728,3.452982608090174,1000
928,1.5473446293772846,6.072509671529068,9.572709537278449,0.3769667312117168,0.8833889996841457,2.492306749543003,0.8084898362023196,2.2861994225522495,1000,1.5022379126036132,7.868618514092605,7.038765565831907,0.3858046043077332,0.8366023527966969,2.432098816474677,0.746060888160456,2.25841493704677,1000
929,0.4752823122799694,3.355919662257998,36.039723893853,0.7033204216955319,-0.24957776949529703,2.185439050291207,-0.9032257142432731,1.853790338803212,1000,1.04950166531225,8.937168442503026,9.845559695291426,0.485329474486478,0.4099716450073432,2.276618094079781,0.09825589531875312,2.0007474353057466,1000
930,2.3998265291199545,5.966113112854405,7.307861515101402,0.3942057697625867,1.568662901411031,3.146257674584435,1.6271832203852847,3.1724698378546243,1000,2.075093689908442,6.352458926157385,5.21824453459811,0.43518539371999987,1.26849401926019,3.0269342968263855,1.222130318217242,2.9280570615996417,1000
931,-1.9074379136175428,1.0466842300875152,1258.000330117743,1.9145962705679354,-2.3056089806232083,2.6909313156486663,-5.660046603930696,1.8451707766956105,1000,1.6866680555283073,3.4688000761932862,25.466234511231214,0.5224148075985633,0.956854004320285,2.8635586327506695,0.6627350326351233,2.710601078421491,1000
932,0.7825011527473738,2.891701506956627,59.70723099253319,0.4115401155513038,0.07508955570196041,1.8220994724042239,-0.024117473733181738,1.5891197792279292,1000,1.0433231114825112,5.81122291257153,21.438437510893678,0.3771799120592798,0.5001174826598559,1.9154584864421027,0.3040504838463228,1.7825957391186997,1000
933,2.398365733683204,4.377858568294602,35.26356997647969,0.3977760822352685,1.4990950742648068,3.084181523973096,1.6187246125020778,3.1780068548643303,1000,2.283339539717905,11.347729794437717,6.220400015814957,0.41909912110216513,1.436093125358413,3.140153697426904,1.4619052623576612,3.1047738170781485,1000
934,0.9787307763016213,3.1327390102411163,57.58088076365337,0.3359732937735559,0.1351232855439496,1.534056222032383,0.32022312050545176,1.6372384320977909,1000,1.156972102985268,8.187840932447422,10.994404330595115,0.3752330078478058,0.46963804168843665,2.0781492914516364,0.42151540760356865,1.8924287983669674,1000
935,0.9257844569083922,2.271729505364646,85.19680485424074,0.8389927478016238,-0.8179113038635422,2.12947982120961,-0.7186413287827904,2.5702102425995745,1000,1.0604267259433096,6.945301117813442,10.687279517956384,0.49694750042513713,0.26404355358282233,2.1612009467492497,0.0864096251100408,2.0344438267765783,1000
936,1.5498231330476346,2.9250748276101812,28.776279677892642,0.7676807812434248,0.6733601789702733,3.3438656765118977,0.045168801810522075,3.054477464284747,1000,1.423651932224229,3.516937615515594,22.396195908897795,0.7267802845913373,0.6648867781771273,3.2967753104732727,-0.00083742557479205,2.84814129002325,1000
937,1.4156691132532204,1.7699477026743644,78.38227898851214,0.5784831130992599,0.9044387146945064,2.912943879910267,0.28184221157867095,2.5494960149277697,1000,1.8835633373072043,4.828258589741429,14.773816307949781,0.5628446074763797,1.1153563507093036,3.2317449391981077,0.7803879066535002,2.986738767960908,1000
938,1.5774726645698016,5.861533427692473,17.416282352243677,0.33187031142962825,1.0004644724879197,2.2920767006976837,0.9270068541677302,2.227938474971873,1000,1.4323830598609892,11.359286942111238,6.213439404262117,0.5020030356094864,0.5628970416742439,2.473261034381078,0.44845711006639577,2.4163090096555826,1000
939,2.3470398602218974,11.557714162301579,6.032561915739153,0.2807186824149255,1.7447143326924772,2.847671329248226,1.7968312426886435,2.8972484777551513,1000,2.3824774904915467,9.675394275233776,7.142662780798337,0.27886629802786955,1.8101791169903887,2.903757969879181,1.8358995463569223,2.929055434626171,1000
940,0.7656421040433434,1.1032372512014663,632.2528065414073,0.6564961482552746,0.4175835052362311,2.4623993642244306,-0.5210903465369947,2.0523745546236816,1000,1.8557820840899504,7.202813579823351,11.216173713433447,0.45511762202625977,0.7905036165449371,2.6665967897272167,0.9637515449184813,2.7478126232614195,1000
941,1.4894163853404772,10.034616665501444,8.433939606760116,0.40760722992416254,0.7931827569375239,2.3344249344180463,0.6905062146891185,2.2883265559918358,1000,1.0900046424066856,5.993722817651189,12.71641709850552,0.4653977513063458,0.4582787387940686,2.193703590546771,0.1778250498462478,2.0021842349671233,1000
942,1.7916535528358153,7.554348173232067,10.912362990874046,0.39759753499708955,1.1776713817343156,2.745182470464873,1.01236238424152,2.5709447214301107,1000,1.4056391734690306,2.6988391555251887,33.03966863964279,0.5643676423141304,0.8696062330644,2.9532955595725894,0.2994785945333349,2.511799752404726,1000
943,1.3818771909461582,2.7547753608348753,35.90561382534687,0.49845390390551664,0.8610829712353859,2.8182942741374135,0.4049075392913456,2.358846842600971,1000,1.1660048180728455,6.513292379341393,11.007685354569603,0.6770795920633209,0.20411478978862801,2.8277908340829834,-0.1610711823712634,2.4930808185169546,1000
944,1.5353577093349406,4.678517749366265,19.714816213973148,0.6024389976482117,0.49586653188670915,2.727365292495261,0.3545772739444457,2.7161381447254356,1000,1.4938507192382953,6.867704741613496,11.362279895133309,0.5096487185470396,0.5665702371447897,2.5174546107692866,0.4949392308860976,2.492762207590493,1000
945,1.2845034185656892,3.938024134721502,25.227713928165794,0.6979854073256341,0.33334162006328777,2.8457379526628293,-0.08354797979255357,2.652554816923932,1000,1.763225431653868,4.535306224038552,13.439836688744686,0.5777221956733748,0.6224307738627689,2.856508670392506,0.6308899281340534,2.8955609351736826,1000
946,1.5316030983313342,5.795116542745384,7.583052076159877,0.5214671448204534,0.6429004511815383,2.660819060046415,0.5095274944832455,2.5536787021794227,1000,1.7893363286011352,6.572687349880372,5.368908795823658,0.45160798771625166,0.8924447913611119,2.6948485193751326,0.904184672677282,2.6744879845249887,1000
947,1.6059149797641439,8.453246959824607,12.735269488556451,0.5097984679305937,0.7293616640200582,2.6255089626097,0.6067099826201803,2.6051199769081075,1000,1.8512121403830406,10.424828676966063,8.501447201036008,0.3860572268699156,1.0642447092753684,2.567731680689017,1.094539975718006,2.607884305048075,1000
948,1.5896765791411078,1.3745012272589623,179.09952864895652,0.49236252523870583,1.2177792945936003,3.0430527924306348,0.6246460296732445,2.554707128608971,1000,2.3631840498662364,9.398409310317518,7.087477731980697,0.33300375610758026,1.8392443375503906,3.127338451600737,1.7104966878953791,3.015871411837094,1000
949,1.7583783423442634,4.4769790721708995,28.496707861803817,0.7423720445275654,0.13894008315113024,3.1440016508897997,0.3033291350702352,3.2134275496182916,1000,1.2805238888392614,6.449444881642763,11.995216857333151,0.5842578408904205,0.3120741962098951,2.730921363892621,0.13537852069403722,2.4256692569844853,1000
950,1.0104776673215214,2.604589320898041,60.19856459839206,1.4162242777872722,-0.8299344940032626,4.214201240858525,-1.7653219171415322,3.786277251784575,1000,1.83096122019284,4.632194501312432,14.17186007114412,1.0363340782786858,0.1803637048557798,4.217407915239785,-0.2002535732333841,3.862176013619064,1000
951,1.5253471511026082,1.4615230536238735,117.86741592300424,0.43751936630509397,0.7616663403361202,2.736143231046365,0.6678091931446241,2.3828851090605925,1000,1.4489254167617898,5.22115014313889,14.375455480694681,0.5551382860522356,0.6111359031390533,2.847474324384263,0.36085437609940807,2.5369964574241717,1000
952,1.3273755189295402,6.84875622340517,13.983183174524063,0.5271100186827066,0.5221612893335653,2.5301522518872606,0.2942398823114354,2.360511155547645,1000,1.2126435880840356,8.720574393016914,8.858037236838005,0.41209589699728044,0.5230865666533605,2.170121689141838,0.40493562996936594,2.020351546198705,1000
953,0.9917744702654328,4.276461476165749,20.957737167906792,0.7260658747126612,0.09610171110547666,2.9900137787630543,-0.4313146441713831,2.414863584702249,1000,1.2755496888187108,7.5428444609953225,8.280411054781306,0.577332203686017,0.46707188791210263,2.6813324592821695,0.14397856959411737,2.407120808043304,1000
954,0.26576655479712175,3.2841442408934296,59.274881309563085,0.6356362411209897,-0.7274407493401032,2.141787362613649,-0.9800804778000181,1.5116135873942615,1000,1.7289556219423283,13.982686586344922,5.23452985954096,0.3598597366116404,1.1338785184220914,2.5761816925772596,1.0236305381835131,2.4342807057011435,1000
955,1.3295468800715675,11.060889750220307,7.343196333687291,0.4569309508469175,0.46403082765874865,2.2171959525142317,0.43396221641160926,2.2251315437315258,1000,1.104229015775736,10.400750989455219,9.127974940095124,0.49999673377688914,0.03268042911400746,2.0692527524179964,0.12423541757303325,2.0842226139784388,1000
956,3.2156046923580375,3.3289530434516283,33.23728804914617,0.8220906562666732,1.188483490446456,4.421736558936341,1.604307006075358,4.8269023786407175,1000,2.673753243712119,5.885270701527073,11.099540962880967,0.6917994229153056,1.1391009224179647,3.9092236770519397,1.31782637479812,4.029680112626118,1000
957,0.22945854145014177,3.510843295731889,21.82260424955729,0.983562206499735,-0.9267467179294672,2.711475505166387,-1.6983233832893387,2.1572404661896223,1000,0.6217443027204923,5.98171798244429,10.692702217630242,0.8070256327804054,-0.532597636443678,2.5725978386155823,-0.9600259375291023,2.203514542970087,1000
958,1.1426345724759046,2.442489195945772,96.49404109817254,0.32379459182390163,0.45984073284926213,1.701987974823113,0.5079971725010575,1.7772719724507517,1000,0.7088053901499602,4.139411238830265,35.64364883122352,0.529555244405933,-0.1883522945068706,1.9368209867676456,-0.32912288888566854,1.746733669185589,1000
959,1.276507296970928,5.639270958415868,23.657011378038483,0.3550220404219582,0.6157655248021147,2.0496372502086695,0.5806640977438899,1.9723504961979659,1000,1.4180443611864142,11.813026980960252,7.105229083997137,0.4063752651210839,0.4887715759060412,2.1505586162401515,0.6215488415490897,2.2145398808237386,1000
960,2.2556338888255554,6.729035624714648,12.94246987313632,0.3555285798682144,1.626053243487161,3.0253425269469054,1.5587978722838551,2.9524699053672556,1000,2.2498681524403406,9.819257647558608,6.403746667987591,0.3517364550370257,1.6471611893258473,3.0254850630418693,1.56046470056777,2.939271604312911,1000
961,1.97378396700183,5.019784470550426,27.711029472520003,0.36163246713393404,1.3966133726686822,2.8277834289730186,1.2649843314193192,2.682583602584341,1000,2.2676794031462677,8.230442245612483,12.785281259390416,0.3828408380864539,1.5977116253206334,3.072774653616217,1.517311360496818,3.0180474457957174,1000
962,1.0004495230669046,1.1886337201701174,317.7627179719173,0.4070672115630028,0.537578661222364,2.054646437069479,0.20259778840341913,1.79830125773039,1000,1.3864825120274697,7.563427928912067,6.247434305405827,0.5925146114452625,0.3360314414460039,2.6683604649454287,0.22515387359475514,2.547811150460184,1000
963,1.3911727598270205,1.9426364614841949,54.710919424786915,0.7143550921358499,0.8037162474892023,3.272111384104485,-0.008963220759245383,2.791308740413286,1000,1.7087339771516827,2.5699730256970357,32.36176576821135,0.6548865174131849,1.0776983630138062,3.4229727102834575,0.4251564030218402,2.9923115512815253,1000
964,1.2753734973025481,2.339846163081033,32.8601988623072,0.40043981664854705,0.7106700282697843,2.2621820410591007,0.49051145667139595,2.0602355379337003,1000,1.4670866962373306,5.577174067213477,8.105309856738224,0.38589528454537286,0.7277724203109122,2.2756671277936573,0.7107319385283998,2.2234414539462612,1000
965,0.9723934646159371,6.209051683992104,12.424696251268651,0.4004913149700476,0.4195355912632104,2.051975725370912,0.18743048727464384,1.7573564419572305,1000,1.1595232419820936,7.363450538883288,10.26638405208167,0.3499059936759218,0.6980752473474705,2.1079463986103235,0.4737074943772869,1.8453389895869003,1000
966,0.4896317640135015,3.276436426925709,37.33329964209681,1.0808259441575379,-0.7865057863479248,2.9014408701364154,-1.6287870865352727,2.6080506145622757,1000,0.7996430625253579,4.7496673110849725,18.23992650965109,0.7291895086928162,-0.18054816410481186,2.7165703367757326,-0.6295683745125618,2.2288544995632775,1000
967,1.0381024628294195,13.2175268156174,6.344491896975583,0.3590777478090932,0.39555810589279733,1.6977486931170964,0.33431007712359695,1.7418948485352421,1000,0.9470398033272693,12.531543770300177,7.362028839316275,0.37221182328114766,0.21809558502468912,1.6710127171167708,0.21750462969621998,1.6765749769583187,1000
968,1.802102737200669,4.505171248421163,30.493557175575372,0.781142319061232,0.15965890098902075,3.3398098141350454,0.27106379184065443,3.333141682560684,1000,1.9128977284206805,4.5481482970954525,24.72627907670008,0.7382566421417902,0.2191753234278168,3.4814043578517895,0.46591470982277183,3.359880747018589,1000
969,1.6171165505788094,9.73637952255413,6.824995115957175,0.4865039034077613,0.737955651696465,2.7334887331548767,0.6635688998995973,2.5706642012580216,1000,0.9267907188674562,3.557171452297135,24.935236984725265,0.5970005674190006,0.24550711079187917,2.5880707725502323,-0.24333039327378492,2.0969118310086974,1000
970,2.1995673355814787,3.667809799294004,22.760994648000352,0.2603753977676808,1.7433481904889352,2.7397686835376884,1.6892315559568243,2.7099031152061333,1000,2.308255293125919,7.1814211495001725,8.40299689687114,0.27609836519184494,1.8589689920885326,2.8977861210611615,1.767102497349903,2.849408088901935,1000
971,0.9374481992220125,2.905863665730581,39.961433557014146,0.9659731963885446,-0.19117739470781359,3.3088010225438786,-0.9558592656995348,2.8307556641435596,1000,1.1456599955338103,4.271621228237233,22.40655685423332,0.8628600779107345,-0.04419523839114854,3.2642181357146764,-0.5455457571712292,2.83686574823885,1000
972,1.4202208471250133,7.643926669301802,9.9749127720181,0.30049470507496334,0.8668357889197923,2.0274096595884115,0.8312512251780851,2.0091904690719415,1000,1.3914075856256738,7.335406049813311,10.918247709172737,0.3238702327451824,0.8663390458258023,2.136769143320547,0.7566219294451163,2.026193241806231,1000
973,1.2319664456860981,5.557708313659964,19.362160291680354,0.48784313736595963,0.37861223086311757,2.2170706734809036,0.27579389644881724,2.188138994923379,1000,1.5634044414024504,8.261548797866162,7.983507944928259,0.3924185930957552,0.9511452626232721,2.474656291187546,0.7942639989347702,2.3325448838701304,1000
974,2.6030178209244377,7.184734670848335,12.863624753003904,0.40184674882030114,1.8837236906739039,3.4111178464186342,1.8153981932366474,3.390637448612228,1000,2.507755556103244,7.026488899884929,12.555476705743791,0.4012043837525869,1.7544003863345063,3.2980778377817646,1.7213949639481736,3.294116148258314,1000
975,0.6557752923512248,2.8896087583902195,74.337709768678,0.924743416806561,-0.4882615634863913,2.640612004358459,-1.1567218045896348,2.4682723892920846,1000,1.8682841441977605,7.001328764102492,10.50382918778769,0.4716591231689703,0.8741934956825937,2.757395519649141,0.9438322627865787,2.792736025608942,1000
976,0.5888345395794885,4.340291294490146,14.865414765377833,0.46194751494891284,-0.0508768638852093,1.768520698629505,-0.31658258972038067,1.4942516688793577,1000,0.9680069185501208,5.484480700365166,8.406119146117952,0.42484793303593904,0.15217795669601164,1.8121487402443703,0.13530496979968032,1.8007088673005613,1000
977,0.5489503041727679,3.8897841546770904,42.61248816032822,0.6987078314761886,-0.33962713371498987,2.1788329931384083,-0.8205170455205617,1.9184176538660975,1000,0.9768859468210485,7.378499429185912,18.01116721479784,0.47341168299681063,0.36223797106581934,2.2764167659980505,0.048999048147299606,1.9047728454947972,1000
978,0.8630159580437469,3.3191513372285266,34.57701668598563,0.9491126006258838,-0.19718459594989055,3.1526611031158533,-0.9972447391829853,2.723276655270479,1000,1.3772892842316837,6.708989740240331,12.88614000867878,0.6745639140356385,0.30266633323779857,3.0450932116913463,0.055144012721832336,2.699434555741535,1000
979,2.184673789682636,4.846159494470834,15.09488122316587,0.5330109359907846,1.1241100584779045,3.082633948708639,1.139972355140698,3.2293752242245737,1000,2.045152671150487,6.55799962001952,7.793759725459746,0.5025300828354056,1.0900293836900117,2.949219065874668,1.0601937087930922,3.030111633507882,1000
980,-0.5501585924018659,2.0043653298434183,47.591402561727946,1.4091368667750217,-1.4896020995743584,3.2336818738913236,-3.3120668512809086,2.2117496664771767,1000,0.38949174809914,3.984135932459115,15.124629557052238,1.007903635379967,-0.9055717359931503,3.0429967382772225,-1.5859993772455954,2.3649828734438754,1000
981,0.7801247076944962,5.912120939427031,16.04796812105072,0.5279541372405206,-0.12761743617625496,1.9099347264444004,-0.2546654012969243,1.8149148166859166,1000,0.7947140695769868,5.283263541244704,16.198596808026046,0.569272082606287,-1.1482407307184179e-05,2.115254872577007,-0.32105921233133583,1.9104873514853093,1000
982,1.7896961786447028,4.140729310244802,19.852947776501548,0.43337246993071665,0.8434955599077327,2.532032226108669,0.9402861375804982,2.6391062197089075,1000,1.7546920155872314,4.323869569240925,16.494119553417665,0.4302594417262169,0.7492074543979117,2.450371966386677,0.9113835098038463,2.5980005213706168,1000
983,2.567276544463243,7.329053692199189,7.196996350816731,0.35126303399901254,1.8893934520266595,3.255828633914962,1.8788009978251785,3.2557520911013076,1000,2.4091580193470286,6.701795760674366,7.284531122475599,0.3923607878732798,1.6180990535180455,3.167952553515375,1.6401308751154002,3.178185163578657,1000
984,0.8913850069349207,3.842064487648196,30.68058501396357,0.4414782948445887,-0.13712230363041242,1.6388442026698784,0.026087549039526814,1.7566824648303148,1000,0.8028380456268582,6.168044675626024,11.598743602820903,0.4537885278734441,-0.0756226959613416,1.67872088138851,-0.08658746900509218,1.6922635602588088,1000
985,2.24101852009856,6.369748549454005,7.95153450863611,0.4601350993322634,1.3354552510480369,3.1238836102131673,1.339153725407324,3.1428833147897963,1000,2.3641879739149836,6.2469185181068525,7.229908574120039,0.45882153194351555,1.5117594532937955,3.307872095007379,1.4648977713056932,3.263478176524274,1000
986,2.236533401903319,2.544334399918551,82.23103240620334,0.567875293241738,0.7241472987972906,2.8852241686242364,1.1234978271495126,3.3495689766571255,1000,1.7593278701774542,4.502157522210438,21.85744460936657,0.3784582034517104,0.922399942477432,2.4954104248094677,1.017549791412102,2.5011059489428065,1000
987,1.0026240594307985,5.889842573691135,14.202917166662482,0.5384453960125027,0.17052199018367398,2.234642008953266,-0.052728916753706834,2.0579770356153038,1000,0.5275216983760234,2.452128647653075,40.14561350903885,0.6936627899133904,-0.026243858418597797,2.436639845894639,-0.8320573698542217,1.8871007666062685,1000
988,1.7872816125165405,3.042554592830089,19.088590460514972,0.41753677220392743,1.2141605486798202,2.7144183248109552,0.9689095389968427,2.6056536860362383,1000,1.8918548172987832,4.047858656248509,9.029208054172642,0.4028586688857134,1.2136134639067029,2.7015591409952284,1.102251826282785,2.6814578083147813,1000
989,1.8938741186007797,7.170178569793562,9.189598969246614,0.3554597155217688,1.2448889898104951,2.6017426555801375,1.197173076178113,2.5905751610234464,1000,1.5855916643140717,9.186057677387765,4.516498214195729,0.46152609618107826,0.6264260623596445,2.47783989744654,0.6810005157991583,2.4901828128289853,1000
990,1.5477384247632804,4.372046870699072,22.7784707578312,0.3816177426766264,0.6034409746505737,2.1411736753306343,0.7997676491170926,2.295709200409468,1000,1.4302485497370012,7.57708163602274,11.454766100889646,0.394680205071001,0.5458313894377037,2.083926567808912,0.6566753477978393,2.203821751676163,1000
991,1.730542192872055,9.78936719482194,5.7711305534086295,0.30152659444270874,1.1503789402160352,2.3171881944283452,1.139550067764346,2.321534317979764,1000,1.8184990926720868,7.731876941131963,8.674610190825481,0.31735928870043745,1.1899403395947883,2.4477118795918456,1.1964748868192294,2.440523298524944,1000
992,0.4295413316603742,1.5572458634043156,122.23738557534068,0.5902938563043151,-0.07348120581257696,2.0390351474989763,-0.7274346266960834,1.5865172900168318,1000,1.309036131550015,8.262332115888649,6.398545614448485,0.4210618571990612,0.5932414488550316,2.213915672260898,0.48375489143985506,2.134317371660175,1000
993,1.891842600327221,3.8268847941595783,26.51756219019023,0.30899499743388215,1.3950202812939854,2.6494750023020055,1.286212405356812,2.49747279529763,1000,1.8927770018970689,5.946236048512687,15.372735736884001,0.3067328660238017,1.3786903386931124,2.597802454705714,1.2915805844904176,2.49397341930372,1000
994,1.808428595623159,10.055454545648372,4.168388261987202,0.3716034494281868,1.0589229049761142,2.5140523724069195,1.0800858347439128,2.5367713565024053,1000,1.7915363613383148,10.554817130114584,3.500441287139817,0.39489303561483374,0.9924797516607886,2.5683419255953397,1.0175460115332409,2.565526711143389,1000
995,1.4603340197081667,5.829421301092069,12.714090125633314,0.4007482300300442,0.8744071758230353,2.397373272920842,0.6748674888492802,2.2458005505670533,1000,1.4649250797173399,6.3209998382847274,11.039319794342441,0.39282378810277974,0.90196973774022,2.413756730232439,0.6949904550358916,2.2348597043987883,1000
996,1.7903882288722148,5.098944694632751,15.21545548441428,0.35394226852809657,1.1384097263530613,2.4677939730736025,1.0966613825571456,2.484115075187284,1000,1.9381840445865992,9.106503526674613,6.978151683068896,0.3705566665201282,1.2204687628220603,2.6657531325926693,1.211892978207148,2.6644751109660505,1000
997,1.8439460474162808,6.591043489318517,15.386628643721187,0.26161751987329585,1.3165501958548447,2.353124164957612,1.331175708464621,2.356716386367941,1000,1.3185724300560402,5.682288275655112,16.800013267135338,0.38918921453466415,0.6000727728909211,2.1952169416669816,0.5557615695680984,2.081383290543982,1000
998,0.3036151449134832,1.4934364931006006,118.66020909663762,0.8900004920510036,-0.2501676616855752,2.601236594917436,-1.440785819506484,2.0480161093334504,1000,1.2497125041328587,6.474208607993731,12.037421605294442,0.5179262930826668,0.5817308775478855,2.5533518286376697,0.23457696969083175,2.2648480385748857,1000
999,2.316532223889939,1.7198130229516109,87.32463576210883,0.5317547509588734,0.919431768532414,2.898279034731733,1.2742929120105473,3.358771535769331,1000,1.8723489296867228,6.183493856984722,15.104020473656135,0.46557260031216324,0.8071321825639342,2.7685700457686155,0.9598266330748829,2.784871226298563,1000
