trial,linear_estimate,linear_ess,linear_max_weight,linear_boot_se,linear_ci_lower,linear_ci_upper,linear_normal_lower,linear_normal_upper,linear_boot_n,quad_estimate,quad_ess,quad_max_weight,quad_boot_se,quad_ci_lower,quad_ci_upper,quad_normal_lower,quad_normal_upper,quad_boot_n
0,1.9281835549297974,110.00527794049871,1.7050367112074547,0.2593304863692569,1.461706620299623,2.4924815068679598,1.419895801646054,2.436471308213541,1000,1.5627975043396518,50.59282722363158,4.258023718298152,0.39967126118277935,0.7893241073432303,2.3740889783683454,0.7794418324214043,2.346153176257899,1000
1,1.4503431094613721,77.11275969416677,3.153469887456732,0.23467899063152847,1.0587973400104158,1.9368116641215893,0.9903722878235763,1.910313931099168,1000,1.4616597057484229,77.18490835974511,1.7588456537110335,0.2881192365850435,0.9413923719375472,2.0535395276621373,0.8969460020417376,2.026373409455108,1000
2,1.2439336459124228,123.66101338055981,1.5024090106988077,0.19432969465158925,0.8448750405274075,1.6167706757610112,0.8630474443953079,1.6248198474295377,1000,0.31209163434286236,32.92500754193047,8.409768026842336,0.7476617047155614,-1.6437438301047882,1.3903421601573611,-1.1533253068996379,1.7775085755853626,1000
3,1.3335142178799633,140.53093112995924,0.9671300606314089,0.19570401286470027,0.9733734235857355,1.749664501473596,0.9499343526651507,1.7170940830947758,1000,1.2787190369259038,102.29453134884328,1.6994369385553525,0.25226127561221084,0.8145240447514719,1.7981452145323786,0.7842869367259706,1.773151137125837,1000
4,1.2121058411127676,61.52890098223467,4.7059902179075985,0.2901020072481938,0.7154338208925007,1.8429025765055789,0.6435059069063078,1.7807057753192275,1000,1.638809690641306,89.90162346360454,1.7562819453348166,0.33532077837435,1.0325794912165147,2.3921428565964398,0.9815809650275802,2.296038416255032,1000
5,1.6927392201966835,74.87461091334595,3.0779123103396433,0.29015092205202925,1.1387439050544739,2.274494917781619,1.1240434129747063,2.2614350274186608,1000,1.4344058483895032,66.97642125082587,2.46669331761046,0.3657357266983012,0.6981586492851909,2.099431826895335,0.717563824060833,2.1512478727181734,1000
6,1.3717388061341529,94.90445603555139,1.4379233525141564,0.2824492646733099,0.8243516323775671,1.9567732192833116,0.8181382473744655,1.9253393648938402,1000,0.008587751942781718,15.610258781123028,12.666572099463673,0.8572270364925028,-1.7615327589860643,1.5457305608962484,-1.6715772395825237,1.6887527434680871,1000
7,1.5104123876005446,109.99593181173455,1.7816442929735012,0.271366123351143,0.9991773998474199,2.051096573680009,0.9785347858323044,2.042289989368785,1000,1.8416136251151969,103.01771056911595,1.3089364162294825,0.33784602471106295,1.2162336877120556,2.507018259239069,1.1794354166815135,2.5037918335488802,1000
8,1.3719476487474844,117.44473169718214,1.24626799321231,0.2724653930844671,0.8512328206404459,1.9146229487885813,0.8379154783019289,1.90597981919304,1000,1.023976051358329,55.06268165802833,3.981944607117071,0.4222347919778436,0.05621124429440887,1.743183660325556,0.1963958590817555,1.8515562436349025,1000
9,1.5983558760330994,109.27401344537225,1.2466616845003167,0.23623175565375548,1.1605687859660347,2.101959056345219,1.1353416349517387,2.06137011711446,1000,1.3653954711439278,61.63117568530344,3.165382876476699,0.37683583874633336,0.635693682671764,2.123793582667452,0.6267972272011144,2.103993715086741,1000
10,1.8821857813663248,73.75169584016152,3.426459155663177,0.3135042823400765,1.3253162795257956,2.5289526870542685,1.2677173879797747,2.4966541747528748,1000,1.4506345608311646,43.79247093184387,4.667125374981359,0.5395397138452159,0.2391074289853714,2.3666439770033114,0.3931367216945414,2.5081323999677876,1000
11,1.532071309656578,100.24056444772278,1.5014498681922939,0.2637229946391097,1.0552114714683651,2.0818798320361194,1.015174240163923,2.048968379149233,1000,1.5039107205448965,49.71149520159714,4.731055849071025,0.3976852465826285,0.855861824493983,2.3181884798703507,0.7244476372429447,2.2833738038468483,1000
12,1.3601209884691203,133.62349758380543,1.132805106172666,0.21910987218024955,0.9408803694966923,1.7989449247774902,0.9306656389958312,1.7895763379424094,1000,1.1915753834199314,74.84135991928639,2.9575476111584083,0.39025617626499676,0.4296373020386405,1.985731965987638,0.4266732779405378,1.956477488899325,1000
13,1.0324649730376272,101.7032262118628,2.032261894991578,0.2801368949349469,0.5353521642672893,1.6229230343240082,0.4833966589651312,1.581533287110123,1000,-0.3708042986847775,11.438037507527769,17.784539117205274,1.1823306841390266,-2.7072601495710034,1.8374415838928162,-2.6881724395972695,1.9465638422277145,1000
14,1.221363280147162,125.09547997276371,1.5509400596226772,0.2971412710217292,0.7376109175469338,1.8785104727496562,0.6389663889445727,1.803760171349751,1000,0.7431856742958991,35.957239426645124,7.316263235309397,0.6510288681392294,-0.5007180854403995,2.1114970288605015,-0.5328309072569906,2.0192022558487888,1000
15,1.3012571443154495,110.4624847946233,1.9317892931108407,0.2184880830437667,0.884383234470886,1.7465830808988345,0.8730205015496667,1.7294937870812324,1000,1.248727431738068,89.8630116936149,2.226407744187228,0.27649133775968604,0.7269403542577543,1.8011329508593363,0.7068044097290834,1.7906504537470527,1000
16,1.5387135127107807,107.20447549614893,1.2163569212062886,0.2751622717905824,1.0376328254385425,2.1055642599197055,0.9993954600012392,2.0780315654203223,1000,1.673760935863551,96.14497215850515,1.6463496087805474,0.35804795506727344,1.0268548515482208,2.424630832089627,0.971986943931695,2.3755349277954068,1000
17,1.585778437702292,59.15267653039354,4.394135528411999,0.4230586198897807,0.8548963398561136,2.547957742978873,0.756583542718322,2.4149733326862624,1000,0.6414145208053466,10.365613762681402,17.39664999105709,0.7987491582097946,-0.7390787752948796,2.5543122133694762,-0.924133829285851,2.206962870896544,1000
18,2.268178439109566,98.32665976691959,1.5348074453698237,0.38739973623946605,1.5371648623886087,3.076870975124105,1.5088749560802124,3.0274819221389193,1000,2.5742321652281914,53.78680158284281,2.1994152703396317,0.5892075855129462,1.6136124916513657,3.8464574008685775,1.419385297622817,3.7290790328335657,1000
19,1.096328328994915,85.64205696926024,2.4593128649612543,0.27596185904915344,0.5213645709789171,1.616567142957072,0.5554430852585743,1.6372135727312558,1000,0.1463770106245299,22.724328444599937,9.69183521010705,0.6868794093603021,-1.3765065790680602,1.4261888779930585,-1.1999066317216622,1.492660652970722,1000
20,1.253947646062974,144.24667506657804,0.8027045464226563,0.17443460521734852,0.9336896553420312,1.6010704432869558,0.9120558198369708,1.595839472288977,1000,1.2968132448520033,113.01472900813424,1.600920296309828,0.25667470399978926,0.8719634328483297,1.8764440822195672,0.7937308250124164,1.7998956646915902,1000
21,1.329404637813476,96.52873063948573,1.7975184121036154,0.20120978079330692,0.9546309041735347,1.7492591372686914,0.9350334674585945,1.7237758081683576,1000,1.195099774640586,56.964755153596265,3.6763166510897167,0.4855925115661956,0.1174178473319977,2.1500069238395083,0.2433384519708427,2.1468610973103295,1000
22,1.5046929917728922,114.26868269156118,1.4465040521960941,0.19844379492051847,1.1223820624945013,1.9256362277995296,1.115743153728676,1.8936428298171084,1000,1.1358174633005795,42.71920890916361,6.242124053767745,0.682163100511349,-0.5338804730648692,2.222476191629125,-0.20122221370166438,2.4728571403028234,1000
23,1.2368238588070757,84.65819492171867,2.5806717448696523,0.23781183341150064,0.7928881595071577,1.7193309498268405,0.7707126653205345,1.7029350522936169,1000,0.7786842048464271,27.38055132428812,7.806755048305162,0.4088373180761506,-0.014045352428576983,1.5408176364353319,-0.022636938582828003,1.5800053482756822,1000
24,1.5196291881942212,111.93979404021621,1.3323581446648654,0.26512508627320364,1.0569137677134959,2.1052975440156176,0.9999840190987421,2.0392743572897003,1000,1.3392386297631182,48.179988107480696,3.676722907390509,0.5209537723322293,0.3740846053020979,2.389322823134855,0.3181692359919488,2.3603080235342877,1000
25,1.5869115990475562,103.66347858973913,1.5480397246071718,0.2681343650698355,1.132784522528325,2.1602016121058765,1.0613682435106786,2.1124549545844338,1000,1.7579499806372503,75.18223764311064,2.604494613687227,0.4181480556325114,1.0547436038511548,2.675704229009711,0.9383797915975279,2.5775201696769727,1000
26,0.8632169082282344,73.54684396274205,2.7694880020092483,0.30758413164109744,0.2466321974151064,1.4681390892262052,0.2603520102116834,1.4660818062447853,1000,0.9352333908876633,81.01445904512686,1.98982981486895,0.27588173713967706,0.42084527060484433,1.507087529379263,0.3945051860938963,1.4759615956814303,1000
27,1.3902420702334028,66.68022582601533,2.3956730636027745,0.31793344581339394,0.720507765483613,1.995885359095733,0.7670925164391508,2.013391624027655,1000,1.1867386717937456,51.1025706906426,4.051142118232884,0.33471899555159224,0.6170840157651472,1.9052318700862607,0.5306894405126248,1.8427879030748664,1000
28,1.5830452103388508,102.33302880131397,1.2118652024803358,0.20136763751318654,1.1701256185509998,1.9706447215721263,1.1883646408130053,1.9777257798646963,1000,1.0744297468600905,35.095477793023456,5.29495550223158,0.3579353428719773,0.3060944434714424,1.7588390653209152,0.37287647483101505,1.7759830188891659,1000
29,1.7938980054696674,68.01430867936817,3.7557583505586507,0.3366434016005989,1.2349726150693787,2.539444205068068,1.1340769383324936,2.453719072606841,1000,0.5199587651442972,15.523593536853339,11.158488657047496,1.2558387586404998,-2.2566202483501745,2.671294227853024,-1.9414852017910822,2.9814027320796765,1000
30,1.33950764749242,125.96785995487515,1.9651735474074967,0.1943258112902338,0.9651398217989484,1.720010481203673,0.9586290573635616,1.7203862376212782,1000,0.8397183680534122,59.883415673283395,3.9184711268256787,0.39128756255826547,0.060018451456041004,1.5904237134341241,0.07279474543921183,1.6066419906676126,1000
31,0.9619404428254525,140.85601675018103,0.942374797080119,0.19848999170522466,0.6231895923107201,1.3779417368433289,0.5729000590832123,1.3509808265676928,1000,1.1456590350168758,122.72500315841535,1.227911439000755,0.3317627806158233,0.6183005132614255,1.9311248726817112,0.49540398500986216,1.7959140850238895,1000
32,1.608896084426532,118.86627399019567,1.4085692889211108,0.3070224457185545,1.074549401746327,2.2816566735528494,1.0071320908181653,2.210660078034899,1000,1.6410087784299106,43.39849079789902,4.544446870095746,0.4930320855312148,0.7244494617069536,2.7272335682300937,0.6746658907887295,2.6073516660710916,1000
33,1.3039889623907186,96.54783012272571,2.463311135177077,0.3202750146823553,0.758120687198359,2.0104506265216773,0.6762499336133022,1.931727991168135,1000,1.5438820056816314,93.90952653745697,1.8744242424333872,0.3997791541909092,0.8302311575941761,2.4493250317124753,0.7603148634674494,2.3274491478958135,1000
34,1.5353777642788562,73.31059892778924,3.110505573674272,0.23276891437601469,1.1058047251635785,1.9757699925474133,1.0791506921018674,1.991604836455845,1000,1.4078140655853697,61.44590135789825,2.6577349441206364,0.3225346522323406,0.8276299954638728,2.1087104341262175,0.775646147209982,2.0399819839607574,1000
35,1.7645138656274058,96.99761264389218,2.044830756613554,0.28300374043598564,1.2475780284156903,2.3517121673768,1.209826534372874,2.3192011968819375,1000,1.604913171343197,61.7662702991611,3.185172770864864,0.4369258046728595,0.8362739712448962,2.508472579778524,0.7485385941843924,2.4612877485020017,1000
36,1.2630663832264883,148.58541027985726,1.005870885028858,0.23172507437811174,0.8597014720549753,1.7728467685300886,0.8088852374453893,1.7172475290075875,1000,1.1085866841268135,93.44156131046877,2.10559997406734,0.30957517586612887,0.5588852322620605,1.7467936547928575,0.5018193394292009,1.715354028824426,1000
37,1.5135770303419718,93.30944492723283,1.4113886890782892,0.2799298145613997,1.0221190465669405,2.11575946120977,0.9649145938016284,2.062239466882315,1000,1.3450215315037433,74.28423308837807,2.110292240036919,0.3391020522097852,0.7244347809077588,2.0466084695219426,0.6803815091725643,2.0096615538349223,1000
38,1.9402461766957355,77.64550534420567,2.8968793814568476,0.3101776102018383,1.3616361361719473,2.5581109158572817,1.3322980607001325,2.5481942926913383,1000,1.6022709755787505,43.85668975136798,4.0291289075388,0.6078907677573522,0.33157626158939885,2.7059235042167007,0.41080507077434025,2.793736880383161,1000
39,1.294200817256812,116.59070325482071,1.4916005300450308,0.2652870628455849,0.8325508970369753,1.8770425933238701,0.7742381740794656,1.8141634604341585,1000,1.6537915357138322,61.92012680525814,2.381951560342473,0.42013880899582434,0.986780066019163,2.610099428758058,0.8303194700820165,2.4772636013456477,1000
40,1.4995669044336752,89.9901832241423,2.1445181591113807,0.2734548992337072,0.9903833500658531,2.028162153619991,0.9635953019356092,2.0355385069317413,1000,1.3381809515628729,40.82362341965666,4.749396097780055,0.5934762676966899,0.3861761119932643,2.769116418359716,0.17496746687736064,2.5013944362483853,1000
41,1.4986636580388377,142.1337534984859,0.9569472204474552,0.2673827441034,1.0385310558498473,2.0766195941125485,0.9745934795961737,2.0227338364815015,1000,1.6879514865618794,41.31945522995069,4.265283551211905,0.4642049835517405,0.984618187789516,2.790647106354494,0.7781097188004681,2.5977932543232907,1000
42,1.1667166462389453,128.71443640660684,1.0212971497215642,0.24077881484180133,0.589959517590592,1.5746190038350871,0.6947901691490148,1.6386431233288759,1000,0.6769561876554975,76.45064969044004,2.9518355031675276,0.6984364158171489,-1.0994021411059791,1.4203019382955995,-0.6919791873461143,2.0458915626571095,1000
43,1.4095288668638717,97.73757508712217,1.5968930940757726,0.2859850601934144,0.9257153838926779,2.03429380332336,0.8489981488847794,1.9700595848429638,1000,1.0046945313524787,21.661674376095963,10.143223543420259,0.7566678128403775,-0.31311620732611833,2.6080838021884123,-0.4783743818146613,2.4877634445196186,1000
44,1.4872143873324588,121.66499627442764,1.1021069807177302,0.22604059045604116,1.0622376779970766,1.964129490093592,1.0441748300386182,1.9302539446262994,1000,1.310809972686676,85.8395913204937,2.8279310400107804,0.3006285614406952,0.7802977806879363,1.9413967025506462,0.7215779922629134,1.9000419531104384,1000
45,1.3025953420356564,115.97995536889323,1.642577967893696,0.20549762966811622,0.9598367338822965,1.7348210965245974,0.8998199878861486,1.7053706961851642,1000,1.284253734567209,106.09251328458444,1.6880903691935052,0.26667195325731397,0.8031495726431307,1.848199281347789,0.7615767061828735,1.8069307629515443,1000
46,1.355202903233612,106.2769127991655,2.100242656085059,0.20091302453602847,1.0014289421727105,1.7683212460898865,0.9614133751429961,1.7489924313242278,1000,1.2472520572273214,82.60674700576413,1.9817111584772091,0.27212210189755237,0.6835255460470174,1.7460597292769826,0.7138927375081188,1.780611376946524,1000
47,1.4085725820259123,121.51725460551081,1.582185748936844,0.18204529088842328,1.0600522215100412,1.7548994163752816,1.0517638118846027,1.765381352167222,1000,1.1131099769853274,52.079574845888466,3.9547314268240643,0.643782133471338,0.04960861019110875,2.5684404792472555,-0.14870300461849495,2.37492295858915,1000
48,1.5270187678872738,126.11671942841336,1.227578735959147,0.25799177334614964,1.062701342332464,2.0917056230760958,1.0213548921288205,2.0326826436457273,1000,1.295517946665429,89.19933762763199,2.7007510779920416,0.3745397131001535,0.6907989864042378,2.1839358417692623,0.5614201089891281,2.02961578434173,1000
49,1.2405658902941836,83.02883158007054,2.2066255908842733,0.26632850115483503,0.7625489536132058,1.7955180378356397,0.718562028030707,1.7625697525576602,1000,-0.09673027573052906,7.799702745638289,22.05852595289927,0.9849716958798851,-1.7385347209160151,1.9670667788919576,-2.0272747996551037,1.8338142481940456,1000
50,1.7966133822031576,94.24160938324088,2.018932489667292,0.33970815173960567,1.1729988401027083,2.535428389993268,1.1307854047935306,2.4624413596127845,1000,1.8330829651379892,79.39303827882364,1.882474104645728,0.4358982306832137,1.0449336221838126,2.7897833267574836,0.9787224329988904,2.687443497277088,1000
51,1.0431387634270306,127.19324615463921,1.520396405562469,0.20034768739258904,0.6413164442522031,1.4346310216676492,0.6504572961375561,1.435820230716505,1000,0.5659324011777942,67.09603971554569,3.082104504953243,0.3349054841167753,-0.1802255461249119,1.158338639138608,-0.09048234769108532,1.2223471500466738,1000
52,1.5551192310418966,72.79172745467966,2.6610110077906635,0.23674968888525638,1.1389465456999928,2.063763726621589,1.0910898408267942,2.019148621256999,1000,1.587926981703896,78.28634339356519,1.5360182646633065,0.2613962100079761,1.1124515823015642,2.1210738707048775,1.075590410088263,2.100263553319529,1000
53,1.544947070044414,88.41282413711457,1.8571524360500136,0.2585341526247892,1.0499038252928612,2.0673364098074565,1.0382201308998271,2.051674009189001,1000,0.13179558126544544,13.636269049565621,12.541365037607152,1.0291916280999576,-2.254498444320671,1.7980643580836209,-1.8854200098104714,2.1490111723413623,1000
54,1.1946905963899317,158.91175962901764,0.749019027760996,0.16939015740087196,0.8757206068708415,1.500085027867773,0.8626858878842227,1.5266953048956406,1000,1.1981061283708954,111.15495329507003,1.9067212664395257,0.21081309336423615,0.8328846786017994,1.6417676631745006,0.7849124653769926,1.6112997913647982,1000
55,1.5292241471785104,102.49624599936925,1.9142498927081435,0.2696377950587776,1.0233886029646841,2.0647230537485517,1.0007340688633062,2.0577142254937146,1000,1.3831526441333652,28.390743416329485,6.777427266689597,0.7712648268162254,-0.1118966381243757,3.1662845284359626,-0.12852641642643658,2.894831704693167,1000
56,1.9418833374372089,93.00302722650392,2.516063386063936,0.26497346403683847,1.4702945122495368,2.4940502601829984,1.4225353479250056,2.461231326949412,1000,1.8010377926588548,71.24313360196571,2.318294109111065,0.3273899873361576,1.1749850200959737,2.4468017063307075,1.159353417479986,2.4427221678377236,1000
57,1.3524684038850185,102.7079699217186,1.136407898304375,0.24950974498069425,0.9007013697231628,1.8446828761430185,0.8634293037228578,1.8415075040471793,1000,1.172482698488146,69.80600586067179,2.5281191332519786,0.3070848167859667,0.5994110878510982,1.7716026774371914,0.5705964575876512,1.7743689393886408,1000
58,1.5794809296443524,108.2981131215808,1.4905142094753514,0.23291209180668684,1.1712696585930937,2.0385348879720087,1.1229732297032462,2.0359886295854586,1000,1.1368529550400965,63.55387562936496,3.3924418734613657,0.3320769068272286,0.38738604025748924,1.7699618629786205,0.4859822176587284,1.7877236924214648,1000
59,1.6465421963027445,116.49689351537998,1.085330021038254,0.2921086125475755,1.0953722383091045,2.259814307917574,1.0740093157094965,2.2190750768959924,1000,2.1096426724079285,44.88169391623193,4.208659431056202,0.9664153579311053,0.90381367385275,4.539184212892788,0.215468570862962,4.003816773952895,1000
60,1.1473132625989249,48.986242621713345,5.5112465757775615,0.3615482499290647,0.5298459742123358,1.9237719877105108,0.438678692737958,1.8559478324598917,1000,0.8278377362616127,22.772577525716912,8.202740453450078,0.5905006865728996,-0.1683661487235352,2.1956666434796324,-0.3295436094212705,1.985219081944496,1000
61,1.3668313819516729,148.10159402487014,0.845307102457534,0.21142052590578925,0.9561788510783961,1.7790313026969367,0.952447151176326,1.7812156127270198,1000,1.1809919614443312,95.2670368191034,2.4206781032440063,0.2936834274292149,0.6295494557818887,1.7965132700521103,0.60537244368307,1.7566114792055925,1000
62,1.1573316251709709,128.93551870095516,1.1803534068697574,0.24209916251267574,0.7521721791070713,1.680823201009803,0.6828172666461264,1.6318459836958152,1000,1.0086532802928843,80.08981673673965,2.5333072345205463,0.415906480102552,0.1819706214609311,1.7607899381742431,0.19347657929188233,1.823829981293886,1000
63,1.68893439051716,64.67163368494761,2.958407847714998,0.3060604205710488,1.179615726397755,2.317210495085437,1.0890559661979045,2.2888128148364157,1000,1.6752086952756762,55.95948585382939,3.9509826789597775,0.37075102202627475,0.9260725973418024,2.3831000157803843,0.9485366921041777,2.4018806984471746,1000
64,0.8894246087451838,149.72014881031404,0.8216856985416342,0.21285594252148754,0.5003201380962832,1.3227512219156394,0.47222696140306825,1.3066222560872993,1000,0.8886501569297978,95.23393564795033,1.8535890415861485,0.31548518876137915,0.32208591283058413,1.5858511581364205,0.27029918695749466,1.5070011269021009,1000
65,1.1200969315662666,130.76874377068071,1.0174920403307306,0.20095128481343716,0.7444515540038912,1.5388910268459084,0.7262324133319298,1.5139614498006033,1000,0.7026751641701656,72.3626959937892,2.7364833139903966,0.34335889369678646,-0.058876245570449924,1.303393510911617,0.02969173252446422,1.375658595815867,1000
66,1.5381401592848316,101.09074572539278,1.800240789631265,0.2613721182238275,1.0607123007447719,2.1085302668390478,1.0258508075661297,2.0504295110035335,1000,0.9521893891066857,59.87980475612032,3.6461650177830127,0.5268678033532005,-0.10592683243382928,1.8904264515251774,-0.08047150546558712,1.9848502836789585,1000
67,1.2153989077342298,155.18253465635243,0.9903249278407322,0.2131295970784976,0.8373634126388928,1.6594856362421238,0.7976648974603744,1.6331329180080851,1000,1.5334811910734412,119.86798574331779,0.9889810637053831,0.3388167531120223,0.9961767972756902,2.2821388584068885,0.8694003549738775,2.1975620271730048,1000
68,1.8095435558717061,78.62714865604306,1.8184314290311787,0.3578320305331239,1.190914966351358,2.604788927822383,1.1081927760267831,2.510894335716629,1000,1.9901230172098043,76.3748830514804,1.6653940638160505,0.42909597232152574,1.2392064332693595,2.893674302380974,1.1490949114596138,2.831151122959995,1000
69,1.641600691438752,129.34730148981575,1.0144139214281482,0.2676891191414984,1.1241798204142335,2.1674715857534563,1.116930017921415,2.166271364956089,1000,2.049887722658343,57.449109491563654,2.95520292328259,0.47414206481874605,1.3191751376258174,3.173746326792357,1.1205692756136008,2.979206169703085,1000
70,1.4919241860892045,125.62239984926585,1.381507722621566,0.3151612919367872,0.9291071044368548,2.1528758804614556,0.8742080538931016,2.109640318285307,1000,0.6044563805420786,21.552893286032717,9.99527309479049,1.0380089158522392,-1.4875686862583861,2.651256622910141,-1.4300410945283102,2.6389538556124674,1000
71,1.4702454773774445,81.06544702755846,1.8708492789011635,0.22009260710059866,1.0540802308511383,1.9212290468826931,1.038863967460271,1.9016269872946179,1000,1.2678332942497272,63.85387199940686,2.6470003891853433,0.2625127952104532,0.8135238680761498,1.8343105102258104,0.753308215637239,1.7823583728622154,1000
72,1.4339514491531524,116.96852520276815,1.8750881546508569,0.2806140233748306,0.9479365807662121,2.029167856597982,0.8839479633384845,1.9839549349678203,1000,2.23134742030323,84.87330000395208,1.874052821566079,0.7048460943558217,1.3902482112638024,4.326560042172147,0.8498490753658194,3.6128457652406407,1000
73,1.307385932864725,72.2922733353356,3.075223974200554,0.3015611598256882,0.7486714987531441,1.9162896121944375,0.7163260596063762,1.8984458061230738,1000,1.0366912771753598,42.149458501663105,5.0678954568614225,0.434806029172023,0.08575045640945453,1.8484693740617646,0.1844714599981948,1.8889110943525247,1000
74,1.7465441640017731,69.5171892033155,2.7375750791344795,0.33124523785739823,1.1368280498530499,2.426065747395573,1.0973034978012728,2.3957848302022735,1000,1.4055297591954456,62.897103609174344,2.387042176212714,0.3001437314082066,0.9407449160151096,2.085877179423753,0.8172480456353607,1.9938114727555307,1000
75,1.3573596451830667,84.94797351754195,2.470531441367938,0.27409111619902415,0.8692586146355198,1.946721802555555,0.8201410574329794,1.8945782329331542,1000,1.0463417972540534,34.66980883950823,6.492634664286873,0.4761380262166249,0.07419070265792359,2.040074586462736,0.11311126586946862,1.9795723286386382,1000
76,1.1293556787924435,87.44602985300862,2.029162811336704,0.27189899640465376,0.6374012953604641,1.6989300566817493,0.5964336458393221,1.6622777117455647,1000,1.4848992084275245,72.94294489448629,1.9810046122955056,0.3287523078536064,0.8583252782493027,2.1847295356220453,0.840544685034456,2.129253731820593,1000
77,1.2443193615939867,100.77812852115919,2.2779157713304743,0.2813678921741152,0.7977532464276402,1.8800231330271033,0.6928382929327209,1.7958004302552526,1000,1.236936730228661,75.94085172204723,2.6888271618027355,0.42885867583849563,0.3866855668181184,2.130801702709989,0.39637372558520945,2.0774997348721125,1000
78,1.4875092860579495,95.91732368164585,2.1653268278948437,0.3033235857778049,0.9214019204138343,2.1087630177669827,0.8929950579334519,2.0820235141824472,1000,1.314247779982653,50.02909420550877,4.002031696363998,0.44082126067646765,0.46992785296965794,2.173669786223761,0.4502381090567765,2.1782574509085295,1000
79,1.5215801371050477,87.69902512193617,1.7732984495396733,0.25810670961750687,1.0634642017106144,2.0583120540250937,1.015690986254734,2.0274692879553613,1000,1.377118587611993,74.73101743312917,2.0470773548839833,0.3157157881899419,0.7723790801223566,1.9981100174505033,0.7583156427597068,1.995921532464279,1000
80,1.6918132252761704,86.57206452329191,1.7778420896605232,0.2902326164164587,1.176943118044784,2.3333536583841425,1.1229572970999113,2.2606691534524295,1000,1.659139746312845,60.39540178774671,2.568002922491395,0.36335833167570314,1.0193103820130753,2.4546232486360333,0.9469574162284669,2.371322076397223,1000
81,0.9393622387362,125.31200186182362,1.5679407802999026,0.20671695755244024,0.5458659793238475,1.349995990276033,0.534197001933417,1.3445274755389829,1000,0.9714323250252752,109.64934788956909,1.4623471383957451,0.2765724215277599,0.4456535548136425,1.5212758012253567,0.4293503788308658,1.5135142712196847,1000
82,1.176733711625789,106.89516200791986,1.7391073639086447,0.2200389081565371,0.7767320012278347,1.6232701200726405,0.7454574516389763,1.6080099716126017,1000,1.3118599364064454,77.96671335677267,2.5499005946235807,0.29680474992037875,0.7129761016156947,1.8796269346475876,0.730122626562503,1.8935972462503878,1000
83,1.5954236607245158,104.64128511181457,1.6372853896212216,0.26621041490697356,1.1303078312512962,2.1636765570017613,1.0736512475068476,2.117196073942184,1000,1.686256579286673,79.0129549689324,2.592246771422318,0.3728486829521006,1.0490305385718313,2.5121727507472515,0.9554731607005559,2.41703999787279,1000
84,0.9006002300458131,149.11216101317578,1.025967821309233,0.2333308471728449,0.4856218177650157,1.4033116948576574,0.4432717695870371,1.357928690504589,1000,1.0069020748391233,88.25293259181393,2.4396475012311174,0.4868506849903291,0.1962152165251509,2.2028700916251918,0.05267473225807828,1.9611294174201683,1000
85,1.0653796517107152,139.8141274240108,1.1708336476703558,0.25043739958567535,0.6558143513632746,1.5958601622986723,0.5745223485227916,1.556236954898639,1000,1.7491137684564175,105.43212913685421,1.8656205657294789,0.4539346390917684,1.0224465242255516,2.777319303707358,0.8594018758365515,2.6388256610762837,1000
86,1.3876756638294467,87.94919190044118,2.6046547483232483,0.26347397028401187,0.8803144621943294,1.9193845724247636,0.8712666820727835,1.90408464558611,1000,1.5812444790979108,78.88781957243958,2.135956570545521,0.2917465669917983,0.9755498427069567,2.1377005010565386,1.0094212077939861,2.1530677504018354,1000
87,1.7936919690928506,82.70007129711527,2.556573902636119,0.3057762082608723,1.280010511183022,2.498481210000215,1.1943706009015407,2.3930133372841604,1000,1.5177892597405798,82.27871175050748,1.5269457790087135,0.3043268715062665,0.9520362232144104,2.1458212959785063,0.9213085915882974,2.1142699278928623,1000
88,0.9710577967035603,94.37011285177992,2.6279426568247843,0.18396968220319418,0.6414604977997153,1.3546851536763207,0.6104772195852997,1.331638373821821,1000,0.6379052339229423,70.94900025252996,2.4961205021272823,0.22799853301351095,0.23606461667816817,1.1461796447231969,0.19102810921646085,1.0847823586294236,1000
89,0.9588832031781749,141.72847482172202,0.9655471442460083,0.21076430674811594,0.5772855794405283,1.41580474003056,0.5457851619518677,1.371981244404482,1000,0.8132444471289859,60.98979715390899,4.619946693827592,0.2806634667443899,0.29152258698787736,1.3713247499639185,0.2631440523099817,1.36334484194799,1000
90,1.1253800927082236,114.69686695947048,1.6574837152402084,0.21411199689438956,0.7136901484266659,1.5455748532610531,0.7057205787952201,1.545039606621227,1000,1.0947753836742709,89.96150578474982,1.823970773094432,0.27898818147854504,0.509041396911939,1.6682746475963026,0.5479585479763226,1.6415922193722192,1000
91,2.166446709854813,90.33139060884646,1.3959275226946188,0.31531664454283037,1.5970698855165895,2.841458353741806,1.5484260865508652,2.7844673331587604,1000,1.8672796912391287,56.335034313661026,2.750551255631113,0.37755350402908505,1.1670292552304462,2.669923061701064,1.127274823342122,2.6072845591361355,1000
92,1.2514951038226083,121.053502158328,1.1073890775041932,0.22144848938386236,0.8361021394063195,1.682303146486262,0.8174560646302381,1.6855341430149786,1000,0.8546060174552514,39.883991997970064,5.690709369892436,0.4083807008106696,-0.04157711346170797,1.6157621373324549,0.05417984386633912,1.6550321910441639,1000
93,1.7230469813899687,110.39395926110494,1.3990656544663072,0.29083019109555974,1.1862603965556713,2.342992033340352,1.1530198068426716,2.2930741559372656,1000,1.9229334371236257,84.77006908594588,1.7675614519184348,0.3684225964006195,1.2437583663771503,2.70972012243598,1.2008251481784116,2.6450417260688397,1000
94,1.1839934963446166,106.65506702973735,1.680439744275804,0.22375799075672304,0.7464995389034308,1.6345980504974154,0.7454278344614395,1.6225591582277938,1000,1.1226730654767922,69.59671359614696,2.184482280120317,0.29826923088848767,0.4767003638855087,1.699219879322842,0.5380653729353564,1.707280758018228,1000
95,1.883155552116361,113.85281903952927,1.6325625369827752,0.2869342158442216,1.3374568692769238,2.5096737803443143,1.3207644890616868,2.445546615171035,1000,1.7437274211786882,68.05469115800739,3.835537544113142,0.4136578356958703,1.030059291024975,2.6470372706691627,0.9329580632147825,2.554496779142594,1000
96,1.4857091413293664,151.61046735121283,0.8745584926703913,0.2587122090881826,1.0367491281521497,2.0427536572888148,0.9786332115165285,1.9927850711422042,1000,1.9564650409382944,73.92389738517944,2.0414983883445252,0.5258481833985907,1.1714132576107934,3.2575315364586257,0.9258026014770566,2.9871274803995322,1000
97,1.1386855499169295,128.11177546175585,1.5445818477743645,0.2000137549524573,0.7598818052773919,1.5484673928875876,0.7466585902101133,1.5307125096237457,1000,1.2525369912703308,92.66746510787362,1.4522358181188324,0.6199832126178543,0.7310321178309884,3.0646136170800884,0.03736989453933637,2.4677040880013252,1000
98,0.9958749446082833,148.7542306758794,0.8247296849000147,0.2006886884636298,0.6355472431274984,1.41163192454267,0.6025251152195689,1.3892247739969976,1000,1.135657589352299,107.40621595770482,1.1437896821995344,0.30765216435392223,0.5972735511531261,1.7840881349360331,0.5326593472186115,1.7386558314859868,1000
99,1.9124290424792394,70.99649991154543,3.0508046656500003,0.31216110983433415,1.3652666175937667,2.5869193485330237,1.3005932672039444,2.5242648177545344,1000,1.7298628947638983,32.67962317465672,6.788494326360202,0.3695612262296916,0.9383881920506367,2.4010019731474337,1.0055228913537029,2.4542028981740938,1000
100,1.2693568286342407,118.01864327643125,1.4162841774469481,0.2437733762084949,0.819717928960725,1.7636401024603794,0.7915610112655906,1.7471526460028908,1000,0.4203880820529342,35.199007753942446,7.244828661937593,0.6755475680804486,-1.1274986305942465,1.5957922230821238,-0.903685151384745,1.7444613154906135,1000
101,1.4817581920893876,80.00995361218638,2.5233000614674665,0.3018316068854591,0.9381529719426434,2.1082941305336207,0.8901682425938877,2.0733481415848876,1000,1.3372445603302134,68.84993378721859,2.6441341491741466,0.3847989893568757,0.6186967537040791,2.1238811028060254,0.5830385411907372,2.0914505794696896,1000
102,1.4926527998447783,128.04725533707162,1.5646363466771538,0.22413091413859226,1.0358161597027773,1.927616472769943,1.0533562081331374,1.9319493915564192,1000,1.698147355123805,76.28818354104283,2.548813519048735,0.6874819637368148,0.7393679736789467,3.3743568894387623,0.35068270619964803,3.045612004047962,1000
103,1.2199374247943569,124.83205572885404,1.215613578123769,0.19868048187341716,0.8616690585335854,1.61557710893196,0.8305236803224592,1.6093511692662545,1000,0.7938941086463722,41.4948103471122,5.17963458210129,0.3789163287061782,-0.0010132259083212294,1.6226015120839583,0.05121810438226293,1.5365701129104816,1000
104,1.3437434837410527,129.32830917153015,1.4071645277083784,0.1943258366762566,0.9596552250303603,1.7318852765601653,0.9628648438555898,1.7246221236265156,1000,1.0351703739686489,32.75359810001338,7.484586454894277,0.6688478571240589,-0.45730088658588974,2.249886076359008,-0.27577142599450655,2.3461121739318043,1000
105,1.5682584173269192,131.7507573049848,1.0469096326502654,0.2359646612961279,1.1412288175532592,2.0802295561488022,1.1057676811865085,2.0307491534673296,1000,2.203022061980872,44.02370227896479,5.279691761409163,0.5377146638680907,1.2083002493433592,3.3139562548676995,1.1491013207994139,3.25694280316233,1000
106,1.6419670807685547,128.23028931350447,1.3827112010467302,0.21983627889822963,1.2446373722066695,2.0972170657506157,1.2110879741280245,2.072846187409085,1000,1.496889056462309,83.9237130765114,1.5793447664053226,0.3311561785507642,0.874164537747732,2.1716749406313225,0.8478229465028112,2.145955166421807,1000
107,1.4181807041717431,133.4273577274279,1.1695726737133367,0.26578477212127827,0.9537224295458132,1.9468220682211483,0.8972425508140377,1.9391188575294485,1000,1.8673599357698096,74.48473105532827,2.361558194401415,0.41421660774902724,1.1234977834153435,2.6895492773030507,1.0554953845817163,2.679224486957903,1000
108,2.0261908641642314,61.325945230558105,3.014580709444358,0.32479996699250263,1.4948126158936588,2.735832951513711,1.3895829288589263,2.6627987994695363,1000,1.853909707941139,43.7010170937843,4.9772418646032195,0.34726516969893284,1.2491855620941097,2.6037684195544335,1.1732699753312308,2.5345494405510474,1000
109,1.693893700396583,63.93242733075052,3.243702356797848,0.23852320267127292,1.2439182594712677,2.1847503430613813,1.226388223160888,2.161399177632278,1000,1.3575850604962043,53.3249820211683,3.2051539863121565,0.27385011500205253,0.8200381742530376,1.8849955882282818,0.8208388350921814,1.8943312859002273,1000
110,1.6037594287735626,111.67560760826602,1.3722056007792478,0.2521508954871404,1.121037369562913,2.111363053109294,1.1095436736187674,2.097975183928358,1000,1.7434920895350972,67.06212567800053,2.1951164576812996,0.5279648577964374,0.9279988162227095,2.931141748066092,0.7086809682540798,2.7783032108161145,1000
111,1.2349905670687589,126.95635147663336,1.249192456135857,0.24187123861065324,0.782030762725179,1.728920664704602,0.7609229393918786,1.7090581947456391,1000,1.2717597435885484,79.82661228949071,2.3789916728136227,0.3695980215536643,0.581946264835081,2.028529928457847,0.5473476213433665,1.9961718658337304,1000
112,1.349440732804446,137.4952922066791,1.2338019715744626,0.21799477304097015,0.9288790057061478,1.802016148487516,0.9221709776441445,1.7767104879647475,1000,1.2943695508814486,76.42783937294485,2.461175075140916,0.25611941260828747,0.8153676613447302,1.8346865312210205,0.7923755021692052,1.796363599593692,1000
113,1.347034184413813,74.1280421077038,3.339330548058085,0.24730485196287533,0.8259057205257399,1.8161775990890363,0.8623166745665773,1.8317516942610486,1000,0.4045955283259812,42.942442359766304,5.879226591073215,0.5951044163185858,-1.06105078253109,1.334334506694597,-0.7618091276584469,1.5710001843104093,1000
114,1.2399640682851667,125.99842920521345,1.3932151467212732,0.213214635215131,0.8771554496486562,1.7069211953503978,0.8220633832635099,1.6578647533068236,1000,1.1913974237934435,50.2893810562052,5.305431722830982,0.42257832376024246,0.41445298617378873,2.151171802650502,0.36314390922336826,2.019650938363519,1000
115,1.5568880141695163,120.06663846088951,1.4198471171880032,0.23635278693797523,1.1613863442637014,2.076210001835537,1.0936365517710849,2.0201394765679477,1000,1.3763290934280838,83.84158653099007,1.486091150207579,0.3208271312207767,0.7838309548579857,2.065351135577265,0.7475079162353615,2.005150270620806,1000
116,1.4907879242254454,108.37608598891576,1.693504587329344,0.2746987620614712,1.0474872362925733,2.1280300992280363,0.9523783505849618,2.029197497865929,1000,-0.5741865771165324,6.02126445988234,29.794502923940488,1.234471141978299,-2.5252701517957283,2.3893791663963078,-2.9937500153939984,1.8453768611609336,1000
117,1.1575495443045942,66.20258650633298,3.3102272858609423,0.4665901550597941,0.10500209373403069,2.0604560567106756,0.2430328403873978,2.0720662482217906,1000,0.4642030978350937,37.529003218067714,5.652400633130598,0.9227920582592969,-2.019536075439017,1.5765416892167676,-1.3444693363531282,2.2728755320233156,1000
118,1.1030484338218267,97.42283702374442,1.7869136175626978,0.2490540255005321,0.6556982342706662,1.6343719625760942,0.6149025438407838,1.5911943238028696,1000,0.8680751960004538,50.31293902614527,4.54439584890155,0.49826846633010186,-0.21460354620049546,1.8013916788454287,-0.10853099800654586,1.8446813900074535,1000
119,1.784043366615919,118.81818223730697,1.1078952189252742,0.3298096481991263,1.2166828951144828,2.4692184894567086,1.1376164561456314,2.4304702770862066,1000,2.1792396372494203,76.6693736879166,1.7131879828699315,0.5537523347712744,1.3347754407454069,3.451902851858974,1.0938850610977224,3.264594213401118,1000
120,1.6795525510870115,88.39903423477651,2.4211008639142273,0.30417989436148807,1.141394923306309,2.339472918397248,1.083359958138495,2.275745144035528,1000,1.4283370980451169,74.7652241129172,2.9922732448588856,0.3773775125621335,0.8327386465342681,2.2734071580443027,0.6886771734233352,2.1679970226668983,1000
121,1.6225714213371354,115.66922141868844,1.5438203161415749,0.25919534353618984,1.1637762913778735,2.1693131831792054,1.1145485480062032,2.1305942946680676,1000,1.450659068114212,46.488878938244255,3.407444516350783,0.40912349433369627,0.6878920954080869,2.299638007745336,0.6487770192201673,2.2525411170082568,1000
122,1.4296824187730968,174.3490389127194,0.5788907103521367,0.2539386969250555,0.9773737659691749,1.9687765352326199,0.9319625727999881,1.9274022647462055,1000,1.91577827875684,92.57662809424608,1.498058033559245,0.3717035503987475,1.2511668876843114,2.7088118397644116,1.187239319975295,2.644317237538385,1000
123,1.666189877580277,124.07436441754398,1.1995764464906666,0.2976007880946638,1.1231031093767412,2.258377144521718,1.082892332914736,2.249487422245818,1000,1.3413184035311567,39.0252451511096,5.957674805151002,0.7633590305376623,-0.06093163178508928,2.839921916255159,-0.15486529632266133,2.837502103384975,1000
124,1.694658781249525,81.1859355094635,2.2221990770951248,0.31709149747908666,1.1216046745545831,2.323495460468143,1.0731594461905152,2.316158116308535,1000,-0.27855681581553604,5.6890032502624726,29.709271005123657,0.9926272866236245,-1.8225656203521623,2.0167745186684534,-2.22410629759784,1.666992665966768,1000
125,1.3188421235821655,90.00658677651636,3.034924187157289,0.2229548543046126,0.9109994849326071,1.7856046775072807,0.8818506091451248,1.7558336380192061,1000,0.9906843712951219,72.50511916504698,2.9169091767107362,0.3294236068958977,0.2759097757837951,1.6261582154966596,0.34501410177916236,1.6363546408110814,1000
126,1.3333054348981526,133.84870383219624,0.9590328846973979,0.26433468554181166,0.8954067879451209,1.8897593639897228,0.8152094512362017,1.8514014185601035,1000,1.544589019479706,81.78669724811716,3.1554345662194576,0.3879688390879319,0.8681438911057926,2.3917992954172944,0.7841700948673596,2.3050079440920523,1000
127,1.471404503369053,94.0284110728404,1.986385872189259,0.26565683922135613,0.9992785629184283,2.0724723733139876,0.950717098495195,1.992091908242911,1000,1.5767647583141344,87.4329627663262,2.1929355333555667,0.3612678568191758,0.9608954651871562,2.3887891854480827,0.8686797589485499,2.284849757679719,1000
128,1.7527729977222277,79.31305798258424,2.9443489466512087,0.38656281501803896,1.0908117082110496,2.621807746230629,0.9951098802868714,2.5104361151575842,1000,1.3137470058541993,70.68022607004647,2.658016483564612,0.35496890458106306,0.6449860764073712,2.062315589149592,0.6180079528753157,2.009486058833083,1000
129,1.327362577161232,159.17866559576933,0.672264336889043,0.20614441660434396,0.9455371795446068,1.7485342846873189,0.923319520616718,1.7314056337057462,1000,1.3403670533974161,87.223677711372,1.7330761287407528,0.2891635996495383,0.8058636973108892,1.9092411827634435,0.7736063980843211,1.9071277087105112,1000
130,1.4126538077350803,78.77899819480277,3.0610127013532735,0.2538719071842008,0.9280046810750316,1.9453585458130465,0.9150648696540469,1.9102427458161138,1000,2.04610317956268,69.71076475492268,2.625618018146626,0.42755281538899825,1.3722075217179885,3.02736311047675,1.2080996614002433,2.8841066977251164,1000
131,1.745313644172427,122.74914163512155,1.0893255257255456,0.2243074479659485,1.3775006353684385,2.258074136536508,1.305671046159168,2.1849562421856863,1000,2.0025220734754914,44.12095888157118,4.236505515793229,0.9745344418194484,0.41452880232179096,4.620148389240039,0.09243456750937251,3.91260957944161,1000
132,1.2400499473774942,117.90675691833825,1.626391710640541,0.19825769886603417,0.8471610523994657,1.6209835220161595,0.8514648576000672,1.6286350371549212,1000,1.0985825509889047,104.61526046477137,0.9427113516104504,0.2204921047310738,0.6281347727465846,1.4869664852757394,0.666418025716,1.5307470762618094,1000
133,1.3988844492147194,126.03394426113934,0.9732517412430567,0.25139109889896755,0.951034221284244,1.9517586573857009,0.906157895372743,1.891611003056696,1000,1.4437881604474856,73.87966837881696,1.916278011348046,0.36469331079970757,0.784250409774234,2.250692128892304,0.7289892712800587,2.1585870496149124,1000
134,1.6807467575717285,113.86442918707188,1.1422841511478468,0.2562162586185497,1.2134050269263454,2.185740611710279,1.178562890679371,2.182930624464086,1000,1.7171173207502535,87.2283843942787,1.6271090157852124,0.32057335449009194,1.1046472059107943,2.36419233927123,1.0887935459496734,2.3454410955508336,1000
135,1.46602042071139,106.71631580114207,1.5900100779792743,0.21950163265966932,1.0818316343679488,1.9187156710279323,1.0357972206984383,1.8962436207243418,1000,1.3973598341777669,45.48752460431789,5.243630430555566,0.46398452904492415,0.6143773237783707,2.4828008047945005,0.4879501572497156,2.306769511105818,1000
136,1.4406254221337247,108.41097527313914,1.689654599697,0.26373475577440203,0.9760836511835901,2.0233894905130225,0.9237053008158967,1.9575455434515527,1000,1.357851442923121,66.57733571391337,2.6347774995446844,0.393405442766564,0.5508819995635026,2.1237596246900057,0.5867767751006556,2.1289261107455864,1000
137,1.5097828280134555,81.97885754771566,2.739044302978828,0.3267276995758281,0.9480824988827042,2.2346661627798956,0.8693965368448325,2.1501691191820784,1000,1.6244834561369874,70.48828831532852,2.153524914588214,0.40116158581517175,0.9142531171823731,2.490883277390627,0.8382067479392508,2.4107601643347243,1000
138,1.8426042695973055,134.3809429656108,0.869696298205375,0.2625728478679919,1.3652058256490485,2.384445206048262,1.3279614877760415,2.3572470514185695,1000,1.2214914151922276,27.01038857968599,7.477472965564291,0.8448150505389668,-0.46735967304802756,2.872187091737215,-0.4343460838641473,2.8773289142486025,1000
139,1.8502241853612131,100.20815819910307,1.7836185587965265,0.2425845025071734,1.3923026324455139,2.362434716522088,1.3747585604471533,2.325689810275273,1000,0.4322524112457984,12.81589856307246,14.56673751563415,1.1331773675899466,-1.5402030368111104,2.715524585548654,-1.788775229230497,2.653280051722094,1000
140,1.697998308767195,107.89677057360156,1.5419785046643477,0.28740628529896106,1.1557650042103043,2.2877082238650415,1.1346819895812312,2.261314627953159,1000,0.511634466959972,18.050384455842902,11.85648165691985,1.224553979695614,-1.9822765339951267,2.7320836002963325,-1.8884913332434312,2.911760267163375,1000
141,1.2199593000319064,120.03918338097728,1.215144747803562,0.227341927514354,0.814110589624934,1.6955987683135612,0.7743691221037726,1.6655494779600404,1000,0.9683900846237588,53.333452686201205,5.002298034312656,0.473436425557413,-0.00128563358914826,1.8219757442394635,0.0404546905312293,1.8963254787162882,1000
142,1.525606480996463,122.61601907877001,1.1366363172284806,0.2451948096792446,1.1158617307807552,2.0368851453585384,1.0450246540251436,2.0061883079677822,1000,1.3602933237749346,84.96560700296463,2.5794882768229437,0.408809672366343,0.5733965956653906,2.156370888052161,0.5590263659369022,2.161560281612967,1000
143,1.5388903110131502,128.1113219011727,1.300384138375505,0.2105025059144859,1.1591763365555763,1.9793421460672036,1.126305399420758,1.9514752226055425,1000,0.9925528939419115,41.48127916456846,6.2180767728041815,0.5204664372121024,0.058335124645431606,1.9649173562239317,-0.0275613229938092,2.012667110877632,1000
144,1.5549212331008813,101.45274713933111,2.322652070348961,0.25213908717228006,1.1426360481028566,2.1200320698257222,1.0607286222432124,2.0491138439585503,1000,1.408144831880843,52.326176073310904,3.716432686913134,0.5824091781251882,0.5684968256657533,2.969815955504934,0.266622842755474,2.5496668210062117,1000
145,1.5233049080957433,123.02205421405856,1.2765070632845523,0.2785264234491942,1.0280199587623982,2.1136688082023567,0.9773931181353226,2.069216698056164,1000,1.9183446793136119,87.67434307376011,1.3878592918719705,0.4106384393748903,1.1595887035204224,2.7550711915042334,1.1134933381388268,2.723196020488397,1000
146,1.20133722125114,101.67489831484224,1.7507113722179923,0.2504060635974587,0.7257298692653649,1.7187284700725838,0.710541336600121,1.692133105902159,1000,0.9573408210605767,59.35766636797488,3.2162864714950317,0.45174725591349696,0.06477299934658073,1.8058971001891087,0.07191619947012273,1.8427654426510307,1000
147,1.006223165709645,106.4834714799256,2.1047194974290075,0.24341475983364622,0.5473309388529302,1.487393656667883,0.5291302364356985,1.4833160949835915,1000,0.7870035322477014,57.48567349149504,4.489872297544823,0.3756854386805473,0.007506438533178388,1.4884178568192794,0.05066007243382864,1.523346992061574,1000
148,1.33938074825244,72.83550879748299,4.123702150574467,0.2857172114734207,0.8402786001891898,1.9288643369405936,0.7793750137645354,1.8993864827403446,1000,0.6120424976061578,44.41830852360604,5.770273455373452,1.0429866011683808,-2.3356371541049783,2.107641294792132,-1.4322112406838685,2.656296235896184,1000
149,0.9728517670942651,107.95686961137899,1.952487800592799,0.2821710429797728,0.3690050134769959,1.493811487237563,0.41979652285391045,1.5259070113346198,1000,-0.030183025844599864,35.30616910061695,7.56639527555939,0.9692721693301886,-2.313581901888306,1.329084279189218,-1.9299564777317695,1.8695904260425698,1000
150,1.2159465015681743,140.41939828153153,1.3459932057273223,0.250943856530773,0.7434105603866261,1.7059648935860954,0.7240965427678592,1.7077964603684894,1000,1.3809897964360083,103.09864213463281,1.3757877568308332,0.35386651636522337,0.6799259857402564,2.040358475675965,0.6874114243601704,2.074568168511846,1000
151,1.5168687339955187,67.0725923910672,3.2102744740839553,0.316521267723933,0.9038190662165987,2.1339507820767403,0.8964870492566099,2.1372504187344274,1000,1.0486317348140397,44.11113532760553,5.393621134565242,0.5714192924290622,-0.30207481881167814,1.8967194031617782,-0.07135007834692209,2.1686135479750015,1000
152,1.48267681628745,136.9412015284346,0.9777099141302726,0.2778542587199801,0.9900929076029712,2.046572381816365,0.938082469196289,2.027271163378611,1000,1.276468858940654,46.85137601448694,4.344528387339107,0.49333986821162684,0.21723184687980449,2.1983691224316515,0.30952271724586555,2.2434150006354425,1000
153,1.4325554169646646,114.30608703257049,1.3336085895532583,0.21622832148542617,1.0688813838228832,1.8971176542995791,1.0087479068532292,1.8563629270761,1000,1.5209809204369338,98.00099151799135,1.2501049957582857,0.2872268782124755,0.9824901786366117,2.107663758826405,0.9580162391404818,2.0839456017333857,1000
154,1.521211670332156,104.39318029725065,1.2330814771995777,0.27614627931249547,1.0646620026841933,2.118695446809891,0.979964962879665,2.0624583777846475,1000,1.4935710237075668,87.29032713817284,1.2781324527557765,0.3524599629735083,0.8273268189372276,2.196309914704235,0.8027494962794905,2.184392551135643,1000
155,1.4976358176993254,128.50604454008484,1.0874841108042648,0.2701302614958267,1.012761054022432,2.0423613002229475,0.9681805051675051,2.027091130231146,1000,1.5104320397548165,49.385523375658806,4.815936688784189,0.6155948423731447,0.40760558123088503,2.7776345435048766,0.3038661487034531,2.71699793080618,1000
156,1.385994422007705,112.14785660486038,1.6109341226564575,0.2732852727800915,0.870667118614509,1.9274106907639206,0.8503552873587256,1.9216335566566842,1000,0.30584687375327446,12.997555977333366,15.654205759272813,0.8074082996559083,-1.445745331434973,1.8328327305464716,-1.2766733935723058,1.8883671410788547,1000
157,1.591273227704539,134.20841312854486,1.2986662168159284,0.20828539919054845,1.1894467409395344,2.006029288614375,1.183033845291064,1.9995126101180138,1000,1.4504753092698832,52.37233725764555,3.9064447419635675,0.40720591707581066,0.576361890709584,2.16690593394148,0.6523517118012944,2.248598906738472,1000
158,1.4569213019005804,96.69541874063385,1.6813093082243302,0.26302338789081103,0.9886908357453651,2.0310298973487133,0.9413954616345909,1.97244714216657,1000,1.4216258156551878,56.26679574202516,3.9296660575533617,0.4222290628881123,0.7880126042803859,2.4786890749451604,0.5940568523944877,2.249194778915888,1000
159,1.7860227332256537,142.66073239937154,1.1985744926213446,0.25522441307669297,1.3128880000845378,2.300846445399032,1.2857828835953355,2.286262582855972,1000,1.9166110837909172,72.7711276255693,3.263938743328522,0.4982383983834156,1.0419937292080255,2.981734775626206,0.9400638229594226,2.8931583446224116,1000
160,1.2006487970918052,101.5319664358874,1.5845691336716525,0.26869840213922697,0.7248128485833928,1.7488684104723327,0.6739999288989204,1.72729766528469,1000,1.4516390156372247,86.54360420864194,1.8359403159033163,0.40724947638217,0.7335350709531473,2.3126136942678817,0.6534300419281716,2.2498479893462777,1000
161,1.3400642765291093,119.79293414646864,1.7919021989234298,0.2561236406929994,0.8913579186632561,1.8859389732412968,0.8380619407708304,1.8420666122873883,1000,1.4567483083505477,82.38821792423184,2.5631443934728018,0.4191037774999497,0.7157854498645887,2.3175561703705676,0.6353049044506462,2.2781917122504494,1000
162,1.4453189608053676,82.34116375341215,2.214846473180153,0.25760674892645213,1.0005578590289823,2.039559042718869,0.9404097329095215,1.9502281887012138,1000,0.9460785189541299,29.881171682687707,7.746014821589001,0.6959065653515925,-0.334057272457441,2.3760895068895582,-0.41789834913499124,2.310055387043251,1000
163,1.561564254289426,121.76810342391668,1.2228341797061026,0.2045178537856247,1.1911892093561156,2.0042782031300135,1.1607092608696015,1.9624192477092504,1000,1.2546902670240527,57.772300920520664,4.444640512261817,0.37021892732544165,0.5696828781944493,2.0707401996216137,0.5290611694661871,1.9803193645819184,1000
164,1.8463238942935765,70.8229067480951,3.789835602586069,0.32878939534677254,1.2903860624678056,2.610426622590103,1.2018966794139023,2.4907511091732504,1000,2.100581497456231,65.72424801133623,2.415061045518751,0.3665683190051957,1.5090485371298128,2.866865959354852,1.3821075922060473,2.8190554027064145,1000
165,1.2570058036199265,136.30849244240648,1.518293528380209,0.20942205234719216,0.9125977968874869,1.7186173403098142,0.8465385810194299,1.6674730262204231,1000,1.1398784635445502,104.66759919043365,1.540178108335679,0.31368404958252555,0.5986971603860006,1.7913661751754593,0.5250577263628002,1.7546992007263003,1000
166,1.6343436148829744,140.5041643062915,1.0588954041249763,0.264641650079344,1.1599015645586355,2.1822360155164753,1.1156459807274604,2.1530412490384885,1000,1.0328105056793646,38.69291803584688,5.820952572785506,0.7125405380842238,-0.42988639850810084,2.3282564097805087,-0.3637689489657141,2.4293899603244435,1000
167,1.5654338786563033,107.35449891016901,2.1698032490236363,0.29716770886966953,1.0171017919188803,2.1773545331356066,0.9829851692717511,2.1478825880408556,1000,1.6817116378321655,38.532385353940924,3.8368967063849406,0.588445083596079,0.6023163560545289,2.887475462644941,0.5283592739838505,2.8350640016804807,1000
168,1.5086666676768852,103.40390784316139,2.2461556701365546,0.25917037550179234,1.0969576679720663,2.06842468978165,1.0006927316933723,2.016640603660398,1000,1.6164170409182663,52.04692924941305,3.372792815214348,0.4636197594368452,0.7784632145512597,2.535477506903253,0.7077223124220497,2.525111769414483,1000
169,1.314422691399499,148.2154244827536,1.0265125238939004,0.2205023116172673,0.9191391639748413,1.7848743338578348,0.882238160629655,1.746607222169343,1000,1.1721987289363376,54.9279969414321,4.705100308618661,0.4141936704933445,0.3551882773645195,1.9733986248152242,0.36037913476938244,1.9840183231032928,1000
170,1.1775224071195765,102.50924886049128,2.1219569720736375,0.2247667626305562,0.7012561267867199,1.5896619744069669,0.7369795523636863,1.6180652618754667,1000,0.7333541855216883,67.75634238062754,2.465992998494654,0.3814543001000852,-0.08490948815745603,1.3719883524290013,-0.01429624267447871,1.4810046137178552,1000
171,1.1792446197361546,89.56893458676765,1.8914004207789457,0.2434575463067574,0.7378790548391362,1.69673482261564,0.70206782897491,1.656421410497399,1000,1.0705644001087014,63.908366100956556,3.0969818917403784,0.2773625204797952,0.5772478182744455,1.677902996542008,0.5269338599683028,1.6141949402490998,1000
172,1.6567361137161734,74.23011522597756,2.36256861115442,0.2731617273844916,1.1148983053179617,2.1724002006698755,1.1213391280425697,2.192133099389777,1000,1.4240396890891316,37.43470166612799,5.211282530955471,0.4088393492701055,0.5895751299591777,2.2246884296553175,0.6227145645197248,2.225364813658538,1000
173,1.9419887894002703,86.88720859304563,1.4062829322950219,0.32242415996471097,1.317525907488761,2.6042953911737827,1.3100374358694369,2.5739401429311037,1000,1.8855622550149103,54.60331422245297,3.780101563751061,0.4834775928903627,0.940775502290509,2.810618614782808,0.9379461729497994,2.833178337080021,1000
174,1.1669136850274255,116.93075624170815,1.3939758274431138,0.20525816739108202,0.7731283526882582,1.5895148249871567,0.7646076769409048,1.5692196931139462,1000,0.27075624174131585,22.509820002994683,10.984965211004608,0.7242950425689596,-1.1841814627416594,1.7771082243284804,-1.1488620416938449,1.6903745251764766,1000
175,1.9768075325118584,89.02066658657175,1.5736470021784232,0.30805287613884513,1.3724548581344387,2.5994668660339264,1.3730238952797218,2.580591169743995,1000,2.0638000777239993,44.03305036440943,3.745980697826451,0.42420751001883833,1.2555069646594146,2.867316143469217,1.2323533580870762,2.8952467973609224,1000
176,2.1256134102132087,110.34676497787758,1.5661084551374613,0.2950123709533464,1.6123198092881423,2.788881466597619,1.5473891631446497,2.7038376572817677,1000,2.3130826519875236,73.23903500858518,2.408135640058685,0.43320024798475726,1.5728677606980077,3.2699445516736825,1.4640101659373994,3.162155138037648,1000
177,1.3757851105648589,99.1765438314988,1.5599296321826064,0.2193575567008346,0.9615660663671571,1.7997335700601425,0.9458442994312231,1.8057259216984947,1000,1.3395002097085793,73.50575265791232,2.071281964641061,0.2801856289290409,0.7718346414286861,1.854459678755194,0.7903363770076591,1.8886640424094994,1000
178,1.5595737056396528,121.14767289551816,1.2690438895422007,0.21667770048536295,1.1680640639666087,2.002035721754133,1.1348854126883414,1.9842619985909642,1000,1.3797732952629282,79.01618532555172,2.7506869300166574,0.28023122964869385,0.8705241473236404,1.9419390954167934,0.8305200851514883,1.929026505374368,1000
179,1.8065273491372855,100.83970938063443,1.3524429570714556,0.27426976699013805,1.3018097132105975,2.392598248371371,1.268958605836615,2.3440960924379564,1000,1.6736761346528737,43.445952051658985,5.61185149238863,0.3998394905861221,0.9143985081558151,2.485505198549725,0.8899907331040744,2.457361536201673,1000
180,1.3968803158876626,138.7568103197957,0.9853524130336017,0.18812385826445027,1.0458400153583203,1.8204815577825608,1.0281575536893401,1.765603078085985,1000,1.0031279109007745,42.17808721464035,6.516089760130691,0.7001208290882684,-0.6102315463220225,2.3056017714262302,-0.3691089141122317,2.375364735913781,1000
181,1.0503044267660715,131.65082173127044,1.2579406825505797,0.2303697823586065,0.6218485727145128,1.5396302993881106,0.5987796533432028,1.5018292001889402,1000,1.3158702244549878,97.44156203367831,1.2074387672774614,0.33232686750611073,0.7173415876696881,2.026867850458784,0.6645095641430108,1.9672308847669648,1000
182,1.1580721799019718,82.24773108872563,2.7541586496616715,0.23455027205809598,0.6757156909395442,1.64215755822332,0.6983536466681036,1.61779071313584,1000,0.9290543871247374,70.79247383275673,2.525508726602082,0.32460875319482263,0.21379212107010528,1.480476015375837,0.29282123086288503,1.5652875433865898,1000
183,1.3934802120652625,69.42416472458278,3.338305929274639,0.2915866490623697,0.8770254239791704,2.011301272427605,0.8219703799030179,1.9649900442275072,1000,1.3456731421781067,46.229301137860155,3.4352581149272825,0.364474905599012,0.6894077978226556,2.125772825686172,0.6313023272040432,2.0600439571521703,1000
184,1.5142104397839153,78.13888949696904,2.6626755092073324,0.2864735366126,0.982217301261408,2.0930022715619545,0.9527223080232193,2.0756985715446112,1000,1.182839910919696,69.91115866744882,2.352466251926973,0.2906305353346383,0.6899599181854452,1.7987729908527397,0.613204061663805,1.7524757601755871,1000
185,1.6781299158784098,115.12508214881419,2.3723890414815303,0.3003323759096873,1.2072989354792198,2.350833993154732,1.0894784590954227,2.266781372661397,1000,2.3261871275206714,107.1257637104472,1.3777116048241635,0.5242466040079385,1.450951989903308,3.3737345851589065,1.2986637836651118,3.353710471376231,1000
186,1.2204543031025452,84.62079391135795,1.7230036053984534,0.3142091669577674,0.6924260347570834,1.8887665779366622,0.6046043358653211,1.8363042703397694,1000,1.2696572740428504,73.47120252756874,2.212141706594714,0.38893257467289055,0.5357197897547749,2.108906890338179,0.5073494276839849,2.0319651204017157,1000
187,1.3089729446099334,133.31291883723048,0.8959517815503405,0.2914500467455625,0.7939400410509462,1.9056906947672734,0.7377308529886308,1.880215036231236,1000,1.293051901121022,105.16392101798506,1.7831836549851685,0.33775993751445393,0.6935422564189903,1.9519722844303409,0.6310424235926922,1.9550613786493516,1000
188,1.0473590925411354,99.21996777328874,1.7128796897705565,0.2127668629636947,0.6248285163318377,1.466293530556296,0.6303360411322938,1.464382143949977,1000,0.5827805519143388,49.16035246853909,5.084050448705191,0.47113525520197685,-0.5984712416389358,1.3442773742772152,-0.3406445482815359,1.5062056521102134,1000
189,1.0962408853933898,155.60777717259856,0.8616918222343171,0.25784144243893536,0.5813482971671912,1.6064696684844422,0.5908716582130765,1.6016101125737032,1000,0.7726696775429067,20.945949997119445,9.014785733699084,0.7351321664493874,-0.5752450250701872,2.4224891247406264,-0.6681893686978926,2.213528723783706,1000
190,1.7507177172089579,109.76424189561457,1.062430478018229,0.24317395902205038,1.3083992791812689,2.244289031975596,1.2740967575257391,2.2273386768921766,1000,1.7727936809245457,61.949120290063895,2.206499902711162,0.6365935428425737,1.0649758530631601,2.9996679659344143,0.5250703369531011,3.02051702489599,1000
191,1.3566592279000467,124.39187917542327,1.0759586528230134,0.23856023284158925,0.9334839547802132,1.8607524245044786,0.8890811715305318,1.8242372842695616,1000,1.1315340495596353,56.84305130453251,4.070848283799009,0.35036426976027446,0.40230925694139485,1.794302883060965,0.4448200808294974,1.8182480182897733,1000
192,1.2107354756587945,137.7471913153345,0.9508504597539307,0.22357860995015488,0.7455903583856233,1.6184860854496155,0.7725214001564908,1.648949551161098,1000,1.1462714677477928,44.036261668449384,4.315582294515497,0.49598882295194185,0.13330817213939272,2.1576408300552736,0.17413337476198676,2.118409560733599,1000
193,1.4874896525702432,110.29600569872171,1.619837171512278,0.26332567013671276,0.9930627549209953,2.0198795692794316,0.9713713391022862,2.0036079660382002,1000,-0.12422946355833542,14.851962246736822,13.637363554807397,1.3752680691920283,-2.69049509463629,2.476742436486012,-2.819754879174711,2.57129595205804,1000
194,1.4702873901306721,105.81128523968205,1.650463267441228,0.20481937720256033,1.1110760745340365,1.9148876873078382,1.068841410813654,1.8717333694476903,1000,1.5030118093847147,61.57778791234249,3.422409298981007,0.3450154363581756,0.9121194043985426,2.1683322170592727,0.8267815541226905,2.179242064646739,1000
195,0.9846799086376756,63.97511565455349,2.3879884355406733,0.29594635543209324,0.43270378758985895,1.595193103670652,0.4046250519907729,1.5647347652845784,1000,0.09051911304928417,23.175278388586754,9.210640954768477,0.6066601521223293,-1.1180296353141712,1.344352926040494,-1.0985347851104812,1.2795730112090495,1000
196,1.5143038693748032,132.14755691562277,0.9509000271056709,0.23067042642855964,1.1306801507073423,2.002837068425859,1.0621898335748263,1.96641790517478,1000,1.5122074252163682,86.78820958760927,1.715807021485709,0.36832330423255577,0.8163294427128652,2.2839264138809665,0.7902937489205589,2.2341211015121774,1000
197,1.7673771449213551,99.04871667981298,1.3931337879613734,0.273945771122757,1.2365224426642951,2.3085580696604713,1.2304434335207515,2.3043108563219588,1000,1.3509990789906716,36.28007213700667,5.2614465362758995,0.6756248503742814,-0.0456719804562308,2.663217448305936,0.026774372257080126,2.6752237857242633,1000
198,1.1676531306186784,134.62053023755644,1.3967269716660453,0.19181469582310298,0.8189832240914887,1.5632126702549656,0.7916963268053965,1.5436099344319603,1000,0.898383222961407,80.9114094366911,2.4557572621014008,0.25006790381870114,0.44337997967497944,1.416334518067029,0.4082501314767528,1.3885163144460613,1000
199,1.7374805718901571,88.65403748421433,1.7724379534836354,0.3007014363020361,1.2058433798756507,2.359272327474095,1.1481057567381665,2.326855387042148,1000,1.8030142088895462,57.42014502115018,2.487172083441687,0.3608044150806962,1.1706333995966234,2.573686876418314,1.0958375553313817,2.5101908624477107,1000
200,1.5879688877091005,83.2742459689372,2.0428239708852454,0.24231496035898362,1.1529037960184367,2.0919558594469465,1.1130315654054925,2.0629062100127085,1000,1.4692643160522636,60.6705561658696,3.4388702113931116,0.36166935882799495,0.7359083035797687,2.0967999466406373,0.7603923727493935,2.1781362593551337,1000
201,1.2780892004242852,95.65806652567251,1.9564936225629035,0.3017484057819938,0.7024351912739074,1.8979987525897322,0.6866623250915773,1.869516075756993,1000,1.3559858342612383,72.34328598001197,2.0874804199234442,0.3372836925980981,0.7218430028078242,2.032588850463336,0.694909796768966,2.0170618717535107,1000
202,1.6017323546277806,126.97086361327203,1.5601182986901672,0.32845694669542597,1.0589710619813923,2.336139923208763,0.9579567391047458,2.2455079701508156,1000,1.2125893314939233,27.78677273613905,8.232333230066954,0.8550127975985089,-0.3909862772051221,2.8754423176353763,-0.4632357517991541,2.888414414787001,1000
203,1.3524691279567302,82.22493131746074,2.66363966543809,0.22583922645354687,0.9394123368464538,1.8251878274287423,0.9098242441077784,1.795114011805682,1000,0.7608363875994897,41.371095307371064,4.747623906684701,0.4578596428279216,-0.2553277111087471,1.4845558878608236,-0.13656851234323664,1.6582412875422161,1000
204,1.5932335606273804,88.72013759562529,1.8265279273983828,0.26931864284741347,1.1381743829236788,2.1904736195784693,1.06536902064645,2.121098100608311,1000,0.7731939049856527,11.876546856750485,15.29992949649212,0.6164211664998616,-0.25895835977012704,2.318378692844605,-0.4349915813540759,1.9813793913253812,1000
205,1.3080017534006863,85.71510588766087,1.7875756285212896,0.21505029786539526,0.9141999275715091,1.7619984141829157,0.8865031695845116,1.729500337216861,1000,1.1853359205817822,61.01537976252742,3.183710122415268,0.2738081764929395,0.6578582422627088,1.7539360375082722,0.6486718946556208,1.7219999465079434,1000
206,1.3867034042668123,141.41155493272313,0.9810310320368325,0.24301948621311337,0.9467385063441203,1.9354359497606604,0.9103852112891101,1.8630215972445145,1000,1.5111836206048272,100.5818829992776,1.2251530395727237,0.3398242920601736,0.8592300520865409,2.227280730504866,0.8451280081668869,2.1772392330427675,1000
207,1.599189763450503,133.66650698901856,1.2130868540045345,0.27310944544746135,1.1161387727160523,2.2005273205609983,1.0638952503734789,2.134484276527527,1000,0.8173370682706351,14.278084251053977,14.625847178710229,0.6425390556128776,-0.37512223330230915,2.259245280823397,-0.44203948073060495,2.076713617271875,1000
208,1.2969466777146303,124.76906552756952,1.211930384092589,0.2390509331036596,0.8467705986750006,1.8123356671702626,0.8284068488314575,1.7654865065978032,1000,-0.3274431418055701,12.154000262573248,15.006025366672656,1.229168186835813,-2.6941188824890387,2.0388605174737093,-2.7366127880037636,2.0817265043926234,1000
209,2.0209799293535893,92.21876420234005,1.8028744827853704,0.3373044214707283,1.4392719428033636,2.716914157605901,1.3598632632709617,2.682096595436217,1000,1.510629921766192,54.086374249824935,3.391607934023348,0.5759831760373934,0.4077820892529433,2.656727936128118,0.38170289673290103,2.639556946799483,1000
210,1.6298177521509825,162.3724085753041,0.7747585667265334,0.24447886119740903,1.191060259438677,2.1097697907631465,1.1506391842040609,2.108996320097904,1000,1.8299428964352693,60.69016583475558,3.32005151860909,0.4300083189837466,1.0140167970982121,2.72856088612304,0.987126591227126,2.6727592016434127,1000
211,1.3400227867121444,108.61885588721036,2.183740558516059,0.1991843563843988,0.9715280295049803,1.7514319290849873,0.9496214481987227,1.730424125225566,1000,1.308288600932629,89.50585598280973,2.3080991048896946,0.2874378552228896,0.6985572392530887,1.8325031726036112,0.7449104046957655,1.8716667971694927,1000
212,1.543558040432222,106.82374712475539,1.540644078628617,0.20904684699805998,1.156348285424154,1.969887480765078,1.1338262203160245,1.9532898605484195,1000,1.202517271434067,40.30461626360801,5.806194073001723,0.3773319938765094,0.49564834645760764,1.9502536173701968,0.4629465634361086,1.9420879794320256,1000
213,1.249173252155812,145.30630197294565,0.9898288437569761,0.23460423562430127,0.8350798215503051,1.7637891027300814,0.7893489503321816,1.7089975539794426,1000,1.2069884914817657,92.69404511119116,1.9261931554883436,0.32837145922619343,0.5428603518773408,1.8272892338568505,0.5633804313984265,1.8505965515651048,1000
214,1.1731938919497231,131.48127047099567,1.2279829866544556,0.20338718891169652,0.7487787160125323,1.5607465942376586,0.774555001682798,1.5718327822166482,1000,1.156575439879522,96.1113676631553,1.5822473087458686,0.21758665970630536,0.671076937972295,1.5487932398414823,0.7301055868551636,1.5830452929038805,1000
215,1.632573395498988,142.5918487820764,0.9592230845611367,0.24760462410722497,1.203926817253507,2.160042928956522,1.147268332248827,2.117878458749149,1000,1.8746737491773813,89.342377095681,2.020529826427496,0.35123154345028423,1.25229310486267,2.6295902965875264,1.1862599240148242,2.5630875743399386,1000
216,1.5386217250706116,71.66693294531285,3.3845299201059085,0.2677417427327444,1.0387569709017908,2.065956511211552,1.0138479093144324,2.0633955408267908,1000,0.5269101718543836,14.063854726932108,13.946701768336052,0.7595435199305608,-0.8936374716361501,2.1237759372457923,-0.9617951272095155,2.0156154709182825,1000
217,1.7118249567386865,108.60238195912707,1.5466755894737483,0.3426604334882649,1.064568054810378,2.407219715968506,1.0402105071016874,2.3834394063756856,1000,1.8397924888474415,62.48839030041312,2.034266453461789,0.5022476237472587,1.0340985095312165,2.9896333087221327,0.8553871463028144,2.824197831392069,1000
218,1.7542160629381685,121.46527330222624,1.1436065582662374,0.2504865026400887,1.287525958460816,2.2429831280751458,1.2632625177635946,2.245169608112742,1000,1.5937493711842374,98.50301275692925,1.2623097915791863,0.4007109464146001,0.7854410760911581,2.360226151687269,0.8083559162116213,2.3791428261568535,1000
219,1.1861359473324895,109.47356186372137,1.2110707741125821,0.23106942780329104,0.778391842520934,1.6502524831536072,0.733239868838039,1.63903202582694,1000,1.0982223660013304,75.29113231551916,2.1380538650728367,0.2947141923950854,0.5732843696694083,1.7113944936262149,0.520582548906963,1.6758621830956977,1000
220,1.3876626691315819,111.15911720035966,1.3172579265370428,0.20268145577042054,1.0229294695182107,1.801859942170873,0.9904070158215577,1.784918322441606,1000,1.2045355875833446,60.489249774008535,2.9596857901230664,0.44664320762009907,0.1739651257421477,2.014985166514452,0.32911490064795035,2.0799562745187385,1000
221,1.4423266458674706,93.80589057184413,2.1284952775185952,0.2631232048933846,0.9237746413482613,1.9971288698111715,0.9266051642764368,1.9580481274585044,1000,1.999735244384915,36.14055812065284,5.4012588560805135,0.8284923996934292,0.25402741668667456,3.5795866228456084,0.37589014098579376,3.6235803477840363,1000
222,1.3513365330811222,114.5831322273784,1.2962677754683198,0.2830832463344618,0.806245476981468,1.926310575410407,0.7964933702655771,1.9061796958966672,1000,1.468112247732991,62.87699659144141,3.3743098560098215,0.3207455790933536,0.8721559936855515,2.12970872318738,0.839450912710018,2.096773582755964,1000
223,1.0540812522142184,155.97788921323263,0.8644881557623687,0.1702217766067525,0.7298687224973177,1.4014421785258977,0.7204465700649836,1.3877159343634533,1000,1.0431137483383717,113.81284064135124,1.2751852908920898,0.2558827141613764,0.5286694437803758,1.552754625361197,0.5415836285820739,1.5446438680946695,1000
224,1.4720138429145788,130.9901552531379,1.2199527173381821,0.24058654100348612,1.053831851420804,1.9953638976440187,1.000464222547746,1.9435634632814116,1000,1.2568556465814038,78.6643370363718,2.2482927732527065,0.39002933884764357,0.5019161861143644,2.0854337856272727,0.49239814244002245,2.021313150722785,1000
225,1.6122579212532222,101.06374303435022,1.5816531086954058,0.29695084576378866,1.0417084821123077,2.168895480259094,1.0302342635561965,2.194281578950248,1000,1.6774448030880975,68.75229022894422,2.8052257071113726,0.37828274577471704,0.9636742792187292,2.40996118840204,0.9360106213696521,2.418878984806543,1000
226,2.108644758526749,73.99633589891326,2.6804083650628963,0.5069780158288224,1.2857140925030255,3.2063784930832946,1.114967847502257,3.102321669551241,1000,1.0272930117301864,40.43852679502803,3.619085297688705,0.5633752835683743,-0.1792068854861571,2.058874250783824,-0.07692254406382726,2.1315085675242003,1000
227,1.331487725606056,111.84451401445057,1.5866057169457988,0.27076555600981805,0.8372232885825103,1.9061608516389537,0.8007872358268127,1.8621882153852993,1000,1.3256720482082736,89.1752160796872,1.35987198665092,0.3956130202394718,0.5874045748473897,2.121224495349218,0.5502705285389088,2.101073567877638,1000
228,1.449131295676033,128.36593071087606,0.9812411073932871,0.19867079874427188,1.0986893810366312,1.8814712733260006,1.05973653013726,1.8385260612148058,1000,1.3900492012297305,98.78135537954999,1.5017340165219804,0.23846979495873932,0.9599053633184368,1.9263661216926111,0.9226484031106015,1.8574499993488596,1000
229,1.6671819006324502,74.75116448930842,2.8884469479473514,0.3080766814763523,1.101224194742992,2.3418745012880806,1.0633516049387997,2.271012196326101,1000,0.7911928038365827,22.52817770418214,9.911033550240738,0.588080975771747,-0.4566889154108443,2.019746083459349,-0.3614459086760413,1.9438315163492068,1000
230,1.2155354581014952,122.06502953155334,1.485143574442874,0.21169876957139816,0.8065711935017856,1.6465089834575684,0.8006058697415548,1.6304650464614356,1000,1.0601884754277497,68.90374254392131,2.41251392307428,0.367255602836997,0.32082276512319524,1.8523766957083834,0.34036749386723564,1.7800094569882638,1000
231,0.7196970229695343,147.3592702410103,1.0800886863543169,0.1906695964232415,0.35255101650803744,1.0956094472873386,0.345984613979981,1.0934094319590877,1000,0.38836649120539124,72.6917809205198,2.409151680970676,0.4268463492811025,-0.5546759642153161,0.9910010977594614,-0.44825235338556957,1.224985335796352,1000
232,1.4923946336969705,127.48139778557746,1.0988218984904345,0.22348461704593678,1.0666192716479568,1.9426106265442715,1.0543647842869344,1.9304244831070065,1000,1.8349940987945508,53.83021026121043,4.008592766884477,0.5767360607833583,0.989219776295532,3.276236355284947,0.7045914196591685,2.965396777929933,1000
233,1.580268682067114,104.88332704497924,1.3898354027844835,0.27935369692718653,1.044265543399731,2.147626771997764,1.0327354360898284,2.1278019280443994,1000,1.0062246257719423,24.30315620800226,9.14799151888086,0.6804529706679161,-0.17408601192625398,2.431754713992398,-0.3274631967371733,2.3399124482810576,1000
234,1.5423975236020286,89.13061233282944,2.606938182242024,0.29187950640882016,1.018918697766599,2.1570439483822916,0.9703136910407412,2.1144813561633162,1000,1.8057350551210538,87.03189039222353,2.19030700239247,0.3624513534663056,1.1569696334809054,2.53463020935094,1.0953304023270949,2.5161397079150127,1000
235,1.2331421268108738,108.11581763279386,1.5468506355258704,0.27264518303741,0.7657515213601436,1.7999070882977253,0.6987575680575502,1.7675266855641973,1000,1.0553977993082495,72.23189281952794,3.5612755408610104,0.46622055402475265,0.2849370034985389,2.1629113069279478,0.14160551341973437,1.9691900851967645,1000
236,1.468780777459644,114.95900765918508,1.1937988870449951,0.3328015519195159,0.8264860620545524,2.1834738061733905,0.8164897356973928,2.1210718192218954,1000,1.5893123095225916,73.27207215228847,2.311893237825973,0.4317592870920321,0.7646105617329512,2.4641094309539855,0.7430641068222087,2.4355605122229744,1000
237,1.4768850811124974,136.15643943458386,1.252528919433846,0.20608066009339274,1.0953032807728573,1.89202915367609,1.0729669873294476,1.8808031748955472,1000,1.166819787063148,67.77981700206321,2.7631169953542853,0.40225297603641386,0.4019592395116478,1.9336396929991806,0.37840395403177685,1.9552356200945193,1000
238,1.219470298019758,111.88976517674163,1.7611116835902294,0.22787112071521434,0.7891857769849532,1.6775337003132582,0.7728429014179379,1.6660976946215782,1000,0.8990516089151948,63.6410524943815,2.928764552568052,0.39282268314379465,0.1327022893031071,1.6158634494481883,0.12911914995335727,1.6689840678770322,1000
239,1.3240141092286735,84.76044218792825,2.0795487233282244,0.21452618978073565,0.929811082951686,1.7611630408712593,0.9035427772584316,1.7444854411989152,1000,1.0074966438134014,38.787309231491435,4.59348708903222,0.3639832790217464,0.2888448278001294,1.712568024132093,0.2940894169307785,1.7209038706960245,1000
240,1.8920343895319949,86.43311134556693,1.6231733466306464,0.36604287509536326,1.2517565345337511,2.6670970518689825,1.1745903543450829,2.609478424718907,1000,1.718686441604345,65.34941154209565,2.089486830655339,0.3923099019987654,0.9804297020893898,2.5209006664030276,0.9497590336867648,2.4876138495219253,1000
241,1.4057013054194032,105.69487637176731,1.3073872134506164,0.22684657481532533,0.993270374265754,1.8700064157831386,0.9610820187813656,1.8503205920574408,1000,1.3164951736869714,92.37955945098292,1.535129241761629,0.2754484258033504,0.8527424521555361,1.8981044466186416,0.7766162591124047,1.8563740882615383,1000
242,1.5913789831971976,97.64343170950018,1.5740226605837075,0.27514940807220106,1.1030952589584182,2.1705950113511614,1.0520861433756834,2.130671823018712,1000,-0.23361809185953186,5.920310905122648,26.964391053431754,1.2916499959512517,-1.958258463505776,2.300868744424232,-2.7652520839239854,2.2980159002049216,1000
243,1.2257531941969324,114.7234343098186,1.9952217439717845,0.26147823984864244,0.7524411518588108,1.7636266828474543,0.7132558440935932,1.7382505443002716,1000,1.0904124836659994,57.893860735342976,4.672146270410454,0.4256356048675602,0.259768398304637,1.9230160254747404,0.25616669812558146,1.9246582692064174,1000
244,1.096625949766241,149.98369431365924,0.8952760458564422,0.22679130631907524,0.7221849511592856,1.613613099523563,0.6521149893808535,1.5411369101516283,1000,1.1227017336452383,107.39733137518418,1.5276524705722556,0.3081776865561581,0.6281350541171729,1.8047488376252723,0.5186734679951683,1.7267299992953082,1000
245,1.3238124968492853,159.52295618377337,0.7735418221003062,0.196971709128325,0.967090011763386,1.7277793329635822,0.9377479469577683,1.7098770467408022,1000,1.241125913165057,96.8380766018716,1.5885002673370734,0.3134657102969602,0.6890821073071343,1.9480323106720407,0.626733120983015,1.855518705347099,1000
246,1.4529860284344223,93.84907477508354,1.5059698589487367,0.2828849661711027,0.9254691275979837,2.019204061523179,0.898531494739061,2.0074405621297835,1000,1.2764463522933513,40.24312367623766,4.3284569094760155,0.5935361193818706,0.20590301572305106,2.5670391055789685,0.11311555830488507,2.4397771462818176,1000
247,1.211148192067606,116.13109687228952,1.3205763080415822,0.21927247565393018,0.8409920769797755,1.6935614226806712,0.7813741397859029,1.640922244349309,1000,1.2529040740367263,113.68299500553846,1.1683300759633877,0.24589943405318387,0.8339723031534665,1.8061406154985555,0.770941183292486,1.7348669647809667,1000
248,1.3600074102649544,86.86761353066436,1.6690704167336203,0.2684842587485233,0.8746107596050585,1.8857503291946471,0.8337782631178489,1.8862365574120599,1000,0.8171016003736549,38.712002563052266,5.508084803652987,0.5103600568918705,-0.2740590531591641,1.732001480491771,-0.18320411113441115,1.8174073118817209,1000
249,1.6307133610311866,110.90783004775518,1.6559928983028598,0.20878469547961978,1.2482923786766769,2.105056145447766,1.2214953578911318,2.0399313641712413,1000,1.2352486387463335,79.15575050160015,2.078683205664038,0.28628649464090905,0.6394486078777041,1.8170116049425433,0.6741271092501517,1.7963701682425153,1000
250,1.131833055999779,115.6190419829821,1.891920751753923,0.18225168206007603,0.8109279224394128,1.5010775226688273,0.7746197591620299,1.489046352837528,1000,0.9977131534974295,59.007757007364134,3.8464840897872086,0.2194326213254954,0.5583305577333498,1.4665303363093698,0.5676252156994586,1.4278010912954004,1000
251,1.1939301071274224,129.77775827328844,0.9346630872909177,0.23000868408578512,0.7140781537474029,1.6376340364261626,0.7431130863192836,1.6447471279355612,1000,0.5224983655107862,82.93090249317781,2.1015298487959395,0.43577266470661863,-0.5073140837604512,1.2351472287992493,-0.3316160573141863,1.3766127883357586,1000
252,1.689596944265169,85.47404388162747,2.0577127404688254,0.25644386987006507,1.236969473885002,2.2116314841315003,1.1869669593198415,2.1922269292104968,1000,0.8001313137305277,26.863868540272502,7.083235719794775,0.6043349789241657,-0.6184003330979383,1.8500848564421832,-0.384365244960837,1.9846278724218924,1000
253,1.6277795030530484,104.62160853885695,1.667040547209581,0.2285473864203216,1.1946446304524074,2.1164783428599163,1.179826625669218,2.075732380436879,1000,1.2475381317509093,36.905011800662535,7.0735508341631705,0.34168792232842354,0.5066698014003057,1.8587979711578813,0.5778298039871992,1.9172464595146195,1000
254,2.223917020448184,54.33263457188997,4.382745137019141,0.34555896790998586,1.612371715382846,2.9379665621990108,1.546621443344612,2.9012125975517566,1000,2.3778656422459954,64.82930648049215,2.0895838524659167,0.41285843099392444,1.6178395252241773,3.2632544351516786,1.5686631174979035,3.187068166994087,1000
255,1.5969045247762235,122.04485161946259,1.2124827848890776,0.2529590721432235,1.1623603708030756,2.1273488315254183,1.1011047433755055,2.0927043061769415,1000,1.468088863856343,72.28174915114683,2.1065378766322804,0.3782791124024334,0.8163106602782286,2.2491458950633016,0.7266618035475735,2.2095159241651126,1000
256,1.2764556664131512,100.60645470694878,1.9362820009575004,0.22514295146388086,0.8549106488044136,1.768938853266147,0.8351754815439447,1.7177358512823577,1000,0.6728825567545513,23.952136913760025,9.460576526240107,0.7522152178366527,-0.643437342060127,2.1277729512802073,-0.8014592702052878,2.1472243837143905,1000
257,1.2554549385308549,139.03509976570191,1.0905172075800755,0.25416467353718275,0.7992752020608326,1.8003951996824157,0.7572921783979767,1.753617698663733,1000,0.4529123638967243,47.321238567979435,4.704199793268059,0.6979507889413225,-1.127892039084722,1.7114201627470063,-0.9150711824282678,1.8208959102217164,1000
258,1.3304188680777003,145.9884680969962,0.8743207522915425,0.2528434839818868,0.8873706953827311,1.8668526310833504,0.8348456394732022,1.8259920966821983,1000,1.3278182302418078,93.01257419345508,2.533922929640802,0.34026681049379753,0.7542579630999016,2.107718583315473,0.6608952816739646,1.994741178809651,1000
259,1.8105112146013804,111.14939614004055,0.9796211765384933,0.33976457623851003,1.2053825467824486,2.5111779484511194,1.1445726451739007,2.47644978402886,1000,2.283899891124247,93.71218265418148,1.102540496321574,0.4769267674220065,1.5021936452277154,3.3612589569094715,1.3491234269771144,3.2186763552713797,1000
260,1.8084653970087907,104.25136820924364,1.9083754200445704,0.2751366395909127,1.3323617604949805,2.3875267511242386,1.2691975834106017,2.3477332106069797,1000,0.7816069183431074,7.005077319480799,24.809081166013744,0.7481773567189647,-0.4606035988173196,2.3781966584552046,-0.6848207008260634,2.248034537512278,1000
261,1.603148475030679,116.88691000797509,1.0964167305405974,0.2409434793397606,1.1639240125940469,2.118126128029578,1.1308992555247483,2.0753976945366097,1000,1.354863750256083,46.964046455027926,4.719548983667888,0.5099249969938369,0.5716113464580742,2.60519573107809,0.35541075614816275,2.354316744364003,1000
262,1.39171886680644,102.90667238373716,2.010514783889957,0.2622544526337739,0.9285589752715298,1.981489088048124,0.8777001396442431,1.9057375939686367,1000,0.9699136925317777,43.14143309278641,5.326308973111078,0.47790595370923955,0.09062116684573839,2.0068535900984674,0.03321802326166823,1.9066093618018871,1000
263,1.6761904047792564,112.33422280849634,1.8338161021601034,0.23949266353352963,1.1764095657990465,2.144373843371835,1.2067847842535384,2.1455960253049744,1000,1.31979289539958,62.50060412334447,2.9410031141839785,0.3633825070635105,0.6414382670936937,2.0625645118197093,0.6075631815550994,2.0320226092440605,1000
264,1.1225083040278174,57.275489269074114,3.53679524808491,0.2642546628702807,0.6321703189048046,1.7116170819591319,0.6045691648020672,1.6404474432535676,1000,1.236227012043304,76.73925286404419,2.3740404125844496,0.2682548710047266,0.7304641673038758,1.7952788045806511,0.71044746487404,1.7620065592125682,1000
265,1.4165521674997534,113.73024506798036,1.235369292135205,0.27745997704136993,0.8883388826267629,1.972126211661107,0.8727306124986683,1.9603737225008384,1000,0.9410902465427136,62.536217066881505,3.2237338088168825,0.484025286121803,-0.08247398441762455,1.785963898645201,-0.00759931425602034,1.8897798073414473,1000
266,1.6403773057254503,113.62078646998606,1.4628839565636074,0.26154308808647236,1.1869295893971665,2.206805621088463,1.1277528530759644,2.153001758374936,1000,1.1890444976726946,49.90488396367658,5.263846241183154,0.45560302409096404,0.2664773297410566,2.173037721000219,0.2960625704544051,2.082026424890984,1000
267,1.3552581005706155,138.03490945145336,0.9314294428395001,0.23436357626225135,0.9334140719485979,1.8610213945811171,0.8959054910966029,1.814610710044628,1000,1.6183253298409206,107.16985870673068,1.475464605060592,0.31767976988995883,1.0695187950745795,2.3519294938392226,0.9956729808566013,2.24097767882524,1000
268,1.609101645396316,77.27283504727319,3.3094326600115247,0.23926166674878602,1.2011161775887853,2.1453874902064047,1.1401487785686955,2.078054512223937,1000,1.5736749895292141,83.41125628894201,1.867161169568293,0.3304837827135856,0.9645572695185376,2.268630983821508,0.9259267754105864,2.221423203647842,1000
269,1.5174090855626468,139.72105782369883,0.8751102393948573,0.273230612468531,0.9979283341943227,2.0738980951477304,0.981877085124326,2.0529410860009674,1000,1.865634026362512,84.60437553257809,1.516764703895277,0.4116108163341547,1.1171527956615834,2.743528012746068,1.0588768263475687,2.672391226377455,1000
270,1.4831882039399586,127.80194132113631,1.336371849018679,0.24680178034080638,1.0635955555232635,2.0051206391119862,0.9994567144719781,1.9669196934079392,1000,1.460015677252812,92.94103846129896,1.4892139496033474,0.3135714744395697,0.8807051887475463,2.124853871615993,0.8454155873512553,2.0746157671543686,1000
271,1.4857087755745924,86.22082676406043,2.121275962079149,0.23132299204448617,1.0710114978268763,1.9618417220933533,1.0323157111673995,1.9391018399817852,1000,1.3558729354170698,62.48664442062768,3.080565027882347,0.29868933196649533,0.8054715573117692,1.976295468386501,0.7704418447627389,1.9413040260714007,1000
272,1.2471505167859682,99.35815185476262,2.7763090262636823,0.2352978833027054,0.814049338615653,1.7495664383772422,0.7859666655126656,1.7083343680592709,1000,1.2677478567319036,84.53153194243173,2.0555112076071964,0.26328320195353067,0.7796829722915065,1.8091320010485896,0.7517127809029835,1.7837829325608237,1000
273,1.2281150756840555,104.46118928240936,1.2631216246979764,0.23034573101946607,0.7501375096214059,1.6973323388687507,0.776637442885902,1.679592708482209,1000,0.3975406237814787,37.04287757872698,6.284213278990183,0.7945375647546263,-1.6205522011915705,1.5650516012125857,-1.159753003137589,1.9548342507005463,1000
274,1.0920483603332751,155.77319620049855,0.9591310820955482,0.1955563192281073,0.7726935655260053,1.5199553900457288,0.7087579746461848,1.4753387460203653,1000,1.0315994202389152,92.143023555185,2.548891308689588,0.29221974454134436,0.4504357522212252,1.6318702671000407,0.4588487209378802,1.60435011953995,1000
275,1.5943947443006106,81.6357155625097,2.64051504211309,0.23997795587105042,1.1124592257271697,2.0669697939590685,1.1240379507933518,2.0647515378078696,1000,1.4332529176360813,69.26120336005062,2.1318400446397097,0.4179906568887518,0.4012705840006206,2.066800505085399,0.6139912301341278,2.252514605138035,1000
276,1.8106455109522777,108.80020669061396,1.202254160911433,0.2505053900014813,1.3626311420512063,2.3250841596748133,1.3196549465493743,2.301636075355181,1000,1.504942694821254,35.904304967683665,5.679523243628506,0.4804387809093211,0.4149631802078017,2.371836151588192,0.5632826842389848,2.4466027054035235,1000
277,1.3767100074645067,109.8307919033276,1.4044080625763997,0.2875991840709862,0.838137904080188,1.975795244083031,0.8130156066853736,1.9404044082436398,1000,1.0197068995123482,57.76338544774438,4.2270966894942,0.4754954144802018,-0.1176205284065818,1.8936296836777287,0.08773588713115266,1.9516779118935437,1000
278,1.6951489259906507,66.92429194728885,3.6166445154301754,0.26223816902534686,1.2469024999132947,2.3007667831471803,1.181162114700971,2.2091357372803304,1000,1.8482952528477794,69.29943147349233,2.1082530295629014,0.3021203819127961,1.3314820673393346,2.5127242336859035,1.256139304298699,2.4404512013968596,1000
279,0.9054260700594257,78.99297341077813,3.0637148196972026,0.23964552970143777,0.4675695936212818,1.3978738197997307,0.43572083184460764,1.3751313082742436,1000,0.5359007932633642,26.450780255930706,8.702173836015898,0.37515777607366085,-0.2657017775274057,1.22548797544981,-0.19940844784101108,1.2712100343677393,1000
280,1.6543879567251745,103.8292160138416,2.0158669768458632,0.2370273061474215,1.2025824521143307,2.1401881068854274,1.1898144366762282,2.1189614767741207,1000,1.7250248599475202,59.99888515621128,2.611021714038082,0.356202898991694,1.0024621861690006,2.4050500522118234,1.0268671779238,2.4231825419712405,1000
281,1.3188553373815426,131.05611308173263,1.1405850804527335,0.19994316715551777,0.9475648710501969,1.717607395103462,0.9269667297567278,1.7107439450063575,1000,1.1937624163034302,101.48967442567788,1.6676802360354641,0.29026733930482057,0.6119326728437906,1.784784550101196,0.6248384312659818,1.7626864013408785,1000
282,1.4109730941548566,83.45992777115812,2.710336917757105,0.3059136106771137,0.8607145728389413,2.073311484401156,0.8113824172277138,2.0105637710819995,1000,1.3687452070974446,48.65257631579054,3.6225184519500155,0.5074002146356716,0.41430962456753423,2.4252705977301487,0.37424078641152825,2.363249627783361,1000
283,1.233671775709694,116.10271474020834,1.4135745296949571,0.2220807067735897,0.795084524882605,1.6506792791400635,0.7983935904334583,1.6689499609859297,1000,1.0222368005672324,40.91812011071155,4.910488155404088,0.4233789093694195,0.20257820618177097,1.8366040208967958,0.19241413820317022,1.8520594629312948,1000
284,2.048654666219864,72.45954741791753,1.5945384955179747,0.33844479522356413,1.4520873365599485,2.7768906587794517,1.3853028675816783,2.71200646485805,1000,1.811932246128284,35.631159228997696,4.548999403364523,0.42133981090325756,0.9849111058204612,2.645185451280296,0.9861062167578992,2.637758275498669,1000
285,0.7556729770984989,150.81321789965997,0.9268549894091964,0.19857671419698084,0.4027821624363452,1.162872280372814,0.36646261727241647,1.1448833369245812,1000,0.8434837995597364,122.51967534407272,1.4376694754181747,0.29900232955445494,0.32685559894785443,1.4401810251174911,0.2574392336330047,1.4295283654864681,1000
286,1.3785550398301853,120.13647130505133,1.3123102760630532,0.2196936508064962,0.9798575095539162,1.815583641721557,0.9479554842494529,1.8091545954109178,1000,1.0223834212162712,63.84634639823392,3.891468972599946,0.35055826062131157,0.27883164082108314,1.6597787296642237,0.33528923039850056,1.7094776120340418,1000
287,1.7112395621049061,115.65978996810225,1.1909912092997528,0.29353469371047414,1.1668668911289257,2.3245740894667284,1.1359115624323768,2.2865675617774355,1000,1.525167894194885,59.003306616348375,3.548936547686457,0.40250368618369164,0.8278701964011269,2.3666928702860326,0.7362606692748493,2.3140751191149205,1000
288,1.4424366710678989,79.47439938848547,2.1982802000695427,0.2739464813809549,0.9519808598564282,2.077491086520304,0.9055015675612272,1.9793717745745705,1000,1.258729243724816,51.1096408483683,3.705138094687261,0.39722467356776414,0.5049919801617989,2.061475749934763,0.4801688835319984,2.0372896039176336,1000
289,1.3436610231006743,94.01819228982943,2.56984051460276,0.23331387709367477,0.9041246627507761,1.81440097395194,0.8863658239970718,1.8009562222042768,1000,1.200059240581378,57.41417446019405,3.8429170937138446,0.271458691855554,0.6806842622477123,1.7708821508843675,0.6680002045444922,1.7321182766182637,1000
290,1.7336691169230607,126.61601658762683,1.147084730878602,0.27382533412519233,1.2561569126764554,2.313536968418683,1.1969714620376837,2.2703667718084377,1000,1.2267310399364963,17.260663394648237,11.768286096598663,0.6512689297344271,0.1378925763714062,2.6686494823699665,-0.04975606234298069,2.5032181422159736,1000
291,1.2800908772891608,136.25642992488923,0.902981305063305,0.23523286321357897,0.8919878732726078,1.8201135963751436,0.819034465390546,1.7411472891877757,1000,1.5743717647037463,105.3285880827678,1.4187290427498427,0.3942857592462039,0.9187482215792787,2.4369745668200435,0.8015716765811867,2.347171852826306,1000
292,1.334581335136129,147.185253585376,0.7539848545216126,0.23919601634970888,0.9073621924626879,1.8509470723328354,0.8657571430906996,1.8034055271815586,1000,1.5168862057355732,122.77863348532728,1.4057859390742629,0.3545133593263447,0.9534900628629727,2.2936297699745416,0.8220400214559376,2.211732390015209,1000
293,1.4252701125475655,77.85568436481,2.668968437917279,0.23108051725029327,0.979338172622626,1.8758664277039054,0.9723522987369908,1.8781879263581402,1000,0.6913500462794209,37.8370754423594,5.07701063399534,0.4681675134871156,-0.42223055756013894,1.5126144346150416,-0.22625828015532568,1.6089583727141674,1000
294,1.1903361756326543,127.3432531707372,1.433714300542913,0.20180080546075804,0.8405369113096421,1.6220930546738093,0.7948065969295686,1.58586575433574,1000,0.7182750519099126,60.48482586643129,4.052365032060778,0.4261065405271338,-0.11541781273131624,1.6535876106853653,-0.11689376752326963,1.5534438713430947,1000
295,1.400005294976266,149.78997019265162,0.8410583789487693,0.20896648897331596,0.9916609125113137,1.8135442207730887,0.9904309765885668,1.8095796133639652,1000,1.0122782516161783,48.17926520997938,5.478249023664408,0.4942994197878062,0.051137272722181576,2.0648385921885577,0.04345138883207811,1.9811051144002785,1000
296,1.2327619055534635,152.6304095094236,0.8577862070735005,0.21813313333682607,0.8328994397912308,1.6614202014777024,0.8052209642132844,1.6603028468936427,1000,-0.21435212518697044,21.40849918876788,10.614782730082698,1.0437572661554628,-2.7762486434038216,1.3884326489462606,-2.2601163668516775,1.8314121164777366,1000
297,1.1717517013453915,114.97606617273466,1.2402000639801032,0.28412803446841906,0.7035063324712627,1.7859018843889536,0.6148607537872902,1.728642648903493,1000,1.2478585446066437,73.42852347373908,2.5200642735106498,0.5019453599682026,0.38460122794629575,2.388289499262908,0.2640456390689667,2.2316714501443204,1000
298,1.4806397728625924,94.41908584213012,1.8581009757974933,0.2237728531766563,1.0593319384357713,1.9224272736077859,1.042044980636346,1.9192345650888387,1000,1.3483898118217783,29.70106372350052,8.210193620170813,0.5083208100358777,0.5734615259357297,2.396827675867291,0.35208102415145803,2.344698599492099,1000
299,1.250234795162871,114.10261892879477,1.8536451028122265,0.2563508882648911,0.8119022010799055,1.8479750787921236,0.7477870541636844,1.7526825361620575,1000,0.40860988211956784,24.58885650642913,10.034051434005685,0.8224096394244677,-1.1895708222396253,1.9921076059623544,-1.2033130111523886,2.0205327753915245,1000
300,1.4201361607155438,107.82177450056719,1.672880275110636,0.3196154601785281,0.8752154055705406,2.1149674459233117,0.7936898587656288,2.0465824626654587,1000,0.23152345302128285,18.148346172566242,12.555695303971246,1.3180846374407043,-2.5405473681163975,2.6880997007375376,-2.3519224363624973,2.814969342405063,1000
301,1.4999665635539206,114.48523957309551,1.4851446038937728,0.20920440058662246,1.114772816907267,1.9417522556307323,1.0899259384041406,1.9100071887037005,1000,1.0279210609716092,48.84157380455612,3.411421571620887,0.48506524115383054,-0.03319215493624531,1.854945702369176,0.07719318831010136,1.978648933633117,1000
302,1.331804722107356,139.66135662956026,1.023176076152067,0.2824690044461852,0.8209569127624988,1.9288237271113011,0.7781654733928328,1.8854439708218789,1000,0.40813470739463176,24.4753639772208,9.62092468553297,0.9639063304828375,-1.7142638180343757,2.2212784769956255,-1.4811217003517296,2.297391115140993,1000
303,1.325144228946796,97.63099555847396,1.9373343336670892,0.203900696734063,0.961392328389652,1.7577248052793668,0.9254988633480326,1.7247895945455596,1000,1.1292170703012052,88.67796701108911,1.7588517075829486,0.26090479549873136,0.6364732198059229,1.687854402644394,0.6178436711236918,1.6405904694787186,1000
304,1.1270293435731045,137.43722154100746,1.142936294054303,0.22905072181056793,0.7169287493862698,1.622036960454566,0.6780899288243913,1.5759687583218176,1000,1.088093270585715,86.65248711965963,2.058520675317279,0.3469474983840766,0.4147405275062949,1.8041883118044668,0.4080761737529247,1.768110367418505,1000
305,1.7559522903619746,88.85645746323179,1.9065002084494176,0.3009617622837474,1.1942578344123687,2.3233899638276654,1.1660672362858298,2.3458373444381193,1000,1.4018723002895384,71.74416347895756,2.40798754568309,0.4903588704699376,0.4067668034011631,2.2713344056418907,0.44076891416846065,2.362975686410616,1000
306,1.1271131592920347,97.8305827534187,2.0292319584145853,0.2541180292613608,0.6378402203266256,1.6265400127736815,0.6290418219397675,1.6251844966443019,1000,0.9846102373507253,84.58561248789677,1.94630183087131,0.28883080568171926,0.4274752786997156,1.5586630301577316,0.41850185821455554,1.5507186164868951,1000
307,1.6660941988049167,106.50219461999218,1.6112889145453466,0.2692907366091985,1.1860711978483864,2.218773124061595,1.1382843550508877,2.1939040425589456,1000,1.0932967684295138,28.262956501192683,7.306950668816426,0.508139995467081,0.124567683016321,2.1214101867229553,0.09734237731403506,2.0892511595449927,1000
308,1.1592298999797426,121.34451850958168,1.3511265685165326,0.22291632149475743,0.750717890455672,1.608978199564534,0.722313909850018,1.5961458901094672,1000,0.795272779682064,76.37898638580255,3.2644514660624124,0.29393282755428457,0.27130282857999655,1.4747801696214828,0.2191644376756663,1.3713811216884617,1000
309,1.1483849983640915,107.74286660793287,1.3130165241555887,0.23687402478372277,0.7206244790836797,1.6405130870658207,0.6841119097879949,1.612658086940188,1000,0.5861971142565925,41.09128249752961,6.22855440479878,0.5285959251532902,-0.4781497743441707,1.6350330401862558,-0.44985089904385633,1.6222451275570413,1000
310,1.3880318228543702,144.14596532712835,0.8038367033563785,0.2555205773186058,0.9324358942252376,1.9305000791702813,0.8872114913099028,1.8888521543988377,1000,1.5195800871266902,85.79563401385987,1.5197460122665702,0.37084573089285433,0.7539661677552258,2.2788499615481066,0.7927224545766958,2.2464377196766847,1000
311,1.0035721981583505,152.49688309452742,1.299263280669701,0.23076833596311955,0.5699359888980969,1.4970500972875296,0.5512662596706361,1.455878136646065,1000,0.9654559426062341,100.94323693981306,1.511187615131572,0.3575985266704259,0.2512198904301971,1.6263412663102566,0.2645628303321994,1.6663490548802689,1000
312,1.8921168008984388,85.08818009529354,1.7865137641753082,0.3124572176172502,1.2697309067607325,2.529421786360475,1.2797006543686285,2.504532947428249,1000,1.6269541645571697,20.230399475062782,8.605785994966004,0.725880887239432,0.34451500341389407,2.998650952824349,0.204227625567883,3.049680703546456,1000
313,1.3733061235570265,112.49627377624418,1.2269305136218207,0.21549012846937343,0.9299451509642713,1.8086219553949014,0.9509454717570547,1.7956667753569984,1000,0.59290192244847,48.50167269368432,4.486492137655534,0.5058971823280068,-0.5275341728262692,1.4908243823437617,-0.3986565549144234,1.5844603998113633,1000
314,1.3775071415155877,130.08556697869048,1.3077490696814624,0.19523960368626114,1.0260094554542813,1.7988453998071539,0.9948375182905159,1.7601767647406596,1000,1.3948789452395407,94.3325317346254,1.4560832479898629,0.24824511265014,0.9810758078233724,1.9481805074970382,0.9083185244452663,1.8814393660338151,1000
315,1.471862448087586,119.78516541577883,1.6596088300424408,0.25098891579990285,1.0015434049566765,2.001515370641477,0.9799241731197763,1.9638007230553955,1000,1.6944537195232106,84.02667271920303,2.102852470024959,0.381560755902424,1.0725512062616354,2.5309210423729436,0.9465946379544595,2.4423128010919615,1000
316,1.457909169860615,115.69568475847157,1.7483646783575217,0.2723191026948026,1.013175336853868,2.0629072663511323,0.924163728578802,1.991654611142428,1000,-1.6445320279593112,3.4659439848158295,47.46898950508084,1.7211178921177623,-3.7208701904470782,2.128999670243944,-5.017923096510126,1.728859040591503,1000
317,1.725827229132669,118.56912808979976,1.1141232012551836,0.2336803403874827,1.2873810784028534,2.2042658342584667,1.267813761973203,2.183840696292135,1000,1.7720060341953725,87.3728570211881,1.7204500349098928,0.3071264509691325,1.20798750812438,2.3668611825404637,1.1700381902958727,2.3739738780948723,1000
318,1.317003823739758,153.68318124409657,0.8335852460656221,0.19730375461138067,0.975886484198098,1.7345542943261996,0.930288464701452,1.7037191827780642,1000,1.6483626201574608,89.00314837220294,1.8294522729685965,0.39163554933845807,0.9600407898173217,2.5012703583981946,0.8807569434540831,2.4159682968608385,1000
319,1.6838774064117774,93.8362047587436,2.3005074299064923,0.3011490979749808,1.1462298907166706,2.2986094169427878,1.093625174380815,2.27412963844274,1000,1.6476259314266666,42.925941064995925,5.658813018180194,0.41694587523128906,0.9602621194012533,2.5485826169540102,0.83041201597334,2.4648398468799932,1000
320,1.349802414614668,112.17993251572152,1.576386517964384,0.24802953234455144,0.8922494055708757,1.875695364786196,0.8636645312193473,1.835940298009989,1000,0.4491786721850479,46.5258247431721,5.498205120910005,0.7794422794640601,-1.7603496140257862,1.4784193980624465,-1.0785281955645099,1.9768855399346057,1000
321,1.8026771236972268,96.51636189508692,1.678561064562962,0.284125348231313,1.2649896501744415,2.3885981455311533,1.245791441163853,2.3595628062306004,1000,1.9560675509730299,52.707191848426824,3.497345267333131,0.4303233228574696,1.2094631746429767,2.9166536524618625,1.1126338381723895,2.7995012637736703,1000
322,1.4122635155239287,92.34222124774215,2.0089168875074184,0.2591468556855263,0.9686337684884692,2.008246084675243,0.9043356783802972,1.9201913526675602,1000,1.3198075185382634,71.51362171534026,3.038163264602079,0.32291862201014226,0.779020003317638,2.030375035134208,0.6868870193983846,1.952728017678142,1000
323,1.5705828377054676,88.67111125040995,2.1710429695380213,0.2470772064694701,1.1083601725100265,2.065754830825148,1.0863115130253063,2.054854162385629,1000,1.6648982623035926,96.12635192302079,1.3542747800568358,0.2934036585843662,1.0900880960739547,2.261752895785968,1.0898270914782349,2.2399694331289504,1000
324,1.5989452908299557,120.38204029550793,1.5219618794034087,0.2880758792917048,1.1074896071507858,2.2391272939989806,1.0343165674182142,2.1635740142416973,1000,1.2761852519184163,59.031751296713686,2.9360539541873165,0.5287931118786721,0.13527462323288642,2.2336973969621385,0.23975075263621903,2.3126197512006135,1000
325,2.301805863199027,63.589411430408504,2.753262977280466,0.36949871879264923,1.622750447973435,3.100703354459774,1.5775883743654342,3.0260233520326194,1000,0.39407337565888323,7.046160399812547,18.43263747353662,1.3006417828955408,-1.7962966781438563,3.246389158218954,-2.1551845188163767,2.943331270134143,1000
326,1.3575998732008663,145.27096912498453,0.8910127400038256,0.20766700981201291,0.9636881061813258,1.788248637188534,0.950572533969321,1.7646272124324116,1000,1.051473023963958,62.81166858488231,4.133851732400375,0.623873062668146,-0.3015086468178519,2.0697673886407206,-0.17131817886560818,2.274264226793524,1000
327,1.4783616927584673,122.41132578611864,1.3284076929724449,0.2582067131522286,1.0100678616280006,2.025816448462985,0.9722765349800992,1.9844468505368353,1000,1.3886414543004482,67.24823419353689,4.203781836430489,0.40786595433358763,0.659643599466321,2.277718074386391,0.5892241838066165,2.18805872479428,1000
328,1.4872300694186016,112.36919761399716,1.2812985311511924,0.23082377318590108,1.0472882951856968,1.9595953090763467,1.0348154739742355,1.9396446648629677,1000,1.0370471911114025,63.00792704139583,3.5352622278343175,0.4125896676568143,0.1337964425446241,1.7370929535593571,0.2283714425040465,1.8457229397187587,1000
329,1.4009556686014408,128.1762497535853,0.9686381775711752,0.24198996985992854,0.9388807545835112,1.8916599987833367,0.9266553276759809,1.8752560095269009,1000,1.5170619681203175,32.837569542208755,5.723397966825625,0.7470266033189312,0.29027941542549146,3.268332298168717,0.05288982561521238,2.9812341106254223,1000
330,1.1164356287879804,132.78752441618516,1.2396337591682094,0.22055190809131184,0.7006726011997927,1.580541423227651,0.6841538889290093,1.5487173686469515,1000,1.1900918350329825,93.46774867533485,2.469912620988521,0.29800354695597475,0.6873523837309634,1.8434251006071043,0.606004882999272,1.7741787870666932,1000
331,1.6512448180521786,120.74949851947734,1.3587089222564082,0.22876154353167635,1.266258056555606,2.1851656651276654,1.202872192730093,2.0996174433742643,1000,1.4357068205321797,29.882241461352667,7.219845102266112,0.5299991390785552,0.4523714923296346,2.6475066889084404,0.39690850793821153,2.474505133126148,1000
332,1.491247603397463,102.61083885460005,1.5321430000182816,0.2634520810253833,1.0133215503971325,2.057764636454999,0.9748815245877118,2.0076136822072144,1000,1.122623938090317,51.02703207238754,3.7870867331969498,0.44892981064685183,0.14166240194485194,1.845556824914282,0.24272150922248736,2.0025263669581466,1000
333,1.555466429364699,113.06358524178164,1.2168533152193726,0.25481316282393757,1.054718988004865,2.0757752122670343,1.0560326302297813,2.0549002284996165,1000,1.5506389203556998,63.5910006967312,3.5514343239372357,0.32178132870475906,0.9296622061937824,2.1832126144446153,0.9199475160943721,2.1813303246170275,1000
334,1.5693800064074819,101.82573925257954,1.9546500715724262,0.2664024920044522,1.0750564557456121,2.103867693951476,1.0472311220787556,2.091528890736208,1000,0.903102901367224,29.627154268884208,7.098700828849209,0.5131439773054882,-0.17977369745512065,1.8957985386412306,-0.10265929415153274,1.9088650968859808,1000
335,1.2268155835646728,124.46454553720636,1.5350566082251338,0.25894485425885744,0.7648968784237902,1.7862817316202304,0.7192836692173122,1.7343474979120335,1000,1.2060890383350427,98.74687957114465,1.5942135786161988,0.41245505282689954,0.4205265273639609,1.9413876094682763,0.39767713479431954,2.014500941875766,1000
336,1.2705548466910972,106.83521332719883,1.71590654103733,0.21366875933823473,0.9008596329635916,1.7151711062510906,0.8517640783881572,1.6893456149940373,1000,1.0165773979942256,78.32155372777767,2.0260482755660987,0.24479783151513024,0.5705493550663061,1.5169506508351285,0.5367736482245704,1.4963811477638809,1000
337,1.5920628823290681,96.99775869061641,1.5471887156873616,0.2717417755213007,1.1021961069839243,2.191766698849604,1.0594490023073186,2.1246767623508176,1000,1.4007352749219837,54.275318305247005,3.724798687891693,0.4295273905079449,0.5851613101327617,2.2671537680956266,0.5588615895264116,2.242608960317556,1000
338,1.4269618110284583,115.92406470179769,1.877409978682467,0.25804213855888847,0.9595737101634719,1.9719522313695779,0.921199219453037,1.9327244026038797,1000,1.1112353257356329,64.26453012686808,2.5924298974786404,0.4076325359465288,0.2935940107789755,1.9145661095977542,0.3122755552804364,1.9101950961908294,1000
339,0.9036294533770417,131.73403342737367,1.091019031297313,0.21323405916265933,0.5034754997548779,1.3703533685225229,0.4856906974182294,1.321568209335854,1000,0.7065558530888518,68.6854440555999,4.070777624046828,0.371122627508619,0.022701863731796744,1.4749693533202346,-0.02084449682804146,1.4339562030057451,1000
340,1.084206620942154,159.34545589082825,0.7697192661078375,0.22576253093317264,0.6612942019852402,1.5642066239031076,0.6417120603131355,1.5267011815711724,1000,0.49434161814199484,48.98656252987805,5.057352250245301,0.5150850860755618,-0.7572150524619363,1.3795912781636785,-0.5152251505661063,1.503908386850096,1000
341,1.1989557641406647,98.11781454539415,1.978225269841521,0.2036026021254309,0.8414419959510038,1.6188068844061507,0.7998946639748201,1.5980168643065094,1000,1.228085457281281,69.7068927413641,3.162122734607611,0.33910244596550765,0.5598186354634017,1.9134539840343714,0.563444663188886,1.8927262513736758,1000
342,1.2257758554220084,106.54281162104463,1.765704858082351,0.27168261535888805,0.7081011852293589,1.7608915009976067,0.6932779293185878,1.758273781525429,1000,0.6268822961965972,50.777918927271806,5.410398245398782,0.4575262387333961,-0.2566108869306982,1.4626403188662895,-0.26986913172085913,1.5236337241140534,1000
343,1.556742418355544,103.93981135990663,2.654707526611429,0.3099972415646958,0.9655283136263865,2.1944166072840234,0.9491478248887403,2.1643370118223477,1000,0.16556781097334783,14.764678196589394,13.59580686431731,1.3721377589941353,-3.0999435533079147,2.5666640804974743,-2.523822196655157,2.8549578186018527,1000
344,1.6589871608616849,86.51422701992598,1.6703845831287574,0.2747447910648116,1.1397985657635241,2.1762264501978534,1.1204873703746543,2.1974869513487154,1000,1.3123386517576185,46.556366125269925,3.650254503613195,0.3707511817577836,0.6143164827578483,2.0496393448309735,0.5856663355123627,2.0390109680028745,1000
345,1.4734844589429377,119.55282062768777,1.7773763520088746,0.29164455594878014,0.9493103167315468,2.1181262175462825,0.9018611292833286,2.0451077886025466,1000,1.5121197439954,77.54185524436423,2.6347212654007377,0.5124361955782826,0.649242453088601,2.496112083819117,0.507744800661966,2.5164946873288336,1000
346,1.3237535593784056,105.74501510884863,2.1290598318814182,0.2091791500744997,0.9111732571882305,1.7328287453552997,0.9137624252323862,1.733744693524425,1000,1.3222206147622564,96.46804476545472,1.9151975266574366,0.28895762059347463,0.7256248374258071,1.8810451657250127,0.7558636783990461,1.8885775511254668,1000
347,1.7336323801942384,114.26088235822321,1.8774901607227288,0.2248917138742587,1.362348077097383,2.2073458363683374,1.2928446210006914,2.1744201393877853,1000,1.6693911287879808,78.08510481652327,2.0864013529066843,0.2551640546829811,1.2093634723812448,2.2008251778915886,1.169269581609338,2.1695126759666237,1000
348,1.4787663283263752,131.03710448091005,1.1950254379930012,0.24644653637396677,1.0125860311871546,1.9892603524031758,0.9957311170334004,1.96180153961935,1000,1.6187329177900116,68.72314094951767,3.464282764250473,0.47162554747237984,0.7680022408836372,2.6340253280695816,0.6943468447441471,2.5431189908358762,1000
349,1.6630874144959957,94.5786867473015,1.7900999464802476,0.2730081768409687,1.1699766271491294,2.220586331133604,1.1279913878876973,2.198183441104294,1000,0.6401353319331795,18.7277822500356,11.429199034178097,0.8973309856910007,-1.1209465464897965,2.4899316350435976,-1.1186334000211817,2.3989040638875405,1000
350,1.4012750295081622,138.1882780860652,0.8302875828151088,0.2578670405016487,0.9556793595140374,1.9626253824802657,0.8958556301249307,1.9066944288913936,1000,1.3337242338099498,47.32960205534688,5.4465935229152675,0.5728046248893753,0.2346419485842932,2.5579067681474976,0.2110271690267742,2.456421298593125,1000
351,1.209329453556974,122.26028125528623,1.2785097551925182,0.24452807866416507,0.7552905974049767,1.7178935810687617,0.7300544193752105,1.6886044877387376,1000,1.4268174027203007,115.18290533218774,0.9555992165253794,0.41211065783718154,0.8001802542374375,2.362467023533413,0.6190805133594248,2.2345542920811763,1000
352,1.6316902735660908,81.28968686479122,2.069232885587927,0.23743311022824148,1.1797476474713462,2.10397851248297,1.1663213775187375,2.097059169613444,1000,1.0881485686287786,40.82056699567664,3.71382334115525,0.4880850624114539,-0.12614484165609008,1.8328945011508497,0.13150184630232897,2.0447952909552285,1000
353,1.3684337841173544,113.92647451587503,1.544456635979731,0.18367214735649637,1.0231375242499239,1.7321459736475437,1.0084363752986216,1.7284311929360872,1000,1.2030973696434557,82.01165711482689,3.295706867199157,0.24641357834588803,0.7554531824670955,1.738002559794366,0.7201267560855151,1.6860679832013963,1000
354,1.238979133850243,97.34354439564555,2.1770140065048458,0.2062823832807223,0.8743940274905814,1.6585939093984996,0.8346656626200273,1.6432926050804586,1000,0.08837311921764135,24.604338811018245,9.329681517195338,0.7574338034654922,-1.6334950465515483,1.3592572016612667,-1.3961971355747234,1.572943374010006,1000
355,1.835829275026652,105.96265342880989,1.410962273480534,0.2915703618875312,1.3434189095287359,2.4630951979157754,1.2643513657270908,2.4073071843262133,1000,0.9953742410004103,12.403734993425966,13.208871871737403,0.8341792821787024,-0.3468220682532837,2.7114445595467314,-0.6396171520698464,2.630365634070667,1000
356,1.2376304872321249,120.45797303196125,2.431496329087194,0.19660567563593317,0.8636250346522005,1.642788601594663,0.8522833629856958,1.622977611478554,1000,1.082164864630342,66.42881648648574,4.270508395342052,0.35646920989384057,0.3172365892163542,1.7408173512679523,0.38348521323841445,1.7808445160222695,1000
357,1.6036498227712643,109.68851611435888,1.3470743301377852,0.33650596734472016,1.03020366124447,2.3185823008584503,0.9440981267756129,2.2632015187669157,1000,1.8938693540801887,87.89053574480599,1.680724145631736,0.4350692848504112,1.104604013430288,2.822507671482416,1.0411335557733827,2.7466051523869948,1000
358,1.4113152415074168,117.82019394762476,1.3013472934643073,0.27453458051992197,0.913795784717666,1.9881359585887577,0.8732274636883698,1.9494030193264638,1000,0.39376195259469604,26.307634315821396,6.740014526467839,0.7294683809319213,-1.2313671904884322,1.7186328073111499,-1.0359960740318697,1.8235199792212617,1000
359,1.5803117403101008,70.0826846484811,2.6991816453507314,0.344344789221617,0.987089337218194,2.2951809101776792,0.9053959534357315,2.25522752718447,1000,0.37729904241783707,12.343686432956103,15.43068898580204,1.0440150174701128,-1.7096044237699226,2.3821613922332454,-1.668970391823584,2.4235684766592582,1000
360,1.5437500736224328,102.93211942539412,2.185530863496193,0.28042921367795304,1.0212113483033296,2.1375535959376295,0.9941088148136449,2.0933913324312208,1000,1.611652366456493,110.78054742021884,1.2287460338944682,0.3303976920362988,0.9870258448699146,2.2934012604250094,0.9640728900653474,2.2592318428476386,1000
361,1.0329328079974835,135.67035974706823,1.074426509322479,0.20923051102607249,0.6571960140105337,1.447721874623702,0.6228410063863814,1.4430246096085857,1000,0.8795857084716769,89.33703733641407,2.291188506326776,0.24864014395354153,0.40347546654669436,1.3786571706588515,0.39225102632273556,1.3669203906206184,1000
362,1.3308239860311073,120.55701319491237,1.465321903364588,0.259774192528783,0.8640767581596114,1.8983512571129286,0.8216665686746927,1.839981403387522,1000,1.3796571622140217,72.65709331784191,2.940010719519904,0.36554481073734707,0.6909618662912614,2.121767721268454,0.6631893331688214,2.096124991259222,1000
363,1.9760890250273795,72.04376690195045,3.0645380524086265,0.3409777166485193,1.399952074279634,2.711549232173085,1.3077727003962818,2.644405349658477,1000,1.8629662691442042,70.97726935899382,2.254429226843129,0.38969361829412774,1.2033173568782485,2.6780806574367655,1.0991667772877138,2.6267657610006943,1000
364,1.955558378193026,65.70650321430587,4.243092426837155,0.2777558234151999,1.4649135562326365,2.566918781407011,1.411156964299234,2.499959792086818,1000,1.8170779828942125,43.933438488877265,3.7003333150748228,0.38145571817759755,1.069894776694347,2.5871126303949508,1.0694247752661212,2.564731190522304,1000
365,1.4239376852732948,133.5693572020748,1.3374475507313668,0.23719019531213603,0.9686099690919714,1.942320533920011,0.9590449024615082,1.8888304680850814,1000,1.2525277236345065,61.276104330567385,3.209640390265138,0.6597698372737446,-0.06897582294696837,2.504230242482678,-0.04062115742203298,2.545676604691046,1000
366,1.4431419912177956,114.19983974636095,1.946081953128301,0.2886970883251589,0.9390133209106052,2.1020795695469703,0.8772956981004842,2.008988284335107,1000,1.196598122211974,66.71098035840015,3.4748290602617833,0.4212472622103866,0.4210687750815162,2.1149960733767914,0.37095348827961616,2.0222427561443315,1000
367,1.5526703516759517,119.56257790227181,1.5304266415913668,0.2157412833943181,1.0719116926359267,1.9638617229510231,1.1298174362230882,1.9755232671288152,1000,1.2028462199198433,55.92208498359411,3.910190221920319,0.4948706806731475,-0.02321591518940767,1.9447653819570494,0.23289968580047427,2.1727927540392122,1000
368,1.7074760750876694,80.4945300229429,2.5665933656401054,0.3005515846829878,1.1687586708516555,2.364185516419368,1.1183949691090134,2.2965571810663254,1000,0.5182738655131178,18.50818734835258,11.454932456414346,0.9081629766648864,-1.475367919178272,2.1046718919576004,-1.2617255687500595,2.2982732997762954,1000
369,1.4904685499582624,136.4247481087184,1.0054302410892055,0.20135981028344896,1.1016263217384759,1.8988709072049952,1.0958033218027023,1.8851337781138224,1000,1.3365133350365987,59.274793582715525,3.4251278403101666,0.3620423055416802,0.6335466170150843,2.0544742378897207,0.6269104161749055,2.046116253898292,1000
370,1.114632203368326,107.47497579819502,1.8939756724248984,0.26609742295700894,0.6410450014631582,1.6701689300554812,0.5930812543725885,1.6361831523640635,1000,1.0195395055046115,85.8167007406576,2.1619143126810765,0.37959089042540206,0.44143561015528143,1.9031425344722528,0.27554136027082343,1.7635376507383995,1000
371,1.2996910163152164,118.42640597119268,1.2082617343493554,0.208019944913892,0.9240212723068876,1.7164328569977814,0.8919719242839881,1.7074101083464448,1000,1.2370347143604392,92.96510369711928,1.5750621279758894,0.23297673279024336,0.8360557473263993,1.7191095741052569,0.7804003180915622,1.6936691106293162,1000
372,1.200480019318176,149.563246299292,1.0448354904341246,0.17997804932011366,0.8552333005723113,1.547184545398167,0.8477230426507532,1.5532369959855987,1000,1.1499015607394425,95.67779800693417,1.6462125053401375,0.2268602443310977,0.7351634773883748,1.6094861518426788,0.705255481850491,1.594547639628394,1000
373,1.2461440405279343,101.862579180319,1.5245189648444646,0.23407583286959055,0.8338337545890011,1.7434913404946009,0.7873554081035368,1.7049326729523318,1000,1.0587156923373753,82.81014813182132,1.7951741870421702,0.26936788942905676,0.5877416492344659,1.6220312538549733,0.530754629056424,1.5866767556183266,1000
374,1.2535612413869712,119.29794442384299,1.230883790448061,0.22833787806143024,0.8092024716910521,1.7227722788914581,0.8060190003865679,1.7011034823873745,1000,1.03093058436101,94.29610251699903,2.1794388663799538,0.28096314425354896,0.49222614140037907,1.6019130790497567,0.48024282162405396,1.581618347097966,1000
375,1.500841660589499,70.86044324446904,2.7449030554385145,0.24199476643829113,1.0471319051705452,2.0080492015603406,1.0265319183704484,1.9751514028085495,1000,1.4312475041525357,50.78761924351561,3.2202252548896757,0.2904581896344115,0.8321489506337871,1.9869796649816842,0.8619494524690892,2.0005455558359824,1000
376,1.3666373579480438,107.22734952319495,1.5695162413233996,0.2199325385445178,0.9821465525143603,1.8226220556913677,0.9355695824007888,1.7977051334952987,1000,1.2704852204257844,74.25646881122913,2.464909747435187,0.3339850900826609,0.7230457403590758,2.021744491186245,0.615874443863769,1.9250959969877997,1000
377,1.4485753920868938,104.74221116933964,1.7409133024807895,0.22897810985149505,1.03759237234611,1.9279954057650162,0.9997782967779635,1.897372487395824,1000,1.6065758048928307,66.19950294888598,2.2402333736460447,0.6449201055875264,0.8953179456658837,3.180751414662474,0.3425323979412789,2.8706192118443825,1000
378,1.7161953598206143,78.8176445911193,2.2161969134998833,0.2981286240609399,1.1675062054531724,2.3011238314896016,1.1318632566611722,2.3005274629800567,1000,1.5409162880793807,55.73658435642496,3.809012962598024,0.3698846560410731,0.8854277414207404,2.2998879783662987,0.8159423622388774,2.265890213919884,1000
379,1.4679494029945133,88.71381366701061,1.5331178727876686,0.29203497747133667,0.9950805145807186,2.1282429515594994,0.8955608471506934,2.0403379588383332,1000,1.5922880140703144,51.27039500511532,4.314686592647963,0.5402623179327005,0.6443267414544845,2.6746898366209604,0.5333738709222213,2.6512021572184077,1000
380,1.5998424975957015,83.80231011049763,2.3266793473588487,0.27562582034084376,1.0949647969479936,2.163822928630145,1.0596158897276478,2.1400691054637555,1000,0.9669700300680293,33.31091187130918,6.08197199491306,0.6261782162542293,-0.3018481126078957,2.2653130564516673,-0.2603392737902601,2.1942793339263185,1000
381,1.4983747790313762,126.83074696725734,1.457256379062114,0.2823585613362658,1.0183507131690843,2.1086344075206536,0.9449519988122952,2.051797559250457,1000,1.0882586538126644,60.115586204108475,4.03164483274003,0.6987769470338111,-0.6760672669916559,2.3038210529267333,-0.28134416237360527,2.4578614699989343,1000
382,1.4384742961276693,113.08289431674366,1.1011132806869903,0.24194691465489954,1.0117738245764993,1.977534775341395,0.9642583434040662,1.9126902488512725,1000,1.454754561924283,86.78920954666015,1.9748590732650242,0.3180896434374055,0.9223444935042854,2.1466287179972046,0.8312988607869682,2.0782102630615977,1000
383,1.983426109474399,70.45746658012098,2.617195372461601,0.3503168662977304,1.379426969066281,2.7168941773527293,1.2968050515308476,2.6700471674179505,1000,1.8431490584151486,26.073058239548104,6.889102457271195,0.6131751999122008,0.656968048363226,3.095470198009194,0.6413256665872351,3.044972450243062,1000
384,1.0960666540232202,99.10988528146319,1.6395460314413317,0.17458201121556688,0.7739382644456553,1.44007168677641,0.7538859120407091,1.4382473960057314,1000,0.8060651035978834,50.579186401240094,4.613834558728285,0.3282982810524293,0.10195491841404578,1.4089704251882238,0.16260047273512201,1.4495297344606448,1000
385,1.3937758527728366,100.25861202205263,2.2176426543092482,0.3061048258123999,0.7293730916147345,1.9373011230670776,0.7938103941805328,1.9937413113651403,1000,0.1693404024645071,23.334850928189763,9.69384841846441,0.7229438788544196,-1.3911582089460344,1.4883472069012529,-1.2476296000901552,1.5863104050191694,1000
386,1.078783564952483,142.79306746894525,1.2998910236334247,0.23125827449444747,0.6438444965490249,1.5527459652100413,0.625517346943366,1.5320497829616002,1000,1.121076170856276,126.03280194765951,1.602908256741759,0.28787599607425973,0.583373635065252,1.7573302528748878,0.5568392185507269,1.685313123161825,1000
387,0.994504309315734,128.02858587286457,1.0382455810979452,0.21154994958106182,0.6116667032986494,1.4153431665145486,0.5798664081368528,1.4091422104946152,1000,0.6977060998352296,53.7352137019243,5.227762026115523,0.3917555461856165,-0.10638757337336878,1.4909025108296696,-0.07013477068857865,1.4655469703590378,1000
388,2.1047748705428773,101.08701223705651,1.3421863249091193,0.3210223818090737,1.5161453345788027,2.798025332896903,1.4755710021970927,2.733978738888662,1000,2.0785070302704596,53.87277084342433,4.178455606784,0.4607995014297778,1.2962280211498416,3.099235703389605,1.175340007468095,2.9816740530728243,1000
389,1.5188610842591692,139.99289988350807,1.108176877969557,0.2513997888382047,1.0677036928467172,2.0220450059139607,1.026117498136288,2.0116046703820505,1000,1.554758037533783,65.5700694307764,2.5954965902640454,0.4758628480847891,0.5949632621382112,2.484140413944999,0.6220668552875964,2.4874492197799696,1000
390,1.5075605592658192,120.29457470909287,1.1127825764761357,0.2215973218764787,1.0652597680597955,1.955007132858109,1.073229808387921,1.9418913101437174,1000,0.8865254314087561,48.145943021419846,4.785092549308862,0.4730256330755557,-0.1330937234795463,1.6996555987893023,-0.04060480941933309,1.813655672236845,1000
391,1.2805329076400496,117.13133305782512,1.8905001639637145,0.27748126789136335,0.8156861291232442,1.8878537552661596,0.7366696225729774,1.8243961927071217,1000,1.86780809773049,103.77798333640264,1.3885902995858752,0.4938183164654706,1.1347850774580668,2.8710558048324377,0.8999241974581678,2.8356919980028126,1000
392,1.4553673895684707,136.33323643496615,0.9558864711020362,0.20884825046843908,1.0403876130805154,1.9032145309120823,1.04602481865033,1.8647099604866113,1000,2.0515971247190246,38.598979016653956,6.251856196196089,0.855236879826359,0.6904654117698638,3.9208937972048403,0.375332840259361,3.727861409178688,1000
393,1.3312564658297275,157.4825556756279,0.7095875322056112,0.2271903365411478,0.9175877078762461,1.7900057463604473,0.8859634062090778,1.7765495254503771,1000,1.461230074287435,88.56255896761716,2.512016940884955,0.3493830022594243,0.8690090959229689,2.1984379718595193,0.7764393898589632,2.1460207587159066,1000
394,1.549057718309924,60.12251379776728,3.9179253916132843,0.2755236404672912,1.0303501229024326,2.1075993241605686,1.0090313829940332,2.0890840536258146,1000,1.3085798294483255,44.714462729679774,3.7845942377997512,0.3483119149980591,0.6599809827153796,2.0658657015848196,0.6258884760521297,1.9912711828445213,1000
395,1.0801309534980668,170.46044209355955,0.64549366845603,0.1868707885390938,0.7233112948267013,1.4369928526265503,0.7138642079614429,1.4463976990346907,1000,1.3261397446136307,85.02106582976617,2.3316478918783705,0.2804282668175785,0.859065031199317,1.9673169507314259,0.7765003416511769,1.8757791475760845,1000
396,1.5982857442861862,98.84450853159046,2.1581804217747744,0.3102332458061028,1.0243652173695468,2.2534032126605816,0.9902285825062247,2.2063429060661477,1000,-0.41258171894262485,6.806475847818954,24.95494289750306,1.3707921646903702,-2.896135476126247,2.346961281117474,-3.0993343617357505,2.274170923850501,1000
397,1.594862085542004,131.9665916765204,1.3625841124121278,0.2642170000423512,1.1164303209777893,2.1026759057174464,1.0769967654589956,2.1127274056250123,1000,2.3530076582430848,45.17162391154901,3.947993192240038,0.7421794219601786,1.0743682452683716,4.0209289871325105,0.8983359912011348,3.8076793252850347,1000
398,1.5611119165953409,81.10602198685598,2.8561618344258535,0.24906393279411038,1.1105507351774033,2.0874798650129787,1.0729466083188846,2.049277224871797,1000,1.5943113866447556,86.96364859680295,2.0438336142058904,0.35425852940786223,0.9550249785233019,2.385777766947847,0.8999646690053457,2.2886581042841656,1000
399,1.6409039482474925,113.28998169270956,1.9097478071283673,0.3719303533002937,1.0394953757288683,2.4415517126583235,0.9119204557789168,2.3698874407160684,1000,1.8191780389593535,108.70133060567936,1.0145473609489537,0.4300887030184337,1.0302165622901365,2.6769502929298494,0.9762041810432234,2.662151896875484,1000
400,1.5489384697736157,78.74835580685034,2.317494052595139,0.27862848473905577,1.042901944052376,2.1239995429165046,1.0028266396850665,2.095050299862165,1000,0.862663166455242,19.69896362063937,9.88921523783305,0.5455416120437578,-0.28342383119428655,1.8977652156076663,-0.2065983931505233,1.9319247260610073,1000
401,1.3489170344248333,116.00916173850263,1.6216617892863032,0.23086776384984964,0.9324142941775184,1.8253521242537685,0.8964162172791281,1.8014178515705386,1000,1.213745279367983,69.80815963821247,3.3349582118768573,0.3506349451555206,0.6000931696393014,2.0165342951024656,0.5265007868631626,1.9009897718728035,1000
402,0.8807319109017624,90.78937213463674,2.3456043870421563,0.25257558868986807,0.4051036716827522,1.3906143209659187,0.385683757069621,1.3757800647339038,1000,0.6891491130010836,59.04837720109752,4.262394571831271,0.32145955508998164,0.0700315320525642,1.3156741162011178,0.05908838502471958,1.3192098409774475,1000
403,1.446889701900166,117.36781184795534,1.1910412342448993,0.2701434969363191,0.9403242780370799,2.003475821194897,0.9174084479049807,1.9763709558953515,1000,1.2302230937473664,80.34234331777543,1.953300755568993,0.3904217862891443,0.3668032955712685,1.853225153916582,0.4649963926206435,1.9954497948740892,1000
404,1.4373054601188628,96.66421111509686,1.9489181298554916,0.2855397007773748,0.9180498653453405,2.0459140792604456,0.8776476465952083,1.9969632736425174,1000,1.5727573658593794,95.4568289676052,1.4619850416381803,0.4115302746912243,0.7645372281424032,2.4271985597749874,0.7661580274645798,2.379356704254179,1000
405,1.213866856380219,92.53814488893553,2.2534184206499024,0.20501753222965874,0.8210865917385672,1.6074269837309596,0.812032493210088,1.6157012195503502,1000,0.8798173912861129,60.46872953225318,3.103418884459341,0.3135064022963764,0.3113974133409938,1.6022782483408515,0.2653448427852152,1.4942899397870106,1000
406,1.4151312892851182,78.87320229023608,2.623129872796608,0.33478844263276475,0.770301988787679,2.101903610384861,0.7589459417248994,2.071316636845337,1000,0.07274431997848207,13.243681071828108,15.65099224389999,0.9423722110350614,-1.9924809144448712,1.8137956506145319,-1.7743052136502382,1.9197938536072023,1000
407,1.389756645217683,65.81733799047323,2.6778763804746757,0.2041955782294917,1.0160293527928517,1.7969798964023205,0.9895333118878793,1.7899799785474868,1000,1.273955429315087,55.010653039504426,2.3878617464702208,0.24367929725767648,0.7449778652001872,1.7081160410152743,0.7963440066900411,1.7515668519401328,1000
408,1.2360158262553398,126.97848569150173,1.7412986078887318,0.22248169251994585,0.8477103200728561,1.719224745524682,0.799951708916246,1.6720799435944336,1000,1.2675663094263792,30.39570794725487,7.681842694851764,0.7087559554943789,0.2709738649601056,2.9496190961566784,-0.12159536334260346,2.6567279821953615,1000
409,1.291844931551728,156.0134788203546,0.996020856053748,0.19737862570260917,0.9232654996097934,1.7074644440806475,0.904982825174614,1.678707037928842,1000,1.6068337728852171,91.70443636138208,1.8895794671094943,0.5090401602646484,1.0568780179641362,3.1023647489919886,0.6091150587665063,2.604552487003928,1000
410,1.475564356050553,125.11389503163231,1.0869345568966047,0.22885894118126426,1.036820330301964,1.937431738307172,1.027000831335275,1.9241278807658309,1000,1.273121289054155,63.23313008228556,3.010936767019569,0.37323897582093096,0.5865630267599652,1.9742556828748783,0.5415728964451303,2.00466968166318,1000
411,1.4512973069283497,134.66982515556575,0.9939315391667257,0.1633354691416411,1.1356700866328022,1.767840470951869,1.131159787410733,1.7714348264459663,1000,1.3526924624499133,127.8353063034816,0.6193659839025745,0.15978584233699522,1.046399184420661,1.6683057349814856,1.0395122114694026,1.6658727134304239,1000
412,1.1278735391371775,104.41621965408555,1.640998753243783,0.17944362451210974,0.7950604613531022,1.5154192859638829,0.7761640350934425,1.4795830431809125,1000,0.9707898936916535,63.72705240176375,3.4184922609600616,0.3801998359375667,0.11448400944010691,1.6573348055320098,0.2255982152540228,1.7159815721292841,1000
413,1.2862409988957406,69.51825858777347,2.9092792263155145,0.339091451007092,0.7314825192020183,2.0493375066675656,0.6216217549218404,1.9508602428696409,1000,1.3785003102763738,62.61467513574254,3.975515799908074,0.43866361380882335,0.7148542797221963,2.3877461808048728,0.51871962721108,2.2382809933416676,1000
414,1.4916087054705016,111.4786999176576,1.2294128537635547,0.24794522567776878,1.0321858559417454,2.0108353495051605,1.0056360631420749,1.9775813477989284,1000,1.2923505666358035,91.11101961205999,1.980116040988451,0.27454133765523664,0.7824282187599135,1.8674669980858554,0.7542495448315397,1.8304515884400674,1000
415,1.2161886799108172,160.63624974943983,0.7416295595162933,0.1756410695382239,0.8975465752804459,1.580897447561378,0.8719321836158984,1.560445176205736,1000,1.2615243132199219,92.93805610686815,2.537143105290063,0.26177815451948194,0.7235841689068585,1.7706590427751212,0.7484391303617373,1.7746094960781065,1000
416,1.7966191601957389,103.09173133795117,1.5977626451259956,0.21542379618164736,1.4279977420360683,2.2506510038625516,1.37438851967971,2.2188498007117676,1000,1.6768769309110405,72.07628619243204,2.9260345659933167,0.3620690520739279,0.9664241693946081,2.3465173032769093,0.9672215888461418,2.386532272975939,1000
417,1.4188848017439657,145.9501372091752,1.0776062184584008,0.25461089147112836,0.9276701564514374,1.917503690983044,0.9198474544605542,1.9179221490273772,1000,1.4806772131562502,78.14989801194918,2.1455213622256815,0.396867358797248,0.7280623354840392,2.312446497344826,0.7028171899136442,2.2585372363988565,1000
418,1.2331293967221293,128.63726909746228,1.3283187802170144,0.23221797895257076,0.7867656751818527,1.7031510130409233,0.7779821579750906,1.688276635469168,1000,1.7611308778504458,95.98529960508199,1.803945827039809,0.5190587044415498,0.9497572174696927,2.8863994904793993,0.7437758171450082,2.7784859385558835,1000
419,1.891623929159877,98.47159614813012,1.8727285221002083,0.25633603155474094,1.4131293439995969,2.41512671472904,1.3892053073125847,2.3940425510071695,1000,1.5163529779320148,14.19626270539987,12.563585927026994,0.5065497000133092,0.6967630958049895,2.6432407250456222,0.5235155659059287,2.5091903899581007,1000
420,1.4456601374725648,104.81745772311815,1.6379050886005175,0.22005006544667802,1.051317461100974,1.8985772949494903,1.014362009197076,1.8769582657480537,1000,1.1867827975697343,74.76791011673411,2.6446223648706813,0.2989278733218142,0.6002438154411115,1.822853703552164,0.6008841658589784,1.7726814292804902,1000
421,1.6668393972033717,127.46897670246359,1.0107434420543175,0.2198387692171191,1.2732695974798032,2.107794610806645,1.2359554095378182,2.097723384868925,1000,1.44698893905315,66.11888175336352,2.588507547263124,0.38891067936111967,0.705449318335785,2.1929449634227867,0.6847240075053556,2.2092538706009446,1000
422,1.1077676944188135,122.26717640592427,1.8021844665158269,0.19416242228157454,0.7141946855439588,1.481849172520817,0.7272093467469274,1.4883260420906996,1000,1.0169714202334146,114.36656176499831,2.1415438682109342,0.22667328089424496,0.6205771832051896,1.504831306925647,0.5726917896806945,1.4612510507861347,1000
423,1.4743291341915632,91.48064704639295,2.6660789672738883,0.2648375061609464,0.9694931853455,1.9998182105949147,0.9552476221161083,1.993410646267018,1000,1.4831417338754163,49.07964583636686,3.1109214743319895,0.5655049622378647,0.5175640923873133,2.7047779170560085,0.3747520078892015,2.5915314598616312,1000
424,1.5806557898276534,131.86451815104238,1.6662342489446855,0.24536401185276752,1.1785499197056373,2.1140201326145878,1.0997423265962292,2.0615692530590777,1000,1.855161387398445,83.13828355151804,2.1523259607315843,0.3490440729900908,1.2131119836552477,2.6181384644622585,1.1710350043378668,2.539287770459023,1000
425,1.772015033042839,104.9408106707178,1.7375287768058076,0.31146461736229347,1.2375732776196076,2.4726793696194234,1.1615443830127439,2.382485683072934,1000,1.4928282892103426,38.838265886399,5.91423599910914,0.6875787550923516,0.2323602105498878,3.0663239949658716,0.14517392922933348,2.840482649191352,1000
426,1.3415746511811537,123.94937919274743,1.253810522073805,0.22582678643763548,0.9118681029638743,1.8169491689582125,0.8989541497633882,1.7841951525989193,1000,0.8559055638212287,56.388755932427,2.8076206709641163,0.3944320986900943,0.0037943664040252212,1.5485634762763985,0.08281865038864389,1.6289924772538136,1000
427,1.6191618143244277,75.55523445568011,3.3877594841002994,0.25845339860807964,1.1797928786723033,2.1821338913038177,1.1125931530525917,2.1257304755962636,1000,1.2962444761538028,46.81388397600786,4.300918075829936,0.3668823040697939,0.6116854496245965,2.0585553160116823,0.5771551601770067,2.015333792130599,1000
428,1.2228417966270755,99.64435550992624,2.0835253478403253,0.2743717714193809,0.7280068742503724,1.7832765563958635,0.685073124645089,1.760610468609062,1000,1.0558084288250587,60.2245935567708,3.2556923766537467,0.469503915742066,0.1923144057992121,1.9662222712705022,0.1355807539706093,1.976036103679508,1000
429,1.5662795687452982,111.93077722290982,1.98574271616324,0.21011262439132566,1.149453239382807,1.9632254104767821,1.1544588249382999,1.9781003125522965,1000,1.289762899196849,48.94027904648052,4.251364309741877,0.43186428437784025,0.3520300800397149,2.0009331637573733,0.44330890181628224,2.136216896577416,1000
430,1.506393375740751,129.71311526180253,1.01317041174197,0.25949515399631756,1.0556989246297352,2.0478127589429924,0.9977828739079686,2.0150038775735335,1000,1.384716801314533,72.78033505949226,2.6094040128810216,0.39151118189771184,0.61011691982322,2.1665043782446416,0.6173548847950179,2.152078717834048,1000
431,1.6931301841188808,114.96559971358694,2.0830539515222513,0.24089460533675472,1.2692532400021925,2.2031689801264243,1.2209767576588417,2.16528361057892,1000,1.5540113984427382,70.7615332579844,2.709244262434633,0.3381438804004991,0.8592742036172644,2.2302883065928647,0.89124939285776,2.2167734040277165,1000
432,1.5396771218445238,86.35222878118475,3.2831877815833836,0.187285016388321,1.1944757733814424,1.927982091529652,1.1725984897234145,1.906755753965633,1000,1.3887520322551477,62.83137856189212,3.8649458977597466,0.3392018065650991,0.6333719323852722,1.9258111315985622,0.7239164913875534,2.053587573122742,1000
433,1.0454567598763318,134.71116958053,1.1016573483173062,0.2483275899566737,0.5799103830693059,1.5362657183234325,0.5587346835612513,1.5321788361914122,1000,1.0570718929484926,61.62036632595497,2.8312930864912857,0.47484270374530557,0.13212217718417477,2.0601420709461387,0.1263801936076937,1.9877635922892916,1000
434,1.3817499088437804,113.0092387322076,1.9898588888455417,0.2308383867731231,0.990357577543428,1.8925509799396034,0.9293066707684591,1.8341931469191017,1000,1.6999322891882451,92.94705504382581,2.141609998119793,0.34436250343365027,1.1054635965761366,2.4664348313359374,1.0249817824582905,2.3748827959181997,1000
435,1.4572237449945677,116.53061954150682,1.2787935167177586,0.2271695905148537,1.0481403159279354,1.9517603383981588,1.0119713475854546,1.902476142403681,1000,1.3862563078370538,84.02745855043368,1.7313239902507807,0.3838826863039747,0.47028546545997,2.0455581248730685,0.6338462426812633,2.1386663729928443,1000
436,1.34375085256312,106.36446373473339,1.5806841555894413,0.22750990209128996,0.9579047815872106,1.855686143463937,0.8978314444641917,1.7896702606620485,1000,1.5573630361719735,97.69815670811506,1.1495166779127504,0.3085393799682327,1.016334356710469,2.194176180734002,0.9526258514342374,2.1621002209097098,1000
437,1.6077895377142262,118.03247482776852,1.6263152453379286,0.25871035786899627,1.1299913795127505,2.141963697801118,1.1007172362909934,2.114861839137459,1000,0.10527988073092587,11.596702793159896,16.955907271841326,0.655494420585604,-1.0782303653833838,1.5688114120861696,-1.179489183616858,1.3900489450787097,1000
438,1.5824435216608665,138.87740676210117,0.9603789697104252,0.3002575256584622,1.0320177528382077,2.2080073859384033,0.9939387713702806,2.1709482719514526,1000,-0.7282986559438722,8.060230822359733,19.122389542712348,1.396825406289475,-3.0966863279287145,1.9834909276446553,-3.466076452271243,2.0094791403834984,1000
439,1.5485789282341036,143.46271733251788,0.9207823720546233,0.1833513270928188,1.2115085097362082,1.933416377054894,1.1892103271321788,1.9079475293360284,1000,1.5896578221553457,84.41676801823156,1.9553013702444548,0.3028217957846831,1.0392316062619211,2.236502768325198,0.9961271024173668,2.1831885418933243,1000
440,1.2306587607594726,125.17830224111893,1.1380158300621788,0.2150436634046843,0.8492364407369899,1.6920848838526836,0.8091731804862914,1.6521443410326537,1000,1.0528599351254142,101.98351441613548,1.4945883065658028,0.2591108847864012,0.6052260454846777,1.6081921402513824,0.5450026009440678,1.5607172693067606,1000
441,1.4067879486024946,140.6008285741613,0.9533114901766174,0.20459723171805747,1.004220045528064,1.8174144379077417,1.005777374435102,1.8077985227698872,1000,0.9845555518134614,25.28971905135158,9.297606942786912,0.5347226414444369,-0.036154284294631224,1.9540872424631948,-0.06350082541763502,2.032611929044558,1000
442,1.4361780226295107,93.45652961097856,2.8241545523774745,0.2548713022881563,1.001698496556279,1.9667834259689108,0.9366302701447243,1.9357257751142969,1000,1.3322760975135592,60.689317657445486,4.618668265263151,0.42731326337921655,0.4493742459496827,2.1972978967838186,0.49474210129029483,2.1698100937368237,1000
443,1.1947474445279642,130.00625266236847,1.137663623536102,0.23595164832299123,0.7222630612928834,1.6454432025651002,0.7322822138149014,1.657212675241027,1000,0.8534604876120975,84.20352795307561,2.1902016039576946,0.2661307822198894,0.2954662701851891,1.325680587891021,0.33184415446111426,1.3750768207630806,1000
444,1.5494182273321222,124.12266203434213,1.096753621282356,0.23379119215856325,1.1278845052750712,2.0315097636641455,1.0911874907013384,2.007648963962906,1000,1.2791781993969926,69.12682265334314,2.5732315964229766,0.3526590483527593,0.5243600398844229,1.9515712897229254,0.5879664646255844,1.9703899341684008,1000
445,1.219763747597138,108.99135836873066,1.3901616278527473,0.293074535226152,0.6929027660516452,1.8335868703147218,0.6453376585538799,1.7941898366403959,1000,-0.5847823986313481,8.529534885002155,19.75507659234512,1.5411321668340672,-3.5249387043778,2.341417132468713,-3.6054014456261196,2.4358366483634235,1000
446,1.3866287801703154,126.68543306266363,1.2361585710817384,0.20794698726419875,0.9952822728084824,1.806868571342426,0.9790526851324859,1.794204875208145,1000,1.315741318714371,62.512786760498514,4.401313763009887,0.35371523102791735,0.845625875108831,2.13897090245785,0.622459465899653,2.0090231715290887,1000
447,1.3394590384997551,121.16205810364619,1.443540556281393,0.22298409808415157,0.9116573149809326,1.8042852058798913,0.902410206254818,1.7765078707446922,1000,1.5033532510707766,94.9618316690355,1.5428891599225194,0.3213303015967224,0.8829788365063448,2.139247338535075,0.8735458599412007,2.1331606422003526,1000
448,1.6248444110549403,75.53027888739477,2.182119895102519,0.25976998960075887,1.1558386322302,2.173756218441622,1.1156952314374529,2.1339935906724277,1000,1.2089195386696874,15.137078018937556,12.069154623860836,0.6102191145065134,0.15068338479941956,2.4480857583050173,0.012890074236921123,2.4049490031024536,1000
449,1.6495003047911152,112.85487256122185,1.5105667955661983,0.24605733323225223,1.2315411077719542,2.1488941504111714,1.1672279316559009,2.1317726779263295,1000,1.7747824979335658,80.01919567498703,2.186670476121372,0.3261666500326347,1.2457123813929654,2.518430614242268,1.1354958638696018,2.41406913199753,1000
450,1.5299221919468655,111.18566958765352,1.8058361909126257,0.2399408677616191,1.0837519874924681,2.0230207310596877,1.0596380911340921,2.000206292759639,1000,1.5412233818099357,92.15580011724438,1.321415697090576,0.41103045009125183,0.6926126397185999,2.3517810540762527,0.7356036996310821,2.346843063988789,1000
451,1.3927205568433516,124.67906431701735,1.2219301604163937,0.20612703911800825,1.0265688897502143,1.866929365707914,0.9887115601720554,1.796729553514648,1000,1.3272721780836279,95.38164800003648,2.7110821260900257,0.38949644500513625,0.5649434217521473,2.1394188121623956,0.5638591458735608,2.090685210293695,1000
452,1.0916152147240692,167.15327062746968,0.6740173357509694,0.21059254731013474,0.7053248204891357,1.5611430356824536,0.678853821996205,1.5043766074519334,1000,1.27651818277881,114.8774062752619,1.4052541072462954,0.3405158269638431,0.6737908913153015,2.017650708288966,0.6091071619296775,1.9439292036279423,1000
453,1.5539894574897704,66.11365844539314,2.635762837026228,0.23172931536665597,1.1176945563620546,2.027082009244128,1.0997999993711247,2.008178915608416,1000,1.2644234721450935,53.85583933466441,2.7023031461426297,0.293565160805576,0.7071366447793773,1.8699398077372729,0.6890357569661646,1.8398111873240226,1000
454,1.2014335377657712,81.27264306715477,2.562920734665115,0.26329214405739915,0.7597768200634059,1.7972855021087148,0.6853809354132689,1.7174861401182735,1000,0.6770944868888664,20.504953423172577,10.171412545364213,0.6347053223787609,-0.659200463697852,1.9227714228537585,-0.566927944973505,1.9211169187512378,1000
455,1.7632892602057024,110.34519639751777,1.5444463463624039,0.27789188528479425,1.247364232915722,2.334662592794982,1.2186211650475056,2.3079573553638992,1000,1.4856444417998627,49.43951258005377,4.617366073731678,0.4404345608683765,0.6510417967328661,2.4073906764963438,0.6223927024978447,2.3488961811018805,1000
456,1.629721325688533,77.09528060971952,2.005548798292719,0.2520716685950576,1.1849665366562208,2.170613765133381,1.1356608552422203,2.1237817961348457,1000,1.3154490889591286,29.888909248544653,7.334804462296455,0.45458811379144143,0.4954145846774167,2.3451955603540005,0.42445638592790347,2.2064417919903536,1000
457,1.3702395289430882,113.95416433593864,1.849244403482036,0.2359292813974273,0.921349261216937,1.8431290616685767,0.9078181374041308,1.8326609204820457,1000,1.8122037927636374,77.03898904355574,2.6005850912557746,0.5338943417222367,0.9879759128575472,2.939986056348729,0.7657708829880534,2.858636702539221,1000
458,1.4923808370021665,139.6103148232991,1.3044584756912225,0.2916762429910992,0.9343499030968672,2.1202004009363704,0.9206954007396121,2.064066273264721,1000,1.6222002060682266,68.3812044918661,2.7983928383573793,0.40874136964573715,0.8289397455464641,2.4571708033626662,0.8210671215625818,2.423333290573871,1000
459,1.5586336470194895,95.39729816165315,2.340504944003942,0.2953699896121508,1.0024891821412463,2.1813165034335964,0.979708467379674,2.137558826659305,1000,1.7656927579438573,78.31800080843344,2.149557693885637,0.4165720713348279,0.9412172293590447,2.582072927794652,0.9492114981275946,2.58217401776012,1000
460,1.3081765989876615,120.2781863256377,1.5948239422373067,0.23746926056419174,0.8807937115151988,1.78325220826179,0.8427368482818457,1.7736163496934774,1000,1.758849358007322,69.22899305152994,2.838227883795796,0.7933722989607285,0.6653686868894865,3.686344040215759,0.20383965204429422,3.31385906397035,1000
461,1.4111725528636025,98.53568828824956,1.922261353674816,0.23509437429597316,0.9801654791074139,1.9179926261329534,0.9503875792434952,1.87195752648371,1000,1.5014471322575038,80.36491123866205,2.566466277217359,0.32183358741785967,0.8476437067354585,2.195847539660588,0.8706533009184989,2.1322409635965087,1000
462,2.0027317505969506,68.44383077905213,3.097593082600905,0.298779784104465,1.4862654041040175,2.635487362524868,1.4171233737521993,2.588340127441702,1000,2.252040514230324,76.38067831353284,1.4282770579580455,0.4030446939906774,1.499069063016535,3.0748697205673925,1.4620729140085964,3.042008114452052,1000
463,1.6469072131649583,69.38947656954372,2.152123353923734,0.30133071337321066,1.0949826949618826,2.273915777545635,1.0562990149534652,2.2375154113764513,1000,1.377129510186156,48.42801968668712,3.7045632543939804,0.361041533838045,0.7471814929893016,2.15089380106298,0.6694881038635878,2.0847709165087243,1000
464,1.2751407556039405,113.87767562502444,1.984732843609716,0.2052684359953541,0.835939062338124,1.6583239867594683,0.8728146210530464,1.6774668901548346,1000,1.1246633844453142,99.45843122020918,1.640910710038444,0.20812067612748272,0.6957826494362905,1.5289291884157483,0.716746859235448,1.5325799096551804,1000
465,1.5025767989151755,118.1436229040287,1.406419392346353,0.29824911572264573,0.9503727488353338,2.097587910270483,0.9180085320987899,2.087145065731561,1000,1.3594339895831555,66.11141426662522,3.0191469518664307,0.44951649025084894,0.49197479097540026,2.203795605032964,0.47838166869149157,2.2404863104748194,1000
466,1.5933964358028718,107.7111960311816,2.1524762909947204,0.2555922373071683,1.133303775763236,2.1440273423272527,1.092435650680822,2.0943572209249215,1000,-0.9102208141470682,2.382377059591498,72.39657605285083,1.4409400365860452,-2.2191786230426596,2.47245325480079,-3.7344632858557167,1.9140216575615803,1000
467,1.1349883673665397,116.23453516641807,1.6415520386088354,0.22565205619522494,0.7181203608862825,1.601915069617835,0.6927103372238989,1.5772663975091805,1000,1.3483461808544803,96.2488946609466,2.0708996895751737,0.43809882512063103,0.6035010599264037,2.307464160510407,0.4896724836180435,2.207019878090917,1000
468,1.4555221125617765,149.97373702084224,0.8367467592138974,0.21633557613518997,1.0817540291435532,1.9328982898436258,1.0315043833368043,1.8795398417867488,1000,1.452833898284851,111.93131119477007,1.3284995610522567,0.257030367400073,1.0442511781424577,2.0337678803178627,0.9490543781807079,1.956613418388994,1000
469,1.245142390810812,142.55970165854384,0.9551116240860561,0.225845157219622,0.8572646054550946,1.7339374252762982,0.8024858826603527,1.687798898961271,1000,0.712672251264256,13.588107155719136,15.66800838715925,0.8324789691501081,-0.5666903355381986,2.5807938123233787,-0.9189865282699559,2.344331030798468,1000
470,1.306536988820948,117.54104714530581,1.4683173675088343,0.2173591742426088,0.9109889794544713,1.7433046164279906,0.8805130073054347,1.7325609703364613,1000,1.193832205631037,79.36737121613959,2.4692216918900707,0.30331981140190395,0.6060809799362497,1.7933084176682588,0.5993253752833053,1.788339035978769,1000
471,1.404352675002022,78.22872110530918,3.055363620965772,0.31313863670902925,0.8180123303288002,2.0457447195091736,0.7906009470523248,2.0181044029517192,1000,0.5495860672382265,19.107135070742174,10.844500185421003,0.6151114340211445,-0.7146412548087111,1.7930725459841899,-0.6560323434432169,1.7552044779196698,1000
472,1.3247393222061334,116.3343600609188,1.376981033450015,0.28492432789977373,0.8099647252323836,1.9113414545746379,0.766287639522577,1.88319100488969,1000,1.3695647005235876,93.42344553113675,2.1919470775668684,0.374874856719468,0.6957307394164183,2.213970061089422,0.6348099813534303,2.104319419693745,1000
473,1.572981406066749,79.62624929249132,2.8031068275674897,0.2320917623966554,1.1328706452469015,2.06070566736585,1.1180815517693046,2.0278812603641936,1000,1.4175833772235165,55.09690912337793,4.300569107169404,0.41910739927231544,0.5113315512723122,2.2016971187846788,0.5961328746497783,2.2390338797972547,1000
474,1.3320710158875813,104.82601284024722,1.632559100159986,0.2491303673284599,0.8601770349443957,1.8346488407146258,0.8437754959237999,1.8203665358513628,1000,0.97266517918841,45.869161245066415,4.8082293801597595,0.5457875711704976,-0.21488336035870162,1.9243522095329573,-0.09707846030576528,2.0424088186825853,1000
475,1.2041319066257419,97.38275327122598,1.735978896851628,0.2696202106392056,0.6481636560484485,1.7589724553585417,0.675676293772899,1.7325875194785847,1000,-0.08558692933815637,22.172939469751036,8.019150130807365,0.9028160538097927,-2.4599137280791576,1.4099724311414266,-1.85510639480535,1.6839325361290371,1000
476,1.4401927997434294,98.99203311488847,1.7780572050134171,0.25491069930865423,0.970738225724721,1.957887624980631,0.9405678290984671,1.9398177703883916,1000,1.5073156064918793,79.15446980892209,2.6267851383327234,0.3466363290439248,0.8621402534263974,2.230642614579466,0.8279084015657868,2.186722811417972,1000
477,1.3734757969040534,47.4129259079387,5.3861966989955805,0.34920219687981446,0.7241852481736023,2.1114750125080204,0.689039491019617,2.0579121027884897,1000,1.2642611482966983,68.16206167472525,2.5240077093867663,0.41951186633190546,0.4190067841240792,2.0904907978918477,0.4420178902861637,2.086504406307233,1000
478,1.1894744628187437,172.22292726792452,0.8848645297825501,0.20240595578482187,0.7976590805028129,1.6053561642016603,0.7927587894804928,1.5861901361569946,1000,0.7503173181457263,60.635361817982954,3.9063216508925986,0.3979751346501574,-0.08543951926817736,1.4696219701408229,-0.029713945768582106,1.5303485820600349,1000
479,1.6658656046447118,107.81012814101415,1.7598373330968158,0.26426930635412393,1.2021694551891289,2.224126240221754,1.147897764190629,2.1838334450987946,1000,1.5355324320838868,70.90224448655071,3.148075129478549,0.36479518573118186,0.8479284538735327,2.260347045402323,0.8205338680507703,2.2505309961170035,1000
480,1.5145829416209655,121.33123340310888,1.5694344585882858,0.22872618448508794,1.0895726106514034,1.9733778775419915,1.0662796200301932,1.9628862632117379,1000,1.3930074926429201,63.2490235384939,2.5170882131029813,0.3089189485246174,0.8001190296394584,1.9747860480242392,0.78752635353467,1.99848863175117,1000
481,1.684196461599748,85.04913288158447,2.98100504126888,0.2463661623378945,1.2613036117514427,2.2302014922285434,1.2013187834174748,2.167074139782021,1000,1.732074634078703,90.32181674711282,1.9895019101723337,0.28321517883443403,1.2660056640592803,2.3714308040259042,1.1769728835632123,2.2871763845941935,1000
482,2.1779710402194556,56.51463139910818,2.6193115571674532,0.37013503513876933,1.432385792833474,2.8741997633679484,1.4525063713474677,2.9034357090914433,1000,0.8581171481268628,3.384116475473762,36.38572206046544,0.6715477681281391,-0.2731934610657062,2.4516901614620448,-0.45811647740428985,2.1743507736580154,1000
483,1.743394069878701,110.73698110928068,1.4836374496563085,0.2941463753019144,1.2217231859547808,2.348317853652352,1.1668671742869487,2.319920965470453,1000,2.054065091576084,67.49525066857584,2.8253275066512464,0.5007472655743287,1.3526839969614333,3.2843956355361215,1.0726004510503997,3.0355297321017685,1000
484,1.396222593088517,130.3822032547515,1.3867491366876676,0.24221292716466855,0.94917298502575,1.9193840039126757,0.9214852558457667,1.8709599303312674,1000,1.4222457418744574,45.57522766248023,5.733597376885423,0.41292882171962825,0.5960682447821706,2.229592526850388,0.6129052513039861,2.2315862324449287,1000
485,1.8304777276640887,90.40944134543649,1.402199066322347,0.3389588677513251,1.2572954862866583,2.5180357741670725,1.1661183468714915,2.494837108456686,1000,1.5887515698395411,40.614698448990914,3.6016256156911703,0.4839905363982685,0.7117522020530875,2.5619384771528617,0.6401301184989349,2.5373730211801475,1000
486,1.7735497011060746,124.62026503092405,1.1341422238666967,0.25685843829030164,1.320909758636854,2.3195508722482883,1.2701071620570834,2.2769922401550655,1000,1.6350319836425582,61.063052034579684,3.9919977326113023,0.4879089844274219,0.8184114860372103,2.741283633096393,0.6787303741648113,2.591333593120305,1000
487,1.3885162532416981,99.87687005115853,1.9953719153910296,0.21096053411043736,1.0105190581420207,1.830984173654764,0.975033606385241,1.8019989000981553,1000,1.1980455134414152,66.8223612750687,2.3796024661486204,0.4852935558595329,0.038739450868571945,1.948964613802405,0.2468701439567308,2.1492208829260995,1000
488,1.2658723472629498,85.62230252915028,2.654789470775659,0.2203712417360087,0.8496518845727637,1.7387480820854224,0.8339447134603728,1.6977999810655269,1000,1.149464108247905,95.18091304261193,1.3506107366216777,0.2583982961622433,0.7114352948529244,1.7330970269238433,0.643003447769908,1.6559247687259018,1000
489,1.2979194029848429,124.58190263177238,1.1889338677952044,0.19000548111787488,0.967152075422999,1.6745570527053772,0.925508659993808,1.6703301459758777,1000,1.1995199334355469,89.31164922478104,2.056670699455708,0.3241192731385003,0.623129254734113,1.8570653842861882,0.5642461580840863,1.8347937087870074,1000
490,1.4232461839567623,76.18804427787687,3.6099798251780477,0.22345951007451967,1.017960131931448,1.880832591827134,0.9852655442107037,1.8612268237028209,1000,1.2893132125009172,82.42491424543303,1.9774742781976635,0.2611242521312166,0.7943350755534718,1.7736432689209654,0.7775096783237327,1.8011167466781017,1000
491,1.4960018239196393,117.61307357599324,1.8724819642525714,0.22958518470476666,1.0899089172028151,1.9820086107105734,1.0460148618982967,1.945988785940982,1000,1.0950418538731772,41.73391654884442,5.693147590189113,0.5775639126955787,-0.2863603110805363,2.103856326353451,-0.03698341501015712,2.2270671227565115,1000
492,1.4373354188509002,122.13121528717186,1.1531509761808256,0.2509676345912578,0.9680184386754331,1.9812614111045508,0.945438855052035,1.9292319826497655,1000,0.9839219202571474,43.22663428397076,6.171815915101254,0.6435148838564354,-0.27472154628629303,2.1619591222807193,-0.27736725210146584,2.2452110926157607,1000
493,1.137077766993518,99.93266423831501,1.69987358215889,0.2977801447202541,0.613374091043605,1.7761775205939114,0.5534286833418199,1.720726850645216,1000,0.9368912842242976,76.2466260956327,2.0487510086221583,0.4010974004292251,0.18843681773626153,1.7352304266954082,0.15074037938301643,1.7230421890655787,1000
494,1.1121090594738292,93.33212752391665,1.4558011010644967,0.20364693504506706,0.7233713340217081,1.5114751911305506,0.7129610667854978,1.5112570521621607,1000,0.7971243009623779,70.8508070387184,2.355426021592439,0.23442385021292217,0.29619840043283374,1.2527559954728376,0.3376535545450504,1.2565950473797054,1000
495,1.5505081833417824,59.64529347635025,4.277999041384387,0.4482109873797739,0.810893920887402,2.557665306856572,0.6720146480774256,2.4290017186061394,1000,1.3318524305571566,53.60232406866536,4.147783257252809,0.5574378359765944,0.22015558143770833,2.496330251023705,0.23927427204303164,2.4244305890712816,1000
496,1.7849582678062172,69.4218677919067,2.7896901981505877,0.23922965416182768,1.348898859051584,2.274514699587868,1.316068145649035,2.2538483899633994,1000,1.4151427505790217,59.33943436714759,2.280593315684088,0.3064823125296508,0.7415815726375342,1.9426919175702904,0.8144374180209062,2.0158480831371373,1000
497,1.2784319909822097,129.86990675774805,1.5235875228310278,0.2806679403425188,0.8052796406270188,1.8672938851828083,0.7283228279108729,1.8285411540535466,1000,1.4050931050720357,93.89527484970628,1.3989830260204235,0.41738627765820885,0.7812922803331336,2.3110714544443454,0.5870160008619464,2.223170209282125,1000
498,1.8168649433862534,121.1191999234614,1.32035427542127,0.23970740256573508,1.3748974189919263,2.2797434869997546,1.3470384343574127,2.286691452415094,1000,1.860453775682354,76.61309674585873,2.5722397262088066,0.3287364278772841,1.2407446550543095,2.556593703331619,1.2161303770428773,2.5047771743218306,1000
499,1.8157565470715968,124.07086879876067,1.678735857628875,0.24158038753066857,1.3462205767616104,2.2927714512892448,1.3422589875114865,2.289254106631707,1000,2.0142984003986997,39.18367582594813,3.91663868666857,0.6327634727558064,0.9410796010661281,3.4948184872280748,0.7740819937973193,3.25451480700008,1000
500,1.633095170837157,96.40718836493166,1.5085357881607246,0.26858716695836243,1.1178827836926308,2.1534071990745014,1.1066643235987668,2.1595260180755473,1000,1.0312642821532223,31.08184111259944,5.297407604317051,0.6291799626229148,-0.16715869001913813,2.3919078561496434,-0.20192844458769055,2.2644570088941354,1000
501,2.1421229738478775,97.91231775420201,2.1577483513047238,0.36183570456390496,1.4535255892266092,2.902875123067729,1.432924992902624,2.851320954793131,1000,2.1034640090958128,57.96395096512046,2.5840489476301443,0.5499241601372646,0.9935186329280025,3.2048853908186548,1.0256126552267741,3.1813153629648516,1000
502,1.290040493149209,134.33616898573982,1.1737842693159464,0.2194513600791402,0.8804940956073581,1.7567279977754717,0.8599158273940943,1.7201651589043239,1000,1.2507526770748745,106.84834281313486,1.546694309974707,0.30627519631903,0.6850265088754945,1.8491180213278624,0.6504532922895757,1.8510520618601731,1000
503,1.7948905383523308,102.26091973109281,1.5953786144322182,0.2573325458727118,1.3392861695998768,2.3456503196278873,1.2905187484418157,2.299262328262846,1000,1.870740207091869,47.25039950830889,4.325540378087148,0.38259639792377254,1.1842852028850597,2.666690039531321,1.120851267161275,2.620629147022463,1000
504,1.4709131879872226,68.36648612062571,2.74371619810376,0.3238319331549958,0.9025840784030094,2.1475003415362637,0.8362025990034309,2.105623776971014,1000,1.5944966402200489,58.60922090995051,3.2422196409156703,0.4036984689754135,0.8925545734200554,2.447120896379663,0.8032476410282384,2.3857456394118595,1000
505,1.655853919269488,134.99943983163902,1.2515336399442611,0.2450111956700102,1.211531664392824,2.1765627036422153,1.175631975756268,2.1360758627827083,1000,1.6362148132693697,64.35144065557171,2.3681534749890534,0.4129836955773263,0.8682032499668964,2.458851953906543,0.8267667699378102,2.4456628566009293,1000
506,1.5348701244253042,123.4813675128438,1.1897799169089074,0.20592124530235914,1.1601616551709437,1.9508831865448768,1.1312644836326804,1.938475765217928,1000,0.880964308563529,47.295851830772264,6.269889273185662,0.6113295636864268,-0.649398453735958,1.7563510343806272,-0.3172416362618675,2.0791702533889254,1000
507,1.9126926484847449,102.75075992454113,1.394140722863897,0.2912003572877644,1.3810122452485925,2.5659544364698514,1.3419399482007268,2.483445348768763,1000,2.1832074296503485,80.59216268979335,1.5205665465070473,0.36459973901431125,1.5784442753899333,2.933384274373821,1.4685919411822985,2.8978229181183988,1000
508,1.246530562051646,158.5905175736474,0.986830469769595,0.237142422038293,0.826628683850009,1.7715608403324306,0.7817314148565917,1.7113297092467004,1000,1.2348542810985026,69.14541735983259,3.3252908071520215,0.3468690166246169,0.5642917537006311,1.9479977047113368,0.5549910085142535,1.9147175536827516,1000
509,1.7212769415750062,106.82539523063681,1.7684786870896148,0.2860015330483052,1.1736541668492062,2.3162710178384853,1.1607139368003279,2.2818399463496846,1000,1.4942701897382753,80.16736904585542,1.9469947787685358,0.3828193544422487,0.7859526743525238,2.271202258399863,0.7439442550314679,2.2445961244450827,1000
510,1.7351742135573929,90.70727344612794,2.010210340826107,0.34414845075837674,1.165758738575031,2.476255812053434,1.0606432500709744,2.4097051770438114,1000,0.8143266820350217,40.80807254963848,4.465845361028296,0.4780861157315527,-0.15854515738228714,1.8138300520069182,-0.12272210479882162,1.751375468868865,1000
511,1.233833956627917,131.33600241025394,1.1747085472574899,0.3052673317153663,0.603251308167164,1.8465553938653279,0.6355099864657991,1.832157926790035,1000,-0.06996244772974691,10.583467330319943,16.531203137091108,0.9171899981323461,-1.9322527248503873,1.7018400884253617,-1.8676548440691454,1.7277299486096516,1000
512,1.6330407523352568,102.29787908829938,1.781101497203759,0.30004687246811923,1.081318759824376,2.266820123292832,1.044948882297743,2.2211326223727705,1000,1.5695490291842873,40.734097730021524,5.075767074101412,0.4678349854762957,0.7336039950619324,2.5861097171385286,0.6525924576507477,2.486505600717827,1000
513,1.3356201546465063,125.8902053552989,1.1152421692842012,0.22160465088459166,0.9188934601765559,1.7929439083386747,0.9012750389127067,1.769965270380306,1000,-0.01147227598943168,17.956328745382894,10.679812975846598,0.7289291361083338,-1.4749619554372078,1.4410684240501648,-1.4401733827617658,1.4172288307829024,1000
514,1.1881810548274576,100.02067117584038,1.51961575538998,0.20222525212578987,0.7798930567019123,1.5698916403096213,0.7918195606609095,1.5845425489940057,1000,0.9394243587927757,88.50452321849818,1.3609161597684254,0.19676686899400217,0.5722064151548503,1.330454145981159,0.5537612955645315,1.32508742202102,1000
515,1.7804964716451894,46.33108728477863,3.7886417003885464,0.4874854963571066,0.8822689683998186,2.7584726000740587,0.8250248987852605,2.7359680445051184,1000,0.7029354456588104,13.072599338525025,13.377944131249196,0.8633402221594281,-0.6107353886528963,2.708827074792627,-0.9892113897736685,2.3950822810912893,1000
516,1.37488757613117,109.80603387506426,1.6935492541740165,0.2011296145115701,1.0037683690230668,1.7819622503999786,0.9806735316884927,1.7691016205738475,1000,0.9252813146987116,54.636625400487105,4.314586045281769,0.4618247676883957,-0.14420213480051494,1.646410904434723,0.020104770029455987,1.830457859367967,1000
517,1.318117983051593,108.34431313959686,2.7152873163604716,0.2730553152594389,0.8789783428806569,1.9183722890530919,0.7829295651430928,1.8533064009600932,1000,0.04131265664793782,14.79196548760284,11.518469538412193,0.8823145915037507,-1.5588597764194185,2.044858100066195,-1.6880239426994135,1.770649255995289,1000
518,1.11583705689357,121.12243346621749,1.0674633786747683,0.28154277720371773,0.6077485841675808,1.6876245981042106,0.5640132135742834,1.6676609002128568,1000,1.07593028125578,101.96871081491285,2.086895940426795,0.3416245802365188,0.46802790259715654,1.7903233177428644,0.40634610399220317,1.745514458519357,1000
519,1.469230265331119,56.667371776879826,4.2393797305364,0.24334421809494056,1.0480129086966479,2.0000136881973427,0.9922755978650354,1.9461849327972023,1000,1.5026860880546438,72.15110468451431,3.062886687904089,0.27643712694420686,1.028831790353145,2.1221115525022913,0.9608693192439983,2.0445028568652894,1000
520,1.7245095209748154,91.98560470505682,2.2482383034518874,0.29244967444509967,1.2004868253815675,2.329050861770319,1.15130815906242,2.297710882887211,1000,1.5054794361252675,73.47582231394726,2.715346751902634,0.4316272256525561,0.6484942413817575,2.308750604372393,0.6594900738462575,2.3514687984042775,1000
521,1.4420187737756986,129.25091354250836,1.0648259602170864,0.28048391274579487,0.9509379579111951,2.0398815477429757,0.8922703047939408,1.9917672427574566,1000,1.6790722953933255,83.23680217878076,1.713029981095,0.3570582755943484,1.0287687436849233,2.3874142030983703,0.9792380752284027,2.3789065155582483,1000
522,1.307008317271292,116.40451811603792,1.1321842005639091,0.20434818838845692,0.8978861578672342,1.7182106053900554,0.9064858680299166,1.7075307665126676,1000,1.1321922646445568,44.27736060657099,3.354432166783258,0.4630734862668476,-0.07948156207029484,1.7851046121706418,0.2245682315615356,2.0398162977275778,1000
523,1.8879576407088794,111.83266863959348,1.394751076688075,0.3739261309517487,1.1922023883802055,2.633987678825447,1.155062424043452,2.620852857374307,1000,2.0957935950181548,64.41478763118124,2.0383623472247536,0.5342282564118567,0.9541076912853567,3.0334232236151815,1.0487062124509157,3.142880977585394,1000
524,1.1800728294389318,117.29377909907784,1.6168845877055131,0.2723084923586356,0.7165302483305722,1.7780674705652508,0.646348184416006,1.7137974744618574,1000,1.3633502107030444,74.6203316250868,2.3269469512250778,0.38618424459453277,0.6724251518620412,2.1780752111641237,0.6064290912977602,2.1202713301083285,1000
525,1.8018363950430119,81.94588028797506,2.07058231890829,0.32632073801237077,1.2349963709543947,2.501393862292367,1.162247748538765,2.4414250415472587,1000,1.543336051709946,65.64165405887456,2.5077772550424395,0.3779848278276283,0.8315611423209733,2.3485399834540757,0.8024857891677944,2.2841863142520973,1000
526,1.484237933406732,150.29019763618922,0.9193817750802973,0.22140301041404514,1.0640722916284546,1.9293046539711454,1.0502880329952036,1.9181878338182603,1000,0.7476432430261353,29.211254833547883,7.796732391669249,0.5155086546820165,-0.321108409024226,1.756195751653099,-0.26275372015061693,1.7580402062028875,1000
527,1.3672076176359194,139.95282065613608,0.9752241157363305,0.22944096082335388,0.9398033590057859,1.8223617736992535,0.9175033344221457,1.816911900849693,1000,1.6303509166927734,57.12504970934861,2.4403659302124665,0.4009215726500175,0.8746844112590468,2.4158806772354517,0.8445446342987392,2.4161571990868076,1000
528,1.2575997906663618,119.11667956101361,1.513424628724991,0.2141225205288359,0.8873250459269495,1.6979602305849786,0.8379196504298435,1.67727993090288,1000,1.580149884755503,53.5285260233649,4.728859014308183,0.6079709682674711,0.6280064504460233,2.9488526095727456,0.38852678695125986,2.7717729825597464,1000
529,1.2894245160012412,96.66338651695142,2.8074043361263072,0.22868043358590004,0.8870455654974824,1.765916222536375,0.8412108661728771,1.7376381658296052,1000,1.1372131597344395,75.65415954618754,2.9485923856598646,0.24280217453422392,0.7076270421797396,1.67385142734324,0.6613208976473606,1.6131054218215184,1000
530,1.8697550607930027,93.40004517278479,1.6679747603316997,0.2998457244435122,1.3463670359918736,2.5209819521267565,1.2820574408837189,2.4574526807022865,1000,1.787200400692127,56.23859761140526,3.3026233572113206,0.4302294487636371,0.9417556768115118,2.7286212576443956,0.9439506811153983,2.6304501202688555,1000
531,1.595282911440746,109.33255950751922,1.1936241267142955,0.24019696414890943,1.1332764746108774,2.113356420725293,1.1244968617088835,2.0660689611726086,1000,1.5169232909553356,46.482158833379316,4.1360793592643255,0.41369145094116844,0.6410951151752649,2.301194764031045,0.7060880471106455,2.327758534800026,1000
532,1.6046458526642222,120.53736949237349,1.258457355128863,0.24231870973565342,1.162226742565516,2.1112687007368605,1.1297011815823415,2.079590523746103,1000,1.4596260002803159,69.78687127046224,3.0541982848245364,0.4050241745698548,0.8298194250897846,2.406814461658976,0.6657786181234004,2.2534733824372313,1000
533,1.7121088774028035,83.31171168793729,2.1857610147194917,0.31935260254264586,1.179564826035531,2.426367645014362,1.0861777764192175,2.3380399783863894,1000,1.7734034089433774,68.12555254531182,2.6725783356662824,0.3528627269110516,1.1896517750890812,2.590356852010017,1.0817924641977164,2.4650143536890385,1000
534,1.7559182570197631,81.54622527604425,2.0866227387253353,0.2773552343828352,1.2196814782749268,2.296146522728659,1.2123019976294063,2.29953451641012,1000,0.9473912593264608,31.9163345275541,5.025001633238899,0.5469389525146406,-0.3301571958172531,1.8128722803396158,-0.12460908760223477,2.0193916062551565,1000
535,1.651997279465668,113.22141964180442,1.2007736774147655,0.24311941754533584,1.2070846050074817,2.1379680546128537,1.1754832210768098,2.128511337854526,1000,1.7121056742674126,97.94525665482668,1.9908838570071552,0.30756365641000766,1.162078058818311,2.329872411039501,1.1092809077037975,2.3149304408310276,1000
536,1.0190006094310229,166.3268226817981,0.7037484979719041,0.19904859374485187,0.6353667651281019,1.4135269621793591,0.6288653656911132,1.4091358531709326,1000,0.513012828457402,78.12335159431095,2.731804788364613,0.39547781395680326,-0.31379324011855797,1.1553651977934822,-0.2621236868979323,1.2881493438127363,1000
537,1.5834731960868385,101.32387610397767,1.7319352592945094,0.25546838957286894,1.0938054912728536,2.0713891308012085,1.0827551525240153,2.0841912396496616,1000,1.065081799353612,60.211172952284116,3.317081380630498,0.5370477007101234,0.006279084108823176,1.9227282099164917,0.012468305961770065,2.117695292745454,1000
538,1.4079316346633517,80.97907032323516,2.2252806125352635,0.34511923794194366,0.7822166941093167,2.1450645037245666,0.7314979282971421,2.084365341029561,1000,0.7372777947769791,21.462839208279426,8.44139556105872,0.8847836768358134,-1.0159578425340474,2.3913797698329913,-0.9968982118212151,2.4714538013751732,1000
539,1.4205708439437452,145.55420103345216,1.0234756613169171,0.21194060086097846,0.9703819573124173,1.8201467263052753,1.0051672662562274,1.835974421631263,1000,0.68114774477394,40.57170896665681,6.680595005294367,0.6386150197564535,-0.7993962356624161,1.597966056009312,-0.5705376939487088,1.9328331834965888,1000
540,1.5513270512875446,109.56988253511796,1.260728914050688,0.21331188908963133,1.132274860311454,1.9643634697108545,1.1332357486718672,1.969418353903222,1000,1.2000288511648414,72.16100093675118,2.371833798493971,0.3841134331447762,0.42635174509598184,1.8907638007647203,0.44716652220108,1.9528911801286029,1000
541,1.5222793432464266,127.81405500658994,1.09609789739078,0.24413528928017073,1.0643651852632219,2.0082172387617607,1.0437741762572919,2.0007845102355613,1000,1.7488319609757712,49.28570917104811,4.29985741562967,0.5848656371379193,0.7669625491805494,3.0341593460093805,0.6024953121854495,2.8951686097660927,1000
542,1.6679939742221708,126.55144983002721,1.1301778245819556,0.26846335604335275,1.1983026789699223,2.2229690101647415,1.1418057963771995,2.194182152067142,1000,1.7208553626543805,67.78216983641222,2.3029903475831177,0.46304865621860886,0.8530463833754676,2.6277563801271855,0.8132799964659072,2.628430728842854,1000
543,1.647650714673603,100.68931888950931,1.4615794391322277,0.28334872236378755,1.1562536415082574,2.264322662359017,1.0922872188405794,2.203014210506627,1000,0.8372692001999638,27.000557780953343,8.295679917056534,0.9525827322914246,-1.0858111609628451,2.5308676675137822,-1.0297929550912286,2.7043313554911563,1000
544,1.3633599241129617,97.7472620184008,2.7476290068942064,0.2257233693850278,0.9596625418181595,1.8714145065098193,0.9209421201183072,1.8057777281076162,1000,1.378810859889618,56.396332691298795,3.6587373909117717,0.5631878130235659,0.548317208719539,2.7228700120523723,0.274962746363429,2.4826589734158073,1000
545,1.6894985795528117,77.56644118754075,2.2430290507496746,0.274542367738872,1.1940686650338468,2.2831296341089544,1.1513955387846226,2.2276016203210007,1000,1.3976597321703337,50.966138966650036,4.099037678231329,0.36192766806718146,0.7530774150444371,2.1510388814031822,0.6882815027586581,2.107037961582009,1000
546,1.519593930156634,71.41505751778982,2.3625613022946443,0.3347283997235288,0.8730863366035029,2.2102626489674413,0.8635262666985175,2.17566159361475,1000,1.2600627991287907,31.268138081299647,5.181821319610215,0.41124192259738407,0.4295145682356161,2.0282366338174,0.454028630837918,2.0660969674196634,1000
547,1.2348380367932352,131.54849672471013,1.4073215467158509,0.1797186672400877,0.8850826301381378,1.5872285347489057,0.8825894490026633,1.5870866245838071,1000,0.8823935751146679,61.72623029995712,3.099012767551399,0.4281495469418866,0.003971698040135798,1.7335170577608496,0.043220463108570084,1.7215666871207658,1000
548,1.696333903907198,85.19178085299684,2.4048573836763625,0.24908765745594366,1.2499963254438693,2.2520510667886597,1.2081220952935485,2.1845457125208476,1000,2.256352141115262,87.37585868740116,1.3642060971246348,0.38894711293031203,1.538717306116,3.021635204064115,1.4940157997718502,3.0186884824586735,1000
549,1.5512816145819457,86.52175056373787,2.4248887802661705,0.3351176540498146,0.968618721344424,2.2713168113545574,0.8944510126443092,2.208112216519582,1000,1.1721167424360412,63.00341705008319,2.99741103688022,0.382358659367433,0.39674379592459075,1.9670096589558221,0.4226937700758725,1.9215397147962099,1000
550,1.1247260865549376,138.555415526349,1.1985956944786824,0.20950432141238196,0.7601694098658508,1.5857821973460646,0.7140976165866689,1.535354556523206,1000,1.364170235856458,99.05330294232662,1.5788706840796944,0.28894711917449356,0.8127670694330899,1.9481447937344938,0.7978338822744506,1.9305065894384654,1000
551,1.4698821476615653,34.6395066232651,6.757438152165238,0.6344217987465223,0.2624386070335774,2.7393857453624886,0.22641542211838162,2.7133488732047493,1000,-1.2338018492489549,2.4096248849548894,68.78312211776607,1.7446510265978499,-3.0947827671033163,3.059435001840374,-4.65331786138074,2.1857141628828307,1000
552,1.0796781559045465,111.94318857132902,1.4352888310720837,0.22926361240713802,0.6250393365649604,1.5185648468505715,0.630321475586556,1.529034836222537,1000,1.013211215410912,72.25192394346037,3.2519252544116477,0.4045819356682906,0.09990591129723762,1.700350673872945,0.22023062150106254,1.8061918093207616,1000
553,1.6273418293316135,70.9495933318662,1.8964702934436433,0.22259014696504587,1.2291735015990006,2.0763568948584488,1.1910651412801236,2.0636185173831034,1000,1.6819366488311753,51.511772520144504,3.505189787795774,0.2637383282671069,1.194459958570899,2.2529214866841443,1.1650095254276458,2.198863772234705,1000
554,1.6243844291863128,78.48948067489039,2.4988211796530413,0.2875183438910823,1.1041499272027966,2.2283700030075106,1.0608484751597915,2.187920383212834,1000,1.8293221147890517,72.45268091153278,2.069333054937987,0.4772312980496398,1.1516489691966136,2.975406717924891,0.8939487706117577,2.7646954589663455,1000
555,1.184426139947268,113.35290536353206,1.9584035654384768,0.22938586513170375,0.7768220727390365,1.6674258769151822,0.7348298442891286,1.6340224356054074,1000,1.2327952454873816,77.21452584889063,2.160213344911396,0.398178138957232,0.5770629112292734,2.1000535932754434,0.452366093131207,2.0132243978435564,1000
556,1.6553182583097628,95.2939005952788,2.365103631789325,0.2388447199518901,1.2312479537653984,2.145327144725797,1.187182607204058,2.1234539094154674,1000,1.8241691129378288,93.2211499057372,1.607123011163036,0.30364055149808744,1.277805769444497,2.4542076640252257,1.2290336320015776,2.41930459387408,1000
557,1.5089557828851445,33.314467138889995,7.191426385602366,0.4224718133119303,0.792987740063973,2.3905461399914203,0.6809110287937612,2.337000536976528,1000,1.8104936674481396,45.791477113906666,3.715259512436491,0.4904309550262104,0.908933684917203,2.8016594447611247,0.8492489955967671,2.771738339299512,1000
558,0.6906649180038271,103.38657236540365,2.2757738335772206,0.23141868220264555,0.1761974999777461,1.1016425227181164,0.23708430088664184,1.1442455351210123,1000,-0.002345817944203077,52.4089137499405,5.155613450987694,0.7225474316373022,-1.7652941803980788,1.1099974468280025,-1.4185387839533152,1.413847148064909,1000
559,1.5028022131779737,54.810528396443125,3.7495624177508824,0.2535765196039797,1.0416291003945708,1.9957832406329274,1.0057922347541735,1.999812191601774,1000,1.4856657566131692,62.52534651404607,1.962763370295339,0.3538864146062737,0.8783081556542499,2.1790299012396517,0.7920483839848729,2.1792831292414654,1000
560,1.5651307884305914,68.42825411449975,3.433307673210968,0.3521873929127736,0.9931554487440444,2.3486515573920155,0.8748434983215551,2.255418078539628,1000,1.7741999894457907,66.76572503247928,2.1108152691168125,0.42289004423798904,1.0343677213827054,2.7032447018729395,0.9453355027393322,2.603064476152249,1000
561,1.5018387142285374,99.00708960100667,2.2392205541450285,0.255719017732482,1.0038962240529787,1.992326704859924,1.0006294394728728,2.003047988984202,1000,0.7364474450431664,25.285715268905207,8.360874326642348,0.5336510085952424,-0.34353786310416384,1.7820484229972273,-0.3095085318035087,1.7824034218898415,1000
562,1.5183272983077818,112.86984011637654,1.3600862373854632,0.2440318814365638,1.096119645590082,2.078183072281353,1.0400248106921168,1.9966297859234468,1000,1.0605040294535648,50.57996438620521,4.457377941406772,0.5350730203158991,-0.1108599019347631,2.1060774329370013,0.011760909634402683,2.109247149272727,1000
563,1.6272517639705817,112.07427836279301,1.7280898589417204,0.2844246901256246,1.1093404612892062,2.248228694281839,1.0697793713243575,2.184724156616806,1000,1.2724625906030154,69.84021287943304,3.4628322963106224,0.44105507652789194,0.41875687801823086,2.1296591246502046,0.4079946406083472,2.1369305405976835,1000
564,1.4241360351739392,108.54972123563259,1.509594168040112,0.2441583049900597,0.9927584957601698,1.9210656890875837,0.9455857573934221,1.9026863129544562,1000,1.0521662306403692,50.815730664033595,4.465800238258411,0.3811041534238001,0.3272736535643199,1.8053852160307438,0.305202089929721,1.7991303713510174,1000
565,1.4675893180650668,118.99761010292995,1.399202808064769,0.31365307819652927,0.8934854457701216,2.1596111467757013,0.8528292847998694,2.082349351330264,1000,1.3395587762600845,36.758590799058865,6.339566379928393,0.7088158496501525,0.02108045074575369,2.7536965728418075,-0.04972028905421455,2.7288378415743835,1000
566,1.5449465315887214,109.64855412125561,2.5901602463438786,0.27611990749346466,1.0124716557364797,2.0942904246745133,1.0037515129015309,2.086141550275912,1000,1.5610335965267776,74.94718618793854,2.3989863716221422,0.3758957952527779,0.8627472825454747,2.320343030918813,0.824277837831333,2.297789355222222,1000
567,1.1988082447618111,90.12963219730776,2.5672829104047272,0.31216157202634254,0.5756705828877638,1.8306369548336765,0.5869715635901798,1.8106449259334425,1000,0.1014853030860765,20.548707513351662,11.74065744894351,0.9352670978092743,-2.0896812216911806,1.7158595360310431,-1.7316382086201012,1.9346088147922542,1000
568,1.1838275949808954,176.48030757138636,0.5144092789897642,0.21150824268790974,0.8001775616813294,1.6117713657057073,0.7692714393125923,1.5983837506491985,1000,1.5196956327455295,84.90071554627905,2.329333764184048,0.4015636822696039,0.7490345934827951,2.3132675594347734,0.7326308154971058,2.3067604499939534,1000
569,1.5117522849943303,82.39659340622221,1.6476441225315308,0.24931286990220508,1.034954742326549,2.0154220751100347,1.0230990599860084,2.0004055100026523,1000,1.5947936207078919,61.154696935946035,3.4586281994159114,0.32013131711073073,0.9915687423697473,2.2450338156350425,0.9673362391708596,2.2222510022449242,1000
570,1.5042001991513145,135.6078493513084,1.072886028368898,0.1867694313862858,1.1470282969818062,1.9027167782059313,1.1381321136341944,1.8702682846684346,1000,1.6498285050636254,80.38420111211079,2.1249958565663043,0.2446572622128522,1.1278591103171633,2.0927565322069914,1.1703002711264352,2.1293567390008157,1000
571,1.2521414042458323,136.90132454484964,1.3265674164733698,0.22767235206071545,0.8254393645705728,1.7192999582021322,0.80590359420683,1.6983792142848346,1000,1.0165289032535818,59.75997339353319,4.505124388351464,0.5536755350748214,-0.22489757715564596,1.9336795736496122,-0.06867514549306808,2.1017329520002317,1000
572,2.0626535284477727,127.67298291616191,1.3086099371893527,0.31766133459527823,1.4926042822607468,2.749227336042102,1.4400373126410275,2.685269744254518,1000,1.9832416009398366,51.062144612070036,3.883167455435814,0.48425413677132995,1.0615133252267517,2.941402145384641,1.03410349286803,2.9323797090116432,1000
573,1.6566365627288784,104.30143970523706,1.3741118023896748,0.3199247894482772,1.1288276406125999,2.3967800847539946,1.0295839754102551,2.2836891500475014,1000,1.3341958309178317,60.02641473143768,2.9900449127926487,0.5258590084145848,0.45412689217043667,2.529806811179915,0.3035121744252456,2.364879487410418,1000
574,1.3976921191806089,102.29553235057654,1.8209848800250552,0.22555966334460173,0.9855976300195449,1.8601599709428918,0.9555951790251895,1.8397890593360282,1000,1.0617797439480225,82.93606183871621,1.8086104069620954,0.2864272294249725,0.5770523033430774,1.6936224733005971,0.5003823742750765,1.6231771136209687,1000
575,1.4560013009920736,83.99122362203941,2.232233831061643,0.2451897416803514,0.9809656572223706,1.9492589645850482,0.9754294072985848,1.9365731946855624,1000,1.3139136421263937,78.15603219517328,1.823559315945278,0.2493142627245962,0.8501233877979596,1.7900422178642306,0.8252576871861852,1.8025695970666022,1000
576,1.1238356904769695,137.52942954350394,0.8619495234245068,0.17263820275117053,0.7795594859853955,1.459388067009059,0.7854648130846753,1.4622065678692637,1000,0.8425611266122632,92.78789637942585,1.9405301261775054,0.28483439188578247,0.21732803387377653,1.3604980933201878,0.2842857185161296,1.4008365347083969,1000
577,1.2499674186129448,121.92223415197132,1.2975849345658734,0.26833767332175873,0.798221415799985,1.82737341183455,0.7240255789022977,1.7759092583235918,1000,0.9815859650996963,61.99978743068251,3.2912337492044825,0.4710796602292288,0.032225326790492365,1.9558714719759667,0.05826983105040784,1.904902099148985,1000
578,1.4091051531815761,80.55370247146472,3.2311024940900355,0.2131910965009685,1.0047508389226447,1.8576106833052308,0.9912506040396778,1.8269597023234745,1000,1.0680139121741488,33.22826477682879,6.710837687821918,0.5350667690005362,-0.06773863302385659,1.9741666084842675,0.019283044933097848,2.1167447794151997,1000
579,1.316464711264104,111.92925384164286,1.0437293664018563,0.29130860799488856,0.751440638109193,1.9160325968222576,0.7454998395941224,1.8874295829340855,1000,1.3648133026957785,76.41345912168526,2.09146260615381,0.3668617873109863,0.7073502780013682,2.1367469080447883,0.6457641995662454,2.0838624058253115,1000
580,1.5197729727734681,115.59071751499388,1.3965603463855323,0.2683486301868698,1.068994386295765,2.0832295366992057,0.9938096576072034,2.0457362879397327,1000,0.9794668889432376,56.09440000542881,4.032673031518415,0.5464489164367905,-0.16597988096081204,1.9451218827076437,-0.09157298727287166,2.050506765159347,1000
581,1.1887859111340173,144.6400047434802,1.0880267436827709,0.1717896279541836,0.8617909627135217,1.5429350251686522,0.8520782403438174,1.5254935819242172,1000,1.033077287901313,86.74337148347465,1.9522071373816534,0.22171529892976483,0.6417617799766697,1.4954137100336033,0.598515301998974,1.4676392738036521,1000
582,1.523121326680865,111.51778541001173,1.474923467526978,0.22703711832175566,1.0926066264419474,1.985150623533153,1.0781285747702238,1.968114078591506,1000,1.1486634536452536,49.77583264815648,4.362948763719395,0.3523049624293835,0.40821293840719824,1.7947985351535545,0.458145727283662,1.8391811800068452,1000
583,1.5620483035914197,147.571447543729,1.0305433130708461,0.23341598880059317,1.1537351890134508,2.0788353169298506,1.104552965542257,2.019543641640582,1000,1.4285046971231288,86.8224927547646,3.0467721803599406,0.42470927048993956,0.5004339497600465,2.2448074336078165,0.5960745269628472,2.26093486728341,1000
584,1.6238525772036418,148.47236298545042,1.1521154419802373,0.21790647292011586,1.2428150587302265,2.083899224562063,1.196755890280215,2.050949264127069,1000,1.2375699960144346,51.54993971175791,4.053552834057557,0.47263451501504167,0.27803316538447703,2.188554639864457,0.31120634658495294,2.163933645443916,1000
585,1.2315290633678346,85.30811553176443,2.950366367947114,0.3089100158491133,0.6891573961028955,1.8965825008760917,0.6260654323035726,1.8369926944320967,1000,1.0601700974553925,61.7169313183781,2.9608730561308914,0.4358079450798872,0.11598226111701285,1.8514060980753395,0.20598652509881366,1.9143536698119714,1000
586,1.7693911930060333,100.10786741304723,1.7142497028236368,0.245583448069376,1.3166768166387348,2.263580780255187,1.2880476347900565,2.2507347512220104,1000,1.7785499927166863,68.00461735393692,2.94136955409725,0.3818696574759316,1.1152710906060483,2.573855761873492,1.0300854640638604,2.5270145213695123,1000
587,1.6750888582370804,123.41706842159869,1.282836886651316,0.26486400261083154,1.1699597459280289,2.2300963900975144,1.1559554131198506,2.1942223033543105,1000,1.319097206647385,45.094871611328465,4.365964236575795,0.6293695162571763,0.026137264101809554,2.4411564262558936,0.08553295478331946,2.5526614585114507,1000
588,2.0901801185297737,133.06080298256038,0.9326064667255833,0.2894463082736997,1.5870463365234562,2.7116219244351076,1.5228653543133222,2.6574948827462253,1000,1.9716002032559694,57.7634727187637,3.672950243668139,0.4591334795439521,1.1460813249865103,2.87173981018595,1.0716985833498232,2.8715018231621157,1000
589,1.7398407663387507,104.29001670089987,1.2090327362138402,0.282469103876483,1.2467682214013838,2.361915369144745,1.186201322740844,2.293480209936657,1000,2.1487129912651923,65.04903269936845,1.9156037990941788,0.4998573178133964,1.4027781171677436,3.2483478660378395,1.1689926483509354,3.1284333341794492,1000
590,1.2317528930441761,120.64038002063424,1.3223498130021365,0.1932317802505012,0.826888119471108,1.604247690019125,0.8530186037531937,1.6104871823351585,1000,0.6839371486467991,53.970193158229975,5.282860069469267,0.5888306968063721,-0.8048029219416057,1.5863594054948045,-0.47017101709369014,1.8380453143872884,1000
591,1.3434072272312634,113.65707738769642,1.783331324128913,0.24525366638046334,0.918152543557716,1.8504790526908725,0.8627100411255553,1.8241044133369715,1000,1.297633168213603,94.30299503755981,1.9634447646533708,0.32630607293619474,0.7551468668829928,2.0160807132664416,0.6580732652586614,1.9371930711685448,1000
592,1.667387370184474,97.58805352896616,2.439485031798791,0.319459582271979,1.0967197451573798,2.38038297252846,1.041246588931395,2.2935281514375525,1000,1.4009531747649833,82.54715141763754,1.8440461499326288,0.2715385087890942,0.9251127820251912,1.9692451611631743,0.8687376975383586,1.933168651991608,1000
593,1.2264466106368803,117.06260702165194,1.3831788408825636,0.22277333542545535,0.7993859094315848,1.6660515014930695,0.7898108732029878,1.6630823480707728,1000,1.1499431910647417,88.72923430742247,1.893944551931113,0.28966098302132337,0.5920446578201736,1.7317062711900797,0.5822076643429479,1.7176787177865356,1000
594,1.551569496741265,101.16923568679701,1.9362484278690641,0.3036089367236756,1.0089109954081752,2.195258313920812,0.9564959807628608,2.146643012719669,1000,-0.18370750348903142,8.680265161859428,20.442089789943818,1.3722325131312876,-2.2156143033889526,2.5786956913592065,-2.873283229226355,2.505868222248292,1000
595,1.7460144001828128,87.689645675262,2.3090719739663377,0.2689779317546608,1.2515020753480148,2.308127776034089,1.2188176539436777,2.273211146421948,1000,1.1291899324495684,20.503787706232437,9.839381651861709,1.1243189248150374,-1.4076569806360857,3.5434052250546646,-1.0744751601879048,3.3328550250870417,1000
596,1.4387698751321802,79.07780826706833,1.9194555285761448,0.20621089271404994,1.063469822713581,1.8732623157927102,1.0345965254126424,1.8429432248517181,1000,1.1469717899261052,33.52197201809433,5.266499624196987,0.3297389485101158,0.4386997271445586,1.8017484764150886,0.5006834508462782,1.7932601290059322,1000
597,1.7091673453939626,107.11496351141291,1.6635328810126984,0.32787086275524385,1.1246802675349499,2.46205450665423,1.0665404543936847,2.3517942363942406,1000,1.2297502938859437,17.844430258381564,10.64881626980322,0.46363174681120783,0.359501290654744,2.2170050801899244,0.32103207013597634,2.138468517635911,1000
598,1.103189279725876,54.883941976600305,4.586993999752152,0.23135652892551378,0.6653166195911987,1.5644306714050942,0.649730483031869,1.556648076419883,1000,0.7633096040471632,63.32666706387023,3.1166539259165162,0.39902091556945324,0.02438422257727016,1.6219628494228626,-0.018771390468965143,1.5453905985632916,1000
599,1.9270965541874936,121.17918966450428,1.295841559887676,0.37557068284420914,1.2880465646235386,2.749305736099671,1.1909780158128438,2.6632150925621434,1000,1.4510899201068628,46.1944580118951,4.587852396956985,0.628228492940526,0.24711929021586146,2.6507627521642187,0.21976207394343183,2.6824177662702935,1000
600,1.524413151318909,144.35918512775808,1.0716962565558326,0.19998990031693253,1.1693685105029616,1.9337080062349425,1.1324329466977212,1.9163933559400967,1000,1.2789075549953863,72.61462011753993,2.374028080069195,0.31137723389839334,0.6334626253941711,1.926089232032651,0.6686081765545354,1.8892069334362374,1000
601,1.4371181887135869,106.66894348128932,1.6151209535492177,0.2423151362023861,1.011466453303452,1.9353208512934006,0.9621805217569102,1.9120558556702636,1000,1.5696004533727834,94.04708593961433,1.7121884349562735,0.30710173095483945,1.0454241325374365,2.2029444895436003,0.9676810607012981,2.171519846044269,1000
602,1.7222307944187862,77.47325991110776,1.9941896783415345,0.2627813503388197,1.2461636041202135,2.2907642462130116,1.2071793477546997,2.2372822410828728,1000,1.846316120523861,53.72900304540973,3.208840326635926,0.3368073041692008,1.2476803179489873,2.5584044032806728,1.1861738043522274,2.5064584366954943,1000
603,1.6448580689059988,90.85161069703925,1.8194504850387399,0.27615301418622307,1.1393645736044176,2.25469428535824,1.1035981611010017,2.186117976710996,1000,1.3538923567593724,48.22702173085838,4.563803840519466,0.47167417752477475,0.494203263315057,2.3279054185614614,0.42941096881081386,2.278373744707931,1000
604,1.0842165066469804,44.366322369462246,5.3435374979464925,0.30783035818032833,0.5723618628315721,1.7642908114108649,0.4808690046135369,1.687564008680424,1000,0.8508010847557834,72.69029560207703,1.6949208553472948,0.24633065365293697,0.4005388048789744,1.3585846432552557,0.367993003596027,1.3336091659155398,1000
605,1.9605053648396533,84.63594714201628,1.6931581731421883,0.34419598043952054,1.3575698533610263,2.717124708809943,1.285881243178193,2.6351294865011137,1000,1.6131878658483356,57.75207454605876,3.611404124687416,0.46754727752562186,0.7739685792737722,2.580527220323836,0.6967952018981168,2.5295805297985545,1000
606,1.5340214416793687,120.34311455985772,1.6821842595365115,0.2326503744267845,1.084300889909011,1.9848571905904742,1.0780267078028711,1.9900161755558663,1000,-2.7903066240213983,2.563349666870172,70.43803200099643,1.7208795702519328,-4.7155405259182235,1.3107817350486843,-6.163230581715187,0.5826173336723901,1000
607,1.5958934757346024,133.2362449900789,1.1331488077852259,0.29138728783928297,1.098469823227843,2.1992478937157376,1.0247743915696077,2.167012559899597,1000,1.9155388508437274,93.9900656314652,1.690405969337906,0.47617870676727414,1.1972226038574676,3.1225427509313315,0.9822285855798701,2.848849116107585,1000
608,1.5170914328114564,83.42230940034334,2.140307547329943,0.3188678132319585,0.9299638419092832,2.147451195192541,0.8921105188768178,2.142072346746095,1000,1.3203526916915498,69.71584591463726,1.7370356661719242,0.4458856561089822,0.43482343937918494,2.2036031827065536,0.44641680571794473,2.194288577665155,1000
609,1.6105544841606347,127.55361151089102,1.0405937702899453,0.20378372983022852,1.2110012513893367,2.0332293729356197,1.211138373693387,2.0099705946278825,1000,1.244333722886687,70.70254095272198,2.1793708362106057,0.2839337764355308,0.7203874367013091,1.7985993270205278,0.6878235210730467,1.8008439247003274,1000
610,1.439130455785417,135.73768702397612,1.025484366251653,0.2559298236971164,0.9624690882979292,1.9708956331010579,0.9375080013390689,1.940752910231765,1000,1.1934302131860564,57.48701343549285,4.013816482084672,0.3622756533732525,0.5332450926342732,1.9017298830404892,0.48336993257448146,1.9034904937976314,1000
611,1.1639052255524986,118.6817153403378,1.1765465109993989,0.21900631523499595,0.7571350706474378,1.6472969178829695,0.7346528476919065,1.5931576034130908,1000,0.9854603864026843,102.9310967111595,2.283989978470837,0.2342617123352325,0.6010986169376175,1.553162182896954,0.5263074302256286,1.44461334257974,1000
612,1.5258976271155122,115.69390186359966,0.9723816061048457,0.16901658840895958,1.1954283837856725,1.856609133076021,1.1946251138339514,1.857170140397073,1000,1.6154091118394167,75.73416235062459,1.9445897517802324,0.2494081806978279,1.1487231135410978,2.135513319446374,1.126569077671674,2.1042491460071595,1000
613,1.3080345934489985,103.48132982900619,2.0437776793311726,0.32801564103992886,0.6679729964430638,1.9820126886936857,0.665123937010738,1.950945249887259,1000,0.27107166922964554,13.279174395729397,14.601979969987877,0.9518656563550357,-1.4379196221307562,2.268305214002347,-1.5945850172262244,2.1367283556855154,1000
614,1.6754492548317013,69.70800635123607,3.090589260381313,0.24259527183371976,1.2402869591227026,2.1875253708142752,1.1999625220376107,2.150935987625792,1000,1.1314465978595907,48.177074520215484,3.7436190931702336,0.47034809777734515,-0.001683314585989829,1.9024684415759794,0.2095643262159942,2.0533288695031873,1000
615,1.473701111064444,77.99973204187918,2.455576226791585,0.26298124390885486,0.9676161170163323,2.00193719254996,0.9582578730030885,1.9891443491257994,1000,1.3572600984878949,50.15789412528535,2.6497649975333717,0.38904546585169686,0.6039816343696833,2.148214010105974,0.5947309854185691,2.1197892115572206,1000
616,1.295040620545339,91.04298677711034,1.9815473102944825,0.27411501204295613,0.8236694005754618,1.9135277719809172,0.757775196941145,1.8323060441495331,1000,0.8293607979192661,33.93799845507569,7.63664081209285,0.5274869830590152,-0.23871367908082203,1.8936321693997544,-0.20451368887640364,1.8632352847149358,1000
617,1.0080070720085335,112.98260750412253,1.490763324143233,0.20826917098932193,0.6185902640725819,1.4395747021838816,0.5997994968694624,1.4162146471476045,1000,0.8125176259829574,84.91191313350281,2.2351773348958512,0.3401849564867457,-0.04258105498145265,1.396693639572224,0.14575511126893592,1.4792801406969789,1000
618,1.2229111765514409,88.94688401002992,2.1875140236576858,0.28702268696311706,0.6478644798010128,1.8376388169350901,0.6603467101037315,1.7854756429991503,1000,0.3777131789236776,20.67039667396353,11.30057227055423,0.787867488697626,-1.236154311280746,1.9195188788514845,-1.1665070989236694,1.9219334567710247,1000
619,1.4186045512386731,68.11367843692706,2.984917424910942,0.22866427845474274,1.0089207089890555,1.9090359124412182,0.9704225654673774,1.8667865370099688,1000,1.2093649761955825,55.08509899814253,3.8697621630880996,0.46321337728516554,0.35733337884513533,2.202798346692268,0.301466756716658,2.117263195674507,1000
620,1.2345411007587135,111.97312031359381,1.1690822145191548,0.22704473336379805,0.7980407669057967,1.7117262277900616,0.7895334233656693,1.6795487781517577,1000,0.9096130711047499,46.83945523809829,3.97113068695262,0.31008615779033954,0.29526158315281753,1.5023887219759628,0.3018442018356844,1.5173819403738154,1000
621,1.3064455044673975,103.15429015820297,1.939505700589306,0.24217746885562888,0.8750766799554232,1.8242743705502198,0.8317776655103649,1.7811133434244302,1000,1.1553414671099809,36.10978657396668,5.6953020443687485,0.5247669041916999,0.1895187163989617,2.330172283060407,0.12679833489424897,2.1838845993257125,1000
622,1.5419787192724006,133.63748819359145,1.2138971523385231,0.29925215836885033,1.0309181930411992,2.2049232953974736,0.955444488869454,2.128512949675347,1000,1.873697162082418,81.57824502942817,2.657724663891953,0.4366980747539171,1.1437980095914284,2.7940228054808935,1.0177689355647406,2.7296253886000956,1000
623,1.6005378563239696,114.29721037292398,1.328525979861192,0.23173880145922027,1.1999634043030187,2.089049172561891,1.146329805463898,2.0547459071840413,1000,1.861938043275563,80.0202536593687,1.843733048819907,0.4067509589248501,1.1996222246972799,2.7403275170892876,1.0647061637828568,2.6591699227682692,1000
624,1.161309040115646,89.3996730299885,2.4406267756440685,0.24514780683104218,0.7023745570533283,1.644456064439995,0.6808193387268033,1.6417987415044888,1000,1.250227424952719,67.75311969833035,2.5935511532220232,0.28944479383582983,0.7462440594039563,1.9078778615267316,0.6829156290344925,1.8175392208709455,1000
625,0.8386064889780926,111.47187366820572,1.6815704370280384,0.2385553834358685,0.36674630582557793,1.2674265396750268,0.37103793744379043,1.3061750405123949,1000,0.6047881640735477,64.73726664821069,4.369032965939058,0.5440431404774799,-0.7683881690389658,1.3825048702373024,-0.46153639126231294,1.6711127194094084,1000
626,1.468257621911918,154.10920979672147,1.3517703318153704,0.2382543882704883,1.0301528888407538,1.9858541836451304,1.001279020901761,1.9352362229220752,1000,1.8072736110843044,58.89007957795269,4.297396884728138,0.693934546605303,0.7772755888536519,3.4020577436691712,0.44716189973791054,3.1673853224306985,1000
627,1.147855785072276,93.10681176738404,1.947008763690045,0.22644321361539047,0.7433634227639512,1.6220801061072645,0.7040270863861107,1.5916844837584412,1000,1.045728759284286,79.43068086354376,1.7213600777380593,0.2994907875087896,0.5099333345948539,1.691817561530587,0.45872681576705854,1.6327307028015137,1000
628,1.4182225788693024,123.24901337716665,1.1928986087985054,0.23015938577322956,1.000557167864732,1.8832293369856699,0.9671101827537725,1.8693349749848323,1000,1.5460366021379435,98.16295530834206,1.6279900210713096,0.45776735566318816,0.7302802739762253,2.55673273628701,0.6488125850380947,2.443260619237792,1000
629,1.2661898381358339,138.07355094218707,0.958604660999633,0.19363880803728545,0.8999682011724075,1.6504124800419249,0.8866577743827544,1.6457219018889133,1000,1.0436382949385177,87.29098805220275,2.8095429132887237,0.2040264165064456,0.6313787872625379,1.4434722565200737,0.6437465185858844,1.443530071291151,1000
630,1.275151122729317,146.33771993342174,1.0974077076824382,0.22664635684614712,0.873193762744687,1.7474780586954983,0.8309242633108687,1.7193779821477655,1000,1.2548331852511363,89.90721400569224,1.9467065661878007,0.3532053047006029,0.5780627307053814,1.9329264724630262,0.5625507880379547,1.9471155824643178,1000
631,1.4937605616281937,142.73464804095224,1.441189199524585,0.25422428544928183,1.0431617575250194,2.050659301956124,0.9954809621476013,1.9920401611087861,1000,1.6459232444901297,57.790462632803184,2.767313746898115,0.46168864677481514,0.8249846131863093,2.546167233342971,0.7410134968114921,2.5508329921687674,1000
632,1.5265486092228546,97.15291551787779,2.037115334247536,0.25851334506716245,1.0743526269769537,2.069149856819252,1.0198624528912164,2.033234765554493,1000,1.58695314843867,72.98350552619483,2.609222715772127,0.3342048659136648,1.0415303106305296,2.282518120785625,0.9319116112478871,2.241994685629453,1000
633,1.4083765215794748,94.97703384497984,1.767429806628322,0.24851818156457803,0.9167925884894451,1.9064549688076433,0.9212808857129018,1.8954721574460478,1000,-1.2700406328194185,3.411679810739487,47.18078634119939,1.5165026525523506,-3.0562257679933746,2.010880457678042,-4.242385831822025,1.7023045661831886,1000
634,1.3346679011997185,143.15885782342966,0.9924823255795108,0.2876280446445507,0.8288614594480692,1.9576169863048023,0.770916933696399,1.8984188687030379,1000,1.2989672761898658,49.42569734445293,4.784811829228518,0.5156138414208539,0.2546400280810808,2.2677155773678765,0.28836414700499224,2.3095704053747395,1000
635,1.224773515213907,82.65341526198081,3.0055821781511196,0.27350204535718764,0.722049795905278,1.8265107119469333,0.6887095063138192,1.7608375241139949,1000,1.0979216253172552,40.04099743354202,5.425962973658119,0.4734204713949232,0.13805858077083744,2.0290194473197842,0.1700175013832057,2.0258257492513048,1000
636,1.370683872945957,126.49596724814543,1.3714319460999456,0.3188371579854334,0.801079372209154,2.070008307434621,0.7457630432945075,1.9956047025974064,1000,0.9220519490345036,40.51497605654429,6.399230080922095,0.7413599833872938,-0.6416304286823191,2.3133048782741596,-0.5310136184045922,2.3751175164735994,1000
637,1.3108719688489967,115.58110884427133,1.4610128517912995,0.24959676904516728,0.8747135041731297,1.8589211050990986,0.8216623015204688,1.8000816361775245,1000,0.00018078941444699126,17.280779371101794,12.01878459847318,0.9536522670930647,-2.166349043907526,1.7419839393497087,-1.86897765408796,1.8693392329168539,1000
638,1.4665008553773213,94.02355590074154,1.7806050004910705,0.2704719133081296,1.0021103036125059,2.0616241268266142,0.9363759052933873,1.9966258054612553,1000,1.571161749545594,68.23996135763373,2.1530653562358992,0.3672802404995106,0.8830787981057507,2.3140387094350907,0.8512924781665533,2.2910310209246347,1000
639,1.4485301431958555,77.40107558001921,2.3493778474793303,0.31121358700922286,0.862754180740976,2.133337224074574,0.8385515126577787,2.0585087737339323,1000,1.8483263312948286,43.212850375030364,4.544422707235252,0.3487182076899487,1.1962869350489518,2.5622477980526046,1.1648386442225291,2.531814018367128,1000
640,1.8133349203972293,119.5547757659161,1.2588361749006614,0.25880868207707103,1.3363173731784022,2.350618264923007,1.3060699035261703,2.3205999372682884,1000,1.6165774545669678,32.66850816019678,6.242719089612668,0.4578725750523804,0.7036693799652349,2.5509332376026848,0.7191472074643023,2.5140077016696334,1000
641,1.2208101831607623,127.79082187871015,2.0240922137280455,0.2183799954338992,0.8299367775330655,1.6764429425039182,0.7927853921103198,1.6488349742112047,1000,1.0926371233539787,53.603164186796754,4.732011357801647,0.6465796017487307,-0.12781702505454595,2.4542691911217713,-0.17465889607353358,2.359933142781491,1000
642,1.475576643872611,101.17679083211864,1.5740182270316336,0.25708317384145407,1.0127050118528083,2.0249543218367787,0.971693623143361,1.979459664601861,1000,1.3382411148171292,56.64338300687316,3.931949846271119,0.8477757823398778,0.25122967274917796,3.591237305988367,-0.3233994185690314,2.9998816482032895,1000
643,1.0682004679525967,113.68395165986598,1.406994936746703,0.24884129994893797,0.6475757435287725,1.6100869980018868,0.5804715200526782,1.5559294158525152,1000,-0.1507059398096362,21.665812914333515,10.699722668531512,0.8768690866626926,-1.8592818521545664,1.5129785472282022,-1.8693693496685135,1.5679574700492411,1000
644,1.5971353198381135,74.38405289925512,2.792186451523531,0.34428266899828674,0.9577594595057789,2.344850272088409,0.9223412886014715,2.2719293510747556,1000,1.4463450921183947,39.30901085777231,5.312349425417088,0.4421720370791172,0.6421435265876184,2.354429340498697,0.579687899443325,2.3130022847934644,1000
645,1.092259042899372,127.40850311183947,1.4103848464736752,0.2257449946621092,0.6511412619547967,1.5527830318049938,0.6497988533616379,1.534719232437106,1000,1.0416564132750312,106.19061134919899,1.8239649877111332,0.2880752905141117,0.4654285845464513,1.5958840456774315,0.4770288438673723,1.6062839826826902,1000
646,1.3317035979829828,136.47358377400167,1.0160251629874941,0.24592213499154408,0.8949927573769032,1.8592922057137582,0.8496962133995564,1.813710982566409,1000,1.6253781269130263,80.01065249221966,1.6586161736766976,0.42491076719564624,0.9213063548677543,2.586683421172163,0.7925530232095597,2.458203230616493,1000
647,1.206555767069919,115.01896492454607,1.7145251943043216,0.21165409897082296,0.8392250901602438,1.6761394946054635,0.791713733087106,1.621397801052732,1000,1.1165113964864597,93.3510337552648,1.9005012723476764,0.3003070650530242,0.4798381040409201,1.6752324945157229,0.5279095489825323,1.705113243990387,1000
648,1.293553157435839,167.42558847297985,0.8040847410614594,0.18063843098672058,0.9621534405866743,1.660655349255217,0.9395018327018667,1.6476044821698113,1000,1.4327448212022633,106.53991478073156,1.4385837150070913,0.27577048329119613,0.9773445206858611,2.089623100299282,0.8922346739515189,1.9732549684530079,1000
649,1.1482317401265014,100.88226122274338,1.7734574261130578,0.20948475021358332,0.7069836270615119,1.5287149330145438,0.737641629707878,1.5588218505451248,1000,0.26700352628876134,13.31989326011471,15.853111899289354,0.8514652732386893,-1.5038713806042268,1.7575000180337295,-1.4018684092590696,1.9358754618365923,1000
650,1.3548333010255602,76.59853530751211,2.3996315043679552,0.3301375506287271,0.7655292916735424,2.0380594363059568,0.7077637017932551,2.0019029002578654,1000,0.7140320665971678,23.197670787669097,8.523911775927704,0.5389930812561295,-0.2599604790325423,1.8719934862558318,-0.3423943726648462,1.7704585058591817,1000
651,1.2318435919321358,83.63415703688257,2.2792457764751317,0.20209884539982068,0.843250079385339,1.6559434226216043,0.8357298549484873,1.6279573289157843,1000,1.0238490583607942,30.6878029780318,7.957368796178527,0.40694708285353687,0.34864985886755084,1.9116796919741477,0.22623277596786195,1.8214653407537265,1000
652,1.2748711735961449,133.826425212411,0.8161377907479687,0.25260403999613495,0.814476004968559,1.7850951973003237,0.7797672552037204,1.7699750919885693,1000,0.6759167705858506,55.42340049103819,4.048694754706004,0.46022355519068653,-0.22720936384806528,1.6537448203822422,-0.22612139758789496,1.5779549387595964,1000
653,1.2407130636170678,114.73381662137201,1.286478456590839,0.19877316001401701,0.8736220611025602,1.6466430883827379,0.8511176699895944,1.6303084572445412,1000,0.8431917086946252,48.5705662255113,4.918970067616604,0.4508880624572882,0.02595629754618999,1.714294059780921,-0.040548893721659596,1.72693231111091,1000
654,1.6905034568667847,46.48107249287859,4.044765136537525,0.31001135555876663,1.1369563974668022,2.3532843064682867,1.0828811999716021,2.2981257137619675,1000,1.4252748825057975,31.20158614844722,7.095104383279409,0.5117083011985313,0.6276454113382618,2.61768619123061,0.4223266121566762,2.428223152854919,1000
655,1.5926991283544654,125.52376367643699,1.159262933672747,0.30914702696230906,1.0716281218776014,2.258766070847343,0.9867709555083396,2.1986273012005912,1000,1.41951035291978,58.26431724605599,3.52428044060237,0.40977373008358703,0.706155396243735,2.2705731574932595,0.6163538419559493,2.2226668638836102,1000
656,1.2141311769491905,99.43036648605018,1.6136047917695888,0.22570239376378673,0.8228690767748962,1.7136137461826968,0.7717544851721685,1.6565078687262125,1000,1.0278603727405682,66.46761035261969,3.69387143970952,0.3308059669552153,0.46460374347110234,1.75881576420126,0.37948067750834624,1.67624006797279,1000
657,1.3025120155464007,116.1949686696824,1.166317770812741,0.2591024647855224,0.8242533525700458,1.8524960566637616,0.7946711845667769,1.8103528465260246,1000,0.8602046117298525,55.98982691451904,3.2211761956957714,0.3419257141478092,0.13102502569204502,1.580506393717573,0.19003021200014647,1.5303790114595586,1000
658,1.316456869084339,111.00603975283134,1.5279473485621506,0.22531970760045678,0.914721778609021,1.7828585310122214,0.8748302421874438,1.7580834959812344,1000,1.3759417680699193,101.74101864647179,1.228104251711025,0.2691713523271006,0.8747556259999257,1.9271134588134577,0.8483659175088022,1.9035176186310365,1000
659,1.5946884502794703,88.88427554093788,1.4728783899858966,0.22774511445477108,1.1590941005455682,2.061320078372679,1.1483080259481189,2.0410688746108216,1000,1.3444300131422509,44.04794133029469,4.0207789070354405,0.32232772931989556,0.6348478296827047,1.9584005207576827,0.7126676636752556,1.9761923626092461,1000
660,1.7220297935702085,126.41475694306666,1.0607804619454035,0.3152392237004216,1.1629724589564132,2.3919578847920806,1.1041609151173821,2.339898672023035,1000,2.272249144292485,87.58082451247614,1.9387704493909774,0.416516268663877,1.4721705004011387,3.107467608326636,1.4558772577112862,3.088621030873684,1000
661,1.4082844852500056,78.07552744323657,1.6466246892699368,0.29236624219365615,0.8089324608203502,1.9453914745852474,0.8352466505504396,1.9813223199495718,1000,0.5424663983336169,31.769888063682515,6.641025438668058,0.8586466341548249,-1.9702803245316391,1.7494338391329798,-1.14048100460984,2.2254138012770737,1000
662,1.4524915534254426,99.72490978848118,2.43851139909399,0.22813108751494843,1.0198918536342925,1.9328215410966116,1.0053546218961436,1.8996284849547416,1000,1.0842562730774727,69.42424247805374,3.169285640046189,0.3892260197824903,0.235279963647744,1.7510382046733612,0.3213732743037918,1.8471392718511537,1000
663,1.4543094753953116,121.19344845018931,1.482925130911748,0.2561389782970106,0.9869967892169993,1.9827732111960403,0.9522770779331708,1.9563418728574524,1000,0.12129553254431746,24.370247064332553,6.50552925526119,1.3384820932351567,-3.0957235047866027,2.478494626105951,-2.5021293701965894,2.7447204352852244,1000
664,1.256550765807786,146.63793589308975,0.9508972393037854,0.20785445484816975,0.8990814808448531,1.7028154250508198,0.8491560343053732,1.6639454973101986,1000,1.2574789415297607,85.93468033511773,1.6427119523698388,0.3832212718321481,0.5174969264715846,2.0351412218225935,0.5063652487387504,2.008592634320771,1000
665,1.2267927334946078,155.6231607196152,0.6823573699951224,0.23266718971739772,0.8152437641682091,1.7054669757705003,0.7707650416485083,1.6828204253407073,1000,1.1681217666763257,99.42589454060045,2.1922661021471845,0.33915524291562316,0.5237685491232654,1.8785820867588607,0.5033774905617043,1.8328660427909471,1000
666,1.3716384109535105,93.49447883258964,1.9701387715737009,0.2243628616510737,0.9587155090526681,1.831550387613116,0.931887202117406,1.8113896197896149,1000,0.9938081619960906,72.42354131138093,2.008779084916877,0.3524876064833676,0.18031496403205208,1.5829473777127379,0.3029324532886901,1.684683870703491,1000
667,1.3242486916198817,128.86788017587998,1.4220745344166532,0.2137335049633449,0.9233185265474574,1.7629607905720641,0.9053310218917257,1.7431663613480377,1000,1.025952324448412,79.109455686827,2.963169807751126,0.31734989465012126,0.3986850514469084,1.6240326878707945,0.4039465309341742,1.6479581179626495,1000
668,1.0753369453064647,107.38092581549371,1.7006898256775336,0.22240518682592175,0.6591240065516256,1.5382494950094856,0.6394227791276581,1.5112511114852714,1000,1.0465888357491506,65.32397351960614,3.4524742060764098,0.34668537857613324,0.4046809182436544,1.78311785988485,0.3670854937399295,1.7260921777583718,1000
669,1.6918164745700128,93.48949192546276,1.6770493937565958,0.28725890411540556,1.1538776355810911,2.2891887823251293,1.128789022503818,2.254843926636208,1000,1.8267267908795302,50.58928407848773,3.79083999509963,0.37754982439194706,1.1676444420333592,2.586915317151129,1.086729135071314,2.566724446687746,1000
670,1.4859272590267114,137.6584438537037,1.0051010716656124,0.24694657181182866,1.0456610229833099,2.021051212011331,1.0019119782755272,1.9699425397778956,1000,1.4397035504199258,102.92077340817822,1.3057642996073602,0.33213017061662015,0.7930830851468547,2.1246379005735587,0.7887284160113504,2.090678684828501,1000
671,1.5147040631167252,111.6055354781799,1.5469893488203124,0.22823919331114287,1.087807597845957,1.983146050280799,1.0673552442268852,1.9620528820065652,1000,1.7338897775535942,79.54045106563282,2.2072400262454703,0.668342230578345,0.9771103720149731,3.3693299672921797,0.42393900562003806,3.0438405494871503,1000
672,0.9965494995852919,117.2150291102577,1.3881943438770667,0.18193422837985193,0.6778386653711931,1.3960273923966746,0.6399584119607822,1.3531405872098017,1000,0.9584125681877576,103.14016399858875,1.046022267138999,0.24499174765426643,0.5322956487921227,1.4879331689245827,0.47822874278539534,1.4385963935901198,1000
673,1.6039825633489644,99.29117432166758,1.8579823638957405,0.298980065684945,1.069351348384006,2.2366872635901434,1.017981634606472,2.1899834920914567,1000,1.907426085290461,41.22948653083423,5.1038390770797095,0.5678263168861246,0.9244383712097162,3.146958887698529,0.7944865041936569,3.0203656663872653,1000
674,1.445045726954188,127.34505623036179,1.4487322004590637,0.22875742533407675,1.009208087840991,1.9008660327700873,0.9966811732993976,1.8934102806089785,1000,1.1737802309815089,61.03206701568363,3.5633394484565617,0.3988776170066944,0.3673423915899305,1.9771171598026176,0.3919801016483879,1.9555803603146298,1000
675,1.7399895091700421,94.88251864977357,1.980222469453544,0.30705488296989264,1.1655207515331996,2.3487127999571378,1.1381619385490525,2.341817079791032,1000,1.811217914653843,94.1139970900542,1.3500856655368196,0.43709972113934703,0.9928478764663011,2.6659708381470364,0.9545024612207228,2.6679333680869632,1000
676,1.53558910794502,108.09486808524117,1.3681116050889157,0.2653688564188523,1.0097885028573337,2.044582773079686,1.0154661493640695,2.0557120665259703,1000,1.511435736615267,64.1503929708232,3.8246148054519966,0.34900351106326366,0.8399812890112963,2.229459904292798,0.8273888549312703,2.195482618299264,1000
677,1.5026387777773509,107.06972287608744,1.633953872657258,0.2754048256693597,0.9991466301111567,2.1083013130996284,0.9628453194654059,2.042432236089296,1000,1.5328540159970283,47.860939727777684,4.645970630488517,0.3769079180301034,0.8587143841235513,2.3954793611893237,0.7941144966580257,2.271593535336031,1000
678,1.6811749995255951,108.68238531715967,1.5047895059714753,0.267709287777486,1.194022254968993,2.2593392727475465,1.1564647954817227,2.2058852035694674,1000,1.6732434066259758,82.13154912811979,2.0958343091251748,0.37658883174112073,0.9130027263655132,2.3980901436916664,0.9351292964133792,2.4113575168385726,1000
679,1.4425407434626976,139.68814978819606,1.259159027845326,0.22642311440897553,1.0398345658768504,1.9178261149622065,0.9987514392211055,1.8863300477042895,1000,1.38499404947828,64.46090025228607,4.252859916780962,0.49274357590765905,0.5563313598579247,2.517193594584413,0.41921664069926823,2.3507714582572916,1000
680,1.35441140762797,136.89000457436495,0.9912512937206909,0.22838563114068222,0.9192773292414008,1.8033214906562547,0.9067755705922329,1.8020472446637072,1000,1.4938609949690849,91.55543548847959,2.035779124558064,0.33091269288557407,0.9418984811605907,2.223101475338724,0.8452721169133597,2.14244987302481,1000
681,1.3272001968562672,98.7288190320918,1.6920774231956117,0.2359348118777334,0.878914816010871,1.7721041831106903,0.8647679655759097,1.7896324281366247,1000,0.8898649977689193,48.91348311079986,3.8142605592150804,0.528603355119089,-0.3263681469314903,1.8022857975502264,-0.1461975782644951,1.9259275738023336,1000
682,1.4077763579061346,139.2941124749734,1.1944762001807827,0.28104330587501375,0.8699283463935783,1.9855985086361398,0.8569314783911077,1.9586212374211616,1000,1.5704995392276608,50.16027379757694,2.789680561465422,0.5044667411166733,0.5196344022277146,2.447266025581188,0.5817447266389811,2.5592543518163406,1000
683,1.3580029259378543,87.82367018405456,2.3414990203480253,0.30356350467702065,0.8423865501980266,1.9936504814071623,0.7630184567708939,1.952987395104815,1000,1.3123463939231756,77.29855948596749,2.496705031134212,0.38309893982679494,0.6515520843956686,2.1189338125295354,0.5614724718626576,2.0632203159836937,1000
684,1.4288154303644531,106.77698036753932,1.595361496057348,0.24815195588519118,0.9836424058029138,1.9280226770216213,0.9424375968294785,1.9151932638994278,1000,0.7090580999090248,28.722153336817307,8.362375385912108,0.7074273344107694,-0.6452829169914884,2.185226176879626,-0.6774994755360833,2.095615675354133,1000
685,1.318992823626631,75.58814500661185,2.1599453229992283,0.2583459276400766,0.8329104226910559,1.859389651783136,0.812634805452081,1.825350841801181,1000,0.8012172525970898,16.719484158773064,11.907427871215557,0.528020825031143,-0.23115485071055047,1.8433414713844236,-0.23370356446395046,1.83613806965813,1000
686,1.2870256589615954,150.09073668387293,0.9952750813087795,0.2753420910496473,0.8038070134193661,1.8560375426980522,0.7473551605042866,1.8266961574189042,1000,1.6313595533484067,87.25081590153187,2.410385514449558,0.5262717662559196,0.7729512624032703,2.860253683853867,0.5998668914868042,2.662852215210009,1000
687,1.6491640647502452,109.43122553435806,1.7471411597300945,0.34407144277340224,1.0350709763097585,2.409600898637035,0.9747840369143769,2.3235440925861135,1000,1.7624924581799595,87.25088788667605,2.2981373091442094,0.4344903233027185,1.0424739391668463,2.7161631121411522,0.9108914245066313,2.6140934918532874,1000
688,1.5723910386275157,131.8909902223941,0.9131446834756461,0.3007555569654262,1.0517399890484738,2.203016434396203,0.9829101469752803,2.161871930279751,1000,1.281445056552184,70.01935522786039,2.917368311091579,0.5163915081192434,0.18092014414916704,2.3192459371168157,0.26931770063846705,2.2935724124659007,1000
689,1.5091766715202741,84.69175205614614,2.437484355583636,0.3903346084268516,0.7392807459025895,2.334572528552215,0.744120839003645,2.2742325040369034,1000,-1.861824865753554,4.277838275204985,36.71006448481089,2.2223140672899104,-4.913436051683562,2.9040260926721255,-6.217560437641778,2.49391070613467,1000
690,2.2152290444476384,93.89278465310436,1.7005528607893012,0.3208167552390244,1.6067121095594936,2.859957142914577,1.5864282041791506,2.844029884716126,1000,2.044468788658176,40.558176432930594,3.5447879615302527,0.49546521623205836,1.1267811159428949,3.1102126141256807,1.0733569648433414,3.01558061247301,1000
691,1.193903681674525,119.08245270498252,1.5316105652488976,0.21347743499583194,0.7829327310282488,1.643591400148216,0.7754879090826944,1.6123194542663555,1000,1.235839133587236,88.06795823219264,1.7568847571814201,0.27305593902026926,0.7777160748266397,1.7921954491813183,0.7006494931075083,1.7710287740669637,1000
692,1.4969566770811213,140.75661544937333,1.1799331327073477,0.2880307569213741,1.011403412030966,2.1137662862597986,0.9324163935152281,2.0614969606470144,1000,1.6548022492365937,61.55777284677019,3.6360311712895257,0.5664279301742818,0.44162731676349165,2.7403396525645025,0.5446035060950014,2.765000992378186,1000
693,1.3115770954874635,91.87916858806416,1.629935371646291,0.24351538019890848,0.8725403603611134,1.7971014929589828,0.8342869502976029,1.788867240677324,1000,0.9066343158630641,33.88647586608903,6.585980048201484,0.5530752950120721,-0.12589731200490203,2.0878726191374404,-0.17739326236059716,1.9906618940867253,1000
694,1.9227269837910967,90.44696839125177,1.766582600709339,0.318561910660578,1.3229626825946206,2.571757222958013,1.298345638896364,2.5471083286858294,1000,1.5760592904178017,30.056422138551984,6.029157900634685,0.4543134497119148,0.709788608489061,2.5170329131982268,0.6856049289824487,2.4665136518531545,1000
695,1.1877863089099747,83.43172617918417,2.932867618113951,0.22206359247941265,0.7847286210500154,1.6543837143999733,0.7525416676503259,1.6230309501696234,1000,0.8195438291608714,72.77163216688727,2.7985472822334074,0.3053323526487556,0.35631104890447957,1.5370964706942811,0.22109241796931045,1.4179952403524325,1000
696,1.7306233641621585,79.10108484548665,2.2529798656226014,0.28903362203038047,1.1996144055367788,2.3393321546801187,1.1641174649826127,2.297129263341704,1000,0.49983846477067573,13.900382209668996,13.301417441939856,0.8827933489594499,-1.3423368437170826,2.388847663211293,-1.2304364991898462,2.2301134287311974,1000
697,1.1176167331394153,124.92847537175209,1.398289375960754,0.2080047859556203,0.7558498685178607,1.5744357796549842,0.7099273526663996,1.525306113612431,1000,1.3427625932219185,101.49641098845315,1.4291010398666675,0.3011866855186891,0.7242541492749123,1.9755334218873863,0.7524366896052879,1.933088496838549,1000
698,1.4244096881064348,111.33601999544433,1.644581284289254,0.29403418856666985,0.8722646341833481,2.048974002606359,0.8481026785157618,2.000716697697108,1000,0.6969284167122254,36.79649497810669,6.189911669542898,0.661839586663878,-0.5934423892788051,2.023867823294186,-0.6002771731489756,1.9941340065734263,1000
699,1.10898760857448,134.5689162647348,1.350161149934192,0.16695335508091344,0.7823154790411072,1.4383982314018173,0.7817590326158897,1.4362161845330705,1000,1.0898743829123658,87.11936422222182,1.8226702929643834,0.26148801523731996,0.714731361159769,1.6756635832376123,0.5773578730472188,1.602390892777513,1000
700,1.5374298093292547,73.00239644417192,3.2191262927827116,0.37252286126726913,0.8643923825083142,2.309149936805209,0.8072850012454071,2.267574617413102,1000,-2.0844463916337745,1.9225754875953314,101.80015519947264,2.089799051577265,-3.4177412900437556,3.1658697024909475,-6.180452532725214,2.0115597494576645,1000
701,1.3063828122822385,143.33630347142744,0.8247153995222417,0.28061324027173257,0.8097639949913954,1.8646784812759032,0.7563808613496427,1.8563847632148343,1000,1.714131860344609,99.9679991246933,1.8608840485348608,0.3645921905071886,1.0325129066622813,2.4550592325758367,0.9995311669505194,2.4287325537386986,1000
702,1.8349508995608967,104.90593594068297,1.4024504973379324,0.3129022454894302,1.2673076520885884,2.4685539553806826,1.2216624984016136,2.44823930072018,1000,1.3340628115786317,35.997757098156825,6.26495680900575,0.607580648308693,0.12994122987127035,2.534176600193019,0.14320474089359347,2.52492088226367,1000
703,1.4950959960682833,124.90091845984524,1.272822248007211,0.238287607103196,1.050718664217221,1.9929444803792888,1.028052286146019,1.9621397059905474,1000,1.3241517399641467,67.24722156694135,3.8578238016586175,0.3669047869931546,0.5989182782347532,2.0475453871216516,0.6050183574575637,2.0432851224707296,1000
704,1.6482634815440704,116.40389785640652,1.1636459029799306,0.329126824071745,1.0362120472023197,2.323168413764554,1.0031749063634503,2.2933520567246903,1000,1.5807992152150576,80.58728152387306,2.2997742138030057,0.3712225893057191,0.9126708695647916,2.3389437403794697,0.8532029401758482,2.308395490254267,1000
705,1.8175692142309947,99.36111166378137,1.6029513379196183,0.28208464505701925,1.279387915382315,2.413356703521564,1.2646833099192372,2.3704551185427523,1000,2.02263378399342,61.635628580093304,2.3802591354501508,0.5828921388659598,1.098072380817122,3.4344182242298755,0.8801651918161386,3.165102376170701,1000
706,1.7308077895741443,108.262873627072,1.516388618525087,0.2589705381326789,1.2587479222537206,2.2957164898584437,1.2232255348340937,2.238390044314195,1000,1.295926914739264,58.07683472162601,2.932552265950151,0.37055021010998807,0.4674139742138947,1.9218769739276345,0.5696485029236874,2.0222053265548405,1000
707,1.5709623939333521,100.76364859625825,1.4089280470074812,0.259588077517527,1.1303031748862455,2.1735899855770855,1.0621697619989994,2.079755025867705,1000,1.8295946516606065,66.96337594084305,3.0167305996146516,0.4072210809475803,1.1870106644726497,2.7839770504978696,1.0314413330033492,2.6277479703178637,1000
708,1.1832474997607445,97.44125128456041,1.6112656327938286,0.274475078366507,0.6809029739148529,1.7814535233661086,0.6452763461623908,1.7212186533590983,1000,1.0047783349131136,71.01338772700406,3.1836488350924537,0.351599340812217,0.3830591574723872,1.7559175241763814,0.3156436269211683,1.6939130429050588,1000
709,1.4216675188594452,95.26853807646962,2.484900275433151,0.18927638602859065,1.053899954044156,1.7993792157721757,1.0506858022434076,1.7926492354754828,1000,0.6833432001008379,23.21090587531664,10.449619494400876,0.6464839758011706,-0.6937999204153468,1.8771923225347265,-0.5837653924694564,1.9504517926711322,1000
710,1.5587886212140676,128.95125887324122,1.2726680587716492,0.22568994198867903,1.139018476432671,2.027081344172368,1.1164363349162567,2.0011409075118785,1000,1.5694117883530831,54.77550508445212,4.116857416641583,0.44048504929992854,0.6705096671202132,2.4338297297645033,0.7060610917252232,2.432762484980943,1000
711,1.0294466115718002,117.40612731025567,1.2708042701975621,0.2503616979916004,0.5924051492135501,1.5521206001104544,0.5387376835082633,1.520155539635337,1000,0.7056083403084052,40.53805471818446,6.442593620561338,0.44825636863378826,-0.1615435815826608,1.5856264111467893,-0.17297414221381968,1.5841908228306303,1000
712,1.3265928868051495,76.64319677777624,3.383049673186377,0.42610217187479854,0.45155315721473327,2.1035074322562903,0.4914326299305444,2.161753143679755,1000,-0.5471714622655637,9.351915717627891,20.703451601082875,1.4627910725237105,-3.352524956570549,2.152386443389532,-3.414241964412036,2.3198990398809087,1000
713,1.4050106479914914,124.0160695603689,1.555842362680734,0.199428096821423,1.0509540782933342,1.8249928902219448,1.0141315782215023,1.7958897177614805,1000,0.9689524931006384,72.0357562493654,3.635175534647999,0.44396171660182887,0.05959731646347415,1.7520834680919053,0.09878752856105377,1.839117457640223,1000
714,1.3428040423366325,101.00379700608501,2.839005356959716,0.2562877359212074,0.861387532293427,1.854224311520635,0.840480079931066,1.845128004742199,1000,0.12399998327182038,16.70454785225168,13.425961234058862,0.9897379438036296,-2.0011243920457322,1.9091341232223076,-1.8158863865832935,2.063886353126934,1000
715,1.6307010982246102,142.3349087519194,1.041876477163819,0.23156775905542087,1.203725480298302,2.1201305785925757,1.1768282904759853,2.084573905973235,1000,1.538121558897187,107.60021090485417,1.3811612072157158,0.3499971570152169,0.8561082914025365,2.2179669367466026,0.8521271311473619,2.2241159866470124,1000
716,1.5594345769510323,109.58968751831817,1.2022076204968273,0.284355512459817,1.0450906610564956,2.164744071062016,1.0020977725297908,2.1167713813722737,1000,1.5314150310986892,61.599294073904,3.8824606998756632,0.47587690004245076,0.656199837614405,2.5082932409473715,0.5986963070154857,2.4641337551818925,1000
717,1.539558950436306,88.89701090680809,1.9303961742359692,0.28431207426258653,0.946256157923725,2.0772514567351172,0.9823072848816364,2.0968106159909756,1000,0.14846023261848051,12.522350967620582,14.795852703754582,1.059966322562168,-1.676465567556498,2.1105322725039577,-1.929073759603369,2.22599422484033,1000
718,1.6269395809343437,155.60775862977474,0.9354792190350809,0.2285691711267691,1.1745192967288172,2.0485420563562178,1.1789440055258762,2.074935156342811,1000,0.8064403809524938,31.592448498240056,5.679949032228163,0.6541383775958375,-0.5744991286236353,1.9628888339521486,-0.4756708391353477,2.0885516010403355,1000
719,1.5035193088305039,87.52461071432516,1.9771121944677428,0.2770123289536965,0.9978471315349969,2.103203367002425,0.9605751440812588,2.046463473579749,1000,1.0882156860246965,62.82907959375184,3.6813148447483086,0.291184745403226,0.5686542807660151,1.7154311926543069,0.5174935850343736,1.6589377870150195,1000
720,1.4914754094648324,123.94461248452906,0.9718910096234835,0.24386691760059587,1.0275263230360963,2.000111740050192,1.0134962509676644,1.9694545679620004,1000,1.7432351437478377,61.089173937201785,3.021255576242796,0.3255376886429749,1.1238313180813184,2.3684064470511843,1.1051812740076068,2.3812890134880687,1000
721,1.596692147609752,105.95500188284876,1.5871781939136893,0.25575980801901693,1.1348760059932768,2.1165048811130136,1.095402923892479,2.097981371327025,1000,1.5943292807911904,88.10054709172391,2.4447016434585396,0.3120362538643936,1.071678852775671,2.2642207545028095,0.982738223216979,2.205920338365402,1000
722,1.1539573190259493,103.48463721730873,1.746799997273415,0.21495090920571588,0.7536560113809851,1.6074067789931166,0.7326535369827463,1.5752611010691524,1000,1.1318618799360376,75.1748348480111,2.5279648350836754,0.2758096706226834,0.6270691404120751,1.6959431758156898,0.5912749255155781,1.672448834356497,1000
723,1.3041251470796178,126.45566414816817,1.3226034320237332,0.24364918294987564,0.8771362023408396,1.8245868513719337,0.8265727484978616,1.781677545661374,1000,1.517880702220089,92.40652147271395,1.442734001534989,0.3755962570882993,0.8938509520917941,2.429727080968662,0.7817120383270225,2.2540493661131555,1000
724,1.5287667801772362,144.46971840449066,0.9988148515061845,0.2519433300607259,1.0968454732944743,2.0747325009358573,1.0349578532582135,2.022575707096259,1000,1.5326227300644915,43.00538866878589,4.835401143943658,0.5168713477117642,0.658654187189905,2.678172543476797,0.5195548885494337,2.5456905715795495,1000
725,1.3194548052095443,112.01465384000714,1.6462790122450988,0.2620599681890467,0.8354555707117127,1.85604664224991,0.8058172675590127,1.8330923428600758,1000,0.1835946098517165,7.217671914521633,22.789398631967913,0.7128420744263692,-1.0722573506476591,1.6570127127759582,-1.2135758560239671,1.5807650757274,1000
726,1.5058503956245157,114.26393861218527,1.812201989654367,0.2748651992089574,1.0258637082063622,2.101733849726254,0.9671146051749592,2.0445861860740724,1000,1.4255571780890737,81.47932907430209,2.326190350178904,0.35571620098272544,0.7734022464303114,2.202063158058794,0.7283534241629318,2.1227609320152157,1000
727,1.297296360987404,137.43593393697293,1.1420262274090003,0.18364251073258125,0.9484748570071284,1.6784618386838088,0.9373570399515447,1.6572356820232632,1000,0.8131378717790088,43.66682522222154,6.799610070242579,0.45278282419981725,-0.34783836004248564,1.5163647531177489,-0.074316463652633,1.7005922072106505,1000
728,1.258927392298314,115.78132518808822,1.4043643012514413,0.20888279217462088,0.8627875765275321,1.7114755718131318,0.849517119636057,1.6683376649605708,1000,0.4601923835370747,39.21558827270432,6.885587576214734,0.7208411356123433,-1.3397163996169124,1.58737644370408,-0.9526562422631182,1.8730410093372676,1000
729,1.2293968781739963,136.57290710481826,0.9516039567729038,0.23677666129709887,0.7955699212568549,1.7102591960361113,0.7653146220316825,1.69347913431631,1000,1.3258268494461078,110.32617055863986,1.9190860446818594,0.3058558559075072,0.8623597669492498,2.0274963628697558,0.7263493718673938,1.925304327024822,1000
730,1.3275086855558262,93.76479699179296,2.01156277445075,0.2438415994829999,0.8990076988973865,1.847485767865373,0.8495791505691463,1.8054382205425061,1000,1.4515831713126037,64.05591946681623,3.0234318770752875,0.3182538088613745,0.8605421115581017,2.094883078199653,0.8278057059443097,2.0753606366808977,1000
731,1.6507090362666017,94.71841498961045,1.9774126259200346,0.29931262001358955,1.1036867051395272,2.2724215500215523,1.0640563010399662,2.2373617714932372,1000,1.4960077107482403,41.75154799199071,4.911986522219923,0.5426473579542777,0.5673826907773134,2.6190065812072594,0.4324188891578562,2.5595965323386247,1000
732,1.8576450086116105,104.08618124340674,1.7760094679388332,0.3191919737044648,1.2843405292774523,2.5387187352786578,1.2320287401508596,2.483261277072361,1000,1.7819700063406014,34.74936632205012,5.667491750422628,0.6233759843301753,0.6089051893903868,3.0654411799181998,0.560153077053458,3.003786935627745,1000
733,1.3114709816572976,130.95405917175168,1.1400113826388834,0.21329908929628952,0.9297896474811657,1.7446921343908623,0.8934047666365701,1.729537196678025,1000,1.3310019362954346,53.25956231222467,3.532968343178949,0.4591735010659015,0.5948106044589596,2.3310159842320317,0.4310218742062677,2.2309819983846015,1000
734,1.1518827276624954,120.45850579283147,1.5615519669282816,0.2277442201566859,0.7314018723140358,1.6053462510553242,0.7055040561553911,1.5982613991695998,1000,0.8225281406026981,82.3956463547642,2.322559666007498,0.3852048104788799,-0.010395740952101612,1.5330780131891453,0.06752671206409355,1.5775295691413027,1000
735,1.7711566464567607,105.40652335654738,1.820127210642178,0.2730216648344232,1.3244636773243517,2.407474728315779,1.2360341833812913,2.3062791095322304,1000,1.3325730776176172,29.199558394532122,7.7660749647424305,0.6378454936950475,-0.06220090803475707,2.485025891926361,0.0823959099753242,2.58275024525991,1000
736,1.8164520928307033,73.69861219232364,2.21395883937909,0.2790876338466663,1.3373523198266972,2.400997434134191,1.2694403304912374,2.363463855170169,1000,1.5370583740379422,45.40918967995871,4.29549576513273,0.33410750648297943,0.9067806030245515,2.254140367762685,0.8822076613313026,2.191909086744582,1000
737,1.4445916020517922,95.61330787429996,2.1665028338973187,0.2680631570415968,0.9866431235426957,2.007315076636861,0.9191878142502625,1.9699953898533218,1000,1.347787583424144,62.33605983845479,3.11831907535019,0.4384642854721076,0.5899525714149046,2.2892381921961817,0.48839758389881316,2.2071775829494746,1000
738,1.3589409637568917,82.91369158794085,1.9359167256960685,0.29374163753603133,0.7824136044202574,1.9499407783418694,0.7832073541862703,1.934674573327513,1000,0.5339678519731348,25.131631518347763,6.487936374395117,0.5013093982022008,-0.540214804565257,1.4237611444340472,-0.4485985685031787,1.5165342724494484,1000
739,1.9727787355902726,107.9795307278698,1.2405422901602199,0.2370076081190128,1.5028563841863782,2.436110538361483,1.5082438236770075,2.4373136475035375,1000,1.7582031458188023,59.01721499972265,3.1821299123956432,0.37437769153042544,1.0143572412778132,2.522421454855654,1.0244228704191685,2.4919834212184364,1000
740,1.802784348479155,100.47020058556497,1.2742607753590238,0.3041155548188247,1.273926270271474,2.4607931736773336,1.2067178610342588,2.3988508359240512,1000,1.8383350288821187,72.7693125589541,2.950327566320719,0.4423355441262368,1.0664999812109266,2.7844870233163674,0.9713573623946946,2.705312695369543,1000
741,1.6571521724884375,108.2712985905418,2.0608552038722747,0.31917182224547963,1.092970937672275,2.321760644239975,1.0315754008872973,2.2827289440895777,1000,1.282966903194413,38.2481357807397,6.526285853062822,0.6839627675670717,-0.012186321648652328,2.6969051989573547,-0.05760012123704761,2.623533927625874,1000
742,1.6796788000278153,119.29376014139298,1.9121960898330552,0.26481969577014675,1.1722485253229085,2.2175491456936776,1.1606321963183277,2.1987254037373027,1000,1.4730225176665441,82.89103715595145,2.313053614008907,0.4154291411397943,0.6192817180263174,2.231406834395704,0.6587814010325473,2.287263634300541,1000
743,1.2974018853617506,89.39873623351028,2.247817883452734,0.2609829919023344,0.8429029408331914,1.8734627276978353,0.7858752212331751,1.808928549490326,1000,1.179696371898581,77.05704762669656,2.427262967210466,0.3281160362715677,0.578009365350447,1.8732536117827308,0.5365889408063081,1.8228038029908538,1000
744,1.7970027610386303,107.47488154919186,1.8459491362130287,0.25783776619281684,1.2831497654870756,2.2805089145568282,1.2916407393007092,2.3023647827765514,1000,1.8379305593770157,53.41968296015422,2.9367372992917504,0.3417393344353617,1.195226000131857,2.534253201688943,1.1681214638837067,2.5077396548703246,1000
745,1.5702021611833676,107.45456054147992,1.646534656432464,0.20787445867600168,1.1994464751874574,2.0075543448620365,1.1627682221784044,1.977636100188331,1000,0.724319518421547,24.292472678367773,8.042503444581538,0.7135674486970421,-0.7272817960717403,2.2194714801485103,-0.6742726810246555,2.1229117178677495,1000
746,1.6286279318945964,107.8449043324045,1.4956276801260704,0.29669940235238007,1.0792068746635692,2.2354684129812705,1.0470971032839316,2.2101587605052613,1000,1.3844999253687638,56.80591607544681,2.7415327466193613,0.5961216709763885,0.25424724729721543,2.577700896087899,0.21610145025504246,2.5528984004824853,1000
747,1.4368077483897561,135.63553352117967,0.9843155245730959,0.2588042927562993,0.9755749794755166,1.9933435370106822,0.9295513345874095,1.9440641621921029,1000,1.5398568068199971,57.36050390140001,2.5957221167075524,0.5839475147746591,0.4792001242002504,2.825331048865393,0.3953196778616652,2.684393935778329,1000
748,1.5758263183668482,100.76326449882997,1.8678153367423058,0.22764633990410924,1.169574804861001,2.048822612103651,1.129639492154794,2.022013144578902,1000,1.4483076456002064,69.56614224844765,2.185912412542387,0.3713119274188106,0.7819240732206333,2.234389720709695,0.7205362678593377,2.1760790233410754,1000
749,0.9594616282157342,81.75053080350098,2.5155731863077357,0.36705818771929477,0.26485318271597763,1.6525900134479423,0.24002758028591653,1.6788956761455518,1000,0.6240970513368698,74.08444655028332,3.4099355441469448,0.5437259013828616,-0.6429826324271701,1.496196653977441,-0.4416057153735389,1.6897998180472784,1000
750,1.0544558799506365,57.52840798734702,4.7132176064145055,0.23610351970043503,0.6400905469195727,1.542022745406247,0.5916929813377838,1.5172187785634892,1000,0.730338874809493,41.66999437105976,4.9601755160617955,0.5052152494984816,-0.3831425145576675,1.6844281996193071,-0.259883014207531,1.720560763826517,1000
751,1.7901114224952694,72.70599973581501,3.320572184455276,0.30043402984420864,1.2423321386835418,2.4052812936948844,1.2012607240006206,2.378962120989918,1000,1.5769251050451196,69.67423383269853,2.647214489942134,0.4328860889518514,0.8290108873757895,2.373827403112228,0.7284683706994909,2.4253818393907483,1000
752,1.438783851488337,143.41435092427827,0.9924031034585375,0.2694233136134533,0.9254119381645843,1.9935700241628491,0.9107141568059687,1.9668535461707055,1000,1.1220836865520905,70.42207942033129,2.5948043909026692,0.48077150635567495,-0.10131467536650483,1.9113837066318211,0.1797715340949676,2.0643958390092134,1000
753,1.4464120930037538,146.2693747286836,0.9313098847006471,0.26325906891857687,1.0033205307575264,2.0603794823243162,0.9304243179233432,1.9623998680841646,1000,1.574127129754027,119.3328989072844,1.6600901980259588,0.3526260835709751,1.0077350748698208,2.3378273198291066,0.8829800059549158,2.2652742535531383,1000
754,1.6587153494723217,57.72864710825868,4.188118357903621,0.2274308842170438,1.2444875851279151,2.1259073680940324,1.2129508164069158,2.1044798825377278,1000,1.5567872428959992,48.889394155986665,3.475085058527976,0.308610400766781,0.909121952418355,2.1538511293099427,0.9519108573931085,2.16166362839889,1000
755,1.3115207759092353,71.26106273580773,3.6570809742885646,0.28844188002355853,0.7967365879391703,1.9221694456769942,0.7461746910630607,1.87686686075541,1000,1.2825885650683513,68.95912235975278,1.931682051443477,0.3171563974052113,0.6531247212188381,1.9186668277165437,0.6609620261541371,1.9042151039825654,1000
756,1.422557182677971,117.81599286802823,1.5016039299073431,0.23928648850908607,0.9953146390061043,1.9077200729866461,0.9535556652001623,1.8915587001557799,1000,1.398629957402663,53.429007995050235,3.813962554037455,0.36457557612613095,0.6649082988645599,2.153906314329127,0.6840618281954464,2.11319808660988,1000
757,1.5463779125781891,122.83166861063677,0.9802745296718849,0.19553708410448206,1.2009321781711544,1.9704975949418293,1.1631252277334043,1.929630597422974,1000,1.3343834513204462,62.36056215156655,3.047634890979436,0.3136888861454352,0.752875960238224,1.9559546155657503,0.7195532344753932,1.9492136681654992,1000
758,1.2783814932948006,109.89473510376087,1.5365700757929261,0.2331755761506528,0.8733762523711943,1.7771958791845626,0.8213573640395211,1.73540562255008,1000,1.6552590647873484,89.56589762518479,1.6359473852770432,0.34009974456876446,1.0349181602401516,2.344479263881213,0.9886635654325701,2.321854564142127,1000
759,1.6110607700794461,108.33736202724657,1.525753525114318,0.28660243743658526,1.0828296962366653,2.1918363449461946,1.049319992703739,2.172801547455153,1000,1.2730035485191564,22.278814733289213,9.565063590148068,0.686087466825486,0.15158762698741599,2.864496228498346,-0.07172788645879624,2.617734983497109,1000
760,1.5557072203770104,96.93626518703407,1.5365197733886506,0.2885536570752083,1.0204658562779247,2.1683600897838815,0.9901420525096021,2.1212723882444187,1000,1.644655629499872,73.50049013726039,1.622823853552798,0.3473398868110592,1.033619234897362,2.399273138895747,0.963869451350196,2.3254418076495478,1000
761,1.5846151639621326,104.23359064390564,1.6393738427932223,0.25115646286532695,1.1517120967051806,2.15814742777023,1.092348496746092,2.0768818311781736,1000,1.7227272189763059,100.30181627456714,1.7649272033278829,0.34520646490015106,1.134396322646967,2.474570528888089,1.04612254777201,2.399331890180602,1000
762,1.3929076876223125,76.8944096394151,2.9124000977444315,0.3479288193459365,0.7347402941753584,2.051448347855233,0.710967201704277,2.074848173540348,1000,-0.9839237352498147,9.324905693694404,16.64507743446881,1.4010379585607309,-3.4621883067614863,2.0302452570112726,-3.729958134028847,1.7621106635292176,1000
763,1.5535498822259177,137.65203013502898,1.286871763550989,0.23474705022910078,1.1108976673640956,2.0052456646015937,1.0934456637768801,2.0136541006749553,1000,0.9286412012463741,18.775199069023888,11.872036482953549,0.8894591249763381,-0.887285032764692,2.782843545975717,-0.8146986837072485,2.6719810861999966,1000
764,1.826422862965142,81.29616446323976,1.9779061431083127,0.2535488538759635,1.3600274117241424,2.3537865105319273,1.3294671093682535,2.3233786165620303,1000,0.9733291001841757,18.197728961319513,10.809017757316175,0.5944817270622631,-0.19735867254515627,2.20360377682024,-0.19185508485785996,2.138513285226211,1000
765,1.5913811731184275,145.81128948522982,0.8623638434585273,0.2491610818030932,1.1418174220882529,2.1005558835537186,1.1030254527843648,2.0797368934524902,1000,1.8763133033462824,41.82670634604527,4.658458382897134,0.7027215280276629,0.8176200807097815,3.655103531475131,0.49897910841206317,3.2536474982805017,1000
766,1.2244601222361926,127.75452350846815,1.2660759167402864,0.28570646992000565,0.7074596746468643,1.8075590492853986,0.6644754411929815,1.7844448032794036,1000,0.8277869349803466,50.659515849067716,4.442430910338722,0.6843646513880555,-0.9320107830864289,1.8571202958367827,-0.513567781740242,2.169141651700935,1000
767,1.2513496945580413,160.67082729414412,0.7804240774211046,0.17894103490202132,0.9084992310812898,1.6308754281080875,0.9006252661500795,1.6020741229660032,1000,1.1172320388318935,87.64229560288369,1.4777536768492334,0.34238469310680175,0.5100956702007725,1.839905362022621,0.446158040342562,1.788306037321225,1000
768,1.6674307652539244,112.9223761946393,1.1998649993495587,0.2403342098441337,1.2330294250759004,2.1630411608047395,1.1963757139594224,2.1384858165484264,1000,1.4811844759099073,80.05663553944703,2.255337284298398,0.2973639311927166,0.9487564034298144,2.086005200048267,0.8983511707721828,2.0640177810476317,1000
769,1.67033985494172,134.24073835259446,1.1337714207705158,0.23091757014970898,1.2515892383908396,2.1683012648422015,1.2177414174482906,2.12293829243515,1000,1.6866341233598423,62.21287838833977,2.7773729366515005,0.5521319289692015,0.7155379246874373,2.84675788689161,0.6044555425802074,2.768812704139477,1000
770,1.2634937422908392,92.01218276622315,1.8336343516681477,0.28132368377339995,0.712448462951421,1.7948698337093614,0.7120993220949753,1.814888162486703,1000,1.2540790152272145,80.75618823408983,1.720178709621567,0.37905515169243204,0.5350429583822035,2.015858342918355,0.5111309179100477,1.9970271125443815,1000
771,1.8805190336811584,91.4923701406801,1.9408495864841826,0.3017641824010665,1.3396333339714217,2.5249175305132785,1.2890612361750682,2.4719768311872485,1000,0.5926349550768681,12.439691306445399,14.37765952983071,1.046932354278359,-0.9865987738106647,3.0047452687658804,-1.4593524593087155,2.6446223694624518,1000
772,1.5453334783377,80.76276733055747,2.9062786523494135,0.2539952682832335,1.0742964101015728,2.0892685105215674,1.0475027525025622,2.0431642041728377,1000,1.2522950963140107,39.73523019783555,4.6044234932945445,0.4520601836096434,0.3827607870713259,2.184504545026344,0.3662571364391096,2.1383330561889116,1000
773,1.5459128618994122,124.01130521683808,0.8869375696734069,0.27083971005148255,1.0642890023577114,2.104153882145691,1.0150670301985065,2.076758693600318,1000,1.5474401773514468,72.99081922045072,2.2414707699752343,0.3899624517947066,0.8232639614121934,2.347914081758046,0.7831137718338218,2.3117665828690717,1000
774,1.9036823608038143,77.40741271800574,2.216063888327366,0.34094961486337766,1.294497780907869,2.6615004751160916,1.2354211156715942,2.5719436059360343,1000,1.9798348546851252,71.65218061170823,2.294707024579327,0.3912797715588889,1.30208040799728,2.8479565312573523,1.2129265024297031,2.7467432069405473,1000
775,1.37649423752129,140.74192559346042,1.0092050409070896,0.22176690573370975,0.9700045998408763,1.836736329308897,0.941831102283219,1.8111573727593613,1000,1.5201944063382584,98.72727142381729,2.1740717809620373,0.2967712307072363,0.9677858189423238,2.15023405182092,0.9385227941520753,2.1018660185244418,1000
776,1.4977300534535356,103.26586102589543,1.8290823916767227,0.2604082516019453,1.0115962825016298,2.0203799569727443,0.9873298803137228,2.0081302265933485,1000,1.541406848370803,70.15821088437563,2.072311652333551,0.32338545650066935,0.9524722406167017,2.195802160904523,0.907571353629491,2.175242343112115,1000
777,1.583743038766018,106.6327599241473,1.2990806758679725,0.2180337697788472,1.1767550538690803,2.043772204239294,1.1563968499994774,2.0110892275325587,1000,1.458260487865723,72.81997539304224,2.775375574730489,0.28627135535746895,0.9172894279483405,2.0460433667396614,0.897168631365084,2.019352344366362,1000
778,1.3160935123620732,111.0793661686752,1.685208744898231,0.2910814540522173,0.7875268944567054,1.908979807814231,0.7455738624197272,1.8866131623044191,1000,1.4989572566462352,82.18057388836743,2.17086437104305,0.40384255606717434,0.7064891282776516,2.2785514710210064,0.7074258467545735,2.2904886665378967,1000
779,1.0862695243021774,89.97318645445904,2.6353227783873856,0.27508232545467315,0.5535907454791111,1.629309813241506,0.547108166411018,1.6254308821933368,1000,0.4016199847927373,17.485398023122226,12.421685061199582,0.7562695301213583,-1.0751438081688944,1.9685490734969469,-1.080668294245125,1.8839082638305995,1000
780,1.28578353020769,94.30004008135677,1.7624031855665474,0.22021223922752464,0.8668174202628369,1.7164122118666993,0.8541675413217418,1.7173995190936384,1000,1.1608332429187036,74.02756531872257,2.404287458555422,0.23522999514103674,0.7257481307036413,1.6263654633977809,0.6997824524422716,1.6218840333951356,1000
781,1.6639088133815227,90.7786068671762,1.7817633292569097,0.2498810317444171,1.237359974921569,2.1876614377482655,1.1741419911624653,2.1536756356005804,1000,1.2867174522178022,32.09005184924596,6.486179577619981,0.4821614948807776,0.4117244184568407,2.308421485523505,0.34168092225147817,2.2317539821841264,1000
782,1.7869686829858045,92.58714118642136,1.7427884707785757,0.2692473338226944,1.2803693127242723,2.3517432809589316,1.2592439086933234,2.3146934572782856,1000,1.9397741160851139,65.09708379187407,3.221810763520759,0.3575997964031799,1.3294486483070211,2.7428351083850515,1.2388785151348811,2.6406697170353466,1000
783,1.5332043380674356,86.86312551284773,2.224292912266486,0.24234497355269569,1.1391555931994386,2.080134518053562,1.058208189904152,2.0082004862307192,1000,1.2458288402890936,48.15024874471327,3.6917101110296775,0.6092108390171717,0.18089514910582677,2.6894003253168535,0.051775595815437114,2.43988208476275,1000
784,1.525817384644951,93.66066373330817,2.0355063015172044,0.31742295334837606,0.9486856807089656,2.2194149661795817,0.9036683960821339,2.147966373207768,1000,2.0188757364230847,73.68379702732624,1.920068454282316,0.4224426079527835,1.219946310180889,2.88300631114976,1.190888224835629,2.8468632480105405,1000
785,1.3578305186667254,125.98149272518404,1.0549319391510592,0.20333432740689628,0.9955857213907011,1.8000874120435923,0.9592952369492087,1.7563658003842422,1000,1.3274516819172912,67.52776006028625,3.3483675065417184,0.3396010431583093,0.7452746908777125,2.0545256028352292,0.6618336373270051,1.9930697265075774,1000
786,1.4519652342092813,121.2732678867165,1.395396185143583,0.24071413966713934,1.021422636557702,1.9835450803541412,0.9801655204616881,1.9237649479568744,1000,1.8140588456094946,95.95052454054378,1.4260741555216188,0.44451973446890647,1.1556557326539278,2.91212568470657,0.9428001660504379,2.6853175251685513,1000
787,1.1059934668632732,98.16183083886109,1.7470550877480924,0.25402871018398027,0.6668427451782097,1.636006995677907,0.6080971949026719,1.6038897388238744,1000,1.152859269390119,80.74133650162462,2.113806193658674,0.39088505950584,0.47345271946060524,1.995369046514219,0.38672455275867257,1.9189939860215652,1000
788,1.3731302748086693,79.90632881573497,2.8988065608586826,0.3183276497517049,0.8390148792766355,2.0822940528991625,0.7492080812953277,1.997052468322011,1000,1.444665389114334,64.2113224197001,3.3055569287024644,0.40873973678498005,0.7636049542674417,2.323891849158112,0.6435355050157731,2.2457952732128947,1000
789,1.2098675633632983,106.05680388918533,1.8418407809353736,0.20379388652047498,0.8293530114037471,1.6591913586074825,0.8104315457831673,1.609303580943429,1000,0.9814776501401963,73.05455474956334,2.2194921717169493,0.31373669318113556,0.3693061085942876,1.6241637718902104,0.36655373150517057,1.596401568775222,1000
790,1.5294111887123596,77.23577998076225,2.763490465272908,0.2930800463184094,1.0170359969364904,2.1836786641227137,0.9549742979282771,2.103848079496442,1000,1.0101767603002996,25.645157957763757,8.947435726580478,0.6015029860368922,-0.02848289296419271,2.4361184082178946,-0.1687690923320091,2.189122612932608,1000
791,1.5435806534019119,143.2729246804202,0.9644559301408494,0.21337476582701062,1.1832091484580278,1.995780594265194,1.125366112380971,1.9617951944228527,1000,1.6597035824406416,97.21452585013357,1.781023688514515,0.2929691601756337,1.0968973144807417,2.2567345441540976,1.0854840284963996,2.2339231363848837,1000
792,1.1442114344971428,136.99812709488316,1.1538565305027662,0.24854613724812843,0.7041371087221135,1.6559261876052147,0.657061005490811,1.6313618635034746,1000,0.5497727233039953,37.14127727010768,6.977932284218534,0.7569415349795731,-1.1728594915039128,1.9187666421594842,-0.933832685255968,2.0333781318639588,1000
793,1.412774159805132,115.770513145029,1.4326531540596705,0.22510994178284036,0.9886312607097528,1.882975188527187,0.9715586739107649,1.853989645699499,1000,1.1137829086828024,76.93747992424731,2.698809160519571,0.3787203343996908,0.3017803181039043,1.827805487921998,0.37149105325940845,1.8560747641061963,1000
794,1.6367196189217703,99.7448448858834,1.3408247491612426,0.26368136889322563,1.156381902073457,2.1715234994996946,1.1199041358910482,2.1535351019524924,1000,1.9165383584107132,70.57183534758762,2.838389014127558,0.4211059721023429,1.2542100981837674,2.894362499031688,1.091170653090121,2.7419060637313053,1000
795,1.624413674881836,118.48614790068397,1.1789442981607858,0.2587737732923378,1.1427579152787932,2.1692567553779614,1.1172170792288538,2.1316102705348183,1000,1.6291455272090494,66.85523844780074,2.8661092195039592,0.4430003805492234,0.8694824569986541,2.567168309982303,0.7608647813325715,2.4974262730855274,1000
796,1.2496908721876547,117.3620384942511,2.244314494940115,0.29378145769048003,0.7829593846942825,1.9162261720731975,0.6738792151143139,1.8255025292609957,1000,1.210743348140983,73.20425173540477,2.12606183523238,0.4139574225606462,0.4653582528677726,2.097553006722379,0.39938679992211645,2.0220998963598498,1000
797,1.4191791462237582,93.37022494204209,1.9970412891954767,0.27775989116526173,0.9354042896891656,2.0012601604727713,0.8747697595398451,1.9635885329076712,1000,1.4358556226081696,82.15844764223743,1.837152222560487,0.3504154155908658,0.808941670693663,2.180592932927115,0.7490414080500726,2.1226698371662667,1000
798,1.1963087729399633,73.18968340917272,3.1281381296914748,0.31570459758774355,0.5877351874322451,1.8496500850292892,0.5775277616679859,1.8150897842119407,1000,-0.00997310744383828,16.50186424326381,11.88559131806002,0.9725643695113286,-2.078235948351298,2.0870748657379252,-1.9161992716860423,1.8962530567983658,1000
799,1.584414916795961,132.72476654032724,1.0485819418870947,0.2088295404997159,1.193673534670662,2.0215936444212974,1.1751090174165177,1.993720816175404,1000,1.5353483890994353,76.05308469002709,3.323564450833895,0.32453634011342775,0.8503315247137908,2.18670846721949,0.899257162477117,2.1714396157217535,1000
800,1.13527867250973,170.34770920085086,0.5666275648108942,0.19436443026859987,0.7257557962731692,1.4973848814365092,0.7543243891832742,1.5162329558361858,1000,0.27593418354509525,63.217057655328055,3.2395969689939705,0.4537824968576945,-0.7612211631222698,0.9762626738070002,-0.613479510295986,1.1653478773861765,1000
801,1.3473247836656213,123.80788460821744,1.074056768941894,0.22966519134384106,0.939867325525694,1.8212293963553272,0.8971810086316928,1.7974685586995496,1000,-1.2333718559018334,7.368820790332883,23.18620551084686,1.5996510426220247,-3.7617991512995066,1.734031265281077,-4.368687899441001,1.9019441876373349,1000
802,1.409127893448678,117.81450547679854,1.090099051708334,0.2414944844136008,0.9880877168531749,1.921196064753642,0.9357987039980205,1.8824570828993354,1000,1.2292105875861035,84.39377317720032,2.549051125264504,0.33156262495803257,0.5821392298055351,1.9045981343167657,0.5793478426683596,1.8790733325038473,1000
803,0.9295710539078583,135.948316867414,1.3079010252371188,0.22708724751691392,0.5621517242284045,1.4302821091014617,0.4844800487747071,1.3746620590410097,1000,1.0797239491509816,93.54143286720574,1.7898815109299955,0.35855521957358133,0.4405786595054656,1.824409933241292,0.37695571878676215,1.782492179515201,1000
804,1.8591623400732502,85.58870693832759,1.5768500443123297,0.3068480767309083,1.3204976725994353,2.4607458977798604,1.25774010968067,2.4605845704658305,1000,1.3614029168737556,50.13749516988258,3.29217899411812,0.5033437041714562,0.3128688916435142,2.309784302704687,0.3748492566977014,2.3479565770498096,1000
805,1.8064827832203876,103.44861022287924,1.2470824945371741,0.2795651432727244,1.32514546902475,2.4056638748528605,1.2585351024058478,2.3544304640349276,1000,1.9060734945476303,71.22227907152275,2.1158262923922964,0.381194366231782,1.2048247790223932,2.7009498595727877,1.1589325367333376,2.653214452361923,1000
806,1.985937868353729,99.39099107769385,1.77614860557478,0.28919409801932655,1.4447579810412918,2.589142145405109,1.419117436235849,2.5527583004716092,1000,2.315815000859682,72.66389495743786,2.969792592952609,0.4117287974040489,1.602289133222258,3.2085030525954563,1.508826557947746,3.122803443771618,1000
807,1.536987063573927,68.8334742464003,3.4041000751903843,0.32853937041874065,0.9305773305577252,2.210143006297611,0.8930498975531952,2.1809242295946585,1000,1.766683559335518,66.51101237756365,1.8575513383199602,0.5249230979148983,0.9959497747276569,3.0388863368858936,0.7378342874223172,2.7955328312487184,1000
808,0.9743305338816071,119.40059202232625,1.0680593735829556,0.20125025183713313,0.6087770435153239,1.3784782466977803,0.5798800402808262,1.368781027482388,1000,0.8628497518315947,83.28397190978137,2.4066316062204822,0.250954465305129,0.4171245723399256,1.4145002843741108,0.37097899983354193,1.3547205038296475,1000
809,1.5219373765229447,105.50629615165032,1.86357140345159,0.26512561693788744,1.0538249353640297,2.065959347244756,1.0022911673246853,2.041583585721204,1000,0.9565158375428666,26.823293359656745,9.053669257919367,0.4949920957675746,0.012568370761254085,2.009367655940633,-0.013668670161579577,1.9267003452473128,1000
810,1.1423722502121652,115.61031651531961,2.199255909833912,0.23819366219403063,0.7097869955957187,1.6737143431276862,0.6755126723118652,1.6092318281124651,1000,1.3887536463926873,89.0896554080124,1.9927012043775822,0.38221813401129295,0.5415624122095327,2.0328148127462664,0.6396061037305532,2.1379011890548214,1000
811,1.9811086616797757,97.64737247876018,1.313401539555963,0.31870647881225384,1.4185457493716844,2.667716086944937,1.356443963207758,2.6057733601517934,1000,2.021864888469715,60.31293870959657,2.314238389145325,0.3897236751724183,1.308426029744828,2.8942843361388713,1.2580064851317752,2.785723291807655,1000
812,1.4650339464562057,132.3910540485973,0.9083525599721277,0.18992838911797214,1.1254510931053976,1.8761756194559958,1.0927743037849802,1.8372935891274311,1000,1.5250591007672338,99.31138080748796,1.4089388985742235,0.33523629191329113,0.8726685150897597,2.1653141693259883,0.8679959686171832,2.1821222329172842,1000
813,1.6398847511021621,60.36187393744318,4.175572024188763,0.4010478449408718,0.9581563578273852,2.5689802226158047,0.8538309750180534,2.425938527186271,1000,2.067758760319749,51.747153765470124,3.240828651754375,0.36602920102578185,1.4498825047468915,2.849566641303732,1.3503415263092164,2.7851759943302814,1000
814,1.521377557212469,101.58360403658789,1.7932535667132365,0.2412891081971203,1.101911389403254,2.050737531138143,1.0484509051461133,1.9943042092788248,1000,1.4412148344689624,84.60737147118999,1.7997478965999552,0.25648238442162874,0.961878810688376,1.9727418539930668,0.9385093610025701,1.9439203079353546,1000
815,1.2739834957305238,117.74693201325401,1.1206409610522703,0.2133012532360431,0.8775077518625609,1.694540798391334,0.8559130393878793,1.6920539520731683,1000,1.065506487912824,88.08459402898673,1.761580442176242,0.23441705040376526,0.6844912245623009,1.5613401877081439,0.6060490691214441,1.5249639067042038,1000
816,1.0104504956350002,146.59798326777155,0.8322940118527956,0.20395703522714292,0.6402194110499281,1.443415805012558,0.6106947065898001,1.4102062846802004,1000,0.9366763044792616,99.9679730038312,2.1081941389547456,0.2963385613700574,0.324793146522304,1.5285193576230662,0.3558527241939492,1.517499884764574,1000
817,1.7578572147807463,102.34373917290607,1.4296271499647357,0.29440370613095007,1.2307299757222536,2.373054050160984,1.1808259507640841,2.3348884787974082,1000,1.7810359372124107,55.31860112193249,3.028115741143441,0.7206030596850109,0.8794789083732333,3.5003990415606165,0.36865394022978926,3.193417934195032,1000
818,1.5188461083293683,71.18676630494599,2.8525551749422515,0.2742219945076455,1.0163692139888965,2.0942101421942807,0.9813709990943831,2.0563212175643537,1000,1.6811900906472255,47.68771372414254,3.782404678620948,0.3561175249708409,1.0045035621506497,2.425035033894923,0.9831997417043773,2.3791804395900735,1000
819,1.1208351034215502,157.5534324786311,0.948279860972761,0.21860018213707685,0.7216876556657272,1.6011968389824733,0.6923787464328797,1.5492914604102208,1000,1.0183339360755763,78.71320769572662,2.6356599485940575,0.3453030403189793,0.26900519424803987,1.6270168090644144,0.34153997705037686,1.6951278951007758,1000
820,2.0109139210108133,37.957204893834955,5.743883150422269,0.43575045151379943,1.1964225693374841,2.919097142098996,1.1568430360437665,2.86498480597786,1000,2.4063489217203493,72.31107185092307,1.6101302053072828,0.4338283255374231,1.5620141818049031,3.271341641360376,1.556045403667,3.2566524397736987,1000
821,1.2525509936835706,140.585372604534,0.9542182974946792,0.2518878129809513,0.7878249603311048,1.762211528661091,0.758850880240906,1.7462511071262352,1000,0.9449480452524515,73.2778388810526,3.16922297193247,0.39661285821832254,0.1545395705894651,1.7284225865515204,0.1675868431445393,1.7223092473603636,1000
822,0.9658578760955563,55.70945538696233,5.042748376798043,0.5626495294804761,-0.1426235637952962,2.0023765848144075,-0.1369352016861769,2.0686509538772895,1000,-3.5053856160792582,1.6773813531829194,142.73545666499237,2.1642955709999763,-4.924029001175831,1.9544291856195064,-7.747404935239212,0.7366337030806953,1000
823,1.103444358112774,104.93724648510609,2.2886764146214644,0.2238401362209367,0.6969705086274381,1.5840528361285067,0.6647176911197381,1.5421710251058098,1000,0.7082767981406661,52.76718870079493,3.5827899696462073,0.3390468186158167,0.07577173171321412,1.4351239605722828,0.043745033653665444,1.3728085626276667,1000
824,1.4612596366307422,166.5224375460661,0.793499733068311,0.17525275217624656,1.1188475306918624,1.81299556886903,1.117764242365299,1.8047550308961855,1000,1.3886561581868677,142.5834292491088,0.9028145719783917,0.21343986753627067,0.9801914032819344,1.818509402619845,0.9703140178157772,1.8069982985579582,1000
825,1.2836019081793149,116.87140988001408,1.393937326053286,0.22001214527787208,0.8736967888613479,1.7463073653903753,0.8523781034346856,1.7148257129239441,1000,1.0367675922873525,87.65818509249372,2.2642521819738324,0.38984588297116113,0.15940177011301468,1.769633864367756,0.27266966166387674,1.8008655229108284,1000
826,1.1119356326506975,111.82736789080884,1.5883388774328795,0.2419517670481009,0.6357983346767093,1.5964593964703222,0.6377101692364198,1.5861610960649752,1000,1.8706530257311755,86.26641251992396,1.8686823812047884,0.40871891362137663,1.142617009437102,2.7298469381421464,1.0695639550332774,2.6717420964290737,1000
827,1.224156703500944,107.73380825059719,2.07975754666065,0.2535504827379379,0.8033438602974355,1.783348915984041,0.7271977573345857,1.7211156496673023,1000,1.2324846778279248,78.31776149831003,1.84529478316546,0.2842444298901383,0.7337490336248855,1.8686677906854046,0.6753655952432537,1.789603760412596,1000
828,1.3860293608509924,129.08234316824888,1.1217661645284454,0.2065080241311461,1.010357332951967,1.8267993265502258,0.981273633553946,1.7907850881480387,1000,1.051865741180122,43.19288483345497,5.780839548081588,0.40199876334653917,0.2109278087505368,1.8211455063619182,0.26394816502090523,1.8397833173393388,1000
829,1.105555617135014,133.9291399864035,1.4482191395541777,0.30095929919292924,0.47253363350557187,1.636106361907723,0.5156753907168727,1.6954358435531554,1000,-0.7257256214188494,20.614961551693533,12.094592852901526,1.9383892723927638,-6.35896313569861,1.5867316131503555,-4.524968595308666,3.0735173524709674,1000
830,1.1157271121151895,105.48905382685355,1.3174968522937542,0.21780305405715858,0.7129019817467317,1.5609567669051594,0.6888331261631586,1.5426210980672204,1000,0.6532465156585263,51.24035775516859,3.410141297674046,0.5957246488641129,-0.49507783613264444,1.8274192631860149,-0.5143737961151349,1.8208668274321875,1000
831,1.3663569724592064,138.4650230039899,0.9267891297960017,0.33147834389452696,0.7492204840120829,2.0905447778472164,0.7166594184259336,2.0160545264924794,1000,1.7597628821146185,75.16066933452252,2.2671456861420904,0.49820792819519655,0.862889088591409,2.8393592072789993,0.7832753428520333,2.736250421377204,1000
832,0.9646768217384174,145.51587355147555,1.127101685759897,0.21039430315403493,0.5875462821288817,1.412606096696096,0.552303987556509,1.3770496559203258,1000,0.851181497793132,92.66101683437414,2.0856881074825533,0.3588477633739249,0.19554606842536795,1.5914610172526107,0.1478398815802393,1.5545231140060247,1000
833,1.7090947866728594,113.09325211311665,1.3763955340856593,0.2330998529354631,1.2792635635943483,2.1934048088986984,1.2522190749193518,2.165970498426367,1000,1.915905209733954,87.33109376770042,1.6102730087479469,0.30888107160405276,1.3562657284375184,2.616949444052159,1.3104983093900104,2.5213121100778975,1000
834,1.1427100579469036,149.21973288618184,0.8729036251398885,0.2155220008079727,0.7790645945548568,1.5906466220087345,0.7202869363632771,1.56513317953053,1000,1.1283199525638696,90.20228786690338,1.373116360989821,0.3727480197308421,0.43369503465097253,1.945115634572069,0.39773383389141914,1.8589060712363201,1000
835,1.5491762086331766,106.10869044678338,1.7214814900456035,0.19890564034144864,1.1629873383643945,1.9495134588051126,1.1593211535639374,1.9390312637024159,1000,1.2873094541204189,69.10747204640734,2.368443295215354,0.26056419464199876,0.8342202210615111,1.8460844067647588,0.7766036326221013,1.7980152756187364,1000
836,1.693975618570179,105.35108275076642,1.885750698892183,0.2299306597457433,1.2835801502044772,2.1808718579953372,1.2433115254685223,2.144639711671836,1000,1.3715068076448411,34.562701023964884,6.260262537770747,0.5274753798963799,0.24515799750622125,2.382098142759383,0.33765506304793647,2.4053585522417458,1000
837,1.252592955816889,112.93887826232431,1.3620431479234063,0.20350405583908696,0.8844578335177428,1.6740197640909509,0.8537250063722785,1.6514609052614992,1000,1.221984809930329,100.33533145152066,1.5591274124975685,0.24770008576094033,0.8194579830052839,1.7926249906724192,0.736492641838886,1.707476978021772,1000
838,1.11348751165345,41.62062971357414,4.9023275775623505,0.27075916049019794,0.5796284391486212,1.6473353592105369,0.582799557092662,1.644175466214238,1000,1.0745374963042766,52.34547623404598,3.159330753617414,0.2719032308116978,0.6083565651690603,1.6565710753011866,0.541607163913349,1.6074678286952042,1000
839,1.2649862602493311,119.60305663788628,1.6777205343581565,0.25820099577646854,0.7634050912358076,1.7807340810616181,0.7589123085274528,1.7710602119712093,1000,1.030525816420341,48.259081641917284,3.6185354253221615,0.5802094352756549,-0.09302179127343832,2.1654790203611705,-0.10668467671994253,2.167736309560625,1000
840,1.4122817235110174,114.16230022241105,1.2955249359810967,0.2826939986800246,0.8812944183218943,1.9866570753784514,0.8582014860981693,1.9663619609238656,1000,1.2938171994632977,61.05241069509301,3.5937414691734237,0.47797993609071343,0.42029882698020526,2.2758742456498258,0.35697652472549934,2.230657874201096,1000
841,1.6580015667261156,80.18293467420412,1.9944952275496322,0.3026553264510082,1.1113879911674318,2.280014947085855,1.0647971268821397,2.251206006570092,1000,1.4302314004582324,36.874025946385906,4.5642844021812135,0.370878924439184,0.719831699525806,2.180991746525474,0.7033087085574317,2.157154092359033,1000
842,1.6890476738844704,114.3004694630385,1.722297408985954,0.3220853862700813,1.1327210455476024,2.405813964838086,1.057760316795111,2.3203350309738298,1000,1.676770532881392,73.73952147896057,1.6749400005210322,0.5063107218945677,0.8067891765285063,2.771238977946374,0.6844015179680393,2.6691395477947446,1000
843,1.5096666830970236,110.60482223858041,1.5523152435240872,0.27937619126678326,0.9439653248164711,2.0527742034949203,0.9620893482141284,2.0572440179799187,1000,0.1350723671468428,16.634239326041598,11.714833934215815,1.462713814218236,-2.9922545014258684,2.9259022768466987,-2.7318467087208997,3.0019914430145853,1000
844,1.18107354126034,129.2095589558418,1.301156643229266,0.21755397829475,0.8027297867315039,1.6482968212846012,0.7546677438026299,1.60747933871805,1000,1.3101158463159668,102.63158615705899,1.5366429699214519,0.328265245967317,0.7588336980628833,2.086275780640835,0.6667159642200255,1.953515728411908,1000
845,1.5943395861744392,60.27623034451211,4.56288085992387,0.3022251785570083,1.0608160327293878,2.2084868978967567,1.001978236202703,2.1867009361461753,1000,1.6027342084030318,71.91809351527186,1.881090906454471,0.4475029609094298,0.6334156928287635,2.472503889094222,0.7256284050205494,2.479840011785514,1000
846,1.5422559321236435,107.4453841528305,1.6408463148885695,0.21868829125319053,1.155513667628945,2.0127902924771,1.1136268812673902,1.970884982979897,1000,1.6051654606190173,78.0344456151005,2.422486857638273,0.2836049867396346,1.094614165996082,2.2096403056497436,1.0492996866093336,2.161031234628701,1000
847,0.9779298409317931,104.97264805485172,1.752385528969572,0.19437108888827195,0.5912054679459507,1.341297303538485,0.5969625067107801,1.3588971751528063,1000,1.1159822639189176,72.7708788032861,2.6013997463918277,0.2264120999319242,0.672621062778876,1.573723971457637,0.6722145480523463,1.559749979785489,1000
848,1.5551898830223703,114.11613636627551,1.569325980065725,0.272446897990168,1.043529904147989,2.1266441826524334,1.0211939629616409,2.0891858030830996,1000,1.375251200325375,50.63633515638186,3.8378729232571387,0.4465393965169237,0.5186339253803146,2.2065806254961218,0.5000339831522045,2.2504684174985456,1000
849,1.6650025940181694,132.70953658214347,0.8507122380647473,0.2476055965074876,1.2078105708119924,2.1821312218647146,1.1796956248634938,2.1503095631728453,1000,1.5285608310026804,73.80682632285699,2.6803340453733644,0.32462123045066255,0.9666722390906375,2.2208745925032307,0.8923032193193818,2.164818442685979,1000
850,1.6636905081664206,115.48382347046099,1.940146112517656,0.2859476160425972,1.191465296311704,2.2831936082936126,1.10323318072293,2.2241478356099114,1000,1.9247233699716875,84.87739646620813,2.2053792523705043,0.4376547411801249,1.169264724283914,2.852428223643342,1.0669200772586427,2.7825266626847323,1000
851,1.447299088214169,118.69279664600927,1.2879554496581374,0.2713042060080387,0.973143824883289,2.035288128039556,0.9155428444384132,1.9790553319899247,1000,1.2538012234744782,69.99266969325498,2.0300167238164866,0.39967863585228725,0.4692519252530644,2.098309944767016,0.47043109720399523,2.0371713497449613,1000
852,1.3927422768036601,153.66252216484722,0.715560399853167,0.22695526383231387,0.9977414354666694,1.8457487076078727,0.9479099596923249,1.8375745939149954,1000,1.326280945363564,70.82050007188539,3.0926343979701136,0.31314858773058163,0.8060086793283612,1.9921174830202886,0.7125097134116241,1.940052177315504,1000
853,1.6829502996798469,85.06429831464766,2.8864177176526726,0.3025967779323986,1.1340855145374675,2.284144415066315,1.0898606149323458,2.276039984427348,1000,1.0837410003185457,48.03054419611858,4.313678018467735,0.6070374540869109,-0.1250451265868746,2.388626135828464,-0.10605240969179963,2.273534410328891,1000
854,1.4419637410056576,73.97884905259573,2.32848146590385,0.2922742369653769,0.8948766790339988,2.0738269837482046,0.8691062365535188,2.0148212454577963,1000,0.955557723290656,24.329603638635408,7.4845555619064355,0.5869205029950393,-0.11350818861281835,2.231170241680517,-0.19480646257962086,2.1059219091609327,1000
855,1.1039631525080427,145.5349689298791,0.8412974715513056,0.21605062464133037,0.6942033185953498,1.5402171552019206,0.6805039282110351,1.5274223768050503,1000,0.97572540671182,99.67104512480543,1.9057265144534223,0.3785330111437549,0.18830993457450299,1.6927209149791242,0.23380070487006033,1.7176501085535796,1000
856,0.9523800935738294,39.48498795668382,6.349823366155883,0.4432728448711912,0.10750847884477494,1.8700068570040487,0.08356531762629471,1.821194869521364,1000,0.9547105663316664,57.30703841521199,3.030319449110745,0.5144311959897112,-0.3023250244274252,1.7981254031184688,-0.053574577808167545,1.9629957104715003,1000
857,1.383996697388067,101.58085969754184,1.7130303596396637,0.23322933442481653,0.9525202899259226,1.8990224854345943,0.9268672019154267,1.8411261928607074,1000,1.4141902549969991,64.98124507986017,3.4201719176396246,0.33938093502173483,0.8188374050348142,2.136628046225197,0.7490036223543989,2.0793768876395995,1000
858,1.8423778485402214,82.16101402498926,2.0518617599619207,0.3272213065949206,1.228306217962402,2.5254121926407245,1.2010240876141771,2.4837316094662656,1000,1.093035181051834,41.824106914833315,3.4874169024374146,0.579374281852114,-0.17345812176101186,2.203611318033717,-0.042538411378309604,2.2286087734819775,1000
859,1.3968429543648089,168.7167323318254,0.6587752993345977,0.1922616051158033,1.038033036993385,1.8008922932957356,1.0200102083378344,1.7736757003917833,1000,1.4157154490228305,104.26476156901496,2.450912364135868,0.31574190933028773,0.8344277770622547,2.1094714777231096,0.7968613067354666,2.0345695913101944,1000
860,1.3446793725611834,102.60800981377939,2.348826885558972,0.24862374188551947,0.8907679480219947,1.9026304002109657,0.8573768384655653,1.8319819066568015,1000,1.300731373544603,73.14735786407192,2.3568710720130643,0.3194077705896636,0.6491492550147275,1.8614121402423678,0.6746921431888625,1.9267706039003438,1000
861,1.1455077136506842,127.7595683750965,1.2922276453278827,0.21606404093092194,0.7623342024279058,1.6066661026117248,0.7220221934260771,1.5689932338752912,1000,1.244804324304949,80.45683693526026,2.6811388150566464,0.3938918957006216,0.6417929919807556,2.198301193430629,0.47277620873173054,2.016832439878167,1000
862,1.474476080413323,126.45542814169316,1.2329236094630096,0.23928823694977946,1.0595201824256741,1.9966870210698069,1.0054711359917552,1.9434810248348908,1000,1.3518787495197637,73.21297677749864,4.044770294331585,0.3757353807661653,0.8071832457447143,2.2700776511238994,0.6154374032180797,2.0883200958214476,1000
863,1.2630499841524436,96.17851760877313,1.3410468316528499,0.24848659785763175,0.8399661541798011,1.811563050970921,0.7760162523514854,1.750083715953402,1000,1.1174129806085409,69.13090505059297,2.5333200951440102,0.37187573997773055,0.3598839510263212,1.800670226483608,0.38853653025218904,1.8462894309648927,1000
864,1.2974200389563417,143.0021720580512,0.9102137720865632,0.27844572431426845,0.8106404332386086,1.8812553447716445,0.7516664193003756,1.843173658612308,1000,1.33680093003439,95.77402313055633,1.5852356460018848,0.3225032015252261,0.7654284649225399,2.014883636646551,0.7046946550449468,1.9689072050238332,1000
865,1.8726148113697954,103.23874269870899,1.236208901846339,0.3093070647829181,1.3093937316492668,2.5081526891417507,1.266372964395276,2.4788566583443146,1000,2.1530858274929976,64.54862905890434,2.2993439789976433,0.42445156728992195,1.3925920520292039,2.99301369814967,1.3211607556047507,2.9850108993812445,1000
866,1.2218405494815103,129.39414974754263,1.0344872136613168,0.21507589410931008,0.8304038756331497,1.6677340105224139,0.8002917970272626,1.6433893019357582,1000,1.2820745413064318,87.57330174491128,2.326862148612937,0.39924198996006244,0.6496012945676779,2.203102217265794,0.4995602409847095,2.0645888416281544,1000
867,1.0085778972057788,112.93844804713542,1.7679240414037471,0.2638294341813585,0.5272360175152929,1.5540733675273117,0.4914722062103162,1.5256835882012414,1000,0.8836753656361975,50.87319365752318,3.707901976720123,0.4156153657922446,0.09338673385295829,1.7520469298767698,0.06906924868339814,1.698281482588997,1000
868,1.9216157541565633,109.7881735094098,1.370573029269217,0.3412716820202868,1.2909771941404975,2.6444998257163705,1.2527232573968012,2.5905082509163253,1000,1.8943541545402958,72.23180711448043,2.4264595079845512,0.4187200320447,1.155159391586776,2.8314038000791206,1.0736628917326838,2.7150454173479077,1000
869,1.4493794279880556,146.3713612738173,0.8100319096538292,0.26238946842161454,0.9746773014626895,1.9902332801098628,0.9350960698816911,1.96366278609442,1000,1.2493629757515397,83.32201001508697,2.2660083935414663,0.4053183356689553,0.42198170660386686,2.0200014116299583,0.45493903784038725,2.043786913662692,1000
870,1.6195451344413008,54.861057260639726,3.051524518006362,0.3497301958121948,0.9803283068768472,2.3353520059893778,0.934073950649399,2.3050163182332026,1000,0.882126734616735,23.51604071904551,5.821798494515779,0.6417103413597256,-0.28305926009568966,2.314620042731816,-0.37562553444832725,2.139879003681797,1000
871,1.4927634296197525,145.41676531036558,0.8298546566608797,0.19375689933742532,1.1621947785637838,1.9223100303702205,1.112999906918399,1.872526952321106,1000,1.276285234579033,108.2399160421198,1.1436370269134941,0.28724574528837526,0.7365446117930106,1.8636817008842057,0.7132835738138175,1.8392868953442485,1000
872,1.8703159877267075,105.10827552980767,1.3157250760655292,0.267574202017552,1.3626364678236258,2.4018177609723925,1.3458705517723055,2.3947614236811097,1000,0.8161462662839081,10.425300649949497,16.346287416026357,0.8581327533949731,-0.691637844578701,2.6961677599222047,-0.8657939303702391,2.4980864629380553,1000
873,1.258014049230077,62.940501370099824,3.623224868822602,0.3986634292211419,0.43086801199754254,1.9578258033280695,0.47663372795663894,2.039394370503515,1000,-1.3639306562797788,3.0012929688236913,50.009116232044406,1.6958105965113037,-3.111418482115784,2.3979292875658818,-4.687719425441934,1.9598581128823764,1000
874,1.1288465468112505,115.98371779005893,1.5334629022655706,0.2531102121981051,0.6780020455461899,1.6407578863485814,0.6327505309029646,1.6249425627195364,1000,1.2627494738612886,95.02622481653418,1.6358006876496365,0.5052054495560213,0.5087792234333998,2.2987540417981607,0.27254679273148674,2.2529521549910903,1000
875,1.30767557333989,78.96281261891784,2.537064418689411,0.30814338459286633,0.7562785420131747,1.9477388390141135,0.7037145395378719,1.911636607141908,1000,0.7995992965729077,35.613066288251176,7.081618939241673,0.577742112858474,-0.2127577609283163,1.9945664338765925,-0.3327752446297012,1.9319738377755167,1000
876,1.336432631795427,123.154622188924,1.1653396095940407,0.27712837112913513,0.8251790844810912,1.9104717165934337,0.793261024382322,1.8796042392085317,1000,1.2014478189834419,73.99728160408418,3.1720025279288873,0.3955867851656051,0.537084846932308,2.0510055725829015,0.42609772005885593,1.9767979179080277,1000
877,1.485048510519288,79.89541038375478,1.9986082770305658,0.34920576479610055,0.7134883912066597,2.0770805326570003,0.800605211518931,2.169491809519645,1000,-1.4751628955286615,6.406162287502402,23.342265660800436,1.7388112321415956,-4.629876311112982,1.9084760671580046,-4.883232910526189,1.9329071194688656,1000
878,1.6695462544798283,137.18461395269364,1.098849506253201,0.21948428852108223,1.2364771591738692,2.107938925892781,1.239357048978507,2.0997354599811495,1000,1.2646140666430292,55.4463587650596,4.710930180763137,0.37419597280039146,0.5155227260302768,1.9718788321288643,0.531189959954262,1.9980381733317965,1000
879,1.6780177465727442,101.29025810913967,2.0717053597918564,0.2660547274976152,1.2183778472059668,2.2719588018160737,1.1565504806774185,2.19948501246807,1000,1.5893356736799962,90.56181770027246,2.274319904328628,0.38088555338314606,0.8471455066893453,2.3687753351188636,0.8427999890490299,2.3358713583109623,1000
880,1.3738556072827084,127.5687035038849,1.2869095528071823,0.22511156808114083,0.9559591646849583,1.8548073258598115,0.9326369338436724,1.8150742807217444,1000,1.3338082826444453,89.67844995684607,1.8889282462605865,0.37318468747087225,0.6356322330734726,2.0911647717839457,0.6023662952015357,2.065250270087355,1000
881,1.092865254574079,135.18336749287226,1.0358303368404682,0.19093743884092867,0.7187522503873678,1.482173633596921,0.7186278744458587,1.467102634702299,1000,0.9136322976665388,86.64237411477086,2.6229666023402642,0.5710729766647524,-0.3959919333241264,1.8130445532720842,-0.2056707365963759,2.0329353319294534,1000
882,1.1400982766102792,87.76667243865136,2.874417932615045,0.25764908296364913,0.6948620213383035,1.704645138860982,0.6351060740015269,1.6450904792190315,1000,0.8715353086893485,39.844099809110396,6.418014922641182,0.36612318301090413,0.29318459795429896,1.7092540752602154,0.15393386998797642,1.5891367473907205,1000
883,1.683966852178424,114.47846945103569,1.375406647132421,0.2610919793646673,1.1566384742607914,2.209044753838837,1.1722265726236758,2.195707131733172,1000,1.240620197303092,56.23464945112647,3.8881716052970985,0.4753116112210862,0.3274190341074969,2.2501711074363455,0.3090094393097629,2.172230955296421,1000
884,1.4467502245639254,123.23086877846131,1.4458472817877908,0.23180875097967854,1.046989329615969,1.9278076392769448,0.9924050726437554,1.9010953764840954,1000,1.4744225672211175,89.36193291408507,1.5775990524928658,0.34601986405002777,0.8404966388030559,2.237796139993176,0.7962236336830631,2.152621500759172,1000
885,1.6511736080023593,93.66889488664542,1.3996054504186979,0.2690320803061287,1.1535018949131277,2.2100135901227063,1.1238707306023472,2.1784764854023715,1000,0.5051525756696158,26.89837515479029,8.372922281132272,1.1208378760543132,-2.626113709268881,1.9836651354841497,-1.691689661396838,2.7019948127360696,1000
886,1.3473179309841539,89.72792152322872,1.6118333819564614,0.26150341376766706,0.8519071684064587,1.8461755471758077,0.8347712399995264,1.8598646219687813,1000,1.226270541505994,71.89270679495523,2.4579300864652835,0.30962123319915036,0.7098818996382001,1.8916945879022287,0.6194129244356593,1.8331281585763288,1000
887,1.1079077530632873,125.97158993510224,1.3970941576206817,0.20987578028384132,0.733195123080834,1.5734109783796049,0.6965512237069582,1.5192642824196163,1000,0.4180715123324168,23.53295579389307,10.387712263382964,0.7235602309749909,-1.1627060721481244,1.7431758026812014,-1.0001065403785654,1.836249565043399,1000
888,1.4918660781656214,93.65203065054244,2.0388867369897286,0.2835101501184876,0.9715797676821935,2.1007610915853663,0.9361861839333857,2.0475459723978573,1000,1.7072786143278103,86.94405898857724,1.4297924720633144,0.3710531887531104,1.0664090451059929,2.5201782667670773,0.9800143643717139,2.4345428642839066,1000
889,1.2106785922556798,133.82091320679675,1.442817731631124,0.25163929646162475,0.7711819546383415,1.7645213948185143,0.7174655711908953,1.7038916133204642,1000,0.6577200545442521,44.08803739421275,4.874938096152738,0.5768480962847629,-0.40754251083784326,1.9035195415736086,-0.472902214173883,1.7883423232623872,1000
890,1.631472203440403,117.15525639563178,1.4216178775487014,0.2872523588713176,1.1219229956280814,2.282802492501773,1.0684575800526206,2.1944868268281854,1000,1.805120334097772,70.16081889450186,2.8155234074938775,0.4392016710679305,1.036222882381186,2.7087392656013525,0.9442850588046282,2.665955609390916,1000
891,1.3116736795053883,179.55473487575983,0.5709280672134667,0.1828025315783367,0.9707347640183934,1.6848006720329882,0.9533807176118483,1.6699666413989283,1000,1.1150153877857065,90.73887416392157,1.8554618833575118,0.284115591969747,0.5873291105555513,1.6720018581463836,0.5581488275250024,1.6718819480464107,1000
892,1.7691248422811645,83.78262863336764,2.4516389689259763,0.2464845221033863,1.3379674135205295,2.3021018829583477,1.2860151789585275,2.2522345056038016,1000,1.9003477058541014,56.14626699264184,3.0356485315090818,0.3405804350499537,1.3051789967177,2.641902806156651,1.232810053156192,2.5678853585520107,1000
893,0.9862459567753479,103.60049752704232,1.916180847777143,0.19629600170512382,0.5943431542374775,1.373993499462682,0.6015057934333052,1.3709861201173905,1000,0.929913149041278,101.89031657005359,1.5487534288481346,0.21828471812042907,0.49501654610837453,1.383657071242713,0.5020751015252369,1.357751196557319,1000
894,1.1304005662249317,155.10529082107396,0.7235470574821395,0.20008864390269615,0.7840758841704358,1.5433235250194008,0.7382268241756472,1.522574308274216,1000,1.1615442814670578,103.61937292849841,1.5881584806476408,0.33937280268551917,0.5620400330729476,1.921923366859352,0.49637358820344024,1.8267149747306752,1000
895,1.3053917676024076,100.72298545980162,1.9248036003845772,0.25322069036606093,0.8235268301048799,1.7896773824097192,0.8090792144849281,1.801704320719887,1000,0.7229556677658429,41.94323347313233,5.489139837234054,0.4721772247288256,-0.23095401385662986,1.5833334359226543,-0.20251169270265534,1.648423028234341,1000
896,1.5009879132244666,117.79948268645252,1.4205485322389753,0.2788762965719934,1.0080321794562703,2.073947120759362,0.9543903719433595,2.0475854545055734,1000,0.9749590252811742,32.178567199996664,7.158971851663945,0.6552495041295293,-0.33856366156404444,2.3329287416559468,-0.3093300028127033,2.2592480533750514,1000
897,1.4604613230700476,87.8002748518152,1.8265524500235137,0.27622858916883114,0.9448057532154258,1.9963771716014536,0.9190532882991386,2.0018693578409565,1000,0.8947132106720144,29.6133880133563,7.819348969135188,0.6254342934981174,-0.5434654292371015,1.970100160390775,-0.33113800458429576,2.1205644259283245,1000
898,1.8212422927729164,75.80285381521068,3.226107028090032,0.2837473924114166,1.3123513153691726,2.428837628696106,1.2650974036465399,2.3773871818992927,1000,0.19737971626317474,2.962966755564493,52.0430969932888,1.04322909336355,-0.9259544482078879,2.681676060877357,-1.8473493067293831,2.2421087392557326,1000
899,1.4216557173736812,90.7588863455297,2.559783410897839,0.35754931313941835,0.6677464942331228,2.0866654992465152,0.7208590636204213,2.122452371126941,1000,-1.0155736419902714,5.790143829691908,28.911299667273717,1.4765941468900015,-3.173906840769732,2.071590268231314,-3.9096981698946744,1.8785508859141316,1000
900,1.4348431984529948,147.75773976256482,0.9110339472241905,0.26673631025369865,0.9987104192861561,2.0402581885059736,0.9120400303557454,1.9576463665502442,1000,1.3100873315712072,73.4700579529375,3.2720280191490816,0.45772436671790206,0.49372561974178464,2.274163276225832,0.4129475728041191,2.207227090338295,1000
901,1.8018297641381111,101.28248014390614,1.7349085132054525,0.35510292469569527,1.2116049517683105,2.544527965716661,1.1058280317345486,2.4978314965416737,1000,1.666948906920946,65.91486886459757,2.8212372661286196,0.4833258240714604,0.7491367910284873,2.6287461378581973,0.7196302917408837,2.6142675221010085,1000
902,1.6466896070064838,58.18304064010233,4.724910900771076,0.2535297120958594,1.1996383003816617,2.1500372122324696,1.1497713712985993,2.1436078427143683,1000,1.2292898538737003,51.31013332516204,3.66000577824,0.38033060231798194,0.5730911006880238,2.0679471473135767,0.4838418733304557,1.9747378344169448,1000
903,1.4224860026694084,99.13012511336413,1.819964899405877,0.21354524284260007,1.0697255697054828,1.8801678139215667,1.0039373266979124,1.8410346786409044,1000,1.3694200486509194,76.00392509766336,2.3674890433699516,0.2929786701534394,0.9141438380140042,2.1045290369887026,0.7951818551501781,1.9436582421516606,1000
904,1.138505808944803,67.58910307184703,3.0637691475242024,0.23607828661466113,0.6878362708433109,1.6173725661761942,0.6757923671800672,1.6012192507095389,1000,0.5796828737364397,20.268174138858402,9.361385872989478,0.4232691097255737,-0.2054284412185679,1.3978997836708744,-0.24992458132568474,1.409290328798564,1000
905,1.4356387539656215,102.39151441377598,1.4091053598018566,0.29840143966300925,0.923733853834665,2.065766953407677,0.8507719322261234,2.0205055757051196,1000,1.334153995336354,83.38026024554091,2.0962903471998793,0.4559516393138231,0.30338208842645037,2.0843773629903164,0.44048878228126065,2.2278192083914474,1000
906,1.7620405077738734,96.80927272510567,2.2142669444020964,0.31877589780911186,1.1892055369101118,2.426445415405023,1.1372397480680143,2.3868412674797326,1000,1.8643370095063525,77.64645328781717,1.729890225865053,0.46844613840635024,1.0043922577459556,2.8949840057747567,0.946182578229906,2.782491440782799,1000
907,1.5198329116924183,101.25239245546466,1.120523139305615,0.26114688294486466,1.016717823300293,2.0194546951723087,1.0079850211204837,2.031680802264353,1000,1.5392794915015668,72.72996843287274,2.3449853014225814,0.35975596385540165,0.7873649492956939,2.205587898496768,0.8341578023449796,2.244401180658154,1000
908,1.6272607377352388,66.82695248715667,2.1727174322240272,0.2753285896273909,1.1381379131286067,2.2217842385285507,1.0876167020655527,2.1669047734049247,1000,1.3016808938012505,44.426395523452236,4.021716323536399,0.3216495626672948,0.7009117142436613,1.974847662910028,0.6712477509733528,1.9321140366291483,1000
909,1.6608980476012647,92.00405117337999,2.167870181422567,0.2925159586169,1.1446536005617867,2.2638022049132758,1.0875667687121409,2.2342293264903885,1000,1.2453613945900002,43.42814878578206,5.273108699459175,0.46893391366015075,0.3263149214476705,2.1708015215636833,0.32625092381610477,2.1644718653638955,1000
910,1.7835679567257605,104.80343529138138,1.219877764075201,0.21069673127217292,1.397670918501188,2.2066272949575465,1.3706023634323015,2.1965335500192196,1000,2.2797722103288,16.265764245676383,9.321921647059893,1.694384400084493,-0.5823869191519057,6.370638002274137,-1.0412212138368062,5.600765634494406,1000
911,1.4771241796938193,98.06239975825237,1.3150745475641237,0.23889256501841283,1.0163508252734619,1.957622944003852,1.00889475225773,1.9453536071299085,1000,1.110466435041337,54.10530960346094,2.954711607441097,0.4455919976535829,0.060448432958406975,1.859584080032986,0.23710611964031436,1.9838267504423595,1000
912,1.0669601349722089,131.5682515705435,1.3365811019941138,0.2114055586274659,0.6978785262688474,1.4983551165479096,0.6526052400623756,1.4813150298820421,1000,0.9593468891068611,86.63900549301329,2.0065290629261265,0.28364665267626676,0.4215308028605409,1.5953592494601132,0.4033994498613782,1.515294328352344,1000
913,0.9984018054230626,137.8221070124795,1.5087868648020575,0.1879027455755627,0.6315995513175882,1.3612119309770636,0.6301124240949597,1.3666911867511655,1000,0.8443710762134948,63.29800684304184,3.727256583482925,0.4643411317684692,-0.190889570279043,1.6885414929021172,-0.06573754205270477,1.7544796944796945,1000
914,1.4526178304897959,104.85076708244866,1.7978515876390795,0.23185291310768572,1.0165717592140633,1.9356641562061636,0.9981861207987319,1.9070495401808598,1000,1.594588600120952,89.38707456853315,2.157309575971651,0.3461420650592966,1.0783027515359012,2.3964895205544505,0.9161501526047305,2.2730270476371732,1000
915,1.5957671060184362,131.09523941132034,1.1997799515373617,0.2886611448249973,1.0627578757497298,2.1800510689005765,1.0299912621614415,2.1615429498754306,1000,1.7864026006515568,42.246047015301734,4.388388524635607,0.6818396117431748,0.5529131814993006,3.2111134008623186,0.4499969616349342,3.1228082396681796,1000
916,1.343724350728135,125.23496062889366,1.2536151422409498,0.251615214519664,0.8937055025271157,1.8887060235361637,0.8505585302695935,1.8368901711866763,1000,0.805381335763224,43.712589844679655,4.662189399395968,0.5295838292780942,-0.23593340891294384,1.8270963974691292,-0.23260296962184057,1.8433656411482886,1000
917,1.654288763086391,78.91767847999576,3.476983120623019,0.3747263583076938,0.996426987325669,2.5048942509639835,0.9198251008033111,2.3887524253694705,1000,1.684782549121906,65.72002824129076,2.5743153376942702,0.5038781568113654,0.6374340598209179,2.5862006632405867,0.6971813617716298,2.672383736472182,1000
918,1.099372211610655,166.99619053197634,0.7849575819701886,0.21128666173556773,0.7064481537407595,1.5379498267781055,0.6852503546089423,1.5134940686123677,1000,1.0793241230008208,92.72971396333453,2.613367111673176,0.28512188411214023,0.6279255375851804,1.716963346482634,0.520485230141026,1.6381630158606155,1000
919,1.5852210979614723,119.0802637884985,1.2408794520921909,0.24055055100828582,1.0889439177495401,2.0431125001340735,1.1137420179852322,2.0567001779377123,1000,1.2480809079207549,63.74990969868711,3.6814904330150924,0.38714695909207986,0.4281684679164999,1.9527230554614496,0.48927286810027837,2.0068889477412313,1000
920,1.2848828532398326,145.47433172235338,1.081526977182555,0.24984646729772064,0.8248201500331092,1.807308298616909,0.7951837773363002,1.774581929143365,1000,0.7147722204955342,30.11318876944396,6.9496910626049635,0.5499909676363032,-0.568878492288934,1.6978632306113144,-0.3632100760716199,1.7927545170626884,1000
921,1.447741524017443,98.80590649848953,1.6313426882193662,0.2448855493673455,0.9709999057897547,1.9308719199180118,0.9677658472574457,1.9277172007774401,1000,1.1370218530447564,33.768914402809756,6.270590917118796,0.37845375806281456,0.45152154741074674,1.9083909125653054,0.39525248724163997,1.8787912188478728,1000
922,1.5989445292368885,122.86662519981,1.431011487938089,0.28403160222477525,1.0401456780546228,2.15244454509686,1.042242588876329,2.155646469597448,1000,1.4582238369048905,66.9545016312082,3.379312453784003,0.38453545640042053,0.7285255287078785,2.193564643483409,0.7045343423600663,2.211913331449715,1000
923,1.2030819827740078,118.35406194081169,2.0430482852214475,0.21818777771191472,0.794167473042738,1.657614787612724,0.7754339384586549,1.6307300270893608,1000,1.0739348656303656,64.56556077325006,2.828438219332178,0.4247847432988148,0.1936185639979661,1.8787818283184048,0.24135676876468848,1.9065129624960426,1000
924,1.060246075742052,164.26901360765234,0.6869910829258503,0.218907495724396,0.6296380973136484,1.4816736288449095,0.6311873841222359,1.489304767361868,1000,0.8253218788126748,86.61587686850939,2.507620531003925,0.3536022040845512,0.08306858540048921,1.5065906950234649,0.13226155880695456,1.518382198818395,1000
925,1.593590202337516,99.31301479269355,2.7237802151998403,0.2358053431778491,1.1911851802557507,2.105711919116378,1.1314117297089317,2.0557686749661004,1000,1.4372507734782158,73.87560049156355,2.162813104143043,0.34769363299745015,0.7187035955448535,2.121233159520233,0.7557712528032136,2.118730294153218,1000
926,1.2332798467391513,106.93618956908381,1.3215844867812845,0.23485480467153483,0.8146006778058904,1.7238745950790892,0.772964429582943,1.6935952638953595,1000,1.1723503294127617,54.75838221997823,3.3769131297597337,0.334531246260802,0.6491717010225734,1.940504093334034,0.5166690867415898,1.8280315720839337,1000
927,1.7405707106346546,93.30125794395616,1.760514181547879,0.3143615176483732,1.1654255693497275,2.4139656609306015,1.1244221360438431,2.3567192852254664,1000,1.1933026728796077,25.398040170526315,7.528790940997015,0.47657338838407654,0.30400694083750573,2.096439228742924,0.2592188316468177,2.1273865141123975,1000
928,1.2005405492344836,110.01737107452337,1.177616838696776,0.21400550536278243,0.77730563872885,1.5924627067774422,0.78108975872343,1.6199913397455372,1000,0.7713512206954594,48.95707814957565,3.897885852871012,0.3405177736998595,0.0760767451403985,1.4028702632707004,0.10393638424373475,1.438766057147184,1000
929,1.0957402503761209,118.32555347782758,1.2440140456812576,0.1924007528417119,0.7586663567409019,1.5200403623250651,0.7186347748063655,1.4728457259458763,1000,0.9690001055724138,81.21585557343295,2.79520097500441,0.3350510347543446,0.3591503992710995,1.7210531803691347,0.3123000774538983,1.6257001336909291,1000
930,1.9476414227208443,81.87597734767873,2.407300204832758,0.305158073436879,1.3740736964181224,2.555065999312127,1.3495315987845613,2.5457512466571273,1000,1.6906163612074985,48.29564861722942,3.071048774474563,0.4400335217357503,0.822796171531145,2.610488914701842,0.8281506586054279,2.553082063809569,1000
931,1.4404089605424086,87.84537126561612,2.6026339162490233,0.2663949278777308,0.9808996099071877,2.00161937627954,0.9182749019020563,1.9625430191827609,1000,1.1985763081500993,71.49739583413954,3.023736431077835,0.31609312669610606,0.5442834145683394,1.771598405939924,0.5790337798257315,1.8181188364744671,1000
932,1.158190701588162,158.15298333404974,1.1584598063760898,0.19467949680876032,0.8042788978423815,1.5496702541038399,0.7766188878429918,1.5397625153333323,1000,1.1392480769607294,103.09247111767462,1.4158415292903135,0.24561794409370466,0.7021596525124617,1.674763313401966,0.6578369065370683,1.6206592473843906,1000
933,1.8816418069663188,116.04535491384371,1.0742455435514424,0.2876387346256643,1.3477317139173914,2.472150278567966,1.3178698871000167,2.445413726832621,1000,1.757105459065365,63.164258419075885,3.0487313831174996,0.38905452987722555,1.0418311469985593,2.5783103558605496,0.9945585805060029,2.519652337624727,1000
934,1.8015716420172376,109.06099165295657,1.351086038107686,0.2501034703334988,1.358038395745806,2.3145902914648464,1.31136884016358,2.2917744438708954,1000,1.849318437311078,65.0185177563158,3.299430904968364,0.30648545208158595,1.3283437839331738,2.544134332006639,1.2486069512311695,2.4500299233909866,1000
935,1.242428892104142,130.53035670170246,1.5965608002752882,0.22410204205953926,0.8226389092324567,1.6863898823814827,0.8031888896674451,1.681668894540839,1000,1.6566829876017943,93.43343039190395,2.302189227817107,0.4138231523063591,0.9070876196844059,2.562915282621358,0.8455896090813305,2.467776366122258,1000
936,1.67227535292111,83.08713608043045,1.8403992581364823,0.2746681170633806,1.1585111283008733,2.201861022371322,1.133925843476884,2.210624862365336,1000,1.1141786697599847,21.010627931701066,10.432054738962423,0.5539241068481253,0.016335469071820916,2.1215206729034453,0.028487420337659053,2.1998699191823103,1000
937,1.542865675551696,104.08858633350944,1.293835864567143,0.26662529162624554,1.0525636374946508,2.0949351655359103,1.0202801039642548,2.065451247139137,1000,1.7750314012131152,48.48428080700861,4.5375865396567745,0.6969803474640152,0.7630980450360398,3.222914945988369,0.4089499201836455,3.141112882242585,1000
938,1.1686864586725219,95.1707563197625,1.4771507350859951,0.2540343189856763,0.6963306577256098,1.6818998191156067,0.6707791934605963,1.6665937238844473,1000,0.9717469486424561,62.21120808221646,2.2994592726304846,0.30344877161470396,0.4149719179022292,1.6166732083228001,0.37698735627763635,1.5665065410072758,1000
939,1.865402738249435,115.63068959346867,1.1805845197111509,0.2860334237064235,1.3445173272656126,2.456678151643817,1.3047772277848448,2.426028248714025,1000,1.9302120522839297,61.849725748786284,3.0168195518137573,0.3609661222910648,1.262224602692378,2.700131610725752,1.2227184525934427,2.6377056519744166,1000
940,1.2828351627491346,154.8290283975826,0.8352164563121197,0.24983332878665787,0.8364735405471041,1.8028051936943104,0.7931618383272852,1.772508487170984,1000,1.4276611898896816,84.77934549278727,1.8092179094902336,0.47923345095730385,0.726949680403861,2.412600191344678,0.488363626013366,2.366958753765997,1000
941,0.9407553356494363,156.63136394569676,0.8821299742974953,0.20619846536356512,0.5443226358838168,1.3556281966055883,0.5366063435368487,1.3449043277620238,1000,0.6268462031297248,65.2643023315876,3.853919516620614,0.47432636841598524,-0.33843389460544676,1.4364602414418128,-0.3028334789656062,1.5565258852250559,1000
942,1.6305399316594729,107.3938874778829,1.6575280413319813,0.23054292753757324,1.209174733301873,2.1035108947662016,1.1786757936858292,2.0824040696331165,1000,1.5735510543201463,40.862145141682355,5.279147622299754,0.39529125505301765,0.9224834738593998,2.4066457701582986,0.7987801944162317,2.348321914224061,1000
943,1.1353845137281102,102.7634661851246,2.1621118115720557,0.22215884690350104,0.719153077118046,1.5898621986662984,0.6999531737972482,1.5708158536589722,1000,0.9043699390130646,91.47213308123598,1.674480638679785,0.2257271909846047,0.42079702121749574,1.3318092729177762,0.4619446446832394,1.3467952333428899,1000
944,1.2504556414778103,131.52109970824964,1.3804579225172784,0.2398753622295387,0.8370541968787795,1.8020868797671061,0.7802999315079144,1.7206113514477062,1000,1.5122559888848008,54.191943004214586,4.6319200184618134,0.46495324116287196,0.7042232346521736,2.514070299406182,0.6009476362055718,2.42356434156403,1000
945,1.244777801576827,144.40829116152207,1.0365565626802429,0.2788251528676119,0.7516058237189188,1.816237924899091,0.6982805019563076,1.7912751011973462,1000,1.7195380076667381,74.9705160030133,2.654649495891525,0.5612191876433437,0.7763743067424984,2.9560858612327303,0.6195483998857845,2.819527615447692,1000
946,1.1611598818559288,90.32538061764757,1.889270439454663,0.2786501864920492,0.681525741492228,1.7546871676311662,0.6150055163315123,1.7073142473803453,1000,0.5677242085563297,36.3768363984852,6.719796961773525,0.589190276294355,-0.5860471930000031,1.7401305068654378,-0.5870887329806063,1.7225371500932656,1000
947,1.5357864138303934,124.41875509715805,0.9438780587761414,0.2532491181924108,1.0542596264845585,2.0414163225178052,1.0394181421732682,2.0321546854875185,1000,1.4142511208027977,61.37386533224821,2.611126440605317,0.36988634380156277,0.6377451848880518,2.1257073566778124,0.6892738869517346,2.1392283546538606,1000
948,1.755175373087601,50.86771437137335,5.879914702296008,0.24541178927927698,1.3172717315883062,2.2581646251227188,1.274168266100218,2.2361824800749837,1000,1.3850177206109842,42.26634730339401,4.193211762518901,0.4474118086469138,0.435984729708933,2.353925971818744,0.5080905756630331,2.2619448655589354,1000
949,1.5629675277494537,108.39555717883538,1.5700175488288022,0.25846041278064025,1.0910794315263765,2.1430282612845186,1.0563851186993989,2.0695499367995085,1000,0.43123320011343713,12.691635105222018,14.106612093349312,1.07026758988914,-1.5207896566062908,2.4950278948643585,-1.6664912760692774,2.5289576762961516,1000
950,1.8380375129223363,116.618817841241,1.4068766784334514,0.25687688567119094,1.3537271867442877,2.412207371884534,1.3345588170068021,2.3415162088378705,1000,1.5452534550457373,46.87923281357644,5.440330421699484,0.40489643940955256,0.8066658739393283,2.330544241893031,0.7516564338030143,2.33885047628846,1000
951,1.3395722294676935,108.82616534007889,1.7289509431257175,0.2926826851823938,0.8155245482497093,1.9265468153898746,0.7659141665102016,1.9132302924251854,1000,1.1162166121643595,87.9529405257543,1.81992224043911,0.3749578574758219,0.3607986044273992,1.8252790319793908,0.3812992115117486,1.8511340128169704,1000
952,1.3611522445197244,103.613393710276,1.5241074034070516,0.23363793823682819,0.957618387842458,1.8842539715842466,0.9032218855755412,1.8190826034639076,1000,0.5837680194206536,17.3891262900188,12.164069791672135,0.5317792628588272,-0.5559497883959105,1.5145939663328145,-0.4585193357826476,1.6260553746239548,1000
953,1.3713397262560105,128.9797527566554,1.047673907572792,0.23023465946601332,0.9723862492823124,1.8611556883618836,0.9200797937026244,1.8225996588093967,1000,1.0676110754836696,71.66173023433016,3.0882711328051475,0.3910423835151389,0.27667955214913875,1.8225670315313396,0.30116800379399733,1.834054147173342,1000
954,1.5073488101763268,106.81607500290544,2.25251399274939,0.30608407657772374,0.9266863563063759,2.0932770001888037,0.9074240200839883,2.107273600268665,1000,1.4503411289823087,85.38748956901102,1.606168236310493,0.38506610915206696,0.6563958360585117,2.200665981666519,0.6956115550442575,2.20507070292036,1000
955,1.052601570551545,120.41888305810632,1.8834478466857998,0.2369461518518997,0.6077021297770012,1.5454001271359845,0.5881871129218216,1.5170160281812684,1000,0.918950337022489,85.98728741863606,2.7837301268649806,0.2951028629342264,0.3694177742462557,1.5288737222194697,0.34054872567140526,1.4973519483735727,1000
956,1.4263767486090035,150.01773435962363,0.7920991516021608,0.23812709136042026,0.9724125410306593,1.9192254592049625,0.9596476495425799,1.8931058476754272,1000,1.5211818601001617,123.31544857742631,1.6919453452891275,0.2931956365013613,0.9849976448611517,2.1532629956798846,0.9465184125574935,2.09584530764283,1000
957,0.8689216249841785,77.59940927352224,2.8650632113468952,0.2531443407486659,0.3965329144493972,1.3802365506614598,0.37275871711679337,1.3650845328515635,1000,0.7861047766895695,90.91310826519523,1.6789445167228019,0.23863266933317465,0.34682342259470667,1.2457649555762802,0.31838474479654716,1.2538248085825918,1000
958,1.2491321658165808,98.20253955053734,2.6393620451271604,0.251506996205229,0.7789198803234115,1.7943030908155801,0.7561784532543321,1.7420858783788296,1000,1.3338318024339382,74.47827109062989,2.0907973615310227,0.32136100793063455,0.7308143865171959,1.9543778394763323,0.7039642268898945,1.9636993779779819,1000
959,1.151793671262157,128.49341170083085,1.2285877608780387,0.23106737940159688,0.7305496921662762,1.6047689385465465,0.6989016076350272,1.604685734889287,1000,1.11648308606844,76.15140167644785,2.9369768522485122,0.31230394419038116,0.48770907143286574,1.7703591360988487,0.504367355455293,1.728598816681587,1000
960,1.8651783489335827,78.641586995054,2.6529984437517222,0.31839600768260845,1.2595610422103796,2.508796065766669,1.2411221738756701,2.4892345239914953,1000,1.0240754599036,17.644033832670903,11.422831793316202,0.6294276141628089,-0.2447152913024353,2.321056372531907,-0.20960266385550552,2.2577535836627054,1000
961,1.8818662843748117,108.96064491160396,1.955452997346952,0.2943329825326583,1.366355283100316,2.521734319861312,1.3049736386108015,2.458758930138822,1000,1.7827684672140327,73.9052772424066,2.2265102941583863,0.38085013971276954,1.1262077765595817,2.59636232144607,1.0363021933770045,2.529234741051061,1000
962,1.5888942853242005,68.4681322428428,4.029128027300727,0.2917154667172196,1.01551313013444,2.1833458128971746,1.01713197055845,2.160656600089951,1000,1.4414591214902068,71.6953867640412,2.1823140679663795,0.4244690708146977,0.6449571843782889,2.3099087830861462,0.6094997426933993,2.2734185002870144,1000
963,1.7207578889015553,63.624714241486586,2.3537155171297903,0.31431770947638593,1.1360045648847368,2.3712016985555566,1.104695178327839,2.3368205994752715,1000,1.9322801355736,50.39020046634232,2.3954590846081207,0.36409522383594994,1.2373622462551592,2.6722458728435936,1.2186534968551381,2.6459067742920617,1000
964,1.0291978208691699,113.35830269294102,1.234627134387064,0.21494841664992323,0.6042520452339507,1.4466608144831905,0.6078989242353203,1.4504967175030195,1000,0.649205314108686,66.06783353948406,2.779148572010385,0.313446010304956,-0.020615294517209334,1.2034004829958893,0.034851133910972276,1.2635594943063997,1000
965,1.3651598511078784,131.54602781021137,0.8733485472606867,0.1976989853971848,1.0214861188408995,1.784791884293706,0.9776698397293961,1.7526498624863607,1000,1.3722247125219333,87.14572383193187,1.8327675258090435,0.2779299269507053,0.8407243583329279,1.9085910047280121,0.827482055698551,1.9169673693453158,1000
966,1.7247997285293297,132.69228575621216,1.0858363299467981,0.2897943114196186,1.1928373144083235,2.3312612553496583,1.1568028781468773,2.292796578911782,1000,1.5653240179181345,60.94157142667385,3.6221213943460127,0.4839189581971542,0.5667744714372093,2.4933205771581863,0.6168428598517123,2.5138051759845568,1000
967,1.0558566756263066,148.48678590508274,1.234713219998375,0.1945272302482202,0.6834433085931775,1.4687683102728306,0.6745833043397951,1.437130046912818,1000,0.9781891603450716,61.26596273828763,3.139074486737758,0.31460798422969694,0.3004026406830064,1.581397861884436,0.3615575112548657,1.5948208094352776,1000
968,1.5501541340464586,115.67959130146781,1.5744447560607384,0.2147380682695621,1.1496133128834236,2.0029124019851716,1.129267520238117,1.9710407478548002,1000,1.2851822127736918,61.571483595807386,4.643629838767928,0.3072977869758572,0.6905615096957596,1.9447150061108514,0.6828785503010117,1.887485875246372,1000
969,1.520101259130921,102.04436053856648,2.48828146942962,0.2647985958240311,1.06386762782037,2.105700514017902,1.0010960113158203,2.039106506946022,1000,1.4645437314458247,52.35715554490501,4.431097973557677,0.4437076574199204,0.5519078600314273,2.4026395953423365,0.5948767229027807,2.334210739988869,1000
970,1.950478297170024,71.99783629063005,1.8057941335469556,0.33487724467473357,1.2869649482617846,2.632634236772093,1.2941188976075462,2.606837696732502,1000,1.3523500313055168,33.059633285462766,4.829154574378611,0.6910671373536703,-0.23473373851205098,2.721774997444205,-0.0021415579076768942,2.7068416205187105,1000
971,1.5690098126152892,76.86407402044989,2.8280265006585954,0.26365790349636864,1.1129972477052192,2.1527486259271957,1.0522403217624068,2.0857793034681715,1000,1.6369686633709608,73.30230034089828,2.5520364246369147,0.3219604326834405,1.0747571547958943,2.291670680396072,1.0059262153114175,2.2680111114305044,1000
972,1.555322605918952,103.07374178255985,1.479752275468141,0.22138240816090016,1.1649289840539863,2.0596646513292938,1.1214130859235878,1.9892321259143162,1000,1.513722130782433,69.56546479779125,3.3433726158225574,0.3634739645450551,0.8805710227826885,2.248858916705138,0.8013131602741249,2.2261311012907408,1000
973,1.7165761123378,101.53193810381094,2.0194651681886953,0.27143229454002954,1.178299365304999,2.217550320413404,1.1845688150393423,2.248583409636258,1000,1.5942816555467925,53.24824170452523,4.10302359926276,0.3136309928155722,0.9778079616344367,2.2109666211628434,0.9795649096282709,2.208998401465314,1000
974,1.2060866035647848,169.7969116692872,0.685363578781002,0.21786698225087528,0.7709785228071566,1.6192553194632955,0.7790673183530692,1.6331058887765004,1000,0.6638964283426652,93.70238403105036,1.9195545581557647,0.40299756003958126,-0.10051987617451646,1.4361744228155116,-0.12597878933491413,1.4537716460202446,1000
975,1.6460109836190846,126.67467358997125,1.1287254805495675,0.2616665359833903,1.1637913444672088,2.169693812779177,1.1331445730916396,2.1588773941465296,1000,1.5461619188326692,88.16460300224166,2.85773028361593,0.4118270053325749,0.6774218383494595,2.3536527912530074,0.7389809883808224,2.353342849284516,1000
976,0.8436653736680457,105.34272789559942,1.7664968238404157,0.1834283904413809,0.5008992945870411,1.2269719086386208,0.4841457284029392,1.2031850189331523,1000,0.7348332898207515,80.76419640193953,2.384431894364229,0.22686108010124464,0.33298521759990235,1.211736616370514,0.290185572822312,1.179481006819191,1000
977,1.2225818649464477,146.36275702460148,0.9231516394379679,0.1664845481686964,0.9059402483375869,1.5610384036302654,0.8962721505358028,1.5488915793570928,1000,1.1592972885495836,94.10660796355391,2.232463783223239,0.2503120137771071,0.6948084655875046,1.6915120581567777,0.6686857415464537,1.6499088355527136,1000
978,1.812733382878652,70.92549309265807,3.0413750776815935,0.31221870242756267,1.265496324533576,2.4832226647379723,1.2007847261206293,2.424682039636675,1000,1.9746107939648356,44.56670308476607,3.6978080247899725,0.39093961111614245,1.2516889105494882,2.767130080927648,1.2083691561771963,2.740852431752475,1000
979,1.4613656022743386,109.4477439280686,1.50270133793468,0.26409564943168967,0.9596774506297474,2.0137354358603927,0.9437381293882269,1.9789930751604503,1000,0.9264286692170116,40.42813790135569,5.373173512346046,0.6430083716702194,-0.30880364940443245,2.268686672194758,-0.3338677392566185,2.1867250776906415,1000
980,1.147833866802241,55.144012177025324,5.008943958098011,0.35245831409220124,0.5061436675381135,1.9051698964151704,0.4570155711815266,1.8386521624229553,1000,1.1483545627191023,55.966873796287736,3.6247174046011397,0.3629275816154284,0.423767951513341,1.810156860879861,0.43701650275286275,1.8596926226853419,1000
981,1.0649501483385402,136.41341230803926,1.0903690826281758,0.20307831043928756,0.6679241655285125,1.4525829904989924,0.6669166598775366,1.4629836367995437,1000,0.39236429651997584,32.06220540621835,8.067990875270747,0.5291877558518708,-0.9238940621163318,1.2718825334297845,-0.6448437049496909,1.4295722979896426,1000
982,1.513098820510706,125.23003594668586,1.1373206845643398,0.23237111731453391,1.083404686830474,2.0271579770821235,1.0576514305742197,1.9685462104471925,1000,1.3261094126811015,68.6275142613283,3.284708051706379,0.6454670434229953,-0.2684803769907814,2.3224544543840007,0.06099400757203077,2.591224817790172,1000
983,2.0366155772766343,82.33156297135125,1.878939716226615,0.3257467331111498,1.4427592550251394,2.7483783105617205,1.3981519803787807,2.675079174174488,1000,1.6515377746794968,48.77936144747039,3.20396226229039,0.45196767477035416,0.7307061334680162,2.5592694687440796,0.7656811321296026,2.537394417229391,1000
984,1.278133848723308,100.65706190085847,1.562750914289536,0.26589151145109696,0.8073671134073976,1.8838952470911654,0.756986486279158,1.799281211167458,1000,1.0706912947480358,39.71052346063372,5.543127064572783,0.7215705183167452,-0.14099959395173714,2.5820910990685877,-0.3435869211527849,2.4849695106488565,1000
985,1.1106416656275084,107.5998660634805,2.332192991855178,0.32360590718000437,0.42535986983945157,1.6918255182340316,0.4763740875546999,1.744909243700317,1000,1.1601171527442045,94.65358388376018,2.457451993128668,0.5225204916363462,0.040261897519794365,1.8413577225382927,0.135976989136966,2.184257316351443,1000
986,1.617825561538699,92.37328980378621,2.084499385992505,0.2274034942263821,1.2020409337251543,2.0598551506895593,1.17211471285499,2.063536410222408,1000,1.3490728653311854,74.26887801290967,1.7713706195268666,0.24135619355463095,0.8992660274746337,1.8487984704406324,0.8760147259641088,1.822131004698262,1000
987,1.4803956088460763,86.11073415582497,2.9803225407927654,0.32815681615886294,0.9067226856721078,2.1943246328570734,0.837208249174705,2.1235829685174474,1000,1.9711695373655016,52.928950063822576,3.345598866477976,0.5368588978948402,1.106894461298961,3.1069792909253455,0.9189260974916149,3.0234129772393885,1000
988,1.0728277184052568,110.7357013932729,1.7008962054125238,0.22499957322874145,0.6461362004013336,1.5040576880998455,0.6318285548769236,1.51382688193359,1000,0.6916834677476937,62.60574751253985,2.7759584257647343,0.49814432870654674,-0.4095350240968963,1.543805438840118,-0.2846794165171378,1.6680463520125253,1000
989,1.7856041646385274,70.15789631709659,1.7566818103988968,0.2924244619548897,1.2263236697467559,2.352420806656021,1.2124522192069436,2.3587561100701113,1000,1.300775150487056,25.94734257334229,6.318863614539317,0.48594528909113444,0.27318977940690037,2.1934427581726426,0.3483223838684325,2.2532279171056793,1000
990,1.1059440631739612,123.31205879714176,1.1323665870812678,0.22736469487769465,0.6777525732723813,1.5772956171362984,0.6603092612136797,1.5515788651342426,1000,1.0792551980032798,107.4707723819242,1.7607127529979265,0.25817445535753797,0.6131171516382791,1.6032164615175102,0.5732332655025054,1.5852771305040543,1000
991,1.1245838687297909,128.80315939204456,0.9988623365936536,0.18113754475591295,0.775086870240665,1.4782110129280714,0.7695542810082014,1.4796134564513803,1000,1.0348234147460602,115.57983872480415,1.0387505229899696,0.18867730659344317,0.676936054820343,1.407048238674321,0.6650158938229116,1.4046309356692088,1000
992,1.4448479326298946,114.65233694835193,1.1492383096433778,0.24999815341273438,0.9703342605640493,1.9466557635699844,0.9548515519409353,1.934844313318854,1000,0.711345977297404,33.56819325755172,5.378070170223501,0.44537574271174607,-0.261402919024584,1.524238352417734,-0.1615904784176183,1.5842824330124263,1000
993,1.3739318674999292,154.48195028573335,0.7177153586042206,0.2304384232988352,0.924848222239392,1.8417310440453754,0.9222725578342122,1.8255911771656463,1000,1.3097614590591382,97.38953593811462,2.1870608062567882,0.2740042842477682,0.7933370175856291,1.8330500893477557,0.7727130619335126,1.846809856184764,1000
994,1.2054265295930886,88.82071580480384,1.7893447283097115,0.2579597143768594,0.733740966663161,1.7772165909205289,0.6998254894144442,1.711027569771733,1000,0.846656817231108,42.69121642876665,5.204392345302012,0.4431224354344868,0.02506135290212194,1.7818293220437942,-0.02186315622048618,1.715176790682702,1000
995,1.473752659998988,105.27849832536091,1.2794225069178364,0.22232784257885085,1.0633614046514976,1.9391361043384066,1.0379900885444404,1.9095152314535357,1000,1.3966400215876669,44.057577410471005,4.651259153463273,0.32527043182644616,0.8010591303218724,2.0903582202202644,0.7591099752078324,2.0341700679675014,1000
996,1.6779071433096486,107.44529757893585,1.3087284743119063,0.3158040603497357,1.0914645747712923,2.290839431440183,1.0589311850241667,2.2968831015951308,1000,1.6364301760070157,86.609394700942,1.580469757842144,0.3751132319456662,0.9647125023799284,2.4120326761849573,0.90120824139351,2.3716521106205213,1000
997,1.6664677264305277,105.39684041608167,1.9954046961743372,0.23714011076821537,1.223392094401059,2.139840882342925,1.2016731093248256,2.1312623435362297,1000,1.7189669041636133,68.6727676680807,2.035530170422524,0.36323787370800203,1.022532875837322,2.4259358748563975,1.0070206716959293,2.4309131366312973,1000
998,1.2754295698876228,122.4730894381337,1.1804582415861111,0.2321917722346427,0.8472036411934661,1.7264175939416624,0.820333696307723,1.7305254434675226,1000,1.258068843528347,48.57016499559947,3.7858426541766192,0.5381208558671313,0.1442219594813671,2.330726147023339,0.20335196602876948,2.3127857210279243,1000
999,1.696869461160941,79.38466929571325,2.527484282535437,0.35570099424529666,1.0613266926017728,2.4304135010472305,0.9996955124401595,2.3940434098817223,1000,0.8573625387296424,26.608889194295422,8.250569582335247,0.7512156406645134,-0.4909990741898933,2.49153611593751,-0.6150201169728038,2.3297451944320886,1000
