trial,linear_estimate,linear_ess,linear_max_weight,linear_boot_se,linear_ci_lower,linear_ci_upper,linear_normal_lower,linear_normal_upper,linear_boot_n,quad_estimate,quad_ess,quad_max_weight,quad_boot_se,quad_ci_lower,quad_ci_upper,quad_normal_lower,quad_normal_upper,quad_boot_n
0,0.41234164067647194,317.46761479002333,0.6542685380811527,0.2674329134925025,-0.11982934325187251,0.9421372019575321,-0.11182686976883294,0.9365101511217768,1000,1.1360041171523783,213.16884430218434,0.6463999407045403,0.18309065407968592,0.7893683658529912,1.498937207954684,0.7771464351561939,1.4948617991485627,1000
1,-0.12399389915066461,298.0350279422667,1.176164118174408,0.264153639008004,-0.6455155905425279,0.38964279825839176,-0.6417350316063524,0.39374723330502315,1000,1.0466778622339241,188.0503175540852,0.4595974212165587,0.1566758399235995,0.7666076737019034,1.3786066034225628,0.7395932159836691,1.3537625084841791,1000
2,0.5118806656003025,385.99914363023504,0.4314625880428415,0.271438467143608,-0.04023394276526354,1.0406316976585908,-0.02013873000116906,1.0439000612017741,1000,1.0921566665724756,261.96229638042604,0.30746722650406627,0.19271042340569813,0.7125043446942474,1.452912460202553,0.7144442366973072,1.469869096447644,1000
3,-0.05970121247955262,458.25344929152277,0.2024990114858574,0.21201843096517387,-0.5121685095542026,0.31975202753181775,-0.47525733717129337,0.3558549122121881,1000,1.094631627020342,296.3662488272647,0.26159501447433536,0.1334535194702046,0.84185742734909,1.3573241673626055,0.833062728858741,1.3562005251819431,1000
4,0.523383273735821,303.0513223156308,0.9250470034514529,0.2211096779622966,0.0765966068562019,0.9326742694352577,0.09000830492971973,0.9567582425419223,1000,1.1047269153155956,230.96352815968572,0.48857181806282746,0.17547955407479682,0.7828880104736557,1.4588546522912182,0.7607869893289938,1.4486668413021975,1000
5,-0.058610394543037625,319.8246346173259,0.5826719911327906,0.3236928299372077,-0.7123003899600835,0.5809340104462353,-0.6930483412199647,0.5758275521338895,1000,1.0142665341621209,163.7191116891646,0.6731233006905436,0.21635092996987934,0.6060396007832325,1.4416232801825486,0.5902187114211574,1.4383143569030843,1000
6,0.05184209055881617,293.1379751567616,0.8431820589962571,0.25270507605613296,-0.4621362552750587,0.5146194463271255,-0.44345985851120445,0.5471440396288367,1000,0.7135737920812502,175.9434644671182,1.4792591944215117,0.2148130975980579,0.3554314547011477,1.1650669068932185,0.2925401207890567,1.1346074633734435,1000
7,-0.08221571800694072,284.67315878138874,0.8487394375358718,0.23397444668858225,-0.5392946539765556,0.3540324830375723,-0.5408056335165619,0.3763741975026805,1000,1.0722775502829514,201.78687825194734,0.7775852653985695,0.19343875303514846,0.7472359844067077,1.5113146388723353,0.6931375943340603,1.4514175062318424,1000
8,-0.1494092719644895,352.46807900773155,0.42262929001553273,0.3224622330583088,-0.769590244623713,0.4758489600040481,-0.7814352487587747,0.4826167048297957,1000,0.8348518334543886,216.61125309086907,0.80315182024656,0.1992612312455298,0.46105433156827214,1.2349518019203338,0.44429982021315023,1.225403846695627,1000
9,0.13643481138335067,345.05922259804044,0.6347611159938846,0.2636330399412348,-0.3905983534212715,0.6670293788402982,-0.38028594690146955,0.6531555696681709,1000,1.1625444838691323,216.37425297432918,0.6722751662405768,0.1661488961295486,0.8262613005923098,1.4713329201440184,0.8368926474552171,1.4881963202830475,1000
10,0.19058559973159817,299.6211537392424,0.7596755111760232,0.2429739835413617,-0.2868832337555465,0.6693728559023109,-0.2856434080094708,0.6668146074726671,1000,1.0567466855716,209.2223026448177,0.7030214123025561,0.18612975756470984,0.7321788584470447,1.4490463028466218,0.6919323607447686,1.421561010398431,1000
11,-0.09687641332664931,349.29235194709867,0.44480091965438046,0.26021250736914775,-0.5758080389821094,0.4367818404761453,-0.6068929277701789,0.41314010111688027,1000,1.0663015628337615,209.8984043783386,0.4102517663141251,0.169735733061228,0.7348952843715977,1.392088023603432,0.7336195260337547,1.3989835996337683,1000
12,0.3706535270082765,420.14464658729105,0.29473731799626063,0.25623331919500336,-0.14432812867623881,0.8517261335895929,-0.1315637786139301,0.872870832630483,1000,1.1429818634477362,261.3381923723188,0.3045898500800974,0.17263790431286966,0.7779844606659058,1.4460707690353654,0.8046115709945116,1.4813521559009608,1000
13,-0.3760244431147659,340.05580309847903,0.5806322634514435,0.2682924605187862,-0.9331650812127069,0.10953269428324887,-0.9018776657315868,0.14982877950205498,1000,0.6779790843864131,197.64548960040838,0.4684700175623166,0.13901562542973914,0.4052974004432411,0.9344297132165499,0.4055084585441244,0.9504497102287017,1000
14,-0.2982868228013347,410.8306967092564,0.3394503097382325,0.2755353082822615,-0.8204814458566326,0.22243375375150576,-0.8383360270345672,0.24176238143189788,1000,0.8080917107214436,246.7041287424059,0.34870342499607754,0.1791945896780689,0.48466999639725283,1.1935869436748228,0.4568703149524286,1.1593131064904587,1000
15,-0.09729912896059467,385.4411513857087,0.4361586210567691,0.23902998115333834,-0.6087393147868703,0.332571727657447,-0.5657978920211378,0.3711996340999485,1000,1.1051519032611279,247.27164668664264,0.34043242363232523,0.1548025409714706,0.8113549379687547,1.412847293351989,0.8017389229570455,1.4085648835652103,1000
16,0.14248014990693303,359.7100894837194,0.5182128791738595,0.23501420195324682,-0.34091311168971966,0.5955612097651202,-0.3181476859214307,0.6031079857352968,1000,1.2017209391642094,235.61307164394714,0.39448325296041875,0.16238776636904007,0.8870256766322225,1.5169341716723581,0.8834409170808909,1.5200009612475278,1000
17,0.0039204235329917125,267.87015821320574,1.0938812663375894,0.3804781957616279,-0.7173575523141431,0.8120051858457955,-0.741816840159799,0.7496576872257824,1000,0.8402847811685579,215.71849127632962,0.6564541023125021,0.20817571642759441,0.49698032955059185,1.307073966335138,0.4322603769704728,1.2483091853666428,1000
18,-0.11037689686921048,275.7010932726781,1.0654854413274792,0.383622135195312,-0.8297434222982355,0.6497703018873786,-0.862276281852022,0.641522488113601,1000,0.9175070740799054,159.10015957833969,1.2682576605647944,0.38144091003961406,0.1376487916142774,1.6030386437806279,0.1698828904022619,1.6651312577575488,1000
19,-0.37792910657757606,287.42432898315013,0.7339087790773022,0.2599734862184276,-0.9215543780574724,0.0617857729542607,-0.8874771395656941,0.13161892641054196,1000,0.8574947605953818,156.19140321035465,0.6768785267850506,0.18730109477583287,0.4540750339050044,1.2174092065563527,0.4903846148347493,1.2246049063560143,1000
20,0.11083677012576665,400.7864901060722,0.39684266434849513,0.21276599424440598,-0.3152005776369719,0.5193191070118517,-0.3061845785932691,0.5278581188448024,1000,1.1082379090706196,279.3957331955762,0.3063432017845961,0.1643870784701926,0.7788997003135216,1.4201222680104046,0.7860392352690422,1.430436582872197,1000
21,-0.24956479920975116,296.52734123850996,0.6411095417588303,0.2809099851073538,-0.8215588769090761,0.2639333432011818,-0.8001483700201646,0.30101877160066226,1000,0.8230259186300244,217.89930788375077,0.8650382189477072,0.15354358719017558,0.49905271345594915,1.1018269720502414,0.5220804877372802,1.1239713495227686,1000
22,0.2030910073655665,385.4259906485692,0.3519306446348891,0.2901556825650299,-0.3762424779467266,0.7578342576202888,-0.36561413046189206,0.7717961451930251,1000,1.2994719941554802,208.35127564084837,0.40736803333429983,0.17225214341870457,0.9660519888048703,1.6240026578251783,0.9618577930548193,1.637086195256141,1000
23,-0.41076388696886523,331.70930469866977,0.5890112926823939,0.2598966843729105,-0.928607867791465,0.049109928317233084,-0.9201613883397699,0.09863361440203944,1000,0.7750553242397986,218.02503343159532,0.42947467322687344,0.1760683181163061,0.43451246465639976,1.1009552443529584,0.42996142073183863,1.1201492277477585,1000
24,-0.03365987727844155,378.7852792086226,0.4991254816534736,0.26545143611582267,-0.5647072306827937,0.4606024081605672,-0.5539446920654539,0.48662493750857083,1000,0.9485479655264482,238.0362200733759,0.39173232301117955,0.16742831522984608,0.6071924880231281,1.2543162961880383,0.6203884676759499,1.2767074633769464,1000
25,-0.19867779410077535,344.59746940321463,0.516815076858708,0.32615427715143447,-0.8576154707621932,0.4627392442888712,-0.8379401773175869,0.44058458911603615,1000,0.9592526546260136,226.1792709005951,0.41699869488414354,0.1706281426921398,0.672699185884968,1.3341491521937476,0.6248214949494196,1.2936838143026077,1000
26,-0.2543445593293985,281.1321645840305,1.155974856380166,0.227546975684544,-0.7251111065248731,0.1763144822470787,-0.7003366316711047,0.19164751301230776,1000,0.8273157910514293,213.96325443462484,0.4103351482071423,0.14927735561717692,0.5376677493015382,1.1274405095866837,0.5347321740417625,1.119899408061096,1000
27,-0.33131252526598143,301.5911017141279,0.5005430490642118,0.3057693594868106,-0.9535940377678144,0.2699840682727564,-0.9306204698601303,0.2679954193281674,1000,1.1446926603235723,181.33694343950447,0.4841525244764084,0.15994992240026812,0.8395960818741995,1.4464075721601537,0.8311908124190468,1.4581945082280978,1000
28,-0.04145390791616421,358.8640538989041,0.3822647557496815,0.27006571382031863,-0.5979379283543669,0.4882852541862373,-0.5707827070039887,0.4878748911716603,1000,1.0662852289873408,226.81818301006444,0.39389592478952334,0.1476995425920492,0.7463144137483104,1.3400846933545514,0.7767941255069244,1.3557763324677572,1000
29,0.26292371690269967,298.39223907636506,0.9203601586213958,0.36670913356463963,-0.4819864057438706,0.953400908588129,-0.45582618488399396,0.9816736186893933,1000,0.8016048362208785,135.3223025345828,2.312172475305667,0.52012859057515,-0.5371127880949955,1.6875855478837167,-0.21784720130641544,1.8210568737481725,1000
30,0.34515016616230554,346.8792874628176,0.9100842047339921,0.2877073894649337,-0.20810252742454285,0.90559189096939,-0.2187563171889645,0.9090566495135756,1000,1.0612599696448726,258.8721740108159,0.4173720835215726,0.1806340177905399,0.6681530814795453,1.366943303989747,0.7072172947754144,1.4153026445143309,1000
31,-0.12124723035004514,423.20904020112897,0.26977470500790335,0.2654797497709658,-0.6503801383007368,0.40071278899132734,-0.641587539901138,0.39909307920104775,1000,0.7684519874397719,254.6693738334846,0.3233885051129154,0.16088082703657955,0.45989796532359206,1.094702677563715,0.45312556644807606,1.0837784084314679,1000
32,0.46523765984706067,351.1957915940636,0.5042152785031,0.27676061275695985,-0.05964082602010878,1.043160956094312,-0.07721314115658062,1.007688460850702,1000,1.1317007831181107,193.5102023128605,0.7467505565406702,0.22132861700727158,0.7680433973936959,1.645459531725484,0.6978966937838584,1.565504872452363,1000
33,0.12140447843183422,323.75719920774065,0.6535605421353016,0.2849525073045833,-0.4155150398608851,0.6993067741981496,-0.4371024358851491,0.6799113927488175,1000,0.7091557791460419,216.05197853163148,0.6840267178440022,0.21411426604165698,0.3539596776480319,1.2427038775770234,0.2894918177043942,1.1288197405876896,1000
34,-0.12426600858046388,304.6141090461278,0.756487828973312,0.2085143381320255,-0.546160283631861,0.28063786705851657,-0.5329541113192339,0.2844220941583061,1000,0.9459409974639743,183.11351291893527,0.4892671088129616,0.15461429749785888,0.6555854634367672,1.251805962526847,0.642896974368171,1.2489850205597777,1000
35,0.48231222488997716,308.55310662079347,0.6282306124157804,0.3311292950690035,-0.16325254528238117,1.1221974399178734,-0.16670119344526968,1.131325643225224,1000,1.0862095138403047,207.08213818511962,0.7463892227586763,0.20227685656791566,0.7076308855485958,1.4982388182921274,0.68974687496719,1.4826721527134195,1000
36,0.012452808170878793,424.0680046597585,0.3048232607309337,0.25140178632965815,-0.5261612370081434,0.4710232749203864,-0.4802946930352512,0.5052003093770088,1000,1.0923242989685713,242.36654507336596,0.3416637109489643,0.18782036673921187,0.7258137004655274,1.4784577140526811,0.724196380159716,1.4604522177774266,1000
37,0.05922493124774597,296.1405716114602,0.5664825565741466,0.254460917044712,-0.4182661778550939,0.5644472406059919,-0.4395184661598896,0.5579683286553816,1000,0.9783512128998595,225.38856122518368,0.4272031748113483,0.1692728126411233,0.6389630168735296,1.3149106429676334,0.6465765001232578,1.310125925676461,1000
38,0.2944184111497181,257.81819892011276,0.9071743702500705,0.2992088167825186,-0.3454813454136125,0.8531495114310595,-0.29203086974401826,0.8808676920434545,1000,0.9710063611988327,162.73612490089457,1.494336507595836,0.44369292850940195,-0.17162803724196418,1.4676883000104388,0.1013682213204048,1.8406445010772605,1000
39,0.10122519170913735,344.7978931203192,0.5011057746865818,0.23762003878212304,-0.35295765679830954,0.5752013883580959,-0.3645100843038238,0.5669604677220985,1000,0.9950763860101888,192.64231135357366,0.8658970039661246,0.21409349747991452,0.6253207692543418,1.4260949035658848,0.5754531309495563,1.4146996410708212,1000
40,-0.2605149697714877,332.45984194786837,0.7733750458452627,0.2586425920809584,-0.78951662497028,0.22205187839160692,-0.7674544502501661,0.24642451070719074,1000,0.7051341967354938,175.92315816422052,1.0482952244815071,0.21468976770736645,0.2560871241165411,1.1273848165209506,0.2843422520290556,1.1259261414419321,1000
41,-0.027928037441561138,368.1179566892678,0.39308266089833194,0.2897583931931381,-0.6028148813048717,0.5510126566516512,-0.5958544881001119,0.5399984132169896,1000,1.0279319393444153,198.04041882935758,0.7836449908991046,0.1842622086300076,0.6496823066209535,1.3721613138765059,0.6667780104296004,1.3890858682592302,1000
42,-0.20921458333862875,379.6154827818597,0.41481752270247935,0.25312051364848437,-0.6875414579324499,0.26865963333526843,-0.7053307900896582,0.2869016234124006,1000,0.8853301687515862,233.45335400839582,0.3620151664240749,0.1593476550424186,0.5815843299271077,1.1920558176862606,0.5730087648684458,1.1976515726347268,1000
43,0.1931901453063709,314.63764429143356,0.4926967748452123,0.2719219392838559,-0.29082085589851336,0.7402447046317305,-0.3397768556899866,0.7261571463027284,1000,0.8078527869860581,192.82678164604857,0.5285460000701083,0.19632621614589427,0.48403263768323723,1.2353514096665206,0.4230534033401054,1.1926521706320108,1000
44,0.089250627114136,380.20700893612144,0.37859910551593706,0.24347086706824625,-0.4133324526095136,0.5541403127147683,-0.38795227233962665,0.5664535265678987,1000,0.9637958605695349,234.71414805316124,0.3935770570425304,0.17183851570413633,0.6386877691558012,1.2970555567508857,0.6269923697894277,1.300599351349642,1000
45,-0.1419102729419035,378.83109216043715,0.4552391867633556,0.2512786836656513,-0.6569731466505357,0.31263371165825904,-0.6344164929265801,0.3505959470427731,1000,0.916863710877355,240.7159284351181,0.3406008303393089,0.17458177170898972,0.5862448882909524,1.2442664907173018,0.574683438327735,1.2590439834269749,1000
46,0.05508056925860361,414.0215186942338,0.31589362941317306,0.24800651833721543,-0.4240983029476808,0.5143594111097187,-0.43101220668233864,0.5411733451995459,1000,0.9415265960882695,235.56128248884892,0.3294199407361308,0.1573342116780841,0.6458852861852561,1.2503222352448466,0.6331515411992247,1.2499016509773142,1000
47,0.24041971117904026,379.94479910450747,0.4483116768088614,0.21856005193507064,-0.20948955025958838,0.625828917004513,-0.18795799061369817,0.6687974129717786,1000,1.145759832300195,261.0431638384691,0.3201777488824074,0.15418299490382723,0.8480816477614912,1.4372117314305333,0.8435611622886936,1.4479585023116963,1000
48,-0.10608218877440656,356.8760404959144,0.40739720233809473,0.2911571267506381,-0.6584104975589853,0.48199741659126966,-0.6767501572056572,0.4645857796568441,1000,1.2160045841433509,213.58476720650395,0.4171313874298314,0.17909457800692816,0.9070992441475638,1.5992489091221704,0.8649792112497717,1.56702995703693,1000
49,-0.6107377483144751,331.98453548255725,0.7416064729544875,0.24050036619672635,-1.131427039397687,-0.17570958209786106,-1.082118466060059,-0.13935703056889148,1000,0.8623119766400418,215.35112399644464,0.6509147334280144,0.1757996217086508,0.4884498565786549,1.16340761465226,0.5177447180910862,1.2068792351889974,1000
50,-0.10785259452313145,313.389489802367,0.540092908683987,0.32359605564706695,-0.7626721387133153,0.5156071844547133,-0.7421008635913826,0.5263956745451197,1000,0.8044900585427972,207.0154820612408,0.7252514653216553,0.2125199878942786,0.5090360948804352,1.3635483435240037,0.3879508822700112,1.2210292348155831,1000
51,0.012825381641588862,349.5469302673764,0.5569181674042498,0.28270836954816325,-0.5677078923922774,0.5190218091924798,-0.5412830226728111,0.5669337859559889,1000,1.079317475262942,213.60194603542843,0.47354578164743094,0.17733528148491137,0.7274158070778916,1.4256831536524477,0.7317403235525157,1.4268946269733682,1000
52,-0.06581517768506284,256.54255339547524,0.7259975970345642,0.25343082444541376,-0.5532957915892908,0.43194557660843136,-0.5625395935980738,0.43090923822794813,1000,0.9316379919993527,189.67731382084455,0.48883373796008883,0.151096087128788,0.6497829556837407,1.2380444424335133,0.6354896612269283,1.2277863227717771,1000
53,0.041505916241025176,322.167834680972,0.6770621048359485,0.30609884894415323,-0.6378173342183852,0.5698463366018531,-0.5584478276895152,0.6414596601715655,1000,1.0721213745681744,218.10534166647153,0.576862760270517,0.19099497057441403,0.6678301911758572,1.4076722680338163,0.6977712322423228,1.4464715168940259,1000
54,0.07990273733378928,425.15703776046183,0.3364959981677716,0.21157445809175424,-0.3693795131978611,0.4624997192889105,-0.33478320052604904,0.4945886751936276,1000,1.2349426198952402,258.53965514564425,0.31389421559848574,0.15865564166372867,0.9469718441683533,1.5372829653701061,0.923977562234332,1.5459076775561484,1000
55,-0.0006529630608005377,348.5044982120708,0.46718874224128903,0.2717266109917422,-0.5738553984772842,0.5095286455789966,-0.5332371206046153,0.5319311944830142,1000,1.0448980218044155,211.49247075761366,0.580918461204923,0.20165068475741585,0.6518246622050894,1.4164133349004036,0.6496626796798805,1.4401333639289504,1000
56,-0.14611924741367677,310.78472325765654,0.7247791462401784,0.2850724482506888,-0.7567136489738632,0.3938669518241307,-0.7048612459850268,0.4126227511576732,1000,0.9093276241539012,206.80026333150846,0.681794003860635,0.1742099006660632,0.5833702762677666,1.2915342178725575,0.5678762188484173,1.2507790294593852,1000
57,-0.3517111523058425,301.8935687098272,0.609843387491277,0.2701977200624387,-0.9015730602545786,0.14242523419598258,-0.8812986836282223,0.1778763790165373,1000,0.779055375548007,215.5165697510135,0.4684710517255897,0.1758523411497676,0.4274507523381507,1.1353114427127966,0.43438478689446247,1.1237259642015514,1000
58,-0.021367717495446747,330.27210287625144,0.6992685430054995,0.20330881422948244,-0.4006787463382615,0.35994070591298116,-0.4198529933852323,0.3771175583943388,1000,1.0762873871702952,202.64018340976654,0.49876974200856833,0.1518709294081505,0.7486832638720033,1.345244866019926,0.7786203655303201,1.3739544088102702,1000
59,0.31141958102050005,348.890677140559,0.4094002836134986,0.29779593441009294,-0.2768089731705037,0.8479957765874165,-0.27226045042328206,0.8950996124642822,1000,1.0601281542385914,217.40749099179465,0.7510492399525025,0.17183031057176149,0.727219379763611,1.3924871744785312,0.7233407455179389,1.396915562959244,1000
60,0.08430171836300371,287.3020867510895,1.2943875346791605,0.24548801592918856,-0.4163593314092274,0.557794012126797,-0.39685479285820585,0.5654582295842132,1000,1.0131595430187952,207.49054764498752,0.7637869707703887,0.19254370508504084,0.6308378649930125,1.3711330280644718,0.6357738810521152,1.3905452049854752,1000
61,-0.07607282023754447,445.6510959477182,0.24254852374208963,0.24415647108751465,-0.5457822376629378,0.3873223619756774,-0.5546195035690732,0.40247386309398425,1000,1.0471589990388805,263.41472927316505,0.2981911519494509,0.1660352522868468,0.7329242721946998,1.3855335194378795,0.7217299045566609,1.3725880935211001,1000
62,-0.17039303465892752,408.70172616634676,0.3701060904952821,0.2474845640651555,-0.6226037090647982,0.33584467860782813,-0.6554627802266323,0.31467671090877725,1000,0.8475553221900753,219.9334871952334,0.3646646604415144,0.1544513402518761,0.5732012456179849,1.1713900178621146,0.5448306952963982,1.1502799490837525,1000
63,0.42683597910223536,287.84247168915044,0.7274812234495179,0.29616185929705613,-0.15105490759084686,1.0621523254154723,-0.15364126511999465,1.0073132233244655,1000,0.9863346733810796,199.55596408336652,0.8538275115215263,0.2206587819856913,0.6256381381940412,1.5314531274921364,0.5538434606891247,1.4188258860730345,1000
64,-0.33638888780328546,441.52537024718936,0.25680327359411825,0.2284019833422616,-0.797417674489724,0.09275466125424917,-0.7840567751541182,0.11127899954754727,1000,0.7000492354462144,276.0460176579911,0.2821336753444055,0.15617828904987335,0.4093602427253039,1.000407108161887,0.39393978890846265,1.0061586819839663,1000
65,-0.12320501651651528,384.7974608697083,0.35878884732353034,0.2587461251379802,-0.6315851491839937,0.3783779731722435,-0.6303474217869565,0.3839373887539259,1000,1.005751324579966,185.8247820960623,0.49183835501152523,0.17241006936908107,0.6566833950314972,1.3411290500982305,0.6678275886165672,1.343675060543365,1000
66,0.08549048784706281,300.35899095922025,0.9387527655675416,0.29603925087803185,-0.5147038161950123,0.6603850766992883,-0.49474644387387956,0.6657274195680052,1000,1.0488337928531504,210.66388827205347,0.8200668407748062,0.22025094296273448,0.6357946938461098,1.5183328616650298,0.6171419446461908,1.48052564106011,1000
67,-0.054829809818896624,458.76746539498197,0.23375661502617015,0.21800719235617805,-0.4742685182243168,0.38061626016157796,-0.48212390683700557,0.3724642871992123,1000,1.1061336759919351,250.70269432028846,0.3341703410332532,0.16392686100253184,0.7884921531562294,1.4259528393722913,0.7848370284269728,1.4274303235568975,1000
68,0.1725143563189402,275.3037484681457,0.790720427390187,0.3307744497119732,-0.3975699200327253,0.8890289376777459,-0.4758035651165272,0.8208322777544076,1000,1.0539865497235024,184.0307235773241,0.7836205903309951,0.26670164863488777,0.6458580694072791,1.7371626788011787,0.5312513183991223,1.5767217810478824,1000
69,0.18002985080033795,374.3059540639601,0.37973504263072017,0.27999642086965576,-0.3472444773466844,0.7159585938751708,-0.3687631341041874,0.7288228357048633,1000,0.8158752127729945,235.33673706088334,0.8194553161781817,0.2557801614828561,0.27516336569685285,1.1968614160955449,0.3145460962665966,1.3172043292793925,1000
70,0.2962732930017631,369.7146696867521,0.46348691520590246,0.32696665879776227,-0.2889306158981465,0.965942153085059,-0.344581358241851,0.9371279442453772,1000,0.9076593850092411,207.4436206114395,0.8218928603052982,0.2530514269879729,0.4352295075163832,1.4438261197982856,0.41167858811281427,1.403640181905668,1000
71,-0.38032332109938327,275.18291147167247,0.7303274909753238,0.2492680554898899,-0.9019437363682441,0.08890165214909532,-0.8688887098595675,0.10824206766080091,1000,0.8865393298486177,164.99340433711188,0.5635745193505755,0.18207434986746568,0.5234784419048925,1.2465331215112614,0.5296736041083849,1.2434050555888505,1000
72,0.0338727775252603,338.86676207743193,0.5808136154824725,0.27395932809047235,-0.48339484095738505,0.5722738993499785,-0.5030875055320655,0.5708330605825861,1000,0.9914620482251535,216.92842684575186,0.6112846041550012,0.1843416601367135,0.6514090740304257,1.374791249936558,0.6301523943571951,1.3527717020931118,1000
73,-0.2139430523322492,294.3065036178417,0.7582266911397962,0.3201070036032824,-0.8217721123251905,0.4546032979545693,-0.8413527793946828,0.4134666747301844,1000,0.60331047097911,193.47742045931037,0.6711493874031493,0.2303136502194706,0.123598283673966,0.965766048726046,0.15189571654894762,1.0547252254092723,1000
74,-0.2212288155335358,278.80814327585347,0.7429201618166245,0.2649089265228031,-0.7023250591041265,0.3259417064990727,-0.7404503115182299,0.29799268045115834,1000,0.9168749261247116,147.53350100455876,0.7719305029227415,0.17116614052572865,0.5777341281210329,1.262632432861421,0.5813892906942835,1.2523605615551396,1000
75,-0.07078654871978074,291.1922872228081,0.7698107344628293,0.2642765877833208,-0.6250864240051869,0.39368378339940047,-0.5887686607750895,0.447195563335528,1000,1.0684625290705325,236.81357012428384,0.5165062913162842,0.1662251154408669,0.7175448490544267,1.3776876474473427,0.7426613028064334,1.3942637553346318,1000
76,-0.6004503461775763,301.7189406253562,0.645188763969786,0.28240467770695177,-1.1775507010514958,-0.07847762727292744,-1.153963514483202,-0.04693717787195084,1000,0.9572946585003463,149.32035082259196,0.6632194443385504,0.17580873847705805,0.6050885348462796,1.326125661643298,0.6127095310853126,1.3018797859153801,1000
77,-0.14462281934562649,381.3745055258945,0.45522653063677593,0.25798224754811444,-0.6309382062808543,0.3838295429744724,-0.6502680245399308,0.36102238584867785,1000,0.89909129419107,228.1601183503046,0.394599384312593,0.18452688074874068,0.5774553590809741,1.3166169415636717,0.5374186079235383,1.2607639804586017,1000
78,-0.34515902039949165,319.29792124824894,0.6045951740899895,0.23910231496532525,-0.8170004999275944,0.07195012333748597,-0.8137995577315291,0.12348151693254583,1000,0.9995546732872991,159.5109777070586,0.8744018671981424,0.2109801814631271,0.6025464661359635,1.4498331768311823,0.5860335176195699,1.4130758289550283,1000
79,0.16149896705105338,293.7203008447382,0.5723493453778676,0.24918517114872626,-0.31687863300378355,0.6335074862085428,-0.3269039684004501,0.6499019025025569,1000,0.9459348494456652,220.58936612271572,0.4035396242683162,0.14444125545640693,0.663795212177836,1.2408817798978147,0.6628299887511075,1.2290397101402228,1000
80,-0.10119275291684371,290.6552537672475,0.891141912149677,0.28799305402677783,-0.6449109129990335,0.4587404111522807,-0.6656591388093283,0.46327363297564084,1000,1.119874462356199,194.75399710774045,0.47582138483450265,0.20531265713330052,0.7663214431548864,1.561515261881645,0.7174616543749299,1.522287270337468,1000
81,-0.4686532878623728,426.1865264908084,0.3520200090269423,0.2266148177924925,-0.9124902554052845,-0.012663909380001791,-0.9128183307356581,-0.02448824498908747,1000,0.6693230997822095,261.55443314475167,0.3379818872870345,0.1532940735100594,0.3584685204076282,0.9547968283175263,0.36886671570249313,0.9697794838619258,1000
82,-0.0964754005786359,355.16857716649514,0.5257785549544846,0.22315553367789434,-0.5701816633180986,0.3135340016444766,-0.5338602465873088,0.340909445430037,1000,1.0358276444494305,218.79968547526136,0.3895094723847687,0.15743761513777194,0.7328361468969299,1.3263450637100755,0.7272499187793975,1.3444053701194636,1000
83,0.02969360407156163,336.86688238049675,0.47372514392064347,0.23074181096735447,-0.43981575568601766,0.47012804885473736,-0.4225603454244531,0.48194755356757635,1000,1.146196963268871,195.5027773662626,0.5188176488566966,0.15820893924617083,0.8445910090641002,1.4603558169376292,0.8361074423463764,1.4562864841913659,1000
84,0.014822410947369136,436.5215616996815,0.2731822357235844,0.2925387962487347,-0.5602537676205789,0.5817676565526458,-0.5585536297001509,0.5881984515948891,1000,0.7823432689055396,293.8784278998887,0.27075960465980814,0.19066260900553242,0.4293371113869919,1.1739932876083459,0.4086445552546961,1.156041982556383,1000
85,0.04568894466300133,406.84707654961926,0.347557430446575,0.2437615430537212,-0.40466126892307475,0.5230376731737745,-0.4320836797222922,0.5234615690482949,1000,0.8203106016042239,250.0634247657499,0.3475692827247386,0.16927787289769242,0.5051447130852924,1.1375815736513557,0.48852597072474674,1.152095232483701,1000
86,0.2813328762041216,310.94241632294194,0.7418229738278507,0.24727490809171832,-0.23260873876007776,0.7451577461965582,-0.20332594365564627,0.7659916960638895,1000,1.0319633974909501,228.8726972001735,0.4618958516424604,0.18012634517902223,0.6760740824344065,1.392382388781269,0.6789157609400666,1.3850110340418338,1000
87,0.21920099551438987,319.64074739958517,0.8222799615762315,0.25946799303664214,-0.26899218566722105,0.7656663474361294,-0.28935627083742876,0.7277582618662085,1000,1.1938676752330202,234.49544784352375,0.38339157070907903,0.17558345791660226,0.8847626222205672,1.5422347622225578,0.8497240977164797,1.5380112527495606,1000
88,-0.48939389555750434,343.94229873900235,0.5266077783666252,0.24074554516586638,-0.9661825785619098,-0.041346099485179706,-0.9612551640826024,-0.017532627032406267,1000,0.8436642581812195,179.3520606654655,0.499289420472321,0.17045959146960624,0.5093476778207555,1.171468898645509,0.5095634589007912,1.1777650574616478,1000
89,-0.3582808531598771,420.93996096889936,0.28693352933715205,0.2372979278062308,-0.8597849866149414,0.09420262433860964,-0.8233847916600895,0.10682308534033524,1000,0.7858298970547155,218.32094205776895,0.4108065235344999,0.15464170117151374,0.49824087019996044,1.083141937266513,0.4827321627585486,1.0889276313508824,1000
90,-0.08199821631714865,360.50534519035966,0.46303769470964157,0.24990073620716236,-0.5870083034978921,0.41992480046124553,-0.5718036592831869,0.4078072266488896,1000,0.9391746873181712,208.4538916668075,0.4104158312880673,0.16976922918664875,0.5934151447748083,1.259746485805457,0.6064269981123397,1.2719223765240026,1000
91,0.3399884169094385,283.88679197299024,0.7059695910397447,0.259720696665744,-0.17945361958908249,0.8414875739518084,-0.16906414855541974,0.8490409823742967,1000,1.1209283173243962,205.74625830678207,0.601971453592179,0.16293778066372103,0.8111895714225806,1.4537027752620044,0.801570267223503,1.4402863674252895,1000
92,-0.27722223093546905,400.0685687496183,0.34742957557952003,0.22477616300124575,-0.7482221750552592,0.14082306931077976,-0.7177835104179107,0.16333904854697262,1000,1.024834951330806,251.2719357218123,0.3367523691435139,0.1570955421281126,0.7223763450314032,1.3382323114178913,0.7169276887597053,1.3327422139019065,1000
93,0.2535476477789951,308.5588010502119,0.7704729193218539,0.2750770830084474,-0.3203305730200804,0.8007292739319952,-0.2856034349175618,0.792698730475552,1000,1.0016440058816003,171.6082096222608,0.8120502097662802,0.20008314164896307,0.6279580937905673,1.4292759808960214,0.6094810482496327,1.393806963513568,1000
94,-0.16545145216210155,302.4039657475443,0.6729019327134381,0.23564510495677488,-0.6211403527217693,0.2906628746392317,-0.6273158578773803,0.2964129535531772,1000,0.980599447233526,187.5571802954917,0.6141828022777205,0.16890424072254842,0.6525218738256944,1.3070417832694026,0.6495471354173311,1.3116517590497208,1000
95,0.3381539040500092,337.3471485990826,0.5762674265248424,0.29724807532315844,-0.1385948081758286,1.035171817299647,-0.24445232358338131,0.9207601316833998,1000,1.3237431693685604,193.81132027404476,0.5700564868698317,0.2122812088310257,0.9746156310894497,1.8172941760167443,0.90767200005975,1.7398143386773708,1000
96,0.04620146467010233,428.29169416837425,0.25850773404394295,0.2567006990303314,-0.4474189667234429,0.5558618475102357,-0.45693190542934714,0.5493348347695518,1000,1.110796094868319,187.65423293756885,0.6360559245453177,0.17953135059220157,0.8092894467854974,1.5165378377299765,0.7589146477076041,1.462677542029034,1000
97,0.03173023730868563,351.54360323965324,0.549295865511178,0.24010362402340749,-0.4265667281511832,0.4938239067439649,-0.43887286577719303,0.5023333403945642,1000,0.8995564430650331,196.15450578795728,0.44557632115283674,0.17421448372129422,0.5840062504723723,1.2614339397620336,0.5580960549712964,1.24101683115877,1000
98,-0.011453873142084348,432.7192412521278,0.29639812962541284,0.2492151861527456,-0.5043860030513716,0.4590143129725426,-0.4999156380014657,0.477007891717297,1000,1.074064006675751,247.1923426795012,0.3046172921123322,0.166403297456109,0.7579483744866269,1.397087605270891,0.7479135436617774,1.4002144696897245,1000
99,-0.10468996911815376,324.884865636016,0.5777864377423857,0.26297913688494046,-0.6694100189855395,0.4073166308468929,-0.620129077412637,0.4107491391763295,1000,1.0826801962591257,200.8054405874451,0.5108626615091344,0.18902760683110917,0.7019298525060998,1.393478688820487,0.7121860868701517,1.4531743056480997,1000
100,-0.4509481248898295,387.93851322531305,0.40119944585683154,0.26905327711558624,-1.0198384047246325,0.054363090231004135,-0.9782925480363786,0.07639629825671956,1000,0.6712818717616913,230.01857758791817,0.36252940298022823,0.18220859476787932,0.3021627476117024,1.0293903330720373,0.31415302601664785,1.0284107175067347,1000
101,0.009170047943510173,255.7869088936169,0.9417668544184739,0.27635622494784856,-0.5244247454450508,0.5631184274343335,-0.532488152954273,0.5508282488412933,1000,0.9300504854055398,196.91795470654776,0.48724957607151265,0.17201761054932818,0.6550220686513786,1.3080884961462007,0.5928959687288566,1.267205002082223,1000
102,0.4515488828756511,404.70592160628917,0.38857771845515154,0.22377390491269697,-0.03275160115076824,0.8527426218097003,0.012952029246765029,0.8901457365045371,1000,1.123454575084104,287.39382159637233,0.280567137065943,0.17103624733219192,0.7804903676176024,1.4496977149637398,0.7882235303130078,1.4586856198552003,1000
103,-0.2639788522180506,376.3539348315219,0.38230920210536307,0.24738778812808457,-0.7432215955859011,0.2389341196574214,-0.7488589169490963,0.2209012125129951,1000,0.932724362455664,221.5604559032039,0.3910671355708084,0.16177662245200347,0.6237030042695079,1.2693944597825382,0.6156421824497372,1.2498065424615907,1000
104,-0.2119349303411595,379.36657035969955,0.4144646802654863,0.20626555967020976,-0.631600140003511,0.18176223657164584,-0.6162154272947706,0.1923455666124516,1000,1.0527772090632999,173.9300069900037,0.5245183780720164,0.17617531503056721,0.7248805855073285,1.4127295047522974,0.7074735916033881,1.3980808265232116,1000
105,0.33102895694368417,385.19911165251006,0.37619661593793197,0.2682617437256068,-0.19501817826057719,0.8468383000563912,-0.19476406075850516,0.8568219746458735,1000,1.1643877581955406,262.9672369046218,0.4425055113094484,0.16183256159784254,0.8682715052422673,1.5013545593362885,0.8471959374637692,1.481579578927312,1000
106,0.3728941366735654,385.0707759026512,0.5473325085032534,0.3004484714103081,-0.24638690651750475,0.9317535163727361,-0.21598486729063848,0.9617731406377693,1000,1.2073394069260965,243.86976567399265,0.3962521912533984,0.17238025590626013,0.8389265252051722,1.5300173148006713,0.8694741053498267,1.5452047085023664,1000
107,-0.04819138718288585,400.19342415407664,0.33007651578240205,0.26075104741340216,-0.5446802079022242,0.4441710236723171,-0.5592634401131541,0.4628806657473824,1000,0.8879695645748247,220.1438320099614,0.415262971014697,0.16694229078238398,0.5754802869626957,1.2403315727924646,0.5607626746413521,1.2151764545082973,1000
108,0.13534352492375,280.0657574881636,0.86649549673766,0.24332966497001962,-0.3393731594946125,0.6216231854360612,-0.34158261841748844,0.6122696682649884,1000,1.1554392870616486,172.0749149009367,0.6064239957408606,0.17032873768802897,0.843148274726596,1.5049722400160546,0.8215949611931117,1.4892836129301854,1000
109,-0.15630363481133536,299.3861206546023,0.5099838989771628,0.2456665186064777,-0.6474548269840471,0.33505087503142295,-0.6378100112800316,0.3252027416573609,1000,1.111419361100629,175.28187663665346,0.5099464824529306,0.16263449047840894,0.780171721821338,1.4199059642287135,0.7926557597629476,1.4301829624383107,1000
110,0.17460660283085438,359.08085182564946,0.39235406906054443,0.3325702965593716,-0.628841824935711,0.700491774008141,-0.4772311784255139,0.8264443840872226,1000,1.0803084225711497,240.94651078556075,0.4565463391555723,0.168078176423198,0.749068646838389,1.3953239903501782,0.7508751967816816,1.4097416483606178,1000
111,-0.07187577420353808,404.02936002460734,0.3148506245942895,0.2500442473128166,-0.5890149459471706,0.3844467451578843,-0.5619624989366586,0.41821095052958246,1000,0.8846412496199467,233.07343028942742,0.34654372470587336,0.16548334916731725,0.5709248353797188,1.223057000521555,0.560293885252005,1.2089886139878885,1000
112,-0.323555798723564,389.50163223938114,0.5179146896225378,0.19629889596963548,-0.7142550248999966,0.023625756672769196,-0.7083016348240495,0.061190037376921524,1000,0.9389904086232788,163.36173481843397,0.5697617510485403,0.17990300097337222,0.589991262823277,1.2779915348904645,0.5863805267154691,1.2916002905310884,1000
113,-0.2118782895157736,332.9247742914039,0.5168967321514634,0.24567792744032665,-0.7521061675717403,0.2586708894896601,-0.6934070272988138,0.26965044826726664,1000,1.012607100907676,177.93914360064065,0.4779037953922635,0.17862031104471812,0.65881999437811,1.3603202246918282,0.6625112912600285,1.3627029105553237,1000
114,-0.11329422589754401,395.56263864193994,0.36373673534030165,0.23862293050474448,-0.5655915198957141,0.3922707469376169,-0.5809951696868432,0.35440671789175515,1000,0.7739683186275026,252.73611768718268,0.43673875856935856,0.16874519590828255,0.44233315824812863,1.093301347490901,0.44322773464726883,1.1047089026077364,1000
115,0.39172972370078574,376.9995313069365,0.4417117287548103,0.25685478730417305,-0.11959538740957154,0.9020455966158206,-0.11170565941539345,0.8951651068169649,1000,1.1302199112711837,248.6297054451603,0.35957080071551834,0.16216574813595153,0.8199983850874498,1.4508138642783401,0.8123750449247187,1.4480647776176487,1000
116,-0.25668150334061934,328.00659772675215,0.6975796703955048,0.26100158882090035,-0.7743448634430489,0.2632967443850999,-0.768244617429584,0.25488161074834537,1000,0.8956870328616136,184.6292370952931,0.7828540318506176,0.2620629135307196,0.39768209134404614,1.2758816213334783,0.38204372234140316,1.409330343381824,1000
117,-0.11959425876944962,296.3197649693725,0.764415521093985,0.32059164281727753,-0.8415121190882902,0.45288642806410917,-0.7479538786913136,0.5087653611524143,1000,0.9420307552090028,208.90021208423914,0.45014529452936014,0.16231296246334728,0.6500381703130362,1.2686887518928625,0.6238973487808421,1.2601641616371635,1000
118,0.03235999707086368,332.23201745648583,0.49166564437264615,0.25820763816416864,-0.47254281497628847,0.5236124143871623,-0.4737269737309069,0.5384469678726342,1000,1.0154395028694427,227.76496190956593,0.3675488997732747,0.15880694161422537,0.7177244186564933,1.3420857852356811,0.704177897305561,1.3267011084333244,1000
119,0.29381975140596683,346.5143709242837,0.6789882771728128,0.2667169572184085,-0.23696567913499833,0.8133568996732979,-0.22894548474211385,0.8165849875540475,1000,1.034261388955633,205.48534642847818,0.6412178542151222,0.20643875416442103,0.668078801339642,1.4471195333251363,0.6296414307933678,1.438881347117898,1000
120,-0.0450962629306737,317.1942702252755,0.8328623689095291,0.261473743955997,-0.5233001365498643,0.48451282014041397,-0.5575848010844278,0.46739227522308036,1000,1.0569554939007708,212.763361377702,0.4062985587326047,0.18120125642219745,0.7667187694494884,1.4704147951059603,0.7018010313132639,1.4121099564882778,1000
121,0.1167746664581184,359.305499051886,0.3920483751155808,0.32107916590694846,-0.5228965029876788,0.7164884537355312,-0.5125404987195006,0.7460898316357374,1000,0.8582455691223201,222.66687520510544,0.9150928608624718,0.21063854854556208,0.32102844925625584,1.1981259389997343,0.4453940139730184,1.2710971242716218,1000
122,0.03646166225513259,439.2445069741641,0.252968238841813,0.2403072889781244,-0.4281159019053677,0.4967856535756623,-0.43454062414199124,0.5074639486522564,1000,1.1234692950739595,221.4969546532796,0.4677485273538739,0.2064951815600598,0.7814517557633911,1.6101165989601909,0.7187387392162423,1.5281998509316768,1000
123,0.2725501785835096,328.65108362516855,0.7237689371107213,0.30708445907272147,-0.3241403271651612,0.869980619030117,-0.3293353611990245,0.8744357183660437,1000,1.0799394669161804,221.18133608827924,0.9917905580662301,0.3202423477533774,0.618863777173948,1.5051039391933325,0.45226446531956066,1.7076144685128,1000
124,0.11435644674562795,297.2936455169533,0.5945229542056776,0.3101723476560805,-0.5172775866524433,0.7411915467924712,-0.49358135466028974,0.7222942481515456,1000,0.7726857996191399,163.65114234747952,0.7351983714441636,0.19116810808013135,0.36243105252944985,1.1216696540690874,0.3979963077820824,1.1473752914561972,1000
125,0.12963469909275416,339.82550942069213,0.5431748117185642,0.22344077996408618,-0.29668330509763347,0.5815786547969998,-0.30830922963685475,0.5675786278223631,1000,1.0550765955195085,247.86484447733375,0.3442427198424551,0.15399722731942012,0.7414221828997525,1.3428501928357874,0.753242029973445,1.356911161065572,1000
126,0.5224593497338592,404.1228851093874,0.3254742417459655,0.2869709328146862,-0.0766186273362522,1.0637380262948826,-0.04000367858292575,1.0849223780506443,1000,1.1388745123369084,265.32700859788645,0.3177793069681026,0.1592444697235462,0.8253950511183574,1.4423634442456905,0.8267553516787578,1.450993672995059,1000
127,0.056098154994773,305.8627083515135,0.6445427709180285,0.27767179912834383,-0.5017537044488611,0.607890343863513,-0.48813857129678095,0.600334881286327,1000,1.1363024391833205,198.46839129417728,0.4569840006752553,0.15828069634089792,0.8526007117428852,1.4616468573823096,0.8260722743551606,1.4465326040114803,1000
128,-0.07260027217188814,305.9016591757349,0.5655522071005885,0.2524378316138606,-0.549854998191854,0.4389989187140268,-0.5673784221350548,0.4221778777912786,1000,1.0533236494063178,213.82445590742898,0.4592849964024928,0.1713235513926063,0.7377572382447979,1.40435264743719,0.7175294886768095,1.3891178101358261,1000
129,-0.16575787530495356,433.84209568309194,0.3468861487378539,0.2889395733953983,-0.7257724412096307,0.3890895395648414,-0.7320794391599341,0.400563688550027,1000,0.9128545950711797,231.61230607970316,0.36568553295819356,0.14773840170272512,0.6220154303100299,1.2113669868217753,0.6232873277338384,1.202421862408521,1000
130,0.29959008050055935,327.93701013778536,0.6656441484200872,0.2170260088578459,-0.13588961848889133,0.7250744714075179,-0.12578089686081861,0.7249610578619373,1000,1.1733574518971244,227.03012019287942,0.5070769556858596,0.16397668750677652,0.8514623768067188,1.500296098442181,0.8519631443838425,1.4947517594104063,1000
131,0.31050944044273177,373.70181552149774,0.3657986316742778,0.24509043770269473,-0.17678713949022118,0.7438016696389951,-0.16986781745454987,0.7908866983400133,1000,1.02759286465698,221.31563582832607,0.4179236439585469,0.1817347938678402,0.6608242279986128,1.342377851425973,0.6713926686760133,1.383793060637947,1000
132,-0.0944467942014886,387.7581346282864,0.4003207778417515,0.26424833501288447,-0.5777023855908293,0.4160832930704065,-0.6123735308267422,0.42347994242376497,1000,1.167559962468049,186.72179575514096,0.4631296937077769,0.17160776014399923,0.8171459482189285,1.5066498295328732,0.8312087525858105,1.5039111723502876,1000
133,-0.20361294051981194,357.63884083415894,0.47140651741942247,0.2816028871346816,-0.7593639318458316,0.35429357627222335,-0.7555545993037879,0.348328718264164,1000,1.1218826850046737,194.23415607067665,0.7208022608640093,0.23894734399422468,0.7844233094379042,1.7708322387322246,0.6535458907759933,1.5902194792333542,1000
134,0.1463823632074952,351.4243544435252,0.6839609843951883,0.23123338282808067,-0.30728366814450586,0.6126697653511702,-0.3068350671355429,0.5995997935505333,1000,1.1198382230652375,239.61392951068433,0.36076754001637606,0.16991704173657815,0.8099788517997697,1.494725371033369,0.7868008212615443,1.4528756248689307,1000
135,-0.06763598372995494,326.0075511510113,0.5137175548811457,0.2376528322258261,-0.5326126424335457,0.3668414698512699,-0.5334355348925741,0.3981635674326642,1000,1.062644347739254,196.83212337295936,0.4460595024080237,0.150922651849975,0.7828135393994223,1.3671978012766624,0.766835950113303,1.3584527453652049,1000
136,0.13537522769938803,331.048711828757,0.5761190992751644,0.27051148750419457,-0.37845490158331274,0.6726606707272773,-0.39482728780883336,0.6655777432076094,1000,0.9236247357193426,182.59861451089068,0.6736588199704602,0.19268281421125572,0.5977415862421482,1.3494558511635881,0.5459664198652814,1.3012830515734037,1000
137,0.2162123596573995,294.9383039142543,0.8682613910148177,0.432087499358091,-0.43108467758429553,1.2355010226948833,-0.6306791390844588,1.0631038583992578,1000,1.1153455537729045,190.63105301574825,0.564187712554095,0.39241477666674945,0.7361157485007106,2.213718699736868,0.34621259150607553,1.8844785160397333,1000
138,0.4711090459355636,376.8495765174792,0.3658343212729756,0.23577922152144784,-0.004611567179424165,0.9009897495387422,0.008981771753525825,0.9332363201176013,1000,1.22431391637689,172.58064528400064,1.1926229208946142,0.34339283666407033,0.273301835177548,1.6720685246549205,0.551263956515312,1.897363876238468,1000
139,0.22408364651406742,291.23556544842785,0.6926686435865264,0.2545160764889442,-0.274964269519695,0.6838591330820598,-0.2747678634042632,0.722935156432398,1000,1.1275817651635238,167.18236023997136,0.76963099516433,0.32483875689034825,0.611134499903074,1.5066329540791306,0.4908978016584413,1.7642657286686063,1000
140,0.3620199790267087,295.45116688291785,0.922279928303765,0.2557978144768529,-0.1518622874309895,0.8324118987044642,-0.13934373734792305,0.8633836954013404,1000,1.3713668587721264,222.4590741237762,0.6409169142562051,0.21470398049391465,0.9169353762445303,1.739731470277078,0.9505470570040537,1.792186660540199,1000
141,0.07610905238516663,359.58868444135544,0.4935032360681497,0.31726463035262764,-0.5080826129791772,0.7096869377618428,-0.5457296231059835,0.6979477278763168,1000,0.8252809107517391,286.1918605545557,0.3300200146558181,0.16868167027596903,0.47963622721445553,1.1375404496718569,0.49466483701083985,1.1558969844926383,1000
142,0.5519233354557342,353.1748912092286,0.41652699608419197,0.32777387225734594,-0.03650868228828846,1.2651530767129031,-0.09051345416866374,1.1943601250801321,1000,1.2249186706946178,257.84581558338425,0.4486919542191988,0.22593013918138635,0.8775310375360883,1.7698571853707623,0.7820955978991005,1.6677417434901352,1000
143,-0.35381292941455067,395.04174993801126,0.36165330717421373,0.22480152191225478,-0.79119606636397,0.09021309030186542,-0.79442391236257,0.0867980535334687,1000,0.9936486434029161,220.9554878253861,0.38848433559404205,0.15752584207371279,0.7049557406623044,1.2873359051833078,0.6848979929384391,1.3023992938673932,1000
144,-0.0277326364112227,346.91903247565335,0.5620771742347707,0.2377264883199456,-0.4733859444105044,0.42174080156724597,-0.4936765535183161,0.4382112806958707,1000,0.943234272174053,204.0408678982734,0.4568862056032683,0.161873945293557,0.6532686718395112,1.2657378082843225,0.6259613393986813,1.2605072049494246,1000
145,0.34105453169773936,388.92246672455633,0.4279057262268754,0.24787783344994727,-0.13632185688341447,0.8102335648906676,-0.1447860218641573,0.826895085259636,1000,0.8776243515445299,268.06194962835684,0.556692252113356,0.16869267793106404,0.5616842072948037,1.211856339405173,0.5469867027996443,1.2082620002894155,1000
146,-0.06098725867113819,347.2879302087726,0.4617408731589102,0.2381313447830235,-0.5295959046690053,0.3992219298664797,-0.5277246944458642,0.40575017710358785,1000,1.0212678611026518,243.11137214465415,0.33105711793891796,0.15070301785340087,0.722642267977553,1.3174256407232767,0.7258899461099861,1.3166457760953174,1000
147,-0.37771831310588677,361.98553406154383,0.6088063551936534,0.2517004847610385,-0.8758509920950908,0.08202494716645181,-0.8710512632375222,0.1156146370257487,1000,0.7983609415575157,197.5113326514449,0.4824063404408518,0.14665968307165486,0.5136589586635238,1.0749303774150185,0.5109079627370722,1.085813920377959,1000
148,-0.21402106265989485,327.1027182356443,0.9127184239836893,0.35167942807157565,-0.9192510057876792,0.4674393075257305,-0.9033127416801832,0.47527061636039347,1000,0.8883513961786766,243.58610671088005,0.41409417139279847,0.16852636780696573,0.5642154521368468,1.237661523688775,0.5580397152770238,1.2186630770803295,1000
149,-0.2728358684719132,364.41094464321895,0.5232170681844878,0.2554490763591684,-0.7943168431948898,0.15245761738842126,-0.7735160581358833,0.2278443211920569,1000,1.0455145758163615,214.4144873347598,0.4133014399365532,0.18780519723217648,0.6785960266585457,1.4077941696026575,0.6774163892412957,1.4136127623914274,1000
150,0.03809228810805898,404.9521391145135,0.3959077753784989,0.3053208044114121,-0.5553094217384357,0.6535062007325756,-0.5603364885383086,0.6365210647544266,1000,1.0480197215717517,227.36146167384587,0.5864972187058438,0.2234413646770384,0.6529168554166993,1.5354742497002993,0.6100746468047564,1.485964796338747,1000
151,-0.23480786609876336,282.3219451928433,0.8725519672977157,0.2950466992567399,-0.8702797933241795,0.3254547309627086,-0.8130993966419735,0.3434836644444468,1000,1.1485055254870975,168.0635124765306,0.5736756449497755,0.18346685471722785,0.7990997607573199,1.5215944231347707,0.7889104902413309,1.5081005607328641,1000
152,0.010342239220150873,411.47929461962025,0.3420534734112477,0.31438117312513036,-0.6225931459910498,0.6242228809925007,-0.6058448601051046,0.6265293385454064,1000,0.9230490672356382,231.0192886439356,0.5160050225224843,0.16332723354958684,0.6092772647755845,1.2440228025569582,0.602927689478448,1.2431704449928285,1000
153,-0.1567707488086536,328.7652689110266,0.5109501910507217,0.23838078957375253,-0.6324731859166025,0.29929857437064517,-0.6239970963732085,0.31045559875590134,1000,0.9486467664630895,207.72336968337052,0.43273203969091617,0.15949077319283095,0.6684015038838321,1.2911572935216218,0.6360448510051409,1.2612486819210382,1000
154,0.07738676522273025,317.4369791397266,0.430554218671803,0.32218793389110406,-0.5182966610730044,0.7618138128402071,-0.5541015852038337,0.7088751156492942,1000,0.9986430429355724,205.77647675775725,0.5358636159091235,0.2716185800457496,0.6228962384328521,1.6761085606163018,0.4662706260459031,1.5310154598252417,1000
155,0.017566110587353023,332.33912275035453,0.6079073873996093,0.2956070036654309,-0.6145951602538597,0.5631198179602821,-0.5618236165968915,0.5969558377715976,1000,1.0103737334673704,217.64528003914268,0.5721116975743533,0.16875795144820302,0.6337204675856752,1.3054437539873096,0.6796081486288925,1.3411393183058482,1000
156,-0.07180905074073873,375.5281967411649,0.4660761702109456,0.2892825409781487,-0.6514679133348996,0.47902782991845894,-0.6388028310579101,0.49518472957643267,1000,0.8993481779046579,221.80697953896984,0.43577567473657147,0.19047660607894193,0.5376458768679641,1.2474885401370681,0.5260140299899317,1.272682325819384,1000
157,0.09320383118980313,403.1137049822608,0.3544585599439662,0.2048285800450403,-0.324776034070924,0.4640531973500263,-0.3082601856984758,0.49466784807808206,1000,1.2009807903524816,211.09282273768596,0.407079910416887,0.1801538195070894,0.8332894946756096,1.551543652671479,0.8478793041185864,1.5540822765863769,1000
158,-0.02706204945123858,297.103148445881,1.0128440837082997,0.2969414576366194,-0.6100971250405266,0.6005669487706531,-0.6090673064190125,0.5549432075165354,1000,0.8573173718860319,225.25504799349594,0.584976065306603,0.1803311173877994,0.5085576307166281,1.2160760070438414,0.5038683818059451,1.2107663619661186,1000
159,0.4762277665519967,403.6229550904678,0.3659863295701414,0.23373632030724603,0.051999000119159956,0.9696194142568443,0.018104578749794487,0.934350954354199,1000,1.4142755405642315,287.7712235895381,0.4366900323013876,0.19416181131150484,1.0907233711251847,1.8611111901763073,1.0337183903936822,1.794832690734781,1000
160,-0.09587520381951409,343.32328895540536,0.44996435035318644,0.24835829753638625,-0.5974525435131552,0.3787634344274689,-0.5826574669908311,0.3909070593518029,1000,0.7995897157516803,223.77250180413145,0.40570486147311957,0.15685564787017814,0.5043716114933202,1.113616488461617,0.4921526459261311,1.1070267855772293,1000
161,0.04653068875837185,372.8623549213443,0.49937316117452957,0.28953425595625265,-0.5033163664573856,0.5858544155043133,-0.5209564529158833,0.614017830432627,1000,0.8447912790869427,217.14183694740095,0.8057851840146094,0.18374331406532057,0.4787701878409911,1.1905948127526875,0.48465438351891443,1.2049281746549712,1000
162,0.44419426615150437,349.8835220984663,0.49313360458790184,0.26780172370414024,-0.050825965180462666,0.9515350154852457,-0.08069711230861054,0.9690856446116193,1000,1.0106853319457896,252.06277970003484,0.5842536599312271,0.170021785029398,0.6740566220980386,1.328788307671873,0.6774426332881696,1.3439280306034096,1000
163,0.2859217266238012,375.4601533342796,0.37184814461186794,0.23550707159301554,-0.16777445935186971,0.7425483795764226,-0.1756721336985092,0.7475155869461116,1000,1.229780362329803,196.5593528624298,0.459067719738393,0.15364018326303044,0.9323287537949906,1.542515342044757,0.9286456031342633,1.5309151215253425,1000
164,0.45368262373321544,317.17747572355097,0.9516337636279277,0.2650745298334086,-0.062311543564874824,0.9735273980392614,-0.06586345474026545,0.9732287022066963,1000,1.5581713024705475,211.0609682064985,0.5832414793411581,0.19537490802313406,1.2174805927768866,1.9970918052599989,1.1752364827452046,1.9411061221958903,1000
165,-0.20062020865614194,409.83788399800324,0.3897553394076902,0.2562374693372774,-0.6668165734173631,0.31304047551361974,-0.7028456485572057,0.3016052312449218,1000,0.8193853326863514,230.79708200288331,0.40942811325423006,0.17427189028225798,0.5434203241305637,1.1928782716415898,0.47781242773312577,1.160958237639577,1000
166,0.2713226195637435,378.07939247180235,0.492453692847047,0.2568504095998903,-0.24432406912392857,0.7613779689221372,-0.23210418325204152,0.7747494223795285,1000,1.132838839984632,245.58248990306728,0.744997856393691,0.18514677324475545,0.7902532815733398,1.5079336349798445,0.7699511644249114,1.4957265155443529,1000
167,0.09188143614260103,316.389133278167,0.7068904164060613,0.30718125195674423,-0.49925821651828656,0.6924665982625764,-0.5101938176926176,0.6939566899778197,1000,0.6242690583020867,143.4412061425284,2.092952550293019,0.34509666688096613,-0.04769017141359773,1.2745745252725387,-0.052120408784606886,1.3006585253887804,1000
168,0.1482891082570954,346.64086455481157,0.7650672837341445,0.22773550234749282,-0.3264782628242318,0.5957108400703478,-0.29807247634399053,0.5946506928581814,1000,1.0775792470295342,237.143862835572,0.3804065529384024,0.1682572248167653,0.7591464825631685,1.4084985738722773,0.7477950863886742,1.4073634076703943,1000
169,0.09656037992318689,386.9049989946969,0.39075434311006435,0.27472650175766206,-0.4759389676407331,0.6018557271842413,-0.4419035635218307,0.6350243233682045,1000,1.2272799705014426,239.65182609512885,0.42430304422928944,0.16496530386430303,0.9243461998462075,1.5700132540456588,0.9039479749274086,1.5506119660754765,1000
170,0.3225900807019224,349.1909832760915,0.516239484548635,0.27261098150925495,-0.2236848460447296,0.8726408678556532,-0.21172744305621727,0.8569076044600621,1000,0.8920812133530651,246.16861393320545,0.3393737003109819,0.17830535226083868,0.5361310692711078,1.2236089218382082,0.5426027229218213,1.241559703784309,1000
171,-0.4830084325184587,318.9046021842166,0.5430865474588024,0.20054713387869055,-0.8809358884274188,-0.10068406703629715,-0.8760808149206922,-0.08993605011622524,1000,0.8377780565419739,186.4917412417163,0.5093048161766083,0.14973702162887761,0.5420107899960291,1.1114246542996247,0.5442934941493738,1.131262618934574,1000
172,0.01859979015120583,291.35474028168335,0.5511606979615576,0.23800562577196233,-0.4977778313654741,0.4748980835194552,-0.4478912363618403,0.48509081666425197,1000,1.2528846499778292,199.02316064658237,0.46686965719813583,0.14639755475790875,0.9705631785303657,1.5404025371050583,0.9659454426523281,1.5398238573033303,1000
173,0.15811310826013614,280.4029035355855,0.6254992562158782,0.2754484971374682,-0.362018786978888,0.7086221939134292,-0.3817659461293016,0.6979921626495739,1000,1.0755108485836842,198.6404038407626,0.5467691891300845,0.18138748000695307,0.7364144391170667,1.4561042051742779,0.7199913877700561,1.4310303093973122,1000
174,-0.3640748051982743,404.1900770979535,0.32953060982775945,0.24517054750709885,-0.8501412837259228,0.11608480897747635,-0.844609078312188,0.11645946791563944,1000,0.8776847937611696,167.37795703776018,0.5359353142348202,0.16662103656258395,0.5801150337884365,1.2168777657806806,0.5511075620985051,1.204262025423834,1000
175,-0.04950164126710899,275.15323000749424,0.5312997158253902,0.324164197844799,-0.7492507709331887,0.5512451599375995,-0.684863469042915,0.585860186508697,1000,0.997078299710612,155.46075436393897,1.4373098544251222,0.21021122179837334,0.5891108243290225,1.4264766943090297,0.5850643049858002,1.4090922944354238,1000
176,0.924882450262281,284.03956353178785,1.0584337747434205,0.25777490352149185,0.41295708488464494,1.4278764132031958,0.41964363936015703,1.430121261164405,1000,1.6452119932681573,200.8010220149289,0.8187052139893807,0.19464617396405345,1.2990652358239032,2.0562466425536146,1.2637054922986124,2.026718494237702,1000
177,0.139205438850166,322.33406722306637,0.519917529034676,0.2249579016331088,-0.3115630453062908,0.5699605521511113,-0.30171204835072724,0.5801229260510592,1000,0.9890363638881094,210.879152429337,0.46181855019921997,0.16596103267465226,0.6655712339905964,1.3250761951527443,0.663752739845791,1.314319987930428,1000
178,-0.10308233197351502,364.6239835125206,0.38921713172410993,0.21267142787651527,-0.5220107401318816,0.28183297923230277,-0.519918330611485,0.3137536666644549,1000,1.2643321319130862,219.07611562651536,0.37943076577150303,0.16369653922205152,0.9334172066290464,1.582194474639288,0.9434869150378653,1.5851773487883072,1000
179,0.17129917689724472,333.27066387240876,0.515647088208573,0.22027445457393713,-0.23581602111846678,0.6204311842231652,-0.26043875406767203,0.6030371078621615,1000,0.9987397326627656,204.54180890120625,0.6310719889116452,0.17993604258856102,0.704512748171478,1.406687828157113,0.646065089189186,1.3514143761363453,1000
180,0.38373856818418295,384.6680708851751,0.3506601359667642,0.2552122771306799,-0.13285645879519978,0.8877358600324354,-0.11647749499194959,0.8839546313603155,1000,1.2393578049867835,201.4638099493458,0.5894584917780069,0.20054983198218704,0.8576502564771693,1.61446265620228,0.8462801343016969,1.63243547567187,1000
181,-0.5410472656121912,400.46654433657545,0.3301735694144468,0.2547366466040777,-1.0447346572824077,-0.055812911589623725,-1.0403310929561833,-0.04176343826819895,1000,0.6077506042448269,233.5202935798569,0.38448207474345053,0.18409347238294713,0.28070561087237206,0.9762917357095086,0.24692739837425048,0.9685738101154032,1000
182,-0.12257119823995133,278.51313136613953,0.8971128209211292,0.28620359400342127,-0.7116708235316639,0.39532219422210535,-0.6835302424866571,0.4383878460067544,1000,0.9627117213465941,222.69643604991418,0.41599467493571834,0.1899637626602579,0.5780979900177845,1.318274644719691,0.5903827465324887,1.3350406961606995,1000
183,-0.2105645750440459,277.2136291580928,0.7550532676278108,0.2715874848330231,-0.7512812913887598,0.3054837208963522,-0.7428760453167711,0.3217468952286793,1000,0.9826849243188853,169.50108892464473,0.5573591074892263,0.18510930405864587,0.63546014859269,1.369091762713564,0.6198706883639394,1.3454991602738313,1000
184,-0.47148114727830803,310.3891253132942,0.6393158315917697,0.24923861456106633,-0.9636687705896746,-0.012897188035280947,-0.9599888318179981,0.01702653726138198,1000,0.7970736283559359,217.2733775746316,0.3922918452446171,0.14994907573513427,0.52152250074121,1.0991150031562282,0.5031734399150727,1.090973816796799,1000
185,0.2340050367955664,359.35979840877116,0.7301029593801133,0.26116156633208265,-0.27735417448268673,0.7610433297226536,-0.2778716332153156,0.7458817068064484,1000,1.1365863500786157,215.8178129123979,0.8097230663321512,0.22496517565595153,0.8015645468647482,1.662404749661097,0.6956546057929507,1.5775180943642808,1000
186,-0.2826779013806182,325.7345852118973,0.5281266921077665,0.3322991412782496,-0.8986370795507933,0.39456704107586976,-0.9339842182859874,0.368628415524751,1000,0.7049313971538487,213.64264813940096,0.47516626378416277,0.20254564586776694,0.37329087551281226,1.174665597717282,0.3079419312530255,1.101920863054672,1000
187,-0.31541677085861064,379.3346785506859,0.342826893710066,0.28016089948563905,-0.8546838113527048,0.23096225401469672,-0.8645321338504631,0.23369859213324184,1000,0.8499877876179918,259.9731523222054,0.3880717122028456,0.15139738411488532,0.587260550166314,1.169759771676089,0.5532489147528166,1.146726660483167,1000
188,-0.13982322236476863,340.3712964932923,0.5168068387624002,0.20459326596721725,-0.5551487767756054,0.26014011814169874,-0.5408260236605145,0.26117957893097715,1000,0.9717029975104889,174.7426537394571,0.4812332560616855,0.17046405623763877,0.6302792688440757,1.2801526847453213,0.6375934472847169,1.305812547736261,1000
189,-0.010379228264099538,433.7797124642332,0.26384187676683396,0.22955027404885314,-0.500922244916335,0.3986443069746003,-0.4602977653998517,0.4395393088716526,1000,0.7569428706678494,251.94608810265018,0.46826811002827806,0.15518035240282932,0.4140865476956366,1.0401202274499393,0.45278937995830393,1.0610963613773947,1000
190,0.06356533386762919,308.4129068421993,0.7570452192605168,0.29085929196615873,-0.5117060250585921,0.6318054626021975,-0.5065188783860419,0.6336495461213003,1000,1.2257823540711912,197.6875032785039,0.6625902608079994,0.16921948385519067,0.8973721339472365,1.5472828749126983,0.8941121657150175,1.5574525424273649,1000
191,0.022597725688298986,348.1005493113234,0.5467463828127184,0.2788036510127127,-0.5198013482163115,0.5723533493145727,-0.5238574302966179,0.5690528816732159,1000,1.0511571290206376,228.8913891676454,0.37872272400384704,0.1615437154897308,0.7518280603868454,1.380013799306273,0.7345314466607653,1.36778281138051,1000
192,0.5738814702518256,422.2593644298812,0.2680295167501303,0.21981936666539076,0.10819624802941157,0.9576403944663907,0.1430355115876597,1.0047274289159915,1000,1.1158689770726138,231.96476472893565,0.488150560010609,0.18540046894384968,0.7168181415780582,1.4426992297738759,0.7524840579426684,1.4792538962025592,1000
193,-0.07447181770054545,340.42979186013446,0.5050724095422676,0.23118125772705755,-0.5397877758690566,0.35809902901450746,-0.5275870828455782,0.37864344744448736,1000,1.0513364977418256,164.2079589251696,0.5876711359074875,0.19244463727181021,0.6251250954740274,1.3759962489820607,0.6741450086890776,1.4285279867945735,1000
194,0.14120686898570245,316.15819407796977,0.6335986590638938,0.2281564150275583,-0.33922941277083374,0.5727380374701393,-0.3059797044683118,0.5883934424397167,1000,1.0952871299710494,219.88886224808738,0.44472916294929654,0.15085346169688202,0.7843171961089856,1.3755384585974986,0.7996143450451606,1.3909599148969383,1000
195,-0.35958416362914125,266.5772609178543,1.0730677840827036,0.21788655482783284,-0.7689920939255754,0.07496649683310783,-0.7866418110916936,0.06747348383341112,1000,0.8032930010150281,168.09585829074513,0.5984622140956556,0.1746164972535446,0.4668312002562155,1.1581449089311358,0.46104466639808067,1.1455413356319755,1000
196,-0.04770848863705268,406.2559959285962,0.39725817130734353,0.2533722665575685,-0.5638153112405923,0.4784956556351326,-0.5443181310898869,0.44890115381578155,1000,1.0178628688554512,242.464981849034,0.33702076182639734,0.14608281768305761,0.7394851835133106,1.3063440218072355,0.7315405461966582,1.3041851915142442,1000
197,0.42679614652018394,313.6199296510105,0.5539880714833829,0.2665111326062118,-0.14676139042213393,0.9147269014294425,-0.09556567338799116,0.949157966428359,1000,1.1811317402462382,200.71059966541904,0.7852866724711083,0.1826317921693976,0.8354536722388278,1.5528555575686036,0.823173427594219,1.5390900528982576,1000
198,-0.24905762570385725,404.2502209913906,0.38945935457674974,0.21082632857408606,-0.6703433346747303,0.14277035092800147,-0.662277229709066,0.16416197830135143,1000,0.7918143438224021,219.2005837811753,0.40245584651885713,0.16609973495360666,0.4822881423195171,1.1312501101799861,0.46625886331333305,1.1173698243314711,1000
199,0.1555747923315396,326.46179068660683,0.5322634895771688,0.33052836381363193,-0.5375771362656744,0.7664733593095711,-0.492260800743179,0.8034103854062582,1000,1.1434197898894976,213.35377970283199,0.5058564187505755,0.16926696810087358,0.8268051719021837,1.4580381988112134,0.8116565324117854,1.4751830473672096,1000
200,0.09524014931103153,316.76597284848884,0.6648837596489628,0.24317611283843346,-0.4089631078122214,0.5593929287950765,-0.38138503185229805,0.571865330474361,1000,0.8958813447650384,236.6676764164139,0.44533779238155446,0.1524178226420325,0.608799494416498,1.2032992143586263,0.5971424123866548,1.194620277143422,1000
201,-0.2905673036077401,345.1371167489562,0.5321210503436192,0.21610844511598123,-0.7103874573009413,0.10115015974343382,-0.7141398560350634,0.13300524881958314,1000,0.8837648710775414,175.70295014294248,0.6018594828688019,0.16127980416777626,0.5980735112659853,1.2247631461083854,0.5676564549087,1.1998732872463829,1000
202,0.04752634863125982,359.3078569746329,0.5560504489949153,0.35297809312546735,-0.5458082742050306,0.8726720253784,-0.6443107138946562,0.7393634111571759,1000,0.8564965333995485,158.8249964754721,1.6895823224218236,0.3823655110839531,0.2381480961120075,1.8071036836820582,0.10706013167500039,1.6059329351240965,1000
203,0.3174703069493745,327.7243062799079,0.5614777277782727,0.27452131030980176,-0.22710440707775248,0.8350426076145898,-0.2205914612578369,0.8555320751565859,1000,1.1389078988178865,235.0395365026157,0.5151483301723424,0.18819832408598536,0.7410239790746681,1.4764457734456007,0.7700391836093552,1.5077766140264177,1000
204,-0.17892568933062325,277.1403201152955,0.8027516349828233,0.2780388177307308,-0.6925895953989906,0.40419840289160736,-0.7238817720828556,0.36603039342160915,1000,0.8994999929125207,130.68284949182998,1.894614065292603,0.28222158820211884,0.252020171911685,1.348176008390435,0.3463456800363678,1.4526543057886736,1000
205,-0.05572732683775916,338.19969505795046,0.5844903766603624,0.21056282449356184,-0.43754739356396577,0.358307073245337,-0.46843046284514034,0.356975809169622,1000,0.9525712252813543,174.31455062566636,0.4809453315152302,0.14499387209696538,0.6767888783310473,1.2396463599304022,0.6683832359713022,1.2367592145914064,1000
206,0.18628541765153406,402.47641480847074,0.33615081744756453,0.24453382560679793,-0.2945801963785806,0.6557269761179579,-0.2930008805377899,0.6655717158408581,1000,1.2335628501456668,234.90412937933107,0.45068583446602783,0.17551343595140398,0.9060254138573149,1.5794936521737735,0.889556515680915,1.5775691846104185,1000
207,0.003913675278435669,376.19940725463664,0.42674396754279825,0.2654428172479949,-0.517287692678388,0.5202046291181109,-0.5163542465276343,0.5241815970845056,1000,0.8970904965122197,244.08370255528507,0.41376439649860786,0.17818695530940298,0.5489806880853171,1.2440433610650428,0.5478440641057899,1.2463369289186494,1000
208,0.28607735115761423,372.0044141584263,0.44703458394930956,0.26241960824468336,-0.20429277302681398,0.8023424449870579,-0.2282650810019652,0.8004197833171937,1000,0.8050742535084181,250.87355593292375,0.5913981430258292,0.22635132727621626,0.2608011356477727,1.1428368265321978,0.36142565204703425,1.248722854969802,1000
209,0.3693728698409364,295.8974794280119,0.801882354908587,0.3118065371037654,-0.24989964790509955,0.9974046924027749,-0.24176794288244374,0.9805136825643166,1000,1.2010904102437623,204.35242227765093,0.680736455090376,0.22609214336556172,0.8286920325014631,1.7042229147683439,0.7579498092472614,1.6442310112402632,1000
210,0.5302100751099497,427.98625779104026,0.300634414050036,0.2841663657029292,-0.025078729467061592,1.0887289610579092,-0.026756001667791574,1.0871761518876908,1000,1.1769941258862202,250.35927846579312,0.4083645166367921,0.18821976921733424,0.815945785227608,1.5629883882321158,0.8080833782202451,1.5459048735521952,1000
211,0.07832569159981162,350.4365171703074,0.6337321039872369,0.2184121807321407,-0.3685079628302229,0.4952636326379828,-0.3497621826351841,0.5064135658348073,1000,1.1790798153595579,210.93602299610737,0.3977303732779958,0.15597948955194588,0.8778874479383499,1.4825700915258102,0.8733600158377439,1.4847996148813718,1000
212,-0.10335422475134326,362.1270978344965,0.5731968835168814,0.24512091040911474,-0.5805696946721749,0.36199221156834005,-0.5837912091532081,0.3770827596505216,1000,1.1826159467671702,201.19750764148677,0.4662072112129417,0.1558154081230079,0.8544083022951617,1.4982860890495517,0.8772177468460747,1.4880141466882657,1000
213,-0.03987087849848736,426.238450066313,0.27208925446860077,0.26105489849771446,-0.54250877838934,0.47201497751201305,-0.5515384795540077,0.471796722557033,1000,1.0115211437544827,239.59339793815298,0.3561300609075649,0.1808400597760339,0.6545929071161004,1.377461682830464,0.6570746265934562,1.3659676609155091,1000
214,-0.14579906164276712,382.38589047149026,0.3661095899892248,0.25534214167152836,-0.6920904204352648,0.339792364680579,-0.6462696593189627,0.3546715360334285,1000,1.0235156077456837,204.69070926001868,0.41802668957793043,0.17946304905171773,0.6536064520218031,1.3576778895564245,0.671768031604317,1.3752631838870504,1000
215,-0.0324203226423454,402.46517163404803,0.4659635105759572,0.24271708922917312,-0.48660755189711563,0.4554262378237893,-0.5081458175315248,0.4433051722468339,1000,0.987618544303424,209.4421983944028,0.41456525688490126,0.15286900608974932,0.7295689594511637,1.3105549335914926,0.6879952923675153,1.2872417962393325,1000
216,0.1074416752921703,277.903495397558,0.9707102393791446,0.2887517978207336,-0.518195709890557,0.620141661692962,-0.45851184843646764,0.6733951990208082,1000,1.0502342918726537,222.72968966787573,0.45631452453641735,0.15501276694448196,0.7510055379916293,1.3671570472694194,0.7464092686614691,1.3540593150838385,1000
217,0.14640310818708802,348.6077461558305,0.5496943380362516,0.2755503884952932,-0.35091329980760616,0.739299414467263,-0.3936756532636866,0.6864818696378626,1000,0.7443782033665722,223.64480945141904,0.6382648150312742,0.2085376119413538,0.35964606511796193,1.144155880021989,0.33564448396151875,1.1531119227716258,1000
218,0.3101645179594801,380.39467560176087,0.5992386688119459,0.21243814675506031,-0.12550918216985432,0.7208525381852461,-0.10621424968043813,0.7265432855993983,1000,1.26930415386912,230.80376363236107,0.33847035667275066,0.16741330640071267,0.9402753269792271,1.6059389978956085,0.9411740733237233,1.597434234414517,1000
219,-0.1655656230506395,332.7930329940054,0.7187464645914806,0.22109740740925443,-0.6545626166169246,0.22748447316421333,-0.5989165415727782,0.2677852954714992,1000,1.0573475233501135,211.45136517612247,0.42569108155147867,0.15191805713811976,0.7675549383422279,1.3555944786602963,0.7595881313593988,1.3551069153408282,1000
220,0.009870178545745567,366.4391531925886,0.40012703721064147,0.24319182860386263,-0.4699078934780976,0.4591075562489725,-0.46678580551782517,0.4865261626093163,1000,1.1130143264640076,203.78444740554838,0.433127016765127,0.15433328992627085,0.797190749691264,1.3980661287667004,0.8105210782085167,1.4155075747194985,1000
221,0.10382609184666602,336.00781945900786,0.5453123118330918,0.2847476787089176,-0.46130731931971924,0.6562619655714493,-0.4542793584228124,0.6619315421161445,1000,0.8628634972412468,208.96548470972584,0.5327153070271256,0.16875382919485943,0.5186021128273751,1.1816085044324212,0.5321059920193223,1.1936210024631713,1000
222,-0.32124046627334746,323.09763958510587,0.4789999237207461,0.24043676692328692,-0.766451982719675,0.16474717847510595,-0.7924965294429898,0.1500155968962949,1000,1.085742443462438,176.36881129615898,0.5705711377826425,0.18452369284654163,0.7401972658880113,1.4711299587587192,0.7240760054832165,1.4474088814416597,1000
223,-0.2867294614982865,435.0533620052292,0.27678212449113315,0.2145784170549287,-0.7163390350536045,0.12465201595969781,-0.7073031589259466,0.13384423592937372,1000,0.9975273186720495,245.87196007995573,0.32088716209650314,0.15614013469838825,0.707826904468684,1.3103303878067933,0.6914926546632085,1.3035619826808904,1000
224,-0.013444030039813537,382.0413530469224,0.36360173201878765,0.20847559257563503,-0.421182524432179,0.37871350784575836,-0.4220561914880582,0.3951681314084311,1000,0.9723555033506335,223.12627504297495,0.39918430716354986,0.17403089008188077,0.6737914824080125,1.361837450302789,0.6312549587901471,1.31345604791112,1000
225,0.31130488818928725,278.79172201564296,1.3822902323060495,0.2707890290472674,-0.2136256303956693,0.8041381052685165,-0.21944160874335694,0.8420513851219315,1000,1.0094203117628124,222.40938930914626,0.5776067728275953,0.1997935179408812,0.6010084840957751,1.382451191980407,0.6178250165986853,1.4010156069269395,1000
226,0.028219141989010765,295.8839108837501,0.5010054177604784,0.4265562271763975,-0.8488485308092425,0.8442843611306671,-0.8078310632767284,0.8642693472547499,1000,0.977052578070372,176.62389416216024,0.9049646175625534,0.2663187567991154,0.5695876919102619,1.6058528608087632,0.45506781474410596,1.499037341396638,1000
227,0.14666977630531797,345.8693409193879,0.513415908236327,0.3034349828841686,-0.46935661977635446,0.734529736987014,-0.4480627901476525,0.7414023427582884,1000,0.8367548913426424,214.9088024034192,0.646997422903387,0.21041170735164008,0.42151922677955667,1.2186052546246702,0.4243479449334278,1.249161837751857,1000
228,0.0892119440313186,368.94450104700127,0.3285089128859574,0.2286088725691889,-0.3224993764806843,0.5241252187155373,-0.35886144620429167,0.5372853342669288,1000,1.0777361223129382,237.34917660435573,0.3531080379643237,0.12560319818381707,0.8571446001680284,1.3317018806015288,0.8315538538726568,1.3239183907532197,1000
229,0.15730787017357528,275.75981964128505,0.9165889722939452,0.28173137959562505,-0.40435380224852213,0.7139295473589068,-0.3948856338338498,0.7095013741810003,1000,1.3240268201595349,201.78207483851344,0.5354774308781795,0.1910956367836313,0.973813454846363,1.703386112121625,0.9494793720636174,1.6985742682554523,1000
230,-0.013936916788932496,378.5683494518289,0.4084245136561279,0.2791049700384697,-0.5697529710704025,0.5242593426823254,-0.560982658064333,0.533108824486468,1000,0.861059421837354,236.22714387560913,0.4998335137976152,0.19287018658869004,0.44642369015514094,1.1949005007883537,0.4830338561235215,1.2390849875511865,1000
231,-0.5826900098731187,450.87976283800504,0.25393896000605953,0.21155358977305835,-0.9830653653267528,-0.12644448871561947,-0.997335045828313,-0.16804497391792433,1000,0.6707202402874115,196.9719707176628,0.4147146549903499,0.15032951603001576,0.38378670774910756,0.9636501077664985,0.37607438886858063,0.9653660917062423,1000
232,0.07025143920904187,381.7554952680799,0.3138278451014706,0.22887742879833203,-0.3731769730575347,0.5118102026243002,-0.3783483212356889,0.5188511996537726,1000,1.0329148676888726,237.06242476656658,0.4545938212725198,0.1669354118229277,0.7341050787325958,1.3943059857733264,0.7057214605159343,1.360108274861811,1000
233,-0.5326312186686089,315.4953834631185,0.6199256067570815,0.2818450139067222,-1.1246658134755154,-0.033099114380590794,-1.0850474459257842,0.019785008588566577,1000,0.6005618398799295,208.8860195276534,0.6671389464846231,0.21222914856204061,0.18076619350645914,0.9550935566106943,0.1845927086983299,1.0165309710615291,1000
234,-0.16001361804015435,314.22641479857,0.7614163893391551,0.3080898689492609,-0.8399827751902968,0.4012798081034059,-0.7638697611807057,0.443842525100397,1000,0.975452718332396,217.13260974292433,0.4398306964109541,0.16584580000725288,0.6607445874196446,1.3102138175222862,0.6503949503181803,1.3005104863466117,1000
235,0.1835965507885189,367.3678251830331,0.438128053549238,0.2912010241663836,-0.4035000725717024,0.7619271776864802,-0.38715745657759293,0.7543505581546307,1000,1.0866812100140804,271.94231519411176,0.30184390213211454,0.15343696792618047,0.8096222408033297,1.393034188805889,0.7859447528787666,1.387417667149394,1000
236,-0.3286220696582438,335.4875897149173,0.8321540548543371,0.4923453745118786,-1.411110926555608,0.47494173978010135,-1.2936190037015258,0.6363748643850382,1000,0.9670350750632606,192.98823666547142,0.6305590481731461,0.2312352137957179,0.5925569247210074,1.4808510042872085,0.5138140560236535,1.4202560941028677,1000
237,0.20064585441058203,393.66185628156,0.47020990830317044,0.2526032066176474,-0.3189323637002817,0.6825200121485793,-0.29445643056000687,0.6957481393811709,1000,1.008666334022816,257.03629591765605,0.3435234070596003,0.16737020554543375,0.651707911256606,1.3326758413105875,0.6806207311537658,1.336711936891866,1000
238,-0.21207888221483628,388.443006724216,0.4312074606264644,0.24633540504542592,-0.6995621184334907,0.2569721123267473,-0.6948962761038711,0.2707385116741985,1000,0.8333227092877027,239.97374666135573,0.33837324272894576,0.15589086477938266,0.512794810661415,1.1310926873395122,0.5277766143201127,1.1388688042552926,1000
239,-0.4347030135184573,309.78916623421514,0.8909049759091779,0.28485976129648416,-1.053535393359375,0.03475529633083116,-0.9930281456595662,0.1236221186226516,1000,0.7262757469784753,209.80200337138717,0.4448970524540776,0.1590637590989435,0.41616784206691637,1.0237824270867029,0.41451077914454604,1.0380407148124045,1000
240,0.12813311675053551,289.77969718662706,0.5826014004888785,0.3248123479580649,-0.46842985871108234,0.7915448572240041,-0.5084990852472717,0.7647653187483427,1000,0.961647836106081,186.36964958593097,0.5327647083055413,0.1867182581087458,0.6539604833029419,1.392190589310042,0.5956800502129392,1.3276156219992226,1000
241,0.15206479330370914,343.2206963247555,0.48268580716840737,0.22811445447749717,-0.3028112036302421,0.5891731831100583,-0.2950395374721853,0.5991691240796035,1000,1.013972409253689,216.50971968293783,0.3851870331963242,0.16084463937366228,0.706610271834597,1.3472184108730594,0.6987169160813109,1.3292279024260671,1000
242,-0.05326975869560702,335.0237010187591,0.5241509373083222,0.269883101952671,-0.6064421937225569,0.48007392048654574,-0.5822406385228421,0.4757011211316281,1000,0.8605709062516644,201.10649876939877,0.8390974282054757,0.266002120508652,0.19083546581103547,1.2744476650788283,0.33920675005470646,1.3819350624486224,1000
243,-0.05587707316808466,347.15856317766423,0.7112525879129362,0.2970033569479686,-0.658124205871887,0.5398305701069096,-0.638003652786103,0.5262495064499337,1000,0.7915203144055454,258.04363223354454,0.42221503147358297,0.1845749047074033,0.4140819844597478,1.1397337697624084,0.42975350117903494,1.1532871276320558,1000
244,-0.17996425254720316,426.82779320919184,0.26423739557953363,0.2585891523189229,-0.6730470822021275,0.3372055364829773,-0.686798991092292,0.3268704859978857,1000,0.9104222968367939,224.1554030868146,0.3409540286449637,0.13460074188268822,0.6653563271273869,1.1842060840268849,0.646604842746725,1.1742397509268627,1000
245,0.01560077611805566,451.59513774296465,0.22171623404984522,0.24799679507490985,-0.46446953903328797,0.4766915485387474,-0.4704729422287676,0.501674494464879,1000,1.0459239138876546,261.3762012587682,0.30671599385506804,0.171592875722299,0.7065696729161787,1.3745767328210763,0.7096018774719486,1.3822459503033606,1000
246,0.42918669006047905,315.74471549510366,0.5364712690874652,0.27952788591724326,-0.13103997069538315,0.9552239847773966,-0.11868796633731771,0.9770613464582758,1000,0.9747484730606502,210.28194119032943,0.5321461258748076,0.17213562486127126,0.6375437946301075,1.323319591201913,0.6373626483325585,1.3121342977887418,1000
247,-0.2253145944977737,374.9401297183152,0.45911230198345415,0.2515012631470346,-0.725608462178532,0.28133515764086275,-0.7182570702659614,0.2676278812704141,1000,0.9678961912736401,219.81336977415748,0.39257809858888426,0.14575896770305166,0.7150729854677204,1.2978688177820008,0.682208614575659,1.2535837679716213,1000
248,0.014140963203114865,295.425750475947,0.8308725017115796,0.31668543137733085,-0.6237028344353058,0.6038734959513601,-0.6065624822964536,0.6348444087026833,1000,0.9094530558507503,200.48434548298908,0.4952363759242109,0.1504950968681676,0.6225274204445465,1.1920280249476651,0.6144826659891418,1.2044234457123588,1000
249,-0.028722095363305833,381.78251800521105,0.44467997499589335,0.23456056668637051,-0.4991488549910194,0.4222128192401918,-0.48846080606859205,0.4310166153419804,1000,1.1668430221154513,219.35072842927667,0.4213342090707029,0.13645255971519954,0.9062294892124841,1.4422617884400901,0.8993960050736602,1.4342900391572424,1000
250,-0.4001271666682613,367.0958209596085,0.5579710531177693,0.2647707065469807,-0.9551336248077177,0.09933488664881907,-0.9190777515003434,0.1188234181638208,1000,0.8505693471954805,223.95617909810844,0.4092569934544432,0.15653684220038439,0.5512957766806488,1.1679539244222206,0.5437571364827272,1.1573815579082338,1000
251,0.09055123710556279,358.1915652585594,0.5733887198268445,0.23329273175629203,-0.3778515288457348,0.5562413300310111,-0.3667025171367696,0.5478049913478952,1000,0.9221913683465859,264.7328721877611,0.35074387617427305,0.20303651503126222,0.5059130591583142,1.2907283732585597,0.524239798885312,1.3201429378078597,1000
252,-0.10227641313525648,314.00770274592736,0.5190413846127202,0.25654896116614057,-0.6227071998877316,0.3876136734018614,-0.6051123770208919,0.40055955075037897,1000,1.108336346915717,216.7204457223886,0.4862085475733317,0.14159822690407947,0.8453090693310854,1.3406652308067266,0.8308038221837213,1.3858688716477128,1000
253,-0.23091273035268944,316.29297760770174,0.6253182717499388,0.26226186127062756,-0.8060204953019514,0.2273772046383379,-0.7449459784431195,0.2831205177377406,1000,1.042785015679263,209.2358437473488,0.4579404045747291,0.1409584146975051,0.7588821696549354,1.2980765772839589,0.766506522872153,1.319063508486373,1000
254,0.3911164140633714,258.6443101572298,0.7756299771630433,0.34769743664326835,-0.29105712920525356,1.0720099331411728,-0.2903705617574346,1.0726033898841774,1000,1.3555544616604167,139.3974000661902,0.9756100202524218,0.25708522386020066,0.8824922234360868,1.9734339627524204,0.8516674228944234,1.85944150042641,1000
255,0.0520035825633931,407.35844668111497,0.3094373715595346,0.23595070735163332,-0.4306920103618198,0.48965849698059244,-0.4104598038458082,0.5144669689725945,1000,1.084971496124993,194.03506631287,0.4192835114676693,0.17681941907159268,0.7360233250501413,1.44118647270345,0.7384054347446714,1.4315375575053146,1000
256,-0.40718069344774,355.80760056503266,0.43070426737802686,0.27122384517258713,-0.9469244835861944,0.1044680086078127,-0.9387794299860107,0.12441804309053073,1000,0.8828186041272388,211.37118338902752,0.39759580718458054,0.17140745433333854,0.5410591362290317,1.2202284943044366,0.5468599936338953,1.2187772146205824,1000
257,0.044752868401341406,374.21423100024765,0.4577421205023728,0.34054808818382093,-0.6518004981522272,0.7114342147362721,-0.6227213844389476,0.7122271212416305,1000,0.7241776195581826,223.7825487066804,0.6778654679564268,0.3029435197830155,0.01723880715375908,1.151655818397774,0.1304083207834723,1.317946918332893,1000
258,-0.10107743614800313,392.24356384984407,0.34140349112402274,0.24037748345245522,-0.6044274516480013,0.3611142460116352,-0.5722173037148153,0.37006243141880907,1000,0.9250712165469168,249.62641419976694,0.49763938964977394,0.18288604290957805,0.5740087807029556,1.2949477270958625,0.5666145724441438,1.2835278606496898,1000
259,0.3448776630980399,283.86838910739266,0.7408799485032579,0.28162824487464483,-0.23030335305564806,0.9045552036413069,-0.2071136968562639,0.8968690230523437,1000,1.0675179761380522,183.63427130693952,0.875384981442986,0.2303185003560176,0.6845360827923503,1.5974749111456927,0.6160937154402577,1.5189422368358467,1000
260,0.37121567781613773,332.52053952632707,0.5693497338463197,0.2926442773524191,-0.17533659570832918,0.9555098188829934,-0.2023671057946037,0.9447984614268792,1000,1.1107063672080062,170.1115680147208,0.883283221998846,0.25547368004793153,0.685948554628429,1.7142803688488217,0.6099779543140604,1.611434780101952,1000
261,-0.004366766050456938,373.1456915944576,0.3927447183633549,0.2604579042999143,-0.5126693250273852,0.5290759393378442,-0.5148642584782889,0.506130726377375,1000,0.778259544249094,231.48483691814747,0.5121637869461112,0.16407145505451554,0.44194975557449023,1.0974818794995111,0.4566794923422436,1.0998395961559444,1000
262,-0.21137372398740872,334.9515241699132,0.6300841645521029,0.2923092869797579,-0.8544161980375928,0.3478641375388669,-0.7842999264677342,0.3615524784929167,1000,0.9658925434342343,195.4919167295406,0.6451643797014571,0.22277917408741005,0.5289063240041935,1.361688068610055,0.5292453622229105,1.402539724645558,1000
263,0.26492007179939625,389.8630952410603,0.378303832499315,0.2890748750084954,-0.29996087392474957,0.8260426107348684,-0.30166668321725465,0.8315068268160472,1000,1.1940304240762858,238.99780672154495,0.5206711817572919,0.18106757120928546,0.824178828511796,1.5210938415341337,0.8391379845060862,1.5489228636464853,1000
264,-0.17690203222913947,302.75256860699244,0.7217985035921421,0.21863404275737075,-0.6077182459850973,0.23721283550470243,-0.6054247560335861,0.2516206915753072,1000,0.9163654817493585,230.2400943278253,0.41745572846301804,0.1445487881669003,0.6540569422119222,1.2212379404040985,0.6330498569422339,1.1996811065564832,1000
265,0.5037407798804514,408.9471637275404,0.3601814993075287,0.275656325077799,-0.06055977101494846,0.9944637200056436,-0.03654561727203465,1.0440271770329375,1000,1.2742676785472629,226.25033686286167,0.331790232005305,0.20536419783174115,0.9216905615857295,1.6446485501055077,0.8717538507970501,1.6767815062974756,1000
266,0.0330970947648197,408.7206213864139,0.32246786349454404,0.24495377226842996,-0.4421498006863916,0.5283803406640265,-0.447012298881303,0.5132064884109424,1000,1.1608515860652577,191.05871858799335,0.4626560632096164,0.16781370141574156,0.8624821383176741,1.5197150091425609,0.8319367312904042,1.4897664408401112,1000
267,-0.3035593610000422,380.3005235777932,0.42715596336905404,0.20304847401226558,-0.7167692901428617,0.09085607039576592,-0.7015343700640828,0.09441564806399833,1000,0.9663222960176223,220.27267651948634,0.41939148717482366,0.16327135059641362,0.6653328953502718,1.3014399049986314,0.6463104488486516,1.286334143186593,1000
268,-0.3999961207881313,296.5349977900236,0.8268162397308408,0.321209013858489,-1.1101179418619846,0.1427365361357242,-1.0295657879507698,0.2295735463745071,1000,1.0608479799177246,201.46786061373277,0.6040482788862009,0.15831164162682096,0.7751675961601983,1.4138242030158779,0.7505571623291556,1.3711387975062936,1000
269,0.05852870875707783,401.38127628779057,0.34209934565150696,0.2402705677818335,-0.43273573845325597,0.5049136600258212,-0.41240160409531584,0.5294590216094714,1000,0.7844925010238364,239.7703851788614,0.4290751149837825,0.17159934385637213,0.4543705003227393,1.1261956094369947,0.44815778706534704,1.1208272149823257,1000
270,-0.06824224529431122,406.1662804059511,0.3634799285057922,0.25440141183889986,-0.5777799899356126,0.40862097166360023,-0.5668690124985549,0.4303845219099325,1000,1.0980092791639815,191.9081378151953,0.4650247663274953,0.17296713122487165,0.7604014046072365,1.472465973962716,0.7589937019632331,1.4370248563647299,1000
271,0.07435622615029747,287.49171076656916,0.6678592849826289,0.28664836677982175,-0.49095639757950105,0.618746179609894,-0.4874745727381532,0.6361870250387481,1000,1.0492443333600332,208.6606340156944,0.4923784791467237,0.18384734844294628,0.6915999083836197,1.4023884753213873,0.6889035304118585,1.409585136308208,1000
272,0.18664139187867068,372.04424327507394,0.6352576774875726,0.1959313474815888,-0.20181834070097873,0.5621323211620735,-0.19738404918524338,0.5706668329425848,1000,1.18746858279279,213.2394526062472,0.40697321186816104,0.15368599736056165,0.8834939776832873,1.4897043907333114,0.8862440279660891,1.488693137619491,1000
273,-0.5430712249912526,352.4355271755355,0.9059375512998439,0.2898794264969433,-1.1092487298133786,0.013843670115163421,-1.1112349009252616,0.02509245094275625,1000,0.9155324472993813,226.58499711186568,0.4030043144378756,0.1491552041810601,0.6374112588090148,1.2172929267905814,0.6231882471045036,1.207876647494259,1000
274,-0.30744712355604475,433.18858634401573,0.29220685960107373,0.2031640991165956,-0.7005604370431564,0.08923656678809623,-0.7056487578245721,0.09075451071248264,1000,0.9026897596140877,247.94447264542774,0.31857284424524074,0.1587423988209224,0.6086292742086465,1.230763207284346,0.5915546579250799,1.2138248613030955,1000
275,0.0377692268973302,296.8921549542031,0.6397576059000578,0.2883823734174021,-0.5224769297324414,0.5801378949118744,-0.5274602250007778,0.6029986787954382,1000,1.1030792845986674,224.86062918425796,0.4004129631470334,0.17453492535071932,0.7573495215210849,1.4312655292226584,0.7609908309112576,1.4451677382860773,1000
276,0.19631275780398738,315.6891444843265,0.6153032895282833,0.28127975906098895,-0.33634724384128817,0.7501804804986654,-0.3549955699555509,0.7476210855635257,1000,1.2545050903566652,211.930235197883,0.6477225884278244,0.18383404849197998,0.9420204500219783,1.6436864270911553,0.8941903553123844,1.614819825400946,1000
277,0.016539507949353993,351.43537909005175,0.4594653799727917,0.26227056407310845,-0.5063113317761357,0.5418187067821648,-0.4975107976339386,0.5305898135326466,1000,1.008184392951443,215.4864949402499,0.542267002542235,0.21495164570370515,0.635634742267695,1.5018948731471071,0.5868791673721808,1.429489618530705,1000
278,0.18141097315809773,303.3990772530779,0.763816787190091,0.2611173344292147,-0.29240934176351424,0.724427443257289,-0.3303790023231631,0.6932009486393585,1000,0.9812684059470831,179.69540752117274,0.5402828446328061,0.19974272146588415,0.628494661467515,1.442521386826284,0.5897726718739502,1.372764140020216,1000
279,-0.34159648837459233,341.14623146515527,0.6828027298500675,0.24920209861546003,-0.8430818803609661,0.1304968097541004,-0.830032601660894,0.14683962491170932,1000,0.8142894802124614,219.1057282650766,0.38767304606250924,0.16556582422891647,0.4824463303059976,1.127235118847788,0.4897804647237851,1.1387984957011377,1000
280,0.5428725138937787,349.6164569621868,0.5665509460859481,0.2408467088899159,0.04754131554250405,1.0029924780589843,0.0708129644695435,1.0149320633180139,1000,1.210236917819294,198.40792417298417,0.8808276061763497,0.19414985202824642,0.8618997736546034,1.6198318947378048,0.829703207843931,1.590770627794657,1000
281,0.026898479271544318,397.93863653352673,0.3406208735813551,0.21995173935706946,-0.3943932030603828,0.47507750149219236,-0.4042069298683118,0.45800388841140044,1000,0.996959991831994,277.296708124929,0.2882512111044809,0.13914018190732905,0.7161506127804798,1.265354819620485,0.724245235293629,1.269674748370359,1000
282,-0.38379565639869284,289.8695475634602,0.6768750165768165,0.31060206378763666,-1.0493119779586475,0.19481273943924673,-0.9925757014224607,0.22498438862507497,1000,0.6687258749770391,160.61688496390636,0.6645218831969595,0.19903229889775287,0.24843225058153096,1.049592461370334,0.27862256913744343,1.0588291808166348,1000
283,-0.3849879856501035,356.21766705959766,0.5547069018796678,0.2969822411298403,-1.0211017620158522,0.1300804418480189,-0.9670731782645905,0.1970972069643835,1000,0.7893325341442106,258.0513343352826,0.36334527164674746,0.17567351598455788,0.4183902196829703,1.1079651311057528,0.4450124428144771,1.133652625473944,1000
284,0.12988510362863614,250.29641396676186,0.7752714203817618,0.3134283116239802,-0.45870416498178496,0.7232896101480785,-0.48443438715436504,0.7442045944116373,1000,0.970893258721353,135.28646553783474,1.0389786872224192,0.23147168920292618,0.564055131997475,1.480282590293571,0.5172087478836177,1.4245777695590882,1000
285,-0.47973181550603305,415.0870774417629,0.2992851236814109,0.23316071864919707,-0.9197340336951441,0.011734518547131026,-0.9367268240584593,-0.022736806953606803,1000,0.7186766878035653,270.4180802542195,0.2973285013318783,0.16006895254558146,0.41797626909636393,1.030155154084062,0.4049415408142257,1.032411834792905,1000
286,-0.21414870629965144,348.31565128234865,0.5176865376301644,0.26614765063489576,-0.7749671621440846,0.2859964810098868,-0.7357981015440471,0.30750068894474425,1000,0.9893675578551249,257.50343466510316,0.36233592228583034,0.13649921849849922,0.7170720307833371,1.2466398687122786,0.7218290895980664,1.2569060261121834,1000
287,0.05789642988999866,337.72010220038794,0.48502735991324625,0.25235061252064206,-0.43089515730036215,0.5547900853265018,-0.43671077065045977,0.5525036304304571,1000,1.1109550713620213,221.4597629030599,0.618563554535541,0.18793743225104956,0.7670837654850365,1.487237124069829,0.7425977041499642,1.4793124385740786,1000
288,-0.026208551412051584,307.2487285958068,0.6910768399810815,0.22531602852081295,-0.4952010141930048,0.3863556352855509,-0.467827967312845,0.4154108644887418,1000,0.9839664104131236,198.21103093900155,0.5183007081230957,0.18344925861596068,0.6500944036168045,1.3673262302473848,0.6244058635258407,1.3435269573004065,1000
289,-0.27197487454563785,363.5008542836755,0.48041192025923296,0.22619865538369816,-0.7246981408073225,0.1728958497071067,-0.7153242390976862,0.17137449000641053,1000,1.0026325880839684,177.24133855008515,0.48594429040023535,0.18189303702177168,0.6621034846709916,1.3722724111362679,0.6461222355212959,1.3591429406466409,1000
290,-0.004085113806914897,396.1996152494874,0.40275086581203057,0.2297347730771498,-0.4470933920997615,0.4406069166528392,-0.45436526903812846,0.44619504142429867,1000,0.9238943636751888,208.82307867305744,0.5623806603316035,0.17419750167744916,0.5876012881279076,1.2637696299604948,0.5824672603873885,1.2653214669629893,1000
291,0.02360840649925322,404.4195384127466,0.3378758579211993,0.29661209671404454,-0.5489542350718223,0.6269483257173853,-0.5577513030602741,0.6049681160587805,1000,0.9512068858269753,246.0518719372027,0.3064623496969411,0.1920588078270039,0.6224104866236654,1.3827667276434226,0.5747716224860477,1.327642149167903,1000
292,0.09933935979510089,397.166975474411,0.3161552432682449,0.28695818240753035,-0.4349362802697,0.6870252829626928,-0.46309867772365854,0.6617773973138603,1000,0.960069462361004,296.71432567114573,0.2814713565091468,0.15704827351185094,0.6593494257239549,1.2991653688380642,0.6522548462777762,1.2678840784442318,1000
293,-0.1750073222270001,368.40939065323744,0.5556457168732276,0.23654589566146497,-0.6400774249457254,0.285945912174359,-0.6386372777234715,0.28862263326947124,1000,0.8829781135132793,213.72584520821454,0.45274606817905155,0.15038852136543734,0.5800735303016448,1.1670458628400981,0.588216611637022,1.1777396153895365,1000
294,0.43748841856517684,360.0649241588004,0.43237331525492834,0.2868408867111389,-0.12658968994597117,1.0166118665322166,-0.12471971938865534,0.999696556519009,1000,1.01189852044637,274.7470348054067,0.3177222910934894,0.17175317230233697,0.6690662847762187,1.32774661403465,0.6752623027337895,1.3485347381589503,1000
295,0.11810083700891827,433.49909300577843,0.3211054174245596,0.2600575540643953,-0.4195854170977806,0.600812329102599,-0.39161196895729644,0.627813642975133,1000,1.099657843516061,233.26766084782687,0.36197091742946147,0.1631612251639237,0.7625206499375012,1.4199009329454384,0.7798618421947707,1.4194538448373515,1000
296,0.03881991875182145,424.9444986150421,0.2988090210183858,0.2012365026417406,-0.39558327287514783,0.4194667442742206,-0.3556036264259901,0.433243463929633,1000,0.9852318605904125,271.6202507748011,0.44270226110484506,0.15670140801381258,0.651091210491193,1.2760614385864355,0.6780971008833399,1.292366620297485,1000
297,-0.007508154193932803,338.11196867495835,0.4268063227259838,0.26044318940798356,-0.5105020944210918,0.5187933539186477,-0.5179768054335806,0.502960497045715,1000,0.7626542799762053,230.16142982758336,0.5633757630111298,0.1986927775388009,0.3883369668125558,1.1829990706133933,0.3732164360001555,1.152092123952255,1000
298,-0.17850001179678898,339.40627355289473,0.5837338595171615,0.19783461300898492,-0.5806181534265912,0.18594689105118747,-0.5662558532943994,0.20925582970082146,1000,0.9384098247033044,211.91036612600152,0.4261027916371357,0.14855351723824903,0.6574447692839117,1.2366903782359873,0.6472449309163363,1.2295747184902726,1000
299,-0.03013072229156677,331.62373692571975,0.6222575744486408,0.27120520916395546,-0.5714698192233355,0.49021274754663813,-0.5616929322529195,0.501431487669786,1000,1.183670290526972,222.92265457535623,0.3995682449585183,0.15105350334069984,0.8721385247411859,1.481376391703012,0.8876054239792004,1.4797351570747437,1000
300,0.26535277328294793,343.42190530094103,0.6112481270340373,0.28348542460846615,-0.25367706986676736,0.8078628473566899,-0.2902786589496458,0.8209842055155416,1000,0.9941696694401991,262.41630692940396,0.3553225960639588,0.16543046554981605,0.7038733357611194,1.3313812216809353,0.6699259569625597,1.3184133819178385,1000
301,0.46560510066391014,335.2465797339024,0.6891008902960571,0.2396044710972449,0.01783197115303884,0.9224040352193046,-0.004019662686689851,0.9352298640145101,1000,1.0941287989601758,232.95335128055373,0.5635759856932835,0.1613529874911469,0.7806300227095415,1.4229682142641649,0.7778769434775279,1.4103806544428237,1000
302,0.13344593405277339,407.7754775946237,0.3055563678977445,0.3069544772143183,-0.46382689674504457,0.7254477769823263,-0.46818484128729043,0.7350767093928372,1000,0.7720954914578027,224.5255094893245,0.5433276321221205,0.32983199874336033,0.08320173330800895,1.1396786441883207,0.1256247739208164,1.4185662089947888,1000
303,-0.18206872996393697,329.6130397319574,0.9826791207111065,0.2336526013405265,-0.6489930051887703,0.2601780427077405,-0.640027828591369,0.275890368663495,1000,1.0157738211303498,208.85744435465833,0.4136177939306764,0.135645873911574,0.7634404937209377,1.284887461691576,0.7499079082636647,1.281639733997035,1000
304,0.11660724392845401,396.8111456901279,0.37249843278984696,0.21913084528147328,-0.3154732876103449,0.548909530722754,-0.3128892128232336,0.5461037006801417,1000,0.9300936343396669,250.08690988090035,0.3420681381378456,0.16767050031637107,0.616423195467802,1.2634403927473903,0.6014594537195795,1.2587278149597543,1000
305,0.22763005217303123,306.1952209078838,0.6953714313683494,0.3066201773062489,-0.3738470708768256,0.8179004817250624,-0.3733454953472166,0.8286055996932791,1000,0.9831508747858386,197.18719606448227,1.047556462315338,0.20710061216622988,0.6384027667999999,1.4674605096413607,0.5772336749400281,1.3890680746316493,1000
306,-0.3989540403474967,328.5354742414876,0.7913587830692795,0.26405778238557615,-0.9264302943737373,0.05758929089048194,-0.9165072938232259,0.11859921312823252,1000,0.727910007670761,214.97046834203704,0.424252016185045,0.16235019924183802,0.43298425069191104,1.0537776501413325,0.40970361715675846,1.0461163981847634,1000
307,0.38753530680777093,315.54846571953374,0.8086266959332427,0.26021331140719683,-0.1334755992150634,0.8632194174057878,-0.12248278355033482,0.8975533971658767,1000,0.8879987632251658,221.8556916966053,0.8176277936534906,0.31932172108129236,0.20406820622632396,1.2429345629927488,0.26212818990583275,1.5138693365444988,1000
308,-0.3921422930128813,411.37824072748305,0.32166226993275987,0.23010923187172036,-0.8375172668191753,0.06070835061923714,-0.8431563874814532,0.0588718014556906,1000,0.6830854772614656,231.70793268505486,0.3665997287979392,0.13395002332193925,0.4380231545255853,0.9395637320120324,0.4205434315504647,0.9456275229724665,1000
309,-0.05636011677585362,330.6334393739536,0.5579693985873265,0.2566993554661333,-0.5502045179258952,0.45922708136329093,-0.5594908534894749,0.4467706199377677,1000,0.8874413544200204,225.36052661666113,0.3753790449411566,0.17812071587432218,0.5394825702772633,1.2503418194557798,0.5383247513063489,1.2365579575336918,1000
310,-0.05747944562595508,357.07300045418896,0.40463041232785685,0.2550572694392789,-0.5671006454573267,0.4398999268662877,-0.5573916937269418,0.4424328024750316,1000,1.1049011744513648,223.85590338827203,0.47924950245696873,0.1641156901009724,0.7752086335196291,1.4241209716057632,0.7832344218534589,1.4265679270492706,1000
311,-0.523596654399431,391.9924913979674,0.5219439349098494,0.2665795347354787,-1.0905664967059323,-0.04399671773927389,-1.0460925424809693,-0.0011007663178927984,1000,0.7659783949155683,252.94084804157555,0.3720519261085825,0.16792582561585623,0.4371456712917474,1.0852457954081385,0.4368437767084901,1.0951130131226465,1000
312,0.20240394096312997,261.4149230328786,0.7428580734567063,0.23160080867456873,-0.28061671653185816,0.6011301879585008,-0.25153364403902473,0.6563415259652847,1000,1.1099049777585446,142.51075241217902,1.148606343220885,0.21078823776113642,0.6845568925948472,1.512229087063226,0.6967600317467172,1.523049923770372,1000
313,0.4273052263044046,371.5086980990755,0.47246264830047163,0.24981531845261237,-0.05113854006206801,0.941784414925291,-0.06233279786271567,0.9169432504715249,1000,1.2012258488407048,254.13024800568348,0.34071931266017735,0.16567509774122338,0.8744815627959108,1.5168414465467364,0.876502657267907,1.5259490404135025,1000
314,-0.006871400294978791,379.397487379488,0.4263999005827166,0.20468792090625856,-0.45352890868537304,0.3780998840850617,-0.40805972527124557,0.394316924681288,1000,1.2061429758779019,223.64434972030944,0.38031235282895026,0.15144826623482935,0.920484107099958,1.5147132291552012,0.9093043740576363,1.5029815776981674,1000
315,0.14583844715994632,391.05219084175206,0.393463701775564,0.2392592338329319,-0.318572751610699,0.6147364925252092,-0.3231096511526002,0.6147865454724928,1000,0.9471672100632822,233.84215369390256,0.34856706717302033,0.1849926737435371,0.5827891928338078,1.3013513228265874,0.5845815695259495,1.3097528506006149,1000
316,0.07723200354085558,367.3750513080383,0.4419809813650257,0.2098127181262079,-0.3527016431811395,0.45978178338290465,-0.3340009239865119,0.48846493106822303,1000,0.8964413215659031,237.80345000132056,0.45100826132255284,0.15019484291324597,0.5778170113134108,1.1757562183708659,0.6020594294559409,1.1908232136758652,1000
317,-0.04379650498364862,348.3169184087969,0.40089201292946947,0.21325765615040332,-0.48187610718838686,0.3745236170835418,-0.4617815110384391,0.3741885010711419,1000,1.1834186433752558,195.65686627998124,0.49508318733951767,0.15256263736370462,0.883744291453929,1.4882502561045723,0.8843958741423947,1.482441412608117,1000
318,0.39025788685651275,416.95629033237816,0.3152384549733907,0.24672601432557545,-0.09007627067684902,0.8494401292754618,-0.09332510122161514,0.8738408749346407,1000,1.1668504888064004,250.9749346340668,0.3181047867097048,0.1564035104210573,0.8815176313489401,1.492857431780508,0.8602996083811281,1.4734013692316728,1000
319,0.17164962059207678,311.7178906394319,0.6601138461482413,0.24772945916190137,-0.2823179982665654,0.6857619949736007,-0.31390011936524986,0.6571993605494034,1000,0.997582898180013,200.87298604376372,1.0997955266336725,0.21180897035584065,0.6151094067041498,1.4347572973626712,0.5824373162825653,1.4127284800774607,1000
320,-0.18150030101691783,408.4611981501934,0.3620123012995981,0.28292517467942746,-0.7280774339506917,0.3674258875057216,-0.7360336433885957,0.37303304135476,1000,0.9516676835919946,240.7840963741926,0.3804065992882805,0.16173638381180838,0.6474975452296615,1.2727723797352641,0.6346643713208502,1.268670995863139,1000
321,0.03088007131109638,315.0554627903714,0.5434209134688602,0.28913038977508015,-0.5412442352310888,0.5875973218745947,-0.5358154926480607,0.5975756352702535,1000,1.1516393830261542,182.16496297798707,0.8442305454382754,0.21536168815245088,0.7923457728110068,1.649677952769192,0.7295304742473505,1.573748291804958,1000
322,-0.04853131650902842,361.7802547051711,0.4166799975263199,0.26093822520704885,-0.5590920997702756,0.45932619609810366,-0.5599702379148441,0.4629076048967873,1000,0.864878410670177,213.95543497344045,0.41850185260400435,0.16668814115517785,0.5838368497578683,1.2271763446612602,0.5381696540060283,1.1915871673343257,1000
323,0.20715533372607542,292.3664354792397,0.6372836068250423,0.22598771117130237,-0.2500073889965366,0.6335332879566358,-0.23578058016967723,0.6500912476218281,1000,1.0436488526105934,198.14572970658674,0.4492810364843796,0.16392679114215458,0.7248516389156635,1.3552114673437168,0.7223523419719704,1.3649453632492163,1000
324,0.28061225618789365,339.68062960697387,0.5427879149647541,0.26077176280806963,-0.18650313806252108,0.8109713397377815,-0.23050039891592278,0.7917249112917101,1000,0.9714440523981613,189.96392302349918,0.849570375194616,0.19182513343229426,0.6709365682196581,1.4116807150825208,0.5954667908708646,1.347421313925458,1000
325,0.06003312372196046,267.98430878859784,0.82570563581942,0.33583336267189917,-0.5882880846365491,0.7381337600911051,-0.5982002671149619,0.7182665145588828,1000,1.0649767126953917,168.21875238584641,1.032208974586881,0.2783270607322657,0.30552232305100124,1.4608617341040286,0.519455673660151,1.6104977517306325,1000
326,-0.2930271237296038,394.93443237361674,0.3868190958364254,0.27784615140290325,-0.8667668401208855,0.1933335750176702,-0.8376055804792942,0.2515513330200866,1000,1.0228123646024772,224.91191930110523,0.4102270378460907,0.17309139338329646,0.6985430833780669,1.3685290327070765,0.6835532335712161,1.3620714956337383,1000
327,0.12230595390255061,365.66575971706567,0.48011860495955677,0.2584706167550103,-0.37118826866354176,0.6384366144901105,-0.3842964549372696,0.6289083627423708,1000,1.1586875036884012,228.66323670309984,0.38593715843045545,0.17444114674659408,0.8728220687692809,1.5222175137620493,0.8167828560650768,1.5005921513117255,1000
328,0.053723377541442296,346.33432145437854,0.5241357627986061,0.235714470073306,-0.4140901073322855,0.47236446014879374,-0.4082769838022375,0.5157237388851221,1000,1.213448226459993,221.97964431863358,0.3854639361271322,0.156491004792495,0.9136160951372965,1.5318389483370796,0.906725857066703,1.5201705958532832,1000
329,0.13035286808991176,414.10018804741946,0.29288391823540594,0.23053276155723365,-0.32125906761401396,0.588709671879629,-0.3214913445622662,0.5821970807420898,1000,1.2007352082738776,219.22133131754796,0.4969706218553968,0.16876276342859747,0.8797731313565478,1.523034632733555,0.8699601919538266,1.5315102245939287,1000
330,-0.1524112122047594,400.22086466479976,0.3336462961620621,0.24967230503276805,-0.6203138104209744,0.32439016128846265,-0.6417689300689848,0.336946505659466,1000,0.9004651894631368,288.0822230989137,0.2762574514805035,0.14505340481754944,0.6196773503525693,1.1968938366638049,0.61616051602074,1.1847698629055337,1000
331,0.1845927675349266,358.21880215635053,0.4311318174897545,0.2403680230578762,-0.2790915677519157,0.6641557243063708,-0.2865285576585107,0.6557140927283639,1000,0.8971457432252765,163.86642699637852,0.8924383483131174,0.1856575277686587,0.5155133739863731,1.270776346308155,0.5332569887987055,1.2610344976518475,1000
332,0.19824642683063987,320.1951507270886,0.5850939947733905,0.256123547531214,-0.3211094532070845,0.6724067986380048,-0.3037557263305396,0.7002485799918193,1000,1.0526954815774352,221.43146667293152,0.4133142152889077,0.16646889776874443,0.7241415022118937,1.38823346893181,0.7264164419506961,1.3789745212041744,1000
333,0.12865971181467284,317.12327125759987,0.4851777009272935,0.22803836127715857,-0.3354889315270288,0.5663609782131863,-0.3182954762885579,0.5756148999179036,1000,0.9528056928820559,229.18428378423982,0.6007774682212896,0.15340154269817102,0.641775175702808,1.2311549578842644,0.6521386691936406,1.253472716570471,1000
334,-0.10890714856454808,326.23031224708,0.6679939428177483,0.2880791492645883,-0.6563130602181643,0.4643664867128223,-0.6735422811231411,0.4557279839940449,1000,0.757794527562818,214.2482163715467,0.5389083659521733,0.16335700629400765,0.42906967550055375,1.0646970679342642,0.437614795226563,1.077974259899073,1000
335,0.16312442661683413,355.4228840398163,0.664814345921336,0.26349072346561075,-0.3454277846030072,0.6485513690848456,-0.3533173913757629,0.6795662446094312,1000,0.8756728379151766,241.61564562392536,0.36838105442790486,0.19172861822990836,0.5307123954816522,1.2699176473144593,0.4998847461845562,1.251460929645797,1000
336,-0.11017048541541152,379.6326194778225,0.42071430121286224,0.2233032218754845,-0.5581108295905612,0.3181263418582042,-0.5478448002913612,0.3275038294605381,1000,0.9975510381102617,233.9387024367975,0.34488762995182676,0.14917535147577154,0.7060436573177071,1.303821908655116,0.7051673492177495,1.289934727002774,1000
337,0.2604381435203851,354.64659051256814,0.46263005623088704,0.2624793278376509,-0.2485480388581348,0.7484995052357927,-0.25402133904141067,0.7748976260821808,1000,0.94914444323333,254.3809982548924,0.5292176252354818,0.17441932547959163,0.6397212879307363,1.318706371091558,0.6072825652933305,1.2910063211733296,1000
338,0.16524835910010038,387.26219172730305,0.42928865462747734,0.32958116127279785,-0.4402431305419427,0.8050254181611106,-0.48073071699458336,0.8112274351947841,1000,0.9185953632086128,229.25245140209537,0.5500697658963591,0.18783222560281135,0.5931719829655221,1.3143586877239004,0.5504442010271026,1.286746525390123,1000
339,-0.32768529966526616,403.0652732503272,0.32374587423558443,0.22276262145512687,-0.7839607007303614,0.10604498935758554,-0.7643000377173148,0.10892943838678248,1000,0.6750257448711623,223.7807616901781,0.39470382299560014,0.16161225218619912,0.3447035215839233,0.9818576460587481,0.35826573058621203,0.9917857591561126,1000
340,-0.31283069235312855,406.6518758885313,0.341348877076296,0.26921382432861574,-0.8812741697301966,0.18437714545014458,-0.8404897880372154,0.21482840333095832,1000,0.7485749032509386,251.11510145547683,0.7399434729276865,0.1949505080774529,0.36964696123646906,1.0891228197231895,0.3664719074191309,1.1306778990827462,1000
341,-0.11076261464995074,358.45633190500735,0.5472028418675594,0.19438240039993107,-0.5177634436736572,0.23687288462182873,-0.49175211943381564,0.27022689013391415,1000,0.8783204080170686,257.89192654512635,0.3315244521569077,0.14346239835146285,0.5841487021992947,1.1676506676700886,0.5971341072482014,1.1595067087859356,1000
342,-0.11622787701498494,388.7582702339446,0.3843001317710795,0.23171407092767454,-0.5913455012410277,0.3356851491384576,-0.570387456033227,0.3379317020032572,1000,1.0057084199536748,251.54942435061636,0.3299510788764027,0.17102058908547346,0.6532792596422287,1.3372517010034675,0.6705080653461468,1.3409087745612027,1000
343,0.03990798052813238,362.5298630726803,0.7885962947145658,0.2818803219493942,-0.5201795029937518,0.5737442630344133,-0.5125774504926803,0.5923934115489451,1000,1.048296997431137,209.20806419429996,0.6743905695916278,0.2359659997328486,0.5211234534306446,1.4726926277016386,0.5858036379547537,1.51079035690752,1000
344,-0.08041957066366301,255.94397186765548,0.8238344450311281,0.2535491954847783,-0.6220161946494484,0.3949354029923622,-0.5773759938138284,0.4165368524865024,1000,0.9265747374234032,138.89385528551958,1.1247750197125725,0.1754193563821672,0.6224348244827975,1.3176201516091897,0.5827527989143555,1.270396675932451,1000
345,0.43349211891589157,341.7689114436608,0.6558715397710939,0.2685523107165002,-0.0941540591161745,0.9291854445837151,-0.09287041008844887,0.959854647920232,1000,1.3103742473391984,207.59087544009677,1.0450617762802497,0.24453220362897904,0.8845847963671887,1.8778238166732266,0.8310911282263995,1.7896573664519972,1000
346,0.23852165262233482,362.87103999268123,0.5384502200192772,0.2354780701446017,-0.22362439264191603,0.7001635532342461,-0.22301536486108453,0.7000586701057542,1000,1.3197002131767586,229.32059081459994,0.38657880946480677,0.1640499738522469,1.0044714639910886,1.6242586660543428,0.9981622644263546,1.6412381619271625,1000
347,0.03856809077251544,340.00634308515555,0.6571501128520185,0.23586777774536521,-0.4273104851471903,0.5048154343782997,-0.42373275360840035,0.5008689351534312,1000,1.3227336483468037,186.27109047309722,0.5393481888973694,0.14667340717855734,1.0393478427526688,1.632216292631265,1.0352537702768314,1.610213526416776,1000
348,0.26026321755326354,375.8714745951608,0.4110385282463591,0.2528577009261555,-0.24075371705486875,0.742369952932405,-0.23533787626200126,0.7558643113685284,1000,1.2273407699392247,210.3854640986393,0.5265407224073337,0.19158043655845566,0.8586707253223405,1.5992908663565586,0.8518431142846516,1.6028384255937977,1000
349,0.32924813400265407,316.82978424761325,0.6961661250408682,0.2395189652064302,-0.15006733529279964,0.8179211783756394,-0.14020903780194915,0.7987053058072573,1000,1.2502396710480896,227.8244438907211,0.4022901966261539,0.14843504519790413,0.9621676050100155,1.5612011301559348,0.9593069824601976,1.5411723596359816,1000
350,-0.1241854490735812,388.0747722055658,0.4032124888405808,0.2722525242358402,-0.6590434091146703,0.42807300418743194,-0.6578003965758279,0.4094294984286655,1000,1.0588479149794718,233.59321599628808,0.3999597267832803,0.17295956760280634,0.7219244532896562,1.3895926387221114,0.7198471624779714,1.3978486674809723,1000
351,0.34182157896819376,371.83507983283073,0.44199989823488967,0.24029239056957613,-0.1673468723412904,0.7987808223777414,-0.12915150654817542,0.812794664484563,1000,0.9666741845498734,251.8286579483641,0.31939253722744104,0.18709637631524073,0.5778030627982533,1.3443426259246807,0.5999652869720016,1.3333830821277453,1000
352,-0.5496035494951084,313.1548211589645,0.5222467097337107,0.2363677094157999,-1.056790868260641,-0.10160275323834168,-1.0128842599500762,-0.08632283904014054,1000,1.0105453813079461,158.75928629576407,0.6093418870742422,0.17023764978101927,0.6659128167325946,1.3267280694569896,0.6768795877371483,1.344211174878744,1000
353,0.14623459610601008,407.52931224034774,0.35186657138465793,0.21693277900200605,-0.2745851871835834,0.5466134638688639,-0.2789536507379218,0.571422842949942,1000,1.2456842077976553,264.19516083703945,0.31031613363272165,0.14801615471959945,0.974713485023596,1.5386261337929361,0.9555725445472404,1.5357958710480704,1000
354,-0.2348112503797246,337.3702353416084,0.5659641367614416,0.2522401161470468,-0.7563623194587226,0.2291490088302701,-0.7292018780279363,0.25957937726848707,1000,1.0225817173076757,191.57748304796036,0.48405904964325486,0.17910020620000985,0.6694152221402557,1.3780349273661805,0.6715453131556564,1.373618121459695,1000
355,0.24211040700869546,318.456126901472,0.6223729663805903,0.26945234163988024,-0.2981803818571731,0.7590723132864668,-0.2860161826054698,0.7702369966228607,1000,1.036366742657345,202.59324302433217,1.1203544019019642,0.22013462801395625,0.6236034300821132,1.4695247388575712,0.6049028717499909,1.4678306135646992,1000
356,-0.12297020626269006,424.26448634443943,0.43423900240869523,0.2058648535533979,-0.5200856894032898,0.2684511558134062,-0.52646531922735,0.28052490670196983,1000,1.046445738954671,250.985448273194,0.34069610593651484,0.1565122962363169,0.7428845566432744,1.3592938711120166,0.7396816383314899,1.3532098395778522,1000
357,0.23144682196327881,307.48460081646436,0.5449276999946381,0.32892457517955254,-0.359580507497534,0.9634449753160857,-0.4132453453886441,0.8761389893152017,1000,0.8431533974962377,195.46603215011334,0.5674745860114144,0.24412477259032817,0.5110483131705065,1.511071953980408,0.36466884321919457,1.321637951773281,1000
358,-0.03999623199716229,366.6981586263332,0.4520884107578108,0.31718726627058996,-0.6518437440524225,0.6091485999612857,-0.6616832738875186,0.581690809893194,1000,1.1156145609444952,202.10497043311403,0.5962345192867646,0.20283650930988956,0.7430424056017423,1.5442712636970022,0.7180550026971116,1.5131741191918788,1000
359,-0.18496077946646938,268.0912648060809,0.8699812134876201,0.24129925628275853,-0.6717554404524987,0.2620521126114267,-0.6579073217806761,0.2879857628477373,1000,1.0408151841823878,200.3322547365031,0.5768678886685048,0.1833329000354242,0.6597219635865077,1.3744125765818846,0.6814827001129564,1.4001476682518192,1000
360,0.06678198078397779,428.75699072306014,0.31662601258091866,0.20683898194826691,-0.3542450288940873,0.4710558880424356,-0.3386224238346254,0.47218638540258095,1000,1.0533205098806389,230.19659527037066,0.36826973248510797,0.1513655485558184,0.7854647083434978,1.3686709785803575,0.7566440347112348,1.3499969850500428,1000
361,-0.13288016715458184,393.9734353628005,0.4737167860263719,0.21839377645305444,-0.5781526694603274,0.27656685553905047,-0.5609319690025685,0.29517163469340485,1000,0.9870548304455808,257.7458606543712,0.32205583420218364,0.15343944094998727,0.6784419200129537,1.2758680693161135,0.6863135261836057,1.287796134707556,1000
362,0.38854048441173017,375.94877254432305,0.3991399723737547,0.2500844781110003,-0.08239298699892399,0.9009661667176222,-0.10162509268583042,0.8787060615092908,1000,1.0093872172839702,230.1421116790456,0.42739864630317687,0.1943287190263122,0.6893301213785912,1.5202690719244334,0.6285029279923983,1.3902715065755422,1000
363,0.4990687017894375,253.57868991007268,0.9683746695696643,0.2958080495560393,-0.018743500794937556,1.126597153151651,-0.08071507534039946,1.0788524789192744,1000,1.0787299290967538,198.9785627470909,0.6015389454416465,0.1934462636396149,0.7628494389717377,1.5222783404050892,0.6995752523631087,1.457884605830399,1000
364,0.23211209510466713,273.21451779791363,1.1067899589666454,0.24135307037678397,-0.21954613010486765,0.6946246741169779,-0.24093992283382942,0.7051641130431636,1000,1.0497590695549404,165.09500802149626,0.8538651580672129,0.18107914471963585,0.6907014255598708,1.3903773649960804,0.6948439459044541,1.4046741932054267,1000
365,0.28945114157811247,397.0486460773954,0.41469308349921746,0.25945871887418454,-0.23544281678090878,0.763910744903257,-0.21908794741528925,0.7979902305715142,1000,1.0725199771812304,253.72767161679735,0.3134798666027177,0.15802132884193462,0.7464116640547176,1.3689321338771285,0.7627981726510384,1.3822417817114223,1000
366,-0.00022157776510134397,358.8426739991133,0.5398556336694321,0.29097467713769765,-0.5363918243635367,0.6365353242963239,-0.5705319449549887,0.570088789424786,1000,0.961806880689752,216.46671630887033,0.4087714333280849,0.18808700712285142,0.6315999079248241,1.3628137421185824,0.5931563467289631,1.3304574146505408,1000
367,-0.043697906274347,396.02636506519514,0.3854536418036648,0.2244486620567707,-0.505937754802033,0.3707926165274393,-0.48361728390561753,0.39622147135692354,1000,1.256175597215199,242.3039621106082,0.35821756231922114,0.14537566482177872,0.9890118415784388,1.5401867269038654,0.9712392941645126,1.5411119002658853,1000
368,-0.08005191908586351,336.12715263713943,0.5306573976816104,0.2653514302982889,-0.5955221677923969,0.4171068325750363,-0.6001407224705098,0.44003688429878274,1000,1.029233412885464,186.41394234193967,0.5024750852276324,0.1716198795406564,0.692714437677122,1.369493102936924,0.6928584489857775,1.3656083767851506,1000
369,0.1606041202565014,410.7818320637319,0.29337240015074934,0.25451098278908624,-0.3475042640789773,0.6541091041800818,-0.3382374060101076,0.6594456465231104,1000,0.9558980626296361,262.26546254152356,0.35899623841410694,0.1533364306018474,0.6463586814475886,1.2546837763428689,0.6553586586500151,1.256437466609257,1000
370,-0.36823333951104287,387.79132320001196,0.35988937880721855,0.31458943377276466,-0.9575682482896523,0.2546951047049415,-0.9848286297056615,0.2483619506835758,1000,0.6363085811437563,234.2614383375745,0.34612226056852047,0.17191719184990362,0.31935680088749535,0.9670855129749114,0.2993508851179452,0.9732662771695675,1000
371,-0.3761597662679632,373.3662051162573,0.36135321115772,0.21714111480061618,-0.8180976437229013,0.02771216618624852,-0.8017563512771709,0.049436818741244504,1000,0.9255140944640288,205.87057781877618,0.42353437464083415,0.1649895024567364,0.606149972762898,1.2519246629327583,0.6021346696488254,1.248893519279232,1000
372,-0.23235344347244613,449.4357692402263,0.24764014308845425,0.20882347249474903,-0.6522940565785731,0.172916299699455,-0.6416474495621542,0.176940562617262,1000,0.9940056544092317,205.1877924419735,0.4196230946389844,0.1401528714247188,0.7076241470453245,1.2674509609214029,0.7193060264167829,1.2687052824016805,1000
373,-0.15643005583998848,319.31881728006994,0.5035791198243961,0.22306647691708675,-0.5941403158654422,0.26122638891301275,-0.5936403505974785,0.28078023891750153,1000,0.9361134898013872,181.81719013672412,0.5122333206909494,0.16878063852611655,0.6434140323796922,1.3124862410793336,0.6053034382901987,1.2669235413125757,1000
374,-0.2001471804054713,345.27168714103584,0.5023675996099334,0.21991301530524404,-0.666810941406959,0.22934638652512848,-0.6311766904037497,0.23088232959280702,1000,0.9489908344696207,230.691779997266,0.366624970050435,0.16193638547223133,0.6140385808513467,1.2673827334282288,0.6315955189440474,1.266386149995194,1000
375,-0.1450626026236037,269.724626628827,0.7894942826560977,0.2353779125891875,-0.5990090461822621,0.2954011276414546,-0.6064033112984112,0.31627810605120377,1000,1.0188971921726693,190.55426550866434,0.540205388273167,0.17431927064961925,0.7015644212364649,1.3915239786678735,0.6772314216994155,1.360562962645923,1000
376,-0.13943180473074834,363.27644456358263,0.49369537256773127,0.2242502238776002,-0.5875762286101186,0.2795638554858187,-0.5789622435308448,0.30009863406934806,1000,0.7919278621376344,243.52937962888515,0.3277511783857121,0.16449026891555574,0.48433746864098615,1.1299969724842907,0.4695269350631452,1.1143287892121236,1000
377,0.009227615760112329,354.7716271686395,0.5206419128599838,0.2135802274665802,-0.40959306484764474,0.4285554035856076,-0.40938963007438484,0.4278448615946095,1000,1.0687543540091928,202.12070874293067,0.41853794655264365,0.1656989643538432,0.7498872074693382,1.3999122852384827,0.7439843838756601,1.3935243241427255,1000
378,0.14638242598438778,284.4410616159454,0.6343987369464777,0.28250570938735164,-0.39239021107779876,0.7137093871492086,-0.40732876441482146,0.700093616383597,1000,1.1059092604121643,198.02068290464987,0.5759939428860499,0.20587174580756765,0.7448760419676119,1.5573166324620058,0.7024006386293318,1.5094178821949968,1000
379,0.36063462427262305,285.3075940238535,0.7268198386364737,0.2962251380385802,-0.22150150468355725,0.9789857294160013,-0.21996664628299412,0.9412358948282402,1000,0.9176219919059663,206.83259847759876,1.268321802679095,0.2385013349666308,0.514552504768023,1.4393583202548312,0.4501593753713699,1.3850846084405626,1000
380,0.24477759120359766,316.2212600036244,0.5984508879924965,0.3167350885508158,-0.4032934870361807,0.8378091668054389,-0.3760231823560013,0.8655783647631966,1000,0.9086355684369773,245.85973978252633,0.40179814992833945,0.1828960986436814,0.5258459440731922,1.230893434211833,0.5501592150953618,1.2671119217785929,1000
381,0.1744005684712775,374.73371838966625,0.4030726524219848,0.3350907122565228,-0.47842746517069773,0.8341547034804774,-0.48237722755150725,0.8311783644940622,1000,0.838604203093436,274.3899945091785,0.498444438661115,0.20737396042468506,0.43773455700502073,1.290523663328083,0.43215124066105326,1.2450571655258187,1000
382,-0.18651341403134136,306.4272077617786,0.8807455236959358,0.2124813030225886,-0.5714291474524108,0.2423075226876431,-0.6029767679556151,0.22994993989293228,1000,0.9062174235813925,202.3869691804643,0.4718603917462309,0.1565048648541351,0.6072684176249222,1.2148801306174712,0.5994678884672877,1.2129669586954972,1000
383,0.23897087676616202,248.34231054189158,0.8908007806632544,0.4780498343130993,-0.8186709982611193,1.0477806191558514,-0.6980067984875126,1.1759485520198365,1000,1.2257575018493658,171.20404460747545,0.9562802724349017,0.1980778507488225,0.8449402478701555,1.6142436876615225,0.8375249143816736,1.613990089317058,1000
384,-0.3034412198007437,329.90234739757324,0.4951974435838368,0.19909063332154406,-0.7072126765718039,0.05767096475582743,-0.69365886111097,0.08677642150948267,1000,0.9453372797024397,193.4572887475678,0.46105848887682527,0.15668828228271445,0.6358111906377292,1.2357382356380366,0.6382282464283194,1.2524463129765602,1000
385,-0.01543341562354783,344.6258752160714,0.574230651577259,0.24377354087743977,-0.48875394335678196,0.4637537843404033,-0.4932295557433298,0.4623627244962341,1000,1.1217101540420846,202.84793656195166,0.4410387628632378,0.17503693981026114,0.7980839048427515,1.4710069210679408,0.7786377520139728,1.4647825560701966,1000
386,0.01711228340414639,432.38715256616797,0.32436305248962694,0.26607400865019865,-0.5434529183560314,0.5233418698078941,-0.5043927735502429,0.5386173403585357,1000,0.8937375129159801,308.59431207697594,0.25055329871875026,0.17175352267682048,0.547449609213831,1.21416272870729,0.557100608469412,1.2303744173625484,1000
387,-0.259450047399592,379.3590501908726,0.37170183788544325,0.23390402209374564,-0.695138214131072,0.21226961489118726,-0.7179019307033334,0.19900183590414944,1000,0.6774680971724782,265.14996688857167,0.30905928136454675,0.13770348168276117,0.40293564886456473,0.9562948793594633,0.4075692730742664,0.9473669212706901,1000
388,0.6863576648616005,285.88160892422195,0.8872951554571133,0.28741890672701875,0.13161905335379023,1.2649580048281854,0.1230166076766438,1.2496987220465572,1000,1.4278501801317747,169.0465970545739,1.6098363781073821,0.25470914185326116,0.9920720831030626,2.02735733338817,0.9286202620993829,1.9270800981641665,1000
389,0.43928082177215577,402.21357842613185,0.35843879387939764,0.28935097423835454,-0.13807285049355444,0.9968271227736955,-0.12784708773501907,1.0064087312793306,1000,1.1470640744046814,243.8670306857685,0.5550948363767271,0.21331392154448592,0.6961574959266702,1.5337183499160143,0.728968788177489,1.5651593606318737,1000
390,0.20703577287058827,363.00577754300366,0.37566361453637576,0.3403479536599141,-0.4813412213457274,0.8409135835653303,-0.46004621630284337,0.8741177620440199,1000,1.2587104880321576,243.32414583706137,0.40337573339828453,0.1832572601039981,0.8414868279842882,1.5644900419664622,0.8995262582283213,1.617894717835994,1000
391,0.19840587972488777,376.4557391351362,0.5872459921457367,0.27277229104708967,-0.3338536075331032,0.7570796318452803,-0.3362278107274079,0.7330395701771835,1000,0.9196858420594398,231.79147283186174,0.7248281706835199,0.19421904079124014,0.5930627846409005,1.3535216324581965,0.5390165221086092,1.3003551620102705,1000
392,-0.23803421309831085,412.3520420136193,0.33419759601178706,0.23779512075018738,-0.6849654562434752,0.2346659733971198,-0.704112649768678,0.2280442235720564,1000,0.9270029544226968,217.51590758560494,0.39054422479961093,0.15354906003501223,0.6164042622029119,1.2276874560461928,0.6260467967540728,1.2279591120913207,1000
393,-0.04336782200388001,401.5446134347021,0.6069107088003082,0.2629358650665015,-0.5759476842276385,0.42723268246045726,-0.558722117534223,0.47198647352646295,1000,0.9846545612939828,265.4498895201203,0.3501268984113349,0.18635724534879788,0.6813526550559587,1.4108266634655582,0.6193943604103389,1.3499147621776266,1000
394,0.2849670675318352,254.75101431627976,1.1054788689472699,0.2691581083956135,-0.189825872786322,0.8379688361158775,-0.2425828249235672,0.8125169599872376,1000,0.9624288061699935,164.73877076044172,0.6141590672297552,0.18384211459600866,0.6818648891929262,1.4048618315384682,0.6020982615618165,1.3227593507781705,1000
395,-0.19892282336724598,443.0384200037646,0.24177456506647396,0.21957902421476264,-0.6428849249993644,0.19817603611962697,-0.6292977108281808,0.2314520640936888,1000,0.9386506409375852,238.3686818523104,0.35754705170768203,0.17075879784622328,0.5997320752624382,1.2603099032477434,0.6039633971589876,1.2733378847161827,1000
396,0.08476726158669479,306.16264274636205,0.6707389668583723,0.3257957593902947,-0.5836685483920258,0.7354645624062687,-0.5537924268182828,0.7233269499916724,1000,1.176895880143963,215.58811052362267,0.553589930712398,0.20990282623980402,0.7714870105955024,1.5680004837818684,0.7654863407139472,1.588305419573979,1000
397,0.25821598983569194,399.8748967605036,0.32708779877068594,0.23168738873069614,-0.23609499016810256,0.7154245543534544,-0.1958912920764725,0.7123232717478564,1000,0.9729516046251527,189.7182417738259,0.7313206649184053,0.2525050517326585,0.45077424502535424,1.4085194633743696,0.478041703229142,1.4678615060211635,1000
398,0.3258464375087531,375.8725421640416,0.40978224376725225,0.2668023195411234,-0.1949075354466387,0.8670443955782408,-0.19708610879184874,0.8487789838093549,1000,1.1871936370647211,238.70420349259004,0.34949277981772287,0.15961234097049173,0.8644720495013966,1.4861753335959433,0.8743534487625573,1.500033825366885,1000
399,0.5340560888524744,357.21894363867835,0.49969816028834696,0.4105587852368658,-0.16953130772855457,1.463510225732355,-0.27063913021178254,1.3387513079167312,1000,1.2555821929134492,240.03428089907953,0.5916299953561233,0.4203493092792778,0.7706420889868586,2.3428225478493445,0.43169754672606464,2.0794668391008337,1000
400,-0.051905154088988326,319.1580189852611,0.6965130054357012,0.26697779340475625,-0.580131152610866,0.4600339439196043,-0.5751816291623105,0.4713713209843339,1000,0.9346987194814642,211.1989648822114,0.4761239401119948,0.17166040756783485,0.6295766607754467,1.2675730681811737,0.598244320648508,1.2711531183144205,1000
401,-0.07387411288481704,342.75913903644624,0.5569433419942516,0.24483076653533026,-0.5667270801501696,0.38205399345457575,-0.5537424152940643,0.4059941895244302,1000,0.9066220629803783,191.3445400209708,0.4801294933014108,0.1587335873180805,0.6042444274387193,1.2077841543763674,0.5955042318369406,1.217739894123816,1000
402,-0.4071271228312825,320.4886448622129,0.6468174849526671,0.251285602683763,-0.9151610781489345,0.09202857059991225,-0.8996469040914579,0.08539265842889293,1000,0.6767521959143341,257.95208460829025,0.3529280976774959,0.15733634706252625,0.404469949502045,1.0081232900804604,0.3683729556717827,0.9851314361568855,1000
403,0.03699344420483719,373.1852367169939,0.448868802296212,0.35327555187133397,-0.6007015752211956,0.7968949368698928,-0.6554266374629774,0.7294135258726517,1000,0.7715466839406102,256.79478045151825,0.5162853533353412,0.1986670348568097,0.38535550208497243,1.1367422805476515,0.3821592956212632,1.1609340722599573,1000
404,0.16809634110037175,321.42883126041295,0.5906140107195645,0.31099670627754705,-0.4248916534948492,0.7845915634086105,-0.4414572032036205,0.777649885404364,1000,1.0586330433225934,218.13066565081354,0.5409576897954697,0.21745320861892353,0.6696665759910877,1.5118688987983417,0.6324247544295034,1.4848413322156835,1000
405,-0.4187289458558485,340.91062346424496,0.4953154509025256,0.23831017410598068,-0.9154965984823009,0.023316135463594453,-0.8858168871035706,0.048358995391873605,1000,0.8082745081740921,162.4983018218545,0.5398173147499444,0.1773627697736097,0.44972723065048265,1.1578318071099567,0.4606434794178171,1.155905536930367,1000
406,-0.19754817535398494,327.432564572272,0.5637376682265962,0.26005558745460516,-0.7119705010742637,0.3079824502462953,-0.7072571267650111,0.3121607760570412,1000,0.860349873695569,173.13731135588463,0.6007247779986606,0.1819929400820756,0.5300927609370217,1.267592039277282,0.503643711134701,1.217056036256437,1000
407,-0.4603116904500819,283.56586027465465,0.6598066368976453,0.2616356657170972,-1.0049873705354317,0.022999637467795393,-0.9731175952555924,0.05249421435542856,1000,1.0373134953032643,183.76807558403024,0.5035682874891843,0.14667144049979508,0.7563173222524667,1.330587203096207,0.749837471923666,1.3247895186828627,1000
408,-0.26739055871608164,401.95426672277614,0.419820287043999,0.2303184563202345,-0.7659884209534112,0.1946050649616372,-0.7188147331037413,0.184033615671578,1000,0.8430771188701804,236.48571053399118,0.385484794186774,0.1516064351658289,0.5253761350251281,1.1141324831674164,0.5459285059451557,1.1402257317952051,1000
409,-0.2936626589573694,450.5285932533585,0.22580823913249057,0.19922625224113447,-0.7098141252382528,0.08328843341826209,-0.684146113349993,0.09682079543525413,1000,0.9825950298577322,244.30245897242622,0.33148644992364407,0.14578611726936141,0.7167763749084592,1.2802823383691584,0.6968542400097838,1.2683358197056807,1000
410,0.014927825391284788,355.06767911578936,0.4454326642789362,0.236758399502076,-0.43956705417082914,0.4716532152443375,-0.44911863763278415,0.4789742884153537,1000,1.0142179788120291,205.17804974506492,0.5268911826123724,0.15125927434610598,0.7157820475605875,1.3211813499958176,0.7177498010936614,1.3106861565303969,1000
411,-0.02840280784789062,394.5511740849894,0.3843702542853989,0.1849017959212349,-0.42323193092502837,0.32822226083594297,-0.390810327853511,0.33400471215772976,1000,1.0567521054664133,190.33027064490938,0.45743842727915013,0.14450530505899364,0.7731735105168838,1.3444752454302447,0.7735217075507858,1.339982503382041,1000
412,-0.20680591432704087,362.97166971160107,0.5386817665824304,0.19219336107503823,-0.6039196592803869,0.1463914635313204,-0.5835049020341159,0.16989307338003407,1000,0.9098072907211541,229.03249532273276,0.3971866713627435,0.1284053952992665,0.6557551478492887,1.1632374234553235,0.6581327159345918,1.1614818655077164,1000
413,-0.13439152886214334,272.91022888973373,0.8449998453767575,0.31261704878652175,-0.7072615210119537,0.5280707604634692,-0.7471209444837259,0.4783378867594392,1000,0.9040692281496243,189.84335127834362,0.6591198024590386,0.2547535112640974,0.5033317429156637,1.5131758852669317,0.4047523460719934,1.4033861102272551,1000
414,-0.07277830746666947,399.36099029441925,0.3397517003960124,0.23785322030109862,-0.5331762453923847,0.37461071535643053,-0.5389706192568228,0.39341400432348383,1000,1.0870863142174003,205.03387706615078,0.4159071977648999,0.1743939573186228,0.7675932720100261,1.4579780561650666,0.7452741578728996,1.428898470561901,1000
415,-0.2088865898427148,445.58178320749977,0.37897681933795124,0.24221570107006563,-0.6840287459668176,0.2437438593613731,-0.6836293639400435,0.2658561842546138,1000,0.9185954290547658,309.4765808191671,0.25576598215902524,0.15794772786701583,0.6188049095446996,1.2468398391613307,0.6090178824354148,1.2281729756741169,1000
416,0.43063936456206076,333.38687318738556,0.6223781456520485,0.22010187332378395,-0.009514036026465672,0.8746626938013531,-0.0007603071525557614,0.8620390362766772,1000,1.2518464283198476,223.12535403436465,0.5217930537059838,0.16797984517978193,0.9620980691408475,1.6264499029077222,0.9226059317674751,1.5810869248722201,1000
417,0.6467970599820267,394.17485521145306,0.3771683762664135,0.25034536187821727,0.1526661595355821,1.1118940586522859,0.15612015070072094,1.1374739692633327,1000,1.2334180894516629,247.75566924139503,0.5623229559574128,0.18442754799774194,0.8778949140013939,1.550390010259769,0.8719400953760887,1.594896083527237,1000
418,0.2524763070481848,382.411223162089,0.39803511596437324,0.24043285297749137,-0.22457604112073742,0.7210562095155062,-0.21877208478769827,0.7237246988840679,1000,1.021980255731025,272.4361335595251,0.3455119587149788,0.16544201305421602,0.7034921687975031,1.3592323139934486,0.6977139101447616,1.3462466013172882,1000
419,0.10096153312733946,311.6588660829688,0.5776277466103164,0.2571459578371314,-0.3632512220943504,0.601211591826279,-0.40304454423343805,0.604967610488117,1000,1.2568988907083312,201.83394128839055,0.5842113893077447,0.17745133210513572,0.9341417729936132,1.6365907596155709,0.9090942797822652,1.6047035016343971,1000
420,-0.35649975967076797,373.0786190321405,0.3862605926333815,0.2033041179436361,-0.7674717553344982,0.023949025532100373,-0.7549758308402947,0.041976311498758745,1000,1.0366678905701736,207.6416496778184,0.4409441125521874,0.14565016390501795,0.7680911156392451,1.3434276689428744,0.7511935693163385,1.3221422118240087,1000
421,-0.25648155959754604,328.83808292475834,0.46158826233141054,0.3193419785048814,-1.0060259849234887,0.2858470245599471,-0.8823918374671136,0.3694287182720215,1000,1.0466896799886305,167.90925902226164,0.6789766747047042,0.17350171977289705,0.7185390107912007,1.4017931879637666,0.7066263092337524,1.3867530507435086,1000
422,-0.002499756618291382,402.50655433510326,0.45875644587268294,0.2202030348747357,-0.5021105001911771,0.4056316628378418,-0.43409770497277334,0.42909819173619057,1000,0.9228625657545622,293.0312732972002,0.27600720824869607,0.14320467490769695,0.6468560361666985,1.20155729385593,0.6421814029354762,1.203543728573648,1000
423,0.12938473202495615,308.5242309272106,1.0744454299809263,0.24934009884254116,-0.39194768734317353,0.5893023838383826,-0.3593218617064245,0.6180913257563367,1000,0.8481762726216351,247.24307768517096,0.5374298495130679,0.22309024893427506,0.3916018237764541,1.2632847294254528,0.41091938471045597,1.2854331605328142,1000
424,-0.08774005596816936,444.7874417514642,0.2929994778007275,0.21044850832615436,-0.5086114232467813,0.3359642872877121,-0.5002191322874319,0.3247390203510932,1000,1.4154875074477717,243.90461360774154,0.3190608699007672,0.14955209792882912,1.1429174163049536,1.7279409342937644,1.1223653955072668,1.7086096193882767,1000
425,0.5816374201373371,298.90812084204885,0.773894659200914,0.29214099700495644,0.026710700474090767,1.143054922185409,0.009041066007622445,1.1542337742670519,1000,1.3169893420008174,163.0341126751748,0.8394681408895457,0.22920132172774677,0.93522234028782,1.8769002884771195,0.8677547514144337,1.7662239325872011,1000
426,-0.06801067011992146,389.58147127997427,0.3345112794415519,0.22406389221754994,-0.5218982363311689,0.322872912196973,-0.5071758988663193,0.3711545586264764,1000,1.0772076799277706,255.43561713117606,0.3449648141325389,0.16216161267995818,0.726578150784979,1.3793812204127247,0.7593709190750525,1.3950444407804885,1000
427,-0.26016202274597955,341.6383414020141,0.7566013640799474,0.2536649953916655,-0.7539332711122838,0.23265968872894197,-0.757345413713644,0.2370213682216848,1000,1.1216368275373911,209.19393595267596,0.5462176176587159,0.15565636179657652,0.8067537230346206,1.413732218393786,0.8165503584161011,1.4267232966586811,1000
428,-0.06134504056090151,340.70304183643344,0.6005299686599606,0.26007706227385313,-0.5826861839335551,0.42453855283379577,-0.5710960826176537,0.44840600149585064,1000,0.9197091851376813,238.59105244239777,0.3722271781086927,0.1417066061476092,0.6280909659845652,1.2117472070439583,0.6419642370883674,1.1974541331869952,1000
429,0.19010911864936908,369.02880627549575,0.5179554314288738,0.224039330891952,-0.27934410204255145,0.6058883588534539,-0.24900796989885682,0.6292262071975949,1000,1.2835674995042794,243.7430171643061,0.3942753470164082,0.12537907935874462,1.0298677682118293,1.514877445390326,1.03782450396114,1.5293104950474188,1000
430,0.11182279019804131,366.59999161572193,0.3618809252054421,0.2486556942979462,-0.37040875696056447,0.6029909753066456,-0.37554237062593326,0.5991879510220159,1000,0.9694404311087061,202.6973978492768,0.7538465609624582,0.19252260458449857,0.6127748107750192,1.3487962982101718,0.5920961261230889,1.3467847360943233,1000
431,0.059945385809218266,381.0401037692,0.5291462489724276,0.21050502439186008,-0.3637932751540293,0.4662744901139233,-0.3526444619988275,0.472535233617264,1000,1.056065849844003,221.46644029215722,0.38101335787406027,0.1622438943515442,0.7509879475041096,1.3893996504285964,0.7380678169149764,1.3740638827730296,1000
432,0.01026739158069212,392.8539357736336,0.48448207813953603,0.2644600192627136,-0.5032149472796906,0.5039688766984326,-0.5080742461742266,0.5286090293356108,1000,1.1914760538918578,209.54185258786595,0.4240566792365446,0.1403962474757957,0.9114027115082626,1.4519857507534422,0.9162994088392983,1.4666526989444173,1000
433,-0.0837211766348882,394.4593332992165,0.3913843134541716,0.22278834494775837,-0.5077306600011886,0.3251736067377264,-0.5203863327324947,0.3529439794627182,1000,0.5723332338366722,237.7254140239142,0.41206422951508637,0.1631934755495681,0.2537764353151311,0.9062586320742563,0.2524740217595188,0.8921924459138257,1000
434,0.19752596724170957,378.04813493807063,0.5221255029705724,0.24456544876163894,-0.28719355620503806,0.65937411761637,-0.2818223123311027,0.6768742468145219,1000,0.9981908817854102,248.12236520108763,0.4420826660519746,0.15150140898726902,0.7227804691948345,1.3281951165165684,0.7012481201703629,1.2951336434004574,1000
435,-0.1102366768447336,347.1800261121148,0.4317753481273276,0.22466997313736953,-0.5275987707336984,0.3629130209717196,-0.5505898241939778,0.33011647050451065,1000,0.943818552009513,205.13547563523275,0.4249409908774456,0.13929111645831177,0.6858649349549287,1.2303621502006339,0.670807963751222,1.2168291402678042,1000
436,-0.040454418657113855,400.5001039985052,0.3285488331508931,0.2497211817145769,-0.49733270148472625,0.4467004018724072,-0.5299079348176846,0.4489990975034569,1000,1.1022571941652237,207.92365672389099,0.4145630539767391,0.17563031595057893,0.7794299216621736,1.4584846107420724,0.758021774902089,1.4464926134283584,1000
437,0.017286777375490114,382.91472314975,0.6798785099548348,0.2528956195877792,-0.46846099760378573,0.5303282553511179,-0.47838863701655704,0.5129621917675373,1000,0.8856978833848546,257.4039559023518,0.5699025137743189,0.1682720453446768,0.5640416771855506,1.1823261884075946,0.555884674509288,1.215511092260421,1000
438,0.2479035145564943,369.9304791014354,0.46499020964103316,0.3207064599764237,-0.3548523572672914,0.8903131148167753,-0.38068114699729616,0.8764881761102847,1000,1.037769451089087,164.8097303418101,0.9516896283017527,0.34022302999996473,0.20847563753327022,1.54438638293852,0.370932312289156,1.7046065898890177,1000
439,0.36750974539980685,412.0815233445515,0.37364311297420827,0.19316621027169825,-0.003687332248479065,0.7317165434726807,-0.011096026732721698,0.7461155175323354,1000,1.3935682403852172,225.56083188638164,0.35285920704079177,0.13602593010372377,1.1236831280100612,1.6394957455802015,1.1269574173819186,1.6601790633885158,1000
440,-0.09073154098831893,406.5523944085595,0.30600810977059745,0.21315034349305503,-0.5086674397023123,0.31763735925613856,-0.5085062142347068,0.3270431322580689,1000,1.038053866708927,220.06733419705574,0.3834945116892431,0.1623726297967586,0.7149752489045498,1.3434574568433673,0.7198035123072801,1.3563042211105738,1000
441,-0.21207461053542964,427.63572643696716,0.3019632297124125,0.2166317133578222,-0.6857868429267473,0.18233432713858422,-0.6366727687167612,0.21252354764590187,1000,0.9319940607508364,249.3923732127505,0.31826383826443133,0.1511444500321618,0.648360555222537,1.238652080259442,0.6357509386877993,1.2282371828138734,1000
442,0.20497023114852597,334.65466463423843,0.6283910429123463,0.2783106553323795,-0.37599301945425023,0.7104712027132506,-0.34051865330293773,0.7504591155999897,1000,1.1050946179229828,250.88358362590938,0.33328255585846656,0.17338906542511484,0.7715525513447563,1.4274232875192894,0.7652520496897577,1.444937186156208,1000
443,-0.2379121377791087,379.5605502205173,0.36360661747672524,0.2615957372749506,-0.7487414305926642,0.2697458361801529,-0.7506397828380119,0.27481550727979454,1000,0.8570424031272821,273.08786262701034,0.2909100679504773,0.18721670934459736,0.48446912226177385,1.2351946288918616,0.4900976528118713,1.223987153442693,1000
444,-0.10052918890422635,383.87780869153585,0.4373471276297369,0.25921652266267153,-0.6281635295812685,0.3882042971999085,-0.6085935733230625,0.4075351955146098,1000,1.074311654141566,179.669677904234,0.8338018242319403,0.2505101548956947,0.5821329967271942,1.4415540309714914,0.5833117505460044,1.5653115577371277,1000
445,-0.27968685911243174,319.0088738711242,1.0718844486727215,0.2725979092140569,-0.8284236224132094,0.2759998302643423,-0.8139787611719833,0.25460504294711983,1000,0.8207228760715757,190.63994653196494,0.7089253375310312,0.24004369990538402,0.4286409739176688,1.3232394626450392,0.350237224257023,1.2912085278861283,1000
446,-0.1540499263991073,354.1876814622823,0.4616341123960187,0.21396540250748433,-0.5752996555201613,0.24555956537415585,-0.5734221153137766,0.26532226251556196,1000,1.1060143889367011,259.3065721922436,0.3510041360678995,0.13992906676074923,0.8235909240382069,1.3728240928637094,0.8317534180856326,1.3802753597877695,1000
447,-0.07041850718370668,376.98254034423326,0.40687130234073277,0.21979944141187852,-0.5135759180195301,0.35141200224477687,-0.5012254123509885,0.3603883979835752,1000,0.9909449660692382,228.26753456786182,0.49174218106217993,0.1591727459203901,0.6887375962797039,1.314947489031966,0.6789663840652735,1.3029235480732029,1000
448,0.1448621400328065,313.9247439241209,0.4775179038155602,0.23622010488088577,-0.3103360497779864,0.6063811310888159,-0.3181292655337296,0.6078535455993426,1000,0.8874566628065796,196.7244300961312,0.4919735332220791,0.15306360684556133,0.5910655159619819,1.180428670533573,0.5874519933892794,1.1874613322238798,1000
449,-0.3106113634696701,316.08674213581054,0.5757762400110535,0.25118479959022777,-0.7881450452493268,0.18957451369152598,-0.8029335706665166,0.18171084372717633,1000,1.036467832756466,206.0933038893955,0.45598442047185855,0.15380011475563807,0.7464157154093716,1.346376692037373,0.7350196078354154,1.3379160576775166,1000
450,0.3506090259263841,368.38156350443194,0.41828295886418193,0.2977623147385813,-0.18855573043097698,0.9254949208016524,-0.23300511096123522,0.9342231628140034,1000,1.0361925963388643,269.8937936790049,0.3606894458605277,0.16192233256696437,0.7026446700680731,1.3323815803555699,0.7188248245076141,1.3535603681701145,1000
451,0.26883689769177455,390.10792360557383,0.4441966476435988,0.2799713128313706,-0.26403929454634556,0.8360650325678853,-0.27990687545771187,0.817580670841261,1000,0.9177144353765874,288.7943575558084,0.2845608063427252,0.14502618577450965,0.6290531719377834,1.2054584104508972,0.6334631112585485,1.2019657594946263,1000
452,-0.35563504200428886,435.72827031377767,0.25536113722050235,0.2529508740501445,-0.8590740050158477,0.15152108917532947,-0.851418755142572,0.14014867113399432,1000,0.8824253383017457,246.17878752111884,0.41260968609615273,0.16401798206913945,0.6042788232121489,1.2510152640146577,0.5609500934462324,1.2039005831572591,1000
453,-0.37079192387296267,278.6929980005867,0.8828415238821427,0.23930718934907425,-0.8728643158386542,0.09434336113324632,-0.8398340149971482,0.09825016725122282,1000,0.8643118434201695,177.68053113540347,0.5287291871476345,0.13452971934821867,0.601877727501824,1.1185711331159356,0.600633593497661,1.127990093342678,1000
454,-0.16743902022218293,312.01643238925675,0.6907268498852168,0.2738674074078928,-0.7439007821773591,0.3511988299731076,-0.7042191387416528,0.3693410982972869,1000,0.9328609994338057,220.23001992531624,0.5598237890978744,0.18107386264214176,0.5868997123410957,1.266963620028583,0.5779562286552079,1.2877657702124035,1000
455,0.21556318881593128,348.242233941492,0.5406858972475516,0.2608233333506269,-0.2854191137171528,0.7204419116353429,-0.29565054455129747,0.72677692218316,1000,0.9488680534037148,209.21177538182323,0.6073669101895751,0.18078525565241588,0.6374142288137016,1.3610133505072906,0.5945289523249797,1.30320715448245,1000
456,0.04287476340122254,249.03347078307064,1.1144863096935083,0.25832715105687104,-0.4525404304494274,0.5634883176533498,-0.46344645267024465,0.5491959794726897,1000,1.031025753651711,164.01873267216706,0.6961673405698159,0.20635865350138302,0.6433459685940502,1.4267217538206964,0.6265627927890002,1.4354887145144217,1000
457,0.25392972783487044,366.37565043295837,0.4671624511991251,0.2293850967568248,-0.22441682011970354,0.6577273656055748,-0.19566506180850618,0.7035245174782471,1000,1.090399044503335,259.20978019732945,0.37082889445416367,0.16190359814485422,0.7740881821227142,1.4305579337011136,0.7730679921394206,1.4077300968672493,1000
458,0.04987510784209004,383.54287366276446,0.4301117144597162,0.2872051441123697,-0.5177158241814164,0.5837751849769522,-0.5130469746181545,0.6127971903023346,1000,0.9507643939942936,215.78679693007746,0.773045461155678,0.2236297456298418,0.5213028148741509,1.3579128468079853,0.5124500925598037,1.3890786954287835,1000
459,0.462810937527963,328.80909221272,0.5679171689505701,0.2529794253277168,-0.008586796271394678,1.0091635939619017,-0.03302873611436191,0.9586506111702879,1000,1.2028379291693065,232.74532407849588,0.6848853992727298,0.19304645512100244,0.8882137538449468,1.6535888173980295,0.8244668771321417,1.5812089812064714,1000
460,0.09246239564541447,347.60335440096407,0.5618317852604694,0.2993071165286367,-0.4637225160855449,0.6856003887873552,-0.49417955275071335,0.6791043440415423,1000,0.5741889532961224,242.422827775405,0.6122396119071805,0.2065398637675798,0.11076733545074868,0.9438436563602141,0.169370820311666,0.9790070862805789,1000
461,0.474532686583772,353.43279059420473,0.4313575297946466,0.24007470293177013,0.013350779280250042,0.9478562116493043,0.003986268837502582,0.9450791043300415,1000,1.2492479897993531,216.1032990862209,0.3963269279553221,0.15973674392219545,0.9489778784416437,1.5640098664733009,0.9361639717118501,1.5623320078868561,1000
462,0.30180792502129794,261.1408538469356,0.8556183367059685,0.294135312795156,-0.2637131991212612,0.9156891766603519,-0.2746972880572077,0.8783131380998036,1000,1.1114762372192342,175.95236938139516,0.8595818415171642,0.17141823064913428,0.8109442737504837,1.472896707968847,0.7754965051469309,1.4474559692915374,1000
463,-0.18637138822530286,234.20213460461548,1.3596509068191573,0.2945042529871621,-0.7753640040023003,0.3919374266071675,-0.7635997240801405,0.3908569476295348,1000,1.1122581185733442,162.14328236294637,0.6414272976448834,0.19156203612682873,0.7990323148556429,1.5341827792498752,0.7367965277647599,1.4877197093819285,1000
464,-0.24407090672021736,402.697552077835,0.4188121287956103,0.23346765782486392,-0.7219326519485907,0.1744669623411407,-0.7016675160569507,0.21352570261651593,1000,1.14491218579542,233.55817315099637,0.3725244664074421,0.17243529709402972,0.7695325579545816,1.4622275182441484,0.8069390034911219,1.4828853680997183,1000
465,0.07838380438057424,339.48184366464716,0.5563244292381401,0.28493108374990594,-0.4505012044075242,0.6590719091647677,-0.4800811197692414,0.6368487285303899,1000,0.8731964435401953,182.23224206120196,1.1345573809625373,0.2533273769539888,0.3054295155493644,1.32101115574378,0.37667478471037724,1.3697181023700133,1000
466,0.210726031272654,359.41559256330885,0.5695034914711581,0.23568452957064306,-0.2943905084341833,0.6216304612695759,-0.2512156466858064,0.6726677092311144,1000,1.1123245667142814,185.6818619630587,0.8843178728178384,0.20241401841280854,0.6887078957930072,1.461120198912908,0.7155930906251766,1.5090560428033861,1000
467,-0.015536636914486479,370.67224477961565,0.4803765705471507,0.24793280547741742,-0.5460315544096488,0.4235388198179523,-0.5014849356502247,0.47041166182125166,1000,0.8536554933425307,250.8059080187872,0.34007218304722525,0.17199696218457425,0.5024565486883966,1.1882263830916897,0.5165414474607651,1.1907695392242963,1000
468,0.2023743187606426,429.8902688986208,0.3682466281060127,0.22633800146612862,-0.24258228699815243,0.6105452719812302,-0.2412481641129695,0.6459968016342548,1000,1.1950926618083417,234.1107575716647,0.38279348567066057,0.15367203942059574,0.8954428788786196,1.4790713603150183,0.8938954645439741,1.4962898590727094,1000
469,-0.2918289113670345,402.1475546689682,0.3465889061599722,0.23878884071414289,-0.7513849950366955,0.16689459503209353,-0.7598550391667545,0.17619721643268554,1000,0.8088486216931852,223.38449683376777,0.47164223632759517,0.1763725257886223,0.4767407199875502,1.1337040774542662,0.46315847114748543,1.154538772238885,1000
470,0.17965858484428399,364.7869835061575,0.4454564990824338,0.2656956412815467,-0.3360181920056602,0.6831407539102432,-0.3411048720675476,0.7004220417561156,1000,1.032350761601787,266.4551864499125,0.3093993645187691,0.1645335333501405,0.6906957186686228,1.3413735298830518,0.7098650362355117,1.3548364869680625,1000
471,-0.03659994553797041,318.4496670517893,0.6630044260068755,0.318290357330895,-0.6520343915315366,0.5842971418932136,-0.6604490459065246,0.5872491548305838,1000,0.9230777644237445,220.68632125927934,0.514001029726484,0.24244195892648182,0.5641543587168453,1.5351667934130366,0.44789152492784007,1.3982640039196488,1000
472,-0.2338569566093236,345.9840181668165,0.430188069643704,0.2858007556302001,-0.7829240452888137,0.33048094697866115,-0.7940264376445157,0.32631252442586856,1000,1.052693940422781,204.46644102734317,0.4901404649205639,0.2056821717222481,0.7100441525486699,1.503108098076588,0.6495568838471748,1.4558309969983874,1000
473,0.09266537175706802,289.2486724272028,0.7270390618559077,0.2423380213481585,-0.39712762390643624,0.5472178451715028,-0.38231715008532263,0.5676478935994587,1000,1.2749537816997423,183.70791421621374,0.5332715230478627,0.16218284978108233,0.9414471450874621,1.5916554107297367,0.957075396128821,1.5928321672706636,1000
474,0.18716314347297303,364.99129189474104,0.5185755645712341,0.21058480148109518,-0.25678592746910056,0.5767626487000336,-0.22558306742997353,0.5999093543759195,1000,1.085975333246886,217.20458373819005,0.38906611868576585,0.17564200912436712,0.7552683270701109,1.4285072139243646,0.7417169953631264,1.4302336711306456,1000
475,-0.04579340756378247,371.88352818696467,0.3967818172801088,0.22567699823597728,-0.5065636883517536,0.38111614296369345,-0.48812032410629796,0.396533508978733,1000,1.0179533147398776,173.08396577369427,0.522730860388027,0.17352866083279855,0.6626062516281904,1.3494973935604253,0.6778371395075924,1.3580694899721628,1000
476,0.3332962791467504,284.6496008040899,0.6979327880579255,0.22959242569765076,-0.1234071161905781,0.8013407039911141,-0.11670487522064504,0.7832974335141458,1000,0.8959821260042484,225.4613190031295,0.5044683405987828,0.15766164781460573,0.6127728153339731,1.213919207624359,0.5869652962876212,1.2049989557208756,1000
477,0.10433733538099421,273.2418501554553,0.900450929486999,0.3123768255557462,-0.4922439834459254,0.7266762086907171,-0.5079212427082683,0.7165959134702568,1000,0.9307365395174316,221.4900917529319,0.6340659005922321,0.19718648167106104,0.6172322904861735,1.4203000121431875,0.5442510354421519,1.3172220435927113,1000
478,0.099358883177878,461.67160278886377,0.29476943152851237,0.2581293683767102,-0.4015563437811557,0.602460232805585,-0.40657467884047394,0.6052924451962299,1000,1.0721424956804526,289.22784531316074,0.2765273792018417,0.16611690482990057,0.7457337955116649,1.3920482506222822,0.7465533622138475,1.3977316291470578,1000
479,0.350289098116634,346.6551181091196,0.5543024110788265,0.2982780747609012,-0.2786151460653218,0.9012326081496287,-0.23433592841473228,0.9349141246480003,1000,1.1950284519122634,233.87855799834978,0.5391564361424582,0.19471401123404788,0.8496050474466121,1.6160014859056087,0.8133889898935296,1.5766679139309971,1000
480,-0.002561904104364743,356.40117987317194,0.5559559238013798,0.21417229430003087,-0.42862339027107027,0.4256151868279251,-0.42233960093242523,0.41721579272369574,1000,1.045823951978735,184.27525566768276,0.5168221975138287,0.16731053072177185,0.716101144085311,1.3848290607819145,0.7178953117640621,1.3737525921934077,1000
481,0.03611217507082376,362.6112007327691,0.5850266651841705,0.22610538906794095,-0.41682136872433845,0.4682023521474308,-0.40705438750234046,0.479278737643988,1000,1.1936064299390678,227.93398792044042,0.36436993970307946,0.1652378111287752,0.8886663712393097,1.5517256403025421,0.8697403201266685,1.5174725397514672,1000
482,0.16568594252394053,205.57387284688204,1.066660840074262,0.3051594033082546,-0.4466352322969383,0.7662486786449559,-0.4324264879602384,0.7637983730081195,1000,0.5937759239523555,117.67974654313552,2.0359694645416666,0.31486796503066466,-0.08042206469457558,1.1746908020084552,-0.023365287507747245,1.2109171354124582,1000
483,-0.20939751585781785,322.4250347606725,0.5979017483836195,0.2617789637721671,-0.7150973432434645,0.3201572520481172,-0.7224842848512654,0.30368925313562967,1000,0.9289161000744786,188.61665837239516,0.6102233873410097,0.18569599613845733,0.6189600276072856,1.3352735394772786,0.5649519476431022,1.292880252505855,1000
484,0.37626451991134857,362.2612596488184,0.42741809818481236,0.3120994359689187,-0.18287132039089413,1.025749341577925,-0.2354503745877321,0.9879794144104292,1000,1.003180153614542,240.76774189991275,0.41669536083244046,0.15549069729059006,0.7327371365317545,1.3329870998240727,0.6984183869249854,1.3079419203040985,1000
485,0.6554352050331351,281.25125015097694,0.7222869013937018,0.37331426339505885,0.05139389585411254,1.4095343162488916,-0.07626075122118026,1.3871311612874506,1000,1.1953552539604329,133.05266860482593,1.128168629545718,0.34595390998641035,0.7916853275635893,2.106175720150982,0.5172855903870686,1.8734249175337971,1000
486,0.2801428111669191,350.0421839267525,0.5567525216611445,0.24204747969816823,-0.20700900338954703,0.7310935858012054,-0.19427024904149065,0.7545558713753289,1000,1.323571675820555,212.724505595406,0.47165986966365087,0.1631772952473517,1.0090743271384957,1.638673577061696,1.0037441771357456,1.6433991745053642,1000
487,-0.14077800198923907,345.5373065680324,0.5375123918159681,0.24412417639030165,-0.6181868684418034,0.34393483449830814,-0.6192613877142303,0.33770538373575215,1000,1.0054061390328717,222.61460975202138,0.40889463997739506,0.1479865425446595,0.70280664822836,1.3003212208645567,0.7153525156453391,1.2954597624204043,1000
488,-0.17918366252961393,307.6036204310023,0.7752257749436902,0.2674655359216182,-0.6990509913474277,0.3622014315153538,-0.7034161129359856,0.34504878787675775,1000,0.8532487061679319,221.51075407319166,0.3695384152349267,0.19035158817681805,0.5159313179849431,1.2552615906325137,0.48015959334136854,1.2263378189944953,1000
489,0.12551312055819652,395.36454854326917,0.5295538913342234,0.251835527769746,-0.3573467976322236,0.6162380137751332,-0.3680845138705056,0.6191107549868986,1000,1.1938274548862693,309.8267751398577,0.25486680332334705,0.14344821882671277,0.9253740210308755,1.4818816778635377,0.9126689459859123,1.4749859637866263,1000
490,-0.2163001790041008,302.915973162772,0.9263325203797744,0.21724725871608708,-0.6303952897604208,0.19666632103850482,-0.6421048060876315,0.20950444807942986,1000,1.0292071760999204,202.1903067830352,0.4660018102168933,0.15635801003973515,0.729002486414223,1.3384125997695062,0.7227454764220396,1.3356688757778012,1000
491,0.33211487637706893,351.1142926970725,0.6355273767963646,0.3152424046764893,-0.2658152904011985,0.9464571787570724,-0.2857602367888501,0.949989989542988,1000,1.1129282627331119,232.48743194355225,0.6649394714207885,0.19037019491375237,0.844089872709141,1.5570028346337799,0.7398026807021572,1.4860538447640665,1000
492,0.19533162253434666,363.54737178344413,0.4058419842128679,0.23950582103031193,-0.29170048151166655,0.6317184309000272,-0.2740997866850647,0.6647630317537581,1000,1.0553253690142061,229.92932111803614,0.39821377516560186,0.17320055977123172,0.72969038554963,1.3887768254689195,0.7158522718625919,1.3947984661658204,1000
493,-0.41972068978321353,345.36912751812457,0.5976923596160215,0.26733861569940465,-0.9077841830817024,0.10884753431462883,-0.9437043765540466,0.10426299698761954,1000,0.642821596275768,207.5287712187492,0.49738385844625854,0.2046068392514184,0.28180789029274206,1.0584948295093866,0.2417921913429879,1.043851001208548,1000
494,-0.33870267713686886,310.70593996585296,0.5573761149903148,0.21712041187325518,-0.7977879813714054,0.07458425403486989,-0.764258684408449,0.0868533301347113,1000,0.728279321994155,176.41452105410607,0.5048665588834595,0.16847831831310364,0.40662452784060193,1.075448122503976,0.39806181810047186,1.0584968258878382,1000
495,-0.06089261439877891,250.1510689160708,1.1449794681150056,0.3553988584014302,-0.738476200737277,0.6069275193889707,-0.757474376865582,0.6356891480680242,1000,0.8526286915100321,208.20683515033545,0.6546793005022632,0.17108115391981563,0.5357467503114625,1.2127098017940166,0.5173096298271934,1.1879477531928706,1000
496,0.15569895377512166,284.347307281141,0.6719451587190198,0.2795435785227422,-0.4306397188878141,0.6732347298252052,-0.39220646012945304,0.7036043676796964,1000,1.2331523129415771,201.86265479904242,0.4706523152234389,0.1664162420017508,0.9187684506845608,1.5565787620657336,0.9069764786181456,1.5593281472650087,1000
497,-0.2500439742309126,388.74855342805614,0.4468799612524951,0.2742508686750266,-0.8038898235647424,0.26866412735009104,-0.7875756768339648,0.28748772837213954,1000,0.8973751201310503,192.72165391426353,0.5172039315766753,0.19132086051786037,0.5437767531326169,1.2863913483889653,0.5223862335160439,1.2723640067460567,1000
498,0.5137400575135072,351.038804606229,0.4499462541101016,0.2340059458346006,0.04782760946388223,0.9677362269203905,0.05508840367768997,0.9723917113493243,1000,1.3050187006392266,210.37267507693753,0.4298407625153402,0.16672671426243102,0.9865496283922468,1.6361151962254743,0.9782343406848619,1.6318030605935914,1000
499,0.163577423177808,374.5999860495672,0.4210223721053753,0.2753801750826885,-0.3845492877945782,0.6905265217190184,-0.37616771998426146,0.7033225663398774,1000,1.189804424748019,174.33427439746154,0.699946082224275,0.17381213997476588,0.8012673418369397,1.4892464266797727,0.849132630397478,1.5304762190985601,1000
500,-0.22784605491830945,348.8191083377831,0.4356208146474651,0.26217365287489003,-0.7389586703536282,0.3113634532411327,-0.7417064145530939,0.28601430471647504,1000,1.156719342812493,176.43893049208964,0.5129753105546284,0.1743070958298968,0.8326197859433012,1.488191285227755,0.8150774349858951,1.4983612506390906,1000
501,0.32419472285502815,308.3142902473608,0.7379579329746484,0.31128472771649585,-0.2925138770124122,0.9043898479290496,-0.2859233434693037,0.93431278917936,1000,0.4657848415969541,145.74192633835133,2.601473585014535,0.6457859846552853,-1.1777092024237958,1.2525452097123306,-0.799955688327405,1.7315253715213133,1000
502,0.0764740463288569,426.4401868078483,0.3006425990265489,0.26329084059486796,-0.4326708325641649,0.5428154749369891,-0.4395760012370843,0.5925240938947981,1000,1.0628896622633626,276.11107770518606,0.29642717989160294,0.14935129683264506,0.7670418551176722,1.3464647920047577,0.7701611204713783,1.3556182040553468,1000
503,0.26662384515856274,351.4462726973883,0.42718560331253935,0.24872760447963677,-0.2239889020400311,0.7418895738937364,-0.2208822596215253,0.7541299499386508,1000,1.1122003990348706,204.12036466989233,0.6115553093014775,0.19425787381693221,0.7136014232411869,1.4543885081612946,0.7314549663536833,1.4929458317160578,1000
504,0.2007933120689822,263.08264558733737,0.8057041295951978,0.2812920589179362,-0.32511375782221047,0.776980285655567,-0.3505391234101727,0.7521257475481371,1000,0.8955724584847822,184.19035395081525,0.7370850258779573,0.20840904526327714,0.5364430619032892,1.3288813627363891,0.487090729768759,1.3040541872008053,1000
505,0.1518029824662115,399.8968958001467,0.3873128899043071,0.24347393453331365,-0.3326829353834067,0.6129894709336705,-0.32540592921908323,0.6290118941515062,1000,1.323989375099337,201.92362446594217,0.4584328247624079,0.17066009988155245,0.9921371638019524,1.6429550325765678,0.9894955793314942,1.65848317086718,1000
506,0.04774296615365925,382.9034639532936,0.4359863606943806,0.24723948304776366,-0.4244934193104159,0.5334469272302852,-0.43684642061995754,0.5323323529272761,1000,1.249755108745127,263.3125284287035,0.3056816516851923,0.12640903795459882,0.9934248784025873,1.4916819606402443,1.0019933943541135,1.4975168231361407,1000
507,0.39799816892897955,328.1868141074758,0.5468420056926178,0.2687558981028229,-0.10872206658254475,0.9152127788583678,-0.12876339135255332,0.9247597292105124,1000,1.3028089831074539,200.50982743879402,0.5904060071088664,0.18456102927489557,0.9657566339094817,1.6914374022943464,0.9410693657286586,1.664548600486249,1000
508,-0.029506113582148163,413.3081575773415,0.39137705337010803,0.24673653095604922,-0.48208119207003886,0.5084862365518436,-0.5131097142560046,0.45409748709170833,1000,1.0818809784330297,225.1054107190731,0.4025648321265864,0.169035371555641,0.815659611828199,1.469953141868983,0.7505716501839733,1.4131903066820861,1000
509,-0.22631401350437752,261.40077913839946,1.7677674509357078,0.5834626034840356,-1.5890423529831499,0.7487531954621556,-1.3699007163330872,0.9172726893243321,1000,1.0432407898825216,233.73448714090821,0.5270203263978238,0.17698046620343527,0.7400968818137879,1.3984771457575051,0.6963590761237884,1.3901225036412548,1000
510,0.06773387671515207,359.6471824868259,0.4325333849814803,0.33577606126687615,-0.5702768557315044,0.729954580558227,-0.5903872033679252,0.7258549567982293,1000,0.8865106790247874,240.58941793930865,0.4227349617619452,0.18652874059083197,0.5601334510327926,1.3232284160787473,0.5209143474667568,1.252107010582818,1000
511,0.3032560122153978,374.2384240484734,0.601895191117519,0.28945876341121446,-0.2903501891726724,0.8341500779170802,-0.2640831640705825,0.8705951885013781,1000,0.6987720653601941,215.1459979812743,1.1644097274102911,0.24168707203522344,0.24969495839326708,1.1597209544213285,0.22506540417115617,1.172478726549232,1000
512,0.31373570319266086,320.3275545730748,0.5411451782245341,0.3259466864243163,-0.2857795322701772,0.9881446482852889,-0.32511980219899905,0.9525912085843208,1000,1.1995646007477134,199.43376094590576,0.5968253446880002,0.23775021467123356,0.8756603440170501,1.8534265649281563,0.7335741799920956,1.6655550215033312,1000
513,-0.010666110970758425,314.1023547509656,0.8416508003258876,0.23103741669963834,-0.46166791607700014,0.4220905599139712,-0.4634994477020496,0.44216722576053274,1000,0.825700665142783,189.34248632351606,0.7321699207266028,0.18043830795715918,0.48730720510449,1.1840616454443427,0.47204158154675097,1.179359748738815,1000
514,-0.3836683791076574,356.0413020470293,0.4658885905728795,0.25804181245628277,-0.9329793378097682,0.06918119769382117,-0.8894303315219716,0.12209357330665682,1000,1.009286479369222,197.75996034219202,0.4759812883616939,0.18522904406964796,0.6543501605515599,1.3656596674699457,0.646237552992712,1.372335405745732,1000
515,0.5845046831121419,216.6549064877897,1.1495543453686716,0.37401137833538933,-0.07677781826166354,1.393550536073295,-0.1485576184252212,1.3175669846495048,1000,1.5093860473696448,146.88301882687,0.9038289225275099,0.34571931034762177,1.0163634006411106,2.362790982842124,0.8317761990883061,2.186995895650983,1000
516,0.0598842405936626,354.57650076721166,0.5054123509424688,0.2605685365742613,-0.43023149163944596,0.5917960824767324,-0.45083009109188954,0.5705985722792147,1000,1.3959541732747325,214.6489129519854,0.4348678363169497,0.18406127254211477,1.0538790973104049,1.7844782614990655,1.0351940790921876,1.7567142674572773,1000
517,-0.5982035416216425,369.6652546289461,0.8078417631718192,0.2543263924999547,-1.0681381419178932,-0.07555491661031412,-1.0966832709215537,-0.09972381232173128,1000,0.725218899413175,204.18410442334758,0.7633558854115287,0.18616527825896664,0.4493997789206187,1.1733923707423695,0.36033495402560034,1.0901028448007497,1000
518,-0.440507623016567,400.5839801266077,0.29638003042502004,0.31289902041902967,-1.031468580238061,0.16326636544015083,-1.0537897030378651,0.17277445700473115,1000,0.7580679134047914,245.9714596503743,0.35128124205429084,0.17949433648000857,0.4492743099504377,1.1504261453375693,0.4062590139039746,1.1098768129056082,1000
519,-0.0012475801582096935,258.80207832664394,0.9594582248667981,0.22365440317062849,-0.41616349278636505,0.4412185202318571,-0.43961021037264153,0.43711505005622214,1000,1.0886161553857017,181.10077138410597,0.5815556274824207,0.1687238455551538,0.7797364412329474,1.455515342831779,0.7579174180976003,1.419314892673803,1000
520,0.19528344403505793,377.98231724292526,0.36842701598142924,0.25896906751850207,-0.31235229605377857,0.698807646230087,-0.3122959283012061,0.702862816371322,1000,1.1100664783685414,228.01814108453107,0.5014865014125331,0.17446702539237288,0.7452923605180244,1.464732974519301,0.7681111085994906,1.4520218481375924,1000
521,0.05378562716019619,370.29005592613123,0.4401549782207453,0.2998605341588453,-0.4691571652720564,0.6940308710035185,-0.5339410197911405,0.6415122741115329,1000,0.8037319505039662,239.71140605901653,0.44813937626598777,0.16658879249444708,0.5256553538038746,1.1733850637316585,0.4772179172148499,1.1302459837930825,1000
522,-0.2999307535214566,316.3604674680795,0.6709007656120699,0.2511300282382928,-0.8423742585707765,0.13010171138739954,-0.7921456088685104,0.19228410182559724,1000,0.7501541695206111,201.14590484492467,0.5284347928112447,0.13626715102566767,0.46237637577301743,1.007102404741917,0.4830705535103025,1.0172377855309196,1000
523,0.5916449924826894,337.906654546453,0.4453772761014233,0.35795844175532193,-0.12094535511097589,1.2774024003887596,-0.1099535533577416,1.2932435383231204,1000,1.0057564814494175,164.55624189995604,1.6299798112019042,0.3372525052737483,0.4542295000349042,1.8069038973631413,0.34474157111287096,1.6667713917859641,1000
524,0.11916198898103181,376.78944316631663,0.4615961471346968,0.28658879702559187,-0.417807307299765,0.6782936017055661,-0.44255205318912827,0.6808760311511919,1000,1.019920465404998,221.02628710719844,0.39811298518550087,0.2156757815632173,0.6450389577788802,1.3895960082540455,0.5971959335410921,1.442644997268904,1000
525,0.18306473759162145,286.0525944951964,0.5460833358338447,0.31688925460879047,-0.40449392339034096,0.7992999722404429,-0.4380382014416079,0.8041676766248508,1000,0.9187240386604758,198.13726173519365,0.682052014711683,0.20650868685462062,0.5717488178193166,1.417422612548133,0.5139670124254194,1.3234810648955322,1000
526,0.019093016916090555,450.6366317681868,0.23183017985613247,0.22315425981745346,-0.4170659948157743,0.46111166927457914,-0.4182893323261182,0.4564753661582993,1000,1.2034847717949804,205.8114516694064,0.4038016632278255,0.19456512125025413,0.8307149099203186,1.5877289706865538,0.8221371341444823,1.5848324094454784,1000
527,-0.2869862394779279,372.60546341631897,0.5287463614930553,0.28705151023022707,-0.9124290552325628,0.23263825996595844,-0.849607199529173,0.27563472057331717,1000,0.6891720826890317,202.56424275608052,0.7950836556431922,0.29975934104485974,0.05823747597282933,1.0632933861178213,0.10164377424110671,1.2767003911369568,1000
528,0.17463298882352207,381.44995806550213,0.3572640500184325,0.23400861806300857,-0.296975359657511,0.6298686910601548,-0.28402390257997473,0.6332898802270188,1000,1.1679873690248872,209.14489447301057,0.4027688719562053,0.1361500683824742,0.910143587209035,1.4384886774916277,0.9011332349952378,1.4348415030545367,1000
529,-0.15704609758951982,327.0455637655895,0.8684987917874166,0.22267657209995537,-0.6180715641446646,0.23506107524606498,-0.5934921789054324,0.2793999837263927,1000,1.16539987323879,202.0626870118014,0.4243824363324001,0.16233884424428074,0.8450109779810205,1.488005330995358,0.8472157385199998,1.4835840079575804,1000
530,0.26752336062051185,312.25718151643605,0.517266278407252,0.2964497268741576,-0.2771591661290512,0.8270508556722046,-0.3135181040528371,0.8485648252938608,1000,1.1249489247181121,214.8034470132607,0.5690173912287448,0.18461516983338255,0.8246215898178887,1.531436032573203,0.7631031918446823,1.4867946575915418,1000
531,0.17987179003557685,316.55587331409777,0.795746414640697,0.2892361400154938,-0.36279185062747804,0.712964192112292,-0.38703104439479097,0.7467746244659447,1000,1.078465276664625,213.21107890309924,0.6520898031699596,0.181999906239629,0.7395179331642878,1.4485546556836866,0.7217454604349521,1.4351850928942977,1000
532,0.2693508145513963,365.7073510491117,0.5076808627760079,0.2364746281586219,-0.18956391482678092,0.7053113770041763,-0.1941394566395026,0.7328410857422952,1000,1.2813382679217975,219.52337243208436,0.4239246775688563,0.17234440525440692,0.9362276275059078,1.6266109046539015,0.94354323362316,1.619133302220435,1000
533,0.10270290378212099,291.22780629039465,0.635873645915005,0.38837233110023744,-0.5661541272053451,1.0157377613806222,-0.6585068651743444,0.8639126727385864,1000,1.057387645517962,207.05297459093651,0.5877802237857961,0.2931926382737267,0.7684779185037044,1.9524895035954786,0.48273007450145766,1.6320452165344665,1000
534,-0.21423287415227943,251.8886051035462,0.9527065240118477,0.2883193293427542,-0.7767707979931473,0.32984758142880877,-0.7793387596640777,0.35087301135951887,1000,0.8769420820345166,168.10074780195632,0.7088071865172051,0.18347105687701493,0.5132974329413448,1.2586799771588963,0.5173388105555674,1.2365453535134658,1000
535,0.1521030397097567,385.9601011657646,0.37956314772163363,0.2547020367534166,-0.37820556242449016,0.6006218495160524,-0.3471129523269399,0.6513190317464532,1000,1.239302104736708,237.43750599070415,0.35601363837350203,0.14579798200580554,0.9557583121109068,1.5291699908843572,0.9535380600053293,1.525066149468087,1000
536,-0.15700447745609125,449.92066104396264,0.22396735758601413,0.2247184019262352,-0.6510756164625525,0.2618922593576302,-0.5974525452315123,0.28344359031932975,1000,0.7293545051966452,229.54003586098963,0.3565248634977972,0.16565689352676838,0.3920109439420647,1.0440796319930834,0.4046669938841792,1.0540420165091113,1000
537,-0.0616165609885897,311.0887155871217,0.6860549118130597,0.3649781665313834,-0.8672596114746094,0.574486717463329,-0.776973767390101,0.6537406454129217,1000,1.2796098052580729,204.90688481481158,0.49418793697159913,0.18054775870092307,0.951702490667226,1.6466864028677777,0.9257361982042637,1.633483412311882,1000
538,-0.27360363928886855,278.3048254880194,0.6296304955796637,0.27693893852688817,-0.8434780868511751,0.2139370084742123,-0.8164039588015694,0.26919668022383225,1000,0.8371385651703425,190.36944379741337,0.6419365603164748,0.19594709211148864,0.46569238231043175,1.1245957184218915,0.4530822646318247,1.2211948657088603,1000
539,-0.09468262481495326,416.41364461662107,0.31183048789852974,0.2837002866730709,-0.67259708782786,0.42452496294288106,-0.6507351866941722,0.46136993706426566,1000,1.1537716846481465,208.98653304355838,0.4125505829717727,0.1629961086738903,0.8360315607731167,1.4595363268318047,0.8342993116473215,1.4732440576489716,1000
540,0.22368224541669957,367.58709238607395,0.5140437293,0.28485715487460334,-0.3244661338824865,0.7840675380691327,-0.33463777813752293,0.7820022689709221,1000,1.0402792018102152,268.74886220025587,0.30860773079344433,0.16520258276821229,0.700655685583338,1.3598659929230956,0.7164821395845191,1.3640762640359112,1000
541,0.3985407384804218,376.84469343159583,0.3857064482852631,0.30371135682574163,-0.2220930178330095,0.9621156219003789,-0.19673352089803176,0.9938149978588754,1000,1.1753574451280917,233.33289116870924,0.4868272712005474,0.2094356058047989,0.7307362174731661,1.5576786576351418,0.7648636577506859,1.5858512325054974,1000
542,0.30497830752811783,367.05294040326334,0.4837413153244884,0.2525707369211746,-0.25040394255689663,0.7483977082344485,-0.19006033683738438,0.80001695189362,1000,1.099258094501164,232.66450976388293,0.9266628970169921,0.28645597040567944,0.5537640880106416,1.5383954616386661,0.5378043925060324,1.6607117964962956,1000
543,0.1543416740221515,334.290672840696,0.5079239552930519,0.2603847766031103,-0.3737256064239821,0.6363583945715382,-0.3560124881199448,0.6646958361642478,1000,1.0428433979700493,203.80248166911133,0.771577816797962,0.2057294281788908,0.643466006708828,1.415290841817842,0.6396137187394233,1.4460730772006753,1000
544,0.3814933840915913,366.27629886937376,0.5240040688905989,0.21294920632363976,-0.036979869036403955,0.7818034664688673,-0.035887060302742635,0.7988738284859251,1000,1.0324674693607663,236.57495143928512,0.5162131161416514,0.1646707761436616,0.7145890747804082,1.3591175943161737,0.7097127481191896,1.355222190602343,1000
545,-0.021889481485338536,296.5796996540304,0.6942059172423983,0.23347032661497905,-0.4563566916864259,0.46750078798634037,-0.47949132165069747,0.4357123586800204,1000,1.1747950221072814,200.80832798433678,0.5197153331660771,0.15118063308598229,0.9070507777305699,1.5102579309065354,0.8784809812587562,1.4711090629558066,1000
546,-0.03622313568182989,281.3256630229414,0.8127807080359065,0.33865700266020254,-0.7157238211685191,0.6068107173078174,-0.6999908608958268,0.6275445895321671,1000,0.8252939425004193,168.24254864390687,0.6871052798304529,0.2514786350125239,0.3538657414717604,1.1992324989707717,0.3323958178758725,1.318192067124966,1000
547,0.029420998826624523,404.7041699290757,0.3926847230446222,0.26770854181519516,-0.5290309231840934,0.5201342186020828,-0.495287743131158,0.554129740784407,1000,1.0994170481854746,246.59426755854284,0.32222073109786503,0.1468070039882058,0.8165329130734555,1.3745174686591646,0.8116753203685912,1.3871587760023578,1000
548,0.3763101345853581,309.3710968136685,0.5734421777819196,0.2548599006113954,-0.10226220118516964,0.8741892722226897,-0.12321527061297688,0.8758355397836931,1000,1.1444748294326104,168.40668935733652,0.8379417800064896,0.18464583640467527,0.7694978100488911,1.4806228065338976,0.7825689900794468,1.506380668785774,1000
549,-0.003443557226058047,342.3904311278713,0.568197208419475,0.3021603275647151,-0.5847517828276004,0.620720683699389,-0.5956777992528997,0.5887906848007836,1000,1.0069952136794278,232.37324272329664,0.3702484101042218,0.18316551233801057,0.7045006106432374,1.4325402125675353,0.6479908094969271,1.3659996178619285,1000
550,-0.023292906946773773,397.6523670556009,0.36805918493204187,0.20458721412162384,-0.4105573271042842,0.3901300545315469,-0.4242838466251565,0.37769803273160896,1000,0.8263840585537379,221.47324005939,0.38706503960144517,0.1554076201909997,0.5547777473413444,1.1530050253227273,0.5217851229793784,1.1309829941280973,1000
551,0.0485798527244139,232.2103942068894,1.5072265646618292,0.32193181412850874,-0.6458207443089596,0.6481927506632746,-0.5824065029674632,0.679566208416291,1000,1.2739908419082582,177.87640878074558,1.0539966836460124,0.2119652978921171,0.8850073948271217,1.690885028457747,0.8585388580397086,1.6894428257768077,1000
552,0.2666487902834911,394.16907783174855,0.3854768429794219,0.25079294846788885,-0.271103019776628,0.7358539077421618,-0.22490538871357107,0.7582029692805532,1000,0.9658454096476485,272.4681244324553,0.3033777183015934,0.15358006352836245,0.6609602742000252,1.253731158564032,0.6648284851320581,1.266862334163239,1000
553,-0.1549073885510177,248.04949654311565,0.8707541674919919,0.24543627941014953,-0.6490000673554461,0.2931270076276829,-0.6359624961949109,0.3261477190928754,1000,1.1195142771549182,168.79423343322966,0.5552884714761465,0.14119478516085898,0.8384331119796523,1.3757149290312154,0.8427724982396346,1.396256056070202,1000
554,0.08078579024417643,271.0170445276034,0.9976073967391713,0.2742766349304487,-0.4678089621648867,0.5943546956376048,-0.456796414219503,0.6183679947078559,1000,0.982019356897958,240.3749920171602,0.3779701933106824,0.1636739229090001,0.6454770487656804,1.2928155100116252,0.6612184679963179,1.302820245799598,1000
555,-0.2398139156165522,342.6932884008937,0.5644000682390022,0.24618320301268973,-0.7082441260422606,0.244757773918785,-0.722332993521424,0.24270516228831968,1000,0.9932162610220976,207.57746135515183,0.42323296417959944,0.17646012114324885,0.6575411526819592,1.329135971539567,0.6473544235813298,1.3390780984628654,1000
556,0.2594900584250057,376.46449070037755,0.4493179831280368,0.2524442247860938,-0.22041080070149047,0.79128394948927,-0.2353006221557381,0.7542807390057495,1000,1.1122969922356138,250.016803549401,0.3287847167805186,0.16111085080772025,0.8149507609811357,1.4277756128881338,0.7965197246524822,1.4280742598187455,1000
557,0.29632614157266257,209.12381129889832,1.5487752314160261,0.2797682152570099,-0.2411184481115383,0.8304272380129031,-0.25201956033107686,0.844671843476402,1000,1.1187314489749811,193.82357997758157,0.5636769228879884,0.15491482992522246,0.8388205151458904,1.4561860738709316,0.8150983823215451,1.4223645156284173,1000
558,-0.23404135039562624,382.9980282170844,0.4924754369894442,0.22717432952102545,-0.6825141960599181,0.2044191787719198,-0.6793030362568362,0.21122033546558366,1000,0.8144036789195108,236.8157445028164,0.34813015972984707,0.13001364538528254,0.5613363309167884,1.065358218357185,0.559576933964357,1.0692304238746646,1000
559,-0.5192611219274159,260.3933169461477,0.7012804784088843,0.3413623024149992,-1.280359805894644,0.06414173351408718,-1.1883312346608144,0.14980899080598253,1000,1.0283078922511097,155.899998673702,0.5965755506448456,0.16575244569447728,0.7115859086588154,1.3494801801857275,0.7034330986899343,1.353182685812285,1000
560,0.4307046643886223,302.33205984342646,0.7127380511149934,0.29348354710522634,-0.1747917426352716,1.030439855587351,-0.14452308793762125,1.0059324167148658,1000,1.0105002010779818,197.2294588030841,0.5033915864486016,0.16810812030140246,0.6606085007042493,1.3345433920036296,0.681008285287233,1.3399921168687305,1000
561,-0.11899431700503316,343.95680893003515,0.5642722421162503,0.27071270203381326,-0.6516254969441627,0.3680747297538441,-0.6495912129913072,0.41160257898124086,1000,0.9040587610504667,189.20310549077618,0.548421027938816,0.29207116321047916,0.3466544942413158,1.2534626287008792,0.3315992811579276,1.4765182409430058,1000
562,0.35047015182303687,388.70893219898096,0.3903106779441783,0.2580109906054083,-0.18131977447779932,0.8406330970897743,-0.15523138976356332,0.8561716934096371,1000,1.0839422042967342,274.06988277477444,0.3557818752430871,0.1565016604431081,0.7693440284710827,1.35853481040241,0.7771989498282423,1.390685458765226,1000
563,0.09803924715730261,385.4320995805179,0.4521468041624204,0.2566333839434132,-0.42137572586940947,0.5953987358786056,-0.4049621853717872,0.6010406796863924,1000,1.0947204181732508,234.5095183238947,0.4181737751081401,0.19936025987771616,0.785890663665425,1.5469664621258177,0.7039743088129271,1.4854665275335746,1000
564,-0.2536445183085547,328.7657003514814,0.47485596876346625,0.2427483328195695,-0.6909305712025029,0.27243459721703916,-0.729431250634911,0.2221422140178015,1000,1.0747977785028215,223.97461710549686,0.38857939138831765,0.19053788867679458,0.7167273930783347,1.4652557794965766,0.7013435166963042,1.4482520403093389,1000
565,0.18245528417391554,346.8713383398627,0.4562600352635148,0.33845338788845664,-0.4609293779531311,0.8612621868372392,-0.48091335608745944,0.8458239244352905,1000,0.8670375425497459,214.93985174122807,1.1442671962080502,0.21936940943640457,0.49587843691984,1.3280406979431054,0.43707350005439294,1.2970015850450989,1000
566,0.23927093411521705,369.8947291149185,0.6491544388181011,0.3301799752078273,-0.41293865757806947,0.8575557425489838,-0.40788181729212447,0.8864236855225586,1000,1.0038476933319354,261.7353627856135,0.3442167612147513,0.16698568684549564,0.6676807886201183,1.3219733624933288,0.6765557471147639,1.3311396395491069,1000
567,-0.5253039077879409,365.58561194813353,0.4652358275491401,0.23295182045989515,-0.9704238660138471,-0.08418130180863376,-0.9818894758893354,-0.06871833968654639,1000,1.0268593441696354,214.5158354933439,0.40188478160494634,0.15312042348841803,0.7347427702174733,1.3275389580432237,0.7267433141323361,1.3269753742069348,1000
568,0.14048056199726666,451.55883236088386,0.23489267976979694,0.2324852088206528,-0.3397333517719856,0.6166043015065599,-0.3151904472912128,0.5961515712857461,1000,0.9257853949547443,286.02501118266184,0.3297596717329158,0.14885387497397973,0.6286258495193353,1.2097403669435631,0.6340318000057441,1.2175389899037445,1000
569,0.15827958972551226,314.0980815184944,0.5737324253344879,0.2569084121774927,-0.40348779291122683,0.6297458511832292,-0.3452608981423735,0.661820077593398,1000,0.9314542625769677,232.63563835488353,0.4227433203464474,0.14091363129907697,0.6839017991827198,1.219329190770662,0.6552635452307769,1.2076449799231586,1000
570,0.24419685727018958,380.0765449799505,0.4080929749958297,0.23172325287752246,-0.21760524412937957,0.6829989663444156,-0.20998071836975446,0.6983744329101336,1000,1.2945908928249943,191.10516855308794,0.4675165767732745,0.16576248857561687,0.9759618127916022,1.6286542831942492,0.9696964152167853,1.6194853704332033,1000
571,-0.037501522574743706,393.92164257439606,0.4018924126617312,0.2835470353910299,-0.6087295016449923,0.4889626410951435,-0.5932537119411623,0.5182506667916749,1000,0.9241597238025836,249.86810033232277,0.38685054273474045,0.15744663722067737,0.6161213365381449,1.2355091268296923,0.615564314850056,1.2327551327551112,1000
572,0.1410731222683257,333.98476247954346,0.5203244581503438,0.34780377518358424,-0.5781731093870204,0.7941357675676257,-0.5406222770914995,0.8227685216281508,1000,1.1096080629734217,201.79704271001285,0.8619030553763858,0.29740066352442984,0.5450029392414899,1.7042531873823192,0.5267027624655393,1.692513363481304,1000
573,-0.3516327434668458,345.4545571286274,0.48403911053299004,0.26646573390971856,-0.8513450916193259,0.14861655120210715,-0.8739055819298942,0.17064009499620258,1000,0.8201095473596278,189.46764417581755,0.9019183347503799,0.19596422178481807,0.45249116654867727,1.2037686568422143,0.4360196726613844,1.2041994220578713,1000
574,-0.05962400754212949,340.323384383205,0.5863890320927807,0.24189912749796763,-0.5566315069316919,0.41144794258932016,-0.5337462974381461,0.4144982823538871,1000,0.996320305838339,224.31303291754085,0.381271433419373,0.16388005497424774,0.6674795448260019,1.3130741867872735,0.6751153980888134,1.3175252135878646,1000
575,0.006010377219120677,320.1943128079492,0.5335602925169893,0.23869437359171464,-0.4664889132100164,0.46215076585437936,-0.46183059502064,0.47385134945888135,1000,1.1889241472275311,211.23457072624348,0.42335846194244603,0.15552118967659861,0.8913457514994824,1.4945965809023793,0.8841026154613978,1.4937456789936645,1000
576,-0.12987174920137834,398.4811742950152,0.29083518990178414,0.2403922833270461,-0.6164288361685646,0.31469052652131385,-0.6010406245223887,0.341297126119632,1000,1.0315694322394857,216.03453433550737,0.37291065427400427,0.16509621444765127,0.6981191835219293,1.3242810560905194,0.7079808519220893,1.355158012556882,1000
577,-0.03300161588083972,357.2465365400354,0.394682909445491,0.2686753814644569,-0.5348984830603871,0.500180772265935,-0.5596053635511753,0.49360213178949586,1000,0.7374049904064521,216.49188665807006,0.6705286310660457,0.19264907323212074,0.4150592877336877,1.1588396184887266,0.35981280687149547,1.1149971739414088,1000
578,0.38785845348502024,328.28112482601136,0.7456102274923951,0.272983250348592,-0.170151011428518,0.9284730173855432,-0.14718871719822002,0.9229056241682605,1000,1.074972788627575,227.08172896526878,0.5480033459446131,0.2006849572972517,0.6238213583729134,1.3961072045347036,0.6816302723249618,1.4683153049301882,1000
579,-0.26983686080379776,328.3678507571272,0.4004617101675342,0.26646731936363666,-0.7980201631046071,0.251450307483301,-0.7921128067565256,0.2524390851489301,1000,0.8563104987302559,204.9793850308231,0.5269818869874252,0.2061174864110173,0.4874259047205208,1.2953985457895305,0.452320225364662,1.26030077209585,1000
580,-0.019114168604521087,343.1795967181474,0.43853514727025683,0.3444663943454352,-0.6792441706798388,0.6954709738692321,-0.694268301521574,0.6560399643125319,1000,0.8863012237754031,237.47665255573722,0.5090356063794952,0.2213967723165062,0.4140097112432508,1.2342981160724515,0.45236355003505097,1.3202388975157553,1000
581,-0.41836374225813033,409.07977173618184,0.3656841265959374,0.22561128099512848,-0.8804446284295772,-0.015954839255917196,-0.8605618530085821,0.023834368492321456,1000,0.9463275908253284,197.82901951109287,0.4373811979193293,0.1671450869008402,0.6088900005924901,1.275699565453602,0.6187232204996815,1.2739319611509752,1000
582,-0.09578075672426012,350.5130906650014,0.5207844404453748,0.19968757165944329,-0.5211409439113581,0.25067164665039227,-0.48716839717676896,0.2956068837282487,1000,0.9237633584056826,272.36486858281756,0.31432129255406094,0.16861663991976378,0.6019486488840391,1.2705777568243126,0.5932747441629456,1.2542519726484196,1000
583,0.19130414627682413,409.6608234315186,0.3439399295882814,0.24852611573424882,-0.29511303804487193,0.6490908274432104,-0.29580704056230356,0.6784153331159518,1000,1.1490880623522375,259.84110366685485,0.3843480653981738,0.1634690390116929,0.8608592662420977,1.4828866182326932,0.8286887458893194,1.4694873788151557,1000
584,0.1827055714150303,420.8465797284445,0.3293613652920058,0.2319133733570615,-0.24655716524226573,0.6658801808261237,-0.2718446403648102,0.6372557831948709,1000,1.2838922918925766,234.24628087442773,0.3560669822049164,0.15944998741700533,0.962545947215458,1.577237472099878,0.9713703165552461,1.596414267229907,1000
585,-0.040822744739995365,312.2976265206956,0.9004320423178672,0.2809423143463276,-0.6111677295441361,0.5113632358010077,-0.5914696808587975,0.5098241913788067,1000,0.8843389690936618,208.34266268933413,0.822022410408363,0.23267926022844243,0.48414069270364163,1.394397056195448,0.42828761904591467,1.340390319141409,1000
586,-0.15105078800931482,327.0060791734867,0.5636507368395841,0.246317690356358,-0.6234383193016756,0.3495554769265486,-0.6338334611077765,0.33173188508914686,1000,1.1294262194593645,194.6219264669606,0.5005004739695429,0.1675099678684476,0.7938216330557349,1.4473713213219943,0.8011066824372073,1.4577457564815217,1000
587,0.2538446961950287,395.34235393987956,0.3589360953134569,0.2824948888914214,-0.326956090457664,0.7867515586863586,-0.2998452860321572,0.8075346784222146,1000,0.9283036663450974,219.34618262601575,0.7086220573766929,0.22457293607632142,0.44051588530956887,1.2814921703080147,0.48814071163550743,1.3684666210546874,1000
588,0.35369230979078914,338.7131804909915,0.5172857627162033,0.28716009570469764,-0.17360479571169635,0.9706921706577358,-0.20914147779041825,0.9165260973719965,1000,1.2625753972249512,220.1226345133879,0.8188503854957003,0.18576774020521966,0.9406795207129883,1.7198857132528351,0.8984706264227207,1.6266801680271816,1000
589,0.20357977379123415,323.32125060438557,0.7336652949314596,0.25060683767968717,-0.30605970183351106,0.6730359532147357,-0.2876096280609527,0.694769175643421,1000,0.9512469200979661,179.7747476371221,0.6401106515547573,0.19101989347909934,0.5610578299305374,1.298901708161791,0.5768479288789314,1.3256459113170007,1000
590,-0.15497457563341666,378.3235579402093,0.38686103944853273,0.20881122800535418,-0.5971627275909372,0.2504975609622371,-0.5642445825239109,0.25429543125707754,1000,1.0521611020763477,229.36069917754583,0.3733367406904545,0.13460478580032736,0.7998152316353123,1.3384531645167428,0.7883357219077061,1.3159864822449894,1000
591,-0.24869492300828488,409.91343718272145,0.3308825131533957,0.23880403022890626,-0.7180613467651704,0.20939556415138086,-0.7167508222569412,0.21936097624037137,1000,0.8594612885657713,229.05671372470252,0.3682778337877478,0.16952040194024817,0.5276509432548483,1.197660225399583,0.5272013007628849,1.1917212763686578,1000
592,-0.2412042710667599,366.4788882577383,0.45462507910873406,0.2590179421420089,-0.7566700575257723,0.27157240021217793,-0.7488794376650973,0.26647089553157755,1000,1.1290089096268248,185.78619407762548,0.519856357199359,0.1596696781916254,0.8196629064279212,1.4542955361962333,0.816056340371239,1.4419614788824107,1000
593,-0.13592286384826346,351.48754463783973,0.5004281437307636,0.24406207888702225,-0.625874022099938,0.3423754668607488,-0.6142845384668271,0.34243881077030014,1000,0.8647548132943754,250.56967934253834,0.35691568986431715,0.15714694080256505,0.58816904400483,1.1937429536290112,0.5567468093213479,1.172762817267403,1000
594,-0.44106963614735406,318.1565919650232,0.8275487723649189,0.3287482679301138,-1.1807900818636474,0.13282518050621295,-1.085416241290377,0.20327696899566894,1000,0.7645890728211309,205.15823805915053,0.5334775326686317,0.1543270245416444,0.44952879079657276,1.063747498492602,0.46210810471950786,1.0670700409227538,1000
595,0.2321372213273163,302.1618266975585,0.5667470023532206,0.25296474513009265,-0.25568240222363664,0.7292781905997985,-0.2636736791276653,0.7279481217822978,1000,1.183498696779825,198.7356317098127,0.6119488086358382,0.1834991434923632,0.800331716826597,1.5082979604370603,0.8238403755347932,1.543157018024857,1000
596,0.012196459902615864,284.55178295331643,0.8066396257991101,0.2005286590954001,-0.3924493812133365,0.39773271838063917,-0.38083971192436833,0.40523263172960006,1000,1.0679585997838092,192.7603118267153,0.5046777968983739,0.1572734062926835,0.7465639685229666,1.35548326838381,0.7597027234501497,1.3762144761174688,1000
597,0.5677939333632778,362.5634657672432,0.42202205220923444,0.2943275571674653,0.024787217725717726,1.2295249122807372,-0.009088078684954204,1.1446759454115099,1000,1.3304868619770032,223.7620100352862,0.742009941120638,0.3089540673527847,0.9173072155868857,2.104389291973536,0.7249368899655452,1.936036833988461,1000
598,0.025458756525098103,297.52372122048666,0.7761016839045172,0.26981107945527705,-0.5353620023989625,0.5602370497515374,-0.503370959207245,0.5542884722574412,1000,0.9118464834089708,208.52848681957292,0.3990418212414043,0.18444366810029864,0.5510783231307973,1.269058224188164,0.5503368939323854,1.2733560728855562,1000
599,0.9235445388543906,354.90920404195174,0.4796336162878634,0.46761669538973977,0.05907154938640334,1.8947338077424516,0.0070158158905007095,1.8400732618182805,1000,1.4644928942218622,185.28731328774506,1.1354793489403796,0.4740346759565469,0.8138372858944839,2.541800463308333,0.5353849293470303,2.3936008590966944,1000
600,0.06781240170336833,390.5755849217149,0.38969139203882014,0.24359065008964725,-0.44488455832671525,0.4938643510643317,-0.40962527247234026,0.5452500758790769,1000,1.2903499038871513,235.94841843640225,0.3773701417205854,0.14692379239629513,0.9980124514621206,1.5764370351135952,1.002379270790413,1.5783205369838897,1000
601,0.2977877302031109,374.4260344830417,0.5092207956429519,0.2719023632834482,-0.2076254403237508,0.8759177504846563,-0.2351409018324475,0.8307163622386693,1000,1.145191594573821,208.20043481742172,0.43259275072965914,0.18384864998966952,0.8631804050978958,1.6360481607339925,0.7848482405940687,1.5055349485535732,1000
602,-0.7643727622492165,245.58477559758222,0.7253108930549758,0.26181070506823584,-1.2888359377640504,-0.25097041688828203,-1.2775217441829587,-0.2512237803154742,1000,0.8148713435097075,144.43963588817093,0.7728811311881694,0.16773984884825843,0.5073613419845161,1.1683157159191493,0.48610123976712094,1.143641447252294,1000
603,-0.44972207211304305,307.28135957317636,0.8046592958491166,0.24835714597011344,-0.9458199205936664,0.019526371705332626,-0.9365020782144653,0.037057933988379255,1000,0.8450293260437829,202.94558222575694,0.46607554666201495,0.15736571697500104,0.5508766455832927,1.154637268835559,0.5365925207727809,1.153466131314785,1000
604,-0.2757868464429789,289.6802705675313,0.840735563061486,0.24549779756278362,-0.7770939832721571,0.1803458283536243,-0.7569625296660347,0.20538883678007697,1000,0.7141013720348783,213.5815422760085,0.390245186722859,0.1701138835991429,0.3865510381010009,1.0341279106784016,0.3806781601805583,1.0475245838891984,1000
605,0.1277719960969046,300.52117576446625,0.4447969786922576,0.2845974238701171,-0.3999539912354308,0.7297991689545683,-0.43003895468852493,0.6855829468823341,1000,1.1262622042940098,208.67581481363058,0.4783761154883851,0.16374950336597965,0.8121896729983407,1.459698088665086,0.8053131776966898,1.4472112308913299,1000
606,0.2392597843142621,397.5545011333217,0.3892610564794834,0.29107176390791695,-0.4093545895238282,0.734542869378804,-0.33124087294525506,0.8097604415737792,1000,0.6383896446303248,194.71775787964765,1.8622927945590104,0.8273933589612756,-1.9642067845042204,1.3269282041937418,-0.9833013389337755,2.260080628194425,1000
607,0.1828007637886251,400.6290751290162,0.3095521351713702,0.2600935616480681,-0.2933816321553638,0.6986991415921006,-0.3269826170415884,0.6925841446188385,1000,0.9186779672223033,215.74544392931722,0.5191371207340671,0.18351968450687867,0.6075198907565561,1.324525708747067,0.5589793855888212,1.2783765488557854,1000
608,0.07167431099939225,333.11643271209215,0.83082882145248,0.3319553170350962,-0.5986132053719824,0.6897589049937736,-0.5789581103893963,0.7223067323881808,1000,1.1178614395248703,185.46951551297897,0.6949448655428747,0.20009652410057266,0.739068812601148,1.5559881175176327,0.7256722522877479,1.5100506267619926,1000
609,0.28334421202061844,380.3021178277314,0.5089367396956137,0.26654451060989726,-0.2507485337974388,0.7896105596680933,-0.23908302877478016,0.805771452816017,1000,1.4375311473543237,188.26043029666474,0.47787943962953927,0.17957924158873217,1.0746787376533649,1.7841496035817401,1.0855558338404088,1.7895064608682387,1000
610,-0.03799270211414596,382.1027201600493,0.5159454467297723,0.2528402563203362,-0.5258618907932493,0.4451158233412765,-0.5335596045020049,0.457574200273713,1000,0.8417366665604837,254.72190205486126,0.3355038113074512,0.16945180276835728,0.5375879563284696,1.194955910267432,0.5096111331345035,1.173862199986464,1000
611,-0.29002305270249185,378.7525287853449,0.44681768315497145,0.2203190064347731,-0.744980786535237,0.10241923715845691,-0.7218483053146472,0.14180219990966342,1000,0.9512608819463915,248.888674781064,0.3535765953211665,0.15176834619768473,0.6472051825271801,1.2387775639938532,0.6537949233989294,1.2487268404938536,1000
612,-0.06644583933703618,352.40091045149404,0.6538180513267778,0.1806431536376817,-0.4103548568757373,0.2812334646754133,-0.42050642046689235,0.28761474179282,1000,1.311074698001867,157.15344710894252,0.5937667084679402,0.13969949570131376,1.0327216609496739,1.579811912981973,1.0372636864272922,1.584885709576442,1000
613,-0.4261034149966463,342.2561803041161,0.5297574391057199,0.3115575492684484,-1.0440387911205227,0.19711364784980653,-1.036756211562805,0.18454938156951262,1000,0.6979003993139341,191.57886019588094,0.5495255972100992,0.20748703672198202,0.3363252182057228,1.1819851627789613,0.29122580733884934,1.1045749912890188,1000
614,-0.17401716643234355,244.40629024799608,0.8786936972779584,0.2700858632991324,-0.7210403447386529,0.3197365176063698,-0.7033854584986431,0.355351125633956,1000,0.9553530651813138,186.93088659436052,0.5111418165465343,0.13570043956758718,0.672860767854785,1.2263560795831825,0.689380203628843,1.2213259267337846,1000
615,-0.11908541511943671,246.93271618256279,1.2430349534684044,0.3034549947238531,-0.7218980136809263,0.42256191063882115,-0.7138572047781888,0.4756863745393154,1000,1.0869579485504555,162.57613242919987,0.8187432162030285,0.1927894655604314,0.7453640211622754,1.480504784831968,0.70909059605201,1.464825301048901,1000
616,-0.009996901500841204,332.3834944567429,0.5288289316892256,0.28268287046941254,-0.5685489602812192,0.5358130289433105,-0.5640553276208897,0.5440615246192073,1000,0.8667049226054342,209.17719982192253,0.41043381033808474,0.19469865041949627,0.5427856922732912,1.3044372548686576,0.4850955677832215,1.2483142774276468,1000
617,0.12339123890782,387.58909483789955,0.3404526552063834,0.3158633785650289,-0.4804236521794888,0.7380316303828028,-0.4957009830796366,0.7424834608952766,1000,0.8787459194366019,265.21243866911453,0.28219855154896384,0.16476775727111392,0.544788301067169,1.1986489451545377,0.5558011151852186,1.2016907236879852,1000
618,-0.0744209122173527,338.6898070785477,0.585830330689392,0.2374662852589312,-0.5521268536662234,0.402754587657104,-0.5398548313248579,0.39101300689015245,1000,1.0109038238958314,211.93559143726839,0.5108319606575418,0.1779232912138597,0.6704559667034226,1.377064798326196,0.6621741731166664,1.3596334746749965,1000
619,-0.18428891516911872,306.9489552965746,0.8181344284858724,0.19911906696475207,-0.6047446757226036,0.17918796542828053,-0.5745622864200328,0.20598445608179533,1000,0.9094671003091901,177.87426286084718,0.5586365436889484,0.1487665525046673,0.6052971651611885,1.2061486359089026,0.6178846574000422,1.2010495432183381,1000
620,-0.3860923794786544,306.79242935162733,0.7174401449150308,0.24514208964543477,-0.8751914618172982,0.07558362570438965,-0.8665708751837065,0.09438611622639775,1000,1.0065950393601844,207.62945678204133,0.5033279132098274,0.15044303202211665,0.7199241277298637,1.307449448113324,0.7117266965968357,1.3014633821235329,1000
621,-0.21545382132297286,326.2572453198477,0.6017889732671226,0.25728450931756314,-0.732370571417818,0.25776832359402285,-0.7197314595853966,0.2888238169394509,1000,0.8033299470757811,245.56325842152896,0.35284093894017543,0.15634877204739234,0.4955293027136072,1.1093826418912203,0.4968863538628921,1.1097735402886701,1000
622,-0.23121730111141403,377.7246370872791,0.4029174618093593,0.3306093639927408,-0.8530003772973772,0.43108156023823735,-0.8792116545371861,0.416777052314358,1000,0.9984100010126742,220.36082489316286,0.42538443299809675,0.1891431117218343,0.6518842070320033,1.4136452959300536,0.627689502037879,1.3691304999874694,1000
623,0.14103725507717524,362.576235982237,0.37636746501278767,0.2067922516216556,-0.24795835738546856,0.5284826373815612,-0.26427555810126974,0.5463500682556202,1000,1.005780715894728,230.4247702204678,0.5442240782254228,0.17083565682817836,0.6719360790995896,1.3482963578436145,0.6709428285114984,1.3406186032779577,1000
624,-0.6804602110529081,296.4260297676719,0.6271091078172012,0.2518343232289393,-1.186748736180329,-0.20427760519398386,-1.1740554845816291,-0.1868649375241871,1000,0.8315710990120064,178.61895995431223,0.5337184372792713,0.1471799492371201,0.5522124165030986,1.1231433057898776,0.5430983985072511,1.1200437995167618,1000
625,-0.38101029165946354,354.93457953813737,0.5602928232382914,0.29232050182081254,-0.9728842993581077,0.16329412915016422,-0.953958475228256,0.19193789190932897,1000,0.8529236838205572,222.11295707255752,0.38209880889290737,0.16415331061749094,0.5320389623950379,1.18507191420421,0.531183195010275,1.1746641726308393,1000
626,0.35959065109336175,412.17276289982766,0.5179773000822979,0.24439539164300358,-0.14241032145903995,0.8386720154556465,-0.11942431652692526,0.8386056187136488,1000,1.1907249605602876,264.46767743172256,0.4711185723366975,0.14721752800537427,0.8968493178802627,1.4888853451681372,0.902178605669754,1.4792713154508212,1000
627,-0.10578540928612234,291.76882206665255,0.672645729554587,0.24999406526119514,-0.5974369062397447,0.41771836159353365,-0.5957737771980648,0.3842029586258201,1000,0.670913081656995,226.0440378133854,0.38018879713215126,0.1588661661529521,0.3501627319275887,0.9969283920955614,0.3595353959972089,0.9822907673167811,1000
628,0.1761151016368787,359.97814105955877,0.4182825104860454,0.3562392220731258,-0.5046711396353872,0.8802895527501611,-0.5221137736264478,0.8743439769002053,1000,0.9173807484281307,265.905610266464,0.4701310813768909,0.20522124229369315,0.5545469341777528,1.3471788187708678,0.5151471135324921,1.3196143833237692,1000
629,-0.05048708437862759,408.31855587853335,0.3121192908756142,0.21484835203401215,-0.4718587230050204,0.3480014060230814,-0.4715898543652914,0.3706156856080362,1000,1.121211883871644,244.55056454850651,0.3651899108911406,0.1653150986494273,0.7971757837919355,1.4555902878494857,0.7971942905187666,1.4452294772245216,1000
630,0.2899634100415933,393.2988197886792,0.4397925638776925,0.2368132185449657,-0.20902787358496078,0.7112485877823101,-0.17419049830653943,0.7541173183897261,1000,1.0096164762529711,243.76110325421584,0.45269021535502296,0.15629637795612997,0.7028934630321872,1.3140117845559431,0.7032755754589564,1.315957377046986,1000
631,0.16769776972785388,413.677550169152,0.385894680921283,0.25234630868235436,-0.33073415359765845,0.6768918542980354,-0.3269009952895606,0.6622965347452684,1000,1.0004149552517494,200.107845125266,0.5176020240814149,0.1633116998465857,0.7182283407824502,1.352686824962304,0.6803240235524415,1.3205058869510573,1000
632,0.18480151407485046,368.05219125628986,0.49140114948617813,0.23842301899249035,-0.2953531633575381,0.606254627328401,-0.2825076031504306,0.6521106313001315,1000,1.1298722611172707,223.0196813752326,0.40094493688715366,0.15637011504506415,0.8487871653637031,1.4478347537938765,0.8233868356289449,1.4363576866055965,1000
633,0.07683177576849864,319.0173294832861,0.5107599229943617,0.2818466484515099,-0.4712937383633102,0.6221061010388842,-0.47558765519646073,0.629251206733458,1000,1.077501443608293,172.6887552590444,1.1261079235256055,0.409792049931013,0.13067475939018358,1.5486610619219567,0.2743090257435076,1.8806938614730786,1000
634,0.06531526123024722,392.0008613309955,0.3455054322192947,0.2737584322764301,-0.4157190963054368,0.6482011225782022,-0.47125126603155576,0.6018817884920502,1000,0.777455705038347,216.46465019607,0.40977615663431866,0.18685645993880678,0.44444521288349914,1.18303051635666,0.41121704355828576,1.1436943665184083,1000
635,-0.12886280865091138,322.1179851281925,0.7485501499375689,0.30198926533367226,-0.750351597809241,0.42001179803503075,-0.720761768704909,0.4630361514030863,1000,0.8103496030123094,212.05854677543493,0.7883862652800488,0.20467011055168347,0.4099546276716468,1.2275985115152825,0.40919618633100985,1.211503019693609,1000
636,-0.1715372221166036,360.26810025130027,0.4368630411143149,0.30250120847208145,-0.733833653236545,0.420925573363688,-0.7644395907218833,0.42136514648867607,1000,0.8254081248624918,238.97745589517,0.4737177072118084,0.19576656137924903,0.48288343196260924,1.2362939332284033,0.4417056645591637,1.20911058516582,1000
637,-0.08956265214916126,316.7046188455648,0.6460535235276268,0.2631847211405007,-0.5786943717595844,0.4527349216684024,-0.6054047055845426,0.4262794012862201,1000,1.0629284174554874,169.5075891312466,0.5633199021175446,0.1865614060197803,0.7545498243498145,1.4151326671753415,0.697268061656718,1.4285887732542568,1000
638,0.17403897489547582,342.1750124760294,0.6031393847828094,0.2309257532422489,-0.27524954485340597,0.626539395514548,-0.278575501459332,0.6266534512502837,1000,0.9059983718155764,231.86733777268498,0.3788823724365182,0.16178023992075383,0.6099507859720316,1.2299789407283561,0.5889091015708989,1.2230876420602539,1000
639,-0.6307688471533783,252.8011989263387,0.9330717088071209,0.31433753675904325,-1.2551538896347663,-0.02481726568311413,-1.246870419201103,-0.014667275105653577,1000,0.7446414463493767,168.86188722797093,0.8366960760215666,0.17976554610016657,0.3934743798181882,1.1155034718508379,0.3923009759930502,1.096981916705703,1000
640,0.24216294891582857,369.72537347480295,0.3879382027236787,0.2229417513520636,-0.2076614001617116,0.6747465919424944,-0.19480288373421606,0.6791287815658732,1000,1.2477223901802779,211.6596728860003,0.6656715252065769,0.15472877747720068,0.9656333596955033,1.5497937871223302,0.9444539863249646,1.5509907940355911,1000
641,0.06288399877221273,416.77565080973943,0.416420950202651,0.22013365123231693,-0.385627472173019,0.49450494096242664,-0.36857795764312845,0.4943459551875539,1000,0.8354008232786247,278.9192681676329,0.38106095193862366,0.16876241740390271,0.49242133631507473,1.1284657344135987,0.5046264851669755,1.166175161390274,1000
642,0.1285372536818432,345.8141315797949,0.46325039024864484,0.2243138056766018,-0.29713165620380494,0.5995595303310894,-0.31111780544429635,0.5681923128079828,1000,0.9817579483754435,195.76965158707392,0.5963011659452735,0.18693617899843054,0.667452979206293,1.4051934389352598,0.6153630375385196,1.3481528592123673,1000
643,0.012699092232335119,382.8582095131518,0.35022481486323104,0.27651818722515525,-0.5193169235226586,0.5387479407730786,-0.5292765547289692,0.5546747391936394,1000,0.7779320376936694,195.7316126497667,0.4379287561080564,0.15511826169526108,0.4616529761631816,1.0780514396485097,0.47390024477095766,1.081963830616381,1000
644,-0.5208287854807496,194.81130774518618,2.228004709773741,0.37631095606407006,-1.2125841313949797,0.25900680093047473,-1.2583982593663268,0.21674068840482763,1000,1.0497931667420177,164.85827921516355,0.7719236708749845,0.2421434067298764,0.6456418348515286,1.5920563606882108,0.57519208955146,1.5243942439325755,1000
645,0.041660248757363405,379.29233009947427,0.4544747400147954,0.2873339622627405,-0.526405443118791,0.632078595649346,-0.521514317277608,0.6048348147923348,1000,0.9914589854852038,237.67490504766158,0.3394168195010791,0.17622529076761612,0.6631229179368232,1.3655647148935544,0.6460574155806762,1.3368605553897315,1000
646,0.05205273741619054,405.57374424881135,0.3032448940727647,0.25645706228534576,-0.4335703141006245,0.5286368549366695,-0.4506031046630872,0.5547085794954683,1000,0.9097608812353797,218.0919072168159,0.5335828631071642,0.18298557944758173,0.5721185605695347,1.286280414000847,0.5511091455181195,1.2684126169526397,1000
647,0.2188590929101828,392.1530881428135,0.4086369226863394,0.2349771933964887,-0.24481030025241818,0.6787233157080088,-0.24169620614693504,0.6794143919673006,1000,1.0674029991292606,254.30856403057695,0.3282903744450955,0.14718614633635477,0.7772421522772871,1.3825244667161627,0.7789181523100053,1.355887845948516,1000
648,0.20471914028125626,442.9012265138978,0.27179512107821197,0.20430642161858908,-0.1831402736102944,0.5850295898925326,-0.19572144609117836,0.6051597266536909,1000,1.2984378803925838,226.56100438505337,0.3675769813094869,0.17488174183804517,0.9637019474364408,1.660241843727973,0.9556696663900153,1.6412060943951523,1000
649,0.11313031396711981,353.4503301019485,0.4740639962439162,0.23302573142416372,-0.3711827260743381,0.5622566077617487,-0.3436001196242411,0.5698607475584807,1000,1.1794319292504318,237.19572175921607,0.3716529078996474,0.1718944028072602,0.8568829915907783,1.5219031688966513,0.8425188997482018,1.5163449587526618,1000
650,-0.47606477010929016,269.5095401759102,0.7450720987240194,0.26986361006822424,-1.056745810322463,-0.00597561033867219,-1.0049974458430095,0.052867905624429334,1000,0.8563011119173103,134.17180519427984,0.8910210002629171,0.1865953253385206,0.458341206027736,1.2019152671149476,0.4905742742538099,1.2220279495808106,1000
651,-0.5221857550158919,325.72626662095234,0.5549897458326282,0.2993671947641917,-1.1454486296046285,-0.02002958163680207,-1.1089454567537076,0.06457394672192385,1000,0.9516524742175654,196.1454029373353,0.48330307962912233,0.16024202886709762,0.6275882895228626,1.2573871065301165,0.6375780976380541,1.2657268507970767,1000
652,0.04066906424284822,381.824127468605,0.4679799109773725,0.3731412452889219,-0.6888172808149569,0.8043473951924114,-0.6906877765234387,0.7720259050091351,1000,1.0396861817958656,263.2186602990215,0.3325347661702048,0.18826447732357773,0.6541618980459154,1.3627290113581416,0.6706878062416533,1.408684557350078,1000
653,-0.10361926341373628,351.16596574565574,0.37788709145143934,0.25421058574354466,-0.5815483581769088,0.39095086769127735,-0.6018720114710838,0.39463348464361125,1000,0.7669281354659003,249.5762948488402,0.31212233620565133,0.15808462799944506,0.4675463162185907,1.0837148799747423,0.45708226458698803,1.0767740063448126,1000
654,-0.11962169927118138,265.0864771341664,0.8395257395437328,0.25788001447351283,-0.6312776878407461,0.3571695260046332,-0.6250665276392665,0.38582312909690375,1000,1.0884254396717403,165.44788888073464,0.556727363602757,0.15186927475164788,0.7854757580302726,1.3792745018631651,0.7907616611585104,1.3860892181849702,1000
655,0.2827652206083675,353.23704334248504,0.41016000958199605,0.31285271641345497,-0.28012661787559945,0.9960700673436692,-0.3304261035620042,0.8959565447787392,1000,1.0298631359367532,206.10505468694217,0.5457404095097459,0.22940375702878796,0.7201471737861551,1.632934965680781,0.5802317721603287,1.4794944997131776,1000
656,0.1063292950750454,323.6921435019027,0.5803871200494154,0.21635991715538616,-0.3181825453063648,0.5302458280351344,-0.3177361425495115,0.5303947326996024,1000,1.220161154688332,221.71629295320452,0.4251772885947852,0.16900586847759985,0.8827859655773768,1.5579798334105621,0.8889096524722362,1.5514126569044278,1000
657,-0.33921566154866056,352.92709150164904,0.4756443597743878,0.21829668691190177,-0.7738437404245994,0.06358142092588993,-0.767077167895988,0.08864584479866688,1000,0.8885238328519258,192.56043977441308,0.4691079667906545,0.19660821302973883,0.5137841656882337,1.287996647010775,0.5031717353136378,1.2738759303902139,1000
658,-0.23453623102867294,316.8150605416598,0.8559809947503982,0.2278586474332981,-0.6784733821360289,0.2526632837184271,-0.6811391799979372,0.2120667179405913,1000,1.055775570056797,200.68216496643458,0.4433835041215825,0.17745983863951345,0.7470147939669586,1.4283325881493565,0.7079542863233507,1.4035968537902432,1000
659,-0.07635853921210956,265.32594964427074,0.7981148013803182,0.281151977706811,-0.6765707992867799,0.45446636440014776,-0.6274164155174591,0.47469933709323997,1000,1.1404373285419127,210.95218054997713,0.46179612807269077,0.18178852916705923,0.7605079746734679,1.4704977492917333,0.7841318113744766,1.4967428457093488,1000
660,-0.036015595589407035,347.61987224391265,0.5203197346448659,0.2659347381243642,-0.5334052825138516,0.508520354594789,-0.5572476823131608,0.48521649113434673,1000,0.9976550974490697,208.59264154187915,0.6900171019998024,0.2197654607019591,0.6345807968027299,1.4988266646681003,0.5669147944732298,1.4283954004249095,1000
661,-0.13145014275047195,274.2477474945678,0.7721535753068643,0.3681142932278404,-1.0019155078496786,0.487118485080382,-0.8529541574770391,0.5900538719760952,1000,1.0546292230537846,206.8203892495111,0.4858544527028158,0.15497286521862164,0.7633475974656183,1.372563379524022,0.7508824072252862,1.358376038882283,1000
662,0.29920205632996,352.4993139103048,0.5117427985987523,0.26544660804513365,-0.2683640170415241,0.8017986803873162,-0.22107329543850196,0.819477408098422,1000,1.0516702204728254,287.5956801091414,0.3518549570486282,0.17108545103998093,0.7199375995992099,1.4037437361479645,0.7163427364344628,1.386997704511188,1000
663,0.4594344921027136,353.7637094850441,0.6111210729317886,0.2848303381474888,-0.11614916055866427,0.9730741760367055,-0.09883297066636443,1.0177019548717916,1000,0.6656153368972961,199.65806502911298,1.6182510090040316,0.4653669392028372,-0.502811310514865,1.171305445806628,-0.2465038639402648,1.577734537734857,1000
664,0.16392424038635234,424.11439011467235,0.32910741886508205,0.21721443784760913,-0.29413095264345446,0.5679879738510468,-0.26181605779496153,0.5896645385676662,1000,1.0767906767130997,274.0979512271669,0.2860135820180342,0.13369239629035728,0.8256428908699025,1.3526810937370697,0.8147535799839994,1.3388277734421998,1000
665,0.13241430424220724,415.9036463066761,0.3407737003552611,0.2650652233106546,-0.36664511749977824,0.6618315299853867,-0.38711353344667576,0.6519421419310902,1000,1.0650497219805666,261.5960897671114,0.29130681747514653,0.17723026486349705,0.7465163192095029,1.4505804925572543,0.7176784028481124,1.4124210411130207,1000
666,-0.10331572860209004,350.795804375199,0.5640975770110501,0.344457739445427,-0.7591831381792697,0.5980770012181396,-0.778452897915127,0.5718214407109469,1000,1.0392646804771983,232.03834140667908,0.3434767633486604,0.17554361718195677,0.7110485593627863,1.3889699581086725,0.695199190800563,1.3833301701538336,1000
667,-0.21187585742516335,383.4715358404286,0.4678791898021644,0.26696773913492433,-0.7564896584208013,0.25395869351338685,-0.735132626129615,0.31138091127928835,1000,0.91842106649657,270.09391858294805,0.29816090570428383,0.15609213714263337,0.6034192620632528,1.2291652534865536,0.6124804776970085,1.2243616552961314,1000
668,-0.07412268273851641,325.94679356852737,0.5978331328981441,0.2535983137317536,-0.5899020908574466,0.4025712720256862,-0.5711753776527535,0.4229300121757207,1000,0.680569155336403,238.56228705082896,0.42273473470087036,0.16069153871913092,0.34921641658287883,0.9844619788502411,0.36561373944690645,0.9955245712258997,1000
669,0.04745433918831221,302.679788838671,0.6522234849241543,0.2676636068568141,-0.5130330431747506,0.5649754367221811,-0.4771663302510435,0.5720750086276679,1000,1.0974137441792617,209.18441208701353,0.64714402873584,0.2092774667526583,0.7169691564617788,1.5316684857235578,0.6872299093440515,1.507597579014472,1000
670,0.45614600536669503,378.4125829217987,0.39366086379875104,0.2828745321545246,-0.06992234114295698,1.0566224948287724,-0.0982880776561732,1.0105800883895633,1000,1.2815443111219373,224.57742880209406,0.40633140373929594,0.18706708956094675,0.9741364047425032,1.7186867329404245,0.9148928155824817,1.648195806661393,1000
671,-0.18509719741453834,354.9034304089769,0.39855910408643264,0.24137456537276095,-0.7001602205312911,0.2310765918701763,-0.6581913455451498,0.2879969507160731,1000,0.8366235288472925,241.09032634040983,0.3508458216028091,0.16333910046886127,0.5381235149038984,1.1472611104784998,0.5164788919283244,1.1567681657662607,1000
672,-0.3957579313233328,375.0719918929797,0.35829385195685826,0.20528197486243988,-0.8177107015628641,-0.005376264958815637,-0.798110602053715,0.006594739407049355,1000,0.6388980060824463,199.1000396416448,0.43515172055586027,0.1568431521429019,0.3353254436879048,0.93008391070607,0.3314854278823586,0.946310584282534,1000
673,0.11712830861268841,376.13497930891054,0.4164036637084515,0.30348660541651906,-0.436334628931428,0.7143472931379832,-0.4777054380036889,0.7119620552290657,1000,0.8962497055198506,268.2359061238848,0.33139805748931034,0.16962349812899166,0.5865303149910905,1.2547217094523948,0.563787649187027,1.2287117618526744,1000
674,0.3465465230444704,406.55166759538815,0.33642790894576424,0.23287838883488157,-0.09751480583019952,0.788614506354748,-0.10989511907189747,0.8029881651608384,1000,1.25228498280475,236.0202641164327,0.34827681764499024,0.17619176165970704,0.9206540447730258,1.589717284898615,0.9069491299517242,1.597620835657776,1000
675,0.32475727136361376,324.839816655378,0.5405493580346926,0.259499313788431,-0.15669235519948124,0.8583885076576302,-0.183861383661711,0.8333759263889385,1000,1.2958542560418165,207.52755661084595,0.6195024639156851,0.27936334673613955,0.8677479275564055,1.9549920760303638,0.7483020964389829,1.8434064156446501,1000
676,0.03783535967366625,365.3760073200257,0.5379077172158377,0.24700957539540058,-0.43690765081843597,0.51827688026497,-0.4463034081013189,0.5219741274486513,1000,0.9353901121074792,268.360837989111,0.33821566442747414,0.14583001566853115,0.6644083893513825,1.2487395692649532,0.6495632813971581,1.2212169428178004,1000
677,-0.2761293340014426,356.3552155351907,0.3781420752889186,0.2803221124048137,-0.8824317170159677,0.2035439808340446,-0.8255606743148775,0.2733020063119923,1000,0.7220841019980528,251.0917598801439,0.4088604434490988,0.151683166829817,0.4400997667580866,1.0208266370209547,0.42478509501161155,1.0193831089844942,1000
678,0.21798190187728572,337.04624836042296,0.5634245151042805,0.2630006163468173,-0.3042150906380602,0.7382515030425102,-0.2974993061624762,0.7334631099170477,1000,1.310398938316475,226.85662089429312,0.5044475824716448,0.18348785010157312,0.9628595526187173,1.698842326247939,0.9507627521173916,1.6700351245155582,1000
679,0.323504475119611,392.5518803826734,0.4457217493503801,0.23187338525207332,-0.13952634290911778,0.7804923477412613,-0.1309673599744527,0.7779763102136747,1000,1.1665101728304466,245.14145722923786,0.35214825183453174,0.16585988729519402,0.8603062910718542,1.5176650495953359,0.8414247937318663,1.4915955519290267,1000
680,0.10443109888828994,400.8918703472881,0.3586192697688869,0.24004054819150433,-0.3292846721129961,0.5580014434473725,-0.36604837556705855,0.5749105733436384,1000,1.1363560765398715,234.07993777081734,0.3806671824293032,0.1628368492653503,0.8048052948374238,1.4478038334074863,0.8171958519797848,1.455516301099958,1000
681,-0.04899692128558275,363.2303992581803,0.5488681670053235,0.20476551521677278,-0.4956768032978192,0.3165162156878733,-0.4503373311104574,0.35234348853929187,1000,0.9008431039787963,227.1447820532965,0.3796373344299813,0.16030727800306938,0.5741367382849164,1.2081146654208972,0.5866408390927803,1.2150453688648124,1000
682,0.30139211893053286,410.0873110804093,0.4233986445838886,0.25515109338347775,-0.19450802801923922,0.7838848817073916,-0.19870402410108357,0.8014882619621493,1000,0.9864956907013895,216.86393960873954,0.5871491026053343,0.17765382987317185,0.6028302349487678,1.294388708992138,0.6382941841499727,1.3346971972528063,1000
683,-0.05812824356321755,336.9603720576493,0.5730175442888498,0.31912954884478273,-0.6849182618198922,0.5764549884768253,-0.6836221592989917,0.5673656721725566,1000,0.9554205332429646,248.6268142711524,0.5209455426558626,0.18335838797089937,0.6309700292714873,1.3624479467666395,0.5960380928200019,1.3148029736659272,1000
684,-0.41074200424457175,343.78961524086696,0.6268581546248811,0.29905689962196197,-1.0526372401945339,0.0947381736676358,-0.9968935275036171,0.17540951901447366,1000,0.9313697854408391,199.61539033275392,0.6420674429540054,0.17204194082292495,0.5867252815574725,1.2581160002535532,0.5941675814279063,1.268571989453772,1000
685,-0.41122087401681817,266.07696993335196,0.9239816854366856,0.28094663431331457,-0.961360876014977,0.0952974895627484,-0.9618762772709147,0.1394345292372784,1000,0.7796883799138521,154.3679879091571,0.7469497882770836,0.24970985550363475,0.20976369541686532,1.1659719608548653,0.290257063126728,1.2691196967009761,1000
686,0.03635961649551511,443.1663075903031,0.2891204243205121,0.2691158077315901,-0.47678170581126345,0.5518516644536892,-0.4911073666584015,0.5638265996494317,1000,0.9677296750255557,261.42162043318996,0.33503315464665706,0.17487848055594135,0.6719186021680299,1.3549295658671223,0.6249678531359106,1.3104914969152008,1000
687,0.3473653212515915,333.31068382140603,0.5548690109350494,0.3164887093425167,-0.24947016198331082,0.9985700124956371,-0.2729525490597413,0.9676831915629243,1000,1.1784588144871155,224.74467358145387,0.5413875644560191,0.24281655365891644,0.8041895205951123,1.7456356735370044,0.7025383693156393,1.6543792596585918,1000
688,0.2717748859195628,377.78063083884456,0.5420849740768663,0.28542827801789217,-0.2547934100539701,0.8402107384443828,-0.2876645389955058,0.8312143108346314,1000,1.0919052888609597,238.13427328436276,0.46477022661384465,0.19148874044100483,0.7612476673084415,1.5254145759714834,0.7165873575965902,1.4672232201253292,1000
689,0.11942776673855349,311.0229573069918,0.8509081116148058,0.40194968097722455,-0.7724599199103976,0.8029675714720884,-0.6683936079768066,0.9072491414539136,1000,1.2268961469317512,217.2012645755944,0.7182005645299677,0.19323329386265228,0.8460392653682984,1.6041624100030567,0.8481588909609528,1.6056334029025496,1000
690,0.3238707437009083,261.81980256676235,0.8130197572453367,0.2710698518307713,-0.1807629502478868,0.872344977287681,-0.20742616588740348,0.8551676532892201,1000,1.2703286343935254,137.20722666349485,1.9926984314113234,0.25106415482923405,0.8333158036508854,1.831910740270839,0.7782428909282266,1.7624143778588242,1000
691,-0.38218188128101227,367.09420385840264,0.44325097136021935,0.21268849079600924,-0.8059209187153633,0.032999762241900675,-0.7990513232411904,0.03468756067916584,1000,0.8085885153648871,200.71695971002538,0.4276109930931178,0.17308844623598493,0.4737370583780192,1.1572592264143238,0.4693351607423566,1.1478418699874176,1000
692,0.29243552002608375,371.5206647737844,0.49990409562488053,0.2938081487364997,-0.25587901442006755,0.8348114336778613,-0.28342845149745566,0.8682994915496232,1000,1.089900644774668,209.1595419806381,0.6814977889312883,0.19222740857188225,0.7806221662727635,1.5129058933599773,0.7131349239737788,1.4666663655755572,1000
693,-0.29313058833131844,322.69793644501203,0.6389358219572335,0.246573877494412,-0.7779245876707287,0.17549104198471674,-0.7764153882203659,0.1901542115577291,1000,0.8844276048718176,214.32571580136857,0.4004791271483531,0.1399830780642675,0.6019768857836112,1.1546042235902698,0.6100607718658533,1.158794437877782,1000
694,0.19536907858868346,275.04312176221674,0.9844015132072211,0.2894519376478232,-0.37778076866502414,0.7782460372453547,-0.37195671920105,0.7626948763784169,1000,0.9550182157557501,148.28736234466945,1.3595116556762403,0.24387000786000276,0.5339669150302494,1.5188546128389762,0.4770330003501447,1.4330034311613555,1000
695,-0.3700247460791499,350.0939830845602,0.5479752928821489,0.2125402944199089,-0.795136625815623,0.016810099489670157,-0.7866037231421714,0.046554230983871514,1000,0.855795083631739,201.33564278669442,0.41292456760943236,0.155716413484706,0.5549290822620577,1.167596070488893,0.5505909132017153,1.1609992540617626,1000
696,0.12316520075829906,309.6817407048091,0.6170051496770369,0.329258589422674,-0.5206930544846542,0.739005676264191,-0.522181634510142,0.7685120360267401,1000,1.0734405802490077,181.74141948039235,0.523792837450502,0.1999766109118085,0.7016721499598683,1.4842259688500143,0.6814864228618631,1.4653947376361522,1000
697,0.38572909991423465,380.7186881893175,0.4330496930418213,0.23119345624395465,-0.056450945168123275,0.8310783946987346,-0.06741007432391644,0.8388682741523857,1000,1.0801232147769335,283.9708511066223,0.2684870228325652,0.13349986946671055,0.828036036580016,1.3327694605976876,0.8184634706221808,1.3417829589316863,1000
698,0.07964985970894478,347.00645969372664,0.551813646449575,0.2878808468364257,-0.46527549907573373,0.6714326808781069,-0.4845966000904496,0.6438963195083391,1000,0.8057161852013555,205.72328750892908,0.6558258495457598,0.18282669238022614,0.45506641409668264,1.162778782318319,0.44737586813611224,1.1640565022665987,1000
699,-0.32922708937042966,379.5445877552578,0.4586296926544161,0.20382721884676894,-0.7367149963699453,0.0429059945498001,-0.7287284383100967,0.07027425956923744,1000,0.8241305241842434,220.4960410244805,0.38395548433597576,0.14678204404341935,0.5387682734110165,1.1196478877406264,0.5364377178591415,1.1118233305093452,1000
700,0.31228841057020595,281.912540767252,0.9021474283391159,0.36284094866725386,-0.480608191363072,0.9400167489022283,-0.3988798488176116,1.0234566699580236,1000,0.9063468946253646,189.63051687234886,1.258363384074992,0.6865449880551991,-0.6338860382486577,1.4849782486066665,-0.4392812819628258,2.251975071213555,1000
701,0.16354902243979108,392.3716852911545,0.3506939219454212,0.25488085815423583,-0.3332930813638607,0.636552769219577,-0.33601745954251117,0.6631155044220933,1000,0.9106475269795737,246.29428650014685,0.5421899777668245,0.22214810217214137,0.5528753067755027,1.4243363356116843,0.47523724672217665,1.3460578072369709,1000
702,0.12653620955149325,309.35939652713995,0.6698989077381261,0.33295181588425143,-0.5748211114986347,0.7332903395250929,-0.5260493495816395,0.779121768684626,1000,1.2837253302273397,172.18257744166752,0.7672655641729379,0.2273128249934652,0.8487749806802608,1.72298036769776,0.8381921932401479,1.7292584672145315,1000
703,-0.07361458654801512,386.9243797280239,0.41994116415009064,0.2471956980115658,-0.5589444745287346,0.4029641902424604,-0.558118154650684,0.4108889815546538,1000,1.0333576218990825,221.52680041737048,0.4135891528289072,0.16804155643797059,0.6822711001336914,1.3661995241520626,0.7039961712806602,1.362719072517505,1000
704,0.08695061776423962,356.46780186649687,0.4865208391923853,0.32701866236784,-0.5494046406283868,0.7547681183492501,-0.5540059604767268,0.727907196005206,1000,1.046038951709769,226.18148724215231,0.4976664810003969,0.2459110987271869,0.6926587293042288,1.6893535821749341,0.5640531982044827,1.5280247052150553,1000
705,-0.04474403040127317,326.0602525691548,0.4932726401188353,0.31734499091571494,-0.6792415029078953,0.5521259121081857,-0.6667402125960744,0.5772521517935281,1000,0.9446440836157928,162.09107761297318,0.7119357907208292,0.24557519733935224,0.42417630139795187,1.414579331435882,0.4633166968306624,1.4259714704009232,1000
706,-0.014363169038833057,316.6240065088028,0.6273241022879682,0.32728857862124616,-0.6887221870993294,0.5932873154495896,-0.6558487831364755,0.6271224450588094,1000,0.8009253240942509,218.50186992822404,0.6677783286285769,0.1722123964867609,0.456736864932804,1.120276620603214,0.4633890269801995,1.1384616212083023,1000
707,0.27044756983228835,382.0367246828411,0.3300676981517405,0.34034252562277584,-0.3528495489534699,1.0165744866177715,-0.39662378038835233,0.937518920052929,1000,1.1495868378519307,212.37031357721145,0.4477752437251769,0.1827322715544441,0.8816267167559472,1.5686357781928055,0.7914315856052203,1.5077420900986411,1000
708,-0.020836937776184783,370.9645490434506,0.397371393646732,0.2118674368440399,-0.460058103291295,0.35741700410233423,-0.436097113990503,0.39442323843813343,1000,0.8610722460541576,221.55908042071374,0.42122672881177387,0.16861185448810553,0.552090972319423,1.2101783617565032,0.5305930112574707,1.1915514808508445,1000
709,-0.29224598317062034,346.6040051637074,0.5842567017687434,0.24860178069974284,-0.7970430866948459,0.1866545377941709,-0.7795054733421163,0.1950135070008756,1000,1.0097135563359747,208.33075587674108,0.42743910362571574,0.157769384059996,0.7091444147861669,1.3226879294534963,0.7004855635783825,1.3189415490935668,1000
710,0.24337815274795815,387.4355385083404,0.40527948160964433,0.24417405200956008,-0.2926000829164486,0.6786574140615113,-0.2352029891907796,0.721959294686696,1000,1.1342513580919484,236.40671301846874,0.9830966286439216,0.21615432082288324,0.6666965182393614,1.5053185175846289,0.7105888892790972,1.5579138269047996,1000
711,-0.3233059207809075,353.69427728737116,0.5200718296107444,0.24205263549731998,-0.7951127280408933,0.14140212663469806,-0.7977290863556546,0.1511172447938397,1000,0.8401261385030816,225.42106109096162,0.42776898773090993,0.19192214507674496,0.4758689343860353,1.225970025576627,0.4639587341526615,1.2162935428535018,1000
712,-0.21536250669489387,330.4304353544044,0.7179320210343946,0.2840104926592065,-0.7912187082036228,0.2944924571245924,-0.7720230723069387,0.3412980589171509,1000,1.0869106321004693,188.93809744852067,0.475406359511806,0.16461019965636975,0.779869843507106,1.412495315821671,0.7642746407739847,1.409546623426954,1000
713,0.024652862717702284,423.92031029319725,0.30943073143236777,0.21661488630932635,-0.42433961160184397,0.42170632796852997,-0.39991231444857733,0.4492180398839819,1000,1.075517774761804,245.94783212886077,0.3448767160181623,0.15553177322409337,0.7671957403151017,1.3676924711418819,0.770675499242581,1.3803600502810272,1000
714,0.20889920281377217,378.63023443702485,0.7155406229104548,0.26286081198545186,-0.2959705814999429,0.699998954122616,-0.30630798867771347,0.7241063943052578,1000,1.0453817598911175,222.09437702501344,0.3989210499235863,0.1944036217948397,0.6727958509891322,1.421939078359837,0.6643506611732317,1.4264128586090032,1000
715,0.49040562194255033,406.77984333404254,0.331562877843852,0.26755114328921764,-0.0064018560638275015,1.0082752592063708,-0.03399461890431621,1.0148058627894168,1000,1.279368380763338,277.0034173511165,0.32778138868604867,0.17100465041227572,0.919405257444979,1.6027388928306876,0.9441992659552776,1.6145374955713985,1000
716,-0.06916794317213881,364.096700427485,0.35964711420975315,0.25536412631180105,-0.5503268669342096,0.4226936871880514,-0.5696816307432688,0.4313457443989912,1000,1.0703852276488588,225.40998138091453,0.40288971255557704,0.15192335780703495,0.7768859615110951,1.375625417721355,0.7726154463470702,1.3681550089506473,1000
717,-0.41433728020241745,271.6990843672146,0.8108246015278764,0.44584184609781535,-1.4612568179836474,0.3215481976135447,-1.2881872985541354,0.4595127381493006,1000,0.9506103276899016,163.1913637372149,0.7336864806501647,0.18507756452590982,0.5793575606882678,1.315179836920143,0.5878583012191183,1.313362354160685,1000
718,0.5681639375710001,426.7862828428301,0.27327575819334354,0.26682840349583303,0.03263161380087826,1.0795366096322538,0.04518026671916742,1.0911476084228329,1000,0.963387904058103,197.25278069040186,1.0337258904538196,0.23805846854811052,0.44952469314091303,1.3619178784993928,0.4967933057038064,1.4299825024123995,1000
719,-0.0767957177719154,360.83491383625045,0.40704614267940675,0.223077661920273,-0.5378567757167937,0.38015720352379834,-0.5140279351356505,0.36043649959181967,1000,1.0967861635202736,204.08721024718855,0.39524426323502854,0.16442195724608266,0.8075104817689052,1.4436560460728376,0.7745191273179516,1.4190531997225957,1000
720,-0.3276740193961656,333.3725889194391,0.9556896765455709,0.25148013280867426,-0.8406877352341229,0.1588817395319374,-0.820575079701167,0.16522704090883594,1000,0.8725012559113647,197.39528902707997,0.5218976686992339,0.1505525766780543,0.5928394730626426,1.1660647083172224,0.5774182056223783,1.167584306200351,1000
721,0.3836127746506577,382.99081885201684,0.4185846089412957,0.26880157763256873,-0.1161089133432488,0.9462800397305106,-0.14323831750917704,0.9104638668104924,1000,1.3774144272011188,241.7702693506315,0.3697347037716393,0.16837504576726847,1.0687576031141894,1.708633676922174,1.0473993374972728,1.707429516904965,1000
722,-0.2074686943114612,340.21596009604485,0.5008993735987635,0.2629427337570354,-0.7374313951534378,0.28678809444260267,-0.7228364524752506,0.30789906385232824,1000,0.9944214131978186,230.17580301629073,0.3770665695855671,0.14609605150651536,0.715176608139575,1.301816806368909,0.7080731522450485,1.2807696741505887,1000
723,0.12170053190512631,391.43742036124286,0.3661781956729455,0.25954334882025626,-0.41002451172204246,0.6213524484054762,-0.38700443178257593,0.6304054955928285,1000,1.0618241622908986,210.99568458849527,0.3814462985846417,0.1929159677950793,0.7068259490727646,1.4573075731642489,0.6837088654125432,1.439939459169254,1000
724,-0.037336173636791425,379.934480522836,0.4072871773571421,0.22919036009897997,-0.4957945228387576,0.40211003107568966,-0.4865492794307922,0.41187693215720933,1000,1.1106668868619543,182.59738815262426,0.7099230013742721,0.1743569378229158,0.7868156171964001,1.4809584907980058,0.7689272887290393,1.4524064849948692,1000
725,-0.011366566573005166,353.92496647299174,0.4216381867056593,0.2541281306713493,-0.5321023767409124,0.46532672673096365,-0.5094577026888498,0.4867245695428395,1000,0.8823394365391404,229.9863473259881,0.43053849094072827,0.1828744599364795,0.5282728069766761,1.2387875282649845,0.5239054950636406,1.2407733780146402,1000
726,0.08828190473874731,341.6166920624063,0.49279727091759445,0.298554566740765,-0.4791995262502919,0.6951944298492057,-0.4968850460731521,0.6734488555506467,1000,0.9096896977476829,221.54731971259238,0.5401181433126108,0.21039201937219232,0.6149703887334631,1.4522247047610286,0.497321339778186,1.32205805571718,1000
727,-0.03676437744754235,376.6203137702643,0.42963876818550994,0.25558424905771543,-0.5445066288328779,0.4325491153749948,-0.5377095056006646,0.46418075070557985,1000,1.1687381973249389,265.78460513865673,0.32247755185445676,0.14907105797754502,0.8736419608471578,1.4509204107604445,0.8765589236889506,1.4609174709609272,1000
728,-0.049578110904656025,377.57330312447044,0.6247945009131226,0.2143227978513684,-0.46958780522620747,0.38133546704907817,-0.4696507946933381,0.37049457288402604,1000,1.0091040060076035,237.11555253285232,0.35023892806804413,0.15025722560902308,0.7285649786287686,1.2957081906469847,0.7145998438139183,1.3036081682012888,1000
729,0.2055032627226483,391.1715151692875,0.38751020328702324,0.2184728567296467,-0.2277706213329796,0.6303862637610946,-0.22270353646745922,0.6337100619127558,1000,1.2749054872083065,243.92842407587915,0.34813429789822203,0.1749166992922143,0.9408481157498416,1.6147239837529523,0.9320687565955665,1.6177422178210465,1000
730,0.17976958085843542,310.4781128196674,0.6369350262216603,0.2167031736352911,-0.23777200643609264,0.6008732464866848,-0.24496863946673514,0.604507801183606,1000,1.130360239431928,203.42252774041938,0.5198492275212687,0.169327147441531,0.7985897718694945,1.4876993906793992,0.7984790304465273,1.4622414484173287,1000
731,-0.13030906016291244,274.1605653662884,0.8352406002297045,0.2720949012841302,-0.6471095303580346,0.4144648756982292,-0.6636150666798076,0.40299694635398275,1000,0.7353752255050297,159.319143620799,1.1098569153616058,0.25420854530626924,0.16974642816804483,1.1672037569503741,0.23712647670474196,1.2336239743053175,1000
732,0.2860483771613902,333.49157285010585,0.5593888704249811,0.3112900620987148,-0.3086393120303362,0.9126041103653832,-0.3240801445520908,0.8961768988748712,1000,0.8936151011275513,219.2329091784886,0.8411125970317745,0.2061068348830613,0.4550386091289449,1.2698378368914025,0.4896457047567511,1.2975844974983515,1000
733,-0.00820094735309862,382.0185385071035,0.3765081746700376,0.23471990136904752,-0.48588287665422497,0.43550741783308294,-0.4682519540364318,0.45185005933023453,1000,1.0940412124429466,195.84281940024192,0.4570684828675978,0.15458588876056661,0.7911828616480704,1.4052648554412965,0.791052870472236,1.397029554413657,1000
734,0.12596038250944241,342.7487916047753,0.5859826981320835,0.2561240840185539,-0.4002969180672339,0.5950366181217139,-0.3760428221669232,0.627963587185808,1000,0.8345296717171262,231.67681618354305,0.36371627174370486,0.18810320293600022,0.4834587255855274,1.2128568581962709,0.4658473939625658,1.2032119494716866,1000
735,0.2905096395098745,344.97555646618696,0.5390267860652801,0.2496347157845981,-0.23522906906159502,0.7601623128779773,-0.19877440342793773,0.7797936824476868,1000,1.0642943721888365,224.66822588590378,0.5921109925166019,0.1721961995900318,0.7810327231318411,1.4652014280582435,0.7267898209923742,1.4017989233852988,1000
736,-0.1666171491029309,276.35883909720974,0.6183267585451447,0.2912623047969442,-0.7778902055955685,0.3959006560121254,-0.7374912665049416,0.40425696829907976,1000,1.0602528816853614,158.13331149856327,0.7238676603348142,0.1656426201143107,0.7561071140897626,1.4154090448567986,0.7355933462613125,1.3849124171094103,1000
737,-0.03785291270895996,336.26450107708376,0.5479851881868536,0.2823974339145932,-0.5833357104918364,0.5112697227399597,-0.5913518831815626,0.5156460577636427,1000,0.9136687336952254,218.8463851584949,0.492281862938432,0.18516357986520943,0.5615135336516505,1.2909360711439195,0.5507481171594149,1.276589350231036,1000
738,0.18950557159228154,265.16336671104494,0.7677245208632459,0.29917982210640753,-0.36723019754211095,0.7814840791756897,-0.39688687973627723,0.7758980229208403,1000,0.8154512638794462,163.2202770266064,1.071592482879344,0.28179400120448045,0.2043958198155858,1.324903829012515,0.2631350215186645,1.367767506240228,1000
739,0.3462617711886251,329.4249671288802,0.4576669758794309,0.2430456872079397,-0.15672633956316176,0.7966624492849754,-0.13010777573893673,0.822631318116187,1000,1.3515991885967051,200.9202949542362,0.608510755241475,0.15803649780940776,1.0573239130522936,1.670724886180022,1.041847652890266,1.6613507243031442,1000
740,0.32226152484088644,317.3011848425607,0.44906025374541364,0.3487608216822595,-0.36231509766772924,1.002631957544307,-0.36130968565634225,1.0058327353381151,1000,1.1260854637019957,234.35103955581351,0.6231550147519521,0.21720288033728383,0.7715626667938967,1.6419192012879646,0.7003678182409194,1.551803109163072,1000
741,-0.016863238023952398,358.0702439804115,0.5532787583005961,0.27476348582099536,-0.5892385534363683,0.5311069290231254,-0.5553996702331033,0.5216731941851985,1000,0.8918864734514189,216.72750937484852,0.6546773973373485,0.1970067142381532,0.517897132190307,1.2851423276237315,0.5057533135446386,1.2780196333581992,1000
742,0.21814889760191303,354.2762752595006,0.5580584097725733,0.2375191836083636,-0.2718648728644803,0.6878545423021865,-0.24738870227047965,0.6836864974743058,1000,1.2545342377740867,224.46972372776617,0.5651907590266054,0.16708441041722624,0.9040459459770307,1.5484106291723774,0.9270487933563232,1.5820196821918502,1000
743,-0.22259439038166828,337.0320396941468,0.4988128973051396,0.2193296819070442,-0.6343538105016633,0.22575728418991906,-0.6524805669194749,0.2072917861561383,1000,0.8097904342438116,195.33939830650272,0.45291689292344944,0.1635655266162465,0.5368916720322641,1.1969219809883265,0.4892020020759685,1.1303788664116547,1000
744,0.13206154045013951,360.8649872046123,0.4430565470161406,0.22287459317340927,-0.325730126440198,0.5252167032547831,-0.30477266216974264,0.5688957430700217,1000,1.0814367963645792,188.66595388678428,0.7336591254235743,0.20771243589857843,0.6658616052816989,1.4626844233990886,0.6743204220033655,1.488553170725793,1000
745,0.04733254375015239,364.2751275141502,0.4716122245396448,0.2574702974535842,-0.49096006154188987,0.5171829617668808,-0.45730923925887257,0.5519743267591773,1000,1.1812104133823023,228.8106341895501,0.38783048235144213,0.18708349548055178,0.8006687998007744,1.5448302270334322,0.8145267622404208,1.5478940645241837,1000
746,0.614923544057095,361.0223140515852,0.49910438500217985,0.2983375288328682,0.06998978456944548,1.2268416586334598,0.030181987544673383,1.1996651005695167,1000,1.2247164935943786,213.43608495744678,0.5215972932561425,0.2181425964532587,0.8710682714385775,1.7037934071453482,0.7971570045459916,1.6522759826427658,1000
747,0.29134884323703325,374.89829660229515,0.3926226046235854,0.32090131650272136,-0.36047315013174935,0.8989616555819017,-0.33761773710830056,0.9203154235823671,1000,0.8732482416939202,212.11847910934202,0.8144878227007021,0.2444563010838216,0.3451691121389238,1.3280653575700228,0.3941138915696299,1.3523825918182106,1000
748,0.2135434223346988,375.6063064593978,0.36010203379514083,0.2503093403091442,-0.30167455988883235,0.6874737446276721,-0.2770628846712238,0.7041497293406214,1000,1.0171990413596967,179.61997656111708,0.4532737075205328,0.16521540083127242,0.7007667266503842,1.3416170058857542,0.6933768557304028,1.3410212269889907,1000
749,-0.08798636737782095,312.2306440199516,0.573709263823808,0.23734446003588988,-0.5915524394753043,0.3577840555028264,-0.5531815090481651,0.3772087742925232,1000,1.0111898986725079,220.40401911799435,0.43135341191113935,0.16702309716696695,0.6902087886825219,1.334203368385724,0.6838246282252527,1.338555169119763,1000
750,-0.5493856908722372,228.40870363559247,1.5305226907519496,0.2601154690709309,-1.0807488130872427,-0.043872759163186184,-1.0592120102512617,-0.03955937149321265,1000,0.7714223688824777,165.6367274115732,0.6294139020723194,0.18260345459176672,0.4131578350259962,1.1117457464925606,0.41351959788261494,1.1293251398823405,1000
751,-0.13833587704004024,336.7351795607097,0.5637848944411866,0.28893310324182236,-0.699531369371044,0.44152882484442946,-0.704644759394012,0.42797300531393156,1000,0.9295623729221547,210.55023778269035,0.4127463313422138,0.18928716551838562,0.5862636726847171,1.3173536287451162,0.5585595285061189,1.3005652173381905,1000
752,0.14043903101101174,424.2432488424808,0.282725895046763,0.22618423203273721,-0.28690271801214934,0.6006450821811155,-0.3028820637731532,0.5837601257951767,1000,0.806748610143567,251.70612775064205,0.33854836634967184,0.16773009072924902,0.516797645498849,1.1807594460697874,0.477997632314239,1.135499587972895,1000
753,0.3160891127115568,422.9003454761634,0.2844071573914492,0.3717432293918633,-0.2771306935970352,1.1274154349898429,-0.4125276168964952,1.0447058423196087,1000,1.0229597694801198,289.5094768657503,0.30068432832874636,0.2506814760019026,0.7538514349075726,1.646463963368524,0.5316240765163907,1.514295462443849,1000
754,0.19166629712393668,232.44314546588348,1.010229942238896,0.2616849626040967,-0.35583759894909317,0.6695764959688175,-0.3212362295800928,0.7045688238279662,1000,1.217500199794026,164.26375510312872,0.6895344673355531,0.19403259108403342,0.8221777995228037,1.5873445352934985,0.8371963212693205,1.5978040783187315,1000
755,-0.37644406927757323,321.15032120123584,0.6959356817335538,0.2372879547967581,-0.8654712677426628,0.07260207039538433,-0.841528460679219,0.08864032212407263,1000,0.877315932604898,202.82319194827,0.4367459907308118,0.15318659582395844,0.5853794240393595,1.1811694511996667,0.5770702047899395,1.1775616604198564,1000
756,-0.41931798610621174,359.27347721948706,0.4885521670651606,0.24084829316711068,-0.9092517071014878,0.0374366664931581,-0.8913806407137487,0.0527446685013252,1000,0.890362916328514,181.98971320904062,0.6313867161958191,0.15318473382309336,0.6038587310399945,1.2078332386201,0.5901208380352511,1.190604994621777,1000
757,-0.023897364906919627,414.7007962501922,0.2792372959725539,0.208621511743658,-0.4347566751646928,0.37987948343656175,-0.43279552792448933,0.3850007981106501,1000,1.1553778166505375,208.8353121719854,0.39065237402479674,0.15890837740930777,0.8580130115763233,1.474692231619286,0.8439173969282943,1.4668382363727808,1000
758,0.22316021882148185,364.76646545841646,0.46194384871453165,0.2919083640486857,-0.393579780227293,0.7660482812819189,-0.34898017471394216,0.7953006123569059,1000,0.9393349942207765,267.02428453968474,0.41527278718255495,0.1531449624950471,0.6300424377055728,1.222615588626311,0.6391708677304841,1.2394991207110688,1000
759,0.1741997331796341,319.18033408822157,0.5912351425210038,0.28944389052172137,-0.3841238940281728,0.7412686565306075,-0.3931102922429398,0.741509758602208,1000,1.1181159791573325,185.40936328797903,0.8938376583117055,0.2116705465788094,0.7083717407115265,1.5551776857751465,0.7032417078628661,1.532990250451799,1000
760,0.29372587587678023,301.4446883645563,0.48604360545291364,0.32624803424667526,-0.33363832563397583,0.9271411489410382,-0.34572027124670324,0.9331720230002637,1000,1.006067601028671,226.496452845679,0.6093005173252939,0.16940831892298328,0.6974824167215357,1.3713189750001689,0.6740272959396238,1.3381079061177183,1000
761,0.17125014632392332,336.69298938727616,0.4894763301810499,0.29065642936485747,-0.39348289281587356,0.7623135349671472,-0.3984364552311973,0.740936747879044,1000,1.1429885303590392,233.97411142932245,0.44508134372438013,0.18497317448480347,0.8233022215702767,1.5608714419986152,0.7804411083688245,1.505535952349254,1000
762,-0.05278811889643542,279.5354352869228,0.8369279014190327,0.3119444159108807,-0.7565897679929868,0.4832951090782766,-0.6641991740817615,0.5586229362888907,1000,0.9718823206828251,204.89795173441675,0.7044236564814641,0.2086198092387276,0.5218737595083873,1.3486644633152158,0.5629874945749189,1.3807771467907313,1000
763,0.33787242451118393,374.75958901067054,0.44883200799127665,0.27379459444438786,-0.23988330154213997,0.8468920830989639,-0.1987649805998163,0.8745098296221842,1000,1.3370015555118147,261.7440074658926,0.38749019577527255,0.17736172793134045,0.9984648471444092,1.6672198908018099,0.9893725687663875,1.6846305422572418,1000
764,0.12035238251621028,296.8813360103913,0.8794232093731631,0.22445306951811966,-0.29038330035461674,0.5420209995823934,-0.31957563373930425,0.5602803987717249,1000,1.1612442695428853,198.5879321654485,0.5544230927191937,0.16226653062067287,0.8122525693886162,1.4651785553237382,0.8432018695263666,1.479286669559404,1000
765,0.16973256754829436,399.99108575085245,0.32877643524843303,0.23249929841126407,-0.3198994400401922,0.5962522851829365,-0.28596605733778324,0.625431192434372,1000,0.8702421527053814,212.95973386421034,0.6631050373050651,0.19627476819236192,0.48539277681211884,1.2226623643846644,0.48554360704835203,1.2549406983624107,1000
766,-0.15050027547354627,387.46976390070665,0.380651830267231,0.2641842627638181,-0.6819079057863516,0.36257937237096366,-0.6683014304906297,0.3673008795435372,1000,0.8611897798785644,222.68473194518023,0.7116420076911646,0.17811238163289275,0.5314184564284496,1.2041261568674333,0.5120895118780946,1.2102900478790342,1000
767,0.06621193705928485,403.53045350283696,0.3446285676309923,0.22319395552757404,-0.33862613138655384,0.5079363219086798,-0.37124821577476025,0.50367208989333,1000,0.9867031291528767,241.73375279392855,0.37800350554284773,0.1717360681734078,0.6339678326118185,1.312688219899058,0.6501004355329973,1.323305822772756,1000
768,0.1488661912674325,388.4454015323908,0.3457184972020325,0.21485921435921573,-0.2760340930329938,0.5431291594807013,-0.27225786887663034,0.5699902514114954,1000,1.2294454518192408,217.42203686055274,0.3946137469042528,0.15808846468415103,0.9372069794684923,1.5361934136001332,0.9195920610383048,1.5392988426001768,1000
769,0.42828121547887266,356.16027003375234,0.47777843435720574,0.235703895023388,-0.04951904005008285,0.858640022421863,-0.03369841876696783,0.8902608497247131,1000,1.2399949901896812,225.09513866983565,0.8875487622466202,0.15198455328174243,0.9276963275716688,1.5027290986900634,0.942105265757466,1.5378847146218964,1000
770,-0.0719145401921506,322.1984603242324,0.5645110754091178,0.28910427580890374,-0.6554112259220799,0.5040069956617502,-0.6385589207776019,0.4947298403933007,1000,0.837008470148819,183.53709228134636,0.6075446095657187,0.2650570398466856,0.34554038711297325,1.3099485738987515,0.3174966720493152,1.3565202682483228,1000
771,0.016832957111418523,266.8599811515129,0.908006730528571,0.3519127634619178,-0.7459284530093772,0.6259481267878463,-0.6729160592739404,0.7065819734967774,1000,0.8872080456836251,163.6328950463872,1.298487404522976,0.35876389179090784,0.030570767145192856,1.3929871602077017,0.18403081777344577,1.5903852735938044,1000
772,-0.11639105904231695,298.9961188366772,0.8570246266891801,0.24798611469445278,-0.6323503871439379,0.35287260898401374,-0.6024438438434444,0.3696617257588105,1000,0.9891469824836743,193.38405026985896,0.5635105050435054,0.17520345302489615,0.6265048190552376,1.31151176936035,0.6457482145548779,1.3325457504124707,1000
773,-0.12896961060140288,326.3667358840596,0.5338281589728464,0.32909209844551246,-0.7707790363492508,0.5062418961364172,-0.7739901235546073,0.5160509023518015,1000,0.7622801598476827,183.40234916768722,0.6252888066867514,0.19518316497188884,0.4710733004060275,1.2285648133794294,0.3797211565027806,1.144839163192585,1000
774,0.410358218266186,275.4236868271142,0.627658562490579,0.33517113919940483,-0.23222648046824645,1.0955258931795027,-0.24657721456464743,1.0672936510970195,1000,1.3827536481373892,176.11475116279553,0.8473727326244879,0.27107603887543597,0.9878512870453284,2.0297759208972406,0.8514446119415348,1.9140626843332438,1000
775,0.26764647863988467,422.6358208201336,0.2813407690972669,0.26583371252844035,-0.23839811170173297,0.7885718793989532,-0.2533875979158584,0.7886805551956277,1000,1.2481059365923328,298.010475794823,0.2643884804698584,0.16738362922332142,0.9113386560260043,1.567515262157679,0.9200340233146229,1.5761778498700427,1000
776,-0.20680357870012456,325.98097481683936,0.6343172561876895,0.2604570282654331,-0.6789271855440802,0.29020323277622884,-0.7172993541003734,0.30369219670012426,1000,0.8948869267792503,174.11015849182562,0.6427938881975883,0.19252356912000698,0.5599437580519717,1.30030780681123,0.5175407313040365,1.272233122254464,1000
777,-0.054160558621044075,342.1996588944007,0.6611776229098345,0.2161361749410718,-0.4936423646660641,0.36775356558741307,-0.4777874615055448,0.36946634426345665,1000,1.1854942928183547,209.1708119471778,0.44312921932855365,0.16251335446331822,0.887788910489905,1.5096264258414553,0.8669681180702511,1.5040204675664584,1000
778,-0.15585646121691532,373.4131623093074,0.40849922187397464,0.2966870110788664,-0.7504292719172571,0.4229444590195202,-0.7373630029314935,0.42565008049766284,1000,0.7894367645874483,253.83738971784743,0.3348734304579899,0.18853942429267626,0.4046113365354148,1.146006084658517,0.4198994929738028,1.1589740362010938,1000
779,0.16248438203286497,287.2599469693179,0.8614108357469755,0.24389277688333555,-0.3212231082564636,0.6186233402861167,-0.3155454606584727,0.6405142247242026,1000,1.0219649481539226,226.22441336055857,0.41651674020906965,0.15039893967212792,0.714720316879964,1.3077645875548725,0.7271830263965519,1.3167468699112934,1000
780,-0.25583264932737837,348.38354264950243,0.5956894452375451,0.20631607758257384,-0.6695304741995198,0.11759778612598584,-0.6602121613892231,0.14854686273446632,1000,0.924792314074792,229.6516260184706,0.37363375288300127,0.1470304712880595,0.6425984289885145,1.2053722000333174,0.6366125903501954,1.2129720377993887,1000
781,0.11222083747224953,275.3153128645117,0.9048883627353809,0.20440118127137463,-0.28357190471346977,0.5186286533741267,-0.28840547781964476,0.5128471527641438,1000,0.9786320471016152,183.08575644761535,0.7646889589529295,0.15162243635539346,0.6499144662763114,1.245755474884985,0.6814520718450441,1.2758120223581864,1000
782,0.10484386274990953,318.59620445509256,0.5054418779107963,0.27901417241488846,-0.4675550521740344,0.6381526645655006,-0.4420239151832719,0.651711640683091,1000,1.128009669164662,237.0622378582327,0.46535301992722067,0.17903095458624102,0.7669808012582364,1.4855398358838299,0.7771089981756296,1.4789103401536943,1000
783,-0.030466812953585,347.48885651050296,0.461088900943553,0.21536602374591912,-0.4579798413226901,0.3811424927014812,-0.45258421949558647,0.3916505935884165,1000,1.0419306030275783,213.24549804675715,0.4277517786961118,0.1350829001036017,0.7865584778513672,1.3219242550986912,0.777168118824519,1.3066930872306377,1000
784,0.04435734773353506,329.84919311325945,0.5415441078606712,0.3257679823914525,-0.5963567114578033,0.7338783209128807,-0.5941478977537118,0.6828625932207819,1000,0.9260962285304508,173.7116500557832,0.6149851321041904,0.21785415822795196,0.5520875848588219,1.401233892153575,0.499102078403665,1.3530903786572366,1000
785,-0.12223713199926145,363.69808430903845,0.43724881458083675,0.21953788625380258,-0.5528560920935174,0.29492651486809524,-0.5525313890567145,0.3080571250581916,1000,1.1383378279603842,197.4330431770801,0.5114978796889523,0.16899338906960165,0.819707918419314,1.472397338840729,0.807110785383965,1.4695648705368034,1000
786,-0.2406598711838881,381.9401147681495,0.39020123514687466,0.24052435905931274,-0.6954561269422062,0.2344144283569664,-0.7120876149401411,0.23076787257236486,1000,1.0342865309102804,236.30707780797678,0.3893519163917343,0.151644659805099,0.7509622811284261,1.3764997365610605,0.7370629976922864,1.3315100641282744,1000
787,-0.19924986273027034,334.6763853540881,0.5284858697023731,0.2477657864190094,-0.6330272395572927,0.30285251125866897,-0.6848708041115288,0.28637107865098804,1000,0.8625606273913684,202.53741782803095,0.5187636037659513,0.1848539092395399,0.5086152995685103,1.2406812540214947,0.5002469652818702,1.2248742895008666,1000
788,-0.004858711236001234,298.93592337957483,0.7584535522097826,0.28587131320984616,-0.5606489294466211,0.6059979892830709,-0.5651664851272997,0.5554490626552973,1000,0.8078154054084248,212.64637268736865,0.6423130118650008,0.23638476040452397,0.44756777537434,1.4094038721570097,0.34450127501555783,1.2711295358012917,1000
789,0.2723573960611536,362.4597359895155,0.5398289933032239,0.2413767837184369,-0.18633479369053754,0.7274593613707306,-0.2007411000269827,0.74545589214929,1000,0.9623338362593161,234.92043806501425,0.3584535661454174,0.16398462291243737,0.6412170844492973,1.2731172620758193,0.6409239753509388,1.2837436971676934,1000
790,0.22170427602987441,282.1090705236163,0.8110576314382394,0.268211107921806,-0.31675127900758127,0.7652071392043424,-0.3039894954968654,0.7473980475566142,1000,1.1572580304557634,183.44652046242697,0.5252687259356892,0.1911038659840051,0.8405246649434067,1.5628828811323467,0.7826944531271134,1.5318216077844133,1000
791,-0.04719250262829089,430.1472408038615,0.2518127155553192,0.22790154463864912,-0.5455764587519845,0.37649157121222604,-0.49387953012004315,0.3994945248634614,1000,1.3622533259339424,228.77052318132945,0.3496151431665843,0.16681942172195274,1.039198399320391,1.7065422116418634,1.035287259358915,1.6892193925089698,1000
792,0.2631874685706803,422.658373547673,0.2958139651720098,0.2622597777568017,-0.2659647260701186,0.7703618513060222,-0.25084169583265103,0.7772166329740117,1000,0.8566731384664243,276.4326759842591,0.35221180723712153,0.1914005703453363,0.4703847504563974,1.168745502586476,0.4815280205895652,1.2318182563432836,1000
793,-0.1270885560424877,329.4249194592205,0.5161829783159978,0.2904324636731194,-0.7039525374229308,0.48098816871636524,-0.6963361848418017,0.4421590727568263,1000,0.9459538934992331,213.74408919821053,0.5284932406990346,0.16265836301866415,0.6241137435937918,1.272870991128603,0.6271435019826513,1.264764285015815,1000
794,0.09900832748684563,302.1401876493362,0.7728608172645208,0.26097536155700124,-0.3987866222300292,0.6205472137949617,-0.41250338116487684,0.6105200361385681,1000,1.0771129635904413,202.8982540012441,0.6086087714009624,0.18029900782676894,0.7421391703084541,1.4811246309094808,0.7237269082499742,1.4304990189309084,1000
795,0.5044364994515145,352.1580232614414,0.38324641083348615,0.24200141902154884,0.011953492767518137,0.9728773954016241,0.03011371816927877,0.9787592807337502,1000,1.2843129781021916,208.8662163125989,0.5213799699891597,0.18139458959017457,0.9406054033904004,1.649735261873938,0.9287795825054495,1.6398463736989337,1000
796,-0.10059825856824389,387.0194831041431,0.5737258671255295,0.2696958191023236,-0.5939795777463946,0.45946560201052966,-0.6292020640087981,0.4280055468723103,1000,0.7402946240731652,228.43032538813736,0.9519927009829001,0.25859454006680865,0.24614570673289055,1.271201064444854,0.2334493255422202,1.2471399226041102,1000
797,-0.16364657603658284,321.58436536123463,0.5577466123044502,0.2784720905445358,-0.7066294811117202,0.3896885000228196,-0.7094518735038731,0.3821587214307074,1000,1.0157879985438525,203.10170700445295,0.4514523644201233,0.1722769693443204,0.7051358536570835,1.3732019133599016,0.6781251386289845,1.3534508584587206,1000
798,0.16262183783680495,341.93581213009855,0.6772913254154314,0.2199429754107839,-0.29065091160197926,0.5714645621105133,-0.2684663939683315,0.5937100696419414,1000,1.1563478373470621,245.59646826586143,0.3676726778734677,0.1387763991275532,0.8971559904353409,1.4301018230208988,0.8843460950570579,1.4283495796370664,1000
799,0.12034105500103864,363.3699278929101,0.42087229133086623,0.21480287217343053,-0.3224040910595558,0.4818183136148767,-0.3006725744588852,0.5413546844609625,1000,1.1671025306263774,203.45595634913178,0.4791860586745166,0.14302413674016373,0.8722527142551273,1.4387090449414808,0.8867752226156564,1.4474298386370983,1000
800,0.05346951436671388,429.63104568602455,0.26694061687292,0.2280841280678864,-0.41940846335559706,0.48763925506261113,-0.39357537664634346,0.5005144053797712,1000,0.8643337781753013,239.85211249708078,0.3427256536735247,0.17219127502889253,0.5138314498037281,1.1915414482655995,0.526838879118672,1.2018286772319307,1000
801,0.27720381076359946,352.6604648848162,0.5020233925684089,0.28756739978793927,-0.298429625910164,0.8071687025270166,-0.28642829282076154,0.8408359143479605,1000,0.8665649000088878,219.07926011097575,0.9460080571059011,0.22470005174089083,0.3154335471468205,1.1642937690285584,0.4261527985967417,1.3069770014210338,1000
802,0.20193123876110786,338.3982356854897,0.46819018173867666,0.26982082259473306,-0.30860809076164547,0.7392555642512798,-0.32691757352456896,0.7307800510467847,1000,1.2101878587418673,245.213736175813,0.3426900945399801,0.17247086846701312,0.886216379690798,1.5871754497316382,0.8721449565465216,1.548230760937213,1000
803,-0.2656074540365396,405.26438338029,0.4278866500616013,0.24892990582260968,-0.720416434278039,0.2159737417008963,-0.7535100694488546,0.22229516137577532,1000,0.848715973898333,241.41738896824373,0.32192368203632105,0.1760323802401574,0.5288657255896487,1.218731092042652,0.5036925086276245,1.1937394391690415,1000
804,0.28836585810903337,257.60016469558474,0.9838092010484059,0.28488360992072687,-0.23723370200060148,0.8937927476777978,-0.27000601733559126,0.846737733553658,1000,1.166367238527044,194.597278561947,0.5542004109405362,0.17978347384997595,0.8582611243284698,1.5442697838863086,0.8139916297810912,1.518742847272997,1000
805,0.27250025427019864,342.00856471254514,0.49252798309229173,0.27410851477040843,-0.25301226158248086,0.8434190912760384,-0.2647524346798019,0.8097529432201992,1000,1.176454347305735,194.30896264303902,0.8459099678304856,0.24571748241743377,0.7993432983272437,1.773798565454369,0.6948480817675649,1.658060612843905,1000
806,0.3503276962962927,327.26699306735475,0.5609678899512692,0.2738025739818788,-0.19936577711924186,0.9088852205889394,-0.18632534870818973,0.8869807413007751,1000,1.2962180542836022,205.05768923358627,0.7509611368758736,0.23974044465534863,0.8628020802774612,1.8394161676168006,0.8263267827591189,1.7661093258080856,1000
807,-0.21812495347448646,312.65435266097273,0.6536513114486453,0.2827092782378857,-0.7600407116347088,0.3592459322719652,-0.7722351388207425,0.33598523187176954,1000,0.7487171791675022,206.68588620180688,0.49156638150803267,0.17461089311210887,0.43500435492865025,1.1260871215436694,0.4064798286677689,1.0909545296672356,1000
808,-0.10471827118665811,362.9919908549194,0.46223370262050945,0.2338318352431538,-0.5341197473284899,0.3712025314586992,-0.5630286682632395,0.35359212588992334,1000,0.9051024129740881,216.83390309684322,0.3674684159969647,0.16647969375164404,0.5921778704980708,1.2511756085605554,0.5788022132208658,1.2314026127273103,1000
809,-0.1909083965434597,333.34713931634417,0.7376851346024291,0.309391213859881,-0.8657762971656705,0.3848163088566014,-0.7973151757088265,0.4154983826219071,1000,0.9351314961610764,225.88332403360207,0.396386778367339,0.16136480421706303,0.6320992589315569,1.2719165611213052,0.6188564798956329,1.25140651242652,1000
810,-0.10945709113589963,359.8240530085365,0.6708237887623404,0.2686758234415124,-0.6497575625501872,0.3737942899981861,-0.6360617050812639,0.41714752280946465,1000,0.84720652221701,243.87785478123521,0.42745892317478973,0.18023110282407423,0.5108646858684806,1.2253068896144552,0.4939535606818245,1.2004594837521956,1000
811,0.6201912584434988,292.80040137676866,0.48037450000821896,0.330906898312575,-0.01850851219948563,1.3344713822346277,-0.02838626224914831,1.268768779136146,1000,1.105270497828613,209.08445269063296,0.7080423356562117,0.24916650602649687,0.7420801540630922,1.7169744354557095,0.6169041460166791,1.5936368496405469,1000
812,-0.031578135707548416,388.40514377476455,0.3694781077182136,0.2324502049311638,-0.4844656604264555,0.3982360353641863,-0.48718053737262945,0.4240242659575326,1000,0.9812425877492097,253.3701719335574,0.32236281445001563,0.14380535224185645,0.7289463616138383,1.2714782884155624,0.699384097355171,1.2631010781432483,1000
813,0.312900847350142,305.2549195040924,0.8317569366392683,0.25702544538717015,-0.1637372173945015,0.8044368721568895,-0.19086902560871144,0.8166707203089955,1000,1.293277417580029,171.44106982395553,0.9439455341717117,0.20529092554626885,0.9571026369354647,1.768881980306149,0.890907203509342,1.6956476316507159,1000
814,-0.07063526379523521,334.2908443708044,0.5526856768772641,0.23300223500803297,-0.550813994369011,0.3828205000471998,-0.5273196444109798,0.3860491168205094,1000,1.0733788372404023,225.27910771397717,0.41681210414581793,0.14718995472744326,0.7971885012123108,1.3567283438012014,0.7848865259746135,1.3618711485061912,1000
815,-0.20873022886297887,374.9292101126688,0.3643935239332434,0.23870444691694692,-0.6613624802047596,0.22863385956187507,-0.6765909448201948,0.2591304870942371,1000,0.9924939653998122,248.62931115734364,0.33184548964208554,0.14064570650609512,0.7138578906152966,1.279329916887215,0.7168283806478657,1.2681595501517586,1000
816,-0.21575763951365579,415.59216599392795,0.373087591885887,0.2588148276590993,-0.7062132439410421,0.2756324921050126,-0.7230347017254904,0.2915194226981789,1000,0.8240053879906508,221.08244421291522,0.36531222707551936,0.15571296458574382,0.5233718127349637,1.128938994741438,0.5188079774025929,1.1292027985787088,1000
817,0.141427837192734,284.9558820071026,0.741790871866339,0.28402746744118995,-0.4302560101048353,0.6816707390100116,-0.41526599899199834,0.6981216733774663,1000,0.9148025753067759,176.85829237916354,0.8366354482839019,0.19528286792580934,0.5843501841482595,1.3271091983949537,0.5320481541721895,1.2975569964413622,1000
818,0.22142248673261467,309.9683434357508,0.5979734174300809,0.2568284559151146,-0.2546908582926378,0.7362154493007937,-0.28196128686100996,0.7248062603262393,1000,1.0458320067274398,195.16255443676334,0.5107688592938594,0.17180597916906604,0.7401616500627362,1.4045148600458761,0.7090922875560703,1.3825717258988093,1000
819,0.013445664587797168,403.3760727284801,0.3699245776418207,0.22501641699651004,-0.43988673639481446,0.4411098897504423,-0.4275865127253625,0.45447784190095686,1000,0.9357122679955165,298.00909131369883,0.29250609525301297,0.15564479527629138,0.6391980461593503,1.243073886244328,0.6306484692539854,1.2407760667370478,1000
820,0.7693578863727133,212.2549963780714,1.0621427393806404,0.33102675158803613,0.12975682307879893,1.4214161564907302,0.12054545326016253,1.418170319485264,1000,0.9874564200971427,173.14190970541108,1.1584991750021914,0.22816501481899784,0.5265592486213395,1.4394529534949294,0.5402529910519069,1.4346598491423785,1000
821,0.47636015735682724,395.9020232294617,0.35286532216465055,0.3106037040065555,-0.13877685736002118,1.1191654318860262,-0.13242310249602152,1.085143417209676,1000,1.079752703615425,266.7280930595197,0.2613830315426022,0.16522456372148528,0.7799655553170617,1.4268143504518145,0.755912558721314,1.4035928485095361,1000
822,-0.5671355072473014,330.1514113023881,0.8130045561380953,0.35120612833352416,-1.2851451369060019,0.0901362924288715,-1.2554995187810087,0.12122850428640586,1000,0.8491525652377803,212.0989962318811,0.472658724578821,0.18287768582993352,0.459474550665939,1.1962342547176237,0.4907123010111106,1.20759282946445,1000
823,-0.5157735182752368,405.8586977743601,0.4042447438410903,0.23678534014935923,-1.005217615153575,-0.08549072809763968,-0.9798727849679809,-0.05167425158249267,1000,1.0153862053550746,247.1243242594369,0.33965596345663673,0.14182796003813716,0.7399701391800816,1.2920370264256194,0.7374034036803259,1.2933690070298234,1000
824,0.2172952214175634,433.47783185800523,0.2648061782426534,0.2236976362163202,-0.234584928199074,0.6513458151245094,-0.22115214556642415,0.655742588401551,1000,1.185296183391244,290.3756716210901,0.2766646065655429,0.15773411837476262,0.8672904348646908,1.4900974249060226,0.8761373113767094,1.494455055405779,1000
825,0.2593184853058901,350.9944601901539,0.4454732193793355,0.24881113465317173,-0.23784475782483333,0.7349816710947655,-0.2283513386143265,0.7469883092261067,1000,0.9124751231640946,245.8816212936488,0.39752426876403607,0.1598390540720479,0.5909450888470017,1.217961572987336,0.5991905771828807,1.2257596691453085,1000
826,-0.018735745186150954,386.51025384021415,0.35317821166390456,0.236918171587883,-0.48436768377429107,0.45258008443357034,-0.48309536149840165,0.44562387112609975,1000,0.7880003282721377,182.5922281009364,0.7197902284311528,0.1521941481642725,0.5163220767278854,1.1150277545226304,0.4896997978701636,1.0863008586741119,1000
827,-0.6735179244253757,370.4729286141419,0.44188496656967174,0.2250230108823418,-1.0713962908418786,-0.20219512003330112,-1.1145630257547656,-0.23247282309598577,1000,0.7065263682908594,177.99297428014137,0.5296899391016694,0.15786881592153734,0.41513890047840046,1.0222383188530257,0.39710348908464616,1.0159492474970726,1000
828,0.200583656179818,395.6349001223405,0.3450413332180962,0.23367616679592826,-0.25763191843539096,0.6657986069291588,-0.2574216307402014,0.6585889430998374,1000,1.0545539526221779,258.41728586699116,0.32264518384631447,0.15830774071868287,0.7505462582847834,1.3508795783228738,0.7442707808135595,1.3648371244307964,1000
829,-0.06062557827574011,384.1516052719401,0.4351297217861748,0.3048825258216858,-0.7331586768744922,0.44115865231302737,-0.6581953288862442,0.536944172334764,1000,1.0129664589483558,247.45187921511643,0.35682573554715113,0.15279211369829232,0.7412676645362726,1.343564102296178,0.7134939160997029,1.3124390017970087,1000
830,-0.22624755382566875,356.8831360640173,0.4288310723292202,0.21176787566875227,-0.6449959706707792,0.1954774239024633,-0.6413125901364232,0.18881748248508567,1000,0.7496795251653778,206.59037441468212,0.4511625335615722,0.14917538418284607,0.47315009087699345,1.0483266433031788,0.45729577216699957,1.0420632781637562,1000
831,0.2399457072142659,369.93573914302254,0.5298539004222721,0.2696068830743788,-0.28642909409525996,0.7453282020239927,-0.2884837836115165,0.7683751980400483,1000,1.1951414572931918,197.67592196270928,0.44158821165907663,0.2258211169153105,0.7808797121972791,1.668434702373485,0.7525320681391832,1.6377508464472004,1000
832,-0.319787052489795,421.70818518072576,0.3265436781602391,0.24655562423631197,-0.8025437450432993,0.15170857796661236,-0.8030360759929664,0.16346197101337645,1000,0.6041449683405911,267.26438221606634,0.2981601811546361,0.16797331444050934,0.28933298573665595,0.9369058386387389,0.2749172720371928,0.9333726646439893,1000
833,0.09296035489363152,308.89461334601765,0.5691039759550152,0.22033537334795264,-0.36352963337276833,0.487343737211516,-0.3388969768683556,0.5248176866556187,1000,1.1514048135806538,210.91607235011026,0.4729637565854974,0.15240006093913444,0.8502539705537528,1.4284626212246165,0.8527006941399503,1.4501089330213572,1000
834,-0.2508091570505271,412.6981140315072,0.30174575547444565,0.2735046541329645,-0.8034567703625995,0.28289248039016646,-0.7868782791511375,0.28525996505008333,1000,1.078241675860348,228.430768918948,0.3708448685681169,0.1651747510417328,0.7832682474705952,1.4142970393850676,0.7544991638185516,1.4019841879021442,1000
835,0.04301099702298483,371.37354728289387,0.42137654457147816,0.20127816868063822,-0.3665159359777132,0.45428539622711916,-0.3514942135910661,0.43751620763703575,1000,1.2205230959217013,197.221735317093,0.4457135001529452,0.1433794985681093,0.9524592185933293,1.5129875466483773,0.939499278728207,1.5015469131151955,1000
836,0.2777727070047864,380.8798814266471,0.6441258716412277,0.23252178825661626,-0.21515550615644635,0.7420804899057403,-0.17796999797818147,0.7335154119877543,1000,1.2631496754512765,272.68041577114013,0.4189832563970431,0.15227518670545376,0.9712119933891737,1.5656899103117385,0.9646903095085873,1.5616090413939658,1000
837,0.12243659585964384,370.9644181902655,0.39412024495866815,0.2180948007574208,-0.2998175788354452,0.5355952541469194,-0.30502921362490093,0.5499024053441885,1000,1.0849450392668558,247.7143685552197,0.34336664557274665,0.1403510134085282,0.8076739593019495,1.34482786717757,0.8098570529861405,1.3600330255475712,1000
838,-0.10866495515032781,217.55308597696106,1.3892212205193861,0.24249575214646882,-0.6154417200555254,0.360869944257007,-0.5839566293574067,0.36662671905675104,1000,1.068717021904599,164.34808398525945,0.6050062574085406,0.18285052447227673,0.7308615374223832,1.4312229439248985,0.7103299939389365,1.4271040498702614,1000
839,-0.10556716845044489,325.41820123916233,0.6528830587810235,0.2728646533861779,-0.6716787684580069,0.4255909644889597,-0.6403818890873535,0.4292475521864637,1000,0.7118102941115176,175.868018143841,1.5214227533331408,0.22830644254253574,0.2666050576948885,1.1993823895170606,0.2643296667281476,1.1592909214948877,1000
840,-0.15749526722810447,341.583166324154,0.4419349638867322,0.29788660835181313,-0.7845503353116956,0.41717838623537495,-0.7413530195976582,0.42636248514144925,1000,1.078880718263584,210.5732364419411,0.47844956991699833,0.2088984221946411,0.6772847518942205,1.5063334749649806,0.6694398107620874,1.4883216257650806,1000
841,0.00620308089871191,266.00594590573075,0.7775919277065059,0.3070668709644832,-0.6426206303024655,0.5899038508888407,-0.5956479861916751,0.608054147989099,1000,0.7760752970666087,177.90629996618503,0.6780970301654083,0.20555180669925388,0.4435238826244754,1.2649912202724005,0.3731937559360711,1.1789568381971463,1000
842,-0.033265242071139234,339.1102347004478,0.750915820333762,0.29257640104052174,-0.5996883807527832,0.5565180631771707,-0.6067149881105618,0.5401845039682833,1000,1.2033139440651541,202.34806389461696,0.6074845995021623,0.24787729756032342,0.8836267975244155,1.8628491523240718,0.7174744408469202,1.689153447283388,1000
843,-0.1785153424117798,295.5307683552398,0.8972376260199803,0.30032510282049535,-0.8089306291005014,0.35639377406579975,-0.7671525439399507,0.4101218591163911,1000,1.0765321080191899,186.0807905186961,0.8784048480546841,0.26063018500321583,0.5725994549995514,1.482723450128614,0.5656969454128868,1.5873672706254929,1000
844,-0.17698308328910706,387.6819271777355,0.37975383606934404,0.241772859887984,-0.6377241231048824,0.267933442014251,-0.6508578886695557,0.29689172209134157,1000,0.8777439092879242,239.30175315974958,0.3595645447343091,0.17297269904978854,0.5487582102243803,1.2301116742120763,0.5387174191503388,1.2167703994255097,1000
845,0.1467342458136871,284.4746132921492,0.8864536571139972,0.26619404743482256,-0.4003793717198229,0.6368955527645165,-0.3750060871585651,0.6684745787859393,1000,1.1090049853820485,198.627495765582,0.4951627895200778,0.1618679312045571,0.7729046850326583,1.4355519995749102,0.7917438402211165,1.4262661305429805,1000
846,0.06130604896025149,344.2341489952908,0.520228345546414,0.20786078880540237,-0.3336404990307383,0.47778088990771833,-0.34610109709833714,0.4687131950188401,1000,1.2466104635644215,219.62350495091664,0.4941670060538767,0.14632758939664006,1.0028239454367114,1.5595004716000123,0.959808388347007,1.533412538781836,1000
847,-0.7307513363713753,389.3652878660924,0.33921239878959786,0.23538003408575875,-1.2096585994340108,-0.317302737586971,-1.1920962031794624,-0.26940646956328823,1000,0.8080699672940357,160.01101541109446,0.6121463085734721,0.19557482509925325,0.43582545120457566,1.180963381083034,0.42474331009949934,1.191396624488572,1000
848,0.20257864293327454,366.35890985407826,0.4568985985608161,0.24628959286924842,-0.28554416638969154,0.6746553289491664,-0.28014895909045234,0.6853062449570014,1000,1.1403243532824532,200.55345152398033,0.47219930066993954,0.20702515365830298,0.7337325718184372,1.5507916758398603,0.7345550521121793,1.546093654452727,1000
849,0.1555994992290639,378.6698608344082,0.4059366718445552,0.2490889784836898,-0.3475929699486517,0.6055101990129395,-0.3326148985989681,0.6438138970570959,1000,1.14996720099222,252.30549181777886,0.36331186685961653,0.16515074189232354,0.8232103701851549,1.46274963381048,0.8262717468832659,1.473662655101174,1000
850,0.2938525565924617,355.1228625790942,0.49222000700855406,0.26281005210000313,-0.20501061733102802,0.8268221241578136,-0.22125514552354442,0.8089602587084678,1000,1.1031356804593115,253.84266829191606,0.3540770629400169,0.15529471616906373,0.7945663431660448,1.4206369656516256,0.7987580367679465,1.4075133241506765,1000
851,-0.06728498008121786,330.70360978477737,0.552597528732404,0.27412100001134837,-0.6035441367395671,0.43414703349119604,-0.6045621401034607,0.46999217994102493,1000,0.9049636727508599,220.49787372721156,0.5435387553379684,0.16521575562857244,0.5801339246534377,1.2287634857194905,0.5811407917188579,1.2287865537828617,1000
852,-0.21947768095090314,444.25975150697195,0.24500303708973484,0.2210490256551258,-0.6618924986895767,0.1695716312546282,-0.6527337712349497,0.2137784093331434,1000,1.1339575544736173,246.26602149429212,0.31519911063233885,0.15609717203404908,0.8441436004487693,1.4360916224896005,0.8280070972868812,1.4399080116603535,1000
853,0.30932319782352646,318.59879446718475,0.637439467502109,0.2697853218693018,-0.22963759080182555,0.8391470210618592,-0.21945603304030514,0.8381024286873581,1000,1.0800813825822355,215.92133192731552,0.5533217331867609,0.19299074510414146,0.7290387791976466,1.4499337617670276,0.7018195221781183,1.4583432429863528,1000
854,0.1831948027169692,286.3825993789557,0.6135658853566519,0.28041724760477316,-0.35804403522574935,0.719976497173179,-0.3664230025883862,0.7328126080223246,1000,0.6805573767266684,238.3363493100323,0.5578089286591303,0.19770069529970236,0.23541446427598023,1.0183327376869233,0.2930640139392518,1.068050739514085,1000
855,0.11020078220281926,427.8223301047619,0.3093861789770119,0.24844151515003854,-0.3834333049669191,0.5964202413830055,-0.3767445874912563,0.5971461518968948,1000,1.0667574828717483,258.054426806899,0.29796033851958376,0.15740895531208965,0.7565081584150405,1.3806348079341735,0.7582359304600526,1.375279035283444,1000
856,-0.2025553039025798,308.7111845517872,0.7483685273430735,0.23162221569409847,-0.6848683444853256,0.2324225808848414,-0.6565348466630128,0.2514242388578532,1000,0.9069291031498175,183.2985788863158,0.47102718044300224,0.16416060898080165,0.5904539541812298,1.2381550739843281,0.5851743095474462,1.2286838967521887,1000
857,0.03069121396271779,295.6123077498919,0.7264141926479797,0.2616864290030007,-0.4653678502100819,0.5592135004267618,-0.48221418688316364,0.5435966148085992,1000,0.9167631370621256,195.98381021311124,0.569242090910938,0.1657744153208897,0.5989913727773244,1.2232861703599127,0.5918452830331817,1.2416809910910696,1000
858,0.6890564922734876,282.32791561466087,0.6268615072069165,0.2869776854963667,0.13592985123164766,1.2475729748281772,0.12658022870060892,1.2515327558463665,1000,1.2642155729157971,177.09856505896096,0.9171352791223047,0.22573378760911553,0.8519123065856379,1.7828409009116521,0.8217773492019307,1.7066537966296635,1000
859,0.2540956834938455,434.757709848708,0.26343508634866564,0.21574347339906033,-0.17269404055950124,0.6403005315565855,-0.16876152436831277,0.6769528913560037,1000,1.2153600494216223,268.58188810915726,0.3105303105704325,0.16249018348596392,0.9076673242567582,1.52662498116969,0.8968792897891331,1.5338408090541116,1000
860,-0.2405224671534869,359.6342152160895,0.6118623956126994,0.2399438770743269,-0.6997875453943874,0.251155383337147,-0.7108124662191677,0.22976753191219385,1000,0.9134216724773081,198.64208607024642,0.5598634465620868,0.1816343262029198,0.5894351964529648,1.318689711952189,0.5574183931195853,1.269424951835031,1000
861,0.2651608503988374,412.2505135033761,0.38192015118645745,0.2173185642026935,-0.16733395424714398,0.6792189220079018,-0.16078353543844182,0.6911052362361166,1000,1.0626285071432147,249.07440947913284,0.3135567323345954,0.15175484762905414,0.7666457228210529,1.3500296570377883,0.7651890057902686,1.3600680084961607,1000
862,-0.02265844297702513,359.0890236068446,0.5845812933182997,0.22736067198483423,-0.508329779060046,0.3885991068262933,-0.4682853600673002,0.42296847411324995,1000,1.1253587005192895,266.8273240301097,0.43582552882766623,0.15464879572065388,0.8245237897621043,1.4295710193576971,0.822247060906808,1.428470340131771,1000
863,-0.22403702622640154,318.40688942747374,0.5829978342617211,0.25942888350267546,-0.7176652298116829,0.2841964252876027,-0.7325176378916454,0.2844435854388423,1000,0.7676914288234964,217.59703270440667,0.41244376525139437,0.1646524501648518,0.4679025152622932,1.1189570374642692,0.4449726265003869,1.090410231146606,1000
864,-0.1623954988675096,393.7596025005563,0.344083011579997,0.27533093716075,-0.6964199952831179,0.40457900388341533,-0.7020441357025796,0.37725313796756044,1000,0.7376449996794148,229.46902126488436,0.3793011683177712,0.18277214423039098,0.4185546505547098,1.1421989495538265,0.37941159698784843,1.095878402370981,1000
865,0.026648076447983726,318.7386090310691,0.5965056352197328,0.3459340253579224,-0.6529539473101061,0.6712060305952413,-0.6513826132535442,0.7046787661495116,1000,1.109474696002041,174.44011973829177,0.938061561401035,0.2185083760846958,0.7881865907375302,1.6740757168073415,0.6811982788760371,1.5377511131280448,1000
866,0.47422249350885304,381.292858473507,0.46734802338054016,0.24941223154974806,-0.049923790322648647,0.9760384473854729,-0.014625480328653184,0.9630704673463593,1000,1.1279741538520662,260.82545353545055,0.2908324245405999,0.1540885407877478,0.8461222365280339,1.4293953928255128,0.8259606139080805,1.4299876937960518,1000
867,-0.5452506762703302,397.8258688455889,0.4562870639319954,0.2209330296414712,-0.9788232739086578,-0.11339027686669213,-0.9782794143676138,-0.1122219381730466,1000,0.7625170016225096,196.04600354707384,0.49078622923387616,0.1678325482563036,0.4292688132522326,1.0713537458352758,0.43356520704015455,1.0914687962048646,1000
868,0.16494503331777732,348.5490576015501,0.5758949218751047,0.2952543715617623,-0.3780925498800157,0.7990574308016921,-0.4137535349432768,0.7436436015788315,1000,1.1122911533829996,191.59844885633566,0.6249546562328618,0.23573560146651487,0.7194125859247315,1.6511247553860764,0.6502493745086304,1.5743329322573687,1000
869,0.17436874626851706,391.50058026155136,0.4375126234510015,0.28154040933137403,-0.4025250426214944,0.7056047101350429,-0.37745045602097604,0.7261879485580102,1000,0.9072201237110438,267.11673186044493,0.5536262275053632,0.170095974029755,0.617487043336206,1.2818817807631293,0.573832014612724,1.2406082328093635,1000
870,-0.15016857702471498,238.3992403475251,1.1144377370896823,0.2876510774832606,-0.7288265970234785,0.38687414202721904,-0.7139646888919057,0.4136275348424757,1000,0.5545175925299315,120.90702637490106,1.2942236391040873,0.30365373110555943,-0.11438545947700467,1.1185974285257851,-0.04064372043696496,1.149678905496828,1000
871,0.3115219231023385,414.00006640693124,0.286221884815938,0.244498164030881,-0.14434329391486608,0.8130985512788419,-0.16769447839818824,0.7907383246028652,1000,1.1638118790481022,271.6850769260282,0.3019014802232998,0.1488921233162125,0.8869294060373102,1.4778063676967705,0.8719833173483258,1.4556404407478787,1000
872,0.15767372785631828,322.8844987936612,0.5609911717485464,0.2685372644026744,-0.4213893100182345,0.6544587683925669,-0.36865931037292354,0.6840067660855601,1000,1.1337598842945842,215.00598219389886,0.4476963385469235,0.15327240641241163,0.8084428814872453,1.3880850609595212,0.8333459677262574,1.434173800862911,1000
873,-0.4792790299035028,244.3611449337378,1.00287697851355,0.392151306238819,-1.391764755902737,0.18625104917949453,-1.247895590131588,0.2893375303245824,1000,0.8030440819934253,182.57248015952595,0.8753649659889969,0.38405050754882586,-0.3563243878073833,1.1763819910278082,0.05030508719772653,1.5557830767891239,1000
874,-0.08211443227701398,373.65095853774017,0.43903042977079937,0.2686584757276735,-0.607363549957559,0.39948738654318916,-0.608685044703254,0.44445618014922605,1000,0.8197028587702824,244.71886621228919,0.3715431048552741,0.17656164640182417,0.501063871153669,1.1758847111860162,0.473642031822707,1.1657636857178577,1000
875,0.08967587001353117,284.102513617559,0.8390095840799491,0.2751691030260928,-0.4652811025844374,0.6580719516869011,-0.44965557191761074,0.6290073119446731,1000,0.9660432842446776,177.87349025848633,0.5036241172589354,0.19211175411404344,0.6223647903998492,1.3605078327673248,0.5895042461811524,1.3425823223082027,1000
876,0.13484014084610507,363.6636554584817,0.3838253559883614,0.30297868285360086,-0.4570521272711781,0.7180018465413891,-0.45899807754695254,0.7286783592391627,1000,0.7419974607081627,267.13963035079195,0.38873133878007193,0.17491269631869574,0.44003299205731555,1.1291347471383577,0.3991685759235191,1.0848263454928064,1000
877,0.17149699028826682,282.21645857286995,0.750985723770165,0.4269174754323447,-0.7374750791333325,0.9517187697461311,-0.6652612615591288,1.0082552421356623,1000,0.9066153944100179,171.11135401935329,1.243330103091965,0.21613957681229934,0.5025089395156633,1.3192849594724585,0.4829818238579112,1.3302489649621245,1000
878,0.1872170883544344,388.40117710190725,0.3980292981569577,0.25859066655420104,-0.3456233427852353,0.6746148927512681,-0.31962061809179965,0.6940547948006685,1000,1.3567109738871483,273.1653983325931,0.33885041758385404,0.17378677594852146,1.0277992494270975,1.7051637827963944,1.0160888930280463,1.6973330547462504,1000
879,0.5279446769745473,317.66412081976864,0.6537932843303058,0.25067024337851357,0.010989510757909472,0.9791088914375216,0.03663099995266067,1.019258353996434,1000,1.2870834489391978,244.33681790415488,0.5017112683576092,0.16269274887413226,1.0108882281818294,1.6338211834565113,0.9682056611458986,1.605961236732497,1000
880,0.20399725159066895,398.2651448664544,0.3409598092952685,0.2605205490566316,-0.32328015177016256,0.6579915022907095,-0.30662302456032897,0.7146175277416669,1000,1.1351408781536363,257.89430261059834,0.326479205193328,0.15131155555995662,0.8296885197563318,1.4340915282908981,0.8385702292561212,1.4317115270511513,1000
881,-0.21423897584201423,408.1278745695145,0.31670607839575454,0.24376979012003216,-0.7403223856322941,0.19397635671779376,-0.6920277644772772,0.2635498127932488,1000,0.9556253005103974,237.13572058240905,0.3589494568755997,0.13976653166414763,0.6813987104809264,1.2191599698332702,0.681682898448668,1.2295677025721268,1000
882,-0.19690365036483692,354.99067504356935,0.551642495274518,0.27070805991057184,-0.7208035239797083,0.3504973162785781,-0.7274914477895578,0.3336841470598839,1000,0.8674159609994931,230.63188428051185,0.3974065537043233,0.16363276472530705,0.5595242491364986,1.2071596871072587,0.5466957421378913,1.188136179861095,1000
883,0.44866888985333375,356.8945961519632,0.5814560115399222,0.26800310063345545,-0.0962980346802237,0.9520866017025881,-0.07661718738823897,0.9739549670949065,1000,1.3019823056646618,248.76557994520573,0.6335653174768926,0.1743017415825821,0.9844808486929943,1.6401608374716723,0.9603508921628008,1.6436137191665228,1000
884,0.1143588187946376,378.8255364211292,0.39322222713340843,0.2640782956122296,-0.3806781309762916,0.6173841678455216,-0.40323464060533243,0.6319522781946076,1000,1.0218607147867496,243.7163276453341,0.3552624910375186,0.18240777122522145,0.683290153228206,1.380856683054738,0.6643414831853156,1.3793799463881835,1000
885,-0.038405062210037144,299.7213040086633,0.5248032452747519,0.25825043351247584,-0.6155428717844731,0.4394300768356613,-0.5445759118944897,0.46776578747441544,1000,1.2011668390375152,199.84059478974214,0.5389949346651873,0.17239528512652078,0.8643115282424716,1.5500885086679428,0.8632720801895345,1.539061597885496,1000
886,-0.24422218005565588,335.0596068060565,0.5765653568262855,0.25456425513430503,-0.74969378549451,0.24044930185998795,-0.7431681201188938,0.25472376000758196,1000,1.0074219262750113,175.80919678300862,0.5431720238795795,0.1528605383147515,0.7003387603996956,1.3007149210560345,0.7078152711780983,1.3070285813719242,1000
887,-0.068781722176527,411.1142888089094,0.33505878986985316,0.2358860413393598,-0.5602589843824483,0.3749715696204826,-0.5311183632016723,0.3935549188486182,1000,1.003445139892873,257.92574327353935,0.3389802924082392,0.14528812685248144,0.7165473315047739,1.30513419430772,0.7186804112620093,1.2882098685237366,1000
888,-0.08261368423418602,297.0013852444641,0.6832414280694623,0.2942432296618706,-0.7184758902385189,0.4417902871840123,-0.6593304143714525,0.4941030459030804,1000,0.9328113005766987,199.01752623507917,0.6807584980440579,0.20278464753435024,0.552490358432471,1.3585960553740701,0.5353533914093722,1.3302692097440252,1000
889,-0.357435408379855,386.7995454364027,0.4314571383191839,0.333895933816083,-1.10211355464164,0.21949473103535316,-1.0118714386593777,0.2970006218996677,1000,0.7307012724343847,211.48975959004213,0.4995447363663826,0.1792699893329232,0.36404393481962105,1.055877496689926,0.3793320933418552,1.0820704515269142,1000
890,0.029346065736667093,382.19931661342156,0.425884154252911,0.24264253584089324,-0.45905747583977813,0.47317808120045735,-0.44623330451148363,0.5049254359848179,1000,0.9562509453031254,235.36729241057168,0.47358488304974666,0.17990640009891293,0.6217537793631236,1.3299522979027607,0.603634401109256,1.3088674894969947,1000
891,-0.0643627515949885,479.24098553255357,0.16486341992394707,0.19371422350389828,-0.43634616608323307,0.31249722216707154,-0.4440426296626291,0.3153171264726521,1000,1.0951378340017808,202.69355735577687,0.412584034897955,0.14914786273961006,0.805908951825827,1.3824051026449056,0.802808023032145,1.3874676449714165,1000
892,0.08056743564053992,286.7692177529301,0.7581138229964091,0.22983751713896608,-0.36709828680313217,0.5329525300044585,-0.3699140979518336,0.5310489692329134,1000,1.187170631126686,167.78088298962723,0.5698702432109872,0.15736138813047654,0.8671279664111224,1.4991464376872898,0.8787423103909521,1.4955989518624202,1000
893,-0.5771343936723627,357.3784264649658,0.6064991867070816,0.20939784011856258,-1.0203463099429653,-0.19485938624842306,-0.9875541603047454,-0.16671462703998008,1000,0.6163211242514026,212.05502518380501,0.39285555524898313,0.15987947643760847,0.31028256043608343,0.9395155065342998,0.30295735043369004,0.9296848980691153,1000
894,0.1162863186779699,434.4286548174884,0.2730321628471314,0.2031159840353117,-0.3233548049405818,0.484256573389355,-0.281821010031241,0.5143936473871809,1000,1.0172929925982932,252.7788515966323,0.32625947256430105,0.14197813172368023,0.7570674777318315,1.3126664194686755,0.7390158544198799,1.2955701307767065,1000
895,-0.27356210921001356,318.98860346295095,0.5363569792556663,0.23817562549022053,-0.735643840882507,0.20169223823997232,-0.7403863351708457,0.19326211675081867,1000,0.8627411538347456,224.6625785543265,0.3845704340886688,0.17571166680797212,0.5182177669789727,1.1989801140529908,0.5183462868911202,1.207136020778371,1000
896,0.04482825620688313,349.3928232315101,0.49077499189626406,0.28586985063528675,-0.5107446462693506,0.5852495700818388,-0.5154766510382789,0.6051331634520452,1000,1.0607476863398353,215.80502406902792,0.6151885043630235,0.18682306175252128,0.7146787319287338,1.418528782276802,0.6945744853048936,1.426920887374777,1000
897,-0.09637755797586589,302.07522634860965,0.7058686372570353,0.2288628986254471,-0.5490141222178342,0.31829162833265984,-0.5449488392817422,0.3521937233300104,1000,0.8401273711970387,171.2022918449776,0.6130893450136238,0.1714642761703197,0.5047216552256697,1.1902217008501412,0.5040573899032121,1.1761973524908653,1000
898,-0.04442020303322458,291.33901228031425,0.8524339982393525,0.24203580904746966,-0.5274097539965502,0.4196186222313939,-0.5188103887662652,0.42996998269981596,1000,1.2460192729934696,212.1412175587362,0.5724940664063982,0.16482212472861782,0.8843660256185897,1.538981619083374,0.9229679085253787,1.5690706374615604,1000
899,0.09850091463181343,324.0366488284854,0.6033449095503295,0.26146432564760463,-0.45355777753805243,0.6008358339613821,-0.4139691636374916,0.6109709929011184,1000,1.140113349655803,208.20081094946994,0.4640400261407345,0.1907010661980365,0.8021839904029752,1.4793688655730834,0.7663392599076513,1.5138874394039545,1000
900,0.3247947641947082,417.3532027656804,0.32042239328002536,0.2683218784772,-0.21100583860455394,0.8612118062427487,-0.20111611762060377,0.8507056460100202,1000,1.180131688758065,229.65386027406024,0.4286579842354834,0.19197573569933782,0.8810440417482074,1.6659991895386175,0.8038592467873629,1.5564041307287673,1000
901,0.41011066150662234,343.3463498673118,0.4784402970301548,0.3471623140136667,-0.25971255159937884,1.091231798501406,-0.27032747396016443,1.0905487969734091,1000,1.0092775112986012,224.0536558009221,0.7019928410328657,0.19624327753158238,0.6014932598688945,1.3964882402521912,0.6246406873366998,1.3939143352605026,1000
902,0.0062420039682740125,345.10979896792355,0.6802069298187841,0.2594009391483601,-0.48399241491695827,0.5184512079276143,-0.5021838367625118,0.5146678446990598,1000,0.7888777211105467,172.41856500115222,0.5085240177075013,0.18162976441067252,0.4538020601932557,1.153171450692758,0.4328833828656285,1.1448720593554649,1000
903,-0.09238813774672971,331.0311422516063,0.5248839976778167,0.19466018239656108,-0.4787671807440878,0.2714742642593457,-0.4739220952439894,0.28914581975053,1000,1.071896477158227,169.01366823015593,0.5226163084362642,0.16594753377537205,0.7547720407280302,1.384632792521493,0.7466393109584977,1.397153643357956,1000
904,-0.38786598083539436,297.4476793009662,0.577418025883397,0.23559998021508008,-0.8219972369089121,0.04997653959011586,-0.8496419420569513,0.07390998038616259,1000,0.8555433458802622,199.3700245300553,0.491076872155853,0.18870931326650836,0.46023562070879126,1.2168834008903269,0.48567309187790575,1.2254135998826186,1000
905,0.16743133967213408,368.37973123110424,0.4370083297331276,0.26646728519401885,-0.35058451591793016,0.7091456640819845,-0.35484453930814286,0.689707218652411,1000,0.966160637304982,251.22682258608037,0.33935985065629193,0.13648282475508738,0.7180547611574347,1.2576246430949887,0.6986543007850108,1.2336669738249533,1000
906,0.6691658304082937,291.318594110083,0.6332258898140953,0.33596549354130095,0.026107648934551805,1.3037957742615667,0.010673463067343847,1.3276581977492437,1000,1.1261939970744739,240.07470747282787,0.6603098714470963,0.23589005682610661,0.648707526108792,1.555668658015761,0.663849485695305,1.5885385084536428,1000
907,0.2800275841113362,314.80763817005885,0.788645312766492,0.22575541029268603,-0.1554750375809262,0.7134983889428118,-0.16245302006232842,0.7225081882850009,1000,1.0788798258198908,222.39421655019223,0.40771729257966843,0.1636937345307762,0.7562842590704848,1.3967119066077875,0.7580401061395694,1.3997195455002123,1000
908,-0.40460616316581,236.43757340953854,1.2480517017512038,0.2859681265358013,-1.0077733732503913,0.11932935592442447,-0.9651036911759805,0.1558913648443605,1000,1.0055433992795746,194.14188740708911,0.5142383012537901,0.1633462349251094,0.6756080298296206,1.3157721054776828,0.6853847788263602,1.325702019732789,1000
909,0.13067878607509975,315.15586596131226,0.6832533140288196,0.26227148434811737,-0.3849720721167897,0.657596236742419,-0.3833733232472103,0.6447308953974098,1000,0.9926963272433036,214.40247983407323,0.46279164467199346,0.16227839132268937,0.6907597690555679,1.3250563922730507,0.6746306802508324,1.3107619742357748,1000
910,0.3532306915023078,314.496945233346,0.5617403442544071,0.24861761797008505,-0.17060893969551263,0.7739809633558145,-0.13405983971905888,0.8405212227236745,1000,1.144730173503445,222.41485968281475,0.6245654247399783,0.1705646247022649,0.788631247764916,1.4494769993544643,0.8104235090870058,1.4790368379198842,1000
911,0.029465389716189172,321.58813492569243,0.5224598204465645,0.28985884255719513,-0.5650879127574551,0.5459395298508857,-0.5386579416959133,0.5975887211282916,1000,0.9876690722854966,226.420956390363,0.46784720168894917,0.1675499010207532,0.6438589942077051,1.2980559070653506,0.6592712662848204,1.3160668782861729,1000
912,-0.25246878682751905,438.11033610693,0.28315393968448294,0.22541699652797628,-0.6942973799827634,0.1804013767828529,-0.6942861000223526,0.18934852636731447,1000,0.7561661253341359,255.31639076919072,0.3257458705532924,0.16321920555886926,0.44137151734932967,1.0696981988523278,0.4362564824387521,1.0760757682295197,1000
913,-0.12826317333480342,453.77953240452257,0.2756974405456114,0.22473577593788938,-0.5886133142784535,0.30013057947449767,-0.5687452941730666,0.31221894750345974,1000,1.0142193392614494,240.75508542839052,0.33680293570106384,0.17228336834972457,0.6629421195143012,1.3460716776256458,0.6765439372959892,1.3518947412269096,1000
914,0.12262494121409873,360.1579340935031,0.41429169417575207,0.22505848989760205,-0.3256378191700821,0.5599789801187633,-0.3184896989852013,0.5637395814133987,1000,1.0226113452814491,264.3247737293557,0.34102200212051637,0.16588744348536122,0.7036142395522064,1.3572900806250323,0.6974719560501412,1.347750734512757,1000
915,0.11936065248959427,342.12093958012787,0.5994608760135329,0.26705875800616163,-0.3933705157340828,0.6408808344679351,-0.40407451320248255,0.6427958181816711,1000,1.1065021746361472,186.68817570889067,0.9767068416408208,0.21610039673351839,0.675509341651427,1.5690886401223436,0.6829453970384511,1.5300589522338433,1000
916,0.024583848292203392,383.89117631679045,0.43327788667253153,0.2809037315285924,-0.5373552587791791,0.5463850464860726,-0.5259874655038377,0.5751551620882445,1000,0.8343414360150643,239.46083898331455,0.3623017153475654,0.1615285451205694,0.5183514810368091,1.1654729595500843,0.5177454875787482,1.1509373844513804,1000
917,0.10572555608437373,317.76960355023726,0.930159831530579,0.3293759063095798,-0.5974407315368334,0.730121728734568,-0.5398512202824026,0.7513023324511501,1000,0.8046873929273404,165.63966331096088,1.437012079109584,0.27629625916598766,0.26147946257272037,1.4176010042038554,0.26314672496200453,1.3462280608926762,1000
918,-0.2674595779298641,415.0212700096367,0.34206009925020286,0.21687674385802613,-0.7152949793825382,0.12489431251628597,-0.6925379958915954,0.15761884003186716,1000,0.9645628769538828,227.76428653411637,0.3822154871010695,0.16918589029069098,0.6572031751681984,1.3173583461143175,0.6329585319841284,1.296167221923637,1000
919,0.17025482963905203,390.33822234463315,0.3500659864489948,0.2616004845280747,-0.3473022296916357,0.6421491513313443,-0.34248212003597445,0.6829917793140785,1000,1.1588294500159337,220.06614602662776,0.43320744162077074,0.15643859635719165,0.8208052668436149,1.4343503552288968,0.8522098011558381,1.4654490988760294,1000
920,0.09534143103614579,390.9207213234266,0.3854972279316578,0.2856187971197983,-0.4824015317921809,0.6306732628731017,-0.4644714113186589,0.6551542733909504,1000,0.879043580222727,253.28272287958916,0.5992480579917837,0.19679640482836824,0.4998974629845508,1.24307239562841,0.49332262675912525,1.2647645336863287,1000
921,-0.45168669394504324,282.26901983349705,0.6644525952479027,0.3104974983944223,-1.0692409638835294,0.08660078272299249,-1.0602617907981111,0.15688840290802453,1000,0.7981810331760464,211.46902430662607,0.5256643874897439,0.18973406113442395,0.4075040091452931,1.179143099206,0.4263022733525754,1.1700597929995173,1000
922,0.06624161875492973,387.8655516503047,0.37674225290004687,0.2665756598084793,-0.4707583468523249,0.5776737344000451,-0.4562466744696897,0.5887299119795492,1000,1.393176810271671,195.7037661496286,0.4693792833546039,0.1793191230853395,1.036564806478585,1.7486735242301636,1.0417113290244056,1.7446422915189366,1000
923,0.06953460796078437,410.562607216496,0.4263063035849516,0.28804983457580186,-0.4916321614507128,0.610704698322888,-0.4950430678077873,0.634112283729356,1000,0.9588478454837475,228.0855812299712,0.4747654292195503,0.14884438049617701,0.676834481958767,1.2652191803679547,0.6671128597112406,1.2505828312562544,1000
924,-0.1972511384627058,414.28393694469014,0.29137641971509265,0.27249964772084273,-0.7143326834265885,0.33158544026496983,-0.7313504479955576,0.336848171070146,1000,0.7691414777081809,258.1280011692894,0.31182504435452324,0.1777245128113156,0.40459718730678007,1.1274861913203644,0.4208014325980023,1.1174815228183594,1000
925,0.08277479639498031,379.3628514611379,0.5428366188847177,0.24423449228020927,-0.3970178552070254,0.5364061497459313,-0.39592480847422984,0.5614744012641905,1000,1.243690505538289,229.58241245568743,0.35909286635540816,0.1548132797808543,0.9479888903055227,1.5410297595604765,0.9402564771678146,1.5471245339087634,1000
926,-0.2383977573406737,364.52853400439517,0.4084604861524123,0.2525551578020873,-0.7411505526320254,0.2589734020000006,-0.7334058666327647,0.2566103519514174,1000,0.8562653130536422,199.34270033609144,0.4460156363851781,0.1792676895933251,0.5382755487960421,1.227342098226051,0.504900641450725,1.2076299846565592,1000
927,0.16907229432467918,282.9594191025103,0.7357729521050358,0.309253488666399,-0.41689437291287834,0.809898444839647,-0.43706454346146284,0.7752091321108212,1000,1.1773926722271173,204.84445693877146,0.8662018093257203,0.19344643157200567,0.850243837802217,1.6246514559388807,0.7982376663459863,1.5565476781082483,1000
928,-0.5532359033828755,357.1044214897915,0.39825692228278586,0.24164585078666692,-1.0182913679222934,-0.0743357324833373,-1.0268617709247427,-0.0796100358410084,1000,0.8860773700824436,188.42210282897827,0.4589308064559244,0.1569316873947825,0.5873589136536754,1.2072679023626534,0.5784912627886699,1.1936634773762171,1000
929,-0.27653553854898005,374.65343959856494,0.38031512027415953,0.2542736435492214,-0.7972403259311726,0.19217545420944734,-0.774911879905454,0.22184080280749385,1000,0.9077649616427177,244.73103589502563,0.3334914067955198,0.144588465934816,0.6193648812981191,1.1811704972530157,0.6243715684104784,1.1911583548749571,1000
930,0.45920238912790357,255.6761768726147,1.0697036525295243,0.24205462952983553,-0.011971241080532914,0.9075850413177354,-0.015224684750574091,0.9336294630063813,1000,1.020977837215212,162.3366874409241,1.106885935464359,0.2167271093051253,0.6273113483814645,1.5019251804035716,0.5961927029771665,1.4457629714532576,1000
931,0.12373567384261985,362.8332486134228,0.42739673941346346,0.24247816985094903,-0.38250489006237687,0.6075990494135345,-0.35152153906524025,0.5989928867504799,1000,1.209136546265975,218.61660824075963,0.3915041531990245,0.15712270902685574,0.9194792659683074,1.5358612470752748,0.9011760365733379,1.5170970559586123,1000
932,-0.177769617943889,449.6720506256952,0.2898324991742543,0.23237560275228897,-0.6337565778563994,0.2587953251036951,-0.6332257993383754,0.27768656345059733,1000,1.0536670532920516,230.76778872574377,0.37878276905799146,0.16431196510999957,0.713982719551116,1.3771947404307243,0.7316156016764523,1.3757185049076508,1000
933,0.23856137258506127,339.7549852460068,0.4126863360444338,0.24313353652444727,-0.2621876521230627,0.6985814684519347,-0.23798035900285536,0.7151031041729778,1000,1.1657526386690846,203.9116637672282,0.5413017355474691,0.1892774258152862,0.8439472559127529,1.5709395279369993,0.7947688840711237,1.5367363932670455,1000
934,0.0485261767063232,341.38773275759183,0.42093794043210536,0.24841097369536863,-0.45782521548036953,0.5325100655794498,-0.4383593317365993,0.5354116851492456,1000,1.307166715834017,194.98188799946612,0.49733049895962717,0.16303712004040183,0.9953538457384428,1.6137357245425774,0.9876139605548294,1.6267194711132045,1000
935,0.3162480527168543,397.7337364680932,0.44006739871743,0.24604395257105685,-0.1857378570373746,0.7931870705180144,-0.16599809432241713,0.7984941997561257,1000,1.0044118834014504,302.71289440357003,0.28549899281229174,0.15761227998304925,0.6881687838078054,1.31057441002635,0.6954918146346738,1.313331952168227,1000
936,0.29399446124696027,287.2879601017468,0.6335953222816563,0.2594610870437912,-0.19714034918056977,0.8223483181837762,-0.21454926935887053,0.8025381918527911,1000,1.3485677251125536,181.39043290069853,0.7402700262703662,0.1949502474216782,1.0182160088936938,1.8088516281000189,0.9664652401660643,1.730670210059043,1000
937,-0.12362809397660879,311.47107475128445,0.4864878315463594,0.2563221634342542,-0.6492381819130044,0.3598682977156007,-0.6260195343077469,0.37876334635452935,1000,0.7111987035998948,206.74849603182562,0.5890506150434147,0.2023642686013407,0.30622886739924104,1.1145307889235783,0.314564737141267,1.1078326700585226,1000
938,-0.5766660118849165,334.24456164062485,0.5582990179286342,0.2325064711558979,-1.0251268460052363,-0.12708007011974057,-1.0323786953504763,-0.12095332841935663,1000,0.8367755465673472,173.09948659254755,0.5686100093151996,0.15979452970973285,0.5393313024140262,1.1795315656362944,0.5235782683362709,1.1499728247984236,1000
939,0.06072428192661139,354.23290730437964,0.5328098126013301,0.25323020185219697,-0.4824153233205279,0.5260479309157888,-0.43560691370369464,0.5570554775569174,1000,1.1858580104913412,223.06405344483258,0.5185271978199024,0.17278711217707202,0.8957544831264801,1.5602219828329704,0.84719527062428,1.5245207503584024,1000
940,-0.12409676923296287,433.3246521631297,0.26030873229099166,0.22695929272467125,-0.5839213759812496,0.3159824901357852,-0.5689369829733185,0.3207434445073928,1000,0.8412743541073602,252.40813022793924,0.46565789987775497,0.16565600927497381,0.5635498007326635,1.2079215600314805,0.5165885759284115,1.165960132286309,1000
941,-0.1864701761173797,441.397498164996,0.3291317720309854,0.2508171280758589,-0.6801312565654145,0.3127479793618285,-0.6780717471460631,0.3051313949113037,1000,0.9097392437715741,253.44885532721005,0.3089492960582206,0.16188691459874358,0.5781531834632309,1.218314498277501,0.5924408911580368,1.2270375963851115,1000
942,0.11715372393865131,340.2933864547133,0.5810173372995429,0.2254885850533568,-0.31488602749836875,0.5426376990461872,-0.324803902765928,0.5591113506432306,1000,0.9937369286951894,189.21770375732083,0.8189639212104447,0.19033638712534262,0.6168118975625929,1.371214327634892,0.6206776099295178,1.366796247460861,1000
943,-0.2458608799826174,364.8051094948444,0.46615607406990495,0.22594956009143624,-0.7002765687425814,0.19222332098989664,-0.6887220177618325,0.19700025779659763,1000,0.9533553230387826,208.40924412540969,0.41678514257105603,0.15675497759356455,0.6670577365085796,1.248312945950001,0.6461155669553961,1.2605950791221692,1000
944,0.14360250208616598,411.70397656676386,0.36409827253910293,0.21344079255888126,-0.28829844918643704,0.575864359902932,-0.27474145132924127,0.5619464555015732,1000,0.8698187884660586,221.37973299955476,0.5674377837083071,0.16469880253067434,0.5635341834659087,1.1859464031614981,0.547009135505937,1.1926284414261803,1000
945,0.5285501199383607,395.3972949091366,0.3707377267321578,0.2864419396765262,-0.0821879729785287,1.0952023367303174,-0.03287608182763069,1.089976321704352,1000,0.9941328265803451,286.3158897514555,0.4529413995606854,0.2369008024290685,0.5736537039175952,1.3930496362871443,0.5298072538193708,1.4584583993413194,1000
946,-0.2170274684450897,292.1576113522445,0.5351681914555313,0.22488183024482625,-0.6408165114356781,0.2466786288818369,-0.6577958557249491,0.22374091883476976,1000,0.8903815792874972,181.13339627826176,0.49244428460330064,0.1746820758544806,0.5651181354851909,1.2554410160142568,0.5480047106127153,1.232758447962279,1000
947,-0.1730658893748931,366.7191283945001,0.47267779866902276,0.2731995590390047,-0.7384888467805963,0.3162308040102407,-0.7085370250913423,0.36240524634155613,1000,1.1124018125774224,224.19680468598364,0.412738227479359,0.14208412235019366,0.8300122558340562,1.395414966350021,0.8339169327710428,1.390886692383802,1000
948,-0.11442445448488447,344.61304838266585,0.9055293276924563,0.259561691931942,-0.6343946816997127,0.39533715781617035,-0.6231653706714908,0.39431646170172185,1000,1.155604736085467,217.09700963835888,0.41082393588112953,0.1392571840013782,0.8823684172099194,1.431667505670556,0.8826606554427658,1.4285488167281684,1000
949,-0.16174226762728994,362.41354261026606,0.44038447810525205,0.2771815685179882,-0.7183764934673836,0.35785288913140906,-0.7050181419225467,0.3815336066679669,1000,0.8072616651403401,163.7077082603447,0.8499695386508299,0.20776014516211758,0.4270594228016364,1.1720003191601396,0.4000517806225897,1.2144715496580907,1000
950,0.19715691120262857,377.15639944725314,0.43370295684568266,0.22065130935579777,-0.22989640656503832,0.6232086389142557,-0.23531965513473507,0.6296334775399922,1000,1.20828480319364,205.96999861382653,0.6383598292386816,0.15999436817243654,0.9400339549361865,1.5617055214257154,0.8946958415756643,1.5218737648116156,1000
951,-0.08779420414036032,364.12601013562886,0.4148760823595943,0.25188160383805064,-0.5757619461396838,0.38855856883709033,-0.5814821476629395,0.4058937393822189,1000,1.0168064049386563,208.4012553951299,0.40151419673790006,0.20166507736997946,0.6408650458746588,1.4291308321997394,0.6215428532934966,1.412069956583816,1000
952,0.16348786275098037,338.71981605886066,0.4921751695156721,0.2728249175270659,-0.3790655597299976,0.6642570478765548,-0.3712489756020687,0.6982247011040295,1000,1.0195014439465648,198.6666056373718,0.5159366438150618,0.15363694965177985,0.7020749129395739,1.308261629659726,0.7183730226290763,1.3206298652640533,1000
953,0.08687163227079608,411.4371894023681,0.36586078660242327,0.2667708374997303,-0.44517571077304735,0.6145798428885921,-0.4359992092286753,0.6097424737702675,1000,0.9280744147890454,238.68871067978094,0.5736493180548913,0.1637680044069947,0.6030063365559158,1.2450853184821034,0.6070891261513358,1.249059703426755,1000
954,-0.04068269305400474,287.98380959138314,1.0516470442844352,0.3038313041017148,-0.5948160764190233,0.56947486065893,-0.6361920490933658,0.5548266629853563,1000,1.0876417065077466,190.44624418827323,0.8420627484093395,0.22235184766704635,0.7547755153845263,1.6329692640134572,0.6518320850803357,1.5234513279351574,1000
955,-0.35673718007727295,376.33074352407726,0.5141964475600662,0.21844039582633937,-0.7692063819418086,0.07551012855013407,-0.7848803558968981,0.07140599574235218,1000,0.7784608959517683,240.3083288017703,0.35871997794010174,0.1576973938558109,0.48891142477666144,1.1034711411236344,0.4693740039943789,1.0875477879091577,1000
956,-0.07307919678713315,416.44658723926443,0.32281493484408635,0.2529286903716878,-0.5865356428605621,0.43449419138592127,-0.5688194299156413,0.4226610363413749,1000,1.089729841862638,271.98259696934497,0.32738604646453856,0.17618278756465255,0.7295026051579703,1.4617533664846691,0.744411578235919,1.435048105489357,1000
957,-0.04501765437585625,338.4340461541006,0.722435384150758,0.2374237927656979,-0.49321869246074734,0.4158920274397962,-0.510368288196624,0.4203329794449116,1000,1.0870453294821383,211.25228736164178,0.44547252970344703,0.17856822148340595,0.742335634846019,1.4385983542715621,0.7370516153746627,1.4370390435896139,1000
958,-0.29518698593077675,297.63777942687955,1.0997680057459582,0.2520074276122372,-0.7579219331380899,0.20102139649995535,-0.7891215440507617,0.1987475721892082,1000,0.8072438079042876,191.31891004589014,0.627798720151074,0.17503779066072123,0.4802494069772713,1.1705917439606417,0.46416973820927404,1.1503178775993013,1000
959,0.03643001226831277,379.0309851641639,0.41079459105010185,0.24335795210560082,-0.42392946243012186,0.5200261922873763,-0.44055157385866484,0.5134115983952904,1000,0.8062167817735215,218.65935448286362,0.4202942856084275,0.18384422081659332,0.4981674916681285,1.2267171244885917,0.4458821089729986,1.1665514545740443,1000
960,0.1174297192930629,247.08100564438038,0.9229568189922505,0.3097407300799373,-0.4980264278357606,0.698371091419872,-0.4896621116636142,0.72452155024974,1000,1.1708723708989015,162.89404373512832,0.7209027200936171,0.18154714741732408,0.870774060689308,1.5798461003289226,0.8150399619609463,1.5267047798368567,1000
961,0.3715209563606212,334.38552898536375,0.6614983777410928,0.29180393439944285,-0.140087741262325,0.9771887125098436,-0.2004147550622868,0.9434566677835292,1000,1.22550642691064,213.0405444493744,0.748248054054198,0.1951604844188814,0.9018273844706695,1.6881807408939646,0.8429918774496323,1.6080209763716475,1000
962,0.28269348197581845,339.9852511760921,0.5916420934357333,0.2601708127324408,-0.2566783072037838,0.7777035093748946,-0.22724131097976552,0.7926282749314024,1000,0.8988389252026092,209.8897460378975,0.41583063537732,0.16387377909826528,0.5854077611618775,1.2103577568548418,0.5776463181700093,1.220031532235209,1000
963,0.08365554834607636,215.2282818094803,1.0890924761684053,0.32314460978947374,-0.5295398119140287,0.7854597984157307,-0.5497078868412921,0.7170189835334448,1000,0.953594680104338,119.13906471787652,1.3443005272269637,0.35898017569492296,0.28247694127231415,1.51106785071083,0.249993535742289,1.657195824466387,1000
964,-0.268882307750014,370.0490550257715,0.5301246902732589,0.25874763491954184,-0.7713848413455574,0.2538446617592778,-0.7760276721923159,0.23826305669228798,1000,0.8784931068651041,208.52670920558472,0.4169532291815478,0.17245868042750534,0.5458795643218171,1.235648120953264,0.5404740932271936,1.2165121205030145,1000
965,-0.23849769536600052,352.3535250703396,0.42489002173163914,0.20849060594009408,-0.6354326086944609,0.17858652390844595,-0.6471392830085849,0.17014389227658389,1000,0.9448443850702546,200.1801080601202,0.47766168587362146,0.14533813937066056,0.646211166797719,1.2206391123425226,0.6599816319037599,1.2297071382367493,1000
966,0.28270807087984906,401.6429600833944,0.3767741009163063,0.3292957493029304,-0.3222862928448562,0.9710117203096066,-0.3627115977538945,0.9281277395135926,1000,1.0342219307139056,230.4280286459619,0.8003990298509883,0.2243388083281685,0.6988566708043273,1.6040079709212762,0.5945178663906954,1.4739259950371157,1000
967,-0.15073408617670303,420.9686550044027,0.3890785597974878,0.2309700907998944,-0.5762175825007398,0.32682965981481454,-0.603435464144496,0.30196729179108994,1000,1.0467432947440716,218.3103329380267,0.41119957705945354,0.1638988231888385,0.7396937620482064,1.3833206907648732,0.7255016012939481,1.367984988194195,1000
968,0.0007261894850634221,392.2518881988777,0.366839500380674,0.2263371137799047,-0.4448951104640021,0.42551286818093303,-0.4428945535235498,0.4443469324936766,1000,1.250644983756433,216.24792762255473,0.41203112550421206,0.16256094016918118,0.9223586295966473,1.5628735405402123,0.9320255410248379,1.5692644264880282,1000
969,0.1721538705491623,325.9276680081107,0.7625771277173271,0.2753415507133795,-0.34601586607049456,0.7030179715596819,-0.36751556884906156,0.7118233099473862,1000,1.0532205273091817,218.26939995474024,0.905032479304455,0.19247186375978398,0.7101984259266697,1.4650602291780312,0.6759756743400052,1.4304653802783582,1000
970,0.02524213365471084,261.2793852002012,0.7659128992975356,0.3103396731269269,-0.5968396581185903,0.6358037397150341,-0.5830236256740658,0.6335078929834875,1000,1.157150211193978,183.68669570179878,0.8095421196073013,0.19775152548345598,0.7727350504198477,1.533874577207995,0.7695572212464042,1.5447432011415518,1000
971,0.07268590649016726,294.32537835109804,0.6759371626075046,0.26904397595834534,-0.4505709939579526,0.6002075770531509,-0.45464028638818954,0.6000120993685241,1000,1.1566103396099616,193.63817205427583,0.5307632870539575,0.15462602138550197,0.8632924625027312,1.4505384249067454,0.8535433376943777,1.4596773415255455,1000
972,-0.03844831413754557,312.7754374843734,0.5445953675586692,0.23203745712550347,-0.5199107567636715,0.4095209662908349,-0.49324173010353234,0.4163451018284412,1000,1.1566629217163742,197.6988923915133,0.48163167109661803,0.16163924723269335,0.8462928711309401,1.4949379218628984,0.8398499971402953,1.473475846292453,1000
973,0.12105889924726831,342.5305036966644,0.6611608699110078,0.25467147447876937,-0.3838305068928024,0.6137178890109944,-0.37809719073111964,0.6202149892256563,1000,1.0947135307872404,206.81464151327492,0.4924214108470398,0.17939642094771394,0.7681165042591741,1.4604204331717492,0.7430965457297212,1.4463305158447597,1000
974,0.2090868978356757,448.8404347253928,0.27088655419785573,0.23102985329135756,-0.26547258945136415,0.6390412072338336,-0.24373161461538512,0.6619054102867366,1000,1.0546458399522192,285.5809744357136,0.2502110458880141,0.16033386163506214,0.7168931936666458,1.349227697768594,0.7403914711474974,1.368900208756941,1000
975,0.584082192402144,372.7726176595525,0.49405653588822523,0.23935395177241992,0.10128313674423665,1.043745483061945,0.11494844692820094,1.053215937876087,1000,1.2056389302165478,288.54870390000667,0.32631829349061164,0.15957885257264312,0.9019276831829698,1.5280472582115319,0.8928643791741673,1.5184134812589283,1000
976,-0.4578796797878555,365.067787936815,0.41714576058099395,0.2121841431883771,-0.868401235168602,-0.05422040093425401,-0.8737606004370746,-0.04199875913863638,1000,0.765664053885927,190.93974978354765,0.46863936939789913,0.15956503072524963,0.45491078781546507,1.0832944467071437,0.45291659366443765,1.0784115141074162,1000
977,-0.050231959047012165,415.49432726207124,0.2912766933481355,0.21419110767537486,-0.4720456402880915,0.37118582210041196,-0.4700465300907469,0.36958261199672254,1000,0.8464893376242384,236.64530871348458,0.34241773434838224,0.14308310780857345,0.5593257318320933,1.1267086396086037,0.5660464463194345,1.1269322289290424,1000
978,-0.11002879599779458,277.10609557190196,0.8766842993271,0.29102713289963733,-0.6667561323802986,0.4279002252336122,-0.6804419764810837,0.46038438448549457,1000,1.1878345909664185,142.16527620669078,0.8615549979179926,0.19488744808288672,0.824193689936726,1.6187099119899486,0.8058551927239606,1.5698139892088765,1000
979,0.11894223435866902,339.9456845855314,0.5237067686530809,0.2759645767006897,-0.47795705824241586,0.6145683165522855,-0.42194833597468273,0.6598328046920208,1000,1.0693699346973862,204.75721555507823,0.5441180184656879,0.18789569930988465,0.6654336974395161,1.3877689808289688,0.7010943640500122,1.43764550534476,1000
980,0.03584286627051103,300.92133755164156,0.8818658186713603,0.2794230115100817,-0.4866362584705454,0.5780648386884693,-0.5118262362892491,0.5835119688302711,1000,0.8002317699095629,209.23679461718032,0.45313979820867734,0.16588010214635354,0.48902693478395876,1.1536349875642204,0.47510676970271,1.1253567701164158,1000
981,-0.353022418726205,360.77446762021583,0.4230179043817935,0.28502599194599004,-0.9086173655898481,0.21935438680582026,-0.9116733629403455,0.20562852548793553,1000,0.8399442543436861,224.81170097701562,0.40043446580294917,0.15993271288123148,0.5241094780216152,1.1457057499454475,0.5264761370964725,1.1534123715908997,1000
982,0.42464567435995804,396.1060201277452,0.3541959252763186,0.2772735191398367,-0.11121226432589579,0.9313988176324483,-0.11881042315412194,0.968101771874038,1000,1.1858135318113887,238.7757103717278,0.34911056898846543,0.16586320236451382,0.8646922659644135,1.5112814441963611,0.8607216551769417,1.5109054084458358,1000
983,0.5504929587605192,272.8734474773686,0.6508044315689218,0.32631650632233933,-0.06146948130304563,1.1849329552116838,-0.08908739363126594,1.1900733111523043,1000,1.1419052583219695,152.92369381614267,1.0363137477010482,0.24562400736458,0.7552634476911577,1.7066112397053173,0.6604822038873928,1.6233283127565463,1000
984,-0.11176375479444722,347.5599674757465,0.499653393938016,0.31437099068648694,-0.7198196770182512,0.5040746816504235,-0.7279308965399616,0.5044033869510671,1000,0.8091268598640053,227.9933637115194,0.41050932149089436,0.1893241702423359,0.43525695282776644,1.16555605509129,0.438051486189027,1.1802022335389837,1000
985,-0.12094245388624181,334.08899297536163,0.8453299052164406,0.309065659669267,-0.7745029734017014,0.41711629661199967,-0.7267111468380052,0.4848262390655216,1000,1.0407716576718506,218.32945827303254,0.4193786332937407,0.16511275397648342,0.7224331857497726,1.375168382056557,0.7171506598779431,1.3643926554657582,1000
986,-0.12609184130722895,302.81295058977196,0.6311327587986499,0.21132340971864555,-0.5454772352082757,0.2910754453940028,-0.5402857243557742,0.2881020417413163,1000,1.1460850613809876,179.61468750641743,0.4826999476968835,0.15540906796684048,0.8445112677911746,1.446957551949174,0.8414832881659804,1.450686834595995,1000
987,-0.12104714621995338,308.46360658653515,0.7282983863264846,0.3028510103890707,-0.7017398236485909,0.4908153539306266,-0.7146351265825319,0.47254083414262515,1000,1.020039851921184,139.98646751305813,0.8656180793846375,0.2514753240983415,0.5708860128705432,1.5328544282302106,0.5271482166884347,1.5129314871539332,1000
988,0.0013315780919742615,407.5234993712404,0.32637688314276014,0.24496778860639906,-0.496921593313491,0.4913250400080175,-0.4788052875765679,0.4814684437605164,1000,1.0468035373828506,239.42877279058848,0.3057380889708409,0.16696893087203862,0.7264726689804842,1.3683640092301144,0.7195444328736549,1.3740626418920463,1000
989,-0.28189805651163713,232.48470631208235,0.9678218275308806,0.3312377604135052,-0.9557153174477099,0.309680929599498,-0.9311240669221074,0.3673279538988331,1000,1.0649274875542973,167.6308924920364,1.129550583855354,0.24533542128196992,0.558659645332001,1.406642542903615,0.5840700618416363,1.5457849132669583,1000
990,0.15663136279797119,394.53529900388037,0.39066596154794303,0.23475687633182482,-0.30798207863303595,0.6084520799482734,-0.30349211481240546,0.6167548404083478,1000,1.0415299973798025,261.95416473851276,0.31470868151945963,0.1543209796627931,0.7517951720603209,1.3541944881054224,0.739060877240728,1.343999117518877,1000
991,-0.3196160609227361,403.5860006688104,0.33795237655890037,0.20173749060382315,-0.729835663789293,0.06002984240905992,-0.7150215425062294,0.07578942066075728,1000,0.9783210452693565,217.30237700555358,0.3839741382255259,0.15218411725751135,0.6751184128278674,1.2750011442252829,0.6800401754446342,1.2766019150940786,1000
992,-0.20261113661847352,369.1800723397416,0.37245593010194217,0.24741094624801296,-0.6944659248306801,0.30326497469210356,-0.687536591264579,0.2823143180276319,1000,0.8203684745648112,203.0954298903586,0.5948448704150471,0.1806365434361726,0.46599008480053694,1.1856063198142475,0.4663208494299129,1.1744160996997095,1000
993,-0.014970215824457789,434.1945197477212,0.28570445200896594,0.2506916193715735,-0.508317675188605,0.47833092497097324,-0.5063257897927419,0.4763853581438263,1000,1.0645186489584741,269.82930737698877,0.3119841541733865,0.18741333081559117,0.7012553796378861,1.4326274469092144,0.6971885205599155,1.4318487773570328,1000
994,-0.13185974442505,253.11125465698566,0.7319829453467216,0.31725881340460993,-0.7783901827616978,0.4950140868402174,-0.7536870186980854,0.4899675298479854,1000,0.8090448301398543,193.87521601847072,0.7476430438209951,0.17865692093309282,0.45126805563353156,1.1631335085905006,0.45887726511099236,1.159212395168716,1000
995,0.015345873010383926,377.0452773454324,0.38068066425037594,0.22636088032161067,-0.4234495908084809,0.4608621470303976,-0.428321452419973,0.45901319844074084,1000,0.9863133650897966,224.6141000625755,0.3871693032511189,0.15118604970380017,0.7111579031918869,1.3065391347589301,0.6899887076703483,1.282638022509245,1000
996,-0.3969860309390896,333.2885457830187,0.45714615878721854,0.2838183279305421,-0.9392399173744811,0.17988922723479947,-0.9532699536829521,0.15929789180477294,1000,0.8775159009246458,209.69251640248083,0.5554555226917675,0.21221106465755185,0.5408972105295833,1.3546232295477636,0.4615822141958442,1.2934495876534475,1000
997,0.29761150760055344,322.9271674351873,0.6682973965789378,0.23981586966393945,-0.1524325367861032,0.7410721496665277,-0.17242759694076787,0.7676506121418747,1000,1.0650261823172724,229.47792369638657,0.4852272834619578,0.1661137334721359,0.7468816819989538,1.3906153680614481,0.739443264711886,1.3906090999226588,1000
998,-0.26250756306079914,358.459807582758,0.40059177750139696,0.2640514867102203,-0.7591479878686564,0.2503403970592388,-0.7800484770128309,0.2550333508912326,1000,0.7271628061829176,258.1573274892215,0.43157595591542847,0.19475161699651505,0.33216848951751904,1.080351450272103,0.3454496368697481,1.108875975496087,1000
999,-0.5378638570276211,301.4428886821506,0.5906433493678235,0.2969473771326929,-1.093477255758168,0.025347647167911293,-1.1198807162076991,0.0441530021524571,1000,1.0450155144447097,192.5281365358362,0.5513310151204142,0.19536455813853876,0.6410452754940839,1.4233418617750833,0.6621009804931738,1.4279300483962456,1000
