trial,linear_estimate,linear_ess,linear_max_weight,linear_boot_se,linear_ci_lower,linear_ci_upper,linear_normal_lower,linear_normal_upper,linear_boot_n,quad_estimate,quad_ess,quad_max_weight,quad_boot_se,quad_ci_lower,quad_ci_upper,quad_normal_lower,quad_normal_upper,quad_boot_n
0,1.5480897887383271,1.5749249018311242,74.3635937679358,1.1225190047248572,-1.432740319350756,2.6510345584018045,-0.6520474605223932,3.7482270379990474,1000,0.9804238467308541,3.1006459649009392,19.47217242725268,1.024114144305628,-0.8607375106363547,2.9419871420394363,-1.0268398761081767,2.987687569569885,1000
1,0.17548872416100947,1.057729428267209,449.18961190394657,0.9187572826708149,-0.4308687885532247,3.116329512315852,-1.6252755498737876,1.9762529981958066,1000,0.5192485355337575,2.2682104494158133,29.499183648001484,0.8542662177308349,-0.7064833710541775,2.51089675876108,-1.1551132512186788,2.193610322286194,1000
2,-1.1844256616241648,2.5523920680381216,44.35504261302863,1.3337709560243756,-2.6154615468861167,1.681618112192125,-3.798616735431941,1.4297654121836114,1000,-0.6211319047313153,3.8740803304246723,19.192516895598715,0.9596863045124762,-2.006001261374395,1.4623607560900618,-2.5021170615757686,1.259853252113138,1000
3,2.447586170833998,1.211781127250336,173.8660731850161,0.6557785369601703,0.5554199473503789,3.4252502941641776,1.1622602383920642,3.7329121032759316,1000,2.322633950733601,2.4706239841783617,28.7883514742249,0.6696120805911647,0.44143780128218907,3.181951451752235,1.010194272774918,3.635073628692284,1000
4,-1.1033336001732272,1.6797249132731134,35.94194415841218,1.0894043791909664,-1.7857894730803658,1.8233818284598355,-3.2385661833875212,1.0318989830410668,1000,-0.6146309118188209,2.7884458675892043,13.907033322158886,0.8998757599367018,-1.591676210089864,1.6923840743491083,-2.3783874012947566,1.1491255776571145,1000
5,1.2261831292650924,1.2896619445916373,666.7379577065708,0.6044355329148805,0.48892576389637404,2.6167853207458744,0.04148948475192671,2.4108767737782584,1000,2.114394959191176,1.1420322551789193,109.17700556174292,0.7465962179731969,0.21929809347050083,3.721428570615733,0.6510663719637104,3.5777235464186417,1000
6,0.4322294648519822,3.417440061425686,9.756387364775284,0.9660095938886819,-0.7590738674696513,3.026221266834106,-1.4611493391698342,2.3256082688737987,1000,0.41024902019940535,3.629733558502183,8.408646075150603,0.8912768268783907,-0.812627505443406,2.641036417976223,-1.3366535604822405,2.1571516008810514,1000
7,1.091793503627418,5.634499542014024,13.63872775010038,0.4820376445566945,0.15963035828178584,2.111857356332149,0.14699972029629682,2.036587286958539,1000,1.0312910411355203,7.480996606421185,7.441586588492255,0.5205916817093335,0.14787707535058633,2.191224876699444,0.010931344985226632,2.051650737285814,1000
8,1.6019117631544986,4.497326504042704,23.104130659210504,0.4977805779235016,0.6198433705482919,2.585867966740208,0.6262618304244354,2.5775616958845617,1000,1.3215127306315018,7.186822251822232,6.948783570439372,0.4856376913453022,0.4136277419556703,2.2795715088298723,0.36966285559470946,2.273362605668294,1000
9,2.2614404771801278,3.6877038156061115,7.741824138768153,0.4667809684744826,1.5098037494275678,3.306868084812798,1.346549778970142,3.1763311753901133,1000,2.0220287608216205,3.175988796803509,6.255202361170891,0.5595277016570236,0.42211544517594657,2.928881679433422,0.9253544655738544,3.1187030560693865,1000
10,1.5948526096622169,3.9493772185534843,9.465316544393335,0.4871739654925114,0.8375640694180928,2.511733245343623,0.6399916372968946,2.549713582027539,1000,1.6071671587928429,3.899941596782343,9.267715979080146,0.5519682183820883,0.5353519882163733,2.473467476878879,0.5253094507639497,2.689024866821736,1000
11,1.0164376090008846,2.1932117232832757,60.47118925214985,1.2036513059136622,-0.056971086674424125,4.099705475844839,-1.342718950589893,3.3755941685916624,1000,1.440668698454953,3.1814949956585856,27.81337015091901,0.9674804554562744,0.3596347949638674,3.8476476631879923,-0.45559299423934463,3.3369303911492505,1000
12,0.9553547972271772,1.4919953818778888,130.77201360236597,0.5640370922148619,0.4765701792373119,2.539009725651278,-0.15015790351395197,2.0608674979683066,1000,1.5551898136569133,3.2955357847930413,24.41695938295109,0.5226102030558663,0.7902479879673863,2.7472334413116837,0.5308738156674155,2.579505811646411,1000
13,-0.33355202949625284,1.7481910309052597,71.07457699581471,0.5997900350123626,-0.8651342039015241,1.3702067374759437,-1.5091404981204835,0.8420364391279778,1000,-0.32998186900248716,2.002739946285646,40.79307107794724,0.5438915479808865,-0.8930138894591025,1.1908919671061031,-1.3960093030450247,0.7360455650400504,1000
14,1.688336037360577,5.361098305050111,24.606449653562972,0.5121598243050659,0.7196896647526573,2.7129295172918297,0.6845027817226477,2.692169292998506,1000,1.043949708307278,4.48529768095592,21.972614175622653,0.6074154892589255,0.2936481445697031,2.7675369755163475,-0.14658465064021597,2.2344840672547717,1000
15,0.7635913553391993,3.6654525126276583,25.47368454491728,0.7027346480917199,-0.5222552906131482,2.006064498225382,-0.6137685549205718,2.1409512655989706,1000,0.8562107928124318,4.945989771345088,15.724382986980544,0.5784750598470875,-0.12686036320845223,2.0366562478109294,-0.27760032448785954,1.9900219101127232,1000
16,1.3386948352739139,2.934866832523676,21.431458155651548,0.4985717213644766,0.47225070950013004,2.38956814640502,0.3614942613995398,2.315895409148288,1000,1.3811070715121576,3.262085071200706,15.880790508242503,0.49849935932029626,0.5475180601171593,2.4530657838617955,0.404048327244377,2.3581658157799383,1000
17,2.975923465790373,2.013638588811333,31.04553496387251,0.4317660144147576,2.153964083306357,3.7950134570305365,2.129662077537448,3.8221848540432974,1000,3.0891538431968053,2.6370701727372357,14.354174327828424,0.4978500017755767,2.169470195915874,4.0436420594715825,2.113367839716675,4.0649398466769355,1000
18,2.7303039836252823,1.460615861234678,80.34330638782315,0.5050011810892888,2.0326843984992693,3.9244261302649526,1.7405016686902761,3.7201062985602884,1000,3.4172751328914233,7.938523305763767,4.2992192332122565,0.5321197617720623,2.4418376875277508,4.486380289708573,2.374320399818181,4.460229865964665,1000
19,2.320652062179817,4.36396805948106,16.404751221857865,0.6139029946526708,0.87334315179002,3.3046342513867453,1.117402192660582,3.5239019316990516,1000,1.5782127830104726,4.231057709872658,13.771897414058147,0.5853350080095068,0.06225824650922529,2.5100726074467308,0.4309561673118394,2.725469398709106,1000
20,2.1071264337329465,3.687580964719769,21.211255811649774,0.8205928459236718,0.18747196731353533,3.112648686766524,0.4987644557225499,3.715488411743343,1000,1.8773849846610884,4.428161951825505,13.546694453045633,0.7663209551842343,-0.14653800850675208,2.6941168817456265,0.37539591249998927,3.3793740568221873,1000
21,1.912382243815136,3.720174717815445,9.295900262210006,0.8330271861941206,0.7325605891185051,3.8851857482042873,0.2796489588746598,3.5451155287556126,1000,2.115052936040915,4.189290551930982,3.6464682060703337,0.873014060223608,0.12091268881480882,3.645884747994362,0.4039453780026434,3.8261604940791862,1000
22,1.4112462300115356,6.235780390483515,12.187295402668443,0.522083283538311,0.26325823399619747,2.3102209422536277,0.387962994276446,2.434529465746625,1000,1.5957443935319526,5.273016097497689,14.791338645111828,0.5391016336472286,0.22320913154213132,2.4239855008243927,0.5391051915833844,2.652383595480521,1000
23,1.5997578662646528,1.8693271565279457,27.133962238239896,0.5400504745377631,1.0881895382239102,3.1296392759860594,0.541258936170637,2.6582567963586685,1000,1.5575301457732698,2.1814440009059783,16.665949260690027,0.5941168532051372,0.164491668678182,2.7848449862512643,0.393061113491201,2.7219991780553388,1000
24,0.6509411189571661,1.1510599057359754,190.37070349247256,0.6421137399830026,0.09586773079179313,2.5911910355509216,-0.607601811409519,1.9094840493238512,1000,0.9020816761757942,1.970648905445886,25.16080028408624,0.6874899975017283,0.04606025784818706,2.843222203400944,-0.4453987189275934,2.2495620712791817,1000
25,1.9025456639831175,4.848864809332849,15.639845265930358,0.4769066387670637,0.9197295759190346,2.809795484485588,0.9678086519996727,2.8372826759665624,1000,1.7668102836394648,7.815090900286126,7.974202468275756,0.5484226282463218,0.7562463203063259,2.96765620794548,0.691901932276674,2.8417186350022554,1000
26,0.2593865730683722,3.6254744994292016,13.354889349850366,0.6547366395577023,-0.747128206129344,2.037123558640539,-1.0238972404647244,1.5426703866014688,1000,0.29421988017395684,4.140026849276643,11.221074848954638,0.5310380896209502,-0.5642399319939839,1.6966176950696201,-0.7466147754831056,1.3350545358310193,1000
27,3.480629639539332,1.6950058586687042,57.159170687229285,0.8340034610545096,0.9320285346544048,4.053049839141607,1.8459828558724933,5.115276423206171,1000,2.30548924125913,7.562422029319992,6.764998782768752,0.9907369958319749,-0.1368516396067513,3.7153051804951094,0.36364472942845927,4.247333753089801,1000
28,1.2099375494464206,4.158263352297345,14.39706967607424,0.26839975054380955,0.6757478079524815,1.7868761360553715,0.6838740383805539,1.7360010605122873,1000,1.1994075468960599,4.618034671039679,12.22781228565347,0.30177363272712276,0.5692814401111954,1.7630356761388122,0.6079312267508993,1.7908838670412206,1000
29,2.595661255131115,3.2182922914192345,32.97348277490021,0.4635462463927374,1.8578799429838964,3.76135501619234,1.6871106122013497,3.5042118980608805,1000,2.607341392828665,2.829632490768928,23.176233945137277,0.5024055136900176,1.8135037610084412,3.7971791303773395,1.6226265859962306,3.5920561996610996,1000
30,-0.9213236238828344,2.1141115551378253,73.2662740448609,1.4744908024563144,-2.1837954525765095,2.7673232349804224,-3.8113255966972104,1.9686783489315416,1000,0.7944699046764869,4.052488031168442,23.668342660698826,0.887229839036835,-0.6637437000719679,3.1121056684724957,-0.9445005798357098,2.5334403891886836,1000
31,1.7642248705517554,5.904664232588618,9.292816151353119,0.527356957081453,0.8231817709282835,2.9632601687723827,0.7306052346721075,2.797844506431403,1000,1.7231579784586033,2.8168442978629527,18.940785632448357,0.6151507826803582,0.7374187008720932,3.3098802221581907,0.5174624444051013,2.9288535125121054,1000
32,2.1659454017729582,3.735526806265737,20.513471389828652,0.5145243313892003,1.0850831855089846,3.1278427086855802,1.1574777122501256,3.174413091295791,1000,1.9481223505589642,4.620465035208676,11.681444771742346,0.5931011890565103,0.7731342380225709,3.120849666616394,0.785644020008204,3.1106006811097244,1000
33,1.1138486514519195,2.2327517199621494,47.64109738241113,0.6730594614988215,-0.4110198675426771,2.35586146013952,-0.20534789308577062,2.4330451959896093,1000,1.3716678557769133,3.415928760693267,14.769254495342349,0.7076046149333524,-0.38109273372037944,2.4359708008465892,-0.015237189492457226,2.758572901046284,1000
34,1.1710881319496869,2.2425281151931817,81.50734851547904,0.8441006037986295,0.11203001713105183,3.7844475933716497,-0.4833490514956269,2.8255253153950006,1000,0.9012836960601436,2.7029694411279257,37.994365518730575,0.7653527227321969,0.07100124376907183,3.0309942807623376,-0.5988076404949623,2.4013750326152494,1000
35,3.0235094025898115,2.460283872842843,14.61611860243152,0.519778571946144,1.6551563025581209,3.8203469074916945,2.0047434015753693,4.042275403604254,1000,3.2094570997526612,3.2455129565948266,9.676968428602827,0.7422301566247155,1.2411058864352302,4.507505011893441,1.754685992768219,4.6642282067371035,1000
36,1.5111871668282848,2.6512369661435353,31.724917120473833,0.6936342213400305,-0.11375007241628704,2.4181819875491404,0.15166409300182515,2.8707102406547444,1000,1.3753070052657717,3.9175220063492,15.105813795939829,0.6448805941719357,-0.025619842200527463,2.393756867532438,0.11134104068877781,2.6392729698427653,1000
37,1.2680212667206614,3.793108121450709,16.310576155800597,0.4533995058742357,0.3792928710647125,2.2761865546853244,0.3793582352071594,2.1566842982341634,1000,1.3181469998854887,4.875487804726778,9.971729366917897,0.44978059295974454,0.4208900579206037,2.2871624766802063,0.4365770376843894,2.1997169620865877,1000
38,2.6338817311390903,4.14080032531478,15.016886705872786,0.7799036140220436,0.8275573922080653,4.061894231385301,1.105270647655885,4.162492814622295,1000,1.6563578441649358,4.779653117578145,11.338391999447472,0.9656986324391535,0.17476690047008409,4.006368560179689,-0.2364114754158051,3.549127163745677,1000
39,1.7243997636879138,2.4783415087200757,23.22064744654317,0.5860891805650364,0.0653370586528532,2.3958299630710713,0.5756649697804423,2.8731345575953853,1000,1.877070489155249,2.29201871208672,15.209497073239895,0.650263316766002,-0.03630286663381767,2.5419104106578367,0.6025543882938851,3.151586590016613,1000
40,1.6101557699990066,3.2733133860089576,46.97602641823453,0.7750943680090008,-0.0630940706523609,2.993430996035127,0.09097080870136498,3.129340731296648,1000,0.38855378084160774,3.348085866876481,22.28089883898602,0.9466176989020466,-0.8789125681657299,2.6426170041840398,-1.4668169090064036,2.243924470689619,1000
41,0.6720995969656571,1.5626244886251028,57.64902228014061,0.5025853785445954,0.10986908857393228,1.9748249320010454,-0.31296774498174984,1.657166938913064,1000,1.10674166788933,2.34180218654485,26.010039462812433,0.7050263368367139,0.2936673620633976,2.9573826308339592,-0.27510995231062907,2.488593288089289,1000
42,3.097273410929621,1.052641638051637,738.3018148840871,1.3865553371066388,-0.443020136548787,3.452543064484403,0.37962495020060905,5.814921871658633,1000,-0.06812730182906868,1.2063478636323826,66.82685761031205,0.8942304173722893,-0.5983068356052224,2.177055693916323,-1.8208189198787557,1.6845643162206183,1000
43,1.381368066114009,6.628510413154162,5.6981250727000194,0.42146485844578363,0.5106281521007937,2.173353234023549,0.5552969435602731,2.207439188667745,1000,1.866071866786592,4.707313523732316,10.229734437308897,0.5671000420811876,0.5271341790612868,2.7028748940199647,0.7545557843074644,2.97758794926572,1000
44,1.342800866743701,3.043731648277086,34.58724482953191,0.3607514939980159,0.5934454580363479,1.9943728540970722,0.6357279385075898,2.0498737949798125,1000,1.2427164786936893,5.32338391213316,12.047660541470675,0.35323148887562805,0.5228333266575684,1.9385100434719098,0.5503827604974583,1.9350501968899203,1000
45,0.12030843876246755,4.549021344755439,8.135796851358215,1.5418476794003018,-2.303155266150605,3.0872969886072466,-2.901713012862124,3.1423298903870593,1000,-0.5816527868645589,3.322888285707487,12.369232379338253,1.4261030659949872,-1.692922255686241,3.2942879690912865,-3.3768147962147337,2.213509222485616,1000
46,1.7356890118686668,5.352562906023356,1.8827707598504284,0.43306909764275203,0.839607892812175,2.5143767041174736,0.8868735804888728,2.584504443248461,1000,1.736504049203994,5.6214871702048965,1.4963281594762927,0.5768026089210696,-0.002301437028890156,2.4891047935982225,0.6059709357186975,2.8670371626892903,1000
47,1.5923428550259775,5.103182898814153,13.063132175228173,0.4731071715670575,0.801929042941342,2.685952068987534,0.6650527987545448,2.51963291129741,1000,1.178248945100314,7.217108354706334,7.522876974686332,0.7028962908171514,-0.5858980873181824,2.5146355892713954,-0.19942778490130286,2.555925675101931,1000
48,2.081326152096544,5.642937209309896,8.021014869236716,0.56570989093258,0.9781163212176783,3.199603793225473,0.9725347658686874,3.190117538324401,1000,1.9778100900621651,5.371547344219406,10.46823809554001,0.5796792170202503,0.9942630539732062,3.2958768072862212,0.8416388247024746,3.1139813554218554,1000
49,1.5510705332646668,1.1895590987154683,236.63935876049783,0.49048343329746413,-0.11731436011080856,1.9338483101665178,0.5897230040016371,2.5124180625276966,1000,1.097910182327106,2.6572968954884275,22.906752986396583,0.5665159533116781,-0.6979665748301218,1.8955103853811475,-0.012461086163783053,2.208281450817995,1000
50,2.1689921641862018,2.9808512954089887,25.920580513351556,0.667270242299905,0.6399559546282999,3.0813529297661595,0.8611424892783881,3.4768418390940155,1000,2.1945260748715376,2.8566343031518846,24.68927044667234,0.6294933436840081,0.6543417167684727,3.012047946037417,0.9607191212508817,3.428333028492194,1000
51,1.4281864212572413,5.56990071413118,9.58852126180896,0.44033585044184226,0.4293177957214812,2.137412420530644,0.5651281543912304,2.291244688123252,1000,1.3014836900098974,6.386926122048971,7.154721738793905,0.41817795417225817,0.4494244044231458,2.0517891104409514,0.48185489983227137,2.1211124801875236,1000
52,1.3259359381381473,4.0188145163990985,10.809895384637754,0.6948587305901232,0.19803787779899798,2.860881386567102,-0.035987173818494034,2.6878590500947883,1000,1.059791335774272,3.6598793788309987,11.732177470737073,0.6214491984247043,0.08197796848935324,2.406964741523014,-0.15824909313814817,2.2778317646866926,1000
53,1.6568362932469012,2.6553586699401874,23.85416697754216,0.594035336851781,0.26242662029607217,2.9639136830608197,0.4925270330174105,2.821145553476392,1000,1.3564921216193808,2.254238249029343,38.23201844328939,0.8345829631082956,-0.24843437261814105,3.2724902030285943,-0.27929048607287843,2.99227472931164,1000
54,0.999931288787163,2.9314369705452465,34.46518337090982,0.7339381590414694,0.2369557208259358,2.930028628365524,-0.4385875029341171,2.438450080508443,1000,1.3958767986081875,4.861495973896534,14.84947335445646,0.6686406827418389,0.44671541991778274,3.0529519583103966,0.08534106043418332,2.7064125367821914,1000
55,2.1402233432168862,5.44335096403255,6.474618596883995,0.35137100051883596,1.4841108581694722,2.829234191969757,1.4515361821999677,2.8289105042338045,1000,2.372590388295305,5.44076867729431,3.01009130472091,0.6350521091085645,0.689184289241271,3.4682735066498265,1.1278882544425186,3.6172925221480914,1000
56,1.9822613036951473,5.540686304325766,12.974633262595828,0.8687416984878105,0.47437496894617825,3.7856076163065597,0.2795275746590389,3.6849950327312557,1000,1.7864235870837715,6.70910926562893,8.6069802027733,0.8075058306870639,0.35307762205194193,3.617603861528072,0.20371215893712624,3.369135015230417,1000
57,1.3305649506518256,5.409410452563071,13.755142347599648,0.6971336927464065,0.24060519890688323,3.1710946655402363,-0.03581708713113119,2.6969469884347825,1000,1.6318525380222137,6.049448311290325,10.607536206046262,0.5937386512963385,0.5339571409878121,2.869430422195986,0.46812478148139025,2.7955802945630372,1000
58,2.0641153799220704,3.074621606853489,17.693579662467954,0.49462368611560675,0.6192144785113531,2.6920244955264954,1.0946529551354813,3.0335778047086595,1000,1.96487273141926,3.9715008147478064,10.04588858085127,0.4460036967621773,0.9324913655392552,2.72997935512153,1.0907054857653926,2.8390399770731274,1000
59,3.794590615088226,1.5775049940789296,39.62124211045236,0.7719943590393765,1.9178067489161612,4.472106644100584,2.281481671371048,5.307699558805404,1000,3.305064705905923,2.8883075329187937,9.32175201307986,0.8364797866198141,0.7049962590070967,4.283888284161109,1.6655643241310871,4.9445650876807585,1000
60,-0.12506472970271743,3.5875170322546044,33.896925881778024,1.0257086910910886,-1.5803379245180644,2.6415997441596817,-2.135453764241251,1.8853243048358164,1000,0.8030048592981094,5.24996201028207,17.82485917732308,0.6804323207219479,-0.0685653727805163,2.72533253522395,-0.5306424893169086,2.1366522079131274,1000
61,2.3969428456117856,2.272345133300074,25.948677271593816,0.8085471635834558,0.2925354152146638,3.0430289588774584,0.8121904049882123,3.981695286235359,1000,1.7952196711383275,2.9605463513004375,15.36074315996913,1.0032568702823186,-0.7256755399499956,2.888497030734426,-0.17116379461501685,3.761603136891672,1000
62,0.058518818368602954,1.6021046568533932,53.342192877336984,0.6878212617128208,-0.49333344544967067,1.9910343187798316,-1.2896108545885256,1.4066484913257316,1000,0.0630681900909027,1.6054382029360608,26.640664170406936,0.7691328846974446,-0.6490261095072778,2.63511740626552,-1.4444322639160887,1.570568644097894,1000
63,0.2522865843294393,1.0418643493701523,226.19673216342457,1.0411022402324017,-0.26624367490084944,2.957253567274215,-1.788273806526068,2.2928469751849465,1000,0.2986220757890443,1.1021580647514662,74.7370514468773,0.9280715078092855,-0.25313337569904315,2.904135548355239,-1.5203980795171552,2.117642231095244,1000
64,1.1335081044821145,5.177279910326435,16.798859296511267,0.3800685311324884,0.4299264731341345,1.8788295476423738,0.3885737834624372,1.8784424255017917,1000,1.3903644141552969,6.7860805649456095,10.596467114307556,0.4483949050030396,0.5765233973920061,2.3815742926526844,0.5115104003493394,2.2692184279612544,1000
65,-0.24083458144526215,1.1163295575893826,189.8870788054824,0.6493071680876444,-0.7472623542454061,1.5391714625545212,-1.5134766308970453,1.031807468006521,1000,-0.14940664282332516,1.3231963062531569,79.53665267610582,0.5954572851134026,-0.6609093340710497,1.5487544252504606,-1.3165029216455941,1.0176896359989438,1000
66,1.1756209672766635,1.4069776983781974,56.217538101751416,0.6915424431324827,0.6054678905752358,3.176304912007115,-0.1798022212630026,2.5310441558163297,1000,1.453445146569299,2.371708348790995,20.43952521651435,0.66902151463057,0.6086042850302399,3.2208449113046984,0.14216297789338173,2.7647273152452163,1000
67,1.5127750208981352,4.2771927573103055,11.73266794581201,0.6449313453354876,0.2738530270773234,2.942392518541344,0.24870958404057952,2.776840457755691,1000,1.5531443479089493,5.341189932249503,7.1397649821754925,0.7232655789541894,-0.052710029654620225,3.013648817615098,0.1355438131587381,2.9707448826591607,1000
68,1.0586346890137748,2.6402686894014384,10.067311172626619,0.6951441948515875,0.3031727795020869,3.183175436104389,-0.30384793289533674,2.4211173109228863,1000,1.617502017083587,3.0519543302319376,5.6911380717349385,0.9261723021658165,-0.030929573897996387,3.6405373973836825,-0.19779569516141327,3.432799729328587,1000
69,2.4846932239654844,10.648159037008323,9.339327093870736,0.5311356408200792,1.470643743008423,3.536947354256926,1.443667367958129,3.5257190799728395,1000,2.186896301714634,14.894985006976707,3.7111230364122263,0.5068050089443035,1.127917543408143,3.0942047398892893,1.1935584841837992,3.180234119245469,1000
70,1.5249941915817886,1.088744963886994,209.51675852121718,0.8691950233835226,0.8946743203765851,3.663695908026727,-0.17862805424991568,3.2286164374134927,1000,1.8998868719338513,2.0712913810733564,17.59545255392501,0.7711185410128869,0.3633692649036749,3.537977115651541,0.38849453154859304,3.4112792123191094,1000
71,3.4228575933218917,2.1942409567676266,9.805148007171258,0.6801654520008359,1.728259287986501,4.067047103582003,2.0897333074002535,4.75598187924353,1000,3.61499740262187,1.5785612817625203,16.486462637609204,1.1124813017443265,-0.12849489205435913,4.181336357595113,1.43453405120299,5.79546075404075,1000
72,2.1875618801034653,1.916647121662956,70.78192204600968,0.6098650855464786,0.7155945262853369,3.017149638246904,0.9922263124323674,3.382897447774563,1000,1.9073766994005603,3.8929260812019684,18.894534401951677,0.5874640452793155,0.7219419604878661,2.9560019475952295,0.755947170653102,3.0588062281480184,1000
73,0.5691782087468165,2.8381235656393557,17.045568323076335,0.4744388363558739,-0.3546346321955681,1.5614643840946414,-0.36072191051069635,1.4990783280043294,1000,0.5235875191291255,2.980050915357258,16.171569385502,0.47404995091945795,-0.4354841337208132,1.456496360188694,-0.4055503846730121,1.452725422931263,1000
74,2.597559425746457,1.0069425896365447,2072.0715720118365,0.7125261829788724,0.692887504026749,3.1957959120293076,1.2010081071078673,3.994110744385047,1000,1.4067210595461368,3.55058426373156,5.789455796819236,0.5829848447497029,0.4563032267629747,2.6617250963860295,0.264070763836719,2.5493713552555546,1000
75,1.5565957006987157,4.601972158183672,14.92473293359336,0.48149941118334677,0.6967407531324133,2.6326094536627003,0.612856854779356,2.5003345466180753,1000,1.292553655219928,5.583197408878611,9.581548541934987,0.5789785746943249,0.35924357364269405,2.7139263122710737,0.15775564881905124,2.4273516616208046,1000
76,2.6588819443947616,1.813879901027454,20.438136846508463,0.9655795101361896,0.3339600934078134,3.5400913369875355,0.7663461045278299,4.551417784261693,1000,2.7184398066092585,2.0016638576015255,16.135974004582614,1.0684034756237857,0.034807860908666666,3.574903969485749,0.6243689943866388,4.812510618831878,1000
77,0.3048178643327848,5.203550227847399,11.227631512072632,1.2639904091287102,-1.6394132328426732,2.8254287976557473,-2.172603337559487,2.7822390662250567,1000,0.5848591124084364,6.181698385256849,8.999639109319622,1.0690998170745363,-0.8501413779526622,2.9492348124537777,-1.5105765290576547,2.680294753874527,1000
78,2.120812906538314,1.829357170838912,61.65327448808887,0.5326961990152003,0.8672309795134405,3.0219303634961383,1.0767283564685217,3.1648974566081067,1000,1.4626419594565125,2.346571349539985,28.96526180451036,0.7041826229278992,0.5333224632748674,3.269604691713172,0.08244401851783012,2.842839900395195,1000
79,1.5479108856772483,1.6951848548051232,26.827281596808916,0.3900653356454085,0.531986204484058,2.0749565361745566,0.7833828278122477,2.312438943542249,1000,1.6081914136267432,2.172144094026194,9.764734489885646,0.43313914414871907,0.39648899701875234,2.267147762123254,0.7592386910952539,2.4571441361582327,1000
80,2.00408965975759,3.57982766122511,11.872482525264163,0.6311848409161619,0.5341610829666035,3.072537323535606,0.7669673715619125,3.2412119479532673,1000,2.0538935112973973,4.108117383143824,9.482451180087843,0.8189527748252263,0.47059892040503915,4.0410911047102385,0.4487460726399537,3.659040949954841,1000
81,1.7661931669016284,1.1753288671287165,535.0132625944425,1.1243311031058334,-1.900100755231706,2.239227481844074,-0.43749579518580495,3.969882128989062,1000,-0.21833710192563838,4.51006751455368,20.842029824307918,0.8356537151757523,-2.177016234832546,1.103367194600064,-1.8562183836701127,1.419544179818836,1000
82,2.1955069860440606,5.511277405159581,20.266670975645926,0.5791129818480956,0.8071185851943511,3.1390951825974,1.0604455416217933,3.330568430466328,1000,1.7852279659956078,6.757040975653409,12.830438894315696,0.6043584160189065,0.8279043725699998,3.0875941168431473,0.6006854705985512,2.9697704613926645,1000
83,0.7611029855397511,1.2345486212592092,87.88411973212108,0.4691938013381307,0.23132921780998553,2.013273573806435,-0.15851686508298513,1.6807228361624873,1000,1.0028723860043567,1.8610511167929364,27.70757742920132,0.5866524194205714,0.30073496992427823,2.6270785807257013,-0.14696635605996322,2.1527111280686766,1000
84,1.2702924347144713,7.588270427025974,4.9567556330390445,0.6775683945566019,-0.19309948733311671,2.5020255348290052,-0.057741618616468315,2.598326488045411,1000,1.0908466169576023,7.660572435992682,4.295553716403526,0.7970303835190743,-0.8531571969975817,2.355338119305956,-0.4713329347397832,2.653026168654988,1000
85,1.0253595313832875,1.7506377720489583,111.41690824099861,0.7336330847184526,-0.7393728335585106,2.3404193912747395,-0.41256131466487944,2.4632803774314542,1000,1.254469096036452,2.691181021950246,23.176254292673278,0.7173824489624837,-0.7241557316997336,2.1229108256348788,-0.15160050393001612,2.66053869600292,1000
86,1.223449412353733,2.7542504641652776,29.770136970484632,0.4627221971674057,0.5998601183880964,2.2777582979876274,0.3165139059056178,2.130384918801848,1000,0.5519396579805818,5.21213567505776,12.806736572286786,0.9211313739770316,-1.1749579645183155,2.3714094689206084,-1.2534778350144002,2.357357150975564,1000
87,0.7505102250510278,2.0913698262981977,118.68419710777326,0.8051575259190152,-0.6392374131597709,2.370602544476395,-0.8275985257502421,2.3286189758522977,1000,1.14631500903836,1.5096060585451203,83.01891944245439,0.7169559444286481,-0.5631480088534563,2.0806650548873455,-0.25891864204179016,2.5515486601185104,1000
88,1.098746838838404,5.448253142411272,17.983727070325187,0.3841697514049387,0.3710896948383116,1.8839978113562301,0.34577412608472424,1.851719551592084,1000,0.6816815729168706,3.164310555249799,37.57147837561189,0.4722542780135322,0.24907083987758488,2.01877014217302,-0.24393681198965256,1.6072999578233937,1000
89,0.9560616279318176,6.698063836536209,5.2463509736170675,0.7036630527969954,-0.45727909755161483,2.278877656225808,-0.4231179555502934,2.3352412114139285,1000,1.005739818531453,6.342617896600059,5.436638303100754,0.6970880731546005,-0.6093102328509391,2.0826361112578726,-0.36055280485156405,2.3720324419144703,1000
90,1.9038392252352456,5.276160149937897,6.922198619504706,1.2363084030305134,-0.5895034698064635,4.107522360087653,-0.5193252447045604,4.327003695175051,1000,1.004948871285359,3.890965864472756,11.992278841724517,1.1624199658994556,-0.8225058015638705,3.6834957191156414,-1.2733942618775742,3.283292004448292,1000
91,2.6153760881430728,4.780995489670705,6.7334272610959784,0.7168480696887234,1.5274826595436588,4.396702009103012,1.210353871553175,4.0203983047329706,1000,3.7588956319762175,4.043043438249037,6.243413535713716,1.3024088797461755,0.6023031092121363,5.812144508592127,1.2061742276737135,6.311617036278721,1000
92,0.7424407161598492,3.0780324133542054,26.3937646100587,0.8038636951193754,-0.2768137621436378,2.3734747151980446,-0.8331321262741265,2.318013558593825,1000,1.0862508294980895,4.2237324517081785,11.895597751673677,0.7378502978136194,-0.06694513424186394,2.4956775795296244,-0.3599357542166046,2.532437413212784,1000
93,2.176947091585774,1.307761879428787,111.01284247392283,0.3472130444847371,1.5744163255850636,2.895389688584919,1.496409524395689,2.8574846587758587,1000,2.22351310708793,2.1910815226261655,37.827791484326255,0.3893250452715439,1.6160667117222116,2.963876640501763,1.4604360183557041,2.986590195820156,1000
94,1.9825584101548022,5.866096528225177,10.60847885636416,1.1315060089589428,-0.5229921894687718,3.723144352340866,-0.23519336740472552,4.200310187714329,1000,0.3578965294758685,4.58480124816556,11.2705996352417,1.2713325699394558,-1.292128163120723,3.4264831479266467,-2.1339153076054647,2.849708366557202,1000
95,2.801028231659973,3.5386869912608043,18.782821402050796,0.4358095918631999,2.010708311637279,3.737080217480148,1.9468414316081013,3.655215031711845,1000,2.9091856910408564,3.771547980560145,16.83993685936589,0.512242423128724,1.8157730005838084,3.756354003963146,1.9051905417085573,3.9131808403731556,1000
96,0.5633979753366325,2.7619936934264615,16.707395691869646,0.7895649849178665,-0.3891318881573191,2.7554028123242014,-0.9841493951023859,2.110945345775651,1000,1.0083540585260746,3.67684143456809,7.117301645830826,0.9279096216484993,-0.31055728550935496,3.3669960756767425,-0.8103487999049841,2.827056916957133,1000
97,1.035864749246821,1.0345468383214658,1080.7790400347706,0.5695537268082597,-0.4100577238982564,1.563000244061727,-0.08046055529736806,2.15219005379101,1000,0.21294734468144072,2.596164283665091,21.323350763519823,0.43448457150381825,-0.5988374149795962,1.0971706803608665,-0.6386424154660431,1.0645371048289245,1000
98,2.407710521883785,2.462685090269564,19.145578543523058,0.6465620695083827,0.42841193549870193,3.5367027525628116,1.1404488656473548,3.674972178120215,1000,2.5752323445365515,3.0016810712525097,13.80586344956276,0.8028781109323343,0.005178540734572244,3.780638049095177,1.0015912471091764,4.148873441963927,1000
99,2.0973060696249357,2.3411505888436865,83.97649844128222,0.6187982454503091,0.14028483174885586,2.8246358222033128,0.8844615085423297,3.3101506307075415,1000,1.1655096536955913,5.220664728084109,10.958470241580736,0.9456274593860226,-0.9982518724984671,2.750434164556334,-0.6879201667010129,3.0189394740921953,1000
100,1.6656851722673982,4.485454877492473,15.559326657201671,0.41666882436769026,0.7438388219455317,2.4528686060195737,0.8490142765067253,2.482356068028071,1000,1.5928032627385502,4.962469244555388,11.932944838419761,0.43992505349169214,0.7138652457851719,2.4834399727286263,0.7305501578948337,2.4550563675822668,1000
101,1.0596174754358014,2.6665360752815315,50.85568008015168,0.6415051013819639,0.19857365641298927,2.628955003460024,-0.19773252327284774,2.316967474144451,1000,1.1077360183153933,2.3294048509096097,56.327809052309554,0.6755103543495814,0.184011596551213,2.816226401179111,-0.21626427620978617,2.431736312840573,1000
102,1.0771048412460584,1.2492794131384355,116.75747013016152,0.6343345261295195,0.05866056557293368,2.804222451069666,-0.16619082996779966,2.3204005124599165,1000,1.137973398522782,2.139840765856657,22.964979591734526,0.6480098150101254,-0.17696883068741212,2.5874079498950033,-0.13212583889706386,2.408072635942628,1000
103,1.5150712687754138,3.034360172795108,48.07760710111344,0.9568806228001069,-0.177148066587747,3.0756025223014394,-0.3604147519127956,3.390557289463623,1000,0.700920724941904,9.354285180171802,7.489059017370597,0.7357039750344975,-0.5941703913841776,2.2865624569917227,-0.741059066125711,2.142900516009519,1000
104,1.0641768576650983,1.7745729040909706,60.306399084767826,0.47020674906269083,0.5532299599748461,2.315996679253764,0.14257162950222424,1.9857820858279722,1000,1.2153204478698787,3.0481223027350506,21.68900486142527,0.5800602804486188,0.06553955440417518,2.6417936773842032,0.07840229819058586,2.3522385975491718,1000
105,1.4045375528703736,5.2981184325902415,10.653434494763589,0.5541593370543252,0.2964167670488918,2.3905964836026508,0.31838525224389636,2.4906898534968507,1000,2.8027941833547363,3.039752553717584,23.120973159697495,0.952084334353555,0.32829277662484,3.6903035660959618,0.9367088880217684,4.668879478687704,1000
106,-0.6312517336095405,1.8989069349849579,70.94157523865992,1.3362877501292734,-1.5773497392856124,2.9363840751687182,-3.2503757238629163,1.9878722566438354,1000,1.0494198424737284,5.022975097603272,17.718722265043496,1.0100842279053135,-0.5021284971137167,3.6403983319184685,-0.9303452442206859,3.0291849291681427,1000
107,1.9616085607508897,3.13535264098767,48.691404816663905,0.9384654558169431,-0.019207123974611783,3.60962478169679,0.12221626734968138,3.801000854152098,1000,1.0447960381336048,5.3164054467853035,16.728355739259968,0.9487675279455547,-0.48315997483907636,3.225159987347727,-0.8147883166396825,2.904380392906892,1000
108,1.273212852241115,1.5824745357774794,93.62432489972767,1.1664279321998479,-1.2838015774006217,2.466880176211648,-1.0129858948705865,3.5594115993528166,1000,0.5769444679100892,2.155313514980206,33.840952906249896,1.133091347548813,-1.2613400631555642,2.402887886534224,-1.6439145732855842,2.797803509105763,1000
109,1.362270371663653,1.5673818630087761,18.597582477533045,0.953683945628399,0.7017224846287282,4.072768653674122,-0.506950161768009,3.231490905095315,1000,1.4720831629563298,2.4682735894987364,6.09354172731573,0.980146533293602,0.02326086251079897,3.7816267214757993,-0.44900404229913016,3.3931703682117895,1000
110,1.802173662733655,3.1738987193679074,17.11864756690343,0.3475411898166008,1.0436283122012893,2.4357148482991553,1.1209929306931175,2.4833543947741927,1000,1.8102154259202532,3.1936783920114378,12.739640620332347,0.39879977256788146,0.8754610636222541,2.412787187579529,1.0285678716872055,2.5918629801533006,1000
111,2.111490249148597,8.360164986094018,6.1648628915102455,0.8987697318118145,0.600491966753437,4.0658596801948415,0.3499015747974408,3.8730789234997536,1000,2.025353759114047,8.618656732475085,5.349969244724463,0.8150129495657319,0.7006980979444583,3.749740361021124,0.42792837796521255,3.6227791402628817,1000
112,2.10790983182847,2.31546571265184,48.40447904996471,0.4216483511678186,0.9809258536097644,2.6314716667316844,1.2814790635395454,2.9343406001173946,1000,1.9907932191768052,3.660511315540164,20.523382955086728,0.6024091063056576,-0.17299822264859052,2.5651193018182257,0.8100713708177163,3.171515067535894,1000
113,1.1931638436846776,3.988093526314783,4.717758507796669,1.3536506741305085,-1.860895792591424,3.066562818271446,-1.459991477611119,3.846319164980474,1000,0.4251115848938407,4.3127384484174875,3.2626951702408085,1.4351830159547119,-2.323059615674114,2.8969359353726287,-2.3878471263773946,3.238070296165076,1000
114,1.7594900533150424,3.5007995983241935,12.753164053780466,0.830131231306231,-0.21718661856536933,2.656060668305777,0.13243283995482957,3.3865472666752554,1000,1.9630409934267585,2.372228779732832,11.786890677334286,0.9955084346916601,-0.5204375625518227,2.854777420367593,0.011844461431104847,3.914237525422412,1000
115,1.5336774055984792,1.0397960716031989,292.4837378593492,0.8430318834975704,-0.7266497019210669,2.610676398581199,-0.11866508605675885,3.1860198972537175,1000,1.4570519154469426,1.1640073125428916,83.4933668407159,0.8717347974418997,-0.782138783661808,2.490329138765828,-0.2515482875391808,3.1656521184330657,1000
116,1.2624500798124234,1.089701422349704,445.7431429307069,0.878254387844062,0.6047526483940624,4.0384703846799495,-0.458928520361938,2.983828679986785,1000,1.9927142995761145,2.4252720534588423,26.600009407090628,0.8281172641617538,0.40039985282713325,3.4301223196843282,0.369604461819077,3.615824137333152,1000
117,1.9466931836147918,7.911252355046118,2.4588482642867056,0.6673848773132296,0.45220775786348294,3.0438666009326876,0.6386188240808619,3.2547675431487217,1000,1.7648678552607306,8.809588638893985,1.6874143705045257,0.9443702318244644,-0.46683153330082733,3.1497578383796525,-0.08609779911521964,3.6158335096366807,1000
118,1.3941625069631391,7.3068391188665025,7.721071177050508,0.45180601501661377,0.5533176365745429,2.2781607206732812,0.5086227175305762,2.279702296395702,1000,1.0720112601193443,5.969074547835817,9.628260803980522,0.4597772949159639,0.21038021280204072,2.0237252613208625,0.17084776208405505,1.9731747581546335,1000
119,4.829836685139539,1.1478827960975762,140.87906356044726,1.5580510427436052,0.8737892879235394,5.453078215480919,1.7760566413620729,7.883616728917005,1000,2.5740084767644977,3.222287415610498,5.080315615255869,1.0818634370556364,0.30510304721364795,4.2589204436600125,0.45355614013545065,4.694460813393545,1000
120,1.4142819657222607,1.6556513102840162,35.00172461923812,0.9301587170888568,-1.2618408938356835,2.390844978273007,-0.4088291197718985,3.23739305121642,1000,1.318712145831909,1.4694240369913563,44.84500820682839,1.0609921223850642,-1.7175973046810606,2.3099844643025143,-0.7608324140428169,3.3982567057066353,1000
121,1.7829574925013958,5.334703005492867,12.456086274022843,0.5318291050400086,0.850302890175322,2.949013272894667,0.740572446622979,2.8253425383798128,1000,1.8981798380394839,7.08868079269853,6.283413059067623,0.4683879621659726,1.0627825612696165,2.8519156818835096,0.9801394321941775,2.81622024388479,1000
122,0.76451139325284,4.4252132488115405,29.66238116564234,0.5591195801356916,0.01869899394241962,2.214942456400399,-0.3313629838131156,1.8603857703187956,1000,1.4572078065227811,6.67953393308559,12.25212402312688,0.5700438844773931,0.3271490598766831,2.5862100712736775,0.3399217929470908,2.5744938200984713,1000
123,2.0111938384468067,6.208092715407062,7.607630981017748,0.4093697577986849,1.1230363666480982,2.711459542972042,1.2088291131613844,2.813558563732229,1000,2.039955429193765,7.673943881110854,4.634610304860426,0.4283190838774187,1.1128626218465305,2.850331864711371,1.2004500247940242,2.8794608335935057,1000
124,1.4424629814545817,3.515466028826525,7.147718171013992,0.7665778971970756,0.4270055665064391,3.278846093310061,-0.06002969705168648,2.9449556599608497,1000,1.1746821472807096,3.1477382499321496,6.39563289848708,0.7744753625449199,-0.09029989668125654,2.9903717675184462,-0.3432895633073334,2.692653857868753,1000
125,1.032134394085827,1.1063662830777465,258.26932559059685,0.6154743541191471,0.3671903821734487,2.9834683286044914,-0.1741953399877012,2.238464128159355,1000,1.0107644566568699,1.6581900905598923,53.03540813836708,0.6581492101550808,-0.3669009326356314,2.791487076199931,-0.2792079952470885,2.300736908560828,1000
126,0.8330851911917709,4.893979115498348,9.908433087331435,0.5638553065356063,-0.36857372700589547,2.021685329777706,-0.27207120961801756,1.9382415920015594,1000,0.7954057771594116,5.488616089805235,6.733009330282601,0.5521437628867819,-0.22972222182621072,2.0130787160807415,-0.28679599809868095,1.8776075524175042,1000
127,3.096495474155271,1.20385916984644,74.95428423055188,0.5790271855076556,1.4191621168850337,3.7355038069345166,1.961602190560266,4.231388757750276,1000,2.807959983481784,2.3730783745680264,13.758775705626796,0.9762860178742915,-0.09141757123999177,3.7278127135660712,0.8944393884481727,4.721480578515395,1000
128,0.8397961877202103,1.259812890680461,183.1375111297563,0.7789243114329125,0.33066557210107217,2.9270547583309856,-0.6868954626882982,2.3664878381287187,1000,1.9911467500103708,6.631803614604597,8.990363868983243,0.5392087592867009,0.9149132925874276,3.07768248243912,0.9342975818084371,3.0479959182123046,1000
129,1.8422744609304094,3.046686588966173,47.69968616922126,0.312823271666609,1.1817650268791278,2.3707785358719664,1.2291408484638557,2.455408073396963,1000,1.618335949720596,7.643362388328756,11.679417113240953,0.3760414299853969,0.7437462212528296,2.2071693952819054,0.881294746949218,2.355377152491974,1000
130,0.3532400212630167,1.6237366681850929,32.508855919634485,0.7401246485860696,-0.2016508060813223,2.155353131193097,-1.0974042899656797,1.803884332491713,1000,0.8266304475033563,2.2134168266006204,9.78539623221045,0.7065018990563265,-0.2073218421397788,2.2952805098884266,-0.5581132746470436,2.211374169653756,1000
131,1.9169812174904135,1.6050397208357572,122.26308404518389,0.5469724250214897,0.3934304753604575,2.486494694126274,0.8449152644482938,2.989047170532533,1000,1.2526402033996997,5.2367555660579255,10.036535601484422,0.661711352234266,-0.33270669093643396,2.3734466049065004,-0.04431404697946162,2.549594453778861,1000
132,-0.5788966487289211,2.3914762146347646,64.80215651205113,1.0780590271030062,-1.4942451035276527,2.7188317619343443,-2.691892341850813,1.534099044392971,1000,0.12016339345223237,4.015060730727112,17.237664683982658,0.9588721957671437,-1.0577815973478288,2.757377824120645,-1.759226110251369,1.9995528971558338,1000
133,1.0301047703737614,1.1332369067646135,415.64915752831297,0.8071086673403988,0.45389143821004135,3.332309927098066,-0.5518282176134202,2.612037758360943,1000,2.6429198218381234,8.197265157456389,6.057050645661935,0.7476480304186319,0.895508714274126,3.8545371677607654,1.177529682217605,4.108309961458642,1000
134,3.570912194823201,1.5656319631641378,60.29834383127874,1.002901440317555,0.016872277249019824,4.1368846502661665,1.6052253718007934,5.536599017845608,1000,2.8701368080871457,2.4484093066808574,18.753470318087647,0.9401364162192635,-0.10098948454428074,3.8016438996344024,1.0274694322973892,4.712804183876902,1000
135,2.070996575904593,4.233534783423209,12.925403416399151,0.46441364789312456,1.3325568753354764,3.170283008704362,1.1607458260340688,2.981247325775117,1000,2.0454886703204966,4.221843185319249,11.020328897638436,0.4806059769483276,1.328810242727052,3.1302270425607315,1.1035009555017745,2.9874763851392188,1000
136,0.8464012941575809,3.618872241286609,4.418187570609943,1.00123639983959,-0.7116435384629536,2.899456589152345,-1.1160220495280153,2.808824637843177,1000,0.9960601272355694,4.026967965818938,3.4458279959824285,1.0041319243829427,-0.7529520420874602,2.822705372640434,-0.9720384445549983,2.964158699026137,1000
137,-0.13178696370591814,3.3174410788482733,19.961523306097135,0.8064626703326827,-1.4543689733409115,1.6452155061316962,-1.712453797557976,1.4488798701461398,1000,0.24984274147885488,4.868196162818663,8.81530431034603,0.6388350924617181,-0.9355877453649063,1.6675805855320462,-1.0022740397461125,1.5019595227038223,1000
138,1.3152399587451304,1.2706959123751118,161.59695392786196,1.1129369675675493,0.6799401202598357,4.079328489758881,-0.8661164976872664,3.4965964151775273,1000,2.079243912381727,2.693673136872237,18.755976906337743,0.97059559965521,0.5978483539498077,4.106029975631055,0.17687653705751538,3.9816112877059386,1000
139,2.4794111638064122,3.399154375403911,33.25919409010647,0.4904556382007943,1.7072325663822134,3.5469283895001387,1.5181181129328554,3.440704214679969,1000,2.2849923372126506,3.0025922289186013,32.16694126944504,0.5445071612775859,1.4244736698385527,3.5189571346689554,1.2177583011085822,3.352226373316719,1000
140,3.118589580271077,1.3704032185339183,36.87962852813133,0.8386316885761227,0.491741644279123,3.684662649694812,1.4748714706618766,4.762307689880277,1000,2.970537661769384,1.6367969866641396,20.242482447898155,0.9077739230847117,0.2667778740135303,3.5891910681189945,1.191300772523349,4.749774551015419,1000
141,2.46111987273437,3.4535885201531245,11.852931418797343,0.5311138984004565,1.2957824134944858,3.4438865108442758,1.4201366318694755,3.502103113599265,1000,2.46002716280251,3.4183333763887203,8.816916029091477,0.6304229319551313,1.0581332709032387,3.516938890883141,1.2243982161704525,3.6956561094345672,1000
142,2.43172031675177,5.6934056840009,9.849728054089395,0.7629733960268734,0.5231120518012862,3.5394783351032486,0.9362924605390981,3.9271481729644417,1000,2.351408473831356,5.7351943077069105,8.870900159574019,0.8133108025278697,0.2945705325309119,3.440039997567719,0.7573193008767316,3.945497646785981,1000
143,2.78312864921258,2.184523825267779,40.22752499646155,0.7701190847511341,1.312481853649826,4.107939779705755,1.2736952431003574,4.292562055324803,1000,2.5361859222608167,1.9741873924697517,28.13914727435884,0.9719808302520093,-0.17735309301535315,4.0337300845635475,0.6311034949668786,4.441268349554755,1000
144,0.21398818887808746,1.4308586581798108,152.34931508326727,1.3310197666300458,-0.4751341420676149,3.5037845558690974,-2.3948105537168023,2.822786931472977,1000,2.529153349807663,4.44530256794738,18.762143667392667,0.8013713040957485,0.7290978757341896,4.008514413253756,0.9584655937799957,4.0998411058353295,1000
145,1.6690301379635657,2.7646872756447753,23.337571366436464,0.6524439379517994,-0.0053401050423986015,2.5296655320495995,0.3902400195780389,2.9478202563490923,1000,1.7353059982047132,2.7189730692488316,14.478243416236822,0.6474715679622834,-0.010263979614153568,2.480091114014235,0.4662617249986376,3.0043502714107886,1000
146,1.0838595573250862,1.3051401727501661,61.86929642745194,0.5911908291594917,0.5197823440824222,2.7441454507546976,-0.0748744678275175,2.24259358247769,1000,1.2696295884251692,2.0524190674192186,22.706108487107574,0.5878341436007922,0.5201767329321741,2.804014658708171,0.11747466696761633,2.421784509882722,1000
147,1.3596338716468033,2.408132087302632,49.21755586992004,0.7555267304763554,0.5437862352711973,3.311718808970588,-0.12119852008685328,2.84046626338046,1000,1.5109109758725663,3.7059120794724105,22.37732525995597,0.6915192068377979,0.5992633037978703,3.1936710896515286,0.15553333047048246,2.8662886212746503,1000
148,-2.1073974501065744,1.0788414330539857,578.9692545757586,1.8166404400930678,-2.581676005106525,2.510568179011723,-5.668012712688988,1.4532178124758386,1000,1.6968384711583004,4.653083295265333,16.499633568845503,0.79684448161367,0.5173957264033466,3.9631871924519197,0.13502328719550727,3.2586536551210936,1000
149,0.3640737648506305,2.888789600409068,40.32150924182544,0.8152677800648751,-0.4272209649148059,2.2556495612332257,-1.2338510840765247,1.9619986137777856,1000,0.5914044355004306,3.933229229245803,25.929105266380343,0.6908816370162015,-0.09998395305682571,2.2924335858367457,-0.7627235730513244,1.9455324440521857,1000
150,0.5084610001619618,5.1629545308546385,28.315165243935766,0.6871630219597685,-0.8831066573650723,1.8071079781204837,-0.8383785228791845,1.8553005232031081,1000,0.6158161467042735,8.530192189938578,9.776609271125873,0.5551340554351748,-0.2975368632651734,1.812415421197441,-0.4722466019486691,1.7038788953572161,1000
151,1.9149301267110148,6.499791771832317,5.5393054019454295,1.0129241609753306,-0.8907398838051928,3.272680234521354,-0.07040122880063304,3.9002614822226627,1000,2.0052851651098202,6.245920994468671,5.542982286995235,1.0973530343325508,-0.8758327583282692,3.4915459694503683,-0.14552678218197945,4.1560971124016195,1000
152,2.375753275196186,1.6635189006576003,87.23419868382067,0.6037361998680145,0.8891402870985468,3.161318116409564,1.1924303234548774,3.5590762269374943,1000,2.386955154302106,7.809706869668502,4.600871066988623,0.6222422316921031,1.1753168630888107,3.642503763667144,1.167360380185584,3.6065499284186284,1000
153,1.7250663667850388,1.2073501234238886,203.86297975692534,0.3189766882344594,1.2220610996923977,2.4574481122894296,1.0998720578454984,2.350260675724579,1000,1.771577996233217,4.324968466969459,18.706917321997985,0.4191059489127957,1.0201926304849314,2.6384082234429003,0.9501303363641375,2.5930256561022964,1000
154,1.667877708405837,3.895096241824716,11.168986592024915,0.5397891454001987,0.6843257339585704,2.889683303980893,0.6098909834214474,2.7258644333902264,1000,1.539318935616011,4.499828210905673,8.712072573114675,0.5511467163881935,0.5506769235908977,2.756636215073174,0.459071371495152,2.6195664997368704,1000
155,1.429048921300361,3.8997347687067583,27.428520377527196,0.4853370981212293,0.6348715110144207,2.571234643174643,0.47778820898275154,2.3803096336179705,1000,1.4855133037501453,6.445438789719959,10.553793090948368,0.5099851097430186,0.5771065205879664,2.5488177397751786,0.48594248865382894,2.4850841188464616,1000
156,3.5449923552855025,1.3725887735472266,64.59785713415017,1.552744142697359,-1.801165071827914,4.392980473908866,0.501613835598679,6.588370874972326,1000,3.0278035557685197,2.764042020232799,17.45993765137903,1.4109465173266684,-1.1779670091793855,4.294386593901042,0.2623483818082497,5.793258729728789,1000
157,1.9180921488592435,3.8367022820557497,19.58521982666213,0.5724968620454467,0.9484113346145452,3.2322472950624994,0.795998299250168,3.040185998468319,1000,1.8828073780180576,3.866425289652906,14.681474913979583,0.5593835322809224,0.9072992217199175,3.2421113181421473,0.7864156547474497,2.979199101288666,1000
158,1.8204889663977544,4.346205768549296,9.821489788588575,0.8014565852336877,0.348385686819257,3.3553713534057783,0.2496340593397266,3.3913438734557824,1000,2.3333243961252528,3.6331540217248723,14.004499057992033,0.8344178349311113,0.37789389245160754,3.5497629123149927,0.6978654396602746,3.968783352590231,1000
159,2.5455532585057745,2.3596330421744507,42.3095037023616,0.38075056715432104,1.718389064991893,3.210535847719023,1.7992821468833053,3.2918243701282437,1000,2.480006962853471,4.31336342028671,16.751372729086338,0.3798960931943684,1.6995016434832575,3.2021101110640053,1.735410620192509,3.2246033055144334,1000
160,0.24484747865709022,2.7432972863484144,24.527748808128305,0.39541508964078775,-0.32585641718775016,1.2289064529566647,-0.5301660970388538,1.0198610543530342,1000,0.2690307258944096,3.6362627167771606,15.466283120141485,0.41023406246855404,-0.3605448519320521,1.315021587104175,-0.5350280365439564,1.0730894883327755,1000
161,2.383062463431763,3.932808415189261,10.118494442867123,0.43833962286349687,1.3991768582238973,3.078723249478495,1.523916802619309,3.242208124244217,1000,2.342756997686728,3.6893179875928546,9.290226074454786,0.5684977589302483,0.7029913187394611,3.0488234805414356,1.2285013901834412,3.4570126051900147,1000
162,-0.5830692013676888,1.855837922949147,15.554528909868113,1.1757593483693616,-1.2720342880743392,3.2402469382712047,-2.8875575241716374,1.7214191214362597,1000,-0.8135615915172267,1.472803532511525,6.370764800248822,1.1997858197697948,-1.3977025445887408,3.0733419448800703,-3.1651417982660246,1.5380186152315711,1000
163,1.547594828646575,1.677540469178737,141.84069169417853,0.6542315273944462,0.06684870198000378,2.9655286127887717,0.26530103495346036,2.8298886223396895,1000,1.081778598877395,4.88973672435624,15.918065382280838,0.9296690605590658,-0.5995612094276298,2.8869306666854846,-0.740372759818374,2.9039299575731636,1000
164,2.352392768533674,2.9091070078646215,25.208131102964387,0.5390785820632971,1.7335539585335853,3.8372199599050116,1.2957987476896118,3.408986789377736,1000,2.315061469548196,3.0047680804352046,18.316248861942334,0.5440915738351616,1.7579720377072008,3.863072311562679,1.2486419848312793,3.3814809542651125,1000
165,-0.407902372126832,4.18340257253005,21.30802731660979,0.9192287882457028,-1.5539973328180512,1.7035126853333478,-2.2095907970884094,1.3937860528347454,1000,0.5384966288829547,8.830870796832702,6.156117233195621,0.48334692705838567,-0.15054997631684183,1.7390892091034489,-0.4088633481514812,1.4858566059173905,1000
166,2.3254608078485894,6.6179197923521915,10.673477299623942,0.40028581564940446,1.6429193851505375,3.1626119543554045,1.5409006091757567,3.110021006521422,1000,2.2422753985527706,4.50864523100697,13.227408756745149,0.49132283518049463,0.9800302965985342,3.0435755895933694,1.279282641599001,3.2052681555065403,1000
167,2.067599791450433,2.9312881084167115,14.10761751568944,0.4720756049802776,1.068603958793127,3.025978201159128,1.142331605689089,2.992867977211777,1000,2.303821079628785,2.6668679733953056,6.839056188223288,0.8288376592852827,0.09197969856316948,3.557278072045113,0.6792992674296308,3.9283428918279393,1000
168,0.47514516531012174,2.3454952852579445,69.7130445027018,1.4422354634727856,-1.0558755339150183,4.163352646963333,-2.351636343096538,3.301926673716782,1000,0.473705140431006,2.469318380656012,37.29220053490278,1.2296848969014285,-0.7370170640249588,3.9221424606569495,-1.9364772574957938,2.883887538357806,1000
169,2.369460784769218,7.124618273401986,10.12343845024046,0.3804255956445026,1.5514136319317389,3.0016877579171988,1.6238266173059932,3.115094952232443,1000,2.3898397583536855,6.650094891530492,10.558836663981184,0.5093051482964921,1.038825914127153,3.104859363764993,1.3916016676925609,3.38807784901481,1000
170,0.3594508778279375,2.095713825406222,56.03194201262834,0.852216379712262,-0.5027278692831972,2.5415329368862496,-1.3108932264080961,2.0297949820639714,1000,0.9644908025306085,3.8636706795520954,21.023521797208957,0.6504716414707501,-0.3645021416452502,1.9937453949867043,-0.31043361475206166,2.239415219813279,1000
171,1.5387814254554368,5.2512548512342425,18.280614394503807,0.6903858361606745,0.4899003045897702,3.119641002862164,0.18562518658051474,2.891937664330359,1000,1.2494534839731508,5.793444347828169,15.714206905145069,0.5197326477156902,0.3565144124561524,2.405629739978168,0.2307774944503982,2.2681294734959034,1000
172,2.5340751608704855,1.5458975235412087,54.551560945163786,0.4763320605164004,1.7888662512038243,3.8008320412614105,1.6004643222583406,3.4676859994826303,1000,2.5228753132414146,2.2469990240886353,28.270516957508352,0.578459245114385,0.8508975709724423,3.197346316521307,1.3890951928172202,3.656655433665609,1000
173,2.161497222419504,4.423505768004091,15.092082532018827,0.4308146813712282,1.3954845543252707,3.0929104561532914,1.3171004469318968,3.005893997907111,1000,2.034293260173703,6.083325475326958,8.248991525936514,0.44900920470108485,1.2689423545084522,3.03731472702372,1.1542352189595766,2.9143513013878293,1000
174,0.638518520617529,2.0008377923388223,58.11743934357014,0.8668609214921706,-0.3903189506890989,2.44227018868537,-1.0605288855071253,2.337565926742183,1000,0.9297598009901815,2.2844249456837766,39.60104059350922,0.8700223149039561,-0.40295612489360566,2.5129932323209165,-0.7754839362215724,2.6350035382019357,1000
175,2.093522359925786,2.4542406814160813,19.068502925818837,0.6700417040758642,1.2050221104214847,3.692609743492595,0.7802406199370924,3.40680409991448,1000,2.146868046693634,2.788107081861539,8.887133903717055,0.6624485332152106,1.1964842212734415,3.7744128947339415,0.8484689215918211,3.4452671717954466,1000
176,1.0847205725368687,2.148579109690033,78.54884292845578,1.012077268850923,-0.4863832516461769,3.5054643466365456,-0.8989508744109402,3.0683920194846777,1000,1.6174753021215014,3.457590795739449,20.04503354588994,0.9450271674031285,-0.16710955040970316,3.5874541546852408,-0.23477794598863055,3.4697285502316335,1000
177,1.4416884570610433,4.240057808049357,4.5206229508353,0.6204999492328144,-0.4578660507447169,2.2078561257873277,0.22550855656472724,2.6578683575573594,1000,1.1971447349851987,5.272004127094367,3.0468827931472213,0.6692456325973072,-0.39836937897865315,2.182498517386733,-0.1145767049055233,2.5088661748759207,1000
178,1.9351979246727984,5.501170445259937,11.451377282090219,0.32261430134236674,1.2556931161296412,2.521047721922922,1.3028738940417597,2.567521955303837,1000,1.9314201379709421,5.882763147479764,8.024899968290182,0.3372753121366651,1.2910735972419105,2.550316717566622,1.2703605261830786,2.5924797497588057,1000
179,2.2097233334561155,2.000648305781867,16.28194151573865,0.4601956200972499,1.1899158242666692,3.1335534390270254,1.3077399180655056,3.1117067488467254,1000,2.201075486800631,2.1774404560993323,8.172420989841816,0.787855294287788,-0.16256024280898548,3.067418898639144,0.6568791099965663,3.745271863604695,1000
180,1.9872649489155783,4.099873523260232,13.963058935100069,0.47289595521612776,0.9898881877868764,2.8497529103944443,1.060388876691968,2.9141410211391885,1000,2.218877455321464,4.717492281799751,9.389013330455159,0.5814229673220533,0.810556465000433,3.25429187270956,1.0792884393702395,3.3584664712726884,1000
181,2.2347556467240253,4.7827927530885495,18.883172741012373,0.40451878445900397,1.2480287488266721,2.898178865427957,1.4418988291843775,3.0276124642636733,1000,1.7850767645531755,8.305193378847148,6.45922335129792,0.49058111812492056,0.8602201299410293,2.7728079949433635,0.8235377730283313,2.74661575607802,1000
182,2.3455397751148075,2.414872284344628,21.217435366523894,0.5205207628362469,0.8334266649672802,3.0743755077846173,1.3253190799557635,3.3657604702738517,1000,1.4084126614548536,3.328315070452215,12.277625839196032,0.8450957026731213,-0.4519461796143476,2.841747603682439,-0.24797491578446418,3.064800238694171,1000
183,2.19931995545545,3.262751343753814,14.315285172783007,0.5308649239907476,0.9564954519031473,3.0993723263979933,1.1588247044335847,3.2398152064773154,1000,2.145845467117554,4.115347019930458,8.779764746555058,0.556936866154507,0.8079617285890947,3.0101215942559434,1.0542492094547202,3.2374417247803877,1000
184,3.101915563543909,1.27784701919826,140.72179438220533,1.0919298630531449,0.16617840544447166,3.692587861085406,0.9617330319597448,5.242098095128073,1000,2.0017911964491018,3.0988258978972323,23.598904090633273,0.9419302324381649,0.009464275858576256,3.441076112454578,0.1556079408702986,3.8479744520279047,1000
185,2.03127205742872,2.5595172326484263,47.8272437328299,1.2013928716698286,-1.187390723717248,3.4276129324187203,-0.3234579710441441,4.386002085901584,1000,0.5784793488510531,4.43986207731542,22.01138183352774,1.1947309645477449,-1.1806775474669569,3.35181658161553,-1.763193341662527,2.920152039364633,1000
186,2.2831611746139777,2.9318997093543016,19.16772943840383,1.3553395198360687,-0.5266725886169086,3.7785285385543363,-0.37330428426471673,4.939626633492672,1000,2.3041203633761778,2.980854484815447,18.023328509566852,1.1679131344092557,-0.39839705808950837,3.711387181717584,0.01501061993403674,4.593230106818319,1000
187,1.1504606486643913,3.907639530745507,19.4271803046454,0.43090196378579754,0.3595463727764132,2.117849156221077,0.3058927996442282,1.9950284976845545,1000,1.1896895110867973,4.647581162481706,13.690113905450643,0.4406922457980172,0.34532321518751785,2.0997436975056116,0.3259327093226837,2.053446312850911,1000
188,0.46322187338212406,6.076790390426777,5.183948425818607,0.8546656098776678,-0.9905175106619896,2.110551521453984,-1.2119227219781048,2.138366468742353,1000,0.42314686496355036,5.976996958462775,4.87638014965256,0.9451897403770463,-1.1626546331082475,2.3972744043679812,-1.4294250261754604,2.2757187561025614,1000
189,1.9675597178606388,3.710167625839679,16.726426346589953,0.5311542043369158,0.7502102340990487,2.898471688347948,0.9264974773602836,3.008621958360994,1000,2.0019487298746896,2.2959184242497495,32.5663096895645,0.6799888886109346,-0.16326865023503556,2.710758557192053,0.6691705081972577,3.3347269515521214,1000
190,1.7062334950969609,3.008249027513188,18.966876415930713,0.5934267085589753,1.1115592921632311,3.746102618103092,0.5431171463213693,2.8693498438725524,1000,1.741342784107938,2.9657271198015347,19.063224657316077,0.6375282166444877,0.8716948572140996,3.800104960109063,0.49178747948474233,2.990898088731134,1000
191,1.566983611361173,4.990270830721942,9.013461256824051,0.4984012831260089,0.8943210376202455,2.8844999052227225,0.5901170964341956,2.5438501262881505,1000,1.90430152758799,5.3605842770788525,7.299073934100574,0.7518283749202987,0.7285233244350494,3.8270225104975686,0.43071791274420446,3.3778851424317757,1000
192,2.4347796636014443,1.7105694351478629,53.347162263246716,0.8123010440761489,0.3224435308548387,3.032587685761913,0.8426696172121924,4.026889709990696,1000,2.15600287143349,3.344197125242884,12.60006701282528,0.6760920642099538,0.3214282894433837,2.9761015201579513,0.8308624255819803,3.4811433172849995,1000
193,1.790340018296996,4.6670370800201715,10.539550593904854,0.503607167960918,0.8552772792752592,2.850934253552064,0.8032699690935967,2.777410067500395,1000,2.05826136272803,4.8269799003197775,6.151574109747719,0.5464913579027431,0.939552726109027,3.0941988084484344,0.9871383012386539,3.1293844242174065,1000
194,2.2742188053884327,4.786913706519684,9.608644946170797,0.5120498687816039,0.8856826734737564,3.0936749642308983,1.2706010625764892,3.2778365482003764,1000,2.285961985736163,4.803617300578012,7.8856918807801115,0.5454861844737104,0.4900821336151618,2.8663857832363666,1.2168090641676903,3.3551149073046354,1000
195,0.9867849006416447,1.0718562412292854,244.39303126653195,0.7430197099803002,-0.17863008128435695,2.553027337698767,-0.4695337309197436,2.443103532203033,1000,0.8438324010832898,1.582576819603491,39.16796339933168,0.7490643860546452,-0.4202088574700724,2.6179682625321963,-0.6243337955838149,2.3119985977503945,1000
196,1.7381345129915355,3.2093974145420536,43.44301613878087,0.8222367171337308,-0.07083913081286754,2.80356791745797,0.1265505474094233,3.3497184785736476,1000,0.9319849278991064,5.952304767453899,11.035145177288456,0.5203767257897071,-0.08815205145617086,2.1091222499393445,-0.08795345464871951,1.9519233104469322,1000
197,1.5890828536555097,2.4771016961882983,25.061046858319173,0.5358187746778563,0.8048836007181697,2.838416015365781,0.5388780552869112,2.639287652024108,1000,1.6055482463649295,2.991724310331858,16.603092523645937,0.5187736410601853,0.8184163114220182,2.766958741923927,0.5887519098869665,2.6223445828428926,1000
198,2.1586915496027834,2.5423049515935743,72.038427545929,0.5308970509823201,0.8209775196100377,2.8914062983960074,1.118133329677436,3.199249769528131,1000,1.515296563365598,5.229300859091349,13.086084748651725,0.43432346934687244,0.5058317074734383,2.2053366705866253,0.664022563445728,2.366570563285468,1000
199,2.2223310727785464,4.4204222420963815,27.912713462309878,0.4918922159722574,1.115613419892153,3.0088066877577067,1.2582223294729218,3.186439816084171,1000,2.1794195540633177,8.13772823687547,9.175846002242416,0.47332689184455956,1.1848435617739748,3.067755203949103,1.251698846047981,3.107140262078654,1000
200,2.5144658737755448,3.8261609821316402,12.59819487968895,0.4539689735248665,1.4388473082870468,3.1688259339288587,1.6246866856668065,3.404245061884283,1000,2.3846932912351133,6.0743459024973605,3.986920489341501,0.5253220916493297,1.2302099457830415,3.2307565188683474,1.3550619916024271,3.4143245908677997,1000
201,2.5163384689690202,2.99456280569129,26.412227492606444,0.5298414849394022,1.3583750097735348,3.3782100537471016,1.477849158487792,3.5548277794502487,1000,2.4813349205819057,4.38549775723158,12.604688831577429,0.6037868202481151,0.9797147557847126,3.334714980292889,1.2979127528956,3.6647570882682112,1000
202,0.3057811896243334,3.7652770864106997,22.915725042377293,1.1418184132796914,-0.8795470604631589,3.2225594815528846,-1.9321829004038615,2.543745279652528,1000,0.6078095409242952,4.152912966585533,17.508829771299855,0.9847557472976758,-0.45771434733228034,3.3091354895064753,-1.3223117237791493,2.53793080562774,1000
203,3.392796076892908,1.5748177812804878,44.272380160631236,0.8175109878294831,0.6864866429026348,4.18692992976026,1.7904745407471214,4.995117613038695,1000,3.2611755584055007,2.7664804415713307,6.051860753168145,1.0079079030557645,-0.20846301760573685,4.14526747440865,1.2856760684162023,5.236675048394799,1000
204,2.1686870808193452,3.650532329174763,8.924859229333022,0.8144764980583972,0.9435405492175833,3.9358794789489364,0.5723131446248868,3.765061017013804,1000,2.1975840245275573,3.728777765885235,6.112801943306133,0.8681533364187536,0.47599739501234545,3.910276011188381,0.49600348514680026,3.8991645639083146,1000
205,1.4453715678932588,3.9602604447793066,15.434208510177829,1.1206819614546397,-1.4011191656411435,3.1328274755130696,-0.751165076557835,3.6419082123443527,1000,0.7537052792574248,3.990582644723514,13.35023385472386,1.1297680635495204,-1.3098110390992799,3.003412176351947,-1.4606401252996353,2.968050683814485,1000
206,1.8066290083415715,6.359157524809844,10.840351458947673,0.4607413599531366,1.03910783803511,2.808672785936914,0.9035759428334238,2.709682073849719,1000,1.7716538711102334,6.81774766981518,8.331954797283757,0.4351817692993831,1.0199738480203604,2.6977181976789644,0.9186976032834425,2.624610138937024,1000
207,1.9545983982359951,6.205264359287052,10.444858710554234,0.46713261934366007,0.9983122025359328,2.881083674077555,1.0390184643224214,2.870178332149569,1000,1.685705663034176,7.967060230186102,4.528870687638361,0.45246902111464826,0.8284758895742809,2.5732009109241947,0.7988663816494654,2.572544944418887,1000
208,2.0366058668435567,1.406521129050002,122.03553349434598,0.7743032631964576,0.720224915312484,3.9101005743923114,0.5189714709784998,3.5542402627086136,1000,1.8759993681229017,4.061417621343646,12.688551637482986,0.9110275921939438,-0.01670544456945643,3.695763655491759,0.09038528742277196,3.661613448823031,1000
209,2.8509843092747524,5.437111109542269,7.22955784227749,0.8124830267341729,1.2068410383497112,4.211090684929741,1.2585175768757735,4.443451041673732,1000,2.709623261082819,5.453494815853814,5.447438363601279,0.8119468273211256,0.9113352562882361,3.8936859108752397,1.118207479533413,4.301039042632225,1000
210,1.8237892152735689,7.951938411028298,11.281275612437401,0.6525685644067399,0.6073636496298936,3.154380367913811,0.5447548290363586,3.102823601510779,1000,1.6449064691355573,9.054540942038958,7.4814645397534765,0.6390562067251595,0.5149327309350366,3.1065812496793765,0.3923563039542446,2.89745663431687,1000
211,-1.7896530855778479,1.8368798611927089,35.26108841294674,1.61114716852164,-2.7191335444879314,2.189214571573303,-4.947501535880262,1.3681953647245666,1000,-0.6335839452245482,3.6990705532800456,12.592997780081678,1.1840366267987241,-2.041043464401288,2.185406465977001,-2.9542957337500475,1.6871278433009511,1000
212,1.7169395500641997,2.5154033211714872,51.185474710511436,0.3098234805001134,1.0907551200858163,2.300547223318032,1.1096855282839775,2.3241935718444218,1000,1.711533772650085,5.445432728129861,13.206590446675634,0.33858227256571466,1.002027582537405,2.3536576649977454,1.0479125184212843,2.3751550268788857,1000
213,1.3342040713909493,5.146611517382908,8.415197104501383,0.9498653977151157,-0.38652169077949705,2.9887280443032522,-0.5275321081306774,3.1959402509125763,1000,1.457165854796006,4.90259335590623,9.638635248229487,0.9126377973249903,-0.3457194881010446,2.9601848052210307,-0.331604227960975,3.245935937552987,1000
214,0.14633178440006045,2.641585289217827,23.036457382529253,1.4277142271624375,-1.5786023824803674,3.3264816545776235,-2.651988100838317,2.944651669638438,1000,0.2555751557226309,2.939222701900033,17.755337917044887,1.3689409563352348,-1.5401215791554648,3.2962526825040905,-2.4275491186944294,2.9386994301396907,1000
215,0.6200646897468223,1.2121013362099708,141.977858971636,0.749280972809434,0.08665043578407926,3.015264530539511,-0.8485260169596682,2.088655396453313,1000,0.9560931934343615,2.685937885978974,23.46274509378886,0.7464067821568213,0.20468184319318392,3.1751114736133284,-0.5068640995930083,2.4190504864617313,1000
216,-0.23107298849393754,1.1539771031506076,164.69807036675164,1.6454090544329423,-0.6876696211071663,3.7086784820442467,-3.4560747351825043,2.9939287581946292,1000,0.5660722826363203,1.8982022962283194,38.456630385930254,1.3211315820139211,-0.4088211203014938,3.713584382479526,-2.023345618110965,3.1554901833836055,1000
217,2.6095078422897275,5.252323366464761,12.106479179391004,0.43968164280568245,1.777308984772815,3.511807088653536,1.74773182239059,3.471283862188865,1000,2.628291450964903,6.830123498642055,7.395433077709486,0.4652076137818527,1.7430842191248526,3.5785559423897766,1.7164845279524719,3.5400983739773344,1000
218,2.7227378904893618,1.2253721867854148,137.35399999023144,1.159002366990447,-0.51451896520722,3.276590389586753,0.45109325118808563,4.994382529790638,1000,1.8670840043401198,2.579468111862857,22.082400485289806,0.9731725237242703,-0.6367394510710768,3.0448251554980468,-0.04033414215945008,3.7745021508396897,1000
219,0.8571680653086118,1.5732944079307953,67.28145531154517,0.43851341202960886,0.3971617732751821,2.00549220814439,-0.002318222269421577,1.7166543528866451,1000,1.0049235941327979,2.530132212298849,31.017952981092893,0.4076500854539987,0.5841904594745336,2.074874360535083,0.20592942664296032,1.8039177616226354,1000
220,1.4532529422860245,7.322098533586218,8.90642144478962,0.5959510298686939,0.2673755338790102,2.6779851407915762,0.28518892374338467,2.6213169608286644,1000,1.2888001323151346,3.275604287836497,26.28350771670665,0.8673514362277323,-0.08297398559859018,3.321616072511669,-0.4112086826912207,2.98880894732149,1000
221,1.4185936050746495,4.164018370813729,26.436701131236944,0.5021368970452543,0.39101203340526747,2.3192048077225094,0.43440528686595103,2.402781923283348,1000,0.859349194320447,3.475322517628018,24.246462349336415,0.7866213877910491,-0.12781499364515603,2.6939258259965877,-0.6824287257500092,2.401127114390903,1000
222,2.5235895550590213,4.273807443128811,12.129248498963351,0.4232542467805949,1.8026484055767922,3.405598978485332,1.6940112313690552,3.3531678787489874,1000,2.4620113611190786,2.9757740176394307,20.528058577599026,0.6057280875202068,0.8420951540596902,3.5267048898963322,1.2747843095794733,3.6492384126586837,1000
223,1.4319152293420807,2.191068475193612,96.06197077514005,1.158726836155632,-0.13207138278201283,3.773085477091334,-0.839189369522958,3.703019828207119,1000,1.9952728664038597,5.712568435976389,11.99756732312344,1.0184353786200986,-0.5096170154755135,3.4464378800081925,-0.0008604756915335798,3.991406208499253,1000
224,3.4136576328197585,1.3482646481066227,59.79497853787478,0.6501516235931396,1.711430084489896,3.9435460271156857,2.139360450577205,4.687954815062312,1000,2.9468960464654272,1.823582333907542,21.347268882495413,0.9301628572815801,0.4958028549165619,3.787197424522707,1.1237768461935302,4.770015246737325,1000
225,0.9272515639485674,1.5990507609624804,22.95070978443713,0.9240269751653439,0.19773720826707356,3.3395794069345848,-0.8838413073755067,2.7383444352726416,1000,0.9609648289506012,1.6031573634151215,24.67762315372289,0.9486229046775272,0.11801416402155639,3.6448274262895044,-0.8983360642173521,2.8202657221185543,1000
226,2.397866401070844,1.0438251754961596,931.2197153574184,0.6024972937591474,1.4832938746859798,3.8784069088988384,1.2169717053029152,3.578761096838773,1000,2.4531978076538854,3.7601334808580433,7.462117410469149,1.2696059152462087,0.014765679864918635,5.271297208589377,-0.03522978622868367,4.941625401536454,1000
227,2.3736044563599257,1.4309702761238263,494.29535011343864,0.9584569131769168,-0.06379547726723231,3.1264270272330013,0.4950289065331688,4.252180006186682,1000,0.9220690213338065,1.580576867122386,53.620201726472985,0.7441403296888937,-0.1339669557152886,2.7546628765366714,-0.5364460248564251,2.380584067524038,1000
228,1.1745259237155579,2.5189768752121453,31.09012308019484,0.5537520860385874,0.2836346324740895,2.635038332978069,0.08917183507992665,2.2598800123511893,1000,1.2333315748938687,4.481987743390874,16.37698036489745,0.656523769228596,0.3013009808097878,2.8926347857811483,-0.053455012794179524,2.520118162581917,1000
229,3.2441446953102826,2.663114932897204,29.608560135311667,0.6912741205169617,2.117037875848068,4.700461409935884,1.8892474190970376,4.599041971523528,1000,3.345169630458182,3.152720449691199,13.87609401454894,0.7741041682287492,1.817562397666288,4.683874648347963,1.8279254607298336,4.8624138001865305,1000
230,2.011926163625486,2.639605126686552,24.3060286148854,0.37157040437261524,1.2168629379459284,2.609897946367886,1.2836481710551602,2.7402041561958117,1000,1.9990989336921818,3.329839314850402,13.571487517888361,0.4755412610606262,0.8392673674784712,2.6730404580895653,1.0670380620133546,2.931159805371009,1000
231,-0.5075785244966757,1.480485771305176,135.75376690539002,0.7149728089241084,-1.0584084517558523,1.5068423979177148,-1.9089252299879282,0.8937681809945768,1000,-0.22660623943660152,4.686702369864524,18.299465740757704,0.8125685006854828,-1.3947375753220952,1.7092994290387857,-1.8192405007801478,1.3660280219069447,1000
232,2.0185304932880586,3.739705328157049,18.15939159124007,0.4491393522738571,1.133855116910583,2.746693217845161,1.1382173628312988,2.8988436237448183,1000,1.9721167664115369,4.4705617416758505,8.835663471792513,0.6428852428638863,-0.09657503870958765,2.8624825360094244,0.7120616903983199,3.232171842424754,1000
233,1.0110694701589316,2.4170775224774075,39.266236928843014,0.677547215667122,0.19473016716336228,2.715676769065707,-0.3169230725486274,2.3390620128664903,1000,1.629280522975649,4.255513856149404,18.68352921893668,0.649321350323731,0.3693627301574969,2.9186986376795527,0.3566106763411365,2.9019503696101614,1000
234,3.004206661803228,4.674835179257012,8.845377128351327,0.7395811243171219,1.5932484203037216,4.433843962183542,1.5546276581416694,4.453785665464787,1000,2.938375078452557,5.7085869958321345,5.244932480130895,0.7420065352809457,1.4201456850328247,4.246316045344142,1.4840422693019035,4.39270788760321,1000
235,2.710105559071492,5.926547489312926,8.700254726666097,0.9924679872882881,0.7042520774524493,4.405127674820787,0.7648683039864475,4.655342814156537,1000,2.397002309988569,6.139489009666203,7.508126105219101,1.0759014481139928,0.3317596279375448,4.336559621895166,0.2882354716851432,4.505769148291995,1000
236,1.1460738227296483,1.473841285947971,68.21119206811565,0.551456571489185,0.4569561927295387,2.5647805867704867,0.0652189426108456,2.226928702848451,1000,1.5131686599627963,2.7403401226610153,20.191724399799003,0.5586683462421042,0.7014018542002586,2.971992630617205,0.41817870132827206,2.6081586185973205,1000
237,0.6502324210981221,1.057188025930894,646.0889491453829,0.6813468276481925,0.14296779691149167,2.4466212109103305,-0.6852073610923353,1.9856722032885794,1000,1.0168637678929415,2.4162194222720226,31.970524568357543,0.5503909559574546,0.305271749866906,2.3445695489282863,-0.061902505783669515,2.0956300415695526,1000
238,1.1070983909595262,1.1083898833200878,712.5166764483859,0.4448912709851434,0.5780972406217294,2.3540723868121787,0.2351114998286451,1.9790852820904075,1000,1.6319026196403328,4.26535352821354,16.977500910342318,0.4177819251996701,0.8326017515119308,2.533089021321665,0.8130500462489794,2.450755193031686,1000
239,1.9169199029308832,3.076075941433354,13.981569605469783,0.42801284068452117,1.0421981345596192,2.6320009806032836,1.0780147351892218,2.755825070672545,1000,1.8366523279034557,3.5415900648601246,8.780650647474637,0.4460220972533682,0.8405799483665333,2.6250213969033718,0.962449017286854,2.7108556385200573,1000
240,1.4354919904090473,2.495986598772855,36.51519244134778,0.5876466912094633,0.6109208413750814,2.7729559606221743,0.2837044756384992,2.5872795051795956,1000,1.6593990147617148,3.5983135793750876,18.98055782428307,0.5589204499048149,0.7360837297036805,2.80571869785372,0.5639149329482775,2.754883096575152,1000
241,2.7579030612510125,4.486125645542732,10.197961498774287,0.7954334993755908,1.0847971818914655,4.13501445098837,1.1988534024748545,4.316952720027171,1000,2.8177911127322757,5.448632969118842,6.6873131355801805,0.8907176675952638,0.4661181811116502,3.984481997647155,1.0719844842455586,4.5635977412189925,1000
242,2.19622144137177,3.20843123038325,33.209625825481645,0.6007356216638965,0.46794668653261806,2.949309309658165,1.0187796229105326,3.373663259833007,1000,2.1682818888857422,3.2628110179918948,20.592140867421378,0.7975368515729913,-0.011778646805657477,2.988311933180558,0.6051096598026795,3.7314541179688048,1000
243,1.298023032107232,3.2074292002582117,27.475291172817666,0.33958592374149976,0.6123878801812912,1.9630637263362032,0.6324346215738924,1.9636114426405715,1000,1.3840040947209495,3.2458964618596635,27.76858507672756,0.5129050215416148,0.28368116687338973,2.392227205588914,0.3787102524993846,2.3892979369425147,1000
244,2.235077144456607,1.6496482447115939,43.88513420747751,0.6308175706761874,0.10581667329858391,2.774463076549715,0.9986747059312799,3.4714795829819343,1000,2.062208436295623,2.3246232412625893,21.929133075125602,0.5911286035814943,0.3698672311052411,2.8241382675218065,0.9035963732758938,3.2208204993153515,1000
245,2.2406394302084087,7.757907229400101,11.074040159881532,0.7026135349942191,0.8414142488945412,3.623049838047382,0.8635169016197393,3.617761958797078,1000,1.798431399620241,7.383762936328126,13.500382154954027,0.7036949312198472,0.769319647072217,3.540601972072875,0.4191893344293407,3.177673464811141,1000
246,2.4970777343012442,2.4839575007617376,31.23589038225648,0.6718931536730383,0.539213564750167,3.156668418775823,1.1801671531020892,3.8139883155003993,1000,2.1103495825397025,3.3955454125286906,13.44324134964757,0.7503855231795978,0.13898958758624616,2.985789254976372,0.6395939571076907,3.5811052079717145,1000
247,0.9116426756474436,2.277521699804141,49.13235782412759,0.6146499597167475,-0.4284550893349342,2.3077247098936917,-0.2930712453973816,2.1163565966922686,1000,0.9108347620284964,3.6088423438168706,24.496659763093568,0.6812967370908243,-0.7137142837936121,2.3141268110773785,-0.4245068426695191,2.246176366726512,1000
248,1.6293739215906258,11.068722294541077,4.330205587598692,0.385390212743825,0.8558690983135888,2.3258157761755043,0.8740091046127287,2.384738738568523,1000,1.573980819617307,11.506825409836551,3.4340122430966913,0.5170258645765278,0.4020124016335112,2.4201958993507717,0.5606101250473126,2.5873515141873016,1000
249,1.326308699370126,2.8272830209717856,27.030556342386546,0.4382983605743384,0.28635213152024563,1.9728083860691472,0.4672439126444228,2.1853734860958296,1000,0.9563090944429602,3.8756399443558904,17.247127190881535,0.4771179957676115,0.03006412740576236,1.8579192157833921,0.02115782273844169,1.8914603661474787,1000
250,2.101433442127958,5.793632549586315,4.4605148817439195,0.5652611984085958,0.8440641859900863,3.050947434553615,0.9935214932471101,3.2093453910088057,1000,1.9832279167583378,5.896634541837455,4.691110553571995,0.586811115638806,0.643372399119668,2.8433342603262357,0.8330781301062782,3.1333777034103973,1000
251,1.4221707213364618,6.980962843846411,7.579880953209633,0.8956884684119693,-0.09412124555998051,3.3411298358217523,-0.33337867675099786,3.1777201194239213,1000,1.3188922612954785,7.174129544471239,6.289704354888094,0.8985631592700836,-0.052765949956713944,3.456803253048238,-0.4422915308738853,3.0800760534648424,1000
252,1.1466367499197188,2.038168004050637,56.57566353997591,0.7565560036363163,-0.5001178850189113,2.8976253932902365,-0.3362130172074611,2.6294865170468986,1000,0.23728786384697553,2.8588804108070787,25.98988678207308,1.076170442212624,-0.7869813089085437,2.9544052374755716,-1.8720062028897675,2.3465819305837186,1000
253,2.7243952293592275,3.1799057516375124,17.472430496486826,0.5507330340539176,1.4402252888094547,3.5187058889952243,1.644958482613549,3.803831976104906,1000,2.5294780178890215,4.77580124515193,9.670768084929746,0.8133529226259799,0.30072270462699907,3.575147223563561,0.9353062895421009,4.123649746235942,1000
254,3.493142762658818,2.178374472849981,9.055898121886877,1.1408921803726617,0.1706971048927811,4.6213196203629385,1.2569940891284013,5.729291436189235,1000,3.126537865879408,2.5873292673287875,6.1902449437574125,1.1632274448964361,0.1819640365502301,4.5456766013230965,0.8466120738823935,5.406463657876422,1000
255,1.5110970299375461,3.396338142019417,27.093225355155063,0.6199865833214717,0.195464160035946,2.4591584435368388,0.2959233266274617,2.7262707332476306,1000,0.9200361641768644,5.032781392700521,8.998180763961717,0.6421943731679199,-0.054496355542322183,2.438887116751504,-0.33866480723225867,2.1787371355859877,1000
256,1.5820092544290307,6.138256504585042,13.171530471755188,0.3805048327216542,0.9156098331941465,2.4299344351667527,0.8362197822945885,2.327798726563473,1000,1.3780695728711803,5.425875627277047,14.392588696359887,0.41675537616104735,0.8215883250379481,2.520106556613678,0.5612290355955275,2.194910110146833,1000
257,3.505151645412583,2.097949905682294,58.64315056734155,0.8756820467860378,1.2949553497380781,4.454659861996175,1.788814833711949,5.221488457113217,1000,2.7993665432237043,4.228836821684061,14.763087564871885,0.914409646734098,0.08002995402663021,4.2228779807782,1.0071236356248723,4.591609450822537,1000
258,1.2228504682000452,3.43430223270739,35.483535032178594,0.35817584666220614,0.5262879411345858,1.9313734790084809,0.5208258087421211,1.9248751276579692,1000,1.3116875099268346,7.15752267455781,10.496980939186608,0.38869041135692955,0.5263141825125603,2.0592258552289437,0.5498543036672526,2.0735207161864166,1000
259,1.59847037301272,7.497554981338996,6.73921981860214,0.43712470649666296,0.6863448689831981,2.36493136496434,0.7417059482792607,2.4552347977461793,1000,2.0406905472109353,5.374615009164659,9.22694404787361,0.5635212235187695,0.7422482439356678,2.938019814540886,0.9361889491141471,3.145192145307724,1000
260,3.6241488595816835,2.5964928716662445,18.63301794232415,0.7253344660201502,1.6245257112787888,4.5736950758398445,2.2024933061821894,5.045804412981178,1000,3.8550174054264676,3.9655334008956835,8.836179929013582,0.642745158965774,2.334470102055173,5.004947447984428,2.5952368938535506,5.114797916999384,1000
261,2.4000110536191426,3.480152682536095,13.13457137716713,0.9106707502678778,0.7077114553378461,4.320092591090624,0.6150963830941021,4.184925724144183,1000,2.3656132510252177,4.014580697773438,6.93378967796315,1.0853066532983136,-0.24391845759943187,4.2211146703388565,0.23841221056052309,4.492814291489912,1000
262,1.2235550764882992,3.670740562741811,22.90632598547922,0.7369503658812027,0.14761193874097034,2.9281596559164047,-0.2208676406388579,2.6679777936154565,1000,0.7011075199734289,3.7290979711307455,21.87882240034614,0.9578534113097,-0.4277993225510294,3.261532802714743,-1.1762851661935831,2.5785002061404407,1000
263,1.71077452004317,2.1662458717471975,26.084291616907684,0.7382478106353209,0.5892921493419307,3.8840162485191545,0.2638088111979413,3.157740228888399,1000,1.4120516777785856,2.5687239753289974,12.841658331492967,0.9788039282271545,-1.4461956996148442,3.216768126987913,-0.506404021546637,3.3305073771038085,1000
264,2.1589387078785065,4.0094719969259085,9.683866084767144,1.5618286087801032,-0.9450909815901954,4.954046625944699,-0.9022453653304958,5.220122781087509,1000,2.4155904471283094,3.9065619715252944,10.16778489306119,1.6357756277173763,-0.8908401805134557,5.064003843992573,-0.7905297831977482,5.621710677454367,1000
265,3.7766646447644545,1.0750508759265276,98.70480196871898,2.197505057756014,-2.4112115304826527,4.375526683689811,-0.5304452684373322,8.08377455796624,1000,3.8061190090876504,1.0554153595669835,44.631171878365805,1.9376655123811322,-2.0382204268566526,4.452347832644004,0.008294604820631601,7.603943413354669,1000
266,0.23712384125842156,1.336172364080062,255.0893370479948,1.1654667875160685,-1.077683306374471,3.583719108265128,-2.0471910622730727,2.521438744789916,1000,0.18323437579647228,2.1506185427238735,48.41533936220801,1.6762018270845733,-1.2569974889106423,3.8168751689546094,-3.1021212052892913,3.468589956882236,1000
267,2.0774516884694796,4.440176300211326,32.66131287518984,0.39429665016078413,1.3205823536990497,2.8924051724642226,1.3046302541543429,2.8502731227846163,1000,1.9552836528353716,10.218733595214694,6.410748466880145,0.3741100299982982,1.255574841416068,2.716636018060559,1.222027994038707,2.688539311632036,1000
268,2.0995572370487534,3.063276329203444,52.44611328138649,0.5746397348613944,0.43874522092447954,3.028484594341959,0.9732633567204203,3.2258511173770863,1000,1.6038726661516924,6.106235788555721,15.827676599760442,0.6492837273793848,0.3187640626921925,2.901533473147395,0.3312765604880983,2.8764687718152864,1000
269,1.0941789632811836,3.569486863754383,29.36016865495518,0.47081794611623695,0.4466540190285701,2.3406199849170584,0.17137578889335914,2.0169821376690082,1000,1.808766723443663,6.5553421746701925,12.188467302264087,0.6618458200767485,0.772736831922004,3.38823459350696,0.511548916093236,3.10598453079409,1000
270,1.232692251374962,1.7838614776908217,22.780704643045123,0.6398429802529515,-0.6080921094452829,1.9208584162097386,-0.021399989920822815,2.486784492670747,1000,1.0597376857973058,2.6608595580892573,12.151197484740086,0.684622449112391,-0.7083171499234586,1.9546947843939504,-0.28212231446298053,2.401597686057592,1000
271,1.4204870531363367,4.584068107484488,12.755343131365569,0.6119263435772465,-0.25466065839897334,2.1709318574194607,0.22111141972493353,2.61986268654774,1000,1.3445122570728683,5.752335480345894,7.825984666389377,0.5911065031538429,-0.31347188040801033,2.1717252225837003,0.1859435108913361,2.5030810032544,1000
272,1.5234059677770069,4.027015910424588,22.745887519547228,0.35784173661891694,0.9321001321006557,2.294101841430881,0.8220361640039296,2.224775771550084,1000,1.567312954762347,5.458049750763328,13.455043231903364,0.33435841136867944,0.9995439152773258,2.2645292388891707,0.9119704684797353,2.222655441044959,1000
273,1.168120479103112,5.328748023587211,9.421740584567216,0.5670795119141723,0.200926122030033,2.389341828953009,0.05664463575133416,2.2795963224548896,1000,1.0502555191443417,5.4775243398676405,6.683822292782014,0.6503268481064052,0.0032692233807468385,2.506785372782945,-0.22438510314421234,2.3248961414328955,1000
274,1.2577508154235124,1.8702629540041424,122.89855116358693,0.3124136841975944,0.7926845286037428,2.010932675421769,0.6454199943962273,1.8700816364507975,1000,1.181786681060276,1.6666099646740105,88.04182735477849,0.4270057751531874,0.8114197058840132,2.4750179959399046,0.34485536176002873,2.018718000360523,1000
275,3.0215749899705853,4.1708184951312095,9.480835254936729,0.5129989700748894,1.5829711680081182,3.7452676656289974,2.0160970086238024,4.027052971317368,1000,2.979192128068285,4.655496345694999,5.085671741631208,0.8050989019791492,0.310859151950162,3.7585946309699,1.4011982801891527,4.557185975947418,1000
276,2.0019873536351653,4.992128003167682,9.893945038964322,0.4844153702312722,1.2557436747622335,3.1745888925644903,1.052533227981872,2.9514414792884587,1000,2.0316766965953383,4.886805686502035,9.522406675900193,0.6555844684635443,1.1327885218624383,3.634934651919158,0.7467311384067914,3.3166222547838853,1000
277,1.2943956483316883,2.0198443673705286,38.20389415703221,0.42966222869411874,0.5634004884987154,2.4157595213058713,0.4522576800912156,2.136533616572161,1000,1.2921844477963245,2.2059344947156587,30.951389655040362,0.49387097068157754,-0.07989419904273208,2.035433531160334,0.32419734526043253,2.2601715503322164,1000
278,1.1901681538691429,3.1128893014014336,21.493227984907502,0.5213470847038544,-0.0062556556536279605,2.0177723319338576,0.1683278678495883,2.2120084398886974,1000,1.0984310408694475,3.7310822859448356,11.69855944434243,0.5187025390218756,0.049615991636282865,2.05838402058644,0.08177406438657142,2.1150880173523237,1000
279,1.2326381883123272,3.0843464621417027,51.22689835949782,1.0129727554469772,-0.9343756087552179,2.6606022060864962,-0.752788412363748,3.2180647889884026,1000,0.887231260857376,5.515054253776593,14.767154627600329,0.7252779428618291,-0.34574628782761596,2.3732337687491882,-0.534313507151809,2.308776028866561,1000
280,1.00751957471171,6.17832749489579,7.487947689302165,0.5035125238156153,0.07633470696200281,1.9547632520445117,0.02063502803310413,1.9944041213903159,1000,0.9742986870480028,7.178095962394446,4.3337855312207605,0.511170693116407,-0.05545400761365708,1.9311805721485873,-0.02759587146015474,1.9761932455561604,1000
281,1.5402986631948064,6.745741128143517,10.775711501841558,0.4458333604100805,0.793440994424843,2.5433590219002475,0.6664652767910486,2.414132049598564,1000,1.5591109041336109,6.088054437011423,12.188913999445809,0.47671656789215133,0.728077269314013,2.648984515460335,0.6247464310649943,2.4934753772022273,1000
282,1.6606619974609589,3.272771086249385,19.090800093364628,0.4530962528115797,0.8341094772850468,2.7340915737175915,0.7725933419502626,2.5487306529716554,1000,2.2229175590582178,4.469790541342999,11.615045904644843,0.6238061138026821,0.8491175155883168,3.347669176209726,1.0002575760049608,3.445577542111475,1000
283,0.29946655644631703,2.5569447187933045,38.2444169133173,1.1468786123537433,-1.345985865136931,2.3972035628990778,-1.94841552376702,2.5473486366596543,1000,0.013233818229690275,2.7913653078275678,23.717696931470805,1.0780702125130688,-1.1830550689818058,2.6451394252828826,-2.0997837982959244,2.126251434755305,1000
284,0.8396975743710442,2.1860277825729155,21.844796653305853,0.8916328738396615,-0.08276850420626927,3.165502808269018,-0.9079028583546922,2.5872980070967806,1000,0.9024023991813475,2.63185993205078,17.5128387934104,0.7930499151880094,-0.11841851343776288,2.9887784312222796,-0.6519754345871509,2.456780232949846,1000
285,0.8183031351336432,2.33517886477233,26.660285368398654,0.9207606579403115,-1.7285573580545688,1.720099813845535,-0.9863877544293673,2.622994024696654,1000,0.8566789773014947,2.5046853149063013,23.42398362884399,0.7138031170618407,-1.205667949553765,1.7117173019682652,-0.5423751321397132,2.2557330867427026,1000
286,1.1695945094664466,1.1670675261028727,437.5829121231116,0.8556935823437437,0.44356423426980984,3.5031642210076095,-0.5075649119272911,2.846753930860184,1000,0.847668754402312,7.459062382913884,12.09900478675932,1.1367822692013556,-1.0466476492694716,3.120003140114136,-1.380424493232345,3.075762002036969,1000
287,1.514535463853661,3.9990856125338845,22.71963987660483,0.4296078921800561,0.658522891075143,2.2741583622304167,0.6725039951807511,2.356566932526571,1000,1.2862633324996362,5.668820780592099,13.411827583141763,0.5210987876970116,0.1226862767719301,2.1266654015630744,0.2649097086134935,2.307616956385779,1000
288,1.550852745007603,3.0821304262721783,14.179889243671497,1.0547691549039033,-1.0897098382636365,3.2483942756441255,-0.5164947986040476,3.6182002886192537,1000,0.2638650559563902,3.517770208981039,10.023615808976245,1.3080051032732731,-1.6772999148098253,3.7240331971018663,-2.299824946459225,2.8275550583720053,1000
289,1.2047123915549958,4.194258224273335,12.90618840983898,0.8912518758823027,-0.46512937238067176,2.775077715490933,-0.5421412851743175,2.951566068284309,1000,0.5276484929992344,2.675397498077105,26.835645081288618,0.9807740661504949,-0.49864427408635426,2.9785912090799473,-1.3946686766557355,2.449965662654204,1000
290,0.8385387573486429,2.848339942572939,22.38507219846404,0.5805230277697268,-0.5220456174772876,1.755006876015932,-0.2992863770800216,1.9763638917773074,1000,0.9903467908298407,2.618553332229038,11.538273355131485,0.6048265420400357,-0.459586912373216,1.8216255779857298,-0.19511323156862925,2.1758068132283106,1000
291,0.8873514100952625,1.074487929326226,476.86583406912666,0.7366949402426654,-0.5467763776273235,2.591651105938336,-0.5565706727803615,2.3312734929708867,1000,0.5408826914675857,5.797605935923926,7.350821377345538,1.2556202778565608,-2.1592298898702915,2.838409200681372,-1.9201330531312735,3.001898436066445,1000
292,1.9596619576493224,8.28257615910179,6.892750810722083,0.6919581552034894,0.6322698008595501,3.2600603426619594,0.6034239734504834,3.315899941848161,1000,1.8706715565003302,8.441315302603515,7.565302281526563,0.7256400254499907,0.5845734941044957,3.3665938638617092,0.44841710661834844,3.292926006382312,1000
293,2.6344851090020347,1.037148152744722,321.51006253995496,0.6002914421984854,0.6968345420514368,3.10746362173736,1.4579138822930033,3.811056335711066,1000,2.5362998790871774,1.2180669701922489,31.570477071047996,0.9112394457231536,-0.10473535050727212,2.9829721100454374,0.7502705654697963,4.322329192704558,1000
294,1.511995796187846,1.8350335380735572,71.09580150160866,0.5099138805636831,0.787481100508589,2.836643371410877,0.5125645902830271,2.511427002092665,1000,1.5662779867065684,4.904062417450414,15.803784033544721,0.49768936666928004,0.6596212142213853,2.748959612846336,0.5908068280347795,2.541749145378357,1000
295,1.780239339994551,1.752818251916347,53.55636675970979,0.39436844501468293,1.1705247515293868,2.7550504892271444,1.0072771877657725,2.5532014922233297,1000,2.1416663864508068,4.168654234652764,13.214617281846198,0.9294708914547787,0.15016418101804,4.142873739420484,0.31990343919944064,3.963429333702173,1000
296,1.999438857497721,3.3610778951328233,40.42177560809124,0.35264421082403913,1.3022602131824812,2.641216718484852,1.3082562042826045,2.6906215107128375,1000,1.797032985467554,6.284678688838491,9.50270521840707,0.370650192854834,1.0944735677054414,2.5132900004941585,1.0705586074720794,2.5235073634630285,1000
297,0.4820001800379812,3.6418894021125516,22.322836445872035,0.7941435108636459,-1.495943130406258,1.7650469728449452,-1.0745211012547646,2.0385214613307268,1000,0.6814294675570138,3.9770078000613505,13.43485091230983,0.7929436942423969,-1.2706343623169292,2.107374391112733,-0.8727401731580839,2.235599108272112,1000
298,4.512360320470851,1.9619938013540907,21.762702875864402,1.3642516271010727,1.5085158779029224,5.7469784679182405,1.8384271313527485,7.186293509588953,1000,4.494845721301427,2.5657466480136946,10.64178821737608,1.5364138278168515,0.16278225353173317,5.5905014759138165,1.4834746187803982,7.506216823822456,1000
299,1.8663862247136698,4.104961137630131,15.94863266233794,0.6180165203149537,0.10848622342642515,2.6466701066306504,0.6550738448963607,3.077698604530979,1000,1.6561500616819254,5.124760100932509,11.558040729869873,0.6264497620385827,0.15029208020184523,2.534897936184889,0.42830852808630326,2.8839915952775472,1000
300,2.5685427945449173,7.846058686937338,2.057849745523324,0.696146406557073,1.3735671412750774,4.215887110233011,1.2040958376930542,3.9329897513967804,1000,2.940334750819692,6.155668840505783,2.6113151254083307,0.9784259701284038,0.829798190618075,4.639972204767377,1.0226198493680208,4.858049652271363,1000
301,1.9760183838670953,7.788617211548363,8.324524499063957,0.5407920586135103,0.9917471644856648,3.1461859833763075,0.916065948984615,3.0359708187495755,1000,2.0848522036102732,8.14090492785788,7.1641190435923034,0.5535346700449243,0.843328880329642,3.1363334044369817,0.9999242503222217,3.169780156898325,1000
302,3.133733672396816,3.1727717535093136,25.24527428250337,0.8193399036767162,1.1740888915181342,4.156709302205731,1.5278274611904523,4.7396398836031794,1000,2.967068528080617,3.5550691336491425,17.695594088068507,0.7848549210721308,0.9607696086593945,3.8456837905269503,1.4287528827792404,4.5053841733819935,1000
303,1.1161650325038965,4.652068667031984,10.853840527064719,0.5168069003733947,0.4311100677785274,2.418600522188636,0.10322350777204292,2.12910655723575,1000,1.1115820136654948,4.435546079393058,11.217357711129726,0.5687245137958585,0.36037299386932603,2.5304912918840765,-0.003118033374387874,2.2262820607053775,1000
304,1.1253381383878769,1.6460012092586904,45.03371167474621,0.41721403860122697,0.2359539441347958,1.873012510323895,0.307598622729472,1.9430776540462817,1000,1.0836234961030482,2.5955299107428904,16.300463600702606,0.4808136376091501,0.13840010122519036,2.0565920515921126,0.14122876638911408,2.0260182258169825,1000
305,1.9401104749548228,1.1810668822054797,172.4942939376689,0.5182469488909047,0.3760365607189129,2.6176998517174326,0.9243464551286495,2.9558744947809963,1000,1.1753243194145007,5.275654919677729,6.9595488218744554,0.7482507599625751,-0.1883600337423747,2.6881947842714697,-0.2912471701121464,2.6418958089411477,1000
306,1.1932866754918008,2.616766252690064,30.235869122270987,0.4909580817951138,0.135011118094657,2.2302858125699605,0.23100883517337778,2.155564515810224,1000,1.1740674137656057,4.235172636254384,12.668580249686201,0.4910936577551754,0.11881744060654709,2.178430755911553,0.21152384456546203,2.1366109829657494,1000
307,1.493688212435402,5.975167810080068,5.983507659883051,0.7104520138103491,0.35722646896304877,2.95981037766661,0.10120226536711785,2.8861741595036863,1000,1.3777897323119397,6.283999791699186,3.8376433929554326,0.6921527313024004,0.23839836357200136,2.887235248917822,0.021170378959235014,2.7344090856646446,1000
308,2.384030290656241,1.3863508391111856,78.01809234469117,0.5755574104608254,0.6273686702336506,2.986333367118014,1.255937766153023,3.512122815159459,1000,1.767675479032183,6.466057796616492,5.411787584943844,0.7077422539414585,0.22548825871709194,2.9924089366068025,0.38050066130692417,3.1548502967574414,1000
309,2.441394841480183,3.9838181080909303,17.372387587679146,0.7594623077612338,0.4666621990515176,3.4210444648527885,0.9528487182681649,3.9299409646922014,1000,1.501069965377618,5.981953010642857,8.806907069411693,0.9112049154910417,-0.7043024878730779,2.9116043914448873,-0.28489166898482354,3.2870315997400597,1000
310,2.2507845950254795,8.006244989702452,8.706695392953614,0.41111560619347054,1.436441968232237,3.071188896722458,1.4449980068862773,3.0565711831646816,1000,2.3647468350823764,7.369106282815557,8.7039846038137,0.4493840836732977,1.4496511461576607,3.223481733597111,1.483954031082713,3.2455396390820397,1000
311,2.1378440793552547,1.8073454635686317,98.26072509464383,0.6033467253972948,1.505746849870713,3.6959940003871052,0.9552844975765569,3.3204036611339527,1000,2.3533216449143186,11.04200058070092,5.618641389077093,0.6772458816906828,1.0078922371324313,3.635307742392216,1.0259197168005805,3.6807235730280565,1000
312,1.4632035075563505,2.4878735149055937,38.64906454658591,0.7166809386607639,0.6607769724999346,3.1647825449647153,0.058508867781253304,2.8678981473314478,1000,2.1486854062059066,6.623813853475091,7.797306785563553,0.5905259384105255,1.1879379673520851,3.4284046120636797,0.9912545669212767,3.3061162454905366,1000
313,1.7173286732001984,2.9999458712575264,15.871385998452796,0.4339829552381222,0.8211744350017168,2.3736452106200003,0.8667220809334789,2.567935265466918,1000,1.6622412832724804,3.2193672670575744,9.345569857139136,0.4795736682067014,0.5487775562260131,2.3663138583252374,0.7222768935873457,2.602205672957615,1000
314,1.9162043613156683,6.343314843317973,7.408948355466971,0.8499271125797762,0.32000637334028226,3.6471074820348237,0.25034722065930715,3.5820615019720297,1000,2.2787680846401646,6.528533343634852,6.889436893694078,0.9088840964445801,0.18211643017941256,3.9525278395233303,0.49735525560878746,4.060180913671542,1000
315,1.1946694651081802,3.2933511223190064,25.175988393569455,0.6626008081976409,0.44632521136429193,2.734610059356532,-0.10402811895919584,2.493367049175556,1000,0.9652057176355098,2.168677819480337,40.48880566313388,0.7566500507697141,0.4652956205749284,3.0328532351083877,-0.51782838187313,2.4482398171441497,1000
316,0.1336260730236467,4.347497673220707,3.799852497786839,0.9294562342917224,-1.7443491224608765,1.7222654589575501,-1.688108146188129,1.9553602922354225,1000,0.2702276724897652,3.5897199519646246,3.678641901604335,0.9089254438987626,-1.7501651510866552,1.7108449161302859,-1.5112661975518096,2.05172154253134,1000
317,2.8130699173963594,1.7890061589505462,87.6053197286776,0.8893425529363858,0.5598925920343707,4.458550219216641,1.0699585136410432,4.5561813211516755,1000,2.3916136441741247,5.8011988244974475,9.274795682732009,0.9917146419400893,0.2289989663947725,4.075055317309863,0.4478529459715497,4.335374342376699,1000
318,0.7575536463503825,3.3124179525161512,33.278497464543506,1.1279503214159456,-0.5767408183674791,4.078726724968256,-1.4532289836248709,2.968336276325636,1000,1.0579819363766116,3.5690369368706367,30.618429023548625,0.9055860702979825,-0.6597146766014718,2.921289717707206,-0.7169667614074342,2.8329306341606575,1000
319,1.4027111161858936,4.26754441035371,7.079639564813072,0.5080835678603696,0.6196702911143656,2.635541193158629,0.4068673231795693,2.398554909192218,1000,1.6414172932047435,4.345322875240937,6.454578339574808,0.6875168498487463,0.5354883910940451,3.2897476418866147,0.2938842675012008,2.9889503189082864,1000
320,0.0703216576660346,2.8206747239782275,26.229492257200608,0.5671398239156619,-0.6681913499797761,1.4683983722904201,-1.0412723972086626,1.1819157125407318,1000,0.33433450256585084,4.3612741288329095,12.827812089217211,0.5523404977998732,-0.6185874920593893,1.5694972002486356,-0.7482528731219005,1.4169218782536022,1000
321,2.3290640746735036,1.1365834013236948,125.29828277951293,0.4867754893879745,0.936455864731942,3.013591558973875,1.3749841154730738,3.2831440338739335,1000,2.3227559950503136,1.5559075746404443,22.953931833684344,0.7049257894479687,0.1554672214106269,2.9614509800364774,0.941101447732295,3.7044105423683322,1000
322,2.4127339813743456,1.1824260300479752,122.8206756554551,0.766089785004179,0.10521230317200307,3.259108634729394,0.9111980027661548,3.914269959982536,1000,1.9131537026301355,4.026507847023269,10.975704265125207,0.8098676321944013,0.04995577905436032,3.2321775298256883,0.32581314352910895,3.500494261731162,1000
323,0.10231639506513046,1.9261606914152025,38.35915643202988,0.9267304340592925,-0.4580306885080115,3.5267243762038083,-1.7140752556910828,1.9187080458213437,1000,0.13760241343663981,2.2311943489287125,27.85323412030152,0.8443584634178656,-0.5019346854953138,3.4937131154814614,-1.5173401748623767,1.7925450017356563,1000
324,2.331929534975201,1.5914558484282093,165.4900952698952,0.6835866037412219,0.5795208968371915,3.1114701477421827,0.9920997916424061,3.671759278307996,1000,1.4936098250454748,5.241772288099227,14.479741346692153,0.6001139881539318,0.47399892929769055,2.8174932138511166,0.3173864082637685,2.669833241827181,1000
325,2.0867280197960976,1.7103294620976213,46.822709711675806,0.5995118273681284,1.4682641378697818,3.6753206722410825,0.9116848381545659,3.261771201437629,1000,2.194629958298096,2.2060726619800985,23.129860915014614,0.6583859007395041,1.0936134625222953,3.703679942269002,0.904193592848668,3.4850663237475237,1000
326,2.772085648625862,1.80941813348534,71.92172235313963,0.6166062554055468,1.1783483882916306,3.325219961238212,1.5635373880309904,3.9806339092207335,1000,1.8312879180296977,7.8238769337586165,8.274340373632032,0.35191180471586914,1.0911481516879453,2.4238574813982168,1.141540780786594,2.5210350552728014,1000
327,1.6528533656915547,4.000340783698408,29.990509445400992,0.6097303790353562,0.8401314911529393,3.3304580544225235,0.45778182278225654,2.847924908600853,1000,1.7115543724842057,5.515370076538557,19.83683874197591,0.5600180290392449,0.7964623789977552,3.0374938359199204,0.6139190355672857,2.809189709401126,1000
328,1.0829714035846978,1.8428184369311056,61.08337547852208,0.43890077433326546,0.4688872227820835,2.2682760229319756,0.22272588589149744,1.943216921277898,1000,1.125858940079908,3.536840109857103,20.497279434161374,0.4212869035712687,0.45556224945568474,2.1134719431541633,0.30013660908022133,1.9515812710795946,1000
329,1.693198655362076,4.337872149847118,19.23902211582458,0.5474442198392,0.4091810316380604,2.5315427339772185,0.6202079844772439,2.766189326246908,1000,1.6165086717299308,5.692679315073519,10.627311193736045,0.5171272698070417,0.44800764129368004,2.4355404482540863,0.6029392229081292,2.6300781205517323,1000
330,2.1954270254700274,6.7573685327727215,15.6750422371222,0.3892319331784083,1.478655160496472,3.037152185798278,1.4325324364403471,2.9583216144997078,1000,1.566198606941873,6.974127254195329,15.148344022062174,0.6085897709975983,0.41880796268713244,2.9720349857292803,0.37336265578658034,2.7590345580971656,1000
331,1.1765712489130626,6.776534170904632,9.737805181919578,0.48450949211430633,0.2447526208424592,2.212027349184986,0.22693264436902227,2.126209853457103,1000,1.679618395853252,7.325452088327467,6.98229862483211,0.6416747778350895,0.38389797824523375,2.9198026313381527,0.4219358312964765,2.9373009604100275,1000
332,1.2147472448283498,2.643137451285012,9.020554243595168,0.39586006214844005,0.5265500112457411,2.0013844432838743,0.43886152301740733,1.9906329666392923,1000,0.8465735006424369,2.677843855697466,7.439845445085864,0.7505691158074392,-1.4228792540702586,1.7182981509350221,-0.6245419663401439,2.317688967625018,1000
333,1.6063525402726728,2.5249472757991533,30.22782497945689,0.5052023215217167,0.49556147021197644,2.56610866330323,0.616155990090108,2.5965490904552375,1000,1.5212312467257312,3.4444656329191994,14.81214114772738,0.5967413371407058,0.16461648641643195,2.5417387078803264,0.35161822592994785,2.6908442675215145,1000
334,1.6331591831344618,1.0638844536282608,182.0498495446144,0.380575503874579,0.6950289237215231,2.124886248223234,0.8872311955402871,2.3790871707286367,1000,1.5370956482413496,1.2418430951405017,28.59931721161784,0.6721753522704846,-0.5129911948760993,2.0290684092653835,0.21963195779119982,2.8545593386914994,1000
335,1.5930082476971423,7.074811330793494,4.848240205418501,0.505794408776883,0.521112586258699,2.6068951121300294,0.6016512064944517,2.584365288899833,1000,1.6103641222233431,6.604448071500303,4.337200076976103,0.622623250574435,0.21813025078630832,2.6499532659903466,0.39002255109745043,2.830705693349236,1000
336,0.47082258583602843,1.947146384255605,133.14786276984813,0.8567897252765913,-1.6352821094380119,1.8267792804156493,-1.2084852757060904,2.1501304473781473,1000,0.21417371726684675,4.307173448889856,16.464345540776286,0.9936995984352046,-1.5416660131203435,2.1314503824272517,-1.7334774956661543,2.161824930199848,1000
337,1.3152645748298093,5.7081139497377755,8.652975194443089,0.838531385006133,-0.4257041069425111,2.7733710948368464,-0.32825693978221127,2.95878608944183,1000,1.6393087945713152,4.896528175104432,10.057608130632365,0.9092784448638855,-0.4577608849305634,2.960130727142354,-0.14287695736190043,3.4214945465045306,1000
338,2.734076562976232,1.842189809734517,55.43179169960619,0.44644626321995473,1.6790401730241447,3.4385016208627124,1.8590418870651204,3.609111238887343,1000,2.6311290980748003,4.656096432505139,9.616492690413228,0.4785643651237514,1.6840243894963376,3.496541622495168,1.6931429424322477,3.569115253717353,1000
339,1.2619228831010092,1.6574295316443088,35.39435667754418,0.5467910892791317,-0.15062732133852244,1.8367289185504037,0.19021234811391108,2.333633418088107,1000,1.20839899336556,1.7627237966855642,32.12399240155669,0.5750877958824002,-0.2496895918175438,1.7552994686324166,0.08122691343605548,2.335571073295064,1000
340,0.9582063697402493,2.502445635249759,40.95844903929682,0.4920328991824554,0.2355084705860266,2.3056876172888288,-0.006178112657363233,1.9225908521378618,1000,0.9196140244241171,2.6393780887873763,33.61951456489174,0.5613821132968229,0.05076748811305855,2.4076238124183327,-0.18069491763765577,2.0199229664858898,1000
341,1.6704045647384493,11.228639370004892,5.498175186550972,0.6286078438450273,0.5055756807740712,2.9470382551621115,0.4383331908021959,2.9024759386747028,1000,1.1085076042492141,6.336386284084597,11.248404813266601,0.5935275912903826,0.24323697919824439,2.5505091907354207,-0.05480647467993571,2.2718216831783637,1000
342,2.684482339606806,1.1447902583362577,312.95619242533354,0.8656062219562488,0.37383761278583344,3.4384003933564564,0.9878941445725582,4.3810705346410534,1000,1.9797436485981748,3.296982441958594,19.95259588271336,0.8012365161816002,-0.016755343726631077,3.3886483145279103,0.4093200768822385,3.550167220314111,1000
343,-0.30640025419792183,3.1805412658618692,25.541125505209852,1.307381922870495,-1.6764073213683426,2.5631475698493413,-2.868868823024092,2.2560683146282483,1000,0.1460099721347219,4.287061209652366,15.655359463187228,0.9495678647883813,-0.7854496677663543,2.5324892647624493,-1.7151430428505055,2.0071629871199494,1000
344,2.3517745338869687,4.755787991745079,8.167341061562457,0.4739347304780988,1.562008246344324,3.39801189333707,1.422862462149895,3.2806866056240422,1000,2.604222047941953,4.75938619679938,7.287444887093261,0.491467815175034,1.5508179441492727,3.3859289517104783,1.6409451301988864,3.5674989656850196,1000
345,1.126240513896362,2.126554569694399,123.39297519633861,0.8732049802959754,-0.5652761088058207,2.649986439517485,-0.5852412474837496,2.837722275276474,1000,1.2306146480582318,2.9649102633028215,19.552732528298847,0.7244861264178921,-0.29118548494152174,2.4685859875868963,-0.1893781597208366,2.6506074558373003,1000
346,0.18582244885945354,1.5552329392275281,137.4753421303731,0.7060068553864209,-0.41137248393522224,2.294677531480793,-1.1979509876979315,1.5695958854168386,1000,0.9833100600993383,5.368410990252502,13.821606385679365,0.6455847317485423,-0.2024878416440072,2.3871142311654867,-0.28203601412780444,2.248656134326481,1000
347,2.8841456448485276,1.7187323460867294,221.0479724178219,0.46538755823765565,1.6698138512453164,3.3415383408225923,1.9719860307027226,3.796305258994333,1000,1.7134964748731933,4.929706412618536,13.392060954539755,0.8235722800289564,-0.4157012673649567,2.9491448619222074,0.0992948060164387,3.3276981437299478,1000
348,0.4794215682936045,1.922887396500753,51.835715951030316,0.5519097710173096,-0.6735074014341024,1.9552768747901863,-0.6023215829003223,1.5611647194875313,1000,0.452597891967371,2.4266702463785657,34.66702063154999,0.5987702146628563,-0.6189506496547341,2.1152975795932174,-0.7209917287718273,1.6261875127065692,1000
349,1.391874667540861,5.026004543325186,11.714496643577698,0.5134230404054752,0.423708110515419,2.4459136311893515,0.3855655083461298,2.3981838267355924,1000,1.395415979023646,7.3451301066591,5.263115155066859,0.6300920694222887,0.012405336207341586,2.529951106207938,0.1604355229559602,2.630396435091332,1000
350,2.7724718407133193,2.7885077820867226,53.117099265952106,0.8634515353210215,0.37678041012214114,3.676123441489367,1.0801068314841173,4.464836849942522,1000,2.0571453031327405,8.878668050780817,7.178218957007743,0.7307309133941918,0.4833611821075163,3.357109295855498,0.6249127128801244,3.4893778933853565,1000
351,1.6181377460118478,6.084860340221394,4.8963423830309125,0.6266021869334241,0.2715620524995236,2.833952689284343,0.38999745962233656,2.846278032401359,1000,1.5544263988257168,4.74634649632847,5.338310779570851,0.9514907348077059,-0.5639535083197754,3.4021205472125047,-0.3104954413973866,3.41934823904882,1000
352,1.556133780721142,1.5849711951354852,96.8425887833141,0.38494071055143214,0.6784954499825455,2.3159169542310063,0.8016499880403349,2.3106175734019487,1000,1.463947839138159,6.8478899331893315,5.9294237111561605,0.5880100873993636,0.10397784797678722,2.3744925983602805,0.3114480678354066,2.6164476104409116,1000
353,0.9980312494091901,3.8648242159049584,11.847049931593306,0.49919580473465636,0.12827175189262882,1.9217018233747756,0.019607472129263614,1.9764550266891165,1000,0.6783886001136521,4.596634075529663,6.782062754454918,0.491890173468087,-0.11251036558196655,1.694347895884706,-0.2857161398837984,1.6424933401111026,1000
354,0.5813684188280703,1.446497642590533,78.64860454018941,1.0014975364684007,-0.1303458079632765,2.9672197900802377,-1.3815667526499948,2.5443035903061357,1000,0.8267523227747386,2.021785304727857,23.92758439839339,0.9536249163407533,-0.2396561603888379,2.8809355409717656,-1.0423525132531377,2.695857158802615,1000
355,2.0995089857647096,2.2273868098463185,89.69750754520662,0.49962418718971274,1.5188455098424065,3.610808321443887,1.1202455788728725,3.0787723926565467,1000,2.595971217984582,7.235010252353059,6.876886254278536,0.6364119575129559,1.5079172410544335,3.9602438486373193,1.3486037812591884,3.8433386547099753,1000
356,0.03841442801702111,1.0707258233406167,715.3020426449007,0.8747335034154698,-0.36752941702339204,2.3382232550560045,-1.6760632386772998,1.752892094711342,1000,1.750559708254477,6.0117548908755865,10.593803613349765,0.39441822896391343,1.2270137011251216,2.727029965590544,0.9774999794852067,2.5236194370237475,1000
357,1.2439686073181229,2.633071154736411,12.6933793710682,1.6688110710273367,-1.0122464038572516,4.497620513830731,-2.026901091895457,4.514838306531702,1000,2.66246756873577,2.203669323402799,12.769598318142434,1.5849280741721836,-0.8138037482416693,4.501910973777681,-0.4439914566417098,5.76892659411325,1000
358,1.4080496300334946,5.940629066351709,14.581516959948422,0.5005795045497409,0.4413892934615441,2.405607851397981,0.4269138011160025,2.389185458950987,1000,1.3699577451015115,8.074063284772581,8.122734971022044,0.5171449089767721,0.36101817633051564,2.40312562456933,0.3563537235070382,2.3835617666959847,1000
359,1.5555637554548412,3.247804141723176,10.511533817661963,0.6353665585429455,0.7437477942130132,3.293040599788539,0.3102453007106678,2.8008822101990143,1000,1.4787050199481488,2.793619200131965,11.131628907269974,0.6377872797004459,0.7476628132890867,3.192816692135421,0.2286419517352749,2.728768088161023,1000
360,1.3071272039646922,1.1911901514515015,135.83911352325694,0.4767667405657646,0.7590301074067918,2.8572819500263202,0.3726643924557935,2.241590015473591,1000,1.4450786196091387,2.569223351430717,21.323873113760737,0.4978478549921322,0.718443581319833,2.8206656310807214,0.46929682382455973,2.420860415393718,1000
361,1.581727823128089,6.501366534493132,15.455113465515993,0.4021761781207279,0.8311148561746029,2.356687539903369,0.7934625140114622,2.3699931322447156,1000,1.2932147920966681,9.039780820669208,7.540412065181165,0.5738052361716646,0.2766327309480868,2.6026659962401832,0.16855652920020558,2.4178730549931307,1000
362,2.4758120681983113,1.0200203393557385,389.14369964550673,1.4031292404575457,-1.7654352320703048,3.047902300942016,-0.2743212430984783,5.225945379495101,1000,2.1594261285906384,1.1919403155326227,44.81398209567284,1.8059784961317404,-2.411112987949854,2.9198069571719754,-1.3802917238275727,5.69914398100885,1000
363,0.5747716617468628,1.1467726336765822,19.38040951112245,1.6130747807373742,-0.6484871642746021,5.100313652568241,-2.5868549084983905,3.736398231992116,1000,0.15720383491657186,100.00000000000001,9.357622968840175e-14,1.2117135391649794,-0.8722123486538294,4.283746926169929,-2.2177547018467876,2.5321623716799313,1000
364,0.48340013746516686,1.0246377023461122,1828.7445652842107,1.2978467165582146,0.028284269264740702,4.124218713827424,-2.0603794269889337,3.0271797019192674,1000,2.706116779445099,2.851982977705299,11.941272545068376,0.9659868801790146,0.825551958329935,4.129117994523452,0.8127824942942303,4.599451064595968,1000
365,1.1122705987047357,4.443884993910928,11.20842559841185,0.5334713986934001,0.14093719833933468,2.0639587442506326,0.06666665726567156,2.1578745401437995,1000,0.7055000835582508,4.6364828256860005,9.814278086617993,0.7207182097962376,-0.7006563676218909,1.988015453164343,-0.7071076076423748,2.1181077747588763,1000
366,1.663759090924947,1.710537584439713,89.26929011036698,0.5813066855892013,0.48588958664496085,2.8205535619890107,0.5243979871701123,2.8031201946797815,1000,1.662197519386764,2.1410994603400186,34.55695285651387,0.6984736216589268,-0.13892002790693797,2.84089662218216,0.29318922093526756,3.03120581783826,1000
367,2.0669066632175044,7.458317057896717,10.883808864296,0.35129601798313836,1.2654607106488176,2.7019134934329125,1.3783664679705532,2.7554468584644556,1000,1.632297324670371,3.1549375645603384,27.931152587698595,0.3645604230356102,1.1226223882215456,2.5277385499881646,0.9177588955205749,2.3468357538201667,1000
368,1.6012933469532167,3.4168028214912542,11.877706690259691,0.6311426152232892,0.6179381066133044,2.917196235821005,0.3642538211155699,2.8383328727908634,1000,1.3184833956110003,2.359113608137372,9.491326572522276,0.8148389513643605,0.09710659215021561,3.020314079314352,-0.27860094906314625,2.9155677402851468,1000
369,1.8454500790741712,11.210317845598222,4.354562929856938,0.2963637151643271,1.2614433434080263,2.427071859578602,1.2645771973520903,2.426322960796252,1000,1.703721167713656,9.93363911226983,4.088156318144584,0.5268241617623279,0.7163081495779865,2.8188519672905223,0.6711458106594932,2.736296524767819,1000
370,1.5255928217628894,7.9973607756557366,3.4173298809187576,0.3364212990289734,0.948665728171749,2.272502205905925,0.8662070756661016,2.184978567859677,1000,1.8799970460988864,7.888758100223504,2.22026804059523,0.738777457947723,-0.028536094671881982,3.199015254503626,0.43199322852134947,3.328000863676423,1000
371,1.4437305984503093,2.5340625281044136,49.71994676850805,0.5354350100989576,0.7242153308852993,2.696145395289338,0.3942779786563524,2.4931832182442664,1000,1.6947390017962207,4.7450039913622035,17.777035083824057,0.452056345678788,0.8675694278040402,2.6055203358876455,0.8087085642657963,2.5807694393266454,1000
372,1.3383051803656674,3.8531493981159177,24.386452141594322,0.5767976004862143,0.08595265223615382,2.358736463874267,0.20778188341268744,2.468828477318647,1000,1.2640914717928848,4.2824696151170105,18.45278520499416,0.49089107750128086,0.3030495578841085,2.298738689197031,0.3019449598903744,2.226237983695395,1000
373,0.3053869265961784,3.7725839883142704,11.834941688793608,0.707624664665866,-0.7064808786910456,1.7792722370633693,-1.081557416148919,1.6923312693412758,1000,0.4793555786861763,4.6753147118515646,7.733295326954061,0.6538083091267404,-0.5788631767397973,1.8528030313373587,-0.8021087072022348,1.7608198645745874,1000
374,1.1907490820529776,9.179653438124708,3.499744124166927,0.6907736162072448,-0.2912451574189609,2.504334040510609,-0.16316720571322207,2.5446653698191772,1000,0.9639199597945705,7.949056817347158,3.1441892058439667,0.8413590591105612,-0.8921151170326808,2.4511754740922136,-0.6851437960621294,2.6129837156512705,1000
375,1.510175068178316,6.711406721030441,4.886444953048589,1.183341645390876,-1.2997002838388152,3.550904315937571,-0.809174556787801,3.8295246931444327,1000,1.2769112823136506,6.247814954960377,4.238025934915586,1.0652072367819956,-0.9392158697781027,3.495841151128985,-0.8108949017790608,3.364717466406362,1000
376,1.6587924633357891,1.5019410687739831,79.95487987921356,0.4941313943759965,0.466485439825937,2.7443997245138436,0.6902949303588359,2.6272899963127423,1000,1.8174129599104996,4.862513476214281,7.803203322191577,0.6273603095700546,0.29522722812465474,2.7806912651700157,0.5877867531531926,3.0470391666678065,1000
377,1.1313042652361731,1.5527187138934815,124.29739796412684,0.9563420693181572,-1.1569262684211459,3.1482419873236758,-0.7431261906274151,3.0057347210997616,1000,0.38312417954098565,3.053716783542723,37.564670006467715,1.1446247147687498,-1.1900855070156247,3.191199482085792,-1.860340261405764,2.6265886204877353,1000
378,1.1287582793602342,2.447405219287899,18.79607561814822,0.5458246718793156,0.3891161603321111,2.4330676061337493,0.05894192247677554,2.198574636243693,1000,1.2362070872428452,3.0889657640083565,13.453880926918618,0.5630360197052587,0.23180561932185947,2.463168216679007,0.13265648862053814,2.3397576858651523,1000
379,1.6064552685922449,1.6839582810763156,22.87094899404785,0.7038789519724495,-0.10185573709897781,2.5873017527851974,0.22685252272624368,2.986058014458246,1000,1.555221480240105,1.8471666995252924,16.058104021188452,0.714140910340525,-0.18484558859439643,2.480176087697118,0.15550529597267615,2.9549376645075336,1000
380,2.176553540939115,3.7610012134412316,13.967971233898236,0.5759975730158355,0.75219994561358,3.0856011119474847,1.0475982978280773,3.3055087840501525,1000,2.5682774351619777,4.5227893622100455,7.6114884632741395,0.7575877427959452,0.8292516981500798,4.021679351739407,1.083405459281925,4.05314941104203,1000
381,1.1500351901852326,1.0326581602663039,1623.6711284534808,0.3686993764470461,0.5985998284652674,2.0085011163182354,0.42738441234902225,1.872685968021443,1000,1.4457029017119296,1.4056924318492718,51.243529565440795,0.5052017067548653,-0.13081655563177919,2.055329469184192,0.4555075564723936,2.4358982469514654,1000
382,2.8603055881470096,4.553086717201529,7.349373642813235,0.7863845770873775,1.2430599286728647,4.115131240402529,1.3189918170557497,4.4016193592382695,1000,2.592146118052316,4.075179566268518,8.463294474846744,1.0668707205911132,-0.014734778966289976,4.281383402173714,0.5010795056937343,4.683212730410897,1000
383,2.170566020005305,3.7291816210657545,19.043032664547884,0.4529162645469837,1.391831530713487,3.1579819719342943,1.282850141493217,3.058281898517393,1000,1.9505701088048584,5.139970151900443,9.749849106746836,0.5882143851865036,0.8121633606090201,3.0656478966386786,0.7976699138393113,3.1034703037704054,1000
384,2.956165822015187,6.554387223134037,6.853418593670766,0.8768306257699225,0.9131850222375814,4.232912738765121,1.237577795506139,4.674753848524235,1000,1.8228488771808502,5.073266290420604,9.115648646700475,0.9270847313180811,-0.31640812760804776,3.581860784285025,0.005762803797411342,3.639934950564289,1000
385,3.067279095741598,6.225416751820119,9.856466551448287,0.5035953914091074,1.8086923070586265,3.8937500110178713,2.0802321285797474,4.054326062903448,1000,2.605132706468683,9.960119812142686,4.320481269529785,0.7970452591263133,0.6048115804622257,3.919723011690019,1.042923998581109,4.167341414356256,1000
386,0.5833339682147847,4.335707682590642,18.959982929150556,0.6856510053402458,-0.4559434236980449,2.012328604387846,-0.760542002252097,1.9272099386816663,1000,0.8516764052021268,5.755526880539361,12.114244020634706,0.552927256765424,0.0833916389434732,2.1769130077999534,-0.2320610180581042,1.9354138284623579,1000
387,2.719395079118872,2.2399608044379935,72.46634200976085,1.4696520913404953,-0.3361705961068041,4.335731668307691,-0.16112301990849875,5.599913178146243,1000,1.7650899351806915,3.5218194981896978,20.74549632456495,1.0766618964907366,-0.32519235713026307,3.846231074237835,-0.34516738194115226,3.875347252302535,1000
388,0.5839133379380161,1.2556111869225712,61.626467329037595,0.7888349524153637,-0.14384018596693465,2.9813508137184304,-0.9622031687960968,2.130029844672129,1000,0.7211180772052614,1.6009802230563888,23.134580747677177,0.7406812454518159,-0.06658852237183914,2.8342812937547315,-0.7306171638802976,2.1728533182908203,1000
389,2.3744076539791075,5.65016118085936,16.682047351263602,0.5104355404515327,1.1494788883032847,3.1820746840055123,1.3739539946941033,3.3748613132641117,1000,1.2794127012865255,3.3422294271752295,24.006600684781343,0.726759610602154,0.3158595986954715,3.1564015832235435,-0.1450361354936962,2.7038615380667474,1000
390,2.4483195066246997,3.248415570078994,27.03906935788742,0.43811849725615526,1.3399409361369852,2.963219066680114,1.5896072520026354,3.3070317612467637,1000,2.118081347426796,9.379406869542843,7.287905900974532,0.4898908707476552,1.1584191707327418,3.164331995138829,1.1578952407613916,3.0782674540922,1000
391,0.10206544446788612,4.266037504599741,15.905294617627952,0.9373856985795938,-1.1508153842743991,2.2492484789359652,-1.7352105247481175,1.9393414136838898,1000,0.5536859485032863,6.774583919552166,7.84513932010013,0.7494965466915814,-0.6740248909672456,2.2394014851173982,-0.9153272830122132,2.022699180018786,1000
392,2.189959267084347,2.728944599415887,15.867687456527701,0.4624900497006671,1.10019715627269,2.9829468255909983,1.2834787696710395,3.0964397644976547,1000,2.25845480757952,3.029884550981181,8.1760276715458,0.5573303261754721,0.9065506586977026,3.140385378425446,1.1660873682755948,3.350822246883445,1000
393,4.116094647265577,1.8981206929087098,56.564887511241984,0.5967365088276019,2.6682987217026346,4.933841269153744,2.9464910899634766,5.285698204567677,1000,4.325573933235546,1.897395149471174,34.40040042756346,1.1659814062762366,0.15051343360171315,5.1090915879881,2.0402503769341225,6.61089748953697,1000
394,2.6036259640363766,2.145413169787003,24.061106394438468,0.5534293429617965,1.1430952736083047,3.3036405223200656,1.5189044518312556,3.6883474762414976,1000,2.405489692440054,3.0111989323541675,11.66169923315593,0.6018494559070764,0.9493766716683001,3.280098309263278,1.2258647588621843,3.5851146260179236,1000
395,1.9961292564619586,4.238878790451881,24.531794591498265,0.6266510557611988,0.5805133564571209,2.908178333443274,0.767893187170009,3.224365325753908,1000,1.6059987857884677,6.272898748229613,14.075251770031658,0.41398355369335393,0.7032409712981014,2.308670126752814,0.7945910205494939,2.417406551027441,1000
396,1.741390007945423,2.849058371284862,37.49678728915073,0.7395219959343693,0.08506729805707167,2.9450247901710545,0.2919268959140593,3.1908531199767864,1000,1.1354860361204862,4.0677540781393065,21.71322134020464,1.0222507942101364,0.057913992283219806,3.4278878829666857,-0.8681255205313814,3.1390975927723535,1000
397,2.2580396220903176,2.550161855388996,19.62881686555119,0.7188842795523168,0.8210963339927415,3.4092743879577796,0.8490264341677767,3.6670528100128585,1000,2.5190261304267523,1.9108124328659735,10.171355370553485,0.8838935183431137,0.15253173060488076,3.4045308546711976,0.7865948344742495,4.251457426379255,1000
398,1.0112277216639733,3.531118034172174,36.735577478477076,0.6607918746891883,0.06229924961458998,2.7463833065471692,-0.2839243527268358,2.3063797960547827,1000,1.393441727461962,4.602374533616953,21.237968171649594,0.566740005355182,0.43166490442270844,2.7095211233755907,0.28263131696580523,2.504252137958119,1000
399,2.2514227238531745,8.907119014987021,3.9364931366737395,0.9219716874582982,0.23660142926917896,3.9225634158859446,0.44435821643491025,4.058487231271439,1000,0.9190736789249181,5.21138404432844,7.900891906183039,1.1339453169365057,-0.7507383810540582,3.5677374040584224,-1.3034591422706332,3.1416065001204694,1000
400,3.2341195560678964,3.5160673688452198,19.57574507137542,0.5374729098762145,2.2654708909187695,4.28015386331682,2.180672652710516,4.2875664594252765,1000,2.931538427344093,3.181922441314111,19.824429740439026,0.8695105823279242,0.5453880318147579,4.284751341511163,1.2272976859813618,4.635779168706825,1000
401,0.9765929266354656,4.098625756568649,15.483753505472599,1.0616034402255268,-1.9430813566070777,2.4736127546615245,-1.104149816206567,3.0573356694774985,1000,1.5777859611851524,2.3014349924417217,30.12057170737964,0.9742176210572736,-1.2250190304249047,2.5932806871078418,-0.331680576087104,3.4872524984574085,1000
402,2.3609793243398833,2.34738776414145,42.97392578035422,0.8554151725621436,0.09418587710082543,3.5797132975166517,0.684365586118082,4.037593062561685,1000,1.7027629613707171,7.113055192805196,6.005984214038923,0.7767379563147643,0.09242952920345272,3.015310630666684,0.18035656699377922,3.225169355747655,1000
403,1.9714166573423135,6.585004421419796,9.00068180951874,0.43589784951513727,1.0683331351139551,2.742109327488896,1.1170568722926446,2.8257764423919824,1000,1.739637234737077,7.100526266019467,7.698343245755117,0.470242654427908,0.6198223340908608,2.5322107360512214,0.8179616320583772,2.661312837415777,1000
404,2.1778328087312855,2.2810518613775663,33.370854027741224,0.4935536647124423,1.081673136986465,2.9383971652500276,1.2104676258948985,3.1451979915676724,1000,2.2673387579146116,3.693955825045501,14.60035213859954,0.6034804454475033,0.9279349226951596,3.0755466123942043,1.084517084837505,3.450160430991718,1000
405,0.6575336890417998,1.2304282697248732,245.5660066785704,0.3903532315146736,-0.04405386731833328,1.4058603795160218,-0.10755864472696053,1.42262602281056,1000,0.7454478454164495,3.3043917412273833,14.743847090876766,0.4539194823996016,-0.6426424365000976,1.334305831304444,-0.14423434008676972,1.6351300309196688,1000
406,0.9191148483470151,1.741312737367982,44.16537904090745,1.2947030123787167,-0.14026789037419402,4.019798587461353,-1.6185030559152696,3.4567327526093,1000,0.690789450231037,1.4736062612763783,47.70198303706244,1.1534124041527334,-0.2148329121944501,3.6841815027245928,-1.5698988619083205,2.9514777623703945,1000
407,0.4735481555715155,3.325662934226681,9.192275408878938,1.3232909780998126,-1.1186708097089246,4.152616276377564,-2.120102161504117,3.0671984726471484,1000,0.786806905977778,3.559397165372689,7.947590640395412,1.2467877379012973,-0.9324779662490476,4.07363354337793,-1.6568970603087645,3.2305108722643205,1000
408,0.7390436053462197,1.183021020690836,332.1928129146627,0.34407433565331375,0.2523264986162698,1.589028425364489,0.06465790746572475,1.4134293032267147,1000,0.7733156291977312,6.643089759831423,9.832813615585945,0.5570023948183653,-0.4118140449289213,1.854540567878427,-0.31840906464626473,1.8650403230417272,1000
409,1.8152481105190599,1.5307992902380978,171.5728718915391,0.9680594794623434,-0.8306030476276673,2.470328766005971,-0.08214846922713304,3.712644690265253,1000,0.4142331227786362,6.953898812332407,9.165340520725616,0.6284336195013306,-0.7854086527807448,1.5501533035808306,-0.8174967714439718,1.6459630170012443,1000
410,2.395080930057512,2.0722138465972733,51.49969612255228,0.6106155402782936,0.9815922819739787,3.258807082862093,1.1982744711120565,3.5918873890029674,1000,1.777186498052131,2.6072764068213328,26.196732615851584,0.7842552311147493,0.8654079612514133,3.740929719731959,0.2400462450672225,3.3143267510370396,1000
411,1.1956491024626268,4.626517241360269,12.207600824257462,0.6500101279482619,0.27192853421729174,2.7186255678653803,-0.07837074831596635,2.4696689532412197,1000,1.335880634107891,5.7749725183757254,9.029137555865903,0.709677972762152,0.15126780836539,2.940079679263318,-0.055088192505927,2.7268494607217093,1000
412,1.9031475632213537,7.110942625293457,5.68580844879569,0.5112374736232733,0.7567192247138564,2.7881278080493397,0.9011221149197379,2.9051730115229697,1000,1.8122000130103675,7.452671130590489,4.870049753653233,0.5078903527464711,0.7293446205300682,2.692582886812135,0.8167349216272841,2.807665104393451,1000
413,2.35435704971677,1.2536116485169833,39.38329626075054,0.8332612665327134,-0.11363813259296318,2.991911525162447,0.7211649673126519,3.987549132120888,1000,2.4093235236846176,1.2876022181556748,30.457128459961787,0.8509718885379682,-0.16360263664326363,3.031380508278132,0.7414186221501999,4.077228425219035,1000
414,1.8893048892513515,1.0865325791507114,56.93810668814988,0.5370448938436696,0.48568790934617617,2.6719527461398465,0.8366968973177591,2.941912881184944,1000,1.8860441650940625,1.0901453239298686,51.72252049495983,0.6529377046536096,0.10062911782137941,2.449358960795865,0.6062862639729878,3.165802066215137,1000
415,2.109976386758415,3.1837322869873015,28.02039959847254,0.4543383399956135,1.515885330120162,3.4335934292961228,1.2194732403670128,3.0004795331498175,1000,2.3757530987834783,4.26960170483946,19.341917191641596,0.5520590960380096,1.2110509044079552,3.5016534655010774,1.2937172705489794,3.457788927017977,1000
416,5.1347072660319135,1.3430484947831272,0.028269778730269736,1.999694224061087,-0.4317606988008373,5.666719485170053,1.2153065868721828,9.054107945191644,1000,4.385508355140304,1.6056893276562019,0.0030626299188465066,2.0546562279962233,-0.958465734255327,5.152550694531206,0.3583821482677063,8.4126345620129,1000
417,0.7432992996373298,5.844646652420176,9.322371103475144,0.7171922972061943,-0.546705045436252,2.1509641136314963,-0.662397602886811,2.1489962021614706,1000,0.7510492672717466,7.7751029409734285,5.253762922037675,0.6569817449408952,-0.48955803121864444,2.0517227678416265,-0.5366349528124081,2.038733487355901,1000
418,-0.4437015369079227,2.6420411115484828,22.445867234135473,0.8708357318237103,-1.2728264319073381,1.9347859099497622,-2.150539571282395,1.2631364974665495,1000,-0.022509761175988796,4.429369468810228,10.574759505333477,0.7861271071176814,-1.085594579206805,1.9151905411500396,-1.5633188911266442,1.5182993687746666,1000
419,2.2748508619954086,4.428083904868646,21.76862662815835,0.37458458765023855,1.644691841448845,3.069354717678428,1.5406650702009412,3.009036653789876,1000,2.4635643198127073,5.892051953522845,9.806653546498977,0.3661779984934131,1.7441056293699644,3.1729928396573484,1.7458554427656177,3.181273196859797,1000
420,2.0049356349273864,3.9198181086580957,10.498978591835083,0.6132831234434994,0.8784730357412475,3.1361179379725526,0.8029007129781274,3.2069705568766453,1000,2.0160464139092658,3.882941531901199,9.753315762118069,0.6571698159514712,0.8112116192643337,3.223727363322587,0.7279935746443822,3.304099253174149,1000
421,3.2427898319949318,3.955387237061607,23.510697968014203,0.7616058345378114,1.5821486664418802,4.399568868790198,1.7500423963008214,4.735537267689042,1000,2.3647702960166668,4.51239994257242,14.711145278674419,1.0452236724992197,0.23759037868922414,4.390682324547133,0.3161318979181962,4.413408694115137,1000
422,0.5112518479203736,1.702842507658709,165.98773767380814,0.6914312084383272,-0.10048742892976788,2.2245649895258954,-0.8439533206187477,1.866457016459495,1000,0.999504685991961,8.320631457282143,8.953767752521959,0.6401581818269342,0.1181950366291862,2.6651912270369724,-0.2552053503888301,2.254214722372752,1000
423,2.223423388127683,4.146766930960299,14.804485554611524,0.8860722186194732,0.7686677366390531,3.9216611253123266,0.48672183963351534,3.9601249366218503,1000,1.11532525508713,1.4686622731327266,78.20481399660943,0.8429955359116873,0.3518210307517487,3.7325398560103102,-0.536945995299777,2.767596505474037,1000
424,0.2641901766541457,1.3507515646085473,96.30944719832301,1.2443148511639623,-0.3686083118949349,3.372001680251584,-2.1746669316272205,2.703047284935512,1000,0.7397887759210899,1.900310133683826,29.679956887218815,1.1527926259189412,-0.18517286526987908,3.5448222267309295,-1.5196847708800347,2.9992623227222146,1000
425,3.554417165649543,4.90923586911378,9.745032472779968,0.6860323337198326,1.919509886789949,4.589892267775557,2.209793791558671,4.899040539740415,1000,3.4243769852404986,5.262330628747107,6.908292729049178,0.8414086697397991,1.3651357349353557,4.819733347904299,1.7752159925504924,5.0735379779305045,1000
426,2.5888491246952845,1.9443140919788957,31.529959925011774,0.8813053479762246,0.15982904433007677,3.242304089045105,0.8614906426618842,4.3162076067286845,1000,2.266960917698243,3.271378318660481,11.511626768660188,0.7198087667873615,0.36479347161790493,3.134062956150548,0.8561357347950143,3.6777861006014714,1000
427,-0.033597542945729586,2.664884271195051,101.48513126740748,0.8702606022578623,-1.3322017555532448,2.642607119904652,-1.7393083233711397,1.6721132374796805,1000,1.567942935775028,7.974063354170923,7.666083640913352,0.7195048158110827,0.3205536158407243,3.067106667711856,0.157713496785306,2.97817237476475,1000
428,2.0066085125661837,6.482031789263971,8.418663621983121,0.3732507419955826,1.2566962621973483,2.744341638021709,1.2750370582548416,2.7381799668775257,1000,1.7828639967562352,3.7559814841377785,16.094844861714684,0.42575188446058587,1.1982054855319848,2.805639938099041,0.9483903032134869,2.6173376902989833,1000
429,2.9827131639810123,1.1684103703058968,189.96623920195708,1.3901860730202151,-0.6694663653148867,3.485056606240671,0.25794846086139067,5.707477867100634,1000,1.5465292146136465,2.6173635126648356,34.38952676172322,1.2082609802962803,-1.1261694346433921,3.171345614116587,-0.8216623067670628,3.9147207359943557,1000
430,2.6143442168944646,1.1194079085628716,366.2597525877956,0.4060905673142653,1.7139588450780456,3.2783492864343398,1.8184067049585046,3.410281728830425,1000,2.425737498636004,5.078283138985849,8.874727094950938,0.5656059146572548,0.716281656507767,3.2138962199669576,1.3171499059077845,3.5343250913642232,1000
431,1.6741448406287316,4.563676101323091,21.356695935330116,0.5180170617474783,0.8721500867803873,2.9678770265679177,0.6588313996036741,2.6894582816537893,1000,1.7622087005110785,7.129410541795093,8.502368755711228,0.5646554730715045,0.7204533025642853,3.0209698536692375,0.6554839732909297,2.8689334277312275,1000
432,-0.5419856221529162,1.1737446984605509,219.65870191544093,1.0074137588301766,-0.9851706550164521,2.080464852151279,-2.5165165894600623,1.4325453451542298,1000,0.10154184599647875,3.1363754055109445,17.245381603878496,0.6511344512991696,-0.7499945207281186,1.4423362559259278,-1.1746816785498937,1.3777653705428512,1000
433,0.21224518395302194,1.436180110417529,82.53188899875178,1.2266893935065402,-0.6751081968421503,3.369000820690321,-2.1920660273197967,2.6165563952258406,1000,-0.28554670602640275,2.872362957338999,21.825869896284473,1.220237679144738,-1.60051761958526,3.113268338670623,-2.677212557150089,2.1061191450972836,1000
434,3.3820197720095493,2.6689591780156343,13.759202609185316,0.7186358483795862,1.2749954104186656,4.223186787464891,1.9734935091855603,4.790546034833538,1000,2.96214544122523,2.8851181534074297,11.71361611497125,1.4007380707970742,-0.5941856112891208,4.192777483079925,0.2166988224629649,5.707592059987496,1000
435,2.64803740583914,3.470115723846147,15.721386659102711,1.0700711404270393,0.6648146798258867,4.129198003898681,0.5506979706021431,4.745376841076137,1000,2.783124594929302,3.5136451887239213,13.541956163750838,1.0086153817182142,0.6882239551107343,4.100226645705671,0.8062384467616024,4.760010743097002,1000
436,0.8444807556007825,4.508858821738607,15.74363087098585,0.34472024375592814,0.2389328121805327,1.6250053959975839,0.16882907783916334,1.5201324333624018,1000,0.7847399010214418,3.7044121364890383,23.057871840667644,0.3335409566045132,0.25076670101810683,1.5910280835081785,0.13099962607659588,1.4384801759662875,1000
437,2.358093933663174,2.6624447508658844,80.09124816015887,0.6539750264133989,1.0293394258925261,3.4656546884130126,1.0763028818929123,3.6398849854334356,1000,1.8008613353295893,3.3844717628058314,25.939686361464133,0.6399071490054589,0.8552530448231496,3.4185627086124093,0.5466433232788899,3.0550793473802886,1000
438,1.7837241866105322,3.416616192146034,28.42417418545536,1.0108644402090563,0.25369657506904497,4.060053175250243,-0.19757011619921805,3.7650184894202825,1000,1.4085271384910034,2.534692173027974,20.184511170397272,0.8950591312815322,0.21766156861513722,3.8092741127479792,-0.34578875882079974,3.1628430358028066,1000
439,1.7022544009864968,8.766011167768085,3.4552703499610367,0.8657891129941463,-0.2557552964198222,3.1645157751641793,0.005307739517970145,3.3992010624550235,1000,1.6426812194417153,8.529328173906867,3.8827148922005064,0.9027643267558576,-0.17734330877388146,3.333393897364192,-0.12673686099976567,3.412099299883196,1000
440,2.870124438087778,3.0809198143747114,28.43684430013198,1.118038316994229,-0.42061871957617303,4.216180838622346,0.6787693367790895,5.061479539396467,1000,0.9323027911750809,4.3242353052657885,16.978838540895858,1.1693848751044955,-1.2403827102947003,3.6054211454131844,-1.3596915640297302,3.224297146379892,1000
441,1.0513877798868534,1.288290557995141,128.1048665881921,0.5430287880160175,0.4731558167508578,2.529677428026148,-0.012948644624540817,2.115724204398248,1000,1.2536463481735134,1.992672816052361,27.385257346181344,0.6850905630969826,-0.5615498893603511,2.5011010492187222,-0.08913115549657236,2.596423851843599,1000
442,1.7681913084890617,4.307447383577423,11.435520649004928,0.7426731702826909,0.30266998516868987,3.385613330000494,0.3125518947349877,3.223830722243136,1000,1.6481107285188812,4.333023815974822,10.393611797797597,0.7466760388704016,0.18242712254576327,3.2800006620883253,0.18462569233289416,3.111595764704868,1000
443,1.923625225031846,4.691545339325734,12.478661121339798,0.5827449198670666,0.6955249183973875,2.8425524522824057,0.7814451820923956,3.0658052679712964,1000,1.7337664871879288,6.161145634011647,8.231546483735718,0.6331725123295485,0.2974309095642,2.7728555552199814,0.49274836302201375,2.9747846113538436,1000
444,1.470319666287378,2.5605018355835365,69.75699110902484,1.3314649795183466,-0.6064978779660306,4.348718870416076,-1.1393516935685812,4.079991026143338,1000,1.715354005380794,3.2731177380005434,32.369554547399886,1.290254100698226,-0.6050457524354215,3.8070172716040385,-0.8135440319877287,4.2442520427493164,1000
445,0.7553933769072789,3.483069430407582,18.84779329619706,0.5792695031606382,-0.2901906742317879,1.9872857907001444,-0.37997484928757186,1.8907616031021297,1000,0.35077580047152,5.104984221907357,7.8522595589682,0.8086458916157107,-1.1685290947710552,2.035161327950422,-1.2341701470952728,1.9357217480383129,1000
446,1.6842707867236126,3.0350634451327743,45.943887474452396,0.4651168739589939,0.9865836623571885,2.8500620365529166,0.7726417137639846,2.5958998596832408,1000,1.6408484761277222,7.60026393570188,10.329847088857282,0.4090626462057908,0.8756455500334405,2.5316957444848467,0.8390856895643722,2.4426112626910723,1000
447,1.9045948457439128,1.9238709446481368,71.47349913244886,0.5953992908707633,0.24093167767753476,2.5061200278891826,0.7376122356372168,3.071577455850609,1000,1.0775415521746616,8.085401003390336,8.886224621496808,0.5863487442167611,0.02024067649140282,2.305101266493221,-0.07170198649019,2.2267850908395133,1000
448,2.260534519693664,1.6880211383972497,42.65502309179617,0.3366520357355146,1.6848930054424858,2.973252476154209,1.6006965296520552,2.9203725097352726,1000,2.3370180395805793,1.914538541212049,26.441254360274304,0.6065283044253605,0.7411833856741674,3.454883197320878,1.1482225629068727,3.525813516254286,1000
449,0.8637107977494698,3.734981937533311,26.636139177606267,0.7980419368603654,-0.1028165315655861,2.619288657347044,-0.7004513984968463,2.427872993995786,1000,1.042318951931226,4.744281197614509,18.520640006997443,0.6567910690872173,0.14721485510086815,2.6003282421332026,-0.24499154347971985,2.329629447342172,1000
450,-0.3638151013444455,4.0354164796907765,14.530634949383346,0.9416550116064368,-1.464339120968866,2.1277207837569474,-2.2094589240930613,1.4818287214041705,1000,-0.05761654350173373,5.054655721342693,9.990423131232838,0.9445814654919419,-1.2637103299835941,2.4082499215110476,-1.9089962158659397,1.7937631288624722,1000
451,1.121787682329693,6.93749106999808,5.732525550364302,0.5317285821410914,-0.017582332956792627,2.101952427020691,0.07959966133315399,2.163975703326232,1000,1.0396812602369427,7.570705623121525,4.376123189123382,0.580212075590743,-0.09325761377446505,2.212459039241146,-0.0975344079209135,2.176896928394799,1000
452,1.5347381572113363,3.3463513136541043,48.472031253871926,0.7704563224131433,0.3153166500787728,3.2535974578638864,0.024643765281575414,3.0448325491410975,1000,1.6704033790429091,5.988668084718934,15.291159088168282,0.5227407192411828,0.41490876923802134,2.389998016325479,0.6458315693301908,2.6949751887556275,1000
453,1.766357235034974,1.4598412917803347,8.109853528978489,0.9616168150775939,1.0401118007192505,4.362393222608759,-0.11841172251710996,3.651126192587058,1000,1.7065878780493386,1.4015171035220506,7.7869343990602315,1.1820231393512846,-0.14040144302716787,3.801875391859066,-0.6101774750791791,4.023353231177857,1000
454,0.9619723044170099,7.9771077607158185,9.442954023099546,0.647123011797988,-0.4989894409828028,2.1315134774632547,-0.3063887987070466,2.2303334075410666,1000,0.4183576301575487,5.854766006051198,12.526983464209277,0.6940953016768469,-0.8516277954584186,1.8295860385998628,-0.9420691611290712,1.7787844214441686,1000
455,1.524484488111837,3.9991276879716517,13.477612644577533,0.4675554678564339,0.6083115806883282,2.365051347123545,0.6080757711132264,2.4408932051104473,1000,1.5305133295007267,4.029521763253179,10.019511743835116,0.5649183278106588,0.3214002073966598,2.510663347194648,0.4232734069918356,2.6377532520096176,1000
456,1.948456856159893,1.9562377229323005,36.481653220257265,0.5768431663014522,0.5543281108870276,3.024080386114845,0.8178442502090468,3.079069462110739,1000,2.0768986393266538,2.5828524201642766,20.944907363759775,0.6213669492930751,0.43742290845153814,3.1426819383131526,0.8590194187122264,3.294777859941081,1000
457,2.6529052623693867,3.6102778590552185,9.514771258984634,0.6772175642865972,0.9976462499199,3.559622199387606,1.3255588363676563,3.9802516883711174,1000,2.2844008771752073,3.6767129793128857,5.99634335352089,0.9589030086602247,-0.046317136949752875,3.637352342905713,0.40495098020116704,4.163850774149248,1000
458,2.5023297426411815,2.2584036713765716,48.526191647824454,0.42457737058056083,1.563851884550205,3.226585306076536,1.6701580963032823,3.3345013889790804,1000,2.7129741457955108,5.617019445600549,8.431911448796319,0.5205717207363733,1.6412388825872024,3.63924925797479,1.6926535731522192,3.7332947184388026,1000
459,2.8322881682729375,5.374561241886862,8.592609565351163,0.9595170611355733,1.0335795106062255,4.4804640380946905,0.9516347284472138,4.712941608098661,1000,3.1882005824945168,3.419349852967336,11.20166321863143,1.1438401516435268,0.7671693533572005,4.93356346212152,0.9462738852732042,5.43012727971583,1000
460,1.0421697130690888,5.973594607788486,8.66380466870615,0.4012490480200444,0.38427605093179434,1.9436581010800813,0.25572157894980174,1.8286178471883758,1000,1.0191504245294571,7.489375708593258,5.41749211978726,0.48978240415889124,0.14295638702150448,2.025750844230087,0.059176912378030355,1.979123936680884,1000
461,1.842047478153169,3.7362121806802824,20.82399036078801,0.9404679045919857,-0.27924274733654514,3.2556331440551105,-0.0012696148471229574,3.6853645711534613,1000,1.6841064472121368,4.071764644263007,14.451891627800334,0.8537351080796333,-0.25091805284159474,3.1230063701618667,0.010785635376055591,3.357427259048218,1000
462,1.9713185644669162,2.4676647145245676,42.75372597642061,1.1485114648583823,-0.5743147171607437,3.366313056237271,-0.2797639066555131,4.222401035589345,1000,1.8035098312008098,3.2645803480180255,25.24569542325486,0.9670679122588376,-0.495833421829789,3.0790176536632354,-0.09194327682651182,3.6989629392281316,1000
463,2.0691385489589527,4.267595710691564,8.84721833413805,0.5178102365906062,0.8991333933017018,2.8776191192887417,1.0542304852413644,3.084046612676541,1000,2.0694746936076056,4.046781470474219,9.421883277571913,0.5908013775830776,0.742835219235265,2.98702098120145,0.9115039935447735,3.227445393670438,1000
464,1.9336657368570556,10.12541234195106,2.861720971107374,0.5500460614288396,0.7879419582232691,2.9179017103954195,0.8555754564565299,3.0117560172575812,1000,1.9519836455473045,10.045741972959704,2.4345821327840382,0.6517086085334786,0.5334759768241251,3.070020064673967,0.6746347728216866,3.2293325182729227,1000
465,1.5472320985249,1.5280833759337469,95.30579559332246,0.9959692795936406,-1.3154156717324408,2.9674393861060824,-0.4048676894786356,3.4993318865284353,1000,1.4181738198304608,3.8372767830122303,18.647653382728073,0.9820795408504982,-1.1380676017072515,2.914412282132016,-0.5067020802365156,3.3430497198974374,1000
466,-0.0026296653506214795,1.0910402393542518,347.58604036941375,1.1369884847918146,-0.5448961413538904,3.230127702292695,-2.231127095542578,2.225867764841335,1000,0.4852899952300005,2.2153172892466397,25.638048311024964,0.8603038633097256,-0.2666889059364402,3.0339184897284994,-1.2009055768570618,2.1714855673170628,1000
467,0.23606783315615876,4.724777284273299,19.4346589882681,1.0842451791853163,-2.043149448858392,1.903993669278745,-1.889052718047061,2.3611883843593784,1000,-0.3613687628247808,4.910475972194769,19.28458544509889,0.97984229961836,-2.0350638755701245,1.89688457720454,-2.2818596700767664,1.5591221444272048,1000
468,1.834772704775674,8.264046047776299,10.404037826025597,0.4127687467949678,0.9654961631550945,2.6165525871127806,1.025745961057537,2.6437994484938105,1000,1.8540557997860332,9.866250762148129,6.2715706241084765,0.3990145012927571,1.0331409009332024,2.6012890695638804,1.0719873772522293,2.636124222319837,1000
469,1.7761055774828407,2.8524409105047295,43.18810261427099,0.44557569076937026,0.854942773483107,2.551519423575233,0.902777223574875,2.6494339313908064,1000,1.6730510321183854,4.129395099852985,19.72433469124793,0.5898743712054249,0.7093956560239177,2.9413452996598073,0.5168972645557526,2.829204799681018,1000
470,1.5060236380713845,2.40190720483638,21.721898136536982,0.993003738467808,-0.49895441742281355,2.665835815787674,-0.4402636893255192,3.452310965468288,1000,0.8220239748458167,2.397549854329161,17.457117379910837,0.8792279898566979,-0.6808558843058489,2.5047947121970493,-0.9012628852733111,2.5453108349649445,1000
471,3.676041082135019,1.6180424017844184,24.1586663486377,1.0485282801106166,0.4156572369237149,4.434801734533856,1.6209256531182104,5.731156511151827,1000,2.887903187218176,3.255405424635808,5.8846397474487935,1.128953306148549,-0.06210450137331421,4.291155249299562,0.6751547071670201,5.100651667269332,1000
472,2.208308860877575,2.7005203876850525,37.58084104328789,0.3653727855536173,1.6006772602583395,3.0105169140905947,1.4921782011924853,2.924439520562665,1000,2.2631953603056387,4.990410487523999,17.47123023003229,0.38628560004786794,1.6305257187203943,3.1201608204159834,1.5060755842118176,3.02031513639946,1000
473,1.3345442969951302,2.7812070712375654,12.885440812054236,0.8121697537124745,-0.6134134696725057,2.5879811574140663,-0.2573084202813196,2.92639701427158,1000,1.4002043782790345,2.44983959475894,13.763339133994764,0.8579739850655473,-0.49678824325059634,3.2044008779756177,-0.2814246324494383,3.0818333890075076,1000
474,1.4734414419550128,6.329617150143583,11.009258007501048,0.32034242840286464,0.7884715989190805,2.044462251872572,0.8455702822853981,2.1013126016246275,1000,0.9719568098751099,6.834545765169221,8.317917929792337,0.6069504321110796,-0.5156484397478301,1.847810594117958,-0.217666037062606,2.161579656812826,1000
475,2.0837120978300927,3.3419108851017714,33.306244098141335,0.47220243655785243,0.7881090220488721,2.753391342219597,1.1581953221767018,3.0092288734834836,1000,1.692529505527049,3.9189558522917998,23.044305600326243,0.5724763158948224,0.4113096263464984,2.5820583499194902,0.5704759263731971,2.8145830846809012,1000
476,1.8750180487360297,3.3211320076473108,24.726625691682564,0.770572510861182,0.06312407583425772,3.217947855336632,0.3646959274481132,3.3853401700239463,1000,1.8426464372172666,3.9269665782942846,15.369740137160091,0.6904393084987746,0.08565069913465022,3.058749706688573,0.4893853925596685,3.1959074818748645,1000
477,1.7202598077181914,6.271114526935081,5.065107703286944,0.5251125793518734,0.6023895515606752,2.696472673651341,0.6910391521885195,2.7494804632478633,1000,1.7315310682591343,6.761382759660473,3.5757969161932275,0.6702218907472509,0.26764336154900276,2.9294869470916525,0.41789616239452254,3.045165974123746,1000
478,1.582091684603984,4.028865228549719,19.323827148060445,0.8483331997356657,-0.7892577350374147,2.8710079656640244,-0.08064138687792055,3.2448247560858885,1000,1.6863499623445162,4.549110076256758,12.95016647738533,1.0272830899251844,-1.136512411695907,3.144144619493609,-0.3271248939088449,3.699824818597877,1000
479,1.584241184024699,4.212745092737259,13.572221505022418,0.4584529163937953,0.630212816736666,2.3614835083574515,0.6856734678928602,2.482808900156538,1000,1.527401925181661,4.435499467458308,12.996445212674878,0.47025526336883944,0.5694818701398102,2.368032651561635,0.6057016089787358,2.4491022413845864,1000
480,1.7740913754465835,4.422027039023801,20.334592457905934,0.469386888075075,0.931389509022304,2.7323040673316252,0.8540930748194365,2.6940896760737303,1000,1.6617119677422802,6.319919469384769,9.835533186876926,0.5122548502604114,0.6029699292126238,2.6536289750422504,0.657692461231874,2.6657314742526865,1000
481,0.2780671066632818,2.179154497214604,74.74957869918417,1.1926961154498907,-1.142402259471659,3.0170662200318494,-2.059617279618504,2.615751492945068,1000,-0.7032324520697997,1.2463659365151127,107.89775957249296,1.605746662739375,-1.1945762145543382,3.391869031376282,-3.850495911038975,2.4440310068993756,1000
482,3.564058585778556,1.1305022264531797,157.8298152126955,0.563596655599581,2.0895566397243472,4.2125686712667,2.459409140803377,4.668708030753735,1000,2.9569171141428283,3.5026553286373274,8.335569751395493,0.7021142697387899,1.0397732227422358,3.88066478857335,1.5807731454548002,4.333061082830857,1000
483,1.872556389356288,3.594100282281141,10.441914340680315,0.6466834193668317,1.0293141764055174,3.5817768288221354,0.6050568873972979,3.140055891315278,1000,1.8533744313054092,3.40982988278348,9.082646406666152,0.6981542082585147,0.9379935034434735,3.710332004073709,0.4849921831187205,3.221756679492098,1000
484,1.970800057286339,7.751874743042697,8.212020471269707,0.43811222119658194,1.222076210739941,2.918113035084129,1.1121001037410383,2.8295000108316395,1000,1.5955641004013033,6.326515962365429,8.237942001723985,0.8333506692791353,-0.2493735861486525,3.1999429825433223,-0.03780321138580178,3.228931412188408,1000
485,2.570120889240194,3.720317634367981,6.119847946408493,1.0498237611563033,0.29018830847875554,4.191107097902674,0.5124663173738395,4.627775461106548,1000,2.49241700527504,3.179376245294079,5.238141209890046,1.1320481301117429,0.2545925763075023,4.1497307897461,0.2736026702560239,4.711231340294056,1000
486,2.294115618880433,3.270128473324004,31.305431486733468,0.6966572327504045,1.3062160126943516,3.900715335558561,0.92866744268964,3.6595637950712256,1000,2.42771338295337,5.168292375911358,14.438006530968398,0.6056108783901647,1.3671510516480125,3.7562150169488464,1.2407160613086474,3.614710704598093,1000
487,1.100991260899211,4.627994886116256,13.998349827528504,0.6122472797108036,-0.13329104437309333,2.444826902212707,-0.09901340733396413,2.300995929132386,1000,0.8084338850487083,4.104034122713006,16.014699456141912,0.8435220104877843,-0.5847234142832695,2.7927117178554246,-0.8448692555073489,2.4617370256047657,1000
488,0.6034912639780585,2.392116636490282,64.55694168750361,0.8750746586820417,-0.2893404346960713,3.2582597153251514,-1.1116550670387433,2.3186375949948603,1000,1.1230676532777149,3.7864155454768724,24.69757509883034,0.7375858221306746,-0.2769709575012962,2.607495545481332,-0.32260055809840726,2.5687358646538367,1000
489,1.4490908515459235,6.753516660505662,10.019494459166735,0.43814067151277963,0.6734849670925013,2.385739236587414,0.5903351353808755,2.3078465677109716,1000,1.5692536641280064,7.218762371557069,8.416109465560984,0.4802019129582025,0.7843781977291372,2.715355610417282,0.6280579147299294,2.510449413526083,1000
490,0.8286455572855009,3.6990340006616456,13.395589142214547,0.5850582062337006,0.0023834006508581048,2.369589504687331,-0.3180685269325523,1.9753596415035541,1000,0.7428000894697,3.3910950342054766,14.401746691401744,0.5712748032761304,-0.044289154724132376,2.292756334166218,-0.37689852495151577,1.8624987038909158,1000
491,1.6602420312456392,5.875636438421948,6.42981796608017,0.851388259804672,-0.30599241788796244,3.008243117441181,-0.008478957971517875,3.3289630204627962,1000,0.9428042995632313,3.3217425612223037,12.007428848811722,1.1936024703100778,-0.6158906620914106,3.5478820901839097,-1.3966565422445214,3.282265141370984,1000
492,2.679442437865038,4.5244032351355274,11.568645425151004,0.7478483453558045,0.9888026952459326,3.7525116248825587,1.2136596809676612,4.145225194762414,1000,2.6150616641572784,5.163802015453373,8.838648853027172,0.7135514663622551,0.9091166086150028,3.6369790023566013,1.2165007900872584,4.013622538227298,1000
493,2.4384720171451755,1.6079101334771355,41.61257020670398,0.7195180562079914,0.319405234610538,3.0964940142917956,1.0282166269775124,3.848727407312839,1000,2.1924619718560203,2.3231983970350827,18.085176208464112,0.7650686681682111,0.04747306522408799,2.981169155228189,0.6929273822463267,3.691996561465714,1000
494,1.8247391923921268,1.2193290852673486,93.77870508780195,0.47241046245965496,1.4063042226477926,3.284463661230437,0.8988146859712031,2.7506636988130504,1000,2.0038105504893533,2.1910045987758706,22.22211730469518,0.6689124672429538,0.04839747462312982,2.939511769454127,0.6927421146931638,3.314878986285543,1000
495,3.4494165364913276,1.462548865572114,71.13806525213298,0.9488295328905647,0.5299016439838107,4.194661386566024,1.5897106520258208,5.309122420956834,1000,3.1680544760659526,2.6389687177224026,21.36324739673878,0.8804867464397231,0.4852434744066471,4.045496676222965,1.4423004530440953,4.89380849908781,1000
496,1.9517685677799363,3.191993770078331,21.18221275860014,0.531116077771147,1.1610119507311247,3.136671113157067,0.9107810553484883,2.992756080211384,1000,1.9524879321512159,3.9759959494075243,15.7432365777706,0.5236393415095213,0.8835328202142614,2.963343051590989,0.9261548227925542,2.9788210415098773,1000
497,-0.14441909167583455,2.09678357137155,164.84379696990248,0.636504279580993,-0.7535751304881083,1.834893271794806,-1.3919674796545807,1.1031292963029116,1000,1.129197512596062,7.419008920282722,12.939542335595172,0.7952322563177857,-0.2851319906160262,2.680084210572309,-0.429457709786798,2.687852734978922,1000
498,1.5419168847260338,1.1905874299520194,170.2848224574776,0.4766183983148794,0.9116741818170542,2.798513188576894,0.6077448240288702,2.4760889454231974,1000,1.756076501651413,2.6669281590045713,21.058740689332325,0.6530520824275476,0.8822463567325181,3.4413777057918917,0.4760944200934196,3.0360585832094067,1000
499,1.3995781689464293,3.5414315521940116,16.089985601943695,0.5541330367042491,0.22716287412838684,2.491049135791036,0.3134774170061012,2.485678920886757,1000,1.3325106651742764,4.24858418039256,9.973962729730538,0.5624427526872396,0.1674684922423924,2.526217711834639,0.2301228699072868,2.434898460441266,1000
500,1.5501271995281378,3.715068103961648,6.239290720329163,0.7483517867699081,0.43156264376198666,3.0754775185823457,0.08335769745911792,3.0168967015971577,1000,1.4528698079833102,3.197390193156377,6.847963381787292,0.7949948022931543,0.3051312565094785,3.1525419779008175,-0.10532000451127232,3.0110596204778926,1000
501,2.381412431750796,4.158561486557143,6.903602142689014,0.8478485459391163,0.5067206301436346,3.7754970149749623,0.7196292817101282,4.043195581791464,1000,2.371791276042468,4.528988288132675,4.0205977347796,0.8865826017946538,0.24947535736352686,3.7100218461616463,0.6340893765249467,4.109493175559989,1000
502,1.625326349100985,2.4761673958958133,23.869872321090547,0.4511869813064318,1.0152823055588907,2.7419581878755457,0.7409998657403787,2.509652832461591,1000,1.7694327047525626,4.633553169123985,10.460359722595019,0.5090003226183757,0.7269399540241545,2.7988793112383905,0.7717920724205463,2.767073337084579,1000
503,1.9124452539284373,2.187560612934905,50.045107885862095,0.34639239355208845,1.1426446982053002,2.513550168260382,1.233516162566344,2.5913743452905305,1000,1.7760348517480051,7.725906515566627,8.641678652640815,0.4041036706443552,1.0952073206778556,2.657872700687647,0.983991657285069,2.568078046210941,1000
504,1.5662250686158068,1.5540138985749468,13.880189854551974,1.1750389010445772,0.8066186522537617,4.473226090267976,-0.7368511774315645,3.8693013146631783,1000,1.9031189506670783,1.9093894659592043,9.707184672843876,1.3404705475368788,-0.18905354102873792,4.2748633144867005,-0.7242033225052042,4.530441223839361,1000
505,2.8857787587815045,1.3172408119751788,65.53124771132993,0.6980561667212345,0.7917608246027092,3.573341222303891,1.5175886720078848,4.253968845555124,1000,2.6747198579049707,2.03932977024805,22.0037081369501,0.8146042616774136,0.0743222856829732,3.542817117891426,1.07809550501724,4.2713442107927015,1000
506,2.039088857658794,3.160451347890027,23.69601054802679,0.6777020795568623,0.5110764941285518,2.88628986942615,0.7107927817273441,3.3673849335902446,1000,1.9436413684354525,4.64919205701287,13.513972611523755,0.606218499515175,0.5664899074256847,2.853375206049963,0.7554531093857095,3.1318296274851956,1000
507,2.034789366279763,4.929916474952479,13.85757030075459,0.6624757475347769,0.4533534469519704,3.248664183478539,0.7363369011116003,3.3332418314479257,1000,1.712426305167756,4.8059523447728685,14.208727700988707,0.6527355586211449,0.30608678907736614,2.8478740392706667,0.4330646102703122,2.9917880000652,1000
508,1.8460038597862427,4.161638471335162,25.971169809652615,0.4734236048699004,0.9191177176614189,2.8014001050515933,0.9180935942412379,2.7739141253312476,1000,1.836215788270656,8.54101992730526,7.2328717872831305,0.4248656150812684,1.0602456752349037,2.782483089097582,1.00347918271137,2.668952393829942,1000
509,1.0234005614132238,3.3851887454703857,21.711069197912337,0.5118610895244501,0.3817521802474677,2.5652348225468766,0.020152825945301656,2.026648296881146,1000,0.9669560266202406,5.032846014013839,11.181445617297754,0.5125373440942754,0.1647760400067593,2.252764233627079,-0.037617167804539164,1.9715292210450204,1000
510,1.8106701026081096,1.3053191551536478,136.0252199588216,0.823503445061593,0.7728698012710213,4.189022142205609,0.1966033502873874,3.424736854928832,1000,1.8134438141311393,2.8123774426433403,15.068720486013591,1.0032973363101227,0.736308861691797,4.535885116893171,-0.15301896503670132,3.77990659329898,1000
511,1.3331768702063873,2.55310464495572,31.548361663556566,0.6177135056762888,0.47847808549783755,3.009179943293811,0.1224583990808612,2.5438953413319134,1000,1.6245403987990423,4.764734283231977,6.966918798847027,0.7035305918398406,-0.21196175198047212,2.833068784017275,0.2456204387929548,3.00346035880513,1000
512,2.98594148936827,4.052003562842355,14.146044462520257,0.6085165065898283,1.7965927928978362,4.194899826555951,1.7932491364522065,4.178633842284333,1000,3.9342788701890594,3.7666875551512247,13.378092095350658,0.825119264088683,1.533452384615918,5.030256688543839,2.317045112575241,5.551512627802878,1000
513,1.5719822519507074,1.7897466187557716,59.6867941645889,0.4011784632218989,0.5985702641215165,2.1275606823781166,0.7856724640357856,2.358292039865629,1000,1.4195769622047059,5.699546499953555,7.629094346290813,0.4556580529980413,0.3727707145492103,2.214569303737322,0.526487178328545,2.3126667460808665,1000
514,0.6750590645899408,4.709902845696005,32.56564114575984,0.5024621109282326,-0.07905506479645173,1.9081094468157536,-0.30976667282939496,1.6598848020092767,1000,1.1080385622705027,8.467306767323922,9.93374962602551,0.49509025847336247,0.2703764099830608,2.1715541987331104,0.13766165566271227,2.078415468878293,1000
515,2.989398207316623,3.031956431925007,9.7229319953543,0.6298348803641712,1.3194556075244048,4.000199272808742,1.7549218418028474,4.223874572830399,1000,3.0260207594044406,3.167872358029421,8.363217829985887,0.7765958056000452,0.7271055393990682,3.972167279030983,1.503892980428352,4.548148538380529,1000
516,2.0335413995282696,4.972955171210126,19.251185527288914,0.7406196136970381,0.2902656012924686,3.096570526596194,0.5819269566820751,3.485155842374464,1000,1.4071256213019154,7.326770514507846,9.763652663762421,0.5922289325045831,0.23672861852806282,2.6416423407371417,0.24635691359293266,2.5678943290108984,1000
517,2.0176334359327948,3.111368659109694,38.7892494944065,0.4163654673999034,1.3609875519425774,2.951057307756484,1.2015571198289843,2.8337097520366052,1000,2.34233943860656,5.582913840040203,16.31601112712328,0.44393431737154065,1.575975921085805,3.368100603991853,1.4722281765583403,3.2124507006547796,1000
518,1.760621552912571,1.0489000410058373,255.70124193290056,0.537939662798964,1.135049320393302,3.0967754427024428,0.7062598138266016,2.8149832919985407,1000,1.797719968819188,1.129921100671541,94.06939627176638,0.8999925727637589,-0.1808083872445336,3.902299453188868,0.033734526202220616,3.5617054114361553,1000
519,1.9383982464930882,1.622309703438747,30.482828163334354,0.492969583475405,0.5596469490006898,2.459706018179171,0.9721778628812945,2.904618630104882,1000,1.8709515167442499,1.9639319571862228,20.980482345379727,0.614739344232624,0.062205317818783266,2.4076508551768727,0.6660624020483068,3.075840631440193,1000
520,3.128732863769314,1.0451137606798364,655.5164072045316,1.6650364632301002,-2.53546047419557,3.699325661547587,-0.13473860416168248,6.392204331700311,1000,1.858604075735801,3.4139565869467305,14.135132317689703,1.7290802340365816,-2.87514831071518,3.641771999918641,-1.5303931829758988,5.247601334447501,1000
521,2.7406851071755236,4.318436492143818,12.2768060468933,1.0794145329701283,0.3089789604975361,4.206382806718043,0.6250326225540719,4.856337591796976,1000,3.096660062851223,3.758447774849179,10.51678381090139,0.9654974724834953,0.5242375070226784,4.121222188076371,1.2042850167835721,4.989035108918873,1000
522,1.1608980414224939,3.765958000616435,33.32970086330302,0.5828091192825391,-0.13972915841132746,2.186979535743856,0.018592167628717293,2.3032039152162707,1000,1.1287168576150526,10.889923461856522,5.353045189136824,0.4816778054667914,0.05135630941168808,1.9779523025031645,0.1846283589001415,2.0728053563299635,1000
523,1.8616948229678718,4.29716617051643,6.991640518882358,0.4662429137833625,0.8434657664701473,2.700003916790936,0.9478587119524813,2.775530933983262,1000,1.7943403437215366,4.332356126647592,6.3899332172198555,0.483831100869584,0.7306250213164183,2.656785720976327,0.846031386017152,2.7426493014259212,1000
524,1.4630487397806782,1.9983010924909554,98.29991245952914,0.7676780240007663,-0.4309014306583427,2.5801502061277706,-0.04160018726082382,2.96769766682218,1000,1.079816044392628,6.1218329074655085,14.866120189734282,0.6645897537282445,-0.03335421233934652,2.603715768216383,-0.22277987291473123,2.382411961699987,1000
525,1.5495478860482295,3.534316738290541,10.367134926903816,0.6445254753079329,0.35208471584456547,2.8210245573636854,0.28627795444468096,2.812817817651778,1000,1.5484406081951734,3.784212088497386,7.658150535873085,0.6765554710424062,0.3761426750642079,2.921549597916474,0.2223918849520572,2.8744893314382898,1000
526,1.938617539980016,3.1222632935938126,41.129973502582935,0.35517118631837197,1.3762887693133337,2.8065398615389285,1.242482014796007,2.634753065164025,1000,2.0517198967030907,9.309201444828895,6.251976785816351,0.3987719661696435,1.2711764420156364,2.9063822558425136,1.2701268430105896,2.833312950395592,1000
527,1.1777997179439677,1.9568193019753604,36.47416147488813,0.3848285801809405,0.5589070006738417,2.141435030443597,0.42353570078932423,1.9320637350986112,1000,1.2970739299714067,2.351447158387075,26.29047470732127,0.49894871828730014,0.37524937348048004,2.2990520742111333,0.31913444212829845,2.275013417814515,1000
528,1.559644607350266,5.727604973663453,4.5410786950834225,0.5217676888952911,0.22642809687608534,2.42689716430112,0.5369799371154955,2.5823092775850367,1000,3.2045506813661015,4.046547104249488,6.440664906197377,1.0708791756972411,-0.5395049895010106,4.649644888843785,1.1056274969995088,5.303473865732695,1000
529,0.6019985995827708,6.215614298138919,2.7755678163781194,0.9373174058963668,-1.180750645162415,2.5857617943979254,-1.2351435159741082,2.43914071513965,1000,0.8186883118543928,3.3849561904413252,4.384694828847709,0.7876889425639854,-1.1294313155336726,2.0882997330535753,-0.7251820155710185,2.362558639279804,1000
530,3.595265814961981,1.751064454393646,36.12663267517156,0.6025655658432707,2.137874006185364,4.474696967549262,2.4142373059091704,4.776294324014792,1000,3.1433625088593558,2.8575813360583093,9.25010056595837,0.8449448045825154,0.8766756319314097,4.431619229126044,1.4872706918776255,4.799454325841086,1000
531,2.4436894595930427,4.821323911715598,9.97988589002925,0.9147579050722718,0.7817570876412945,4.254384383914311,0.6507639656513899,4.236614953534696,1000,2.2121141945110607,4.536766567894601,7.772174158906471,0.846963302776138,0.7901362612107355,4.010041977225216,0.5520661210698303,3.872162267952291,1000
532,2.9950943833818746,1.4981336153975864,63.79522662114881,0.6301947734690869,1.2491694787854255,3.5924406271281026,1.7599126273824643,4.230276139381285,1000,2.787221333955094,2.5475266633490037,18.130295218376848,0.6298631862264602,1.284409673240705,3.667079754512587,1.552689488951232,4.0217531789589565,1000
533,1.7676515547463896,1.3335265724980958,149.40708761309565,0.5108469872346643,0.498344874225497,2.736174323229097,0.7663914597664476,2.7689116497263315,1000,1.6444730882070497,4.040880996082173,18.3355966932757,0.5745370708259376,0.4374748413115472,2.7286921796138843,0.5183804293882119,2.7705657470258878,1000
534,2.162244944312726,4.128899048307447,18.22203231099915,0.8464683902005324,0.17915229052692272,3.6362371205179427,0.5031668995196825,3.8213229891057696,1000,0.5635672544371184,3.2627139425018115,20.50891662653452,0.7313103324688882,-0.5527703849092418,2.4377413929030936,-0.8698009972019025,1.9969355060761393,1000
535,2.494317006597308,2.7646516242186263,27.348659190104165,0.5371071580327014,1.4561768861661144,3.3553276697371075,1.4415869768532135,3.547047036341403,1000,2.416242501092546,3.3734598596125953,16.202357233553514,0.5829335694946611,1.0771929615686844,3.3014042600608002,1.2736927048830102,3.558792297302082,1000
536,1.5140855918103255,5.5110718330973025,11.531256392823115,0.36566851811671014,0.8029589567970024,2.1788222527814907,0.7973752963015737,2.2307958873190774,1000,1.1941238748719798,6.505749916272118,6.084428512105944,0.41765905606652237,0.3640434758864848,1.9011801030304585,0.3755121249815959,2.012735624762364,1000
537,1.7060524022930441,6.958799730819201,7.398478430312146,0.38642542032095045,0.9678246456387142,2.55520334805952,0.9486585784639813,2.463446226122107,1000,1.6392498247625242,6.1017762825284665,6.537131575089006,0.585715345264689,0.5963556590561958,3.006244950313875,0.4912477480437336,2.787251901481315,1000
538,2.583107173223496,1.9703499424703075,78.79754262421132,0.46504582626123275,1.633094210307478,3.30785749466534,1.67161735375148,3.494596992695512,1000,2.224864219918101,7.119796728082108,6.318605380801263,0.5285551148855596,1.3862071884586376,3.277049254304067,1.188896194742404,3.2608322450937974,1000
539,1.1918008590981517,4.958596070059912,12.622405249976921,0.6559169283331306,0.10555085819207041,2.720160181204349,-0.09379632043478425,2.4773980386310877,1000,0.9058069441316241,2.931313840093779,24.202184261497393,0.8614600263686502,-0.19962785911747138,2.9489290746617,-0.7826547075509303,2.5942685958141785,1000
540,2.134868080275546,1.8606718190849065,56.46677602706497,0.7576759143705208,1.3151685064632264,3.901709274799902,0.6498232881093253,3.619912872441767,1000,2.303057607670894,2.629835849380895,22.840301933024506,0.7956050940527606,0.2719943633874631,3.841684988365354,0.7436716233274832,3.862443592014305,1000
541,0.805627966478438,3.300632327047766,25.15703274359691,0.8609266552101483,-0.3508664806355889,2.8327049216485625,-0.8817882777334527,2.4930442106903286,1000,1.1694399728960503,4.376792943277024,15.547608849772732,0.7689018248100248,-0.3401155270978052,2.772816619637132,-0.33760760373159826,2.676487549523699,1000
542,1.4609642347939946,1.1093450448568603,110.55362766745627,0.7668231128815859,-0.674232802533859,2.759674754630797,-0.04200906645391367,2.963937536041903,1000,1.2615865437459657,1.618090884863506,12.23774624967094,0.8238923776163132,-1.0274184072717145,2.33396705826162,-0.3532425163820081,2.8764156038739395,1000
543,1.8702840600749355,1.1234475310790017,127.1715163903844,0.438374611937133,1.2832947827715204,2.9633041060995384,1.0110698206781548,2.7294982994717163,1000,1.931962169788262,1.361676192857978,47.170626010134605,0.7647045773633777,-0.027183560816693417,3.057339142479538,0.4331411981560418,3.4307831414204824,1000
544,0.24314060626741685,3.5208237036060854,6.0031850386744345,0.9621058988843846,-0.8934744803826212,2.745272012435695,-1.642586955545977,2.1288681680808104,1000,1.2970300688750476,2.441783298202032,4.855687424209326,1.584787176803294,-2.387990762315521,3.104507416700188,-1.8091527976594086,4.4032129354095035,1000
545,2.9101471331448336,3.115928791022672,15.56096408515025,0.7588462967186187,0.7921969915067418,3.8120876341458745,1.422808391576341,4.397485874713326,1000,2.826233584939919,3.725877011965926,10.979064775119962,0.7815551484845729,0.6587301857845302,3.7952980396675993,1.2943854939101562,4.358081675969681,1000
546,0.6442736600188699,1.424197427012676,27.133370771162898,1.4314505786228366,-0.1903909033039527,4.6684064619510295,-2.16136947408189,3.4499167941196296,1000,0.505452345451952,1.3718507938900457,25.637328945514053,0.7428512537534396,-0.3320490091168038,2.522466839668829,-0.9505361119047897,1.9614408028086936,1000
547,1.8671196347801233,3.222632411181458,31.014062865818623,0.534317199370205,1.1009807895821682,3.0828255018517927,0.8198579240145214,2.914381345545725,1000,2.0853748739309,3.027475141708981,27.68755741941013,0.5716864967127939,1.2133379859910285,3.3216965188706,0.9648693403738238,3.2058804074879763,1000
548,2.2808344154909284,2.3861569510669622,7.804785220102021,0.7546688467862089,1.5158691876855714,4.769797045698549,0.8016834757899589,3.7599853551918976,1000,2.516962234116354,3.2845251385523935,4.347078149787191,1.097666257590102,0.26832880560372785,4.946108502616692,0.36553636923975397,4.668388098992954,1000
549,1.7846387154904302,1.4167082350529474,199.44122189790193,0.6422047408594034,1.001033435919192,3.6226677323891234,0.5259174234059996,3.0433600075748606,1000,1.7984892205775087,1.6839469620711756,61.06631308357644,0.808477955783026,0.1930929637671184,3.832311003298775,0.21387242724277788,3.3831060139122395,1000
550,1.057872931820952,4.516772375931478,21.002503210748912,0.5768624837180348,0.06841194972747211,2.2043180158976403,-0.07277753626639605,2.1885233999083002,1000,1.4817010929175711,7.107879814932178,8.255352860016428,0.6158577396987022,0.29256576036259624,2.681351994372846,0.274619923108115,2.6887822627270275,1000
551,1.1715172633973263,1.4571145585061172,93.796578556688,0.6393084133130735,-0.03318198909757283,2.7507910441637984,-0.08152722669629786,2.4245617534909503,1000,0.6540655682736634,3.482360340913609,22.559123967684624,0.9256228960290402,-0.9021051592390081,3.0703973122833075,-1.1601553079432554,2.468286444490582,1000
552,0.41139474005519805,2.9441645436371537,5.836668566740208,0.5749586001458573,-1.0656023498420055,1.3675790285181033,-0.7155241162306822,1.5383135963410783,1000,0.5793653184875451,2.293472066848416,7.491050231214992,0.4733926108642475,-0.5887783699382158,1.2059282809577885,-0.34848419880637993,1.50721483578147,1000
553,0.03815890028168223,3.6765317191657196,28.055891272829435,0.8646665712404664,-1.1248626607952643,2.243012819741154,-1.6565875793496319,1.7329053799129963,1000,0.7076003048475594,3.4329152840326755,27.399628290003804,0.8473910243069237,-1.0830310353468797,2.1624773892310967,-0.9532861027940109,2.36848671248913,1000
554,3.032675137299233,3.6457246947144704,11.278215969715488,0.7879750960975132,1.3247551615095075,4.684864887883669,1.4882439489481074,4.577106325650359,1000,3.382322369565383,2.8730261924612117,9.899410315742205,1.0709420158588867,0.41999931354777653,5.230696990340568,1.2832760184819652,5.481368720648801,1000
555,1.9181034045999437,2.6508889781472273,20.349355391200515,0.3533111246836263,1.104479332598756,2.518521609280284,1.2256136002200362,2.610593208979851,1000,1.850321876851815,2.689550281448004,6.856829970997008,0.4908032298509714,0.331932221586263,2.5295544970200825,0.8883475463439111,2.812296207359719,1000
556,1.532594165939046,7.399136093324686,3.5551031883016866,0.5518773282049514,0.5808024226531635,2.910258320222221,0.4509146026573414,2.6142737292207507,1000,1.9763384717969024,7.824272507396855,2.318416293519421,0.8995106070055339,-0.18129289666284892,3.440585647180862,0.21329768206605593,3.739379261527749,1000
557,0.7730093069794473,2.557641179996086,12.293454365517178,1.34940735945581,-0.5565181634072016,3.737271680380969,-1.8718291175539403,3.417847731512835,1000,1.0517383771752966,3.2012433927289883,6.8291865810680195,1.2105908896770732,-0.41705157201013765,3.780211552692125,-1.3210197665917667,3.42449652094236,1000
558,-0.08114099713069689,3.266648887626042,24.573476587957554,0.532802888306614,-0.7865581941055562,1.3502700786596735,-1.1254346582116603,0.9631526639502666,1000,0.32401460369914115,5.41252158221469,10.27613754139034,0.38616804708229635,-0.2163058416868826,1.3541039913732422,-0.4328747685821597,1.080903975980442,1000
559,1.8832714284367318,3.229969784020925,13.114563569215363,1.0063118384096954,-0.6100780069966281,3.193066771387058,-0.08909977484627118,3.8556426317197348,1000,1.640136913834287,3.5863196158294115,11.561160010445846,0.9971866574124755,-0.6333852456438445,3.180799902878439,-0.314348934694165,3.594622762362739,1000
560,0.1508336900545424,2.0663266270227756,78.99675980666612,0.8261335911321799,-0.8365056417276303,2.007247088102952,-1.46838814856453,1.7700555286736148,1000,0.5981178416398025,2.704057865881262,13.914979701550486,0.7089282649259236,-0.6339874978629273,2.05395469448126,-0.7913815576150078,1.987617240894613,1000
561,2.404074297042783,4.639785404417846,9.697149117231262,0.5914609699514032,1.257576322744597,3.488427794059094,1.2448107959380326,3.563337798147533,1000,2.3810641213259216,4.664074735960059,5.081848967178048,0.6602673514369607,0.938682827678684,3.4474372921518364,1.0869401125094786,3.675188130142365,1000
562,2.005344883964756,2.4000345752861922,16.087975037646242,1.0479018734932053,0.23761065821265248,4.226388036972114,-0.04854278808192625,4.059232556011438,1000,2.1697269661830356,2.689904847116432,9.469138835644364,1.0412770076613207,0.010357525358574647,4.0299715950047545,0.12882403116684715,4.2106299011992245,1000
563,1.897935379892949,7.764053201231398,5.130701810424299,0.7868010441889591,0.27151432910030165,3.2899150977981892,0.35580533328258923,3.440065426503309,1000,1.5656263050522972,7.3200631562931795,4.728006694813294,0.9843855609324942,-0.6962905978531007,3.4035951850015413,-0.36376939437539146,3.495022004479986,1000
564,2.346135236080121,4.798756720565703,12.995262230999572,0.5872355477807095,0.9315107404512291,3.340573248101437,1.1951535624299305,3.4971169097303116,1000,1.9173549528387335,7.040500501895971,6.504340580968529,0.6012602860481727,0.8922399835619579,3.209452571732209,0.7388847921843149,3.0958251134931523,1000
565,1.7385307033596296,4.564827484982703,18.568362725663892,0.7332435366006947,0.27481180541385564,3.026351095116055,0.30137337162226796,3.175688035096991,1000,1.8811379610956038,5.251922692090497,15.176284316730072,0.6914821815278112,0.3608243236275695,3.0262836576289827,0.5258328853010941,3.2364430368901136,1000
566,0.5427631545462834,3.107190554721775,28.13649242226553,0.625114113562781,-0.6459500915369311,1.6357898303194531,-0.6824605080367674,1.7679868171293343,1000,0.5193388987882541,3.714863259898366,16.35178585756763,0.5831537522126374,-0.5302590299529859,1.6386417737243386,-0.6236424555485152,1.6623202531250234,1000
567,1.8313894176182934,1.0814562441694422,384.6966601710487,0.43769577875978527,1.2660317122168694,2.929271150283529,0.9735056912491143,2.6892731439874726,1000,2.0074474491587124,4.668576083884286,9.139552233449221,0.6919417505890989,0.5971421751696049,3.2843880795953786,0.6512416180040785,3.363653280313346,1000
568,1.2616687406245202,3.608486665250118,17.32907128054186,0.4271109487815317,0.611320843102355,2.348581459180458,0.424531281012718,2.0988062002363224,1000,1.6334197187560757,4.8154382866196315,10.258570294635,0.47805567462687876,0.8509882472527107,2.706703235030346,0.6964305964873934,2.570408841024758,1000
569,1.843244375811725,5.270240151435766,8.94621874748977,0.6736059325513122,0.5172027293251945,3.0132997376872397,0.5229767480111531,3.163512003612297,1000,1.561068776617879,5.10617757553999,9.689007385204011,0.6823215059386731,0.40623979638554064,3.0115707313056324,0.2237186249780796,2.898418928257678,1000
570,2.8332613825394084,5.1412164260919395,4.573291497618111,1.2806909187098816,-0.20317545578536764,4.997499471255046,0.32310718186804044,5.343415583210776,1000,0.4272580593015367,1.8105916823450694,21.31272871778642,1.7703970784288692,-0.7593535041891659,5.416924272153112,-3.0427202144190466,3.89723633302212,1000
571,1.3731428006126087,2.433073448404611,32.711704421912124,0.6991912076611765,-0.4556847770503652,2.1104018842512025,0.002728033596702817,2.743557567628515,1000,1.173104366939353,2.6651283221201,27.202973146022405,0.7282195848828255,-0.5347822132331578,2.110242396469759,-0.25420601943098475,2.600414753309691,1000
572,2.584980335883432,1.3997356156366905,119.47029286234606,0.4089526811855552,1.6608852967071568,3.2389229717253727,1.7834330807597438,3.38652759100712,1000,2.4512447682944916,3.9672667760161553,8.626415972047157,0.5853804427626425,1.53298031282345,3.931053884501834,1.3038991004797125,3.5985904361092707,1000
573,2.41764856083333,1.4237349250895603,61.80990285950443,0.8479367676079537,0.28577611741444725,3.071917343785875,0.7556924963217406,4.079604625344919,1000,2.0521507473667038,2.529224257095913,15.03400587111781,0.7163050324509797,0.2526824664746048,2.8251838127977478,0.6481928837627837,3.456108610970624,1000
574,1.3631432132327073,3.1021539384739647,52.115522657367706,0.7419362958158406,0.10911801641885856,2.869318742932798,-0.09105192656634031,2.817338353031755,1000,1.778909768108693,5.222075585598367,15.54529429661824,0.6353395848209044,0.4575911392632708,2.9132750236738705,0.5336441818597204,3.0241753543576655,1000
575,4.364220589409946,1.111069414600075,223.24566234633272,1.4647969008088104,0.6153741425796989,4.7285021489837735,1.4932186638246776,7.235222514995215,1000,1.6233922102429652,5.392788624247602,7.075249100868594,0.5538107401951675,0.20534117874894262,2.519599661147854,0.5379231594604368,2.7088612610254934,1000
576,1.5420329626542542,7.280018989298993,6.5891807999846925,0.8444905295328913,-0.2456085647258152,3.301516203914452,-0.11316847523021267,3.197234400538721,1000,1.3846038093593607,7.708052045955134,5.066197303122794,0.8685230898275491,-0.2288115335444802,3.3454251529474277,-0.31770144670263556,3.0869090654213567,1000
577,2.1508244166201855,3.6785869908897575,14.654077699962183,0.9939100502615393,-0.3972214219234322,3.6691237126798413,0.20276071810756857,4.0988881151328025,1000,2.005384151203385,4.737824289101033,9.350488501021909,0.9319776445924669,-0.5127822369237386,3.425774070873754,0.17870796780215015,3.8320603346046203,1000
578,-0.02554213753349588,3.57495979281371,15.353064098158452,1.8561467571634938,-2.5712506223148313,3.888798983382447,-3.6635897815739438,3.612505506506952,1000,0.26426285549231654,4.138137161513237,11.178680498728857,1.3746689303098336,-1.886915899134262,3.3939101597173944,-2.4300882479149575,2.9586139588995906,1000
579,1.785907683956932,1.4464301471042518,45.90914616735955,0.4349704885846079,1.107603354161659,2.920766420778209,0.9333655263311004,2.6384498415827635,1000,1.8384399775976918,1.3819537121260572,51.10972858699819,0.716199090990145,-0.0058485514414296615,3.138614167532817,0.4346897592570076,3.242190195938376,1000
580,2.9792865768553125,1.5426128099536867,36.4374784504184,0.8133181228128195,0.05660930181231151,4.091871633365936,1.3851830561421865,4.5733900975684385,1000,2.8375707450021768,2.162170304831884,9.997123313007304,1.1010318302726383,-0.17840202270733155,3.975375432558323,0.6795483576678056,4.995593132336548,1000
581,0.7294177555603953,3.563956103339458,23.535097721535507,0.28606612576534335,0.11689071788759242,1.229155638412026,0.1687281490603224,1.2901073620604682,1000,0.8712954016232093,6.082710356495699,10.244080817137949,0.3340765144468636,0.1389013917970632,1.4735147594279656,0.2165054333073566,1.526085369939062,1000
582,1.5847923035615499,3.1637400478365993,16.504458362682563,0.5174170390322931,0.8743740959761023,2.9967490494564983,0.5706549070582554,2.5989297000648444,1000,1.6541592750131404,3.8253254107081447,11.327642038687936,0.5671975584676714,0.6982665993219702,3.0172557626023275,0.5424520604165044,2.7658664896097767,1000
583,1.3337383042250188,2.726388840764315,39.56730681597266,0.5599220045248363,0.5426704122055996,2.86347759884932,0.2362911753563397,2.431185433093698,1000,1.6177894198030605,6.7338804256058955,9.195025077643752,0.5318705210820915,0.6569992522840321,2.7243162371012346,0.575323198482161,2.66025564112396,1000
584,1.34963627876542,4.7948573265593595,21.046421136458235,0.3345186878396719,0.7643453842861485,2.0395791880136778,0.6939796505996629,2.005292906931177,1000,1.4728839169869719,7.303413546978221,9.79599430621384,0.41585362873572174,0.7425015068679826,2.3124459740471663,0.6578108046649572,2.2879570293089864,1000
585,1.9618411156255586,3.529665790768456,12.575649336026308,0.7961177192909055,0.06077352564387613,3.009434777624001,0.40145038581538395,3.5222318454357335,1000,2.1988463092518318,4.765633960194862,6.4026201428263745,0.9003663305866695,-0.04850957875912306,3.2448697238720428,0.4341283013019597,3.963564317201704,1000
586,2.1236931454174997,2.3712437340563755,30.446235417532282,0.4689163454867951,1.2961313818894635,3.044934047137602,1.2046171082633812,3.042769182571618,1000,2.0507978580043584,3.2818144223526096,17.020664154534643,0.49332958956252715,1.2089325868418204,3.088826785949441,1.0838718624618053,3.0177238535469115,1000
587,0.34409799004462394,1.4164886625049258,95.75372380937858,1.2896954206674334,-0.5045734024400506,3.713582733321938,-2.1837050344635456,2.871901014552793,1000,0.7519157674675645,2.0760859152340863,28.789619190308127,1.0395903454212665,-0.37011371138310567,3.533693371747007,-1.2856813095581177,2.7895128444932467,1000
588,2.172707399300805,3.697805090511635,27.275397995662992,0.4516786662378661,1.3665932369489384,3.1500187049765573,1.2874172134745874,3.0579975851270222,1000,1.9319896381706412,7.704992209524046,6.9753748219196225,0.556857765746295,0.8603144114767222,3.1519044010766466,0.840548417307903,3.0234308590333794,1000
589,2.002800100699343,5.817861244112124,4.173814479688751,0.568481424023537,0.8732189971425696,3.0759649726653513,0.8885765096132108,3.1170236917854757,1000,2.4228819362960996,6.1580047494268175,2.593746462969158,0.7065548156352126,1.091395624800744,3.896036644893518,1.038034497651083,3.8077293749411165,1000
590,1.4370686029486077,2.7952970718825183,52.27361607641966,0.4455222583373846,0.2133766451986461,1.9888099895020337,0.5638449766073339,2.3102922292898818,1000,1.2748164850309045,4.243032036598683,14.583126212097396,0.4529263741500658,0.263243001715473,2.012332230304318,0.38708079169677556,2.1625521783650337,1000
591,1.3798839749338367,6.124362494432635,8.615668712888894,0.5024642303703942,0.48923077765795303,2.4658874509606727,0.3950540834078641,2.3647138664598093,1000,1.4882651174627044,6.21425988345672,7.0794636061772085,0.5249695785683928,0.5717646685794288,2.6668703578734423,0.4593247434686545,2.517205491456754,1000
592,1.7219713271522656,3.2329350788091387,13.428302254850855,0.5661974010698988,0.6452884734062594,3.1086796161762353,0.6122244210552641,2.8317182332492674,1000,1.6285892948852516,2.7843712040255433,15.857350865243184,0.6606457619214479,0.3102832061098863,3.2483295731177986,0.33372360151921376,2.9234549882512892,1000
593,1.420589787021111,2.120547546455884,43.170494274765716,0.3900575595721649,0.7042501991193676,2.1586441114170545,0.6560769702596678,2.1851026037825543,1000,1.3947960572012938,3.0127369666925,22.969567582609695,0.4022696021373663,0.6076454260049298,2.1099526705112646,0.606347637012056,2.1832444773905317,1000
594,1.9495429620260927,3.3501163453626783,35.628668235615685,0.5000668370527335,1.1883924036320885,3.128800846243052,0.9694119614027351,2.92967396264945,1000,2.1127939272962686,5.496267125580633,8.969408431465807,0.4550897899086921,1.2826504777493777,3.071165732155107,1.220817939075232,3.004769915517305,1000
595,2.9530438851176677,1.7314607705375122,66.55027175004635,0.7436356953913961,0.7504472702690336,3.5315180938010253,1.4955179221505315,4.410569848084804,1000,2.0641453408874426,4.542036209757535,7.17895179879258,1.0411077608535526,-1.3334924199096945,3.1591239700395,0.023574129614479578,4.104716552160406,1000
596,2.154851864661141,3.959498425009284,9.957590418834005,0.8285590598133191,0.0037068501180816233,3.185595807325813,0.5308761074270358,3.7788276218952466,1000,1.8897724579395878,5.739566149963111,4.691801387685863,0.9023279256619169,-0.16935854679855053,3.2739086516381435,0.1212097236422307,3.6583351922369447,1000
597,2.688033488699404,4.262167960630126,11.173948169741422,0.8658728415731796,0.6466650331498837,3.972024588184991,0.990922719215972,4.3851442581828355,1000,1.7333963061245716,4.103734874146351,4.71247848198701,0.9693403473306054,-0.06802537073283861,3.914310432769627,-0.1665107746434149,3.633303386892558,1000
598,0.9285406592669772,2.9049316632381013,21.774937159600633,0.43380824174126636,-0.24620453214264268,1.5603330490265466,0.07827650545409515,1.778804813079859,1000,0.9077338301088806,3.5967451078918757,11.589392001665493,0.4267937387777566,-0.1814572817309711,1.5346799776283002,0.07121810210447765,1.7442495581132835,1000
599,1.9767408148835366,2.004813216787372,55.43483052734693,1.5370853972153078,0.30728120886755067,5.424058188900122,-1.0359465636584666,4.98942819342554,1000,2.6945611792021813,2.731676778362786,23.855225920648955,1.4187356811551497,0.31051500638759233,5.2939275546405655,-0.08616075586191219,5.475283114266275,1000
600,1.8282256424426304,4.171592062161747,22.510137606952117,1.04037603627646,-0.2651939983769664,3.4502973573332945,-0.2109113886592313,3.867362673544492,1000,2.1295741290267207,7.714274510160563,7.007027605571305,0.7921296259394668,0.49569976430798757,3.452478279760755,0.5770000621853659,3.6821481958680753,1000
601,2.690718807180829,1.0671951778748814,215.898068380428,0.5864064666485757,1.41583148481734,3.797688663637969,1.5413621325496205,3.840075481812037,1000,2.693018985709867,1.222524578855984,77.1744547770777,0.6698992567411047,0.7172056780753517,4.025900631568771,1.3800164424973018,4.006021528922432,1000
602,1.498995195494627,3.557835475044302,16.705650906364216,0.7949440745957738,0.41168865050404874,3.405279065215012,-0.05909519071308944,3.0570855817023435,1000,1.642955161684153,3.47912955615963,14.558383931205933,0.8236781366593711,0.460271428494061,3.586812207497051,0.028546013831785677,3.25736430953652,1000
603,2.1489133276245154,4.141694388605877,14.834241680125675,0.6493704326762711,0.29016860813396006,3.0448180171547103,0.8761472795790239,3.421679375670007,1000,1.5639217766145261,5.7300079603253025,8.89753467944045,0.7521168923143625,-0.06511064599131881,2.86784446266217,0.08977266767837566,3.0380708855506766,1000
604,0.703011044056647,6.099406239889776,3.2181080531506914,0.6829368926913224,-0.8537546289875815,1.796869576549484,-0.6355452656183449,2.0415673537316392,1000,0.7818236331961825,5.612576807095452,3.4248267407799258,0.6820316907095666,-0.9299986228424093,1.7415354296242,-0.554958480594568,2.1186057469869333,1000
605,2.683040479391595,3.8063448774869593,17.815945498404698,1.029529363828533,0.4903223805985871,4.114951209500953,0.6651629262876702,4.70091803249552,1000,2.7042196298416443,4.020607235171419,14.65341430605306,0.8685640331676534,0.5752030952758389,3.823017547453456,1.0018341248330436,4.4066051348502455,1000
606,2.009179094490826,2.201585613934463,63.482890247235815,0.4557247041800345,1.130662900937327,2.820475926548764,1.1159586742979584,2.9023995146836934,1000,2.20452700044569,6.1567700947225985,6.213839641019412,0.7226319026091558,0.5985192674885121,3.365260273637559,0.7881684713317445,3.620885529559635,1000
607,0.3152809189539969,1.0128331554518955,1840.0107203804769,0.8689172983710187,-0.2629325643627075,2.681000035053908,-1.3877969858531998,2.0183588237611936,1000,1.7696193000702687,4.9496228261888495,6.0962929944021385,0.6495591253184394,0.5175381993065415,3.112841072865649,0.4964834144461274,3.0427551856944097,1000
608,2.8561985837214037,2.432505185929051,9.02476431104759,1.7336637330811318,-2.017946776135392,4.5508632036133765,-0.5417823331176144,6.254179500560422,1000,1.6763746529976764,2.952140473491567,5.701465935915038,1.8117931542701446,-1.5731189228251,4.511608266646224,-1.874739929371807,5.22748923536716,1000
609,1.6021891240073616,7.083682689781132,4.077380437729426,0.4402957093030706,0.7315457528128241,2.450038144077376,0.7392095337733432,2.46516871424138,1000,1.9610783764149833,7.487777628234763,3.044414230903587,0.5546473005008166,0.5569036384380954,2.7038596185852373,0.8739696674333828,3.0481870853965836,1000
610,1.91974140653408,3.304579220713233,27.7893951452768,0.5216927110166402,1.1349312479794198,3.276972858593204,0.8972236929414654,2.9422591201266948,1000,2.1699778504587006,4.3104912537974975,15.79220985642197,0.49308065189352435,1.3755758820762043,3.3589249792280556,1.2035397727473929,3.1364159281700084,1000
611,1.2624668919180837,1.9776204644787667,35.128199342059375,1.0086642186658883,-1.4224958450727205,2.059943199940594,-0.7145149766670573,3.2394487605032247,1000,1.1274098759685156,2.3527431422856635,28.565828508299333,1.043945454256575,-1.5032021731796197,2.06219618741621,-0.9187232143743711,3.1735429663114023,1000
612,2.1977991963796573,4.654336846533458,8.297586159480725,0.6531381093395664,0.8031974797062184,3.0920872576158764,0.9176485020741072,3.477949890685207,1000,2.1115394938112204,5.577606887099054,5.107205679206187,0.6519067144244781,0.5646836697999525,3.044299250349133,0.8338023335392433,3.3892766540831976,1000
613,2.6236466263067353,2.654910460978249,52.44822648635331,0.6412769091898954,1.6027838947811732,4.12870357466701,1.3667438842945403,3.8805493683189303,1000,2.4245858942866514,8.229793100443436,7.314101678172507,0.6100280637319343,1.2967306610385982,3.6867230792650125,1.22893088937206,3.6202408992012427,1000
614,1.9005278856556733,1.6608025244216613,50.21716323085245,1.4837158621348507,-1.9364939320280439,2.935067323673513,-1.0075552041286342,4.808610975439981,1000,0.7006987314251654,2.76776983487175,19.700660221840504,1.4542682842457206,-2.0660020263716268,2.8648881338380647,-2.149667105696447,3.551064568546778,1000
615,2.9683607926007203,4.449179616634554,11.641765004830276,1.1014686976813355,0.896193098495421,5.122263515797077,0.8094821451453029,5.127239440056138,1000,1.757105013159044,4.059078793849123,13.278827312393684,1.1620817823634868,-0.07995511666407246,4.912532058488027,-0.5205752802733901,4.034785306591478,1000
616,1.3825240120348457,3.0225522094152546,23.220454618131637,0.5725341703002865,0.6775301243869233,3.057291528544108,0.2603570382462841,2.504690985823407,1000,1.499695123507441,3.4440877389436664,14.851564509928036,0.5299067313077656,0.674959931804982,2.8060263376052244,0.4610779301442205,2.5383123168706616,1000
617,2.230410195729343,4.585507643624925,15.58593715810816,0.7557985912009223,0.5911780435097594,3.303564134111028,0.7490449569755353,3.7117754344831506,1000,1.9704904799839145,5.782808305329716,10.929430741359477,0.6464731515501323,0.4986739785402531,2.938226372453532,0.7034031029456551,3.237577857022174,1000
618,1.453335755524592,1.495527389607491,76.88339773325418,0.4960656500334009,0.26724101162194014,2.021954837580922,0.4810470814591262,2.4256244295900578,1000,1.199194911700754,3.495131551377794,19.37157332757467,0.5959588351564444,-0.036715584122884705,2.2103719655844225,0.03111559479412307,2.367274228607385,1000
619,0.6030572215923342,4.654019747968369,8.71289433004089,0.8339104165655447,-0.6211286684151369,2.741509360341663,-1.0314071948761332,2.2375216380608016,1000,0.9437084689397774,4.83838841091005,7.428210492695599,0.9366416189890835,-0.8427915849616981,2.9356430475912045,-0.8921091042788261,2.779526042158381,1000
620,0.9648949398551454,5.968675505816501,12.066150802284428,0.5196653930144823,0.1890136437893064,2.2803418617100766,-0.05364923045323988,1.9834391101635307,1000,0.9910597810175243,6.495482137177868,8.997450483895737,0.5051896895500955,0.24596742195390825,2.288526861287855,0.0008879894993372162,1.9812315725357115,1000
621,0.5718349232037945,1.233733631396218,92.01452798782269,0.4220889474542395,0.06747060856999774,1.8289399682380116,-0.25545941380651493,1.3991292602141039,1000,0.501471563932665,1.9973557320834592,25.93654235643338,0.6827315240806973,-0.9761955055952681,1.9701342481742852,-0.8366822232655016,1.8396253511308316,1000
622,0.9077030686509056,6.123136339712688,19.170843374864067,0.56139432583923,-0.06648008189059111,2.1984193728615153,-0.19262980999398516,2.008035947295796,1000,1.0005975769385533,8.419635033457634,8.976826926827355,0.5173995054568122,0.020492253314825154,2.111926524772493,-0.01350545375679868,2.0147006076339053,1000
623,3.223084005996011,2.94089237697562,7.511362121815098,0.9555489064295555,0.7261893402778689,4.374444685217425,1.350208149394082,5.095959862597939,1000,3.2475732142206675,2.737735516829544,7.064268995209792,1.2160143323190247,-0.15458415753025137,4.321714487561166,0.8641851228753792,5.630961305565956,1000
624,1.9225728704729153,5.8876169412720065,10.36331470284831,0.44974973356289344,1.043325457679653,2.825296777782272,1.0410633926896442,2.8040823482561863,1000,1.88627245644726,6.147257169123824,8.539765916759183,0.4661584801589265,0.9704119596067136,2.848354505916681,0.9726018353357639,2.7999430775587557,1000
625,0.8324667247280999,4.25734068719706,25.48275294860294,0.49174416973585844,-0.11661376535089625,1.7553871704689628,-0.13135184795418264,1.7962852974103825,1000,0.7743037825730907,7.405134618486281,11.698584952214565,0.5024492556858478,-0.1916215820595311,1.8201248111912625,-0.21049675857117078,1.7591043237173523,1000
626,0.36060746545836486,1.0340772609466986,1453.0904613676028,0.9577696840590985,-0.193360752310607,2.7657348115907694,-1.516621115297468,2.2378360462141975,1000,1.4580800808664658,9.517782940583256,5.548118898894396,0.667141303773083,0.033752666381813304,2.6822988629311193,0.1504831254712231,2.7656770362617085,1000
627,1.815486972015273,4.57687836738631,10.765136073179253,0.9501780011657465,-0.19690840438109247,3.2177652267585377,-0.04686191026958997,3.6778358543001364,1000,0.38598730858150976,2.264180715810786,31.23160625459042,0.877788111177888,-0.42802227798099746,2.96797712736292,-1.3344773893271507,2.10645200649017,1000
628,1.004440989070219,11.060923257140502,2.8224939115338037,0.5848848875834642,-0.30142044820394415,2.0523121760814997,-0.14193339059337085,2.150815368733809,1000,1.1365356917923093,9.071593936443714,3.509569217208997,0.7800011255470982,-0.8007219899888274,2.397072842624559,-0.39226651428000325,2.665337897864622,1000
629,1.9918243217841818,4.728959645151395,18.396026266827604,0.48577996357724734,0.8603057815680663,2.8284673539553924,1.0396955931727772,2.9439530503955864,1000,2.032761818583209,6.296627773930184,12.991671180340434,0.523070069481485,0.7584196937394693,2.8346696919917864,1.0075444823994983,3.0579791547669197,1000
630,1.1335153725886864,3.00433952741001,34.234415474527125,0.8565857076062532,-0.9307851890487084,2.2971526883004696,-0.5453926143195698,2.8124233594969423,1000,0.5808779019606569,4.564429330462546,12.924950585971695,0.7528063593987594,-0.7308477028400493,2.1250715881226223,-0.8946225624609114,2.0563783663822255,1000
631,-0.8469639575140606,1.4421194068798875,76.6716411561173,1.1820287731962,-1.496061457827916,2.3910811148179936,-3.163740352978613,1.4698124379504915,1000,-0.43688880172868494,1.939178550985795,28.867067385181425,0.9804936484169613,-1.303878860769625,2.3016307290010682,-2.358656352625929,1.484878749168559,1000
632,2.087964629754632,1.7978811597163264,6.5899143945365415,0.929994605722544,-0.08677351383131855,3.6750321224945437,0.26517520253844573,3.910754056970818,1000,2.137042063373262,1.7967952541132337,5.460163688357403,1.017028036393354,-0.0682888901582158,3.5480668271288316,0.1436671120422881,4.130417014704236,1000
633,1.9061260331913072,4.471143938691286,15.77734087556766,0.3975558681919934,1.1789356210559325,2.6735774805018853,1.126916531535,2.6853355348476144,1000,1.9334935933406852,4.264873532075376,15.155869475425344,0.5515599511928742,0.538207497423127,2.703040655573983,0.8524360890026519,3.0145510976787184,1000
634,1.6267832324305571,4.551930878433346,11.203681574304035,0.7268273407810301,0.17249060616742484,2.9801780369195066,0.20220164449973832,3.0513648203613757,1000,1.861580132877273,4.836844723960952,6.9090418509995235,0.7709795073420699,0.31186345558495926,3.329329590705557,0.35046029848681615,3.37269996726773,1000
635,0.3206449570008907,8.010835959613736,3.768543662977256,0.9085473505131496,-1.1957475177761563,2.564378886491884,-1.4601078500048825,2.1013977640066637,1000,0.2473366552362264,7.937542403036908,3.982242082077015,0.941280383632422,-1.1018395585468956,2.7107923840547334,-1.5975728966833207,2.0922462071557737,1000
636,3.1302718065727104,2.028503526061525,99.54329316339317,0.8281444121927104,1.3501737712719126,4.133835812565916,1.507108758674998,4.753434854470423,1000,2.293082086652199,4.21223176742483,18.881381895814613,0.5469611177104998,1.3041999205629378,3.44006277903925,1.221038295939619,3.3651258773647785,1000
637,-0.07240070599574056,1.7666253232495293,15.381199567482588,0.6105173334749388,-0.9495292846257384,1.7802577784758327,-1.2690146796066204,1.1242132676151393,1000,0.050209353692139747,2.2463331296528692,6.964897723519668,0.6613024358100932,-0.8849019543579818,2.230513589939177,-1.2459434204956428,1.3463621278799223,1000
638,2.396593160835594,1.6827563252474862,74.30099962602276,0.4136922648164577,1.3225965438452731,2.9529708706685165,1.585756321795337,3.207429999875851,1000,2.2471656500185584,2.754424102346682,16.4417186449116,0.42383577106221093,1.3167628260695754,2.8583102799262754,1.4164475387366249,3.077883761300492,1000
639,0.7002904810719468,1.770393912388509,118.63239534423657,0.9920599265481622,-0.08695284829125219,3.942594067231646,-1.2441469749624512,2.644727937106345,1000,1.5776354699702348,5.619632877402113,9.385233345589976,0.9412388957630734,0.2663455428671196,3.8111008908229347,-0.26719276572538897,3.4224637056658587,1000
640,1.8369814482875573,1.6593573211854686,93.03858127109348,0.43278492703378046,1.2194111387206095,2.8360996708709236,0.9887229913013476,2.685239905273767,1000,2.195087040039195,4.323630338033306,15.838031500721993,0.4265938577651259,1.1806662020310725,2.894882251423556,1.3589630788195484,3.031211001258842,1000
641,-1.2109261630109343,1.714501759750207,123.76314875895773,1.820273104430834,-2.649568323604442,2.769648423413345,-4.778661447695368,2.3568091216735003,1000,0.4793828485436613,3.0981426384371007,24.49556028647901,1.2496391294103242,-2.1459190283355167,2.679865959372524,-1.9699098451005739,2.9286755421878965,1000
642,1.6497885726890518,2.4514009754290362,33.171485218438136,0.5442338817720055,0.8314254577957909,3.150987818039109,0.583090164415921,2.7164869809621823,1000,1.6485487362118851,3.137074329143726,20.556681934303107,0.6407465963282397,0.5615112040110714,3.260995782853589,0.3926854074085353,2.9044120650152347,1000
643,-0.422633354604375,1.8495961305629636,16.838981476574045,0.7112567762917898,-1.700574676680223,1.1249950359554515,-1.816696636136283,0.971429926927533,1000,-0.9790399015250006,1.6445282149365084,7.337996220894667,1.1344586041780202,-3.050917890819381,1.879629881054641,-3.20257876571392,1.244498962663919,1000
644,1.375249111870466,5.3658245831154,10.973965860581492,0.6319855487494016,0.45857767595893967,2.9441488787238943,0.13655743632163886,2.613940787419293,1000,1.3118670667728243,5.857136471754813,9.555877441696342,0.6326873442935291,0.352630319753718,2.832672626747401,0.07179987195750726,2.5519342615881415,1000
645,2.0128407017757057,1.7699166201943413,129.55143878108973,1.2609765513402855,-1.5264387979930554,2.757581873307707,-0.45867333885125383,4.484354742402665,1000,0.9434960563749961,4.343056710183934,23.578741794613293,0.9992896097292251,-1.4970844489057675,2.103593791699867,-1.015111578694285,2.9021036914442773,1000
646,0.5417731174499449,1.8276295616754226,112.30805723149265,0.9681368506401445,-0.32020038149475366,2.7643755994624524,-1.3557751098047384,2.439321344704628,1000,1.0034884875354324,6.288151239152291,9.78021546520566,0.914704356119651,-0.6181423734046053,2.884677459119222,-0.7893320504590835,2.7963090255299483,1000
647,1.5730593615588364,1.4119528943239124,85.82530010062287,0.6209053792798176,0.13503655000667694,2.630229951952448,0.35608481817039395,2.790033904947279,1000,1.464472175369123,1.952772339169482,40.078131381466505,0.6614597978336052,0.08477162277542674,2.8680597680884423,0.1680109716152569,2.760933379122989,1000
648,2.6400731783450935,2.7186005842217207,22.76588506341912,0.6472166471414471,0.9707235770547014,3.3881726886734143,1.3715285499478571,3.90861780674233,1000,2.67675064532429,2.339814752468147,21.124544704348136,0.6489777361015836,0.8989503938071514,3.2804450443137436,1.4047542825651864,3.948747008083394,1000
649,1.4808100020623174,3.62262785211015,19.885210263628075,0.8228151082963673,-0.5426906341945176,2.5244495296805587,-0.13190761019856256,3.0935276143231976,1000,0.9062069959766121,3.924680254863441,17.158237486406183,0.9103425240704061,-0.9973208577367648,2.5450779087591555,-0.8780643512013837,2.690478343154608,1000
650,2.134360944278145,1.515720541795853,79.2290132315518,0.35682039507936847,1.4512874772936517,2.825584811395834,1.434992969922583,2.833728918633707,1000,2.2567038177326566,3.488250466738703,17.769415466720073,0.49112877300628205,0.7430290835915127,2.844477802297028,1.294091422640344,3.2193162128249693,1000
651,1.584321115652776,5.875668355394045,9.927846831144906,0.5390062732209293,0.694940857394573,2.6774304275123426,0.5278688201397546,2.6407734111657972,1000,1.5340866757518743,4.849916340341852,13.345699250167803,0.5796011640243521,0.6902238941718877,2.833132589578079,0.3980683942641441,2.6701049572396043,1000
652,1.9993228272455097,9.562833123396631,4.89487132147022,0.7832109321236581,0.5339204870911807,3.534992971173986,0.46422940028313975,3.53441625420788,1000,1.9843665712660865,7.202780041869757,6.138393162891803,0.8167779760797398,0.4148166360315148,3.7259637734765882,0.3834817381497966,3.5852514043823764,1000
653,3.3811149952190904,2.8463175042756035,16.221772851418155,1.079980895224427,0.7705818212069975,4.571029044891746,1.2643524405792137,5.497877549858967,1000,2.3355169457232474,5.260982850147448,6.345086333755392,0.81008599620378,0.5556461014180342,3.9677712917266232,0.7477483931638387,3.923285498282656,1000
654,1.9199505725842925,3.5321603042091305,10.403606270506234,0.3020554913462305,1.1347794859665008,2.3665201755905603,1.3279218095456806,2.5119793356229043,1000,1.9244381141785505,3.9702324754036686,8.262825225441544,0.34997200085465896,1.015544025445295,2.4342247616705737,1.238492992503419,2.610383235853682,1000
655,1.0527808182366956,6.110067513154052,17.55360637527025,0.38167359669952977,0.42103655926392425,1.8793370847718487,0.30470056870561724,1.8008610677677739,1000,1.0681513091632846,10.563933189940041,5.778347888562133,0.5487105149027716,0.14684928888887727,2.3263383610136907,-0.007321300046147616,2.143623918372717,1000
656,1.6998684089309344,3.2454889328786485,25.410744374497796,0.9783959909767929,-0.5794108794070817,3.2968548941515183,-0.2177877333835796,3.6175245512454484,1000,0.9639911116171982,3.0952604326673203,21.31746178760804,1.0333225046031373,-0.7464929658897691,2.9015273872621905,-1.061320997404951,2.9893032206393473,1000
657,1.3343550909386583,3.771542611591315,36.128595299478064,0.40160015797959825,0.7779462397614202,2.312737792924527,0.5472187812986458,2.121491400578671,1000,1.6405947500964984,13.849388394785494,4.2326058819935,0.394128844796127,0.9914780711950889,2.526540189047698,0.8681022142960895,2.413087285896907,1000
658,2.6806685401997283,3.261731474091739,20.030490322194417,0.8145471725290798,0.77607043223166,3.7364454858674003,1.0841560820427318,4.277180998356725,1000,2.844567196721421,2.730078511497721,27.54520820715593,0.8504206815306365,0.10404845184633305,3.6021543685516417,1.1777426609213735,4.511391732521469,1000
659,1.9780226197708148,3.968586652768047,12.521069235367923,0.9413330736711762,0.008717094116804899,3.4740705363720483,0.13300979537530933,3.8230354441663206,1000,1.0901115190903827,3.3946646073298434,14.987334010113065,0.8502027663035673,-0.25436440631126916,3.087716355577705,-0.576285902864609,2.7565089410453743,1000
660,2.05107146710146,4.327570898571476,20.63632148612273,0.6861603789892746,0.7632590991233356,3.2612587368263593,0.7061971242824818,3.3959458099204385,1000,1.9101404430408397,8.183801092514834,5.884765912204685,0.5387215201547824,0.874476593572205,2.9861300515808136,0.8542462635374664,2.966034622544213,1000
661,0.8913819853390439,1.471706936014336,141.46928610714372,0.39967257601487327,0.32014298202520186,1.8548247481426303,0.10802373634989226,1.6747402343281954,1000,1.1592151396173682,4.19109698524845,12.616268384197749,0.4196295452032366,0.4598530427803201,1.9991414334703441,0.33674123101902453,1.981689048215712,1000
662,0.37360948739191313,2.6113920183356187,35.533477819296046,1.1897629188635832,-1.6542346411601818,2.189485187955788,-1.95832583358071,2.7055448083645364,1000,0.2756685904083862,2.8718603016837796,25.322976232640674,1.021924748610294,-1.1207795032037287,2.220192261421461,-1.7273039168677902,2.2786410976845626,1000
663,1.3097530726580706,7.756314932913524,9.024204905984899,0.6601160584593552,-0.01608592204359323,2.501628049902697,0.015925598077734415,2.6035805472384066,1000,0.21372156536570053,5.879286091971776,10.564400843762433,1.0230661959813934,-1.7075465333950788,2.189115470250153,-1.7914881787578305,2.2189313094892316,1000
664,1.62623832533558,1.5285879591161406,121.16919416133243,0.3503600731138896,0.981241200336029,2.3696409353608385,0.9395325820323565,2.312944068638804,1000,1.8423662731538581,6.276607476316555,11.707125757404965,0.42950252529783545,0.9106271828569537,2.6026402263580657,1.0005413235701006,2.6841912227376157,1000
665,1.6756950607294077,6.951905662650214,8.075841172084719,0.5195550460721832,0.5753460746101441,2.6217663377559117,0.6573671704279287,2.6940229510308864,1000,1.4289255796415463,8.610388624747314,5.060604533555957,0.602292413578973,0.18105519884255433,2.5059356723459074,0.24843244902675932,2.6094187102563335,1000
666,1.0344485853097383,1.0425256283207625,632.4588371133973,0.4588412817138651,0.31048206409539963,2.150348733017649,0.1351196731505626,1.933777497468914,1000,1.0395521612919496,3.2287140548057813,17.609063515853244,0.6394174275178116,-0.08750094676216201,2.5855685153871053,-0.21370599664296108,2.2928103192268603,1000
667,2.042724580794709,3.7742216319748043,17.15647025357299,1.1776755219362331,-1.3873422614845505,3.25810906218839,-0.26551944220030776,4.350968603789726,1000,1.7854456289755767,4.510853110672098,11.885267385083992,0.8955740499641746,-0.6086842775614117,3.0411385064153884,0.030120491045794617,3.540770766905359,1000
668,0.9657514797937481,4.566510655465885,11.752580387572674,0.6731636626320395,-0.1535715493886821,2.705611136341084,-0.35364929896504926,2.2851522585525457,1000,0.37278233099267455,4.0396259951081275,13.701431482571211,1.0300158920149451,-0.887539241699977,3.214904767051028,-1.646048817356618,2.391613479341967,1000
669,3.4522303845953317,1.921426164949082,37.297473763764955,0.44266428143444986,2.4598722798450714,4.1448372043434425,2.58460839298381,4.319852376206853,1000,3.346533937426036,3.1566369684160085,16.35104537274351,0.602161483582163,1.3462413125888164,4.121977733193269,2.166297429604996,4.526770445247076,1000
670,1.3885836784623893,1.8210648965368685,80.4721268388149,0.4158501050869799,0.7445139361750794,2.348622738257599,0.5735174724919087,2.20364988443287,1000,1.5753979998263379,7.53530939431842,11.532594632804551,0.3997263345606259,0.7620379837592227,2.336786385297361,0.7919343840875112,2.3588616155651647,1000
671,2.0386312819339163,1.9717574730649783,43.51515273425546,0.4061456531307045,0.9902146713546486,2.6875231098111327,1.2425858017977354,2.8346767620700972,1000,1.6662785917733116,3.8593886087253746,12.308801193228602,0.5261092857723179,0.7682873008468619,2.7595738435466637,0.6351043916595687,2.697452791887055,1000
672,0.4712401620949447,6.069671412074991,8.095404635872042,0.5140921517489379,-0.33110884028151666,1.5619124819383194,-0.5363804553329734,1.4788607795228628,1000,0.04397173631733087,4.241199917583472,12.100262065419141,0.6843267340808192,-0.7949195244076886,1.8595485496327624,-1.2973086624810748,1.3852521351157365,1000
673,3.084431058416132,1.4973195783093105,140.19746899867894,1.459587241060965,-0.5239146486801421,3.968087669496476,0.22364006593664065,5.945222050895623,1000,1.3693297175323407,4.474018343409694,15.30761043982006,0.9431678839026918,-0.464102729036581,3.4901346641781044,-0.4792793349169353,3.2179387699816164,1000
674,1.8746838815593672,1.7390642468946993,92.38510373879639,1.0206118213945667,-0.6567946988441123,3.071307527662283,-0.1257152883739836,3.8750830514927177,1000,1.6550719007395895,4.504783803588983,18.54195469183235,1.0991276849502818,-0.6733986002335514,3.6695688205264507,-0.49921836176296264,3.8093621632421417,1000
675,2.034489376171457,5.426282053807953,11.132625152830228,0.5075974436790803,1.0700439676719358,3.0643573844351546,1.0395983865604594,3.0293803657824543,1000,2.0767863583406037,6.023294711947542,7.376091458694617,0.49659657982016664,0.9888507386392489,3.0346790892024376,1.103457061893077,3.0501156547881303,1000
676,2.4545324873252743,3.6795511472696476,28.71379594605967,0.695681139817941,-0.14907661296073516,3.205401204118135,1.09099745328211,3.8180675213684383,1000,1.9497523910225638,6.311237085404742,9.878102670732218,0.7044767791004145,-0.2170224833896321,2.894304882813575,0.5689779039857514,3.330526878059376,1000
677,3.1268893157562836,1.1459160899558958,176.05672836426268,1.3196815690980581,-0.2678495491042347,3.71806479502421,0.5403134403240899,5.713465191188478,1000,2.56519854372399,1.7541494630292487,33.42865410473823,1.1163016272060347,-0.22165411971679191,3.4162895056133724,0.3772473544001622,4.753149733047818,1000
678,1.1635899100048006,2.973162547666385,28.860661493935776,0.3359671163553048,0.4969200579446815,1.7695265896821555,0.5050943619484032,1.822085458061198,1000,1.1030263241565452,4.394028797136186,14.44919727676533,0.3711613174921382,0.3110138562216109,1.732688870217997,0.37555014187195435,1.8305025064411362,1000
679,2.3141056344065993,5.001226440148769,13.813712569345284,0.38929906618747107,1.4432157473124028,2.9715957464135205,1.5510794646791561,3.0771318041340425,1000,1.8978073939033644,6.814113378925859,8.113771851546637,0.6416967957864543,0.5170548688001412,2.9996623575795156,0.640081674161914,3.1555331136448146,1000
680,1.4757820850275172,5.3582711591703625,9.807876297627894,0.4245513925808957,0.5414213740626966,2.236867003496638,0.6436613555689616,2.3079028144860727,1000,1.4901544895223715,5.413139130296244,9.806069143502745,0.4146945414366503,0.724386279598696,2.26697972614782,0.6773531883065369,2.3029557907382063,1000
681,1.3562048676470104,5.664212039189324,8.062653079864544,0.4433189339882812,0.36139564146078795,2.0974847500162177,0.4872997570299793,2.2251099782640416,1000,0.6695872048784934,2.4410925131346586,19.406529690359672,0.9630288968870226,-0.9244021798606775,2.35614121985901,-1.2179494330200709,2.5571238427770577,1000
682,2.1799772709852254,1.157327443121989,328.54675504302026,0.41005808478516564,1.4820374576948459,3.090400406641961,1.3762634248063008,2.98369111716415,1000,2.1749682766985448,1.6976047312854492,20.562955770184217,0.6878958531008249,0.01813556789371563,3.0371748060398525,0.8266924046209279,3.5232441487761617,1000
683,1.8848075646869573,3.5888314430201502,30.14870247395279,0.542050653070558,0.8828044663320738,2.9869360208201248,0.8223882846686636,2.947226844705251,1000,1.9623687721553487,6.726916569904446,8.668760487241794,0.5491609474335993,0.8819103415875226,3.0155267108276544,0.8860133151854941,3.0387242291252035,1000
684,2.077698562116112,3.241310623978114,10.921969883350691,0.5298116082185548,0.7789068878856102,2.9587558458637537,1.0392678100077448,3.1161293142244793,1000,2.190143862423035,3.291798440925036,8.587179421483146,0.7275977933902645,-0.06950664106350499,3.1730549075663355,0.7640521873781168,3.6162355374679533,1000
685,2.3050178812687,4.0495588340761515,23.072642261700924,0.38042951619994886,1.3298474012315435,2.919151951694933,1.5593760295168004,3.0506597330206,1000,2.1259463360960953,2.2338579787585786,47.67139186068146,0.4568857832599949,0.9376862368631955,2.836152161662274,1.2304502009065053,3.0214424712856855,1000
686,1.8780502025703354,7.997791859350575,6.8274902296569175,0.513638510144602,0.8057854449090512,2.838895845493776,0.8713187226869155,2.884781682453755,1000,2.454387110016084,5.56162183888005,15.790313767101349,0.7150033392956031,0.8987537676589734,3.712597856719781,1.052980564996702,3.855793655035466,1000
687,1.4107030455487137,2.41942040923174,50.05145812307485,0.664732011855838,0.6237002625139468,3.0924161355886217,0.10782830231127138,2.7135777887861563,1000,2.379386301932597,7.772190061682752,10.1263967457989,0.6591198104240681,1.25532131141913,3.849443558561685,1.0875114735014235,3.6712611303637703,1000
688,2.2058898403729934,5.798404269895897,6.73277615138504,0.5038600643171142,1.2985060987812955,3.2422873574679403,1.2183241143114496,3.193455566434537,1000,2.142482839371985,6.028369027293978,5.781786862034288,0.5371127567009057,1.1959608154178722,3.2440446655382438,1.0897418362382099,3.19522384250576,1000
689,4.030440834621775,1.5263132841105587,101.23766324700956,0.6735646735403313,1.9951898956236587,4.783135178365941,2.7102540744827257,5.350627594760824,1000,3.039916916062467,8.703693050208022,6.2492384266207806,0.7004132071404011,1.4043293706138098,4.240311497849604,1.6671070300672808,4.412726802057653,1000
690,-0.26678839901380424,1.138271889610056,157.61158868647885,1.3894247793612604,-0.8064815628147342,3.1046303060012868,-2.9900609665618747,2.456484168534266,1000,0.05941675211626496,1.489281210822848,53.81986080216848,1.2398016484919978,-0.6344780030908516,3.0545840264340796,-2.3705944789280506,2.4894279831605806,1000
691,-0.12177483271855238,4.74711291684874,9.83201697115642,0.7427758091283049,-1.1999490571387792,1.7228052375890683,-1.57761541861003,1.3340657531729252,1000,-0.1252586403521554,5.532008930295992,7.161046891175723,0.7297068470085698,-1.2673447492009133,1.675624076220849,-1.5554840604889522,1.3049667797846414,1000
692,2.020605355333251,4.147291361410244,20.23014982433718,0.40661075315019773,1.292308103223126,2.8906726307024337,1.2236482791588634,2.8175624315076386,1000,2.1733350592053102,5.386626833748148,8.958195868074487,0.44719263331336206,1.3809128225636969,3.0993797100559104,1.2968374979111206,3.0498326204995,1000
693,1.3689002143171398,3.5810158676933397,16.118938410469028,0.935059085591145,-0.18721848716361847,3.1473269223812954,-0.46381559344150447,3.2016160220757843,1000,2.054077164143966,2.8142774205011976,17.57535034381035,1.046933094889977,-0.42965114689455436,3.2410100490774907,0.0020882981596108685,4.106066030128321,1000
694,2.1785877533782605,2.4302953247991237,25.565706707320054,0.7524214669403293,0.7040312898014625,3.702062300015721,0.703841678175215,3.6533338285813057,1000,2.177217173217179,3.0319597742575497,11.803092449503614,0.8023261065643489,0.17483196120427089,3.3641457115628643,0.6046580043510552,3.749776342083303,1000
695,0.6664610452142361,2.195963876254483,22.050567685879464,0.3676852562641124,0.1232155955925725,1.5088324199618197,-0.05420205706342418,1.3871241474918965,1000,0.5924208380470104,1.880731140507953,17.27846739228229,0.44504330707558803,-0.18327179488106596,1.667766846147951,-0.27986404382114216,1.464705719915163,1000
696,1.5387703180024208,3.5143100454864515,7.408468557776594,1.0835901453081767,-0.37736805891010256,3.745114203301443,-0.5850663668016054,3.662607002806447,1000,1.3772531385026139,3.5557589774562572,3.5949868353593817,1.1508124532051425,-0.8049156991738818,3.1835257724212047,-0.8783392697794654,3.632845546784693,1000
697,1.9563260661084008,1.1963152233262047,205.70401149978576,0.883219316962277,-0.6450913949274973,2.55462217280639,0.22521620486233807,3.6874359273544632,1000,0.39738671566882977,3.6299482406585932,15.940804448716891,0.9286878602680072,-1.159115411262525,2.237475114750116,-1.4228414904564644,2.217614921794124,1000
698,1.1857964144530804,2.190846853701803,14.206585344252742,0.48570178706366585,-0.17641347090265216,1.8928104233641772,0.23382091180829534,2.1377719170978655,1000,1.385602450447425,2.366006930906359,9.9045032594876,0.4267879461708754,0.49085816917251884,2.1796956440796027,0.5490980759525091,2.222106824942341,1000
699,-0.3903875407361945,1.7618226072268601,99.69850972038157,1.0358061873160263,-1.035403940905395,2.647636271852302,-2.420567667875606,1.639792586403217,1000,1.022241132712856,6.508977522675337,9.729143698023575,0.6191467529425593,0.08486552059100706,2.6141158558314794,-0.19128650305456008,2.235768768480272,1000
700,1.687264973790503,1.0819024681885365,259.8912533892807,0.5927478809382885,1.124796906440196,3.3082081468425106,0.5254791271514576,2.8490508204295484,1000,1.7760915222731408,1.4777939489533667,27.92300743443366,0.5953751149644423,0.767200853344583,3.203256560496903,0.6091562969428339,2.9430267476034477,1000
701,1.521728206247064,4.462577425853377,19.914854315475115,0.5346188032238367,0.5816660673307031,2.6321600258981044,0.47387535192834407,2.569581060565784,1000,1.624141986008465,6.233305218732832,9.430001180676651,0.48742571961071035,0.6981052059751314,2.627353692635611,0.6687875755714726,2.579496396445457,1000
702,3.042905005448424,4.774334523194726,15.352387278515085,0.7589560865593317,1.6533420825263518,4.5913222573516945,1.555351075792134,4.530458935104714,1000,2.997799140343037,5.981599907434192,7.295469484758544,0.7561759904726844,1.4097403150498842,4.429990567263453,1.5156941990165755,4.479904081669498,1000
703,1.3699992363493556,1.7967429231048226,119.2493993934105,0.5248310086987891,-0.023281199071563816,1.9592710828505977,0.34133045929972905,2.398668013398982,1000,0.9926613086509015,7.6205945686101755,8.666552847406074,0.45780884786086734,0.02357303590188152,1.7799116781458313,0.09535596684360159,1.8899666504582013,1000
704,1.9301916514997381,3.7221784719383,34.44150408066301,0.578725189170806,0.9742689883516098,3.1986263712499166,0.7958902807249586,3.064493022274518,1000,1.8369415407866994,5.01882742918717,17.409837000619458,0.5599600515104849,0.8663359837332065,3.0049393922597343,0.7394198398261489,2.93446324174725,1000
705,1.3562375710233994,3.1145942234060686,44.15248302174163,0.723353700765535,-0.8045283262279769,2.3535334781280137,-0.061535682477049214,2.774010824523848,1000,0.9281661978176505,5.725515043899704,14.068708142351802,0.8254976066319234,-1.003824676224313,2.342305062077678,-0.6898091111809193,2.5461415068162205,1000
706,1.567945990883722,1.209303105292416,172.15399884679263,0.6299937412755326,-0.4146444137221557,2.0748611731557056,0.33315825798367804,2.802733723783766,1000,0.9496203536351162,3.595136552278444,13.409082012979091,0.7378984300808036,-0.7176382031913642,2.1314349136146182,-0.49666056932325886,2.3959012765934915,1000
707,1.566504023038624,4.376443141389523,3.189923281584153,0.8306147541547405,0.5751776136730113,3.5937825399575973,-0.061500895104667386,3.1945089411819154,1000,2.5041160810608907,5.015835318108623,2.036516370291783,1.1959197906121668,-0.4171917357417539,4.228143989331615,0.1601132914610437,4.848118870660738,1000
708,4.140616471124421,1.1433449332093253,181.27562014387325,1.206134110456446,0.790275286469579,4.641708224052741,1.7765936146297867,6.504639327619055,1000,3.685021459972716,1.6939414320953534,36.810945213812246,1.1155434888707152,0.5732296976214406,4.418570937344901,1.4985562217861141,5.871486698159318,1000
709,1.264105272620514,2.6847356691891675,35.027084884690716,0.3181335234554677,0.8067931589645414,1.918766671617608,0.6405635666477973,1.8876469785932306,1000,1.2075052416962562,2.5732290632393653,30.50565860518487,0.38720349367448875,0.667620966670654,1.9783922452954383,0.44858639409425827,1.966424089298254,1000
710,1.6684173460699228,5.91666243969489,17.202176086482883,0.5136039095219557,0.8611325817894205,2.8613622587766034,0.6617536834068896,2.675081008732956,1000,1.4678190861772105,5.918791982494718,14.759223334114237,0.5439303668305594,0.6248461399701881,2.7094600995988873,0.401715567189314,2.533922605165107,1000
711,1.4536538904759877,7.586376803562459,9.889935051816613,0.3112003775676749,0.881654124013723,2.0862838130932833,0.8437011504433449,2.0636066305086302,1000,1.3799190644418404,9.55485133650158,5.897976079826791,0.3626414952286369,0.7170436804568496,2.130464675203154,0.6691417337937121,2.0906963950899686,1000
712,1.6539329151290847,4.294517104235533,13.081551072037058,0.41673868688240484,0.8423907062849328,2.4480501969906725,0.8371250888395713,2.4707407414185982,1000,0.8874050929897181,4.7741321241991805,8.44239605845873,1.1262959494538174,-1.8715192881571872,2.565401256366181,-1.320134967939764,3.0949451539192,1000
713,0.2022918054598386,1.4453275400054124,69.60991599396795,1.1388783961964475,-0.5021970293611214,3.0190864377828337,-2.0299098510851983,2.4344934620048755,1000,0.7102845848352484,2.332146718205688,21.175762902333208,1.0238524937227682,-0.20519184390476958,3.2142261581431906,-1.2964663028613774,2.717035472531874,1000
714,-0.16452310303188922,1.7616597775910365,93.25121246806978,1.1352628436633634,-0.8846698497351159,2.936617030039779,-2.3896382766120814,2.060592070548303,1000,0.539658686446981,3.6775952680812907,26.56968368991496,0.7757057206447192,-0.19434853364938817,2.7122340596152936,-0.9807245260166686,2.0600418989106304,1000
715,1.7165126463717257,2.6575739226337056,42.956999355376375,0.5191242518276957,1.013388029655384,2.9801701307874553,0.6990291127894421,2.7339961799540093,1000,1.6928105901463346,6.087657241390895,13.523393446780064,0.5243971395961097,0.7607959926708735,2.7832336436944365,0.6649921965379597,2.7206289837547093,1000
716,1.1000569422712374,1.197366077851417,101.1374300885387,0.9571582295076404,-0.2924955825809278,4.01317503462836,-0.7759731875637377,2.9760870721062123,1000,1.3173429146779152,1.7438980544175922,28.69635997544038,0.9846224592092476,-0.3687933584438042,4.064595486229849,-0.61251710537221,3.2472029347280404,1000
717,1.881640612993973,3.336207405194952,21.537959021090344,0.274500978882631,1.4281525195192064,2.491305829712497,1.3436186943840163,2.4196625316039295,1000,1.7422719427499094,3.97155939518957,10.070306994626614,0.31144184356494325,1.1387026381533991,2.3312950948706805,1.1318459293626206,2.352697956137198,1000
718,1.9402698895788792,1.875348934062053,63.443625291357414,0.4651239421544714,1.0451409210216858,2.97598311643145,1.0286269629561153,2.851912816201643,1000,1.499053734109737,4.260274164023616,16.55147475655544,0.7574025026180081,-0.42978525636910975,2.6224877363336683,0.014544828978441116,2.9835626392410326,1000
719,0.8501377903954552,1.949497926863521,11.006167871753531,0.5303797331489064,-0.16114833272143161,2.331702647200478,-0.18940648657640136,1.8896820673673118,1000,0.8407469412193393,2.0138310772884163,9.59644515272239,0.5044717785139194,-0.1452872858807552,1.9639013508402696,-0.1480177446679427,1.8295116271066214,1000
720,3.222946163469673,1.3747488525591594,84.60006288734063,1.028076096593308,0.5888115869971235,3.7922138805950985,1.2079170141467896,5.237975312792557,1000,2.197766978753457,3.8279982673577444,14.92159651650443,0.8989194676134663,0.16348114698432822,3.3914250726726296,0.4358848222310632,3.9596491352758507,1000
721,-0.1438182744252785,3.4229730962274525,9.289358990475856,1.2831205632136644,-1.6671366510021697,2.5616669315748677,-2.6587345783240606,2.3710980294735036,1000,1.319707109296899,3.465216445462714,8.299874491459768,1.093967411598318,-0.9474013051357633,2.951308724278575,-0.8244690174358043,3.463883236029602,1000
722,1.8361621688327965,4.5749407606587384,13.269662961904494,0.607847635374608,0.42860141954084824,2.7621500676179505,0.6447808034985649,3.027543534167028,1000,1.4168407472015152,4.885798991904333,10.000429640178414,0.7237341198810755,0.07257191050959497,2.819586317315649,-0.0016781277653927784,2.835359622168423,1000
723,0.7580557237866883,5.949297836439953,2.6912237081546406,0.47448606449440034,-0.19713155823727568,1.721124291401127,-0.17193696262233638,1.688048410195713,1000,0.7703559412704406,5.969682245150241,2.501436734669329,0.49422857613853294,-0.22874826746059906,1.7133340619341695,-0.19833206796108394,1.7390439505019653,1000
724,3.4216168474383934,3.764658641946483,36.3192399016739,0.6242947718992189,1.898991919474206,4.572362365247953,2.1979990945159242,4.645234600360863,1000,3.0574469551456427,5.169377749226513,15.635339614204938,0.5156957895895895,1.8889380293444296,3.892962828961208,2.046683207550047,4.068210702741238,1000
725,1.659581814864218,7.1716010453644055,9.397482463388323,0.389554845224944,0.8914248802644414,2.410501192627819,0.8960543182233278,2.423109311505108,1000,1.4376354709358194,10.197217598727812,3.7872574479941656,0.43817375381859275,0.5022257192789199,2.278086877359122,0.5788149134513777,2.2964560284202613,1000
726,0.9045553589083415,2.745534042704362,32.40284540771479,0.9158927736437567,-0.10144938535331578,3.4565525948617704,-0.8905944774334216,2.6997051952501048,1000,0.9948398412494426,3.175243793080398,26.710549710762393,0.9222150197628722,-0.17600804124052488,3.651460865694043,-0.812701597485787,2.8023812799846723,1000
727,0.7932396610611332,6.238692176245831,14.748138394189501,0.45653930656116964,0.01507470251518723,1.8478796674329219,-0.10157737979875925,1.6880567019210257,1000,0.5658686850874213,7.353744344665858,8.11388708978384,0.5012282074662691,-0.27828236905279763,1.6477161950316896,-0.41653860154646605,1.5482759717213086,1000
728,0.43061876915145025,2.70933149209228,23.831293624303974,0.3862740174819631,-0.09203876918671157,1.2811547180198108,-0.3264783051131974,1.187715843416098,1000,0.39488634842250225,3.5629932650957965,16.776324170235394,0.3948632077484635,-0.19685604031146026,1.204266744907109,-0.3790455387644862,1.1688182356094907,1000
729,1.6416313964483875,3.864688154625838,26.66726768864007,0.4753340399833068,0.7823017117503708,2.6400037851242355,0.7099766780811062,2.573286114815669,1000,1.6227483824339004,5.318994458680867,16.693096406235952,0.4946949944161917,0.7067052914924321,2.611201322196109,0.6531461933781647,2.592350571489636,1000
730,1.4483401048841613,1.1699169853064968,296.575667044395,0.7164098899854702,0.9223001411177862,3.386771914242298,0.04417672051263977,2.8525034892556826,1000,2.048876085672716,3.1796580276065285,25.236778216321216,0.7083309081162927,0.10823475387107132,3.199352406587879,0.6605475057647823,3.4372046655806496,1000
731,1.2340251357909737,3.5285275759065184,32.4585575624495,0.6798830488759332,-0.3250745192656588,2.2921018260285146,-0.0985456400058553,2.566595911587803,1000,0.7465404266818805,6.707964270503595,10.718158175770377,0.7754780207610413,-0.3330659816538353,2.434052552327398,-0.7733964940097604,2.266477347373521,1000
732,1.2741773991338252,1.224748102070605,401.84151755667295,0.9647879686058707,0.12705522635086153,3.7108824123809416,-0.6168070193336812,3.165161817601332,1000,2.4287234505203172,3.2787755063141057,17.8202454635657,1.017384165717407,-0.048335184348909696,3.7904273503853694,0.4346504857141995,4.4227964153264345,1000
733,1.8963315048744056,3.023671040624982,52.09188955826712,0.6880950963954808,0.18677311614123002,2.692963778141168,0.5476651159392631,3.244997893809548,1000,1.4274564444693276,6.790846325184865,10.353001843200607,0.6323297380293474,0.14036379976022667,2.628895144893813,0.1880901579318066,2.6668227310068486,1000
734,0.7813979390480614,2.1508134644201538,59.59451382452295,0.45099578894824677,0.24438323621726785,2.110180452486042,-0.10255380729050223,1.6653496853866252,1000,1.1920496519085515,4.644498295978459,11.784865257848429,0.6228021506314149,0.13953524236714818,2.774198012354422,-0.02864256332902171,2.4127418671461247,1000
735,0.7125838812001348,3.2028716269414677,25.48354514741838,0.586619102302245,-0.20607933006858647,2.0044577621767496,-0.43718955931226544,1.862357321712535,1000,0.9375511235498641,4.876251420223484,10.665081978497502,0.6329026921647203,-0.16860762320691294,2.20972406061965,-0.30293815309298755,2.1780404001927156,1000
736,-0.16476061969311306,1.0851080307569585,163.82909546954406,1.1554892937830974,-0.6004324755804485,2.8348166074096075,-2.429519635507984,2.099998396121758,1000,-0.04218138626840817,1.2074679869734304,77.46354779261331,1.0488794857367711,-0.5365362335716362,2.8359644944311886,-2.0979851783124794,2.013622405775663,1000
737,0.6156743505719178,4.577307324073635,14.777695178833314,0.7097932011012453,-0.21290477292783494,2.492783024567957,-0.7755203235865231,2.0068690247303587,1000,0.7273323903390925,4.742696818724839,13.893383771541203,0.6937905427589987,-0.08579571236993,2.645085273507447,-0.6324970734685449,2.08716185414673,1000
738,3.7233896144029757,1.2628180498657255,43.46540300670679,1.5265954020407673,-0.31266194397009833,4.260024552738692,0.7312626264030717,6.71551660240288,1000,3.1580197742699587,1.9133943613165845,9.897328942879655,1.295976025301122,-0.20880687431465336,4.064310455725974,0.6179067646797596,5.698132783860158,1000
739,0.9398120468405011,3.076031897947827,42.285976310003605,0.610642160591333,0.24133234799937542,3.078832391212876,-0.25704658791851154,2.136670681599514,1000,1.4217144640212567,6.354301692678358,11.23247822111777,0.572122644902416,0.5417521570975883,3.0388246361648332,0.3003540800125213,2.543074848029992,1000
740,2.449896375588911,3.541729282503358,24.433668478101225,0.3909313939456053,1.8025873777625787,3.3148342090242475,1.6836708434555248,3.216121907722297,1000,2.4229461359286795,4.962400513608743,13.341540573455145,0.5283722913183656,1.2898876257727694,3.3965601811570205,1.387336444944683,3.4585558269126757,1000
741,0.16795826077025033,1.0800480864511628,397.34096883563564,1.2515018192388458,-0.4357416026773772,3.911445420194199,-2.2849853049378877,2.6209018264783883,1000,2.0851913928445733,7.058416140607091,7.240073054321597,1.2541373819340365,-0.05371314789230646,4.9298142150018895,-0.372917875746138,4.543300661435285,1000
742,3.133346461486879,3.388135480945914,11.931157211429769,0.5346967021378203,1.6948439907536346,3.8348217272716645,2.085340925296751,4.181351997677007,1000,1.7018856602980517,2.4365746907416383,17.947928138492415,0.9510271430634639,0.49435712721638886,3.816439896065446,-0.16212754010633756,3.5658988607024407,1000
743,2.188603268563742,3.5745402970940825,1.816478784908093,0.8443300303690682,0.7199360944690202,4.008818677138117,0.5337164090403683,3.8434901280871157,1000,2.7930559945359477,3.030194179795232,2.152751399307177,0.9150975631342846,0.16529617355552736,3.663360635169942,0.99946477079275,4.586647218279145,1000
744,0.3235445380243598,2.3610208629095886,101.86443656731203,0.7404274655516332,-0.2772256008998965,2.6056074156630067,-1.1276932944568412,1.7747823705055608,1000,1.7298378803171848,8.794930126283418,4.330156702874589,0.6293067656748673,0.6509207813960302,3.118375033777188,0.4963966195944449,2.9632791410399246,1000
745,1.0148755154351337,1.4211837782374248,88.1361509428813,0.7943447087002655,0.17739921383807336,3.4817911631841354,-0.5420401136173867,2.571791144487654,1000,1.5917990034059657,2.771939660013309,24.649623910177482,0.7913217482960457,0.27684365390570825,3.4084795389086335,0.040808376745716135,3.1427896300662153,1000
746,1.1925771617338536,7.052228237039242,4.659347687981209,0.8784239750875447,-0.23660578488280415,3.0692402965996215,-0.5291338294377339,2.914288152905441,1000,0.7554112796640016,5.959975746519258,5.120520116651813,1.0421116228034573,-1.133860263820705,2.8970902269677192,-1.2871275010307748,2.7979500603587777,1000
747,1.0322881791021632,3.0469464319232347,14.69900265967628,0.6200503727258977,0.27503155383490097,2.6613413811805193,-0.1830105514405962,2.2475869096449226,1000,0.7726680763708174,2.4816428687819423,9.578518809507603,0.755357077445657,-0.6621774031497819,2.4395053070288526,-0.7078317954226705,2.253167948164305,1000
748,3.590212368786104,1.1548162572133325,225.70744456575576,1.6265314570884422,-0.4547706038861827,4.140574671013213,0.40221071289275745,6.778214024679451,1000,0.925526144949786,2.2408609532859356,32.19377179886948,1.02461277562295,-0.7591822750904555,3.2255910657256597,-1.082714895271196,2.933767185170768,1000
749,-0.512595582306935,2.3292916937585493,15.380021582921493,0.9154095048051636,-1.3759435339439967,2.548619483112474,-2.306798211725056,1.2816070471111856,1000,-0.4218193793327887,2.5757029269986345,11.765834656808428,0.9105883817911039,-1.4906191714730372,2.235071842611565,-2.206572607643352,1.362933848977775,1000
750,-1.5087682420746193,1.413285753465911,82.32574589519776,1.18147932121988,-2.077841399879913,1.6562028678006813,-3.824467711665584,0.8069312275163454,1000,-0.9834495185137357,2.2336793426499435,32.01198934109348,1.0209760160291232,-1.7451247808729096,1.7998100154330188,-2.984562509930817,1.0176634729033456,1000
751,2.0101169948627686,3.0645904771001087,32.45404979704733,0.46600230398574743,1.0262717345288115,2.7419724923479856,1.0967524790507037,2.9234815106748337,1000,1.4760102628604197,4.888126499655909,12.215516633222485,0.5911023049754156,0.33513277858326773,2.7127980190328027,0.31744974510860513,2.6345707806122345,1000
752,1.9817773522129334,1.6956926752045465,75.71678446815045,0.6940293183793544,0.23378596814337704,2.6563230465778926,0.6214798881893988,3.342074816236468,1000,1.6217386859900833,3.8327384900239876,14.559941055055312,0.7818089029725581,-0.22160233677114652,2.635925885117172,0.0893932361638694,3.154084135816297,1000
753,2.5931049186521262,1.0440249996522502,620.6066440376649,0.4663756844494124,1.9111661805135527,3.627977353010542,1.679008577131278,3.5072012601729745,1000,2.6513102598987586,2.9858494312542856,15.804100866726037,0.5181720448099472,1.94583124347827,3.6913778292853054,1.6356930520712623,3.666927467726255,1000
754,2.171673510770997,3.273113962377558,11.76067705585279,0.7725890371414776,1.2773042843137585,4.070296483494131,0.6573989979737007,3.685948023568293,1000,2.287311362191499,5.447058826535771,3.9266829233395244,0.8166472223780276,1.065224268219268,4.230947105534531,0.686682806330565,3.8879399180524326,1000
755,0.44314833690318034,2.8827847563883515,26.545103991820067,1.2976807455681814,-2.030255206087195,2.72152889157408,-2.100305924410455,2.9866025982168156,1000,0.11985213369685477,3.4545140566122514,17.26581485916331,1.1918194003841478,-1.460779640441308,2.725015636594573,-2.2161138910560747,2.4558181584497842,1000
756,1.4903432630116182,3.991024051977951,31.173900649241354,0.9058759647045778,-0.088722812775484,3.2135862639967883,-0.2851736278093542,3.2658601538325907,1000,1.542633617676974,3.0255528141387833,21.377978192914323,0.6417656681374062,0.658858038566428,3.130652245725387,0.28477290812765776,2.80049432722629,1000
757,1.9383468835258992,3.128359421643154,29.20811057428251,0.7002034795914219,0.4079578040293754,3.055731404664267,0.5659480635267122,3.310745703525086,1000,1.8030949516284978,3.992642287202984,16.280319335636033,0.7270413024964568,0.0781268147341195,2.917151458509793,0.37809399873544236,3.2280959045215534,1000
758,2.5505776892983345,7.462443822615176,11.248127703181572,0.6602033721321418,0.8985868131403306,3.680223323673012,1.2565790799193366,3.8445762986773326,1000,1.9104455319536187,8.801028282982136,8.177293531193513,0.6387311621101441,0.8098123898520565,3.4126234423273853,0.6585324542177362,3.162358609689501,1000
759,2.1635329747628775,3.4397630992139696,31.55113617687594,0.6435804344868332,0.4925726642704688,3.063423326168491,0.9021153231686845,3.4249506263570706,1000,1.7468233807441922,5.525590235825014,9.85018205575163,0.7781512743808952,0.21791654094063023,3.1303617448095955,0.22164688295763768,3.271999878530747,1000
760,3.7156348033162363,1.2771649402065508,81.77408915660098,1.1198996568003936,0.6796865059349275,4.425879939127866,1.5206314759874648,5.910638130645008,1000,3.404665156504004,2.16228725113133,19.70915936964627,1.0042076810202047,0.7967207647773878,4.351339999321409,1.4364181017044029,5.372912211303605,1000
761,1.1858279920067996,5.219252761292341,13.211109617196184,0.6570982799554027,0.07802229823267594,2.498271438952281,-0.10208463670578971,2.473740620719389,1000,1.3947393705731517,6.062095981346263,9.221223562205125,0.6865485903609579,0.19004277583549697,2.921260452660006,0.049104133465674105,2.7403746076806295,1000
762,1.7119501224492384,3.022896735260107,12.51860997265774,0.9128973513881825,-0.4687481820818001,2.7283238399744976,-0.07732868627159939,3.5012289311700764,1000,1.2116768257385353,4.4809341391821915,6.675308348609259,0.8853196131293276,-1.0145656106667256,2.416536637571406,-0.5235496159949469,2.9469032674720177,1000
763,2.013784742883776,3.2003119166142535,44.47313407519722,0.6305824736280358,0.6074207721884185,3.0502590680460298,0.7778430945728261,3.2497263911947263,1000,1.8592319166569538,3.4519198422440307,20.572136913062103,0.6206062300178758,0.38173244706407017,2.9134154270991606,0.6428437058219172,3.07562012749199,1000
764,1.7045121974750792,1.6946132556497526,18.96025821381663,0.8191548619190642,1.0417832076157676,3.8808547116608088,0.09896866811371341,3.310055726836445,1000,1.8830065904069178,1.770262114852787,7.837477382737149,0.9328637546792831,0.775387482169353,4.026905165850967,0.05459363123552308,3.7114195495783124,1000
765,2.2023511667653333,3.5372185316370164,24.472782990679658,0.6681665551733804,0.6359427706199839,3.2966888993111043,0.8927447186255077,3.5119576149051586,1000,2.083638626240505,5.290538624099342,7.0638580008558645,0.6241791434359475,0.6455844180801652,3.110444791622899,0.8602475051060479,3.307029747374962,1000
766,1.653084194110243,4.322508004255994,23.235895997714586,0.5298757003829938,0.6510260468031215,2.6992974009562283,0.6145278213595751,2.6916405668609107,1000,1.5435626097814306,6.334817809354907,9.623900792791197,0.5094260731706876,0.6339330341048784,2.61378798502113,0.545087506366883,2.5420377131959784,1000
767,1.8068931821340126,6.195192690406011,10.915016523810685,0.40744844768946414,0.8725451510851266,2.5755908816269244,1.008294224662663,2.6054921396053623,1000,1.2845708674769654,4.998586585654792,15.929633339980846,0.6191618624236138,0.36898594502490845,2.7994106078802874,0.0710136171266822,2.4981281178272488,1000
768,2.582591096842806,2.577495178228236,22.122980982048308,0.5744557508341135,1.333019975829198,3.7272358706249897,1.4566578252079436,3.7085243684776685,1000,2.496206348965126,1.6684562162567,47.64729749207821,0.6025110618652489,1.5018207141561288,3.7529711951443265,1.3152846677092382,3.677128030221014,1000
769,2.1641536684014464,10.068971404255736,3.383740536421739,0.3718603859705601,1.4320274628129008,2.8550128278474682,1.4353073118991486,2.893000024903744,1000,2.212525200095362,6.282292103960321,5.377662924767909,0.4965055318803402,1.3256210568499833,3.1832376208083173,1.2393743576098952,3.1856760425808286,1000
770,1.2750788749691786,1.0321213948282488,227.9612515487044,0.6863697099182814,-0.8871739649722203,1.8483693695560337,-0.07020575647065286,2.62036350640901,1000,1.2619588725107567,1.0626532969305176,78.01946015704031,0.7740881290534476,-0.9486947253209304,1.82371387261963,-0.25525386043400067,2.779171605455514,1000
771,1.7713863346808882,4.805801231098953,18.95159288545943,0.5126295795733832,0.8322338758006653,2.934964793972716,0.7666323587170571,2.7761403106447196,1000,1.8482842008391245,6.017003219237009,11.07133459640897,0.560819288324687,0.8746190158096843,3.1183713394589097,0.749078395722738,2.947490005955511,1000
772,2.0110984956597715,4.192120031410059,12.411612442448085,0.3849074305889139,1.2969560247058094,2.796034033964402,1.2566799317055004,2.7655170596140426,1000,1.8400655116908924,4.864227752014649,9.101931609169457,0.538974214183953,0.793848102473074,2.945183082064581,0.7836760518903445,2.8964549714914405,1000
773,1.1437007236926866,3.24417481424516,45.110931647577516,0.417244611827973,0.5254421456247663,2.1183189965819342,0.32590128450985956,1.9615001628755135,1000,1.1715457059938346,5.199231636335711,14.903969145052395,0.5439645277836859,0.2793861770425311,2.439613029766184,0.10537523153781025,2.237716180449859,1000
774,2.1701587152343116,1.4918554631370124,50.69431742800732,1.2403664415319744,1.3069194534289614,5.172507657654805,-0.2609595101683584,4.601276940636982,1000,2.2997909265736363,1.6768150585878991,33.78240971812277,1.2526947810470002,1.0313346164718271,5.2298206477540585,-0.15549084427848392,4.7550726974257564,1000
775,2.0483546490809674,1.8963231520513733,71.35091524425934,0.7176814356761041,1.1070857005152306,3.9768951825467243,0.6416990351558034,3.4550102630061312,1000,1.961505592932322,4.073706999570682,20.8269131312269,0.5288400879561377,0.7972629483244966,2.992597087199289,0.9249790205382922,2.998032165326352,1000
776,1.1620858049003844,2.0925686665556245,40.29060763776829,0.45765321223751243,0.5075533870554028,2.2085920410099105,0.26508550891486005,2.0590861008859087,1000,1.3492624521470313,2.979912595718934,22.25257498931071,0.5469359459929606,0.4399144196706392,2.7483093127090226,0.2772679980008286,2.421256906293234,1000
777,3.303210837501977,1.0801140907994862,218.34933612404845,0.7029142185299383,1.5108339163993603,3.7822198189257996,1.925498969183298,4.680922705820656,1000,3.0954909977976253,1.6278683434579815,27.874141699901156,0.8675823921698942,0.4466832937652063,3.731223276267314,1.3950295091446328,4.795952486450618,1000
778,1.5965776114677235,1.428562558391786,108.78950371656977,1.1578241611737665,-1.4447217015788687,2.987269092366152,-0.6727577444328587,3.8659129673683057,1000,0.7457101470281333,3.5203609430042127,19.49215174290351,1.2366876443707004,-1.2736847131463942,3.313131356396417,-1.6781976359384394,3.169617929994706,1000
779,2.887411379192988,4.275137299216628,5.931039765242042,0.7319847113868811,1.5049058361885657,4.042196782778732,1.4527213448747007,4.322101413511275,1000,3.0972988798734105,4.448418490597724,3.851313789729391,1.0123005771727853,0.0595217777686359,4.247382398887893,1.1131897486147513,5.081408011132069,1000
780,2.7026305955947465,1.8116207706869742,43.23683560124467,0.7871163941498027,0.6075483889199036,3.3471241779520224,1.1598824630611333,4.24537872812836,1000,2.3129665044067105,2.925356324431554,22.332193006852766,0.7619867326264506,0.6029473451429409,3.213393438329353,0.8194725084588674,3.8064605003545537,1000
781,2.3084145531576667,2.8564168427714693,34.45126451919199,0.8919232380993893,-0.07292637714822273,3.3400148327545622,0.5602450064828637,4.05658409983247,1000,1.2395360331076561,4.8869972829900235,11.509891214071661,0.8696713393570313,-0.5330915110544288,2.8391699407639908,-0.4650197920321253,2.944091858247438,1000
782,1.8212328612465958,4.808787647723319,9.249177944513361,0.6684812297398228,0.2739158021439055,2.9560338116271234,0.5110096509565432,3.1314560715366486,1000,1.8039389214000825,5.672550633475092,7.448528931556095,0.7196128673439118,0.3409789657038286,3.038565875208054,0.39349770140601525,3.21438014139415,1000
783,0.5703801874853556,4.609370654132669,19.916393253616683,0.5524662026797894,-0.354345682462356,1.7835015342646021,-0.5124535697670316,1.6532139447377427,1000,1.0704869386253422,6.002580329321506,10.136146191044933,0.5193515933128606,0.028973098240296445,2.0949792737745234,0.05255781573213536,2.088416061518549,1000
784,3.3702690475251567,1.171230618662635,109.28733803483911,1.613656019977126,-0.8566136163450948,4.011498540655642,0.2075032483699899,6.533034846680323,1000,2.893097073941746,1.608154687642748,37.01845041381823,1.3955873345903236,-0.8020712278330718,3.7895230766262387,0.15774589814471174,5.62844824973878,1000
785,2.96289963792029,2.7185862728775687,15.961378016193681,0.7006812789583252,1.1568350325223662,3.889438391357365,1.5895643311619727,4.3362349446786075,1000,3.017062131025226,2.5381992301995235,16.283412263992055,0.7779173871609615,0.6214887934372471,3.894103814769523,1.4923440521897415,4.54178020986071,1000
786,1.9603724522194212,4.352392578845352,15.660503153939594,0.6387693155443459,0.8684072303709183,3.332804729723815,0.7083845937525033,3.212360310686339,1000,2.006681726249401,5.062316956246182,9.44133588853761,0.6512320605744587,0.7763293937939603,3.2210611039020813,0.7302668875234619,3.28309656497534,1000
787,2.019807235921362,2.0021320044577657,59.2611121748557,0.9248620001549759,-0.9601691546549749,2.5863701353935573,0.20707771561760935,3.8325367562251147,1000,1.6624612149822744,2.739566831484212,18.372649317602317,0.9157099813713745,-0.9800983017708609,2.52879788710002,-0.13233034850561953,3.4572527784701683,1000
788,0.5604309232741298,1.4610012373029888,75.43651860909182,0.4200552375984812,-0.4119416247094068,1.2761495228825879,-0.26287734241889327,1.3837391889671529,1000,0.5088744867157102,2.2647271330585053,33.54078366932493,0.43615968584088605,-0.4002554627098664,1.3869806055044918,-0.3459984975324264,1.3637474709638469,1000
789,1.0582292320926083,1.9088644109886799,30.362917985211798,0.7095123993020716,0.4051155675990537,2.8034030222336606,-0.33241507053945196,2.448873534724669,1000,1.1214346841418992,2.2092620464046853,23.739491139214795,0.7113613522275635,0.3402147454210586,2.9872560727151023,-0.27283356622412525,2.5157029345079236,1000
790,1.7508157405212637,1.3670522447025972,60.604317945200705,0.6509737627280525,1.0709103258220534,3.3240477962530677,0.4749071655742807,3.026724315468247,1000,1.802423044403314,1.454824230300776,44.2996710059355,0.7435802469265451,-0.003980753332947465,3.1711062099326264,0.3450057604272856,3.2598403283793425,1000
791,1.9374072846367845,1.7975768375517602,85.75796975933243,0.4651517356868407,0.7686177524314161,2.5040705399021475,1.0257098826905766,2.8491046865829923,1000,2.4266187953708998,3.9840821336129917,21.674092340554637,0.6638420158766358,0.49201008294342474,3.169088792154258,1.1254884442526936,3.727749146489106,1000
792,0.17734789491407876,3.7633492379238285,22.994718233312497,0.6060915910861537,-0.7206599956389522,1.7148249691197202,-1.0105916236147825,1.36528741344294,1000,0.32414737998588206,4.831910099545757,9.624294210871733,0.5563207024782784,-0.6402939603076645,1.615658095978777,-0.7662411968715435,1.4145359568433076,1000
793,0.9301043263039395,2.3532448179931187,34.139430159575085,0.6147226191932588,0.4345129036459179,2.903682950385802,-0.2747520073148477,2.1349606599227267,1000,1.0356729383941672,2.9456747123972282,23.645164779281945,0.6063261423498061,0.11075429262825326,2.5769455602492375,-0.15272630061145276,2.224072177399787,1000
794,2.008703724983978,6.096451412383631,8.201984148206483,0.37689153112785445,1.2296889512192448,2.655651349367674,1.2699963239733831,2.7474111259945726,1000,2.040605818115715,4.413213478607797,8.534019940467566,0.4710021724943369,0.7677267597001975,2.6882767608644142,1.1174415600268146,2.9637700762046153,1000
795,2.120697235228826,2.6091320311565864,43.75033393114972,0.6122640204081191,1.1547353148554238,3.4564270632017404,0.9206597552289126,3.320734715228739,1000,2.1189670445469018,5.859501491424222,8.777578441296395,0.6078688245967961,1.097185487282022,3.3869199726938386,0.9275441483371814,3.310389940756622,1000
796,-0.4406599771361326,1.9959485710082532,63.396716865920204,1.8509024882728211,-1.7876579895806106,3.836234287015717,-4.068428854150862,3.187108899878597,1000,0.3570873389668252,2.936326757496823,32.710820161698905,1.3900021389771133,-0.6977580981023704,3.8772422915794946,-2.3673168534283167,3.081491531361967,1000
797,2.0243690066691866,3.1532178952829013,27.039111651115363,0.514215579256105,1.0121759216858168,2.965690571615699,1.016506471327221,3.0322315420111523,1000,2.051327997292231,3.7955356666618103,23.07788582576651,0.5067611373142316,0.8950417866315142,2.8402985867260693,1.0580761681563373,3.0445798264281247,1000
798,2.596617250429232,2.6815711956086115,29.542521029000806,0.669292316273231,0.9176610815716314,3.354806980000717,1.2848043105336993,3.908430190324765,1000,2.4478606255031585,5.339784216442917,8.961199695330933,0.6137141714870102,1.085822826197073,3.518358696402394,1.2449808493886185,3.6507404016176985,1000
799,1.079366763357871,6.621530010050123,7.748908429517368,0.3135921619300459,0.4839140974671794,1.7330456336814488,0.464726125974981,1.694007400740761,1000,1.0880007707661155,7.825805860265853,5.269304127818717,0.3206985921171791,0.4955473589342538,1.771882185768197,0.45943153021644445,1.7165700113157865,1000
800,2.208360556565938,2.6956775530881716,23.55229591652218,0.443290950383972,1.0814056932820875,2.7495785466858416,1.339510293813353,3.0772108193185232,1000,1.9262570296165669,3.320135385252563,16.484168765093155,0.4590992074692616,0.8235773540411404,2.559538697018552,1.026422582976814,2.8260914762563196,1000
801,1.828130882696687,3.892646602262701,13.268326572670157,0.5973015177303479,0.36131810000454184,2.767388944032309,0.6574199079452052,2.998841857448169,1000,2.016217136376325,2.9284167384539677,10.61559103114079,0.6502356837319831,0.33358303913141346,3.0220974327466594,0.741755196261638,3.290679076491012,1000
802,1.9681382587812548,3.3042266944838485,25.137588336583374,0.877239089332953,0.4585808088978968,3.507204803414134,0.24874964368866692,3.6875268738738427,1000,1.8145105466119833,4.01907492767257,17.775204326926634,0.7480746472640669,0.38825063396727716,3.228666772315433,0.3482842379744122,3.2807368552495544,1000
803,2.657127836330589,6.47539305292359,4.260947556867177,0.6014944764439059,1.3914585254242435,3.748416561237879,1.4781986625005334,3.836057010160644,1000,3.075492728114989,4.440362936430707,5.980575292859334,0.8070311433401504,1.2543024686577848,4.158074345403583,1.4937116871682943,4.657273769061684,1000
804,2.5448911099183116,5.35508489091569,4.630246986042875,0.3200934479796488,1.9368265727745926,3.1675966666778943,1.9175079518782,3.1722742679584233,1000,2.4819420742928178,6.835075378204689,2.4750649058290786,0.4266458219126802,1.7594791843265871,3.2112008681740827,1.6457162633439646,3.318167885241671,1000
805,2.26821317786984,3.6965353654438875,15.760095770882357,0.5678396143842562,1.1048598520330675,3.2388806939536097,1.1552475336766979,3.3811788220629824,1000,2.11061259096682,4.496818039214215,11.74013636658527,0.6318053105336991,0.7229901578781412,3.314402788258022,0.8722741823207698,3.34895099961287,1000
806,0.432254590325734,1.3449126145165342,73.98241255821114,0.8307196498635199,-0.18702765324325044,2.7033176732327173,-1.195955923406765,2.060465104058233,1000,0.4704743745316544,1.367976393162381,28.332485014723456,0.8601677835649709,-0.1956818197712772,2.9333556833245833,-1.2154544812556887,2.1564032303189977,1000
807,2.455684225430095,3.5392423608161816,1.7829013973503434,1.142670439653854,-0.4082663653654818,3.534115919366658,0.21605016370854102,4.695318287151649,1000,2.1257505572752464,4.7207228829409225,0.8598390159529261,1.3887920510364964,-0.6961850086465354,3.697055656776285,-0.5962818627562863,4.847782977306779,1000
808,1.5085781702606607,2.8055190151122202,22.117512583550717,0.4119931116692297,0.9021896108672642,2.6640662286013264,0.7010716713889704,2.316084669132351,1000,1.6289700252082429,3.5215850863617804,12.627331986557856,0.5935130646435186,0.08435408166904684,2.841020888806245,0.4656844185069464,2.7922556319095393,1000
809,4.105684417668453,1.1781164510623205,366.8843945473388,0.8674657632981398,1.2868084219704563,4.579931517953614,2.405451521604099,5.805917313732807,1000,2.484943096980534,2.0231945306580226,29.472419518893076,0.8343930970152341,0.3543431800513929,3.788529816896823,0.8495326268306753,4.120353567130393,1000
810,2.1744344722091116,4.528456339654729,18.666785455430666,0.41267960762929906,1.3120571797333738,2.9121220644823365,1.3655824412556854,2.983286503162538,1000,1.1403359487706661,6.316931975460993,6.854781249523157,1.1576231946922853,-1.596489106111543,2.847797673069121,-1.1286055128262131,3.4092774103675456,1000
811,2.1035257938559453,4.989519271163746,15.25028620557012,0.5926794877301473,1.2451650180845115,3.610603959765535,0.9418739979048565,3.265177589807034,1000,2.34687253180583,6.9293037971806415,6.935053712720808,0.6391026990384098,1.3505262479339653,3.786991423011054,1.0942312416905469,3.599513821921113,1000
812,3.1381486667600185,4.1781322898914794,13.260854027549556,0.5396163203260677,2.0551978749741213,4.126406561640702,2.080500678920926,4.1957966545991106,1000,2.9853968788737593,5.666064276362452,6.957870219830488,0.5167072296537246,1.9091903408070041,3.8706323418202704,1.972650708752459,3.9981430489950593,1000
813,0.5982907903536718,1.1277814488381526,42.318995974348965,1.0529915506152918,0.08954377502898969,3.464212012400869,-1.4655726488523002,2.662154229559644,1000,0.6573909253381855,1.2303931500883352,21.411844043601768,0.9751224036583249,0.08740415333904566,3.3192124500705815,-1.2538489858321313,2.568630836508502,1000
814,2.0851992056945448,3.242309861638448,22.085364569496,0.7267913256378079,0.7286302451554524,3.253645664961236,0.6606882074444413,3.509710203944648,1000,2.2104047192868244,4.496691211174908,12.602508499854181,0.6662451508015023,0.7728550552890957,3.2394485284005574,0.90456422371588,3.5162452148577685,1000
815,3.0824323984032906,1.052296358147849,623.7914835084282,1.2640704998731147,-0.15514805646541333,3.5489294085445273,0.6048542186519859,5.560010578154595,1000,0.9569984433680605,2.6073783096773027,18.093028880549387,0.9703553799930922,-0.23997710783265075,3.474175125289485,-0.9448981014184001,2.858894988154521,1000
816,1.1307765299936277,5.329628681520095,12.89902732694401,0.5616086273557015,-0.020179815617155348,2.2034908684538284,0.030023620376452786,2.2315294396108025,1000,1.1390625061221815,6.518476431850785,8.386629094998849,0.5303890853104894,0.15531825648967604,2.176628854248934,0.09949989891362221,2.1786251133307406,1000
817,1.8286995886184023,4.324952685170158,24.381281922360817,0.4215741356873393,0.9418112508835487,2.594090605591054,1.0024142826712172,2.6549848945655876,1000,1.3789444168700777,3.624386060422238,16.975790101412137,0.6568802851635904,0.5676415821914391,3.1185904170121392,0.09145905794944054,2.666429775790715,1000
818,2.27024469223766,3.4823393305884562,13.46469184916242,0.7778612821029436,0.4658879116359961,3.219348397963497,0.7456365793158906,3.7948528051594295,1000,2.3107312456692823,4.209107443078754,9.2566991744901,0.9070306043588442,0.0768778927980748,3.595841706629174,0.5329512611259477,4.088511230212617,1000
819,1.0711809782004242,2.270790286109871,32.93022338021219,0.4912976869507176,0.4457599699652492,2.3543727882446035,0.10823751177701768,2.034124444623831,1000,1.0689522500841473,2.397022870401994,28.081341466607412,0.49198294878313753,0.43337645392153673,2.3823270191210035,0.10466567046919772,2.033238829699097,1000
820,1.7096322647265794,1.856412081905075,10.05712646678259,1.2652620456702175,0.5832806914693991,4.8753778937807395,-0.7702813447870467,4.189545874240205,1000,1.7670106981301408,1.9730374698393343,8.830148163636277,1.1435059493340518,0.47886951225200663,4.381569771674341,-0.4742609625646006,4.008282358824882,1000
821,1.3801953372599398,6.526836826376797,7.340771108540974,0.4479039095297891,0.4480019388515135,2.266919524391488,0.5023036745815532,2.2580869999383264,1000,1.6682988080877197,6.637703152499789,5.6387358653099104,0.5213588810396116,0.5347748548191678,2.596977289593336,0.646435401250081,2.6901622149253583,1000
822,1.407791684643649,4.034451513434447,28.41401029341435,0.8577192690086823,0.03448260624094959,3.1313591136643537,-0.27333808261336845,3.0889214519006662,1000,1.3771450599352488,5.511719107646656,15.067015373481821,0.8890967320324165,-0.3279208420935825,3.155157478623687,-0.36548453484828736,3.119774654718785,1000
823,0.5384161304719797,1.4446902159476849,203.6367938864447,0.5048683875393595,0.058470824721599875,1.9227150677707172,-0.4511259091051649,1.5279581700491243,1000,1.0946380957862833,6.464839999231043,10.182655391556077,0.3661295917539238,0.5147430224859172,1.9782493212193428,0.37702409594859276,1.812252095623974,1000
824,0.8523869550966334,3.1572326136111477,26.53127295676472,0.6600907327677995,-0.9660775743495484,1.5427634123436593,-0.44139088112825364,2.1461647913215205,1000,0.8115984584585136,4.108925573874192,19.69846527032508,0.5784019566539854,-0.7180552096975671,1.539028181134564,-0.3220693765832978,1.945266293500325,1000
825,2.3446203817900773,1.852328614053466,18.003980430483217,0.45899105407447377,1.1155361976895302,3.1291464684189347,1.4449979158041086,3.2442428477760457,1000,2.3109941117086312,1.8621136791308874,16.10701370189064,0.7364234256575929,0.016056963449354873,2.932925736093597,0.8676041974197493,3.7543840259975134,1000
826,0.5037624120055793,6.1773167925806876,4.4854534233591234,0.6382037418243273,-1.062999955704945,1.5134049083448313,-0.7471169219701022,1.7546417459812607,1000,0.9967531109497001,2.8449729791948806,10.478782609417843,0.7484934718440431,-1.3024790616361366,1.8612844267598463,-0.4702940938646245,2.4638003157640247,1000
827,0.8943893088916924,4.108487491285088,12.79115552478703,0.38541952911462884,0.29952693017463444,1.8208675327376374,0.13896703182701986,1.649811585956365,1000,0.9065324814976161,5.021981698606173,9.126674442596718,0.4284360641151005,0.29694632814556204,1.9517656461700934,0.06679779583201917,1.746267167163213,1000
828,1.5649007230102918,1.5098664763576954,77.17333605412163,0.6253329111745223,0.5782278828077433,3.1842773897871144,0.3392482171082283,2.7905532289123554,1000,1.8192541521775651,2.3680564787583425,31.989363145769893,0.8564587897779664,-0.4569042413708204,3.201842241856276,0.1405949242127511,3.4979133801423794,1000
829,1.258914435000063,2.7967798608390875,45.17035130792182,0.4287573187999398,0.6580600205380208,2.3358793416475194,0.41855009015218103,2.099278779847945,1000,1.3267250221969444,4.110837063071212,24.119337208052055,0.38216626268063447,0.7718241153786354,2.338050441828359,0.5776791473429009,2.075770897050988,1000
830,2.947074562984394,2.296776204128943,15.620550778609799,0.8420836364699567,0.4569922402082459,3.8053373961756125,1.296590635503279,4.597558490465509,1000,3.1334745937798605,2.084381349282406,8.244370328795217,1.44645456772673,-0.9988203156936182,3.8681312527612985,0.2984236410354697,5.968525546524251,1000
831,1.2092157877622438,7.301272204957998,8.11344773807304,0.5053715751458683,0.35482146800218334,2.219297732635683,0.218687500476342,2.1997440750481454,1000,1.240501324361428,8.331073851981092,3.851092146967021,0.4806040200246919,0.2849328199662798,2.245270546501183,0.2985174451130319,2.182485203609824,1000
832,-0.20381621414344564,1.409547614615851,94.73091071750557,0.5924677936658467,-0.7058154563408732,1.4915976292501985,-1.3650530897285051,0.9574206614416139,1000,-0.03505718483117026,2.2982842912586205,36.61423973662237,0.6062881163311046,-0.7034276607135144,1.6529244984650922,-1.2233818928401352,1.1532675231777947,1000
833,1.8655017413676402,3.1348487683840194,46.36218528923066,0.5193225592165959,1.1647345725022307,3.4360295648314545,0.8476295253031123,2.883373957432168,1000,1.9216540573018899,5.043502511313578,14.712115957092879,0.5448800697023951,1.1480100342444406,3.3453286828527107,0.8536891206851955,2.989618993918584,1000
834,2.101752328770907,3.2693169713400336,39.89599845799159,0.539078678331182,0.8380117532384072,2.84011149799828,1.0451581192417903,3.158346538300023,1000,2.001498625302162,6.482796359885539,12.978583117602156,0.47115435469168426,0.8954940514677497,2.80296729753895,1.0780360901064607,2.9249611604978627,1000
835,2.4664334896380575,5.192400908019137,11.964156597885243,0.3402410619224655,1.7448705685348382,3.062310665519713,1.7995610082700253,3.1333059710060898,1000,2.260818090626744,5.458434987011789,10.924384697037041,0.3738066286579716,1.5384915052367325,2.994394003419727,1.5281570984571196,2.993479082796368,1000
836,2.1601193338406057,5.150417963173623,10.776615297682117,0.5255276013348988,1.2542124320022168,3.3083036062143014,1.1300852352242041,3.1901534324570076,1000,1.1529551168293104,2.0224561835272246,36.48930523517534,0.8829471007859084,0.5635123245374537,3.510986029719191,-0.5776212007110701,2.883531434369691,1000
837,3.926119987869031,1.0623326225196295,401.9720124194599,0.9171447507791799,1.0491222438614178,4.321646020938502,2.1285162763418386,5.723723699396223,1000,3.302718150780465,2.4095322520884617,22.278861145527532,0.7306678975687642,0.81733899992015,3.8315665264144525,1.8706090715456873,4.7348272300152425,1000
838,1.059574575329537,6.584786520731155,5.993088755884294,0.8081659784606415,-0.5359366164292064,2.4698238614651657,-0.5244307424533206,2.6435798931123946,1000,0.9952758549165497,5.901931561543243,7.029016589004412,0.8022642202353056,-0.41165200892250786,2.579834241416405,-0.5771620167446494,2.5677137265777485,1000
839,-0.2517248369240699,1.4014988719652524,184.13427545725523,0.9470369141898209,-0.8655673298829369,2.1051068238232267,-2.1079171887361188,1.6044675148879792,1000,0.9575372036471437,5.436584102239904,9.619640725379337,0.5138382378983554,0.1285395586115977,2.0901303245879865,-0.0495857426336328,1.9646601499279202,1000
840,1.8969145886503078,7.845773134959643,13.104329773546327,0.40966970720670726,1.1438805351518426,2.789019994682469,1.0939619625251615,2.699867214775454,1000,1.962796293395915,9.969903987268317,6.096391975892879,0.40643015466519355,1.1290278712437851,2.7650400269587743,1.1661931902521356,2.7593993965396946,1000
841,1.668636729627306,2.823104644039977,13.616537512954515,0.6982087826524647,-0.40752831091386965,2.5182819346300347,0.3001475156284752,3.037125943626137,1000,1.2034740612450239,3.4042148834355253,8.57587540642085,0.7439472194672628,-0.6534836106441292,2.4550566911543243,-0.25466248891081134,2.6616106114008593,1000
842,2.0563315292993023,7.157426812357066,5.93169679385298,0.6143525757108743,0.8965296736160575,3.1880140314289047,0.8522004809059887,3.260462577692616,1000,1.475056962029622,4.609336699170921,11.366208449716058,0.6937161649561187,0.4007592704994758,3.0843268414146747,0.11537327871562963,2.8347406453436146,1000
843,0.010307028630846649,1.048344425943992,604.5017192515161,0.9591263246135479,-0.39006122743363936,2.69125865952989,-1.8695805676117072,1.8901946248734005,1000,1.0548221355471976,5.983848555881157,6.6268650678850465,0.6783118185161834,0.185362542182596,2.813745540527945,-0.2746690287445217,2.384313299838917,1000
844,2.073192105073889,4.9226789102611805,16.12427836421841,0.4295531463646385,1.0557466299841403,2.763484692671142,1.2312679381991973,2.9151162719485804,1000,2.137298723003275,6.1230266288818775,11.880679464614147,0.4563061450862251,1.1470469261531555,2.9276646420913455,1.2429386786342738,3.031658767372276,1000
845,2.214214046626758,1.6363255791510525,40.479050366483975,0.5267389704221358,0.8246570013627051,2.7925032303600714,1.181805664599372,3.2466224286541445,1000,1.9187289026989762,2.8264928976880723,13.98151514279027,0.5618931010640479,0.4349778473487382,2.604913219792425,0.8174184246134424,3.0200393807845103,1000
846,1.8226620588135445,3.900969392380407,13.220542752933316,0.7361498271386007,0.019171369505663758,2.826677085432348,0.3798083976218871,3.265515720005202,1000,1.7246355760160648,4.2248172166674784,9.378382392120661,0.7308879627188573,-0.0707068632233649,2.8108090927498544,0.29209516908710453,3.157175982945025,1000
847,1.7547694540000671,7.428279160389686,8.233651473863734,0.5092467128030556,0.6600854271274689,2.653228902050966,0.7566458969060782,2.752893011094056,1000,1.8254481377775786,6.531277731435991,9.779579515926327,0.515349157439312,0.8033589670987948,2.7191674006266293,0.8153637891965271,2.8355324863586304,1000
848,1.3463009440863143,1.1285875779166268,94.2294062805001,1.8189193813095414,-3.5600334316230215,2.4352886283255413,-2.2187810432803867,4.911382931453016,1000,1.1036920077766723,1.2446510853362327,61.27757182948713,1.647311739286502,-3.6088123423937057,2.1420293117049023,-2.1250390012248714,4.3324230167782165,1000
849,2.7735789166268683,6.263320730267666,8.695692555774952,0.4655790760502208,1.8267287921601199,3.6260685037551665,1.8610439275684354,3.686113905685301,1000,2.8188435137558656,7.082249989086348,6.599993918220073,0.4817693633927674,1.8219436777432134,3.7049892943822527,1.8745755615060415,3.7631114660056895,1000
850,3.1204941640699677,4.75663605686899,11.348495215011,0.825357387238528,1.1512688148377528,4.480525336313093,1.5027936850824528,4.738194643057483,1000,3.1850326587362314,5.3416073315475705,8.523189930914665,0.7578255974656251,1.3923529667181105,4.452110139888955,1.6996944877036064,4.670370829768856,1000
851,1.570024821271193,3.016826508807159,46.29806874221233,0.39120717081560485,0.7866340353334449,2.294740571608828,0.8032587664726074,2.336790876069778,1000,1.444531109435215,6.910157978428866,12.49128670549657,0.41124335940729606,0.5743441564466675,2.1755395175420786,0.6384941249969146,2.250568093873515,1000
852,2.019513817747571,2.734308699091663,35.11763706567982,0.46474299696960186,1.3314531722956973,3.1209588595376436,1.1086175436871513,2.9304100918079907,1000,2.0360340073995244,7.059185137793717,8.068836535353617,0.4888810928002034,1.2047147486989707,3.024856318441563,1.0778270655111257,2.9942409492879234,1000
853,1.9950727979982334,1.343506730835397,24.525018985032197,1.0945163854997477,-3.33449381900718,3.0236019255254223,-0.15017931758127223,4.140324913577739,1000,1.8424751263670904,1.4871129923776247,15.905627981983043,1.0814043645172027,-2.2413229156508017,3.053523563963703,-0.27707742808662683,3.9620276808208077,1000
854,1.6989438384211546,7.564292945948871,3.6669822064218156,0.7751248358126294,0.16041554633088298,3.263255062195339,0.17969916022840104,3.218188516613908,1000,1.427272227874358,5.303492104905911,5.143173145940629,0.8491545921684793,0.2748073695826784,3.564856152046381,-0.23707077277586164,3.0916152285245775,1000
855,1.5240837872024233,8.045025817797129,6.087422278942844,0.5535581901746256,0.3635137138473713,2.542697037692892,0.4391097344601571,2.6090578399446898,1000,1.270992589151474,8.054049749036707,6.330234881610587,0.6402642390235063,-0.10477357816079129,2.5829641785332242,0.01607468066540174,2.525910497637546,1000
856,1.1387026301306087,1.7890399702343298,44.3657481033915,0.6095006792735699,0.5559914783616787,2.769868318778223,-0.055918701245588176,2.3333239615068058,1000,1.0724602729936332,1.793417271551919,43.096067461624706,0.5834784582903723,0.6299506691790299,2.7782819935740344,-0.07115750525549647,2.216078051242763,1000
857,2.849390172315847,1.085621891176965,440.89775323548747,0.8011337236412233,0.27569003894801614,3.3335613393231815,1.2791680739790494,4.419612270652644,1000,0.15085470828391756,3.8716214146145984,20.06511987918866,1.2552452666493188,-1.8082194617047382,3.170578105716078,-2.3094260143487473,2.6111354309165824,1000
858,2.4317481530049423,1.84412625873429,10.41000708935131,0.6485182123821761,1.6130556549264268,4.27740489602715,1.1606524567358771,3.7028438492740072,1000,2.6764771222499637,2.2655280764429384,6.363913119613487,1.0591325698751746,0.061243290630659655,5.0747540374480185,0.6005772852946216,4.752376959205305,1000
859,1.6154197155849297,6.568335121654459,13.396437899801873,0.4570305728426245,0.88194040021365,2.6961738313248493,0.7196397928133857,2.511199638356474,1000,1.5009252642534907,7.229510850930878,10.850069626269333,0.4430795414900889,0.8305594945654745,2.59117637112222,0.6324893629329166,2.3693611655740647,1000
860,2.7076407326450695,2.664511147576846,28.883926379431827,0.5910320975238842,1.297231090486638,3.3756217640915414,1.5492178214982566,3.8660636437918825,1000,1.9391798595613876,8.402087703309016,4.393398853774073,0.391191548155427,1.1711224826323572,2.621954146195517,1.1724444251767507,2.7059152939460245,1000
861,0.8717296195147171,1.4802858037116193,60.52409656362629,0.38009386513160476,0.27849627505132746,1.6931115088709696,0.12674564385677178,1.6167135951726623,1000,0.8320169548983362,2.1813714465044405,19.231437344463988,0.47629703852691585,-0.3903653162349246,1.6461527994742575,-0.10152524061441892,1.7655591504110912,1000
862,0.8315502558076908,1.8856867930147119,52.54045001966684,0.5246709973754692,0.19409801227307794,2.160309400739834,-0.19680489904822873,1.8599054106636104,1000,1.0404050093579975,4.0713815152337895,14.887336093462471,0.4818757595054479,0.3265049093300091,2.1495094018564758,0.09592852072731961,1.9848814979886753,1000
863,2.498244282255457,3.2973604933759177,16.20454152083125,0.6389245327118592,0.8944109967160523,3.295476303101414,1.2459521981402129,3.750536366370701,1000,1.7727137942561113,6.200678462807075,5.059844974042971,0.7628422727629248,0.44981801705723273,3.398821801185562,0.2775429396407787,3.267884648871444,1000
864,1.5746182773138102,4.746972835021381,15.669016693042131,0.4971188160894817,0.3726747886500852,2.359926360953312,0.600265397778426,2.5489711568491944,1000,1.4596286857652665,5.1891939896215575,12.426703286852762,0.511906810175659,0.24977843255578258,2.2736795361224744,0.456291337820975,2.462966033709558,1000
865,0.8672692202988161,3.309810162918092,24.189620721488,0.6576404181213875,-0.012100622845249851,2.6308023523198445,-0.42170599921910346,2.156244439816736,1000,1.4185482780439942,5.339946274634354,13.92758167965265,0.7310978545467528,-0.03877729790594541,2.818956252028982,-0.014403516867641297,2.8515000729556297,1000
866,2.388832384301599,4.780880512736817,4.253728397016493,0.9717189820098809,0.05791762058426618,3.874608431827719,0.4842631795622323,4.293401589040966,1000,2.329276171483476,4.382505925800928,3.382695610359572,1.2198826682686241,-0.5118717037572852,4.121063584912283,-0.06169385832302732,4.72024620128998,1000
867,2.1393209987459723,5.036421857846118,9.195954916418236,0.5040286223837008,1.1640979924795454,3.0666522140323527,1.1514248988739186,3.1272170986180257,1000,2.184642151797584,4.527597894747925,10.37071765655045,0.5807530761631471,0.6130217738059842,3.2248355706709284,1.0463661225178158,3.3229181810773523,1000
868,1.010510630701495,1.0277003728005978,904.5272245116003,0.679519125676575,0.29771168638879547,2.7170166598842584,-0.321346855624592,2.342368117027582,1000,1.8981586379574586,4.109750476677748,8.278285403622675,0.6184616313173391,0.5833077578655999,2.9460676167827566,0.6859738405754741,3.110343435339443,1000
869,1.4431357557072695,6.762569614535189,11.229885684342802,0.5072813128613717,0.4205887211629058,2.4186781892516227,0.448864382498981,2.437407128915558,1000,1.2979550053306061,6.179390221787315,11.292846519529805,0.43578658628545636,0.4383039305923589,2.2657265968841007,0.44381329621111165,2.1520967144501006,1000
870,1.8455239035500715,2.5547185077149552,18.029459036777865,0.827623766152542,0.6778281170569627,3.56811060390028,0.22338132189108917,3.4676664852090537,1000,1.7924546422149108,2.759966971477369,16.508764816784755,0.8482565445247567,0.4261309078980374,3.7488258068021083,0.12987181494638755,3.4550374694834343,1000
871,1.504834874177147,8.188380411671435,12.1511637173639,0.3064860191556713,0.8468492114820937,2.116779993948534,0.9041222766320312,2.1055474717222626,1000,1.4332837038483466,10.727191727854038,8.477795737702156,0.3590965760832098,0.7850961166581093,2.2318353649298075,0.7294544147252554,2.1371129929714376,1000
872,2.373377028791429,4.488174171942267,13.437146153468763,0.40928447250171895,1.4768796568372977,3.0451216157698764,1.5711794626880597,3.175574594894798,1000,2.4375134611116547,5.738044256527134,7.742876905478344,0.45786142344451525,1.4190383465667284,3.2161143262105543,1.5401050711604047,3.3349218510629046,1000
873,2.4587983541062917,3.9842447133060115,16.51650661493745,0.5262168905524834,1.5789267771087783,3.620232466914425,1.4274132486234241,3.490183459589159,1000,2.299023666476118,5.526534269805507,10.199929590425889,0.7856949690506044,0.2514858731060025,3.578298311775768,0.7590615271369332,3.8389858058153026,1000
874,-1.4394692217178564,1.1756765223229348,114.26761938423603,1.0036090059250382,-1.9233138601878461,1.7818010661084718,-3.406542873330931,0.5276044298952185,1000,-1.0742867641585132,2.1827497774518863,22.080715420823147,0.7111734306013076,-1.8031648316666118,0.7060542258237568,-2.468186688137076,0.31961315982004956,1000
875,2.246560312271886,2.4617905813718313,6.452048250866528,0.575815713547199,1.2119242459806912,3.3241971898287406,1.117961513719376,3.375159110824396,1000,2.0239707781598706,3.013186256379792,4.4152777875213705,0.7879210163205338,0.09887088362258076,3.021913482618156,0.47964558617162445,3.5682959701481165,1000
876,1.3815088552376806,3.3488702100443675,25.85162946402063,0.6557862901719435,-0.19244230084159944,2.3815714632876,0.09616772650067151,2.6668499839746898,1000,1.3541581627199193,5.051617126580717,13.430809422209961,0.6198523841680998,0.028847398637626424,2.540050312308364,0.13924748975044365,2.5690688356893947,1000
877,1.0103970954247972,5.252723548654038,4.892514664030744,1.5845919763671186,-2.4807464502470684,3.7198705929125997,-2.095403178254755,4.116197369104349,1000,0.7566774503867049,4.903023985359776,5.884799149430192,1.5931418546308138,-2.7397344793119633,3.762543593241482,-2.36588058468969,3.8792354854630995,1000
878,0.9306541290273711,1.7778741861266907,169.880541950944,0.5235630375763741,0.41704487415697883,2.527321196358331,-0.09552942462232217,1.9568376826770644,1000,1.4417115751980762,8.82095745372924,11.210027418458976,0.7037634343432997,0.040071407589440736,2.8117677242556853,0.062335243885208946,2.8210879065109435,1000
879,1.7198442001104068,1.1094871183835884,308.8008255994912,0.5583862938487426,0.2609453381998178,2.4014455185199104,0.6254070641668714,2.8142813360539423,1000,1.080178416772148,5.018835745798766,11.228927607291974,0.8491581495347325,-0.3805168879539675,3.2156489982086365,-0.5841715563159275,2.7445283898602235,1000
880,3.1700307127205103,2.4228738619187666,37.72993735913442,0.8998633851354343,0.9848941579379562,4.160010133987343,1.4062984778550591,4.9337629475859615,1000,1.9685744195816541,2.6096047343571986,29.915723377680767,0.8659168995306242,0.8363370832637578,4.121035264844947,0.2713772965016308,3.6657715426616777,1000
881,2.0694491495945684,1.3632554955536194,168.85613387845217,0.5854061100991298,0.3126506441081791,2.571239422658064,0.922053173800274,3.216845125388863,1000,1.2421391337028418,6.667764565224221,11.819750085332757,0.6558015164613754,-0.17186477903974992,2.5396170441090526,-0.04323183856145407,2.5275101059671377,1000
882,0.6746604295037175,1.3358559256900353,173.21475548532376,0.9643455762550763,0.023205638111224832,3.20871003890098,-1.215456899956232,2.5647777589636673,1000,1.0215842289062844,5.33039596501019,15.18520861634232,0.894876709281504,-0.23829824678725545,3.047948053046048,-0.7323741212854633,2.7755425790980324,1000
883,1.9413876494874365,5.065102324164983,7.680436688459039,0.7431833329823314,0.6739013742906302,3.628990045016216,0.484748316842067,3.398026982132806,1000,2.717013424582678,3.91477483841365,10.503025278856628,0.8923040181604834,0.5947874371460974,4.006245275977171,0.9680975489881305,4.465929300177225,1000
884,2.013098480879781,1.433415910366983,35.881442342038184,1.1329981919691836,-1.4786607870021686,3.5097269219565086,-0.2075779753798188,4.233774937139382,1000,1.9253399805863423,1.6627545142718907,26.391770836015255,1.115537540307251,-1.415266916386659,3.4221881939935708,-0.26111359841586945,4.111793559588554,1000
885,2.005034160315598,5.058132508341198,11.596354634341884,0.45272186354148164,1.2832041626250756,3.1083852318443235,1.117699307774294,2.8923690128569017,1000,1.8387580941519586,6.868253699301398,5.579840322028297,0.5002857007140035,0.9826712856206687,2.895555846466255,0.8581981207525118,2.8193180675514053,1000
886,1.1183232060608455,5.009432716918306,2.4570985324750496,0.6385770564051898,-0.4631544276183306,2.1471573941717144,-0.13328782449332643,2.369934236615017,1000,1.0248248024364341,4.127591870002759,3.173764368327417,0.7332486167520968,-0.8366812614188971,1.896982840126216,-0.4123424863976757,2.461992091270544,1000
887,1.5070038495205296,7.398286439751359,9.74571083888774,0.8319134323306475,-0.27799733317616676,3.1109484640066825,-0.12354647784753947,3.1375541768885986,1000,1.3256776318431736,6.120393447714918,10.48141038888458,1.26880610976774,-1.4093955895506727,3.33783577773418,-1.161182343301597,3.812537606987944,1000
888,0.36890515289748027,1.6606250542870078,61.307455060482674,0.649794910339441,-0.1718733372370997,2.4190988578548174,-0.9046928713678242,1.6425031771627847,1000,0.4407517583596803,2.05654538305688,37.547102374672626,0.6978305263362499,-0.15569435571843027,2.7234674226582967,-0.9269960732593694,1.80849958997873,1000
889,-0.8550813908578543,1.669807907723661,92.24987237410218,0.9620096882641522,-1.533502610446501,2.6602729093786537,-2.7406203798555926,1.030457598139884,1000,0.09583443690745552,4.677425082719698,10.378242162884144,0.92033971373946,-0.7755650238570629,3.1800524771258,-1.708031402021886,1.8997002758367971,1000
890,1.5370415786840612,3.019667947575268,13.708008156644969,0.3956556041711098,0.529732087805728,2.2085783094059317,0.7615565945086861,2.3125265628594365,1000,1.4034632693317715,2.847802595360917,8.384835582510211,0.5676659107269226,-0.2569265817680393,2.0506582831119173,0.2908380843070031,2.51608845435654,1000
891,2.0644197317722925,1.3371699545528197,229.74802920726472,0.8036621531797729,-0.0491222641604704,2.637738268692612,0.4892419115399378,3.6395975520046475,1000,0.9094745576896646,3.6614797375264905,14.198984819616566,0.5286647390034221,-0.08539822708606562,1.8693140311854224,-0.1267083307570429,1.945657446136372,1000
892,2.3979305049649624,2.27717249053538,32.65195915393583,0.677776228964342,-0.06772860309200786,3.20615602888029,1.0694890961948522,3.726371913735073,1000,2.2650592125262206,1.9657239814132421,45.54715722552324,0.6834614201626958,0.16376178427106156,3.185228098210979,0.9254748290073367,3.604643596045104,1000
893,0.6197728311916717,8.11736604750476,2.4686783244476334,1.4650512001047622,-2.7055544698917777,2.818700800164311,-2.2517275210136622,3.4912731833970057,1000,-0.26212239790728487,5.175601879524101,4.477655264623232,1.2340946545981757,-2.7068441715710128,2.335400519579157,-2.680947920919709,2.15670312510514,1000
894,1.6730970876386064,1.5093317276767455,59.76757016944375,0.38751976721355735,1.0478961377551816,2.7575812476176176,0.913558343900034,2.432635831377179,1000,1.829524187195389,2.8762117385566164,21.27162866699102,0.503153291468925,0.951997102609942,2.9638954895866867,0.843343735916296,2.815704638474482,1000
895,1.7028024462317704,4.313755925905902,19.619897507467993,0.36446742721445197,0.9243247471428017,2.335228219531517,0.9884462888914445,2.417158603572096,1000,1.5900392867547217,7.012717038170879,8.601815799346344,0.3855685861537069,0.874031282031211,2.3578939475805085,0.8343248578934561,2.345753715615987,1000
896,1.704652481957228,5.101819917696251,7.772671751152978,0.794287608749537,0.05286373277431078,3.2543937827292857,0.14784876880813558,3.2614561951063203,1000,2.625578426733072,2.5985223328137925,16.461152437204035,1.026557150983166,0.03742204567877605,3.6820698825757927,0.6135264108060667,4.637630442660077,1000
897,-1.1492221204175794,1.3747708236701872,120.6888064267498,1.3576749388217846,-1.7787466992540992,2.91211060295193,-3.810265000508277,1.5118207596731184,1000,-0.4143719465481279,3.5514995374808946,20.199216502636997,0.9505707454026273,-1.456106760183842,2.5689050565501708,-2.2774906075372776,1.4487467144410215,1000
898,2.510055306915682,1.243794462430566,171.7701168889395,0.3949905305806263,1.5581772775085485,3.063972290908554,1.7358738669776548,3.2842367468537095,1000,2.4238384123500527,2.9158501139810777,22.98598788940856,0.44068932500618,1.3918423188495683,3.0688660831537073,1.5600873353379399,3.2875894893621656,1000
899,2.2828880568095764,5.204938400832984,13.755841038346336,0.729692357718369,0.20529127332412922,3.2805443066676836,0.8526910356815731,3.7130850779375795,1000,2.1319138269378914,6.167132397531607,8.7826639388526,0.6646428692203982,0.2377993103203319,3.122060816887976,0.8292138032659111,3.434613850609872,1000
900,1.212038934030073,3.1382376415948077,38.9893735053272,0.6448985887206838,0.09331780887777663,2.6078853912955813,-0.051962299862467365,2.4760401679226134,1000,1.5324133185219957,5.1676565307187845,18.33637239279238,0.8791345768960989,-0.04643171658382566,3.894371035463385,-0.19069045219435798,3.2555170892383494,1000
901,0.8522972144928327,1.985316601767039,60.88145252276216,0.705170218053604,-0.1407684153191689,2.7515220220916885,-0.5298364128922313,2.234430841877897,1000,0.9187992846105442,5.142205533734059,13.31569524768675,0.8366817926387491,-0.28687712364497664,2.855223175814454,-0.721097028961404,2.558695598182492,1000
902,1.0538384623030133,3.5244441964247444,3.2154035920502957,0.7413732378582443,-0.5830673668157491,2.3796751577160213,-0.3992530838991455,2.5069300085051722,1000,2.044593911932792,3.4566126867288878,1.8017173452677646,0.8151427474948041,-0.3832936395176667,3.136154303691428,0.44691412684297593,3.642273697022608,1000
903,1.7095788635065627,1.9844629877769215,56.84949676652357,0.8033528878904604,-0.5923912834180035,2.4125634331689945,0.13500720324126037,3.2841505237718653,1000,1.4342632082134052,3.2932638648813772,24.885917769589273,0.6797411528312335,-0.6092840918312018,2.239376052049754,0.10197054866418753,2.766555867762623,1000
904,0.8585470356803855,4.346897412645379,3.64736413678779,1.2909585359609257,-1.2950022158818144,3.5596022995145296,-1.6717316948030287,3.3888257661637997,1000,-0.5190184554637578,1.565094642358141,15.259999958396316,1.3685512311835024,-1.536515933098667,3.6567822686545455,-3.2013788685834226,2.163341957655907,1000
905,0.976842766918129,1.073614043059367,625.9473390479483,0.588282841897566,0.37271693532624145,2.4831820597234042,-0.1761916032011004,2.1298771370373584,1000,1.7194993539065404,3.7748421306020172,16.204846974011662,0.5888321706931084,0.33686593792976743,2.7270863828454672,0.5653882993480479,2.8736104084650327,1000
906,1.5161330370918895,2.900397316266302,15.782522791424146,0.942287167183709,0.4973270658205613,3.6766945308284837,-0.3307498105881801,3.363015884771959,1000,1.3982594855585952,2.5490428730431987,12.203566479215022,0.9473343941157946,0.5386161240729977,3.7335975012155207,-0.45851592690836207,3.255034898025553,1000
907,1.4752685025770833,5.228944557027697,3.538090261231952,0.6325052148168934,0.008079494551208242,2.415063261085708,0.23555828153597225,2.714978723618194,1000,1.1032905584885238,6.394798107334673,2.4501434432859153,0.6514499021853403,-0.3639907764874306,1.9067945317064152,-0.17355124979474312,2.3801323667717904,1000
908,2.163206085997454,3.206561620079728,23.218281419859224,0.4081559907127911,1.0954259464713123,2.827037250467211,1.3632203442003834,2.963191827794524,1000,2.0777202101109844,4.678935518101633,14.689970873537046,0.4570215741692474,1.0230959259436394,2.8954120650232817,1.1819579247392595,2.9734824954827093,1000
909,1.5872170394914553,4.021220851874742,11.708980685762558,0.6928974273220133,-0.013683876083823633,2.738360518325976,0.22913808194030927,2.945295997042601,1000,1.7896598343436008,3.5708671260686033,14.845509129153156,0.8291796795995591,-0.6901837317739511,2.744040387142229,0.1644676623284651,3.4148520063587364,1000
910,1.4342421341496951,2.5909998722046748,19.085894083356756,0.3372795395475398,0.924254627726473,2.2620701852513667,0.7731742366365172,2.095310031662873,1000,1.420152382831373,4.271832920317331,6.77259329745287,0.4232079647009609,0.6287264709830583,2.3116358382341193,0.5906647720174896,2.249639993645256,1000
911,1.8888758240978296,3.5586905783219374,4.004874133124791,0.9889138178657877,-0.531148516656318,3.0846126981625486,-0.04939525891911423,3.8271469071147735,1000,0.8539176861079822,3.556922575573709,2.530133504844608,1.3460277919788504,-1.9339590001640679,3.3761019208322436,-1.7842967861705643,3.4921321583865286,1000
912,-0.4244306872354464,2.9414214361618716,17.823484286445538,0.8584131075134347,-1.3437679007266548,1.5794275302627845,-2.1069203779617784,1.2580590034908856,1000,-0.25675634552754123,3.2164058900281796,15.995562842549024,0.8387739332293119,-1.3125436023309525,1.7493544960320813,-1.9007532546569925,1.38724056360191,1000
913,0.8440578130744125,4.751091141997529,23.377831244029874,1.1337159680909354,-0.9779057292515152,3.1536411308833503,-1.378025484383821,3.066141110532646,1000,-0.7665871338428751,1.8172153533255055,89.25899516134103,1.5641613956255624,-1.8089749700411708,3.7805815323592262,-3.8323434692689773,2.2991692015832275,1000
914,0.9309672973721379,2.125315464394271,136.01161003870308,0.5672099384162274,-0.14488016548631427,2.0052085331200753,-0.1807641819236676,2.0426987766679434,1000,1.4104775619909355,7.062687063000012,9.211175000578427,0.6079624468812831,0.37715673075459055,2.731871443044561,0.21887116610362067,2.6020839578782504,1000
915,1.964962888165986,5.954074378570823,15.979839027254878,0.4482519623934485,1.1055406704941804,2.858962509465453,1.0863890418748268,2.843536734457145,1000,1.8063562573936893,8.800635981055372,7.992500081669941,0.7350372849796808,0.17584274871560962,3.0752322160909396,0.3656831788335151,3.2470293359538633,1000
916,0.05015584963091291,1.3990758897023472,105.78624356350733,0.7396280798276883,-0.4931784852238058,2.229136968720365,-1.3995151868313562,1.499826886093182,1000,0.8800915841814354,3.6011936565720792,20.70425779197646,0.6717639685313178,-0.3605511897827386,2.1248847303395215,-0.43656579413994745,2.1967489625028183,1000
917,-0.48938588282418216,4.974806852641223,8.555576662347992,1.2615886643239531,-2.469771369397654,2.140814627164524,-2.9620996648991302,1.983327899250766,1000,-1.6042629293210426,2.369517726051714,15.403086986855774,1.4292348179661014,-2.6342517187980086,2.3031610674866116,-4.405563172534601,1.1970373138925159,1000
918,1.5261027043000355,3.704213141788457,25.398645293952992,0.7630158875585361,0.14259328442276295,3.011951252709937,0.030591564685304773,3.021613843914766,1000,1.3600644744377104,5.906314018462805,13.552697132807479,0.608982271697797,0.33983002514926264,2.804792822135242,0.1664592219100285,2.553669726965392,1000
919,2.9324036444738084,1.5964053767709627,88.71954724403348,0.7294814900641461,1.0791708295779765,3.5902605725823116,1.5026199239480822,4.362187364999535,1000,2.3962217551626233,3.5387283173618416,11.38363744950242,0.6763725763466247,1.0303613509150125,3.5159330174364047,1.0705315055232387,3.721912004802008,1000
920,2.2584962317461192,2.6457101476108478,60.55299268902103,0.4901519131940634,1.0668728277305803,3.0009713926279193,1.297798481885755,3.2191939816064834,1000,1.6577228494838754,9.818444597154707,4.992003898644301,0.47491389684110163,0.7718100075536046,2.6308584339070666,0.7268916116753162,2.5885540872924344,1000
921,2.3431574769804606,7.242474869085099,9.437296646246178,0.5509445506091559,1.2157453970210572,3.3774410544032887,1.263306157786515,3.4230087961744062,1000,2.2176763960016213,9.81707589286953,5.056303802115589,0.520691464615088,1.1663439551607215,3.17761272999896,1.1971211253560488,3.2382316666471938,1000
922,1.6802850270574095,3.938888400179515,31.875099040974778,0.381852690719744,1.0347466858433432,2.5506156399623032,0.9318537532467113,2.428716300868108,1000,1.818199698354018,7.63735323957389,9.765014488602157,0.41824831355924635,1.0949118128776787,2.7475243101800952,0.9984330037778952,2.637966392930141,1000
923,-0.11868454410744844,4.220361573073055,16.27123674239231,1.3526817284050763,-1.889246265033084,3.4485317355442824,-2.7699407317813978,2.532571643566501,1000,0.04612912193888441,4.725686894449698,13.80953012672998,1.1076818285018613,-1.5797894181165686,3.1220926684125345,-2.1249272619247637,2.2171855058025325,1000
924,1.1044783516554406,3.562875247787536,34.48652629530741,0.6207194851424939,0.2482144766821745,2.669651807496989,-0.11213183922384728,2.3210885425347287,1000,1.5771864805742404,8.080709964385424,10.480889098354666,0.5331464617090741,0.5792090334821259,2.633063882060579,0.5322194156244551,2.622153545524026,1000
925,4.77177368075713,1.1099466603336603,134.88561452312413,1.326225271162823,0.2715476164280409,5.278852965497484,2.1723721492779973,7.371175212236263,1000,4.775543887248576,1.1342456720425953,98.67341650455643,1.6389315647820772,-0.04317608801101561,5.256038717258024,1.5632380202757044,7.987849754221447,1000
926,1.397651874866495,2.669227711154879,26.683247252586625,0.5206563883679752,0.7801328052062997,2.6750192536244377,0.3771653536652635,2.4181383960677265,1000,1.549591588466046,3.4523737917395465,16.716596614776076,0.5135886697279662,0.8106199738370231,2.7582687182600365,0.5429577957992322,2.55622538113286,1000
927,2.9641841250590875,3.29435561180463,16.71023299795287,0.8670223845817789,1.5595479894846096,5.065110226393722,1.2648202512788007,4.663547998839374,1000,2.857507306171139,4.397323769332204,8.91232667699006,0.7629692147175698,1.6082121880113962,4.720568508212606,1.3620876453247022,4.352926967017576,1000
928,1.8900474510539167,2.7502639295591766,21.292729831985294,0.9940895538059517,-0.7015861865704138,2.8981029231771718,-0.05836807440574843,3.838462976513582,1000,1.9952776175868092,3.4548465194253373,15.57155660782428,0.9901048394420777,-0.6067563424655663,2.8592276176351983,0.05467213228033696,3.9358831028932815,1000
929,1.0484295933641978,3.5071921142553997,20.110940444617054,0.8809343767744389,-0.2272936852158623,2.912377728702674,-0.6782017851137023,2.775060971842098,1000,1.3785094839102414,4.876835339488812,9.283614786659802,0.8152714932764807,0.023692225280309582,2.9164140918601964,-0.2194226429116608,2.9764416107321434,1000
930,2.4373455611587453,4.9711910911341155,7.308017267179454,0.34361335027149914,1.73788996565805,3.070019115677147,1.7638633946266071,3.1108277276908836,1000,2.5375008810578983,5.350634322427541,5.178423498362361,0.4913307294235742,1.5290772188952089,3.406900437995328,1.574492651387693,3.5005091107281037,1000
931,0.6391469139000245,1.099968269198061,630.569121095165,1.1232465023789664,-1.303027949614175,3.8126600424238193,-1.5624162307627494,2.8407100585627987,1000,-0.03166969758562388,2.563057461604416,36.189761523942735,1.8611891538729783,-1.9558679071431968,4.1868185220072895,-3.6796004391766615,3.6162610440054137,1000
932,1.8299556615794512,2.714241012050877,35.91705024512949,0.47650823053779534,0.6955239211137126,2.609479739199979,0.8959995297253723,2.76391179343353,1000,1.7376684768072597,4.748952719395252,13.415598531173096,0.46519355786234773,0.7489670262067559,2.586671950375858,0.8258891033970581,2.649447850217461,1000
933,1.5818980651981427,5.104896133037299,25.55477683616793,0.43629532645429614,0.7831096387368506,2.4787477641939444,0.7267592253477223,2.437036905048563,1000,1.5957562280107365,11.563885293874728,5.846279928751882,0.4997247246811334,0.6987582949942073,2.571050623044915,0.616295767635715,2.575216688385758,1000
934,2.4485821876936806,1.8489502113525083,94.0842674879311,0.3914514325623934,1.526562637599648,3.140766083633282,1.6813373798713895,3.2158269955159717,1000,1.9220579092465537,4.497176777301432,19.48778650101767,0.6070491822388621,1.0133457494737017,3.326242082429324,0.7322415120583841,3.111874306434723,1000
935,2.9869933642970343,1.9623577118056408,53.57872752370192,0.7333038784122137,1.0384994671053436,3.5109536293700168,1.5497177626090957,4.424268965984973,1000,2.172313633181661,5.880709757759957,11.22843641220098,0.4942143178553331,0.9629048638289126,2.8101621561950347,1.203653570185208,3.1409736961781136,1000
936,2.30589483596276,3.2381363748309617,16.22629689842994,0.6086698794336082,1.2932029691991338,3.5870319963355533,1.1129018722728878,3.498887799652632,1000,2.24159214134038,3.803031110388179,10.115064614601383,0.7050964820671209,0.3686743665653672,3.2812452000653978,0.859603036488823,3.623581246191937,1000
937,1.705237372002325,2.3267763397069148,28.88165896571466,0.6705574966368658,0.18570724338604452,3.0339907201775684,0.390944678594068,3.0195300654105823,1000,1.6139971780509481,2.597842142706154,17.109282749678762,0.7977525373636781,-0.38065582239643314,3.208756437997143,0.05040220481813895,3.1775921512837573,1000
938,1.345729425422926,3.634059370349043,18.383939011945106,0.4224441563163237,0.7824204646726465,2.388524418296786,0.5177388790429315,2.1737199718029205,1000,1.8540604647023293,5.379866583522536,8.894763575919875,0.6257800320309151,0.5831736794979873,3.081256355343557,0.6275316019217356,3.0805893274829232,1000
939,2.7376259174407194,7.311505052203419,8.536357631796585,0.4232105302429873,1.8466174815448784,3.486293460136769,1.9081332781644642,3.5671185567169745,1000,2.7778680763055354,8.396976881089541,6.577205147878244,0.4494277670765062,1.812114622841573,3.593498222574797,1.8969896528355834,3.6587464997754875,1000
940,2.3862218435199747,4.12454155614105,10.898352371875148,0.6922514233160032,0.9741357880837438,3.6361442245979716,1.0294090538206084,3.7430346332193407,1000,1.5599102860849636,5.067202665127601,4.999966356134198,1.3518917826920887,-1.450686811169414,3.7415605277777333,-1.08979760799153,4.209618180161457,1000
941,1.092732675527914,5.863702598346036,10.031852686543683,0.4340099879016215,0.2793789054092522,1.8452974504500719,0.24207309924073594,1.9433922518150921,1000,0.850322776255327,7.760851263035302,5.071511730035501,0.6849831561919172,-0.6406916199363887,2.0602950902156087,-0.49224420988083073,2.1928897623914847,1000
942,1.889199040646878,3.962676510597817,14.880962910845996,0.41903114367096583,1.2401401389327835,2.963680553101014,1.067897999051785,2.710500082241971,1000,2.117339899610424,4.489655946774329,8.350070713957301,0.4634306259055752,1.3524661493382657,3.136293275861837,1.2090158728354963,3.0256639263853513,1000
943,3.656782935077299,1.6563721767486594,64.8457207143051,1.7797176361032414,-0.9296618841219418,4.572561308116292,0.16853636831494567,7.145029501839652,1000,1.605288159121977,4.888979229655993,8.773499521605853,1.0496432637225248,-1.0735309414313707,2.82527722399473,-0.4520126377741718,3.6625889560181255,1000
944,1.1647279451074324,4.938572456637706,7.887823899416731,0.7636197580524067,-0.4992712379355761,2.415272991413902,-0.3319667806752846,2.6614226708901496,1000,0.9890621628103831,4.706359768092052,8.096441923570302,0.7902128366011254,-0.6338833015161585,2.2871363638334463,-0.5597549969278226,2.537879322548589,1000
945,0.2893924463717412,1.9481392345000932,52.843033929394366,0.6584646570432702,-0.5327034887879719,1.9327835477563984,-1.0011982814330682,1.5799831741765507,1000,0.5968674212109619,3.918779891641333,10.892614679618559,0.6330292695943749,-0.5158021287991564,1.9133342174640013,-0.6438699471940128,1.8376047896159367,1000
946,1.8745823575775085,3.2558376295713445,14.159935583780781,0.4181871956129864,0.8542824459759939,2.5245052258700107,1.0549354541760552,2.694229260978962,1000,1.936654885403375,3.780659541450518,9.048231541764222,0.4415809910137235,0.8259404468149018,2.5816449740260268,1.0711561430164769,2.8021536277902728,1000
947,2.2243785562084093,5.202718972671541,20.971856855405736,0.34401208109535425,1.5072256674511462,2.910949421297496,1.550114877261515,2.898642235155304,1000,2.0663491318642575,7.137200960929791,10.721585949136959,0.3427232671568846,1.3261515055188118,2.7236231038105925,1.3946115282367637,2.738086735491751,1000
948,-0.8913241701758525,1.4536029339806327,148.97553211555072,1.3455557976049468,-1.4319183312260095,3.331686711742423,-3.5286135334815483,1.7459651931298432,1000,1.5780971357946192,6.399940458440008,8.68722016003432,0.8144614198144854,0.37926249985266514,3.6301658396599232,-0.018247247041772052,3.1744415186310104,1000
949,1.703770954344178,1.5504990927620002,97.05080970924448,1.018376367564538,-0.8674081744156528,2.513553905772873,-0.2922467260823167,3.6997886347706723,1000,0.9243561521673698,3.1306870315821023,19.557830628337626,0.8216746556309917,-0.8481664130424446,2.2280546286662317,-0.6861261728693739,2.5348384772041133,1000
950,1.010695024540532,1.0538303645778202,332.5695434192461,0.9851032656514822,0.4895237596601905,3.5291715938311174,-0.9201073761363732,2.9414974252174373,1000,1.393408036505051,1.5649852739316963,33.47763587387756,0.9805014786179521,-0.1047957616314137,3.4610934483006823,-0.5283748615861352,3.315190934596237,1000
951,1.2532740199676158,1.0873089526459052,272.15685801429083,0.35621069792849286,0.5473632811977598,2.0088246566249994,0.5551010520277698,1.9514469879074618,1000,1.330047811892724,4.539311727540143,7.280213986397173,0.42388912755079333,0.48473514113175437,2.195162104762643,0.49922512189316903,2.160870501892279,1000
952,0.7709501962471899,4.51239728694272,11.3467496330828,0.8272760859992887,-0.6539259741385753,2.583420240222427,-0.850510932311416,2.3924113248057957,1000,0.04093845104093985,2.743417108864941,23.43617244876462,0.7860170189081174,-0.8788176852310139,2.156070260105718,-1.4996549060189701,1.5815318081008498,1000
953,2.5679195148647675,4.378618416828856,19.1704872768777,0.6476823715762129,1.073128197551412,3.4972974936643104,1.2984620665753903,3.837376963154145,1000,1.2972782114494734,5.7401448078648265,9.932162668450975,0.9649454718396615,-0.3008396854170815,3.335893488896053,-0.5940149133562631,3.18857133625521,1000
954,1.982021584643556,3.0986390455098527,61.883394855521004,0.5668243209107884,0.960762047782098,3.1903993690879027,0.8710459156584109,3.092997253628701,1000,1.7808693618860572,8.812184375134219,5.804194711638082,0.5000827908015307,0.7743338621502274,2.6901575351692513,0.800707091915057,2.7610316318570574,1000
955,0.880548513005239,4.385356955001876,13.947946935393214,0.44131354175869925,0.1504843537502127,1.9693476216368693,0.015573971158188482,1.7455230548522893,1000,0.8314437048559835,4.130330871944845,16.268688426831073,0.44186899337839225,-0.12126704914233902,1.6349121619554035,-0.03461952216566533,1.6975069318776324,1000
956,1.9396227647221687,1.942071190018159,60.96864125526479,0.6764527544847577,0.047494724715707926,3.051538694881346,0.6137753659320435,3.265470163512294,1000,1.6128924709732146,3.5651589156356533,18.955889487297398,0.7135806729851918,-0.20450469011751318,2.8608780250590637,0.21427435192223876,3.0115105900241907,1000
957,1.4827751860549125,3.2596741412567014,14.39680053767242,0.8739002756972192,-0.7469626144849071,2.834490145149573,-0.230069354311637,3.1956197264214623,1000,1.3517657973496116,3.546206005973504,11.482656292701565,0.8794024304956966,-0.8483336900510716,2.7508237718753814,-0.3718629664219537,3.075394561121177,1000
958,0.2799293768129183,2.369369964443118,103.8926998275607,0.6765799296224446,-0.5544716335176316,2.7781886576429677,-1.0461672852470731,1.6060260388729097,1000,0.5454798164816903,4.876333468807204,24.769952850975024,0.868738330616725,-0.5971385388492552,2.6695882207620927,-1.1572473115270907,2.2482069444904713,1000
959,-1.615358051277474,2.2044657969680026,68.2351956922185,1.373404586894278,-2.8871276378504063,2.242373253149586,-4.307231041590258,1.0765149390353108,1000,0.3074012103255046,4.949971316844681,15.084947820927187,0.9494272894813558,-1.4388541051811687,2.468788428514148,-1.5534762770579527,2.1682786977089616,1000
960,1.1860808252045987,1.9404052761861375,47.749589396388934,1.2288558745855853,0.17656341095935582,4.1194411818374075,-1.2224766889831484,3.594638339392346,1000,1.7293026805123366,3.3164894850573985,17.817469227095184,1.0179702991744566,0.41016825396212214,4.003056152031696,-0.2659191058695982,3.7245244668942714,1000
961,1.1634982634490378,2.048038751165711,66.90965590772237,0.45478340679966733,0.41920169868255347,2.2781882543309595,0.27212278612168983,2.0548737407763857,1000,1.283524429544516,5.181196694563204,15.203714843671511,0.46538838383577974,0.5084636481164189,2.3223304185006866,0.3713631972263878,2.1956856618626444,1000
962,2.331929747314763,2.491863822802485,32.37067862077421,0.9015797982701669,-0.6735957189605296,3.5584323240149813,0.5648333427052361,4.09902615192429,1000,2.4372369237060094,3.524244252433934,10.65534962358648,0.9217286376267035,-0.29550220074130445,3.5796056517248585,0.6306487939576706,4.243825053454348,1000
963,0.5212387544745685,1.4300402070611649,68.53100487768815,1.095619146536471,-0.1718468839625301,3.3919513004181407,-1.6261747727369147,2.6686522816860516,1000,0.953359826721464,2.0415662159106,34.07871690670852,0.9312573725887338,0.22909782372454468,3.4720621666782527,-0.8719046235524541,2.778624276995382,1000
964,2.019519081790273,4.874759905138705,9.146269772965749,0.4213039605597631,0.9526293344392598,2.6493583117777724,1.1937633190931374,2.8452748444874087,1000,1.8568026482370967,5.59854435675448,5.361213476006335,0.4922422415823644,0.6647760388670804,2.6280122647561583,0.8920078547356625,2.8215974417385308,1000
965,2.67181175820652,5.15480152522654,10.002797907676658,1.05739031183367,0.2671420454190728,4.261780277340435,0.599326747012527,4.744296769400513,1000,2.166138386287043,5.45654194923003,8.079368468309863,1.0683877450288064,0.054710588046365964,4.024068112841503,0.07209840603058248,4.260178366543503,1000
966,1.4463793002529877,2.974243849793885,29.983645116387226,0.7700906302813915,0.4526814873584534,3.436515229129252,-0.06299833509853947,2.955756935604515,1000,1.487244353875004,4.592622776484175,12.991103586457493,0.7298929118803161,0.2783765367902777,3.031631500119561,0.05665424658958429,2.9178344611604237,1000
967,1.863893854036756,6.391568811506128,11.366933482185024,0.5456485631470163,0.5420170392693907,2.7645596345355936,0.7944226702686041,2.933365037804908,1000,1.5755188654210588,7.305293181788163,9.143439973451747,0.5914234120372863,0.20811606684334158,2.619900403963501,0.4163289778279775,2.7347087530141403,1000
968,0.5392540457116024,2.381250732371888,59.48276825349902,1.3138774660171595,-1.2625834230308934,3.781990730309736,-2.0359457876820297,3.114453879105235,1000,1.2288790759516144,3.1961999198236155,25.571438593043307,1.1861436242179784,-0.9390681124504999,3.8456062911166575,-1.095962427515623,3.5537205794188518,1000
969,2.438110803253109,3.9369864467454745,16.685906081650277,0.7181458425063856,1.5364571946839878,4.390493673446022,1.0305449519405931,3.845676654565625,1000,2.2532052396700477,2.62227836332787,15.675650436190521,0.7212681282557102,1.3896173854619684,3.9656992648997607,0.8395197082888557,3.6668907710512397,1000
970,2.803275458863022,3.7839474940639946,22.028105587245157,0.5578309912544908,1.321242246164571,3.579806610042061,1.7099267160042202,3.8966242017218238,1000,2.653644928956078,6.722531597670143,8.731332356813951,0.5197792540212828,1.3822616973577262,3.4343323358563924,1.634877591074364,3.6724122668377923,1000
971,0.2612367237246809,2.1982499500946533,20.35022034992697,1.574681052357244,-2.0993709579265407,3.0541953533575716,-2.8251381388955177,3.3476115863448794,1000,0.42959466275509595,2.2048436115926457,18.815694261818752,1.5155009472940493,-2.080996979030286,3.042348044348124,-2.5407871939412408,3.3999765194514326,1000
972,1.324057637016799,2.2778038564363636,37.99351214713931,0.7984959911232016,0.32609972191029424,3.0023813925367744,-0.24099450558467606,2.889109779618274,1000,1.192142856174316,2.197546930029435,31.05786899750986,0.7832775926461872,0.42023354140268493,3.0438821474420608,-0.3430812254122111,2.727366937760843,1000
973,1.874164785690676,1.2326944403352507,73.32801436611477,0.3639638512292926,1.0874891078414988,2.502039275153952,1.1607956372812627,2.5875339341000894,1000,1.8773843577609048,1.3674724008393828,48.31800267701243,0.43603621843035895,0.7800075431043455,2.553060802807426,1.0227533696374014,2.7320153458844083,1000
974,1.7315657139540428,4.640007906093643,18.018773773943337,0.33836411291195856,1.0049803397935129,2.377336508736851,1.068372052646604,2.3947593752614815,1000,1.5487301754647103,5.795562309696508,12.526390777525396,0.40747928302790526,0.6716726957591689,2.2840445699479837,0.750070780730016,2.3473895701994048,1000
975,1.4193675104562002,3.579748311018325,32.66368974547691,0.6624939554222455,0.21639756744267297,2.7350157851621857,0.12087935782859893,2.7178556630838013,1000,1.660234209903203,4.692845237859543,18.982729621394313,0.5024708931310966,0.5298794634991832,2.450064800577449,0.6753912593662537,2.6450771604401524,1000
976,-0.1309916883468225,1.2556542528021255,73.03909334611002,0.5691598782435193,-0.5266447125743074,1.8421062997238533,-1.2465450497041204,0.9845616730104754,1000,0.06641649084479462,2.0414886087752078,19.434079617150164,0.4625039346051677,-0.4843589316826841,1.2643039267153147,-0.840091220981334,0.9729242026709233,1000
977,0.9993278160761607,2.7848080979812955,22.777334434643,0.8076279648794237,0.12869369195787142,3.3459659963882107,-0.5836229950875096,2.5822786272398313,1000,1.0609167361426661,3.3136649307237205,13.232918754553685,0.7433252846243809,0.07724999669908868,3.21440194547897,-0.3960008217211204,2.5178342940064526,1000
978,-0.23664241037206857,1.3544296192551784,150.91090212863818,1.2929815860232803,-0.9050636609994147,3.6455878065151763,-2.770886318977698,2.297601498233561,1000,0.30248763072723994,2.163988449075297,38.853650336591826,1.033705391015219,-0.7174029327483457,3.51338421558633,-1.7235749356625893,2.3285501971170692,1000
979,1.9626919013116024,3.898052395802739,19.616405695723273,0.6118431566208906,0.7671186675133317,3.1656025516389983,0.7634793143346568,3.161904488288548,1000,1.8540640114715394,4.947992246461834,8.5176796410682,0.5862251062989491,0.6557314253876472,2.9960082406120345,0.7050628031255992,3.0030652198174796,1000
980,0.21617671204484878,2.747455496386712,28.28630023919782,0.9774298344656567,-0.7865331259793058,2.7937939012999102,-1.6995857635078382,2.1319391875975358,1000,0.8191818947613401,4.387427286185677,13.279551173129372,0.7701109551407109,-0.3312464552823318,2.7858051742260828,-0.6902355773144533,2.3285993668371336,1000
981,1.4845248533607922,5.240298822503594,16.281638477027627,0.5027341688968083,0.6386793000876717,2.587501305498181,0.4991658823230479,2.4698838243985364,1000,1.3881694394662474,4.586047512676515,17.31723777600079,0.46764834518503057,0.6137010532427396,2.5056735594440775,0.4715786829035875,2.3047601960289072,1000
982,2.864898748085407,3.8441088077944934,11.510257076545507,0.816463284911323,0.7297253473230052,4.1098031023963735,1.264630709659214,4.465166786511601,1000,1.5874848823839796,5.050046587425588,7.054421663844987,1.2590688169264301,-1.1233693306514003,3.8272086746992167,-0.8802899987918233,4.055259763559782,1000
983,1.3436372211101422,1.3760173209708737,23.043132445717646,0.7027487801981557,-0.33390703159604634,2.3953786907262042,-0.03375038807824304,2.7210248302985276,1000,1.2598215683893894,1.3278274246971573,23.12334323756283,0.7982017834913917,-0.746996304038435,2.6903051566099596,-0.3046539272537383,2.824297064032517,1000
984,2.7827396998962506,2.1225957249807506,56.90774803616891,1.1488857645490604,0.37777411224477786,3.8671269114804847,0.530923601380092,5.034555798412409,1000,2.0576155612310805,3.7139081454042753,17.780296020639163,1.0796970456032975,0.04984295261946421,3.813262089696601,-0.058590648151382485,4.173821770613543,1000
985,1.53415835659808,7.252254605249533,3.1519616651991083,0.829038774817756,0.029693828310939058,3.2644636729390135,-0.09075764204472159,3.1590743552408815,1000,1.457523562501774,7.311033944787328,2.588770587626578,0.9166871408294696,-0.11308688789509148,3.4441356932266562,-0.3391832335239864,3.2542303585275345,1000
986,1.406877609706206,2.089106332901792,121.23309551813024,0.7025374977567277,-0.2744211737083192,2.308102342027175,0.02990411410301963,2.783851105309392,1000,0.7888296301535211,2.9762792556392275,33.1521759018735,0.7001537784336032,-0.3158502828737021,2.246895154654699,-0.583471775576341,2.1611310358833835,1000
987,1.8441070896149905,3.67307772502515,19.890795400169903,1.0577535928338386,0.1280347680030594,4.088646551337188,-0.22908995233933305,3.9173041315693142,1000,1.6934444393397996,3.482936363382063,23.89347662885365,1.0446694852467988,0.28514503317071394,4.314608220557397,-0.35410775174392617,3.7409966304235254,1000
988,1.605048243094233,2.8995625510907277,6.154934057108604,0.6856449730134505,-0.9885597196448956,2.4553020288441387,0.26118409598786996,2.9489123902005963,1000,1.6997283781717993,3.8040751181058057,2.6422182194326016,1.1446872409116413,-1.5217186824933961,2.558861013702857,-0.5438586140150174,3.943315370358616,1000
989,2.179960279213273,4.822446676158698,13.17863726168822,0.40912138224949046,1.418224511663925,3.053304111720222,1.3780823700042717,2.981838188422274,1000,1.8308494945126368,6.978797171863661,5.457200397563774,0.5713413331478404,0.6622718299766611,2.8820929891941245,0.7110204815428696,2.950678507482404,1000
990,1.3952290180596072,4.582056002745385,13.947489605944345,0.7860918725395117,-0.0800540963641537,2.7474237918910265,-0.14551105211783577,2.93596908823705,1000,1.3900599656420927,5.060856916189586,11.885440522883215,0.8038202135256521,-0.07605471255627078,2.8449810405289546,-0.18542765286818552,2.965547584152371,1000
991,1.7644860606428796,5.036575642049933,8.653852816213327,0.6349834022505935,0.6337504869790593,3.1072962276242273,0.5199185922317164,3.009053529054043,1000,1.7248750371392876,5.157895314224995,8.664643439402894,0.6061221574120408,0.6323763638014668,2.966476466537584,0.5368756086116877,2.9128744656668877,1000
992,1.4266419774987902,1.5044462366671842,120.0841520718128,0.6179006013789881,0.7632096665502531,3.0343172130634994,0.21555679879597367,2.6377271562016067,1000,2.259197444712658,9.027147856276025,4.324396983587342,0.47440881573591076,1.3605572993731976,3.093787351134349,1.329356165870273,3.1890387235550435,1000
993,0.7784482404119066,4.323793804830743,23.45914211520583,0.40889027912257736,0.16593976363107432,1.7501668829847574,-0.02297670666834495,1.5798731874921583,1000,1.2432622034547822,8.305710708989713,9.78075156221075,0.4127636328816713,0.5659099118149412,2.0606355966244814,0.4342454830067065,2.052278923902858,1000
994,1.122635070702902,5.489316656760455,6.831420422230422,0.8270416989632112,-0.4864831092529047,2.6452293417784203,-0.498366659264992,2.743636800670796,1000,1.1858954835964137,5.578898631276007,6.617952054099721,0.8793410485369941,-0.6248272325884252,2.7161679569023054,-0.5376129715360947,2.9094039387289223,1000
995,2.295408888088215,6.024697132950678,5.121033242245327,0.675166553638644,0.9256372318312743,3.6395822013567583,0.972082442956473,3.6187353332199574,1000,2.331298464610417,6.193149017526315,4.660544659719887,0.7685413398848054,0.6305840464730685,3.679466027146808,0.8249574384361984,3.837639490784636,1000
996,2.703031208096301,2.7397089595066584,31.09183076394653,0.8037193487692587,0.7622817955826378,3.6933414668708786,1.127741284508554,4.278321131684048,1000,1.8892988153918753,5.257071023795381,8.757014237055177,0.6226436345582508,0.64174357968358,3.1290681697961307,0.6689172916577037,3.109680339126047,1000
997,2.029773170083695,4.425543483927397,21.790968347868336,0.8997659522300369,0.16077200574321232,3.602579649609648,0.2662319037128229,3.7933144364545672,1000,0.6907127387327181,2.6217819081419735,41.096994165296906,0.8174593004538541,-0.11303282259966664,3.323249443240104,-0.9115074901568359,2.292932967622272,1000
998,2.6507595770118844,4.22176863096745,15.425269472841345,0.8333073814605666,0.7627645555952006,3.8007891997549508,1.017477109349174,4.284042044674595,1000,2.4094084555517306,6.020091732516924,7.976226860421326,0.7624688347105288,0.7150477761337457,3.5791472622185685,0.914969539519094,3.903847371584367,1000
999,0.5193427681529044,1.2424554185529897,197.90479589842505,1.071985704305426,-0.05200011282469063,3.333444001882214,-1.5817492122857306,2.6204347485915394,1000,2.038298799733761,4.352504164494192,11.300732358114416,0.6629891734697473,0.5535956056465607,3.323496142893829,0.7388400197330565,3.3377575797344656,1000
