trial,linear_estimate,linear_ess,linear_max_weight,linear_boot_se,linear_ci_lower,linear_ci_upper,linear_normal_lower,linear_normal_upper,linear_boot_n,quad_estimate,quad_ess,quad_max_weight,quad_boot_se,quad_ci_lower,quad_ci_upper,quad_normal_lower,quad_normal_upper,quad_boot_n
0,0.8393191622937857,317.46761479002316,0.6542685380811528,0.19369602098885663,0.4685461699436564,1.2138455655315041,0.45967496115562667,1.2189633634319446,1000,1.1418179020033854,213.16884430218434,0.6463999407045402,0.18136323726372613,0.7975819702071671,1.5005737573349744,0.7863459569664821,1.4972898470402887,1000
1,0.4130314533553978,298.0350279422668,1.1761641181744076,0.20279797348523107,-0.007986273645154893,0.8015842874361266,0.015547425324344943,0.8105154813864507,1000,1.050302722061843,188.0503175540852,0.4595974212165582,0.15446449129713852,0.7708747402152568,1.3716880589837035,0.7475523191194515,1.3530531250042346,1000
2,0.8375774373811611,385.9991436302351,0.4314625880428413,0.2071069629859061,0.40662209618580725,1.2284488684593893,0.4316477899287851,1.243507084833537,1000,1.0971764603172585,261.9622963804261,0.30746722650406627,0.19195379510269997,0.7156337641167938,1.4588238456193805,0.7209470219159666,1.4734058987185503,1000
3,0.5130160806721649,458.2534492915227,0.20249901148585736,0.14536677396773062,0.20898709987334071,0.7814997134284768,0.22809720369541286,0.7979349576489169,1000,1.0896847499438937,296.36624882726477,0.26159501447433536,0.13341162573918183,0.8324428043271317,1.352033650391489,0.8281979634950973,1.3511715363926902,1000
4,0.7935340408662834,303.05132231563084,0.9250470034514525,0.17028843719952463,0.44471924918600014,1.1118781073749349,0.45976870395521513,1.1272993777773517,1000,1.1000581279882073,230.96352815968555,0.48857181806282723,0.16956619018543095,0.7886612384253308,1.4528621836162674,0.7677083952247628,1.432407860751652,1000
5,0.4964553313957807,319.8246346173259,0.5826719911327906,0.2431087549644959,0.0382395576838913,0.977517046384213,0.019962171665368733,0.9729484911261926,1000,1.01673181853009,163.71911168916458,0.6731233006905434,0.21472390114560663,0.6011085383647315,1.4371482055670566,0.5958729722847009,1.437590664775479,1000
6,0.40291635014404026,293.1379751567615,0.8431820589962576,0.18580097233330758,0.027119773904382066,0.7503024674184787,0.038746444370757416,0.767086255917323,1000,0.7200606743924989,175.9434644671182,1.4792591944215103,0.1986972818573662,0.371403021463291,1.133628011905812,0.33061400195206114,1.1095073468329366,1000
7,0.3885799960806491,284.6731587813887,0.8487394375358721,0.18071875717483404,0.035023214840972455,0.7193634173670488,0.034371232017974374,0.7427887601433238,1000,1.0473006466583703,201.78687825194737,0.777585265398569,0.18432755206617757,0.730230850622345,1.4601854932268457,0.6860186446086622,1.4085826487080784,1000
8,0.38132551929134184,352.46807900773166,0.42262929001553257,0.2217436207250293,-0.04572646505222082,0.8361730351538403,-0.05329197732971558,0.8159430159123993,1000,0.852694628768861,216.61125309086904,0.8031518202465588,0.19377406687053658,0.48715506986091367,1.2271293267077152,0.4728974577026093,1.2324917998351128,1000
9,0.6982334319979664,345.05922259804044,0.6347611159938846,0.19416120809029339,0.3435218242761999,1.0712525663230426,0.31767746414099135,1.0787893998549414,1000,1.1658772028706275,216.37425297432912,0.6722751662405769,0.1644062884677072,0.8304698478646794,1.4683863305788736,0.8436408774739214,1.4881135282673337,1000
10,0.6903450997786651,299.62115373924235,0.7596755111760234,0.19571241266189549,0.3263958491653665,1.0824496955973562,0.30674877096134995,1.0739414285959803,1000,1.0572867098770238,209.22230264481766,0.7030214123025564,0.18276678367441024,0.7359073835891639,1.4447889204400186,0.6990638138751797,1.4155096058788679,1000
11,0.4586601867833484,349.29235194709867,0.44480091965438046,0.19189177963184834,0.10016148404794967,0.8690886665911511,0.0825522987049257,0.8347680748617712,1000,1.0639344753071471,209.89840437833857,0.41025176631412524,0.16624660777660372,0.7350926007409269,1.3784766277116427,0.7380911240650039,1.3897778265492904,1000
12,0.7372046813592776,420.14464658729105,0.29473731799626063,0.18966474080002765,0.36141032290441183,1.094903956389004,0.3654617893912234,1.108947573327332,1000,1.147160614348278,261.3381923723189,0.3045898500800974,0.17151004843710044,0.7814213763677346,1.4503694719589368,0.8110009194115612,1.483320309284995,1000
13,0.15998618248195173,340.0558030984791,0.5806322634514434,0.19485739647792438,-0.2523822173498145,0.5069647492591751,-0.22193431461478003,0.5419066795786835,1000,0.6770598361253257,197.64548960040804,0.4684700175623174,0.13725017554619193,0.4082236156275703,0.929706790468767,0.4080494920547896,0.9460701801958619,1000
14,0.27193624698271535,410.8306967092565,0.33945030973823237,0.20808808189146963,-0.13501575843211538,0.6779253282261565,-0.13591639352456514,0.6797888874899958,1000,0.8020730511698164,246.704128742406,0.3487034249960774,0.17582976415614682,0.48202293437030913,1.1756678704201335,0.4574467134237687,1.146699388915864,1000
15,0.46442907879341266,385.4411513857087,0.4361586210567694,0.17597953663307905,0.09577692761560617,0.7837971331298866,0.11950918699257773,0.8093489705942476,1000,1.098479943468012,247.2716466866426,0.34043242363232534,0.1546150692779073,0.8080631987736696,1.4001430451653953,0.7954344076833136,1.4015254792527103,1000
16,0.6369467371326722,359.71008948371934,0.5182128791738593,0.18287440865151613,0.2573768849387488,0.9688655348983503,0.27851289617570063,0.9953805780896439,1000,1.1991286974729416,235.61307164394717,0.39448325296041864,0.16149365868562388,0.8862532695490466,1.5068397169356593,0.8826011264491188,1.5156562684967643,1000
17,0.4341889995346886,267.87015821320574,1.0938812663375894,0.2643260720574074,-0.08552836678599536,0.9893935886300725,-0.08389010169782984,0.952268100767207,1000,0.8466873703785396,215.71849127632962,0.6564541023125025,0.18913700083775914,0.5220333401201522,1.2600147947203153,0.4759788487365317,1.2173958920205474,1000
18,0.47147843642837106,275.7010932726781,1.0654854413274792,0.2837412153973816,-0.0715588474315316,1.042007140796222,-0.0846543457504969,1.027611218607239,1000,0.9426843200637478,159.10015957833969,1.268257660564795,0.31642678121338874,0.29859271450373454,1.528257240856606,0.32248782888550587,1.5628808112419899,1000
19,0.20955139749781848,287.42432898315013,0.7339087790773019,0.20568272602937263,-0.21748163939927084,0.5514145673376627,-0.19358674551975186,0.6126895405153888,1000,0.8647946096981571,156.19140321035465,0.6768785267850503,0.18300503960740022,0.47974465078894873,1.2218859442172911,0.5061047320676527,1.2234844873286614,1000
20,0.5875710680330037,400.7864901060722,0.39684266434849513,0.17853837404599635,0.23880079617055341,0.928932068399883,0.23763585490285088,0.9375062811631566,1000,1.103382046490339,279.39573319557627,0.30634320178459606,0.16420643260384318,0.7754413418489446,1.4148562666150353,0.7815374385868064,1.4252266543938716,1000
21,0.3285944256015534,296.52734123850996,0.6411095417588303,0.18721923551606365,-0.054727044912906635,0.6900101190107026,-0.03835527600993138,0.6955441272130382,1000,0.8212333475184059,217.89930788375077,0.8650382189477074,0.150707260426557,0.5028577207241062,1.0933798919656685,0.5258471170823542,1.1166195779544577,1000
22,0.7178835787582987,385.4259906485692,0.3519306446348891,0.19130968892522904,0.31981213741198666,1.065990287844471,0.34291658846484974,1.0928505690517476,1000,1.307188389471075,208.35127564084837,0.40736803333430005,0.1691716865964444,0.9700140219693111,1.6189889342889612,0.975611883742044,1.638764895200106,1000
23,0.18822930965086648,331.70930469866977,0.5890112926823939,0.20722323201759887,-0.24020643137047148,0.561989412143378,-0.2179282251036273,0.5943868444053603,1000,0.7747898634407928,218.02503343159546,0.4294746732268734,0.17582873068609126,0.43492121227471503,1.0976544909948787,0.43016555129605394,1.1194141755855318,1000
24,0.5164966605169243,378.78527920862257,0.4991254816534736,0.19113590539854516,0.13842002233641956,0.8742811533920168,0.14187028593577583,0.8911230350980728,1000,0.94834440618052,238.03622007337586,0.39173232301117983,0.1643082494785613,0.6186074437398997,1.256573796163137,0.6263002372025399,1.2703885751585,1000
25,0.3717445881681467,344.59746940321463,0.516815076858708,0.21908278762489547,-0.0714210006808653,0.804319571415751,-0.057657675576648415,0.8011468519129419,1000,0.9546785599819874,226.1792709005951,0.41699869488414365,0.1649765978965749,0.6724822156741763,1.3110973672316029,0.6313244281047006,1.2780326918592742,1000
26,0.22166469353217666,281.1321645840305,1.155974856380165,0.1697045233454629,-0.13163142042164408,0.5454351684115609,-0.11095617222493065,0.5542855592892839,1000,0.8260285141109129,213.96325443462493,0.41033514820714195,0.14867469096369804,0.5399059754197639,1.1272188494537332,0.5346261198220648,1.1174309083997611,1000
27,0.3978759791642954,301.5911017141279,0.5005430490642118,0.21589381493703858,-0.048931964396205285,0.8014681178006942,-0.025275898112300188,0.821027856440891,1000,1.1548894833941112,181.33694343950444,0.4841525244764084,0.1592915137064534,0.8456272810229153,1.4541003924972544,0.8426781165294626,1.46710085025876,1000
28,0.5045499724562745,358.86405389890393,0.38226475574968166,0.19397285367972844,0.09934617664747519,0.8761480194359064,0.1243631792440068,0.8847367656685423,1000,1.0740981554655407,226.81818301006436,0.3938959247895234,0.1457705263943959,0.7614823844138805,1.3420178262420526,0.7883879237325246,1.3598083871985567,1000
29,0.6542765442836966,298.39223907636506,0.9203601586213958,0.23852190421461994,0.1719918112528622,1.105739289705008,0.18677361202304155,1.1217794765443516,1000,0.8251311642006618,135.32230253458272,2.3121724753056694,0.4461227530475056,-0.21743125936149046,1.5617584498211416,-0.049269431772449135,1.6995317601737727,1000
30,0.6837211519909467,346.87928746281756,0.9100842047339922,0.1977723721771252,0.2862693610002004,1.0720092181740755,0.29608730252378135,1.0713550014581121,1000,1.0706538672518842,258.8721740108161,0.4173720835215725,0.17325140713087553,0.6944215684871836,1.366838231085028,0.7310811092753682,1.4102266252284001,1000
31,0.34027629082116295,423.2090402011291,0.2697747050079034,0.18833539230791874,-0.045938091448195516,0.7225949699622147,-0.028861078102357773,0.7094136597446836,1000,0.7727784051026343,254.6693738334846,0.32338850511291545,0.1599414130538596,0.4667958974283631,1.095055452346848,0.4592932355170695,1.086263574688199,1000
32,0.8659005958602961,351.1957915940636,0.5042152785031,0.20216792133123054,0.48812590466087596,1.276030122432321,0.46965147005108426,1.262149721669508,1000,1.131388714767216,193.51020231286063,0.7467505565406692,0.2091059750507965,0.7764741223329518,1.6091835234839373,0.7215410036676548,1.541236425866777,1000
33,0.4483622504545761,323.7571992077408,0.6535605421353015,0.21208698469485524,0.054936159748641016,0.8862980999748725,0.03267176045265985,0.8640527404564924,1000,0.6899872515844372,216.05197853163142,0.6840267178440016,0.20301607498463708,0.3394402945303319,1.167361799064227,0.2920757446145485,1.0878987585543258,1000
34,0.43969214522042543,304.6141090461277,0.7564878289733125,0.16517072776631866,0.10980103964348897,0.7684324283462531,0.11595751879844085,0.76342677164241,1000,0.9391944283853655,183.11351291893519,0.48926710881296187,0.15464053830785884,0.6520097481768737,1.2467326199861242,0.6360989733019622,1.2422898834687688,1000
35,0.8149314892969084,308.55310662079347,0.6282306124157804,0.22409538999895612,0.401234019615177,1.2616151719193835,0.3757045248989544,1.2541584536948625,1000,1.1002378816860565,207.08213818511956,0.7463892227586761,0.19395314615832795,0.7391855596347818,1.495199725160197,0.7200897152157337,1.4803860481563793,1000
36,0.5507280446447869,424.0680046597585,0.30482326073093374,0.20743804093139093,0.13049814667216209,0.9506555076584465,0.14414948441926068,0.957306604870313,1000,1.0828641323568358,242.36654507336587,0.34166371094896436,0.18662321328701276,0.7175481222893101,1.462636819786033,0.7170826343142908,1.4486456303993807,1000
37,0.5264618479142831,296.1405716114601,0.5664825565741468,0.19073555632781583,0.1565117085188245,0.8939769211472045,0.15262015751176405,0.9003035383168021,1000,0.9713393937565118,225.38856122518368,0.42720317481134823,0.16751303308544788,0.6399285425590723,1.2966719137327487,0.643013848909034,1.2996649386039896,1000
38,0.7122926596459696,257.8181989201129,0.9071743702500699,0.230880215363325,0.2255246171508972,1.1290165060297481,0.25976743753385256,1.1648178817580865,1000,1.0077406760902994,162.73612490089457,1.4943365075958353,0.3854385618830095,0.05938796949171291,1.474995896008836,0.2522810947996007,1.7632002573809982,1000
39,0.5663455681107545,344.79789312031926,0.5011057746865819,0.18477622867123225,0.1962807336053633,0.926973918022251,0.20418415991513933,0.9285069763063698,1000,0.9872427399569941,192.64231135357355,0.8658970039661248,0.20627601850399116,0.6261669605992186,1.3924481466042677,0.5829417436891714,1.3915437362248166,1000
40,0.2619612598579617,332.4598419478683,0.7733750458452631,0.18986185021201668,-0.11718452179953355,0.6129170580620869,-0.11016796655759098,0.6340904862735144,1000,0.7025509284988964,175.9231581642205,1.0482952244815067,0.2059886424742914,0.285171126495772,1.1167739657161575,0.2988131892492853,1.1062886677485075,1000
41,0.5152325124233297,368.1179566892678,0.39308266089833194,0.20901580347919374,0.10251566340687826,0.9234219405841363,0.10556153760410997,0.9249034872425494,1000,1.0314438167712354,198.04041882935752,0.7836449908991046,0.17337354981953898,0.6733704900977586,1.359000658501697,0.691631659124939,1.3712559744175319,1000
42,0.344932110299915,379.6154827818597,0.41481752270247935,0.1845682352814048,-0.01916282937726118,0.7121451478171482,-0.01682163085163846,0.7066858514514684,1000,0.887137690163204,233.4533540083959,0.3620151664240749,0.15924057325049848,0.5836420502217678,1.1917678274326575,0.5750261665922269,1.199249213734181,1000
43,0.5431223204780586,314.63764429143356,0.4926967748452122,0.19910764014590676,0.1859393904002075,0.937534233935699,0.1528713457920814,0.9333732951640359,1000,0.7893283643428535,192.82678164604863,0.5285460000701088,0.18706948416118702,0.4664327657731632,1.1838251230639039,0.4226721753869269,1.15598455329878,1000
44,0.5612816807686594,380.20700893612127,0.3785991055159373,0.19241091354144788,0.1867608903041226,0.9304940288640144,0.18415629022742153,0.9384070713098972,1000,0.9641692840352971,234.71414805316127,0.39357705704253043,0.17053358611521485,0.6377021466990964,1.3014938333706696,0.629923455249476,1.298415112821118,1000
45,0.4498918794212581,378.83109216043727,0.4552391867633555,0.18474001746585716,0.05552689711444312,0.7855595485028375,0.08780144518817806,0.811982313654338,1000,0.922175473499486,240.71592843511806,0.34060083033930877,0.1742551813385628,0.593122870135313,1.2456673110126348,0.580635318075903,1.263715628923069,1000
46,0.4727814558320902,414.0215186942338,0.31589362941317306,0.18501078225483625,0.11723027545972832,0.8203986603268244,0.11016032261261116,0.8354025890515693,1000,0.9415338073238311,235.5612824888488,0.32941994073613096,0.15774811506798161,0.6419683866143292,1.2512237510010076,0.6323475017905871,1.250720112857075,1000
47,0.6791483064216792,379.9447991045075,0.44831167680886164,0.16411136694662887,0.34009156007571933,0.9607101235557568,0.35749002720628664,1.0008065856370718,1000,1.1523274832624053,261.04316383846907,0.3201777488824074,0.15301231277892396,0.867395418862749,1.4397692503908646,0.8524233502157144,1.4522316163090963,1000
48,0.5514973804227177,356.8760404959146,0.4073972023380946,0.19808235673313185,0.17685666618072332,0.9495479639806068,0.16325596122577923,0.9397387996196561,1000,1.204344496357729,213.58476720650398,0.4171313874298316,0.17305852615464162,0.9028804894615196,1.5729439793468623,0.8651497850946315,1.5435392076208265,1000
49,0.1492362933576734,331.98453548255736,0.7416064729544871,0.17584490207135206,-0.222300146532611,0.48629233235868763,-0.19541971470217662,0.49389230141752344,1000,0.8663537833037038,215.35112399644458,0.6509147334280144,0.17307081474886768,0.5016905261138582,1.1705764836634793,0.5271349863959232,1.2055725802114845,1000
50,0.37546203429039826,313.389489802367,0.540092908683987,0.22191869477386988,-0.05733671890289726,0.817631151604757,-0.05949860746638669,0.8104226760471832,1000,0.7907443870490707,207.0154820612409,0.7252514653216553,0.1935653085301174,0.5041849106689995,1.26049053146748,0.41135638233004057,1.1701323917681008,1000
51,0.4986846653697272,349.5469302673764,0.5569181674042498,0.20808376718090557,0.06741489476979809,0.8713902296631174,0.0908404816951523,0.9065288490443022,1000,1.091175217069781,213.60194603542848,0.473545781647431,0.17659051358942102,0.737399631949249,1.4348111669743981,0.7450578104345158,1.4372926237050463,1000
52,0.39256626928189053,256.54255339547524,0.7259975970345642,0.184746345715177,0.015174307799338087,0.7514661095457158,0.030463431680143593,0.7546691068836375,1000,0.9192229395386535,189.67731382084455,0.48883373796008905,0.14928850748085176,0.6401119903381134,1.219614328286312,0.6266174648761841,1.2118284142011229,1000
53,0.563396126920721,322.167834680972,0.6770621048359485,0.23194046158389228,0.06656123671626363,0.9625073726336402,0.10879282221629216,1.01799943162515,1000,1.0786623926633427,218.10534166647142,0.576862760270517,0.1834354707207684,0.7016031517070341,1.409083337053813,0.7191288700506366,1.4381959152760488,1000
54,0.6357990804586855,425.1570377604619,0.33649599816777154,0.17003924519719663,0.2881980744064782,0.9378315789829603,0.3025221598721801,0.9690760010451909,1000,1.239415714117869,258.5396551456442,0.31389421559848557,0.1592819076342681,0.9524938282460067,1.5429627448995007,0.9272231751547035,1.5516082530810344,1000
55,0.5251233097828174,348.5044982120708,0.46718874224128903,0.2032760390831978,0.08928804417436967,0.9032617848440394,0.12670227317974975,0.923544346385885,1000,1.0519522534002252,211.49247075761357,0.5809184612049229,0.19459482563255123,0.6740083070211002,1.419258081945642,0.6705463951604249,1.4333581116400256,1000
56,0.46500846189577905,310.78472325765654,0.7247791462401784,0.21173609014224734,0.01915954262092502,0.8960391397128986,0.05000572521697427,0.8800111985745838,1000,0.9026328704840543,206.80026333150852,0.681794003860636,0.16960762987206413,0.5815636214680178,1.2730638363613695,0.5702019159348086,1.2350638250333,1000
57,0.22859146024917942,301.8935687098272,0.609843387491277,0.19714106501535328,-0.16135360527172474,0.5923570234402759,-0.157805027180913,0.6149879476792719,1000,0.7814960501804871,215.51656975101358,0.46847105172558945,0.17478469338156097,0.4308124354120746,1.1335034983786887,0.43891805115262755,1.1240740492083465,1000
58,0.5893496193060712,330.27210287625144,0.6992685430054995,0.15206712006488673,0.2888743006451273,0.8771046570961777,0.29129806397889324,0.8874011746332492,1000,1.0782321301615294,202.64018340976665,0.49876974200856833,0.15185175095267459,0.755024193797082,1.3550017738435838,0.7806026982942873,1.3758615620287715,1000
59,0.720130382989947,348.890677140559,0.4094002836134986,0.21496775048953437,0.30913279867650945,1.1119032907463973,0.2987935920304597,1.1414671739494344,1000,1.05533606746106,217.40749099179462,0.7510492399525025,0.16940546516871519,0.7292653499217073,1.3888616549978443,0.7233013557303781,1.3873707791917416,1000
60,0.495399645397832,287.3020867510895,1.2943875346791605,0.19280146611799986,0.09538139179007661,0.8578427982521386,0.11750877180655228,0.8732905189891117,1000,1.0226911212250238,207.49054764498752,0.7637869707703889,0.186134413630958,0.6699664414068011,1.3763450842754839,0.6578676705083462,1.3875145719417015,1000
61,0.52048887929893,445.6510959477182,0.24254852374208963,0.18111828781879816,0.15962850816894356,0.8726866038153597,0.1654970351740856,0.8754807234237743,1000,1.0505774592718633,263.41472927316505,0.29819115194945106,0.16577275286786944,0.7305345476544467,1.3869515721917578,0.7256628636508392,1.3754920548928875,1000
62,0.3732541574622088,408.70172616634676,0.3701060904952821,0.17314186134014647,0.047170206447201594,0.7290772200248367,0.03389610923552172,0.7126122056888959,1000,0.843360744781656,219.9334871952335,0.36466466044151413,0.1526686273558623,0.5640696353101916,1.1625588366318715,0.5441302351641659,1.142591254399146,1000
63,0.7136396182076168,287.84247168915044,0.7274812234495179,0.2103047438376688,0.30816543630193927,1.1404881618866651,0.30144232028578594,1.1258369161294477,1000,0.9701888851969125,199.55596408336652,0.8538275115215261,0.2014241631596587,0.6382893889810172,1.4336056265679933,0.5753975254039815,1.3649802449898436,1000
64,0.21412975560007252,441.52537024718936,0.25680327359411825,0.16638581524090645,-0.1041186470082432,0.5371666068458911,-0.11198644227210414,0.5402459534722492,1000,0.6975143531223045,276.0460176579911,0.2821336753444054,0.15712618927330366,0.40730784964275246,0.99812078327135,0.38954702214662934,1.0054816840979797,1000
65,0.4085836777473708,384.7974608697083,0.35878884732353034,0.1938254043959946,0.018953841862459964,0.8043577151980653,0.02868588513122139,0.7884814703635202,1000,1.007529266037133,185.82478209606228,0.4918383550115253,0.172774517065558,0.6596730918651103,1.3385868879957434,0.6688912125886395,1.3461673194856267,1000
66,0.5727033972877087,300.3589909592202,0.9387527655675412,0.21788347726469817,0.14546074059855896,1.0039984036209957,0.14565178184890026,0.9997550127265171,1000,1.0420924583992055,210.6638882720535,0.8200668407748062,0.2074920316052122,0.670067188012186,1.487454826084422,0.6354080764529896,1.4487768403454213,1000
67,0.4986464577536971,458.7674653949822,0.23375661502617015,0.17055794885569012,0.1698689326350285,0.8457723077629914,0.16435287799654447,0.8329400375108498,1000,1.0984692761387913,250.7026943202885,0.33417034103325327,0.16354836451982543,0.7807780561690455,1.4182969710375568,0.7779144816799335,1.4190240705976491,1000
68,0.5941583946757274,275.3037484681458,0.7907204273901871,0.24595540137911764,0.18451913699320616,1.1279935719977674,0.11208580797265683,1.076230981378798,1000,1.0309898038329157,184.03072357732407,0.7836205903309948,0.24743053353498942,0.6499917922891416,1.6700562244769481,0.5460259581043365,1.515953649561495,1000
69,0.5609498955300727,374.3059540639601,0.37973504263072017,0.21150189033649308,0.14883602778031058,0.9789792420048299,0.14640619047054626,0.9754936005895991,1000,0.830183418682866,235.3367370608834,0.8194553161781821,0.2349016117697918,0.35589032217769667,1.200279366355492,0.3697762596140741,1.290590577751658,1000
70,0.672871395721089,369.714669686752,0.46348691520590246,0.2211487483810757,0.28524117035807134,1.1447091268548772,0.2394198488941806,1.1063229425479975,1000,0.916081883059471,207.44362061143946,0.821892860305299,0.22866533775324166,0.49480997149353934,1.3936612932459624,0.4678978210631174,1.3642659450558248,1000
71,0.2192580511612925,275.1829114716725,0.7303274909753236,0.1995484217884986,-0.2064696136945651,0.5926039666484149,-0.17185685554416474,0.6103729578667497,1000,0.8859158578361206,164.99340433711194,0.5635745193505755,0.1819562104191102,0.5185502894168394,1.2373795401880878,0.5292816854146646,1.2425500302575765,1000
72,0.5131993854981647,338.86676207743204,0.5808136154824721,0.19949845752744363,0.14910592023980745,0.9165852154219838,0.12218240874437519,0.9042163622519541,1000,0.9899583449393292,216.92842684575172,0.6112846041550011,0.18329650243486983,0.6530254515187939,1.3701872236968273,0.6306972001669844,1.349219489711674,1000
73,0.20142473029616736,294.3065036178417,0.7582266911397962,0.22067444754238782,-0.23907487348074952,0.6413765532723955,-0.23109718688691278,0.6339466474792474,1000,0.6121103585370888,193.47742045931054,0.6711493874031493,0.21106241153886213,0.17402184482049365,0.9505234788014411,0.19842803192091907,1.0257926851532586,1000
74,0.34943548408403036,278.80814327585347,0.7429201618166245,0.18190787443267772,0.019690462699549487,0.7305750110695332,-0.007103949804017962,0.7059749179720787,1000,0.9259218528363227,147.53350100455881,0.7719305029227406,0.16455188323496966,0.6009726921219153,1.2597803414640276,0.6034001616957821,1.248443543976863,1000
75,0.4675075071247119,291.1922872228081,0.7698107344628293,0.2092091534501468,0.028048570141873598,0.8406899723573955,0.05745756636242422,0.8775574478869996,1000,1.0597383740672028,236.81357012428376,0.516506291316285,0.16446846070235271,0.7138638597609689,1.3724026194193406,0.7373801910905915,1.3820965570438142,1000
76,0.09684942386586792,301.7189406253562,0.645188763969786,0.22247643928400349,-0.35726322382425213,0.5050035833401045,-0.3392043971307789,0.5329032448625147,1000,0.9579737865537981,149.32035082259185,0.6632194443385507,0.17606812148770604,0.6059600475612777,1.321493960717466,0.6128802684378942,1.3030673046697019,1000
77,0.38238224930137,381.3745055258945,0.45522653063677593,0.19036315308276652,0.03607416202616562,0.7620913186557672,0.009270469259147596,0.7554940293435923,1000,0.8982526226311522,228.16011835030457,0.39459938431259317,0.18025772546026972,0.5838893432979112,1.303747470770406,0.5449474807290235,1.251557764533281,1000
78,0.2858863209261324,319.2979212482489,0.6045951740899895,0.1865729935303113,-0.0731790728652283,0.6309062469041798,-0.07979674639327772,0.6515693882455426,1000,0.9869258839202804,159.5109777070587,0.8744018671981426,0.20543065891855197,0.5930685406520406,1.411322857674296,0.5842817924399185,1.3895699754006423,1000
79,0.5822765582385312,293.7203008447381,0.5723493453778675,0.1725601842404338,0.24722193115900884,0.9105449132487692,0.24405859712728095,0.9204945193497814,1000,0.9564471075282457,220.58936612271563,0.40353962426831647,0.1448274701089314,0.6810729302725905,1.2471156109316945,0.6725852661147401,1.2403089489417511,1000
80,0.5109971709860934,290.65525376724753,0.8911419121496772,0.2231192996070462,0.09016865493592015,0.969597957321886,0.07368334375628288,0.9483109982159039,1000,1.1077030419063894,194.75399710774036,0.47582138483450265,0.2002916836056247,0.7557618396633066,1.5363078308865108,0.715131342039365,1.5002747417734137,1000
81,0.1195685995842779,426.1865264908084,0.3520200090269423,0.17184266202925538,-0.23302196407082054,0.4498379129941055,-0.21724301799306267,0.4563802171616185,1000,0.6671881222470168,261.5544331447517,0.33798188728703427,0.15246997338563187,0.3545529233052794,0.9433579168504647,0.36834697441117836,0.9660292700828553,1000
82,0.4276412390729041,355.1685771664952,0.5257785549544843,0.17671443291998043,0.04859141646173597,0.7541795716890961,0.08128095054974244,0.7740015275960657,1000,1.0303597080863582,218.79968547526133,0.3895094723847687,0.1565733686212376,0.7249523407350653,1.3146053979317698,0.7234759055887325,1.337243510583984,1000
83,0.5559295182411552,336.86688238049675,0.47372514392064347,0.1687356395011004,0.22092973047322328,0.8760018288147239,0.22520766481899845,0.886651371663312,1000,1.1283112489338127,195.5027773662627,0.5188176488566967,0.15489855161144903,0.832873660625331,1.427788889131422,0.8247100877753726,1.431912410092253,1000
84,0.405436767465706,436.5215616996815,0.2731822357235844,0.22262957904186745,-0.03375540143166536,0.8778883400348446,-0.03091720745635418,0.8417907423877662,1000,0.7827546458241716,293.87842789988866,0.27075960465980836,0.19084181102396755,0.4291871371956765,1.1738554272383632,0.40870469621719524,1.156804595431148,1000
85,0.41156290564509224,406.84707654961926,0.347557430446575,0.17489621503379688,0.08331475418137874,0.7636567135004917,0.06876632417885037,0.7543594871113342,1000,0.8065266629587713,250.06342476574991,0.34756928272473864,0.1653038626905248,0.491583874122833,1.1270355938498091,0.48253109208534267,1.1305222338321999,1000
86,0.6373618207546952,310.94241632294194,0.7418229738278507,0.20020286272234092,0.21460751486359245,1.0023995237543517,0.24496420981890699,1.0297594316904832,1000,1.02661271636833,228.8726972001735,0.4618958516424598,0.17659043240693098,0.6754802479280334,1.3820723849911405,0.6804954688507454,1.3727299638859147,1000
87,0.6977514604924879,319.64074739958517,0.8222799615762315,0.19158588543075253,0.32469600833409906,1.0688859087830587,0.322243125048213,1.073259795936763,1000,1.1917865038869087,234.49544784352372,0.38339157070907903,0.17286483997931876,0.8847080702960347,1.542989697356116,0.8529714175274439,1.5306015902463734,1000
88,0.16535718377733089,343.94229873900235,0.5266077783666252,0.18762036567813936,-0.202218120073093,0.5191410938668904,-0.20237873295182224,0.5330931005064841,1000,0.8428662582797353,179.3520606654655,0.49928942047232067,0.1697256708465684,0.5033044153124294,1.1692770764587124,0.5102039434204613,1.1755285731390093,1000
89,0.19881653889760909,420.93996096889936,0.28693352933715205,0.17500733588344786,-0.16382040667753545,0.5296396167969649,-0.1441978394339487,0.5418309172291669,1000,0.7822645576778307,218.320942057769,0.4108065235344999,0.15288277562321237,0.4993796438510798,1.0762622249631466,0.48261431745633443,1.0819147978993269,1000
90,0.4708970508792567,360.50534519035955,0.4630376947096415,0.18845459228295314,0.08015709279361849,0.8336391154888758,0.10152605000466858,0.8402680517538448,1000,0.9378424097590154,208.45389166680755,0.41041583128806725,0.16925512743549745,0.5892438295720897,1.2532395640144463,0.6061023599854405,1.2695824595325904,1000
91,0.7738610270965269,283.88679197299024,0.7059695910397444,0.17524750522487775,0.4449144645321573,1.1261423544464406,0.43037591685576654,1.1173461373372873,1000,1.1173264055574772,205.74625830678204,0.601971453592179,0.15399883833589673,0.8278274732278942,1.440442166336177,0.8154886824191196,1.4191641286958347,1000
92,0.34842517042187593,400.06856874961835,0.34742957557952003,0.17984059283749376,-0.034330166535945124,0.6872572777789351,-0.004062391539611854,0.7009127323833637,1000,1.0232079993052792,251.27193572181238,0.3367523691435139,0.1565919369155682,0.7193725139177904,1.3294563923629132,0.7162878029507656,1.3301281956597928,1000
93,0.6366968820172607,308.5588010502119,0.7704729193218539,0.19841852349589162,0.2274074908947382,1.0392627156801457,0.24779657596531313,1.0255971880692083,1000,0.9766790651796771,171.60820962226086,0.8120502097662802,0.18563477524890856,0.6281417748267688,1.3579264048620685,0.6128349056918163,1.3405232246675378,1000
94,0.41113234307759283,302.4039657475443,0.6729019327134383,0.17081541638896597,0.06983613280051504,0.7157630648851914,0.07633412695521952,0.7459305591999661,1000,0.9712813412160095,187.55718029549175,0.6141828022777204,0.16720794227584293,0.6486263434073379,1.291643718467841,0.6435537743553574,1.2990089080766616,1000
95,0.8716541552318784,337.34714859908263,0.5762674265248424,0.21409964655814012,0.5242379211621351,1.3701057371788408,0.45201884797792374,1.291289462485833,1000,1.3339606830372963,193.81132027404465,0.5700564868698321,0.19927243600310937,0.9903857718094445,1.7718388270808563,0.943386708471202,1.7245346576033906,1000
96,0.6405755587769271,428.29169416837425,0.25850773404394295,0.19343659278844164,0.2569581965516125,1.0316976579471835,0.26143983691158146,1.0197112806422726,1000,1.1090083577562946,187.65423293756882,0.6360559245453176,0.1768553911779736,0.8075140079676701,1.4996076748951734,0.7623717910474663,1.4556449244651228,1000
97,0.48324933126991976,351.5436032396532,0.5492958655111783,0.18135633275954638,0.1516242475280961,0.8442647455051489,0.12779091906120887,0.8387077434786306,1000,0.8982613658974135,196.15450578795728,0.4455763211528365,0.17230697361904157,0.5871363925371731,1.2593824695593476,0.560539697604092,1.235983034190735,1000
98,0.4959449701076273,432.7192412521278,0.296398129625413,0.1903589618691666,0.1302315265234414,0.8637496430276776,0.12284140484406075,0.8690485353711939,1000,1.0686772429314992,247.19234267950108,0.3046172921123324,0.16619428263285974,0.752276634433852,1.3887584296628612,0.7429364489710941,1.3944180368919044,1000
99,0.5653637847498043,324.884865636016,0.5777864377423857,0.18120250985725544,0.17499379764653014,0.9061460837583319,0.21020686542958367,0.920520704070025,1000,1.0805065546614538,200.8054405874452,0.5108626615091345,0.18119647346679768,0.7146079363344315,1.3931149596097494,0.7253614666665305,1.4356516426563772,1000
100,0.12441895741036468,387.9385132253131,0.4011994458568314,0.1972352381267849,-0.2745221550759798,0.5028017644492202,-0.2621621093181337,0.511000024138863,1000,0.6664108157135566,230.0185775879182,0.3625294029802284,0.18100844497016003,0.3025589523271878,1.0200149707801718,0.311634263572043,1.0211873678550702,1000
101,0.5337387478289757,255.78690889361687,0.9417668544184743,0.20589965318664674,0.1479112555912052,0.9328604097621327,0.1301754275831481,0.9373020680748032,1000,0.9164842394333279,196.9179547065478,0.48724957607151265,0.16716410520826794,0.6386662120845449,1.278165089597022,0.5888425932251228,1.244125885641533,1000
102,0.7640510666683604,404.70592160628917,0.38857771845515154,0.17822159778528376,0.38187601618586337,1.070828257763538,0.41473673500920427,1.1133653983275167,1000,1.1206405853432275,287.39382159637245,0.280567137065943,0.16959372454479343,0.7839479857108052,1.4450560950500013,0.7882368852354324,1.4530442854510226,1000
103,0.31226833671446874,376.35393483152194,0.38230920210536296,0.18872971113823422,-0.04879477376506263,0.6901890658736686,-0.05764189711647033,0.6821785705454078,1000,0.9321394361353978,221.560455903204,0.3910671355708084,0.16220086006658466,0.6164364811913708,1.268449158115191,0.6142257504048919,1.250053121865904,1000
104,0.41614896470272633,379.36657035969955,0.4144646802654863,0.16514563955950812,0.08794500415806086,0.7306235781958046,0.09246351116609042,0.7398344182393622,1000,1.0539377182146485,173.9300069900037,0.5245183780720164,0.1766766359997599,0.7277456467907089,1.4140267527030312,0.7076515116551192,1.400223924774178,1000
105,0.7739624721726313,385.1991116525101,0.37619661593793213,0.17868622990670344,0.4129894626669107,1.121594085927162,0.4237374615554925,1.12418748278977,1000,1.1639991849441187,262.96723690462187,0.4425055113094482,0.16245569839334575,0.8686798907656438,1.4983174545281266,0.845586016093161,1.4824123537950764,1000
106,0.7995576909351514,385.0707759026512,0.5473325085032534,0.21699994101880535,0.3331978566541609,1.2053599788939855,0.3742378065382929,1.2248775753320098,1000,1.2179480828814278,243.8697656739926,0.3962521912533985,0.16895989592842725,0.8608168690843567,1.5423236784483934,0.8867866868617104,1.549109478901145,1000
107,0.4289268075237702,400.19342415407664,0.3300765157824021,0.19718991199192218,0.052535569537011696,0.8029148182777665,0.04243458001960276,0.8154190350279377,1000,0.8880366432521218,220.14383200996147,0.415262971014697,0.16643396123610954,0.5786881720152819,1.2323364308757243,0.5618260792293471,1.2142472072748967,1000
108,0.6586101604310364,280.0657574881636,0.8664954967376599,0.18786416117568147,0.30500280625818266,1.035818752230339,0.2903964045267007,1.026823916335372,1000,1.1587156990133103,172.07491490093676,0.6064239957408607,0.16937134699585635,0.843162631218816,1.5060767575805845,0.8267478589014319,1.4906835391251887,1000
109,0.5168498707795322,299.38612065460234,0.5099838989771629,0.18385706126323134,0.14197529570135944,0.8632423306145798,0.15649003070359874,0.8772097108554655,1000,1.1128182247558303,175.2818766366535,0.5099464824529305,0.1621906739948723,0.7802661968431022,1.4282461609901638,0.7949245037258805,1.43071194578578,1000
110,0.613444265986129,359.0808518256494,0.39235406906054454,0.22618197685458238,0.0711907209439872,0.9870714889911486,0.17012759135114752,1.0567609406211105,1000,1.0780781088401308,240.94651078556075,0.45654633915557286,0.16611197953267443,0.752947939237397,1.3892433596855818,0.7524986289560889,1.4036575887241727,1000
111,0.39372091008835763,404.02936002460734,0.3148506245942895,0.17393463734881107,0.039028425041123485,0.7248256694714994,0.052809020884687974,0.7346327992920273,1000,0.8812356585790995,233.07343028942748,0.3465437247058736,0.16354014081858892,0.5624266626822576,1.205402280436738,0.5606969825746653,1.2017743345835337,1000
112,0.3240388677999273,389.5016322393812,0.5179146896225378,0.15913283500468392,0.013682965100700219,0.6165073828923523,0.012138511190746826,0.6359392244091078,1000,0.9367322685438162,163.3617348184338,0.5697617510485408,0.1796106218718013,0.5785529063983127,1.2775481435693694,0.5846954496750856,1.2887690874125468,1000
113,0.3949427365299685,332.9247742914039,0.5168967321514634,0.20756673690790495,-0.0737253206880422,0.794179491351688,-0.011888067809525227,0.8017735408694622,1000,1.0167420893596208,177.9391436006407,0.4779037953922636,0.17750492603047704,0.6608411402925862,1.3556484776691107,0.6688324343398859,1.3646517443793558,1000
114,0.37104843344107863,395.56263864193994,0.36373673534030165,0.17990573135927457,0.02880098686090166,0.7450290111328034,0.01843319997690046,0.7236636669052567,1000,0.7730934808055578,252.73611768718274,0.4367387585693583,0.1681685275382961,0.4391369844319323,1.0933498254864158,0.44348316683049754,1.1027037947806182,1000
115,0.8033784641533783,376.9995313069365,0.4417117287548103,0.1815600359988867,0.4633278904815788,1.1575507828815133,0.4475207935955604,1.1592361347111964,1000,1.1267247223146843,248.62970544516048,0.359570800715518,0.16123048341256763,0.8292239681676922,1.4487971335506402,0.8107129748260518,1.442736469803317,1000
116,0.366666931988477,328.00659772675203,0.6975796703955051,0.18687680156427505,-0.0058016279388822135,0.7575288671158116,0.00038840092249792235,0.7329454630544561,1000,0.9026155261940518,184.62923709529323,0.7828540318506176,0.229891661636745,0.4610525978333181,1.2691147827735778,0.4520278693860317,1.3532031830020719,1000
117,0.4729011094048454,296.3197649693725,0.764415521093985,0.2261169938584519,-0.02437522998976782,0.8861997329053762,0.029711801442279695,0.9160904173674111,1000,0.9479009990749296,208.90021208423906,0.45014529452936014,0.1578241971135023,0.6594217457899493,1.2659566183968014,0.6385655727324652,1.257236425417394,1000
118,0.5213346184257577,332.23201745648583,0.49166564437264615,0.19182788226458275,0.16436228040485404,0.908182525601422,0.14535196918717552,0.8973172676643398,1000,1.0179323126409994,227.764961909566,0.3675488997732746,0.15830502037963745,0.7185554167505718,1.3438348536448645,0.70765447269691,1.328210152585089,1000
119,0.6798085239655558,346.5143709242837,0.678988277172813,0.19575518151966131,0.2964532066385959,1.0577869572019618,0.29612836818701965,1.063488679744092,1000,1.0276071703649383,205.4853464284783,0.6412178542151217,0.20041453694477712,0.6656403738784558,1.4323521860443447,0.6347946779531752,1.4204196627767014,1000
120,0.5718888573904461,317.19427022527526,0.8328623689095296,0.19180261132472237,0.2248391630422596,0.9649625974554487,0.19595573919399029,0.947821975586902,1000,1.0500002267119068,212.7633613777023,0.406298558732604,0.17646825149110335,0.7592867676311192,1.43411909715751,0.7041224537893442,1.3958779996344695,1000
121,0.5668397093958384,359.3054990518861,0.39204837511558077,0.21170091787742487,0.1350322156642601,0.9541316258949348,0.15190591035608564,0.9817735084355912,1000,0.8796999642967442,222.66687520510558,0.91509286086247,0.19316007846872263,0.41102065572870017,1.2031285090662418,0.5011062104980479,1.2582937180954405,1000
122,0.5534365054133659,439.2445069741641,0.252968238841813,0.176836654534567,0.20634037899020996,0.8920438249008058,0.2068366625256145,0.9000363483011172,1000,1.107007802310164,221.4969546532797,0.46774852735387346,0.19264529934207,0.7687031369587148,1.548734805312252,0.7294230155997068,1.484592589020621,1000
123,0.6997024435614092,328.6510836251687,0.723768937110721,0.2323802140773773,0.2408325672836008,1.1521568147895265,0.24423722396974973,1.1551676631530687,1000,1.095803694120069,221.18133608827935,0.9917905580662278,0.2645673827553524,0.7001622438077596,1.4849631710560547,0.5772516239195783,1.61435576432056,1000
124,0.5187330709149958,297.2936455169534,0.5945229542056775,0.22016333860642387,0.08498442639065631,0.935229685808929,0.087212927246405,0.9502532145835865,1000,0.7912867807642936,163.65114234747966,0.7351983714441629,0.18428951936323623,0.40328969361035943,1.1341077388579093,0.43007932281235056,1.1524942387162367,1000
125,0.5619433289744848,339.82550942069213,0.5431748117185642,0.16811060274887973,0.22221058462508503,0.8743545621237734,0.2324465475866806,0.8914401103622891,1000,1.0553839586985143,247.86484447733378,0.344242719842455,0.1544859529828866,0.7365463174769856,1.3408135714121008,0.7525914908520566,1.358176426544972,1000
126,0.8519772426373384,404.1228851093874,0.32547424174596556,0.19008597584709436,0.48022963329044044,1.2055494158170332,0.4794087299770335,1.2245457552976433,1000,1.1412629473777018,265.3270085978865,0.31777930696810236,0.15673998575202658,0.8327781535413993,1.4417596890440143,0.8340525753037298,1.448473319451674,1000
127,0.5715900813699792,305.86270835151356,0.6445427709180285,0.18543737409904412,0.22167654602479797,0.9424043805130313,0.20813282813585277,0.9350473346041057,1000,1.1193544088614034,198.4683912941774,0.45698400067525485,0.15485452489657447,0.8337895918843375,1.4385311221937718,0.8158395400641174,1.4228692776586893,1000
128,0.5383378817891455,305.90165917573484,0.5655522071005891,0.18587800077598757,0.1818397090522854,0.9083322577480317,0.17401700026820993,0.9026587633100811,1000,1.0451496223057175,213.82445590742884,0.45928499640249304,0.16554957386284813,0.724800905133084,1.3798320476783568,0.7206724575345351,1.3696267870768999,1000
129,0.3838474725116776,433.8420956830921,0.3468861487378538,0.2082350675926962,-0.021903971058073277,0.790444720853389,-0.02429325997000692,0.7919882049933622,1000,0.9129703238161424,231.61230607970305,0.36568553295819356,0.1481258307141854,0.6177444092545953,1.1988243448815703,0.622643695616339,1.2032969520159458,1000
130,0.7711866651814647,327.93701013778536,0.6656441484200872,0.15950616384930852,0.44522877692411766,1.092714494511188,0.45855458403682003,1.0838187463261093,1000,1.1785624526873213,227.03012019287908,0.5070769556858603,0.16386184506413345,0.8598517708198924,1.5077586193191015,0.8573932363616197,1.499731669013023,1000
131,0.6968804651494556,373.70181552149774,0.3657986316742778,0.1736797915493963,0.3392237776173005,1.007381542974019,0.35646807371263883,1.0372928565862722,1000,1.023498050794141,221.31563582832592,0.4179236439585474,0.16916350895632026,0.6836710037264132,1.3301396893957562,0.6919375732397532,1.3550585283485286,1000
132,0.5667846182205785,387.7581346282865,0.4003207778417514,0.1944176905938887,0.18073986743566292,0.9534991267237736,0.18572594465655662,0.9478432917846003,1000,1.1754733821443484,186.72179575514096,0.46312969370777685,0.17424324106517622,0.8048982314327985,1.5214300414788082,0.833956629656603,1.5169901346320938,1000
133,0.41767127035048857,357.63884083415894,0.47140651741942247,0.19021319297968964,0.057077556087744605,0.7937820969277215,0.044853412110296864,0.7904891285906803,1000,1.0844023061809072,194.23415607067665,0.7208022608640096,0.20933440443463452,0.7623149940688948,1.6264854714585482,0.6741068734890234,1.494697738872791,1000
134,0.6346468766858133,351.4243544435253,0.683960984395188,0.1792317147593365,0.27722635363641834,1.0080561495041522,0.2833527157575138,0.9859410376141129,1000,1.1146557064690885,239.61392951068436,0.36076754001637606,0.1666480710938938,0.8060143643645068,1.4808658353990705,0.7880254871250567,1.4412859258131203,1000
135,0.5273847369248092,326.0075511510113,0.5137175548811457,0.1759021449718855,0.19269344292574106,0.850077692247835,0.1826165327799137,0.8721529410697049,1000,1.058010795494699,196.83212337295927,0.44605950240802394,0.1511193215523896,0.7808051815658262,1.3580114445701195,0.7618169252520153,1.3542046657373825,1000
136,0.5819671705931984,331.048711828757,0.5761190992751644,0.204548139724149,0.2031339857878005,0.979273980416389,0.1810528167338663,0.9828815244525304,1000,0.9287372613977332,182.5986145108907,0.6736588199704603,0.18781005867563416,0.6035899648676519,1.3353041824594274,0.5606295463934903,1.296844976401976,1000
137,0.6239565320822562,294.9383039142543,0.8682613910148177,0.29609880159260216,0.16518563507871992,1.3229062412153672,0.04360288096075604,1.2043101832037564,1000,1.0654743730305714,190.6310530157484,0.5641877125540946,0.31147764383107573,0.7268726152806938,1.9161276956850617,0.45497819112166293,1.6759705549394797,1000
138,0.9541467711574119,376.8495765174791,0.36583432127297577,0.18423441411076308,0.573507439610297,1.291176490146057,0.5930473195003163,1.3152462228145074,1000,1.2562552755951626,172.5806452840007,1.1926229208946142,0.30339495817394263,0.42317019179703264,1.674194806085155,0.6616011575742351,1.85090939361609,1000
139,0.7084206334546872,291.23556544842785,0.6926686435865264,0.1787481781515877,0.3571731913990801,1.052089665252604,0.3580742042775753,1.058767062631799,1000,1.1568138737548632,167.18236023997142,0.7696309951643292,0.2839775885428079,0.6944361684677425,1.5284928098959274,0.6002178002109597,1.7134099472987667,1000
140,0.8662412649559261,295.45116688291785,0.9222799283037654,0.19227331177155468,0.4751576052213089,1.2387792923587726,0.489385573883679,1.2430969560281733,1000,1.3686691950661052,222.45907412377625,0.6409169142562047,0.20040911649684418,0.958969510858211,1.7277719419183508,0.9758673267322906,1.7614710633999198,1000
141,0.4929573394479392,359.58868444135555,0.4935032360681497,0.2113383218378237,0.09034769105659142,0.8885923389308058,0.07873422864580476,0.9071804502500735,1000,0.837311614279435,286.1918605545557,0.3300200146558179,0.1640580975647614,0.49809393055827683,1.1404752571189403,0.5157577430525027,1.1588654855063674,1000
142,0.8810078894918609,353.17489120922863,0.41652699608419186,0.22188535038243376,0.4874696491221938,1.3414425040068185,0.44611260274229075,1.315903176241431,1000,1.2057826492715882,257.8458155833842,0.44869195421919883,0.20696136526194128,0.8617875854464234,1.687441421764442,0.8001383733581833,1.611426925184993,1000
143,0.3173035412155447,395.04174993801126,0.36165330717421346,0.17842447858565713,-0.02077540922056067,0.6643619435055191,-0.03240843681234323,0.6670155192434326,1000,0.9892909459784613,220.95548782538606,0.3884843355940422,0.15749718587274603,0.704167701302513,1.283658675805213,0.6805964616678791,1.2979854302890437,1000
144,0.5102692656489656,346.91903247565324,0.5620771742347709,0.17482824090188082,0.17167266320363322,0.8464984422812357,0.16760591348127918,0.852932617816652,1000,0.9478521011589036,204.04086789827332,0.4568862056032685,0.16166661350762285,0.651912072178841,1.2771737896984305,0.6309855386839629,1.2647186636338443,1000
145,0.6457530406592231,388.92246672455633,0.4279057262268754,0.183435196485559,0.2809208297436583,0.9762759852010161,0.2862200555475275,1.0052860257709186,1000,0.879809129522461,268.0619496283568,0.5566922521133566,0.1654580391194738,0.5626242370002593,1.2099251995402072,0.5555113728482924,1.2041068861966298,1000
146,0.4454401608615717,347.2879302087724,0.46174087315891055,0.17533228243160992,0.07413307066518161,0.8006468904303178,0.10178888729561625,0.789091434427527,1000,1.017465914491948,243.11137214465424,0.33105711793891773,0.1514978077801825,0.7113121187059003,1.312454652369448,0.7205302112427903,1.3144016177411058,1000
147,0.1641076518209621,361.98553406154383,0.6088063551936536,0.1816762208566225,-0.1929645496570106,0.4851422828043584,-0.19197774105801796,0.5201930446999421,1000,0.7994400379639419,197.51133265144492,0.4824063404408518,0.14420830480364016,0.5147732497026346,1.0706902525692534,0.5167917605488073,1.0820883153790766,1000
148,0.3476340477598314,327.1027182356444,0.9127184239836893,0.24291276992174998,-0.15336867932380605,0.8296977547017796,-0.12847498128679852,0.8237430768064613,1000,0.8906082105672515,243.58610671088007,0.41409417139279825,0.16444977311873646,0.5756890706979376,1.2320229906812776,0.568286655254528,1.212929765879975,1000
149,0.3223497087124634,364.41094464321895,0.5232170681844878,0.20326607847811975,-0.10744176800969087,0.6741841880910728,-0.07605180510465132,0.720751222529578,1000,1.0444554667219772,214.41448733475988,0.4133014399365532,0.18695982567889535,0.6718145316369712,1.402496003643327,0.6780142083913423,1.410896725052612,1000
150,0.49280719938049256,404.9521391145135,0.3959077753784989,0.22307354635036789,0.023270401303195895,0.9247369253521895,0.055583048533771495,0.9300313502272136,1000,1.033047707356436,227.3614616738459,0.5864972187058435,0.20762975520681898,0.645479437599287,1.4598853638016527,0.6260933871510708,1.440002027561801,1000
151,0.49215843685362604,282.3219451928433,0.8725519672977157,0.22583361910093339,-0.004258881095418672,0.9134057691568496,0.049524543415796596,0.9347923302914555,1000,1.1609842487892825,168.0635124765305,0.5736756449497756,0.18225465890535383,0.8124955225991043,1.526627935597496,0.8037651173347891,1.518203380243776,1000
152,0.47994442071741084,411.47929461962025,0.3420534734112477,0.20771338997265207,0.06385898685851928,0.8920124850669021,0.0728261763710128,0.8870626650638089,1000,0.9308467914541216,231.01928864393568,0.5160050225224841,0.16053356204163186,0.6259555862091833,1.2464419646482674,0.6162010098525232,1.24549257305572,1000
153,0.45073743572548475,328.76526891102674,0.5109501910507215,0.1712092942605632,0.10876086325619538,0.7884989975974456,0.11516721897478088,0.7863076524761886,1000,0.9501363247138248,207.72336968337055,0.4327320396909163,0.15834987881873772,0.6671616099136003,1.2753775325171186,0.6397705622290989,1.2605020871985508,1000
154,0.5544261779835651,317.4369791397266,0.430554218671803,0.22299451638123824,0.17674453973335885,1.0355757016542035,0.11735692587633817,0.991495430090792,1000,0.9607568521220027,205.77647675775728,0.5358636159091236,0.2376781386042668,0.6115187514514483,1.547448646428835,0.49490770045763977,1.4266060037863655,1000
155,0.4645769065478689,332.33912275035453,0.6079073873996093,0.21367093939303036,0.00048742237549041686,0.8531484731898956,0.04578186533752937,0.8833719477582084,1000,1.0098015423112736,217.64528003914262,0.5721116975743532,0.1647308048527866,0.640032050136176,1.312909276446549,0.6869291647998119,1.3326739198227353,1000
156,0.42735979916915845,375.5281967411649,0.4660761702109456,0.20478541050097437,0.0130934044249747,0.8102754739092483,0.025980394587248656,0.8287392037510682,1000,0.906537590586213,221.80697953896967,0.43577567473657164,0.18293366189839183,0.55157742540388,1.2433818194528194,0.5479876132653649,1.265087567907061,1000
157,0.6334130013593158,403.11370498226086,0.3544585599439662,0.16182865216109896,0.29248538455951006,0.9268896637352609,0.3162288431235618,0.9505971595950697,1000,1.1970982840439204,211.092822737686,0.4070799104168868,0.17857302533545952,0.8357853336166416,1.5466290579585775,0.8470951543864198,1.547101413701421,1000
158,0.4156406429295476,297.103148445881,1.0128440837082997,0.20854790048366348,0.013751527243475944,0.8368763120491218,0.006886757981567182,0.824394527877528,1000,0.8640737691385434,225.25504799349602,0.5849760653066027,0.17101699566373618,0.5381443573064156,1.2041697958791913,0.5288804576376205,1.1992670806394663,1000
159,0.9198971834680942,403.6229550904678,0.36598632957014127,0.18088570000445395,0.5948969369677339,1.3083222869487101,0.5653612114593645,1.274433155476824,1000,1.4070952983611882,287.7712235895381,0.4366900323013873,0.19143991864283744,1.0851439232359512,1.8443176724053818,1.0318730578212267,1.7823175389011496,1000
160,0.36727235430079697,343.32328895540536,0.4499643503531866,0.17987849347015117,0.015768031857540755,0.7161805136604817,0.014710507099300663,0.7198342015022933,1000,0.795689124421715,223.77250180413134,0.40570486147311957,0.15655146322353147,0.5036285917765121,1.103034780745688,0.4888482565035933,1.1025299923398366,1000
161,0.516519847465255,372.8623549213443,0.49937316117452957,0.18958139837587312,0.13647829901305725,0.858382500059378,0.14494030664854374,0.8880993882819663,1000,0.8359913069252287,217.14183694740112,0.8057851840146083,0.1754572140484418,0.4957013980442206,1.180032696385999,0.4920951673902828,1.1798874464601745,1000
162,0.7582665740869667,349.8835220984664,0.4931336045879017,0.17483589655057907,0.40996877912885954,1.0979126255648972,0.41558821684783176,1.1009449313261017,1000,1.0169083604037668,252.06277970003475,0.5842536599312278,0.1619271675572213,0.6978995959844811,1.3143356726438302,0.699531111991613,1.3342856088159205,1000
163,0.7751656831275606,375.4601533342796,0.37184814461186794,0.1677859489037549,0.4507499606660003,1.0906967217520793,0.44630522327620104,1.1040261429789202,1000,1.2253384393313445,196.55935286242982,0.45906771973839305,0.1516977193250837,0.9240697650984162,1.5387124165857982,0.9280109094541804,1.5226659692085085,1000
164,1.0003345201563474,317.1774757235508,0.9516337636279282,0.19080965956148588,0.6466068872437247,1.3966718782904262,0.6263475874158351,1.3743214528968597,1000,1.5412618115851093,211.0609682064985,0.5832414793411577,0.18820263074349688,1.2148817948587292,1.9586028420038306,1.1723846553278554,1.9101389678423633,1000
165,0.3530782255635221,409.83788399800324,0.38975533940769025,0.18735134464045203,0.010597113123562086,0.7427300308219537,-0.014130409931763899,0.720286861058808,1000,0.8242157009742161,230.79708200288334,0.40942811325422984,0.17265251417834002,0.5459275544911211,1.1903695737989655,0.4858167731846697,1.1626146287637626,1000
166,0.7360340824143896,378.07939247180235,0.492453692847047,0.19545930483872845,0.3428235887018444,1.1204013250080362,0.35293384493048185,1.1191343198982975,1000,1.1322621311799828,245.58248990306723,0.744997856393691,0.18021634857754704,0.7963679031333678,1.4926770112132872,0.7790380879679906,1.485486174391975,1000
167,0.5518436114061136,316.3891332781669,0.7068904164060612,0.22969994117824546,0.09668078314461147,0.9921821495547883,0.10163172669675252,1.0020554961154746,1000,0.6532957069259999,143.4412061425283,2.09295255029302,0.3257747892304639,0.0325662312922575,1.2593989132874832,0.01477712003429077,1.291814293817709,1000
168,0.5567993630942536,346.64086455481157,0.7650672837341441,0.18577843312397788,0.18230783832615857,0.9177554803806328,0.192673634171257,0.9209250920172503,1000,1.075497429125341,237.14386283557215,0.38040655293840225,0.1683780506093751,0.752273952255816,1.407502130262459,0.7454764499309657,1.405518408319716,1000
169,0.6458078886510408,386.9049989946969,0.39075434311006435,0.1922093277421635,0.25478578281238934,1.0016955166087473,0.2690776062764003,1.0225381710256811,1000,1.225270081405565,239.6518260951289,0.42430304422928916,0.16105305779162582,0.9280437532760177,1.5506132990994594,0.9096060881339785,1.5409340746771516,1000
170,0.6654627256455226,349.1909832760916,0.5162394845486347,0.19205465162252375,0.2828012079172914,1.0602090230710914,0.289035608465376,1.041889842825669,1000,0.8988102794926216,246.16861393320545,0.3393737003109819,0.17860954466516626,0.5358120910387412,1.2292334339700157,0.5487355719488958,1.2488849870363474,1000
171,0.15410762220707142,318.9046021842166,0.5430865474588024,0.1571324908245037,-0.15693068123886858,0.4435615755093458,-0.15387205980895585,0.4620873042230987,1000,0.8376248136063444,186.4917412417163,0.5093048161766083,0.14886217893463366,0.5448039618035851,1.1087547924195251,0.5458549428944625,1.1293946843182265,1000
172,0.5609635639261286,291.3547402816834,0.5511606979615576,0.18161728304233543,0.1762000310658996,0.9000619768714844,0.20499368916315114,0.9169334386891059,1000,1.248130228713309,199.02316064658226,0.46686965719813606,0.14569964422556717,0.9664538335032201,1.5325472158176237,0.9625589260311973,1.5337015313954205,1000
173,0.5987956134800929,280.4029035355855,0.6254992562158782,0.20889453795341556,0.19848888233144607,1.026196994980874,0.18936231909139845,1.0082289078687874,1000,1.0694828309746964,198.64040384076264,0.5467691891300843,0.17672045605311298,0.743843628517416,1.4413461950288202,0.7231107371105949,1.415854924838798,1000
174,0.25164649666094174,404.19007709795346,0.32953060982775945,0.1855406713107303,-0.11962774276708082,0.6045669131070368,-0.11201321910808965,0.6153062124299731,1000,0.870885992662985,167.37795703776013,0.5359353142348203,0.16543790456673457,0.5711877361017141,1.1887918409510032,0.5466276997121853,1.1951442856137848,1000
175,0.4455347216332872,275.1532300074943,0.53129971582539,0.2297122560600914,-0.011797545369968724,0.88077221861339,-0.004701300244491946,0.8957707435110664,1000,0.9804211962782445,155.46075436393886,1.4373098544251217,0.20501017103797897,0.5790228976817482,1.4127775303611483,0.5786012610438058,1.3822411315126832,1000
176,1.1862411432252657,284.03956353178785,1.0584337747434205,0.18989908578908674,0.825529249128795,1.5807437777270794,0.8140389350786558,1.5584433513718756,1000,1.619940994817532,200.80102201492886,0.8187052139893809,0.18605510072113052,1.2867889422395604,2.0089319408066593,1.2552729974041164,1.9846089922309478,1000
177,0.5858110761740218,322.33406722306637,0.519917529034676,0.17503462563270053,0.22478064698440905,0.9196475235385744,0.24274320993392878,0.9288789424141148,1000,0.9844666438746161,210.8791524293372,0.46181855019921986,0.16644652568110815,0.6615179130047077,1.3197268216340907,0.6582314535396441,1.3107018342095882,1000
178,0.5855862190548158,364.62398351252074,0.3892171317241098,0.16700275776103113,0.2598008261925454,0.903146500776914,0.25826081384319477,0.9129116242664368,1000,1.2600000027926148,219.07611562651527,0.379430765771503,0.16399368211263543,0.9255894578239148,1.5781616951141593,0.9385723858518493,1.5814276197333803,1000
179,0.6587888369570853,333.2706638724088,0.5156470882085731,0.16546788295657522,0.3517584419961293,1.0016721466444638,0.33447178636219793,0.9831058875519727,1000,0.993390286141854,204.54180890120634,0.631071988911645,0.1744888265038283,0.7016988233889636,1.376812210600739,0.6513921861943506,1.3353883860893574,1000
180,0.78248421260699,384.6680708851751,0.3506601359667642,0.18673297029350863,0.39994088921967635,1.146837040863933,0.41648759083171305,1.148480834382267,1000,1.2362385767136104,201.4638099493458,0.5894584917780067,0.18249284446627495,0.8672756769499207,1.5866916597613951,0.8785526015597115,1.5939245518675094,1000
181,0.0942559300280772,400.46654433657545,0.3301735694144468,0.19983207191270547,-0.297569881876554,0.4640115162586622,-0.2974149309208255,0.4859267909769799,1000,0.6057000528179746,233.52029357985683,0.3844820747434505,0.184172331005926,0.2804529424515468,0.9683773601908303,0.2447222840463596,0.9666778215895895,1000
182,0.4064464653850881,278.51313136613953,0.8971128209211292,0.2155828790140076,-0.0481518806779964,0.809499465276481,-0.016095977482366797,0.828988908252543,1000,0.9695089044018346,222.6964360499142,0.4159946749357183,0.1868993561239745,0.588985249723506,1.3194601785746942,0.6031861663988445,1.3358316424048247,1000
183,0.3426793702223647,277.21362915809266,0.7550532676278109,0.20445461190292932,-0.08263759453579574,0.719407783548903,-0.05805166910737675,0.7434104095521061,1000,0.9831633366608563,169.5010889246447,0.5573591074892265,0.18320160210064593,0.6351669254893823,1.3628016661947624,0.6240881965435903,1.3422384767781224,1000
184,0.23524900747496114,310.3891253132942,0.6393158315917697,0.1716924422365963,-0.10862840784236692,0.5599914643653964,-0.10126817930876758,0.5717661942586898,1000,0.7890563706025984,217.27337757463178,0.3922918452446169,0.14972584896701777,0.5163521441495365,1.0945763105462187,0.49559370662724356,1.0825190345779532,1000
185,0.6837065643777667,359.35979840877116,0.7301029593801133,0.18859402574931483,0.32080656803430785,1.0657039248042692,0.3140622739091096,1.0533508548464237,1000,1.116738602011346,215.81781291239798,0.8097230663321526,0.20482515046560712,0.7899085201478884,1.569084412396202,0.7152813070987559,1.518195896923936,1000
186,0.21458556310833465,325.7345852118973,0.5281266921077665,0.23185868648340252,-0.2139393364491687,0.6792561517290521,-0.2398574623991343,0.6690285886158036,1000,0.7045536019300149,213.64264813940085,0.47516626378416316,0.19219858706273796,0.37693731948855713,1.1216578816856124,0.3278443712870485,1.0812628325729814,1000
187,0.2498359244433188,379.33467855068596,0.34282689371006625,0.2057262974649492,-0.12905359220363047,0.6588514725445842,-0.1533876185879816,0.6530594674746193,1000,0.8503060686509873,259.97315232220546,0.3880717122028457,0.15087536688870687,0.5870899632581418,1.1631051063596032,0.5545903495491219,1.146021787752853,1000
188,0.3725080483697205,340.3712964932924,0.5168068387624001,0.16852682821032194,0.02905441908279696,0.6940237427109025,0.0421954650774895,0.7028206316619515,1000,0.9684806814374984,174.74265373945707,0.4812332560616852,0.17100622693423387,0.6282743456460889,1.2778000890112962,0.6333084766464001,1.3036528862285968,1000
189,0.41740117981986513,433.7797124642332,0.263841876766834,0.1709894890759578,0.06075191263030083,0.730808155343093,0.08226178123098787,0.7525405784087424,1000,0.7606966520074465,251.9460881026502,0.4682681100282782,0.1536581166266205,0.4330694926563596,1.0433590604043501,0.45952674341927036,1.0618665605956226,1000
190,0.6330855011459366,308.4129068421992,0.757045219260517,0.21534319712551384,0.19214195152534186,1.0555278661311478,0.21101283477992955,1.0551581675119437,1000,1.240393165962828,197.6875032785039,0.6625902608079994,0.1649333738030927,0.9216780184786496,1.5565570330411187,0.9171237533087664,1.5636625786168896,1000
191,0.5242996043192742,348.1005493113234,0.5467463828127184,0.20032941036825083,0.1264154552768345,0.9205489841798645,0.13165395999750262,0.9169452486410459,1000,1.050154053114417,228.89138916764534,0.378722724003847,0.15926867818102192,0.7481921346627176,1.3703973149106996,0.7379874438796139,1.36232066234922,1000
192,0.8788768156810538,422.2593644298812,0.2680295167501302,0.17222992519844157,0.508994565442321,1.187458208632926,0.5413061622921083,1.2164474690699993,1000,1.1076651764855376,231.9647647289358,0.48815056001060847,0.18369188219809307,0.7149499855903029,1.4396278863291065,0.7476290873772753,1.4677012655938,1000
193,0.520713278337734,340.42979186013457,0.5050724095422678,0.16766642342975813,0.18696327785777916,0.8276999076864038,0.19208708841540806,0.8493394682600599,1000,1.0600805577457928,164.2079589251697,0.5876711359074875,0.1796738048604272,0.6919621082994243,1.3732004555958441,0.7079199002193555,1.4122412152722301,1000
194,0.6283242842868937,316.1581940779696,0.6335986590638936,0.17199195907642423,0.2618016126199911,0.9444749201925504,0.2912200444971022,0.9654285240766851,1000,1.0929633130303715,219.8888622480875,0.44472916294929654,0.14791502848158145,0.7886749941518842,1.3681647892899393,0.8030498572064719,1.3828767688542711,1000
195,0.2074183057007981,266.5772609178543,1.0730677840827036,0.1827331633145379,-0.14409289985651305,0.5733659278440114,-0.15073869439569615,0.5655753057972923,1000,0.797998251649259,168.0958582907451,0.5984622140956561,0.17458953486120088,0.45949153965116685,1.1527435097088694,0.45580276332130526,1.1401937399772126,1000
196,0.5045479048423371,406.2559959285963,0.39725817130734337,0.18042145312413027,0.11832911605747379,0.8707528179947474,0.1509218567190418,0.8581739529656325,1000,1.0071873805876446,242.46498184903402,0.33702076182639723,0.14300706484461057,0.7294960305435332,1.293332735820627,0.7268935334922079,1.2874812276830814,1000
197,0.78438985679866,313.6199296510107,0.5539880714833825,0.1955503024467362,0.3905991067639728,1.1521967223316054,0.4011112640030571,1.167668449594263,1000,1.1669435111035211,200.7105996654191,0.7852866724711086,0.17617043556324777,0.8282812200559742,1.5208382169295975,0.8216494573995555,1.5122375648074868,1000
198,0.3177129960002647,404.2502209913906,0.38945935457674974,0.16696505581248053,-0.009374148128152415,0.6478902492554449,-0.009538513392197134,0.6449645053927265,1000,0.795280293370324,219.2005837811753,0.4024558465188571,0.16595369289602385,0.48987905006458504,1.1339012019522072,0.4700110552941173,1.1205495314465308,1000
199,0.6158513937630747,326.46179068660683,0.5322634895771688,0.23123110060685195,0.13227705962656466,1.043085243058373,0.1626384365736449,1.0690643509525046,1000,1.1357588817922548,213.35377970283196,0.5058564187505755,0.1653864774293038,0.8240507506860923,1.4503215495387074,0.8116013860308193,1.4599163775536903,1000
200,0.5416918896372747,316.76597284848884,0.664883759648963,0.17806002268018387,0.17508930704246992,0.8882816030433094,0.19269424518411427,0.890689534090435,1000,0.8875710534415511,236.6676764164139,0.44533779238155463,0.149322865478002,0.6074720744199751,1.1880178859195383,0.5948982371046672,1.180243869778435,1000
201,0.3189754206690685,345.1371167489562,0.5321210503436192,0.15731181703954172,0.008668541404427233,0.6121065993798659,0.010644259271566703,0.6273065820665702,1000,0.8853069204464679,175.7029501429425,0.6018594828688018,0.15759039965309668,0.5983511709250716,1.2142411703250726,0.5764297371263984,1.1941841037665373,1000
202,0.5465086119647733,359.3078569746329,0.5560504489949153,0.25824957017864275,0.11193829836695268,1.1535239630909568,0.04033945441463349,1.0526777695149132,1000,0.8300141698153602,158.8249964754721,1.6895823224218252,0.34260253150259434,0.2706344924038486,1.6666906726764459,0.15851320807027536,1.5015151315604451,1000
203,0.7650540816699003,327.724306279908,0.5614777277782722,0.18789576009198594,0.4037649995885068,1.1138413148204578,0.39677839188960784,1.1333297714501929,1000,1.1458576291268825,235.03953650261568,0.5151483301723421,0.183151128969412,0.759015381980341,1.4832272756568037,0.786881416346835,1.50483384190693,1000
204,0.4296447089181279,277.1403201152955,0.8027516349828234,0.19654121087261153,0.06597157678334913,0.8408805157517479,0.04442393560780927,0.8148654822284465,1000,0.9052792160048484,130.68284949183,1.894614065292602,0.2600324059022654,0.3202536627210628,1.3139331092269972,0.39561570043640826,1.4149427315732885,1000
205,0.5219466127885402,338.19969505795035,0.5844903766603623,0.15919366808165866,0.22928125520528445,0.8422217803463103,0.20992702334848917,0.8339662022285912,1000,0.952058259397202,174.3145506256663,0.48094533151523006,0.1432143352939554,0.6745482653470654,1.2326743335722887,0.6713581622210494,1.2327583565733546,1000
206,0.686191993872594,402.47641480847096,0.33615081744756437,0.18693952341488254,0.3201924147651836,1.0525172085757517,0.3197905279794242,1.0525934597657638,1000,1.2252999061242664,234.90412937933115,0.450685834466028,0.1712665979942433,0.8986999896857895,1.5653177243913605,0.8896173740555495,1.5609824381929833,1000
207,0.5216830592388919,376.19940725463664,0.42674396754279825,0.2029807518315342,0.10565165443139336,0.9058291106949906,0.1238407856490849,0.919525332828699,1000,0.9042689331472524,244.08370255528502,0.4137643964986081,0.1732271460524592,0.5745499514895334,1.2456088098013591,0.5647437268844324,1.2437941394100724,1000
208,0.6141616989801459,372.0044141584263,0.4470345839493096,0.18014718220117848,0.251717439801359,0.9617752823804777,0.26107322186583615,0.9672501760944557,1000,0.8188763208441316,250.87355593292384,0.5913981430258289,0.20589150804563622,0.3238137660193967,1.1394696191890104,0.41532896507468464,1.2224236766135785,1000
209,0.8224996853406186,295.8974794280119,0.801882354908587,0.23080954199759562,0.3729136390043296,1.2806867552848484,0.37011298302533113,1.274886387655906,1000,1.1911653739730546,204.35242227765087,0.6807364550903767,0.2160130474616876,0.8254626487613591,1.6686924447045237,0.7677798009481469,1.6145509469979622,1000
210,0.9053029599592208,427.98625779104026,0.30063441405003605,0.21610475261485995,0.47751222588685804,1.3507087348879592,0.4817376448340953,1.3288682750843464,1000,1.178792960844342,250.35927846579318,0.40836451663679224,0.18817585708418186,0.82064878436562,1.5694473159682087,0.8099682809593455,1.5476176407293383,1000
211,0.6261285357406496,350.43651717030735,0.6337321039872371,0.16144597090053905,0.2972929320269035,0.9288117213221014,0.3096944327755931,0.9425626387057062,1000,1.1713729579770105,210.9360229961074,0.3977303732779957,0.156267007924482,0.8646128109946095,1.4787623982182714,0.8650896224450257,1.4776562935089952,1000
212,0.49290003478716393,362.1270978344965,0.5731968835168814,0.1726226617218591,0.15404701013612432,0.8212247132643682,0.15455961781232008,0.8312404517620078,1000,1.1810518027708672,201.19750764148674,0.4662072112129418,0.1530662108043618,0.8619739139303083,1.4869377785825222,0.881042029594318,1.4810615759474164,1000
213,0.4927197606722591,426.23845006631285,0.2720892544686009,0.2035054871491938,0.08880770638592463,0.8889525348268429,0.09384900585983924,0.8915905154846789,1000,1.0141608259475938,239.59339793815298,0.35613006090756505,0.18016463159711843,0.6590098476630005,1.3744401970334932,0.6610381480172417,1.367283503877946,1000
214,0.4609335285653473,382.38589047149026,0.3661095899892248,0.20681357080707266,0.03709936955154573,0.846138802677072,0.05557892978348489,0.8662881273472097,1000,1.0246981669992032,204.69070926001862,0.4180266895779306,0.1800305129462357,0.6519856387823723,1.357225490986518,0.6718383616245813,1.3775579723738252,1000
215,0.5175686729900333,402.46517163404815,0.465963510575957,0.1771027322645381,0.1810722845467836,0.8644877292868802,0.1704473177515386,0.8646900282285279,1000,0.9844108414279935,209.44219839440288,0.4145652568849013,0.15091019234086445,0.7162334103401571,1.3004920338843171,0.6886268644398992,1.2801948184160878,1000
216,0.5071673803692671,277.90349539755795,0.9707102393791447,0.23363725226101845,-0.008383694714802698,0.9222674682983549,0.04923836593767095,0.9650963948008633,1000,1.046301481204711,222.72968966787573,0.45631452453641735,0.15331696950370755,0.751902124359568,1.362196362626404,0.7458002209774441,1.3468027414319776,1000
217,0.5382630998651519,348.60774615583045,0.5496943380362518,0.20538753569741275,0.17461095310549601,0.9565843971588883,0.13570352989822287,0.9408226698320808,1000,0.7372927552963171,223.64480945141892,0.6382648150312745,0.19670423590094246,0.364876250494787,1.116595055180554,0.35175245293046986,1.1228330576621643,1000
218,0.8035881208882079,380.3946756017608,0.5992386688119459,0.1554887026824048,0.5028556731655998,1.1112298432308318,0.49883026363069444,1.1083459781457212,1000,1.2745438692255677,230.80376363236095,0.3384703566727509,0.16878071671763517,0.9458481488760213,1.6060868689170935,0.9437336644590029,1.6053540739921326,1000
219,0.4026015785222632,332.79303299400567,0.7187464645914797,0.17297989849572723,0.04738557953455823,0.7094553972860315,0.06356097747063782,0.7416421795738886,1000,1.0523864101209814,211.45136517612244,0.4256910815514786,0.1504907585110187,0.7659430825551147,1.3446936707078023,0.7574245234393848,1.347348296802578,1000
220,0.5633564670879938,366.43915319258855,0.40012703721064175,0.17987526326693642,0.20356437082258247,0.8900129029098375,0.2108009510847984,0.9159119830911893,1000,1.1126722484817893,203.78444740554843,0.4331270167651269,0.15163694253390034,0.8105179925733335,1.3942987791226271,0.8154638411153445,1.409880655848234,1000
221,0.535699840039352,336.0078194590078,0.5453123118330923,0.18792563901281278,0.13888666749263842,0.9014136188767022,0.16736558757423897,0.904034092504465,1000,0.8722988185513381,208.96548470972576,0.5327153070271259,0.16490347827159535,0.5446795179838059,1.1834601657735395,0.5490880011390111,1.195509635963665,1000
222,0.3222941244607953,323.09763958510604,0.47899992372074585,0.1951325612713637,-0.05143655380541574,0.6977750778426269,-0.06016569563107754,0.7047539445526682,1000,1.07913066005709,176.368811296159,0.5705711377826423,0.18271245706833403,0.736650545275326,1.46429326868371,0.7210142442031553,1.4372470759110247,1000
223,0.3373280297507897,435.0533620052292,0.2767821244911331,0.1626725281994474,0.022783935723234026,0.6485840489706878,0.01848987447987277,0.6561661850217066,1000,0.9906544112578795,245.87196007995573,0.32088716209650303,0.15690380532770531,0.6992289379569379,1.299411183488472,0.6831229528155771,1.2981858697001818,1000
224,0.5219027938891903,382.0413530469223,0.3636017320187877,0.15782185607858124,0.22549652180530388,0.8225880278572331,0.21257195597517103,0.8312336318032094,1000,0.9706669408834356,223.12627504297492,0.3991843071635503,0.17148573131466166,0.6732743244869227,1.347877034274599,0.6345549075066987,1.3067789742601725,1000
225,0.6745017936858435,278.79172201564296,1.3822902323060495,0.1925871127023911,0.29861896586114467,1.0381839999298796,0.297031052789157,1.05197253458253,1000,1.0180730501542392,222.4093893091463,0.5776067728275952,0.1899820101778455,0.6319352153358196,1.3698129200613542,0.645708310205662,1.3904377901028164,1000
226,0.5293844024617793,295.8839108837502,0.5010054177604784,0.27994149573218635,0.01085577020147702,1.12737482448153,-0.019300929173305947,1.0780697340968646,1000,0.9738148737730232,176.62389416216027,0.904964617562553,0.2466638286519014,0.5899668065296605,1.5471907202130282,0.4903537696152965,1.45727597793075,1000
227,0.5645496361836546,345.86934091938787,0.513415908236327,0.22386661688407103,0.11463619288652174,0.9726121894803236,0.12577106709087538,1.0033282052764338,1000,0.8255356580822548,214.90880240341934,0.6469974229033861,0.20721554465125272,0.40296731398788516,1.2005628403606727,0.4193931905657995,1.2316781255987101,1000
228,0.5889776506032756,368.9445010470012,0.3285089128859573,0.15717977214835793,0.3087113091450172,0.8951392060878058,0.280905297192494,0.8970500040140571,1000,1.085221949747741,237.3491766043557,0.3531080379643238,0.12421482054526345,0.8668738520415029,1.3342788034118804,0.8417609014790247,1.3286829980164574,1000
229,0.6993504780619682,275.75981964128505,0.9165889722939452,0.20318880900098277,0.3011110257354698,1.0873164942549058,0.30110041242004193,1.0976005437038943,1000,1.3062132104535689,201.78207483851335,0.5354774308781793,0.1795734221406169,0.9569570707054507,1.6421656164347294,0.9542493030579597,1.658177117849178,1000
230,0.4510017251466465,378.5683494518289,0.4084245136561279,0.1947331636823256,0.05118549048057348,0.816031825197927,0.06932472432928832,0.8326787259640047,1000,0.8718233555424968,236.2271438756091,0.4998335137976154,0.1919150005628319,0.4453718592698365,1.205194718077139,0.4956699544393463,1.2479767566456472,1000
231,0.06101347424497394,450.87976283800504,0.2539389600060594,0.15961368915268842,-0.2441979064406587,0.39263361185821477,-0.25182935649429533,0.3738563049842432,1000,0.6668961060412755,196.97197071766283,0.41471465499034993,0.15155138421624678,0.37935435163864,0.9659275607657167,0.3698553929774318,0.9639368191051192,1000
232,0.5401928855141223,381.7554952680799,0.3138278451014706,0.17354992101625258,0.19818072137529236,0.8638950776812178,0.2000350403222672,0.8803507307059772,1000,1.0295596089744885,237.06242476656652,0.4545938212725198,0.16128579958916778,0.7378766586712378,1.3635998977009332,0.7134394417797196,1.3456797761692574,1000
233,0.07638006864361646,315.4953834631184,0.6199256067570816,0.20999179194811002,-0.3719763792548081,0.4288486150992684,-0.3352038435746792,0.4879639808619121,1000,0.6208109034178952,208.8860195276535,0.6671389464846229,0.19791110601913683,0.22974805986999147,0.9627691341769047,0.23290513562038706,1.0087166712154034,1000
234,0.40710596446113323,314.2264147985702,0.7614163893391543,0.22424717538328598,-0.060205910440630304,0.8112700043129336,-0.03241849929010726,0.8466304282123738,1000,0.9587929221160723,217.13260974292436,0.43983069641095435,0.16248129526977567,0.6510343749097395,1.2910057500853847,0.6403295833873119,1.2772562608448326,1000
235,0.6565489538441094,367.367825183033,0.43812805354923784,0.20024430616648264,0.26676917273082956,1.0437440129390003,0.2640701137578034,1.0490277939304153,1000,1.0855688728372845,271.9423151941117,0.3018439021321146,0.15145805332492734,0.802952604700003,1.3920517775075096,0.7887110883204269,1.3824266573541422,1000
236,0.25980387939527905,335.48758971491736,0.8321540548543365,0.34886203511569575,-0.5284722076226737,0.8162747388183369,-0.4239657094314846,0.9435734682220427,1000,0.9573212234282544,192.98823666547145,0.6305590481731457,0.2085005417384836,0.5870751673000393,1.3970926348092718,0.5486601616208266,1.3659822852356822,1000
237,0.6352333201566762,393.66185628156,0.47020990830317044,0.1851861299440282,0.2463477936995275,0.9918469581432341,0.272268505466381,0.9981981348469715,1000,1.0009317313301427,257.03629591765605,0.3435234070596004,0.1653184313380602,0.6485742957625512,1.3069881405672166,0.6769076059075447,1.3249558567527406,1000
238,0.33924612303602464,388.44300672421605,0.4312074606264644,0.184893543859038,-0.03778873826735891,0.6946460856734561,-0.023145222927689835,0.7016374689997391,1000,0.8400751331417387,239.97374666135568,0.3383732427289458,0.154740241797893,0.5263152950380035,1.1283374246042488,0.5367842592178684,1.1433660070656089,1000
239,0.09489752064352075,309.78916623421514,0.8909049759091777,0.2203445063095621,-0.4035262628096815,0.46732494419968723,-0.33697771172322094,0.5267727530102624,1000,0.7361628463175482,209.80200337138712,0.4448970524540777,0.15796796926028714,0.42449718042787526,1.0373469608125265,0.4265456265673855,1.045780066067711,1000
240,0.6067868774846827,289.7796971866268,0.5826014004888794,0.23343444086893733,0.1523604287769509,1.0914551453685273,0.14925537338156558,1.0643183815878,1000,0.9678759707295854,186.36964958593109,0.5327647083055408,0.1779373724431108,0.6668015606551994,1.3587640035527127,0.6191187207410882,1.3166332207180826,1000
241,0.6109728217652393,343.2206963247555,0.48268580716840737,0.17222147962055084,0.2715536858948061,0.9371076869365065,0.2734187217089596,0.9485269218215189,1000,1.0062614140915778,216.5097196829377,0.38518703319632436,0.16011152741664939,0.6955827212045788,1.3327273205389119,0.692442820354945,1.3200800078282104,1000
242,0.5019270986184345,335.0237010187591,0.5241509373083222,0.20283556713581055,0.0823818612836627,0.9123699875958046,0.10436938703224585,0.8994848102046232,1000,0.8762463648450387,201.10649876939874,0.8390974282054757,0.24754413911648987,0.2825428012489973,1.2764056804634005,0.39105985217671857,1.3614328775133588,1000
243,0.3687055408904598,347.15856317766423,0.7112525879129362,0.22176840970146838,-0.08053453842055833,0.7903431275606106,-0.06596054212441821,0.8033716239053379,1000,0.7963937776172001,258.0436322335446,0.4222150314735832,0.18321372162906555,0.42087967535558546,1.1372418594244786,0.43729488322423166,1.1554926720101686,1000
244,0.35388927308778273,426.82779320919184,0.26423739557953363,0.17049364593557817,0.02254892366765955,0.7054982225929546,0.01972172705404951,0.688056819121516,1000,0.9112624130785085,224.15540308681457,0.3409540286449639,0.13292696751238445,0.665587918006468,1.1891375322773523,0.6507255567542349,1.1717992694027821,1000
245,0.5524433113057787,451.59513774296465,0.22171623404984522,0.18934273025528192,0.1683410249149518,0.9166522917210482,0.18133156000542616,0.9235550626061313,1000,1.0407810893491944,261.3762012587683,0.3067159938550679,0.17136900567114757,0.7039354098424375,1.369838478905025,0.7048978382337452,1.3766643404646437,1000
246,0.7355756305045174,315.74471549510366,0.5364712690874652,0.19528957179395723,0.34691817890279136,1.104578136516257,0.3528080697883612,1.1183431912206734,1000,0.9715974142110877,210.28194119032952,0.5321461258748074,0.17083336379179673,0.6330931767950486,1.3068974389556438,0.6367640211791661,1.3064308072430093,1000
247,0.39499146172432154,374.9401297183152,0.45911230198345415,0.17390019717231542,0.06476681236100579,0.7445822588665079,0.0541470752665833,0.7358358481820597,1000,0.9638089814979462,219.81336977415748,0.3925780985888842,0.14550986930382795,0.7093379314521736,1.2954876751326614,0.6786096376624435,1.249008325333449,1000
248,0.3953520381473714,295.4257504759469,0.8308725017115796,0.23139756015328677,-0.07839562969129596,0.8098147843518352,-0.05818717975307064,0.8488912560478135,1000,0.9170506423374087,200.4843454829891,0.4952363759242107,0.14965064519824509,0.6261577080019176,1.1971038334655542,0.6237353777488484,1.2103659069259691,1000
249,0.5685930974850155,381.78251800521105,0.44467997499589335,0.16435971627382137,0.24880401594517154,0.8843627400930287,0.2464480535883256,0.8907381413817055,1000,1.1770595197676958,219.35072842927661,0.4213342090707032,0.1357637088398015,0.9184324398186502,1.4503953112948933,0.910962650441685,1.4431563890937067,1000
250,0.18687662330617982,367.0958209596084,0.5579710531177694,0.20652883554212098,-0.24678925114542707,0.6012436338270445,-0.21791989435637732,0.591673140968737,1000,0.8539906501568195,223.9561790981085,0.4092569934544431,0.15612944845182428,0.556697486942798,1.1681270757434148,0.5479769311912439,1.1600043691223951,1000
251,0.569809230215514,358.1915652585594,0.5733887198268445,0.17212085922792544,0.22783099523778397,0.9069720165283229,0.23245234612878013,0.9071661143022478,1000,0.9273872617458849,264.732872187761,0.350743876174273,0.20386553992632347,0.502581816937802,1.2984505192662534,0.5278108034902909,1.326963720001479,1000
252,0.46669351366466083,314.00770274592736,0.5190413846127202,0.17414030026795396,0.1207604152218512,0.7958437545394137,0.12537852513947106,0.8080085021898507,1000,1.1099173114908782,216.72044572238863,0.4862085475733316,0.13851259077927994,0.8527235306146869,1.3463909616650136,0.8384326335634895,1.381401989418267,1000
253,0.4073430551492514,316.29297760770197,0.6253182717499387,0.18676488291299306,-0.009606108667520213,0.7198246386970995,0.041283884639784996,0.7734022256587179,1000,1.0460882687687056,209.23584374734872,0.4579404045747292,0.13973971411137995,0.7645302784948145,1.2977432117289682,0.7721984291104009,1.3199781084270104,1000
254,0.8636031462129168,258.6443101572298,0.7756299771630435,0.25739718937582684,0.3796729202615011,1.3703109734623533,0.3591046550362962,1.3681016373895374,1000,1.3287515032677009,139.39740006619027,0.9756100202524209,0.23658243118352573,0.8968046466056091,1.8640027179153729,0.8650499381479904,1.7924530683874114,1000
255,0.5522815857572754,407.35844668111497,0.3094373715595346,0.17585904251661982,0.18543321936167823,0.8764198617615152,0.20759786242470052,0.8969653090898502,1000,1.08206938541572,194.03506631286987,0.4192835114676692,0.17403152052311122,0.7418663612614643,1.4339727660711283,0.7409676051904219,1.423171165641018,1000
256,0.26083348331640543,355.8076005650327,0.43070426737802675,0.20420405132681474,-0.16606802818839944,0.6592464556333689,-0.13940645728415146,0.6610734239169623,1000,0.880914651825552,211.3711833890275,0.3975958071845805,0.17114903996038575,0.5374051223727601,1.2139718488146818,0.545462533503196,1.216366770147908,1000
257,0.47501792713251634,374.21423100024765,0.4577421205023728,0.21673214290822518,0.03437487256008642,0.870633149621998,0.050222927032395004,0.8998129272326376,1000,0.7401147564793953,223.78254870668025,0.6778654679564273,0.260656532651548,0.1781016819357566,1.1231501444061478,0.22922795248236127,1.2510015604764293,1000
258,0.412659213152446,392.24356384984407,0.34140349112402274,0.18379482421673396,0.04709262065275404,0.7751147632844613,0.052421357687647496,0.7728970686172445,1000,0.9134554932055723,249.62641419976688,0.49763938964977417,0.17834684558827815,0.5765056200025921,1.2755150793873098,0.5638956758525471,1.2630153105585975,1000
259,0.6517489335905386,283.86838910739255,0.7408799485032582,0.2062265168673662,0.24479270728477728,1.0550206685209196,0.2475449605305009,1.0559529066505764,1000,1.045927145596846,183.63427130693958,0.8753849814429849,0.2151288660489698,0.6743436822549816,1.5109896894896042,0.6242745681408652,1.4675797230528267,1000
260,0.8273414346075212,332.52053952632707,0.5693497338463197,0.20227543679862936,0.4438707840431121,1.2417104089616409,0.43088157848220765,1.2238012907328346,1000,1.093528097699572,170.11156801472072,0.8832832219988463,0.2305083009974613,0.6927562831941131,1.6159029613414115,0.6417318277445478,1.5453243676545962,1000
261,0.41711412099520606,373.1456915944576,0.3927447183633549,0.18651672401690442,0.04237442460934084,0.783049562488663,0.051541341922073436,0.7826869000683387,1000,0.7737823148191412,231.48483691814744,0.5121637869461113,0.16100991097640607,0.4346592266645887,1.081990300899105,0.4582028893053853,1.089361740332897,1000
262,0.3781380256765554,334.951524169913,0.6300841645521034,0.1948510356440361,-0.036410956024002405,0.77154013583723,-0.003770004185755349,0.7600460555388662,1000,0.9709198705312438,195.49191672954066,0.6451643797014568,0.20875718431357934,0.5698005464444293,1.3406431422721874,0.5617557892766283,1.3800839517858594,1000
263,0.7514807510628461,389.8630952410603,0.3783038324993149,0.20877492515543744,0.3309954452283328,1.1460195286101977,0.3422818977581887,1.1606796043675034,1000,1.210592112695803,238.99780672154486,0.5206711817572919,0.17798923440439673,0.8440627262344622,1.5285296385521725,0.8617332132631854,1.5594510121284206,1000
264,0.3679015025433361,302.75256860699244,0.7217985035921421,0.16691574276992382,0.04605716477953037,0.7107115558288685,0.040746646714285406,0.6950563583723868,1000,0.9103959288894252,230.24009432782535,0.417455728463018,0.14265575704534214,0.6499305308772348,1.2051826327920343,0.6307906450805547,1.1900012126982957,1000
265,0.828973481419093,408.9471637275404,0.3601814993075287,0.20277545076867443,0.4175185568755492,1.229263623149322,0.43153359791249113,1.226413364925695,1000,1.275737514811992,226.25033686286167,0.33179023200530516,0.19601963247798876,0.9162012421319412,1.6304541309842504,0.8915390351551341,1.6599359944688499,1000
266,0.643272042891025,408.7206213864139,0.32246786349454404,0.18115251228727128,0.2988319891777518,1.0109991881098903,0.28821311880797335,0.9983309669740768,1000,1.1635129039338898,191.05871858799347,0.46265606320961605,0.16674388383540356,0.8674178099461851,1.5175472041041933,0.8366948916164989,1.4903309162512808,1000
267,0.2998830008248934,380.30052357779294,0.42715596336905426,0.16529429768818024,-0.030367346039016314,0.6227859306960334,-0.02409382264393989,0.6238598242937267,1000,0.9602841607700241,220.2726765194862,0.4193914871748238,0.16206404127989266,0.6605999435860825,1.295708488030772,0.6426386398614345,1.2779296816786136,1000
268,0.28643373684915696,296.53499779002357,0.8268162397308406,0.2274417250819297,-0.20671187049274536,0.676168600104421,-0.15935204431142524,0.7322195180097392,1000,1.0602926138276971,201.46786061373268,0.6040482788862009,0.15658669747971984,0.7760748714982465,1.410466317288347,0.7533826867674462,1.367202540887948,1000
269,0.48666108109553896,401.38127628779057,0.34209934565150696,0.18006445057447307,0.11646871942505983,0.8376865705370226,0.13373475796957174,0.8395874042215061,1000,0.7913110890482216,239.77038517886146,0.42907511498378237,0.16812826116734245,0.4693970135046083,1.118957630466461,0.4617796971602304,1.1208424809362127,1000
270,0.4797944509407781,406.1662804059511,0.3634799285057922,0.19178221998696957,0.09018193320869183,0.8362128376566075,0.10390129976631779,0.8556876021152384,1000,1.1009090026321586,191.9081378151952,0.4650247663274952,0.17132597008797673,0.7593939948608651,1.4607817370755476,0.7651101012597242,1.4367079040045931,1000
271,0.5552213813125118,287.49171076656916,0.6678592849826291,0.20014724818913665,0.1589833600942031,0.939361441011193,0.1629327748618039,0.9475099877632196,1000,1.0582602898161624,208.6606340156943,0.4923784791467238,0.18186211330974736,0.6932758219281444,1.4015924836984737,0.7018105477290575,1.4147100319032673,1000
272,0.7340194112995961,372.04424327507394,0.6352576774875726,0.16006125451875675,0.40577662960504607,1.0392821562824197,0.4202993524428329,1.0477394701563594,1000,1.1831165693866255,213.23945260624714,0.40697321186816093,0.15315521027321224,0.8806706520675146,1.4845462581997158,0.8829323572511294,1.4833007815221215,1000
273,0.22601786513692046,352.4355271755355,0.9059375512998439,0.18985116145306558,-0.14342207055036751,0.5883645432149158,-0.14609041131108808,0.598126141584929,1000,0.9131942076693396,226.58499711186568,0.40300431443787554,0.14924982312427415,0.636283840939485,1.2150813435563699,0.6206645543457623,1.2057238609929168,1000
274,0.3104359278219526,433.1885863440156,0.2922068596010737,0.15600609163768073,0.015652744896102196,0.6165595964829774,0.004663988212098402,0.6162078674318068,1000,0.9060216161599599,247.9444726454276,0.3185728442452409,0.15838053648792977,0.6167989056004629,1.2293193473753776,0.5955957646436176,1.2164474676763022,1000
275,0.5899129467554167,296.8921549542031,0.6397576059000578,0.21551033510656756,0.16297193159492432,1.0055648709427594,0.16751268994654434,1.0123132035642892,1000,1.1061685237030239,224.86062918425793,0.40041296314703323,0.17308766687836555,0.7576135447906098,1.4293422793316521,0.7669166966214274,1.4454203507846204,1000
276,0.7280463482823794,315.6891444843265,0.6153032895282833,0.20653719574070895,0.3240326038970382,1.1373456461176654,0.32323344463058984,1.132859251934169,1000,1.2450676949874344,211.93023519788295,0.6477225884278243,0.17680743319741538,0.9327989324204324,1.6147313872816564,0.8985251259205003,1.5916102640543686,1000
277,0.5661139760694147,351.43537909005175,0.45946537997279197,0.20687711341648873,0.15443230313869666,0.9897913945409497,0.16063483377309679,0.9715931183657327,1000,0.9989945284803654,215.4864949402497,0.5422670025422353,0.2045145001105714,0.6370402090404175,1.4632160177732543,0.5981461082636454,1.3998429486970854,1000
278,0.6333308552674168,303.3990772530781,0.7638167871900906,0.19228968109536046,0.2630078460343878,1.0131531066982618,0.25644308032051033,1.0102186302143235,1000,0.9854861710996463,179.69540752117285,0.5402828446328061,0.19221560601609308,0.6301303449269169,1.4247249722092066,0.6087435833081039,1.3622287588911888,1000
279,0.23809442009558124,341.14623146515527,0.6828027298500675,0.1919185227844485,-0.15480651698691972,0.6157245424905077,-0.1380658845619378,0.6142547247531003,1000,0.8117669256253031,219.1057282650767,0.3876730460625089,0.1647495420739827,0.4825795969666017,1.129053173370464,0.48885782316029697,1.1346760280903092,1000
280,0.913959635932879,349.6164569621868,0.5665509460859481,0.18520747433467766,0.5428070531640032,1.2642908779557724,0.5509529862369108,1.276966285628847,1000,1.2022915032304171,198.40792417298405,0.8808276061763505,0.1846695468424474,0.8736071565878505,1.5836785198850676,0.8403391914192202,1.564243815041614,1000
281,0.5220666692336997,397.93863653352673,0.3406208735813551,0.1675873026648074,0.18918774241877429,0.856819076424019,0.19359555601067724,0.8505377824567222,1000,0.9984026002223945,277.29670812492895,0.28825121110448093,0.1389711529646938,0.716473114239521,1.2688283852526567,0.7260191404115945,1.2707860600331944,1000
282,0.17191876615168233,289.86954756346006,0.6768750165768169,0.22894464398147202,-0.316819804964026,0.5847118603166328,-0.2768127360520028,0.6206502683553674,1000,0.6688239720413165,160.61688496390633,0.6645218831969597,0.19343601801720545,0.25995615941569883,1.0327343813739476,0.2896893767275938,1.0479585673550391,1000
283,0.18800915442540012,356.21766705959766,0.5547069018796678,0.2172383951845192,-0.294730083961558,0.541539683176335,-0.2377781001362575,0.6137964089870578,1000,0.790833215990403,258.0513343352825,0.36334527164674746,0.17384132967147686,0.42126726917248813,1.103897719447501,0.4501042098343084,1.1315622221464976,1000
284,0.5585860563637066,250.29641396676186,0.7752714203817619,0.21881742829058098,0.148109521852639,0.9697850327388909,0.1297038969141679,0.9874682158132453,1000,0.9660038836248548,135.28646553783477,1.0389786872224196,0.20917952440430437,0.5728843823882842,1.4103748238144578,0.5560120157924182,1.3759957514572914,1000
285,0.11657134695700666,415.08707744176274,0.2992851236814109,0.17850375362142032,-0.22631093782091163,0.46662209867085075,-0.23329601014097717,0.4664387040549905,1000,0.7137139392588474,270.4180802542195,0.2973285013318782,0.15977259569869975,0.4182412097656034,1.0236524909314315,0.4005596516893959,1.026868226828299,1000
286,0.3674363830613756,348.31565128234865,0.5176865376301644,0.1814004435161056,-0.019005610120933436,0.7006446876656637,0.011891513769808626,0.7229812523529426,1000,0.9891706666760811,257.50343466510316,0.3623359222858302,0.13616906765188275,0.7170494196222876,1.246808791889605,0.7222792940783909,1.2560620392737714,1000
287,0.616933359901636,337.72010220038794,0.48502735991324625,0.19601840401840462,0.23580135783993453,1.0121353548784424,0.23273728802556298,1.001129431777709,1000,1.1111115279991024,221.4597629030599,0.6185635545355412,0.18560072969790742,0.7704941083454743,1.48633787463792,0.7473340977912039,1.4748889582070008,1000
288,0.4444093154937847,307.24872859580665,0.6910768399810816,0.18140119683305472,0.07012100176807853,0.7784854360601743,0.08886296970099744,0.7999556612865719,1000,0.9859735371191065,198.2110309390016,0.5183007081230956,0.18095082243754393,0.6543621443636676,1.362109757201681,0.6313099251415204,1.3406371490966926,1000
289,0.3609535750270383,363.50085428367566,0.4804119202592327,0.17560067674591726,0.02092388279074631,0.7161269532182661,0.016776248605040456,0.7051309014490361,1000,0.9997092887512768,177.24133855008523,0.48594429040023523,0.18295648593963476,0.6587617385962022,1.3749166307411222,0.6411145763095927,1.358304001192961,1000
290,0.5201242414918177,396.1996152494874,0.40275086581203057,0.16946142985789073,0.18615541125683802,0.8448561096243294,0.18797983897035186,0.8522686440132835,1000,0.9243925489613827,208.82307867305732,0.5623806603316035,0.1699314609664659,0.5937877394909937,1.2548624781386768,0.5913268854671094,1.257458212455656,1000
291,0.47397523845583356,404.41953841274653,0.3378758579211992,0.2087066429839573,0.0989127175058694,0.9077984831625406,0.06491021820727727,0.8830402587043898,1000,0.939459431986899,246.0518719372027,0.3064623496969411,0.18795905403547492,0.6121078802946802,1.3549208704314273,0.5710596860773681,1.3078591778964297,1000
292,0.5236860479620948,397.166975474411,0.3161552432682449,0.20338914042131445,0.14538789081147785,0.9427830827822895,0.1250433327363185,0.9223287631878712,1000,0.9514305479325427,296.7143256711459,0.28147135650914684,0.15463463755573892,0.6511645908785926,1.2829643983155015,0.6483466583232944,1.254514437541791,1000
293,0.3798892327390715,368.40939065323744,0.5556457168732274,0.17536493132735098,0.04515612732188643,0.7154125915035863,0.036173967337463586,0.7236044981406794,1000,0.8886803921916702,213.72584520821434,0.45274606817905205,0.151269294959443,0.5757967158541133,1.169085191024345,0.5921925740711619,1.1851682103121783,1000
294,0.7478236193656733,360.0649241588004,0.4323733152549284,0.19471206714449915,0.3477759808991994,1.1271439293588996,0.366187967762455,1.1294592709688915,1000,1.0185063128650587,274.7470348054069,0.3177222910934893,0.16459928326551157,0.682032305535816,1.3347525576231907,0.695891717664656,1.3411209080654614,1000
295,0.6022285202596565,433.49909300577843,0.3211054174245596,0.19270494890788156,0.2047635584399531,0.9683707483747402,0.2245268204002086,0.9799302201191042,1000,1.096944277231788,233.26766084782676,0.3619709174294617,0.16143789553286536,0.7685684385214325,1.4087276253767242,0.7805260019873718,1.4133625524762041,1000
296,0.5248443146543553,424.9444986150421,0.2988090210183857,0.14168053249458423,0.22784858603746141,0.7994912829145288,0.24715047096497023,0.8025381583437404,1000,0.9855286689044387,271.6202507748012,0.4427022611048452,0.15611027199402686,0.6538528757052235,1.277906180665948,0.679552535796146,1.2915048020127313,1000
297,0.45415836858297354,338.1119686749583,0.42680632272598396,0.19655515633282641,0.08498816427434054,0.8427458180202225,0.06891026217063378,0.8394064749953133,1000,0.7554797343800108,230.1614298275833,0.5633757630111296,0.19037555205476522,0.398099261353972,1.169113555632763,0.382343652352671,1.1286158164073505,1000
298,0.36922217332011575,339.40627355289473,0.5837338595171615,0.15257158504629206,0.08192588157494712,0.657645030951697,0.0701818666293833,0.6682624800108482,1000,0.9364042999882782,211.9103661260015,0.42610279163713566,0.14885763184027184,0.652353001796327,1.22479681364121,0.6446433415813455,1.228165258395211,1000
299,0.4512896974911498,331.6237369257197,0.6222575744486409,0.19415215899362087,0.0761622187075898,0.8317752983090767,0.07075146586365288,0.8318279291186467,1000,1.1777347144575856,222.9226545753562,0.39956824495851795,0.15097128258994774,0.8645239272633891,1.4814791116823574,0.881831000581288,1.4736384283338833,1000
300,0.6466656804165547,343.4219053009409,0.6112481270340373,0.21040963363212287,0.26217695295136156,1.0842511905568073,0.2342627984975939,1.0590685623355154,1000,0.990000572497252,262.416306929404,0.3553225960639589,0.16427910806442492,0.7005863117045472,1.3286573979241085,0.6680135206909792,1.311987624303525,1000
301,0.7917628919900439,335.2465797339025,0.6891008902960569,0.17330710640058242,0.43683273064804684,1.1100652596967384,0.4520809634449024,1.1314448205351855,1000,1.1018495137399817,232.9533512805537,0.5635759856932835,0.15487131555313496,0.805709689429695,1.4199519889307692,0.7983017352558373,1.4053972922241262,1000
302,0.5629644717481068,407.7754775946235,0.3055563678977445,0.21081448854869664,0.16033440018116943,0.9510349510889206,0.14976807419266142,0.9761608693035522,1000,0.7908909476245847,224.52550948932446,0.5433276321221199,0.2759747653949878,0.19764229778081796,1.1331912104950421,0.24998040745040861,1.3318014877987607,1000
303,0.40585879092084065,329.6130397319574,0.9826791207111065,0.15451119300738686,0.09070901534534986,0.686715200986526,0.1030168526263624,0.7087007292153189,1000,1.0131661911454168,208.85744435465818,0.41361779393067716,0.1357882085079985,0.7547538794477633,1.2824312162526077,0.7470213024697399,1.2793110798210938,1000
304,0.5217596905660851,396.81114569012794,0.37249843278984707,0.16972485873069365,0.19790761246892327,0.8678919519053526,0.18909896745392551,0.8544204136782446,1000,0.9258088989281359,250.0869098809003,0.3420681381378457,0.166706316730695,0.6167395032351459,1.2623928736671226,0.5990645181359737,1.252553279720298,1000
305,0.6294600170704374,306.1952209078839,0.6953714313683497,0.21209056807341387,0.232050478471947,1.0644198683255854,0.21376250364654625,1.0451575304943286,1000,0.9751508834672227,197.18719606448215,1.0475564623153384,0.1966860413455381,0.6302046020595846,1.4319619561772832,0.589646242429968,1.3606555245044774,1000
306,0.1108859463532963,328.53547424148763,0.7913587830692793,0.20111558454684578,-0.2948405106414577,0.4899920208553826,-0.2833005993585214,0.505072492065114,1000,0.7269622536256257,214.970468342037,0.4242520161850449,0.1609339255883382,0.43248360462681223,1.0561193012037462,0.4115317594724829,1.0423927477787687,1000
307,0.700498505656006,315.54846571953374,0.8086266959332427,0.1960623640076079,0.3130377486284222,1.04880537813791,0.31621627220109455,1.0847807391109174,1000,0.9153717786565561,221.85569169660525,0.817627793653491,0.28181926768666143,0.31377637313395945,1.2552368886683707,0.36300601399069965,1.4677375433224125,1000
308,0.2006721197736656,411.37824072748305,0.32166226993275987,0.16433584077575833,-0.11839358362093765,0.5336989376427056,-0.12142612814682069,0.522770367694152,1000,0.6851346247122954,231.70793268505486,0.3665997287979392,0.13389533745598378,0.44227028728426626,0.9447086016152192,0.4226997632985672,0.9475694861260235,1000
309,0.4337338904235368,330.6334393739536,0.5579693985873265,0.19922250747445194,0.04553624574911167,0.8101546372478494,0.04325777577361101,0.8242100050734626,1000,0.8902860874485334,225.3605266166611,0.3753790449411564,0.17672704716229642,0.5455494772215934,1.2496332740518548,0.5439010750104325,1.2366710998866344,1000
310,0.5221525418840915,357.07300045418896,0.40463041232785685,0.18833557312313218,0.14386267520301352,0.8935782292182737,0.1530148185627525,0.8912902652054306,1000,1.1064398835047053,223.85590338827208,0.47924950245696873,0.16250823099381706,0.781537802056902,1.4248659304884561,0.787923750756824,1.4249560162525867,1000
311,0.1172537447497124,391.9924913979674,0.5219439349098494,0.1900231273793389,-0.27564859492430305,0.47000377924869574,-0.25519158491379185,0.48969907441321664,1000,0.7669400131294188,252.94084804157546,0.37205192610858256,0.16575661765790176,0.4533308165195088,1.0860633701191647,0.4420570425199314,1.0918229837389064,1000
312,0.6633582750809195,261.4149230328786,0.7428580734567063,0.17682674140318388,0.2923646765799539,0.9768621993530124,0.3167778619306791,1.0099386882311598,1000,1.0892138438221997,142.51075241217904,1.1486063432208866,0.1969269783695849,0.6913971075432799,1.4573614641381372,0.7032369662178133,1.475190721426586,1000
313,0.8120773367302503,371.5086980990754,0.47246264830047174,0.18134761843408695,0.4561746153033857,1.1601019299420656,0.45663600459943987,1.1675186688610606,1000,1.2064551674215491,254.13024800568348,0.3407193126601772,0.16351776935757,0.8809117504681585,1.5200187003643046,0.8859603394807118,1.5269499953623864,1000
314,0.5809025813321655,379.397487379488,0.42639990058271665,0.15578297843440297,0.24620896499436623,0.8804663899333637,0.2755679436007357,0.8862372190635954,1000,1.1977934445489429,223.6443497203094,0.38031235282895054,0.15075517571418012,0.9109966410208078,1.503120202078382,0.9023133001491499,1.4932735889487359,1000
315,0.5896156704484596,391.0521908417522,0.3934637017755638,0.18155191743758314,0.22277898380092634,0.927108326297067,0.2337739122707967,0.9454574286261226,1000,0.9412183226294926,233.84215369390245,0.3485670671730202,0.18515098452754103,0.5788166420617142,1.2916172188132453,0.5783223929555121,1.304114252303473,1000
316,0.5128905921476203,367.3750513080383,0.4419809813650258,0.15011222680821737,0.2065367148405067,0.7913625914554365,0.2186706276035143,0.8071105566917264,1000,0.8982027153170793,237.80345000132053,0.45100826132255306,0.14960663671640811,0.5988189175133602,1.176356852158782,0.6049737073529193,1.1914317232812393,1000
317,0.5920129633046365,348.316918408797,0.4008920129294694,0.15817471789380236,0.2793192841622023,0.9019267824167322,0.28199051623278387,0.9020354103764892,1000,1.178497581344239,195.65686627998133,0.4950831873395175,0.1510591908408676,0.8822744770867779,1.4776856735537354,0.8824215672961386,1.4745735953923396,1000
318,0.7605542548982807,416.95629033237816,0.3152384549733907,0.1770962642287508,0.4215503484588667,1.1117807262148283,0.4134455770099291,1.1076629327866323,1000,1.1619730709811384,250.97493463406676,0.31810478670970493,0.15568290438569785,0.8810382684929459,1.4897998800142807,0.8568345783851707,1.4671115635771061,1000
319,0.5683254012050756,311.71789063943174,0.6601138461482419,0.17572819952771715,0.23882105511057708,0.9359377083651702,0.22389813013075,0.9127526722794012,1000,0.9855108403766653,200.87298604376383,1.0997955266336719,0.20173379871697772,0.6262349120841201,1.3954393486506285,0.590112594891389,1.3809090858619415,1000
320,0.44735867524794815,408.4611981501935,0.36201230129959794,0.20486869673041777,0.05909778006403156,0.8510865253914875,0.045816029656329305,0.848901320839567,1000,0.9576155477955717,240.78409637419253,0.38040659928828063,0.1609787795993678,0.6515107107420055,1.277188253144312,0.6420971397808108,1.2731339558103325,1000
321,0.6019710662387814,315.0554627903714,0.5434209134688602,0.20964448163980207,0.18159594358583783,1.0179363630323512,0.19106788222476934,1.0128742502527934,1000,1.1378906039121128,182.16496297798707,0.8442305454382754,0.20057354703338778,0.7823393641210717,1.576994873873944,0.7447664517266728,1.5310147560975529,1000
322,0.4576936352247776,361.7802547051711,0.4166799975263199,0.18779906497512688,0.1057820092629185,0.8348992145357038,0.08960746787352891,0.8257798025760262,1000,0.8628871135349052,213.9554349734405,0.4185018526040042,0.1635695861768356,0.5830489727193713,1.2066718429137717,0.5422907246283075,1.183483502441503,1000
323,0.6341055824466126,292.3664354792399,0.6372836068250419,0.17800768160820224,0.25857744640881974,0.9627300985899784,0.28521052649453627,0.983000638398689,1000,1.0310098927930689,198.14572970658674,0.4492810364843795,0.16498067658597845,0.7081115570392007,1.342772670359873,0.7076477666845511,1.3543720189015866,1000
324,0.7043680925059914,339.680629606974,0.542787914964754,0.1826127119654553,0.3739259539198908,1.089521860596035,0.34644717705369904,1.0622890079582838,1000,0.9649314290387712,189.96392302349926,0.849570375194616,0.17243257104084725,0.694213700073301,1.3457055194275762,0.6269635897987106,1.3028992682788316,1000
325,0.6451119150966167,267.98430878859784,0.82570563581942,0.24332430127745194,0.17012856677630664,1.1670915711390704,0.16819628459281089,1.1220275456004225,1000,1.0957835468868011,168.21875238584633,1.0322089745868817,0.24787364464619632,0.45373126594774954,1.4736623224689052,0.6099512033802563,1.581615890393346,1000
326,0.37051405604197907,394.9344323736169,0.38681909583642543,0.19548033938573997,-0.042169349634719154,0.7163565931220048,-0.01262740915407129,0.7536555212380294,1000,1.02258476700049,224.9119193011052,0.4102270378460906,0.17076288249791546,0.6985615515736305,1.3628704291207463,0.6878895173045756,1.3572800166964043,1000
327,0.630893520778689,365.66575971706584,0.4801186049595567,0.1874107837918915,0.2823139377608927,1.0105185990732177,0.26356838454658166,0.9982186570107963,1000,1.1492361289937665,228.66323670309976,0.3859371584304555,0.1671770996460112,0.8666844930934945,1.5013492888234248,0.8215690136875845,1.4769032442999483,1000
328,0.6487844645689615,346.33432145437865,0.524135762798606,0.18320995959228165,0.27321336041909156,0.9932005774095374,0.2896929437680895,1.0078759853698336,1000,1.2063257047881621,221.97964431863375,0.3854639361271319,0.15680372068154694,0.9037895402673002,1.5281667052083128,0.8989904122523302,1.513660997323994,1000
329,0.6610033029470403,414.10018804741935,0.2928839182354061,0.18610071484552868,0.2944242463916574,1.0092489771559168,0.29624590184980415,1.0257607040442767,1000,1.1951609438915758,219.22133131754794,0.49697062185539637,0.16702815591380712,0.8753924680767293,1.5068038562391763,0.8677857583005139,1.5225361294826376,1000
330,0.38651749815446257,400.2208646647998,0.33364629616206204,0.1742496399134591,0.04616072470823578,0.7371104154901773,0.04498820392408276,0.7280467923848424,1000,0.8964326860860603,288.0822230989138,0.27625745148050346,0.14408945353082675,0.6205615383687216,1.1909307964701872,0.6140173571656399,1.1788480150064808,1000
331,0.6753028192931554,358.21880215635053,0.4311318174897545,0.1670326578392347,0.3519229774580546,1.0073246051465143,0.34791880992825536,1.0026868286580555,1000,0.911423149698344,163.86642699637852,0.8924383483131174,0.1770043034209544,0.5491042564137455,1.2678893509454472,0.5644947149932734,1.2583515844034148,1000
332,0.6398104427873386,320.1951507270886,0.5850939947733905,0.18777062348789267,0.2638178683488546,0.9920903590245985,0.27178002075106894,1.0078408648236081,1000,1.06271663798951,221.4314666729315,0.4133142152889078,0.1662152568330265,0.7390785281493968,1.3907351362765894,0.7369347345967783,1.388498541382242,1000
333,0.5694062427315609,317.12327125759987,0.4851777009272935,0.182070400779935,0.203792779578259,0.9139144766113214,0.21254825720288834,0.9262642282602336,1000,0.9507835738779473,229.18428378423974,0.6007774682212897,0.15137634634354225,0.6389675204015295,1.220579711555532,0.6540859350446045,1.24748121271129,1000
334,0.32150370295105635,326.2303122470801,0.667993942817748,0.1979288690406438,-0.07072047396736443,0.692853468314875,-0.06643688036860551,0.7094442862707182,1000,0.7653399983484035,214.24821637154665,0.5389083659521735,0.1598429657118911,0.4339157473284126,1.0606144894112757,0.45204778555309694,1.07863221114371,1000
335,0.5736274482581503,355.4228840398165,0.664814345921336,0.1987474469151207,0.1800538186013155,0.9362248373779646,0.1840824523045137,0.9631724442117868,1000,0.8621855655524793,241.61564562392533,0.368381054427905,0.18624806855656156,0.5218790786434874,1.2235522329747395,0.4971393511816186,1.2272317799233399,1000
336,0.4503721896778434,379.6326194778225,0.42071430121286224,0.16798388476335335,0.13545283629316557,0.7703121404716965,0.12112377554167086,0.779620603814016,1000,0.9897168011146258,233.93870243679748,0.34488762995182665,0.14976823949200024,0.6979382382902811,1.298579632090635,0.6961710517103052,1.2832625505189463,1000
337,0.6498933095054227,354.646590512568,0.46263005623088715,0.18673004496920778,0.29891549875438694,1.011103976433156,0.2839024213657754,1.0158841976450699,1000,0.9344291402458751,254.38099825489243,0.5292176252354817,0.16777998637701674,0.6384878494414714,1.284996339608172,0.6055803669469223,1.2632779135448278,1000
338,0.583069655545053,387.26219172730316,0.4292886546274774,0.21112370675851266,0.18448811157053183,0.9845680555636579,0.16926719029836818,0.9968721207917377,1000,0.9102443474208957,229.2524514020953,0.5500697658963598,0.17296569971211292,0.586558763185064,1.2582201781440392,0.5712315759851543,1.249257118856637,1000
339,0.17608732432748742,403.0652732503272,0.32374587423558443,0.1806724221652333,-0.21644916339159082,0.5111964960504253,-0.17803062311636986,0.5302052717713447,1000,0.6747149080492627,223.7807616901781,0.3947038229956002,0.1607908359811323,0.3482057853834222,0.977667737701444,0.3595648695262434,0.989864946572282,1000
340,0.22141393705101242,406.6518758885313,0.341348877076296,0.19907531840404935,-0.18906682656493237,0.6041915052062402,-0.16877368702092432,0.6116015611229492,1000,0.7545716373904843,251.1151014554768,0.7399434729276865,0.1875790073239805,0.392212786093925,1.0847931540962812,0.3869167830354825,1.122226491745486,1000
341,0.35060268443367315,358.4563319050076,0.5472028418675591,0.15084262043304916,0.028999325594439275,0.6311738007026791,0.054951148384896786,0.6462542204824495,1000,0.8757516739192668,257.89192654512647,0.3315244521569077,0.14372459358821882,0.590526720956685,1.1674773105652356,0.594051470486358,1.1574518773521756,1000
342,0.43450059572031874,388.7582702339446,0.3843001317710795,0.17770231486828889,0.06541215273845376,0.7906007266580045,0.08620405857847252,0.782797132862165,1000,1.0094080249701265,251.54942435061636,0.3299510788764028,0.17074447650925537,0.6596933240553202,1.3396947223781952,0.674748851011986,1.344067198928267,1000
343,0.586240971091927,362.5298630726803,0.7885962947145655,0.1758660710427506,0.2297700865695817,0.9372348066454403,0.2415434718481358,0.9309384703357182,1000,1.065215305924598,209.20806419430005,0.6743905695916275,0.21775475408728326,0.5953916721347967,1.4883749995734674,0.6384159879135227,1.492014623935673,1000
344,0.4492796456059236,255.94397186765548,0.823834445031128,0.1939653211433043,0.061989991774422444,0.8062947008313482,0.06910761616504718,0.8294516750468,1000,0.9284268659654287,138.89385528551955,1.1247750197125717,0.17034239934593873,0.636801309174133,1.2938196844728778,0.5945557632473888,1.2622979686834686,1000
345,0.7998938711229369,341.7689114436609,0.6558715397710937,0.19619283008622382,0.4049992934331899,1.1653874354722125,0.4153559241539382,1.1844318180919355,1000,1.284213231042489,207.59087544009688,1.0450617762802494,0.23072666602867462,0.8711824925742649,1.8074116304382304,0.8319889656262867,1.7364374964586913,1000
346,0.7566694055172283,362.87103999268123,0.5384502200192772,0.1827830890877415,0.37195129819095796,1.1130934726929458,0.39841455090525496,1.1149242601292015,1000,1.319220669788551,229.3205908146,0.38657880946480666,0.1625301502004632,1.0041326867117601,1.620353117593132,1.000661575395643,1.6377797641814589,1000
347,0.6930401978905785,340.0063430851555,0.6571501128520186,0.17088428699424163,0.3470925618525289,1.0277594338263079,0.35810699538186486,1.0279734003992922,1000,1.320418415291611,186.27109047309716,0.5393481888973692,0.1453918498240635,1.0438949163861713,1.622387177099287,1.0354503896364466,1.6053864409467753,1000
348,0.7741488986189826,375.8714745951608,0.4110385282463591,0.19958867129847555,0.3835028398204905,1.1400867694210983,0.38295510287397055,1.1653426943639946,1000,1.2255997709513675,210.38546409863932,0.5265407224073333,0.18696647211975148,0.8628696619193698,1.59123694323311,0.8591454855966546,1.5920540563060803,1000
349,0.7661786834035884,316.82978424761325,0.6961661250408682,0.17468510965847045,0.441177510326701,1.1305366939973005,0.42379586847298634,1.1085614983341905,1000,1.2425072557055388,227.82444389072094,0.40229019662615406,0.14737984324200326,0.9530071505208035,1.5416430747603211,0.9536427629512123,1.5313717484598652,1000
350,0.4584515498238999,388.07477220556586,0.403212488840581,0.19831322694730327,0.08550960740892474,0.8598415637501361,0.06975762500718552,0.8471454746406143,1000,1.05172224014219,233.59321599628802,0.3999597267832803,0.17127853819503477,0.7169201421014211,1.3794711304696203,0.7160163052799218,1.3874281750044581,1000
351,0.6908676599422132,371.83507983283073,0.44199989823488967,0.1893280358877729,0.3006685028479757,1.0703201181690443,0.31978470960217836,1.061950610282248,1000,0.958334085368898,251.82865794836417,0.3193925372274412,0.18542910286555034,0.575161897303496,1.3281433774849318,0.5948930437524194,1.3217751269853766,1000
352,0.19320161231141686,313.1548211589647,0.5222467097337103,0.17821061849821526,-0.18125630903628037,0.5312773416063992,-0.15609119994508502,0.5424944245679187,1000,1.018260996502414,158.75928629576407,0.6093418870742421,0.16778847409953876,0.6811520211994911,1.3324071489103968,0.6893955872673181,1.34712640573751,1000
353,0.6970086454680642,407.5293122403478,0.3518665713846578,0.158900989429387,0.39869540279427645,1.0096703616660414,0.3855627061864657,1.0084545847496627,1000,1.2400318545999147,264.1951608370394,0.31031613363272187,0.1487775647650138,0.9685712171342921,1.53322824138594,0.9484278276604876,1.5316358815393418,1000
354,0.45031569681705763,337.3702353416086,0.5659641367614416,0.19062898347774684,0.06554270424098035,0.8201353543691765,0.07668288920067384,0.8239485044334414,1000,1.023668704173513,191.57748304796047,0.4840590496432545,0.17818682547939296,0.6738518655043657,1.3787827980689964,0.6744225262339029,1.3729148821131232,1000
355,0.6966261217681722,318.45612690147203,0.6223729663805901,0.20664424125349906,0.26505090325355746,1.095217765823091,0.29160340891131403,1.1016488346250304,1000,1.0230441454269386,202.59324302433205,1.1203544019019656,0.2075551846257475,0.6316142023874433,1.43224249429482,0.6162359835604734,1.4298523072934037,1000
356,0.49712731194984805,424.26448634443943,0.4342390024086953,0.16526912677803984,0.17217360790953898,0.8217384399932738,0.17319982346489,0.8210548004348062,1000,1.0480126962270542,250.9854482731941,0.3406961059365148,0.1571904445922111,0.7388401660372099,1.361314735993406,0.7399194248263204,1.356105967627788,1000
357,0.5399559148681141,307.48460081646436,0.5449276999946381,0.23824498756178608,0.11605064889431896,1.084270816181264,0.07299573924701341,1.0069160904892147,1000,0.8271061505744672,195.46603215011308,0.567474586011415,0.21697996812476397,0.5062481005662721,1.374688589684975,0.40182541304992986,1.2523868880990046,1000
358,0.5496623839932209,366.6981586263333,0.452088410757811,0.23289316796059903,0.09229783093786625,1.0276396160289984,0.09319177479044677,1.006132993195995,1000,1.105849367360229,202.1049704331141,0.5962345192867631,0.19602180812253606,0.7369080978472539,1.5139954289762205,0.7216466234400583,1.4900521112803997,1000
359,0.3085416477411598,268.091264806081,0.8699812134876199,0.17785809114419918,-0.03498693651020106,0.6397683533728973,-0.040060210901470605,0.6571435063837902,1000,1.0410355882875542,200.33225473650307,0.5768678886685047,0.17747765156896742,0.6655227128470321,1.3670205246145597,0.693179391212378,1.3888917853627303,1000
360,0.5356660280435701,428.75699072306014,0.31662601258091855,0.14449602448932508,0.25720667064854336,0.825487789664582,0.25245382004449296,0.8188782360426472,1000,1.0508564496302357,230.1965952703707,0.36826973248510775,0.14960074301820758,0.7761418604349796,1.3558464418523442,0.7576389933145489,1.3440739059459226,1000
361,0.42335739647524306,393.9734353628005,0.4737167860263719,0.16605368313052904,0.07173757487496402,0.7266371637970441,0.09789217753940616,0.74882261541108,1000,0.9848357220778032,257.74586065437114,0.32205583420218364,0.15368279939868557,0.6745070603863029,1.2761472625082408,0.6836174352563795,1.286054008899227,1000
362,0.7472615540320708,375.94877254432305,0.3991399723737547,0.18215611134331525,0.3800928541908215,1.128464343492072,0.39023557579917295,1.1042875322649688,1000,1.0123659577030795,230.14211167904554,0.4273986463031769,0.18464351201830623,0.6918898725364313,1.4696220601871546,0.6504646741471993,1.3742672412589596,1000
363,0.8537798399506138,253.57868991007288,0.9683746695696637,0.21751255186171925,0.47612616023138643,1.3106840877874872,0.42745523830164406,1.2801044415995835,1000,1.0733306679359909,198.97856274709088,0.6015389454416468,0.18362870952992388,0.7550410810259965,1.4732817519818324,0.71341839725734,1.4332429386146417,1000
364,0.6965161188671929,273.21451779791374,1.106789958966645,0.17389502467935944,0.34859844613110935,1.0224026805068758,0.3556818704956484,1.0373503672387374,1000,1.061808120061301,165.09500802149634,0.8538651580672132,0.17296864560183198,0.7174147441354736,1.3785026172534274,0.7227895746817103,1.4008266654408916,1000
365,0.6856085170409378,397.04864607739546,0.4146930834992177,0.19461798276129422,0.26880110160426196,1.0312810951321916,0.3041572708288012,1.0670597632530745,1000,1.0765035476491565,253.7276716167975,0.31347986660271754,0.15679332406336025,0.7538507012874134,1.37169246787287,0.7691886324849704,1.3838184628133425,1000
366,0.5202771937440622,358.8426739991133,0.5398556336694321,0.21768344484735427,0.12070595233360137,0.9836892182152714,0.09361764184324783,0.9469367456448766,1000,0.9514943030953069,216.4667163088702,0.4087714333280851,0.18321875856853478,0.6260020902037324,1.3383552929730156,0.5923855363009787,1.3106030698896352,1000
367,0.5538596940768747,396.02636506519514,0.3854536418036648,0.16713057766382544,0.20758499913372858,0.8599500179115468,0.22628376185577687,0.8814356262979726,1000,1.2566480552549089,242.30396211060818,0.3582175623192213,0.14553013615438304,0.9896259994749945,1.539581424171399,0.971408988392318,1.5418871221174997,1000
368,0.5175546642324047,336.12715263713943,0.5306573976816104,0.1959710649644949,0.13008316242260226,0.8728681513686772,0.1334513769019947,0.9016579515628147,1000,1.0254388441705387,186.4139423419397,0.5024750852276326,0.16791501987059265,0.6914709255392514,1.3483878679971084,0.6963254052241771,1.3545522831169001,1000
369,0.549936347207058,410.7818320637319,0.29337240015074945,0.17594885656852577,0.21177807012859637,0.889078221828358,0.2050765883327475,0.8947961060813685,1000,0.9582279351963154,262.26546254152356,0.358996238414107,0.15118980968109094,0.6505570304314126,1.2499638124776393,0.6618959082213771,1.2545599621712538,1000
370,0.21003505970988057,387.79132320001196,0.35988937880721855,0.21231740770402538,-0.1994078369737884,0.6202946721250335,-0.20610705939000917,0.6261771788097703,1000,0.6408687251683789,234.2614383375746,0.34612226056852036,0.16916461501883634,0.32409852635641584,0.9618545200413198,0.3093060797314597,0.972431370605298,1000
371,0.2675101464744918,373.3662051162573,0.36135321115772,0.17163406503878556,-0.06932668578128495,0.596679622284697,-0.06889262100152793,0.6039129139505115,1000,0.9173090396849504,205.87057781877624,0.42353437464083427,0.16438701142803372,0.6005070203334767,1.244944616795152,0.5951104972860043,1.2395075820838963,1000
372,0.37676208625963525,449.43576924022636,0.2476401430884542,0.15678500789569713,0.06837302978643373,0.6785013480833235,0.06946347078406889,0.6840607017352016,1000,0.9919045774837947,205.18779244197356,0.4196230946389843,0.13958592334755526,0.7067194475474134,1.2636435211632067,0.7183161677225864,1.265492987245003,1000
373,0.39768506389982194,319.3188172800699,0.503579119824396,0.16935958662648143,0.06906662888733688,0.7272773006600128,0.06574027411191835,0.7296298536877255,1000,0.9294407670160174,181.8171901367243,0.5122333206909492,0.16792162170090033,0.6336837297582544,1.2960621635650107,0.6003143884822528,1.258567145549782,1000
374,0.3263858012841334,345.27168714103584,0.5023675996099334,0.18074387995508776,-0.04079538091488671,0.6677723393179463,-0.027872203427838582,0.6806438059961054,1000,0.9402196248066534,230.691779997266,0.3666249700504348,0.1616530007397308,0.6079203902785014,1.2574968961504702,0.6233797433567811,1.2570595062565257,1000
375,0.39905933609990596,269.724626628827,0.7894942826560977,0.17532702204340786,0.061110412928467715,0.7399810463827734,0.05541837289482654,0.7427002993049854,1000,1.0066731148253782,190.55426550866434,0.540205388273167,0.16768446654475294,0.6891093380092057,1.3618195560606579,0.6780115603976624,1.335334669253094,1000
376,0.3414809275582167,363.2764445635827,0.49369537256773127,0.17789081668540108,-0.008935160884701728,0.6851983493981963,-0.007185073145169418,0.6901469282616028,1000,0.7849056238699634,243.52937962888515,0.32775117838571205,0.16379724455312827,0.47683143527073635,1.1152367390119413,0.463863024545832,1.105948223194095,1000
377,0.5219897894161072,354.7716271686395,0.5206419128599838,0.1718466700652987,0.18004640023413862,0.8469659306236716,0.18517031608812173,0.8588092627440926,1000,1.0626951939494442,202.12070874293073,0.4185379465526436,0.16566657346614228,0.7394515314500687,1.3913450023454972,0.7379887099558053,1.3874016779430831,1000
378,0.6122523415337131,284.4410616159454,0.6343987369464777,0.21731536358831058,0.19340756433327078,1.052645814883046,0.18631422890062438,1.038190454166802,1000,1.1006126934913567,198.02068290465002,0.5759939428860494,0.19935077555863487,0.7385775754756316,1.5320223921757399,0.7098851733964324,1.491340213586281,1000
379,0.626443225691482,285.3075940238535,0.7268198386364737,0.2218103789638466,0.2035931150977068,1.0737990048920587,0.1916948829223427,1.0611915684606212,1000,0.8921543438617081,206.83259847759862,1.2683218026790946,0.22493239188388872,0.5139990278404918,1.3821992008091113,0.45128685576928623,1.33302183195413,1000
380,0.6015616920541214,316.2212600036244,0.5984508879924965,0.22267567711657135,0.16058754875817402,1.0254144574742499,0.1651173649056415,1.0380060192026013,1000,0.9166731587929293,245.85973978252633,0.4017981499283392,0.17743799288770676,0.5421211626287243,1.2310777745179198,0.5688946927330241,1.2644516248528346,1000
381,0.5453473037076515,374.73371838966625,0.4030726524219851,0.22253367047806077,0.10130409116014837,0.9750653607795454,0.10918130957065236,0.9815132978446506,1000,0.833207932594556,274.38999450917845,0.4984444386611153,0.1935343354069118,0.45299962780773906,1.2541933089346218,0.4538806351970089,1.2125352299921033,1000
382,0.3567185882815478,306.4272077617787,0.8807455236959358,0.17557507089151284,0.024320537002422284,0.6974221715464668,0.012591449334182658,0.7008457272289129,1000,0.8937568527329809,202.38696918046423,0.4718603917462312,0.15637698634798275,0.5946648159542449,1.2048459222927588,0.5872579594909347,1.200255745975027,1000
383,0.7287555481164611,248.34231054189158,0.8908007806632544,0.3351038092663344,-0.034873464800863195,1.3206584537454167,0.0719520819544458,1.3855590142784764,1000,1.234009202568866,171.20404460747545,0.9562802724349005,0.18155390850582237,0.8729538015293137,1.5950369219080953,0.8781635418974543,1.5898548632402778,1000
384,0.28241555672973284,329.90234739757324,0.4951974435838368,0.15367170133651756,-0.043793448792955436,0.5573043941838535,-0.018780977889841566,0.5836120913493072,1000,0.9441206824824282,193.45728874756773,0.4610584888768254,0.1566861980131076,0.6368705108594628,1.2340797833521013,0.6370157343767373,1.251225630588119,1000
385,0.5549268672071683,344.6258752160714,0.574230651577259,0.20058481493644353,0.15829089265698731,0.9310256445692826,0.16178062993173903,0.9480731044825976,1000,1.130137000847189,202.8479365619516,0.44103876286323795,0.17402719637213704,0.8073107113470912,1.4766580780079703,0.7890436959578003,1.4712303057365776,1000
386,0.4757517062687695,432.38715256616797,0.32436305248962694,0.2025182864634079,0.062462444872204,0.8562026725758238,0.07881586480049008,0.8726875477370489,1000,0.8944569931855897,308.5943120769759,0.2505532987187504,0.1708310869899118,0.5472096572052831,1.2071055980640515,0.5596280626853625,1.229285923685817,1000
387,0.19977549447036846,379.35905019087255,0.3717018378854434,0.16835629073154645,-0.1234005449207191,0.5370518177911738,-0.13020283536346255,0.5297538243041995,1000,0.6746981628864432,265.1499668885718,0.3090592813645466,0.13799524881118108,0.40044265534094853,0.9481437716493586,0.40422747521652835,0.9451688505563581,1000
388,1.047959350063557,285.8816089242221,0.8872951554571129,0.21684115665195536,0.6362774660923103,1.500549703191093,0.6229506830257243,1.4729680171013895,1000,1.4004284222071854,169.04659705457377,1.6098363781073848,0.2316294041565922,0.9879032287649911,1.9128601734959882,0.9464347900602648,1.8544220543541061,1000
389,0.8352226798622175,402.21357842613173,0.3584387938793978,0.21327356962658242,0.39836998352139064,1.2461246859397468,0.417206483394116,1.253238876330319,1000,1.1486891743094705,243.86703068576864,0.5550948363767276,0.2039776100635211,0.7224550127191216,1.525198798742892,0.7488930585849691,1.5484852900339718,1000
390,0.7668589336962026,363.00577754300355,0.3756636145363757,0.21842525142220381,0.3278612778303,1.1890266595303343,0.33874544090868314,1.194972426483722,1000,1.2685452660756038,243.3241458370612,0.40337573339828436,0.17513218311795806,0.8726193406483282,1.5643991560814032,0.925286187164406,1.6118043449868016,1000
391,0.5690800099810973,376.4557391351362,0.5872459921457367,0.19846847819298516,0.18966453825686555,0.9674115281079559,0.1800817927228464,0.9580782272393482,1000,0.9168085581106049,231.79147283186174,0.7248281706835196,0.18655458533125138,0.594223614425441,1.3296159604968663,0.5511615708613522,1.2824555453598576,1000
392,0.3479027812802973,412.3520420136193,0.33419759601178717,0.17122912535203014,0.015252139486602602,0.6692636510245031,0.012293695590318232,0.6835118669702763,1000,0.9324982064568315,217.5159075856048,0.3905442247996111,0.1524975870186619,0.6294838089649449,1.2339835642508172,0.6336029359002542,1.2313934770134087,1000
393,0.4427744725102314,401.54461343470206,0.6069107088003082,0.19988863145443647,0.039074936438771024,0.8193330629347112,0.050992754859535916,0.8345561901609269,1000,0.9777807960722953,265.44988952012017,0.3501268984113349,0.1798105934993477,0.6779026779057791,1.3814786410114248,0.6253520328135738,1.3302095593310168,1000
394,0.7061813080559456,254.75101431627974,1.10547886894727,0.21458112897335693,0.3249214504548514,1.1404671496681102,0.285602295268166,1.1267603208437251,1000,0.964629211067757,164.73877076044175,0.614159067229755,0.17528910593694028,0.6866559057580225,1.3710559357186238,0.621062563431354,1.30819585870416,1000
395,0.3880888491194123,443.0384200037646,0.24177456506647402,0.17634082585627442,0.027178857644409544,0.7036265601084098,0.04246083044111448,0.7337168677977102,1000,0.9401950040481304,238.36868185231035,0.35754705170768225,0.17066775761854996,0.6017100276670344,1.2614911940910614,0.6056861991157725,1.2747038089804883,1000
396,0.550769355888665,306.16264274636205,0.6707389668583724,0.23779315900316592,0.07757446345059911,1.043204301730462,0.08469476424245986,1.0168439475348703,1000,1.1723701563075655,215.5881105236227,0.5535899307123981,0.19848850244859964,0.7694838413184014,1.5524307029972846,0.7833326915083102,1.5614076211068206,1000
397,0.653367496118586,399.87489676050353,0.3270877987706858,0.17805208835988673,0.2900847815984696,0.9864546726106527,0.30438540293320804,1.002349589303964,1000,0.962217721039714,189.71824177382584,0.7313206649184053,0.24523584844166565,0.4548839518401404,1.389080204559471,0.48155545809404937,1.4428799839853788,1000
398,0.7649799788747065,375.87254216404165,0.4097822437672522,0.18935113623433159,0.3880215521875259,1.1326972706624203,0.3938517518554166,1.1361082058939964,1000,1.1796133140332299,238.70420349259,0.349492779817723,0.159276846341031,0.8562157864121545,1.4772750816569116,0.8674306952048092,1.4917959328616506,1000
399,0.8178847931175293,357.21894363867824,0.4996981602883471,0.29793030370984064,0.335621582804829,1.491100050186094,0.23394139784624157,1.401828188388817,1000,1.1967633119802659,240.03428089907945,0.5916299953561228,0.34630634459418325,0.7589335104199793,2.084145537078296,0.5180028765756667,1.875523747384865,1000
400,0.445248910706205,319.158018985261,0.6965130054357013,0.19079005699410675,0.0786145076014498,0.8067900233213144,0.07130039899775575,0.8191974224146542,1000,0.9403322638003178,211.19896488221156,0.47612394011199466,0.16873269161986332,0.6478566564662283,1.2646201764291363,0.6096161882253857,1.2710483393752499,1000
401,0.38378826823506396,342.75913903644624,0.5569433419942516,0.1823463797027362,0.029615375318002513,0.7158559869426251,0.026389364017700978,0.7411871724524269,1000,0.8931320352968104,191.3445400209708,0.48012949330141075,0.15691918771478297,0.5985944347271589,1.1954193966728905,0.5855704273758358,1.200693643217785,1000
402,0.12364055830534815,320.4886448622129,0.6468174849526671,0.18678974417018138,-0.24804839750842056,0.4959134070517775,-0.24246734026820732,0.4897484568789036,1000,0.6693181195023925,257.9520846082903,0.3529280976774959,0.15393858141045286,0.39356350638883886,0.9828796556324491,0.3675984999379049,0.9710377390668801,1000
403,0.4421110336592262,373.18523671699415,0.44886880229621207,0.2505013879402197,-0.00327930034157731,0.9714173805248895,-0.04887168670360437,0.9330937540220567,1000,0.7820336702993651,256.7947804515183,0.5162853533353406,0.19217699276989597,0.4105140457801013,1.1392296744884638,0.405366764470369,1.158700576128361,1000
404,0.5620967379148167,321.42883126041295,0.5906140107195645,0.2285041465409651,0.1024131857323455,1.0160333224789617,0.11422861069452517,1.0099648651351083,1000,1.0461110494531503,218.13066565081357,0.5409576897954693,0.209000055734753,0.6589049248268786,1.4890444285646576,0.6364709402130344,1.455751158693266,1000
405,0.19739377825677185,340.91062346424496,0.4953154509025256,0.18927970396373858,-0.1919316316490036,0.5540585802864564,-0.17359444151215575,0.5683819980256994,1000,0.7941320521094655,162.49830182185454,0.5398173147499442,0.1772842298910252,0.43552893004722276,1.1395548400783928,0.44665496152305606,1.141609142695875,1000
406,0.3984154106871127,327.432564572272,0.5637376682265962,0.18815704233066155,0.03689404403609691,0.7851755852418664,0.02962760771901607,0.7672032136552094,1000,0.8612407008983696,173.13731135588455,0.6007247779986618,0.17618256681923927,0.5307825500451222,1.2428677296685353,0.5159228699326606,1.2065585318640786,1000
407,0.21584362507020227,283.56586027465454,0.6598066368976455,0.19697033641637984,-0.19707354626639434,0.5813738274633845,-0.17021823430590222,0.6019054844463068,1000,1.0358954875451913,183.7680755840302,0.5035682874891841,0.14607589781359862,0.7561723703529595,1.328502056634281,0.749586727830538,1.3222042472598448,1000
408,0.29535321967553596,401.95426672277614,0.419820287043999,0.1684889901656336,-0.037108538526209364,0.6277645515230824,-0.03488520104910586,0.6255916404001778,1000,0.8408638296816036,236.4857105339912,0.38548479418677417,0.15000555633593965,0.526288179516609,1.1117114898249483,0.5468529392631618,1.1348747201000453,1000
409,0.3683209922955353,450.5285932533585,0.22580823913249057,0.15441214575922993,0.05295985858280033,0.6605684844582977,0.06567318660744464,0.6709687979836259,1000,0.9777957881049315,244.30245897242622,0.331486449923644,0.14591898328507527,0.7076156030596686,1.2748747722110725,0.6917945808661841,1.263796995343679,1000
410,0.5648087385116343,355.06767911578936,0.4454326642789362,0.17095419182347396,0.21218494658299522,0.8844841985325126,0.22973852253762533,0.8998789544856431,1000,1.007507235026619,205.17804974506498,0.526891182612372,0.14943121068716433,0.7176169741784968,1.3079131717815786,0.714622062079777,1.300392407973461,1000
411,0.5560219961337807,394.55117408498944,0.38437025428539867,0.15179923810762722,0.23476669760719343,0.8587415241998141,0.25849548944283135,0.85354850282473,1000,1.0558745061465695,190.3302706449094,0.4574384272791499,0.14483497461006248,0.7674343672108491,1.3429155392459013,0.7719979559108471,1.3397510563822919,1000
412,0.3190753667157109,362.97166971160107,0.5386817665824304,0.14594605520805978,0.02628289474665204,0.5907580175503679,0.03302109850791374,0.605129634923508,1000,0.9131408767016094,229.03249532273276,0.3971866713627435,0.1286350221110653,0.6571331082849857,1.1653368748120432,0.6610162333639213,1.1652655200392974,1000
413,0.3259398507727673,272.91022888973396,0.8449998453767571,0.22982427063833313,-0.08883705849178256,0.8172057855563015,-0.12451571967836561,0.7763954212239003,1000,0.8720592437347294,189.84335127834356,0.6591198024590383,0.23118357156316446,0.48293833958835697,1.416487435161687,0.4189394434709271,1.3251790439985318,1000
414,0.5136799822999847,399.36099029441925,0.3397517003960124,0.18734268769551007,0.15049054991675528,0.875404335227076,0.14648831441678495,0.8808716501831844,1000,1.0867258200409529,205.03387706615075,0.41590719776489976,0.17488278922075567,0.7619500180475266,1.4568284337238488,0.7439555531682718,1.429496086913634,1000
415,0.3508074863419983,445.58178320749977,0.378976819337951,0.18100700273051643,-0.009829224337420468,0.6954493686625243,-0.0039662390098138545,0.7055812116938105,1000,0.917709382637109,309.4765808191671,0.25576598215902535,0.15763951340931825,0.617555412361128,1.2480894761074266,0.6087359363548452,1.2266828289193727,1000
416,0.9239109036258317,333.38687318738556,0.6223781456520485,0.16676227132582203,0.6030614171936397,1.258555049526629,0.5970568518272206,1.2507649554244429,1000,1.2484232194044345,223.12535403436473,0.5217930537059836,0.16647873949062855,0.948738276497675,1.6114132551784146,0.9221248900028025,1.5747215488060664,1000
417,0.9473395984267188,394.17485521145306,0.3771683762664135,0.186043027937952,0.5762639208525533,1.3182205523965922,0.5826952636683329,1.3119839331851046,1000,1.2273184218045472,247.75566924139497,0.5623229559574132,0.17786275802429433,0.881602129790975,1.5379955411427435,0.8787074160769304,1.575929427532164,1000
418,0.6576785574468431,382.4112231620889,0.39803511596437346,0.17946591938388626,0.2919371234150009,1.0106788760239078,0.30592535545442606,1.0094317594392601,1000,1.0219476593604746,272.4361335595251,0.3455119587149789,0.1644138082442176,0.7067813961082289,1.3527225529993203,0.6996965952018082,1.344198723519141,1000
419,0.6844159795219524,311.6588660829688,0.5776277466103161,0.19630665900608862,0.30406701997653957,1.0685310302893556,0.29965492787001874,1.0691770311738862,1000,1.2501858050770758,201.83394128839055,0.5842113893077449,0.17569888862634192,0.9301871702288186,1.6323137760972333,0.9058159833694457,1.5945556267847059,1000
420,0.31826463547598216,373.0786190321405,0.3862605926333815,0.15689892563666225,-0.01114910206821089,0.610164477740011,0.010742741228124186,0.6257865297238401,1000,1.0339917926717748,207.64164967781826,0.4409441125521876,0.14454807067857167,0.7725099666658403,1.3414797884591547,0.7506775741417743,1.3173060112017754,1000
421,0.47943032273988395,328.83808292475834,0.46158826233141054,0.220817279513779,-0.03626826095247214,0.8749870268573876,0.04662845489287715,0.9122321905868908,1000,1.0474871868053643,167.90925902226164,0.6789766747047041,0.17075508879077794,0.7139841815858218,1.3968847204041328,0.7128072127754396,1.382167160835289,1000
422,0.43815691966017356,402.50655433510326,0.45875644587268294,0.16682808186564882,0.09258711790768819,0.7486681534730949,0.11117387920350186,0.7651399601168453,1000,0.9164784950331963,293.03127329720013,0.27600720824869607,0.14307522389103852,0.6385044221756507,1.1915607543151643,0.6360510562067608,1.196905933859632,1000
423,0.5181333718425027,308.5242309272106,1.0744454299809263,0.20835985556132175,0.07449325139169186,0.8994909099144666,0.1097480549423121,0.9265186887426934,1000,0.8527694200704632,247.243077685171,0.5374298495130675,0.2207301209996542,0.40176259459896063,1.2618972013871945,0.420138382911141,1.2854004572297855,1000
424,0.6726729745222522,444.7874417514642,0.29299947780072755,0.1575961555547266,0.3723795708281545,0.9840763704768056,0.363784509634988,0.9815614394095163,1000,1.407644090934945,243.90461360774142,0.3190608699007674,0.14931066350660638,1.137063594152528,1.7163079116075792,1.1149951904619966,1.7002929914078935,1000
425,0.8906587353421593,298.90812084204873,0.7738946592009143,0.20506094050682055,0.5013947331222965,1.2992173512808385,0.48873929194879107,1.2925781787355275,1000,1.2964171690376345,163.03411267517495,0.8394681408895449,0.20889567090716596,0.9317485761566537,1.7818078381870524,0.8869816540595892,1.7058526840156798,1000
426,0.5021500707877702,389.58147127997444,0.33451127944155196,0.17381955372926908,0.12201229439051281,0.8070928982306708,0.1614637454784028,0.8428363960971376,1000,1.0827960348348271,255.435617131176,0.34496481413253877,0.1630472964182312,0.7302968367614383,1.384894978277004,0.763223333855094,1.4023687358145602,1000
427,0.41472365821783397,341.63834140201425,0.7566013640799472,0.18202629364830392,0.050082202055841143,0.7756706016221129,0.05795212266715832,0.7714951937685096,1000,1.1191482079500088,209.1939359526759,0.5462176176587161,0.15454986804457763,0.8042104437651644,1.4119073650207248,0.8162304665826366,1.422065949317381,1000
428,0.4450517613001317,340.70304183643344,0.6005299686599606,0.17715581188134408,0.08348056991822854,0.7695358944077287,0.09782637001269728,0.792277152587566,1000,0.9188111166286488,238.5910524423977,0.3722271781086926,0.13787854843986636,0.6321961836532155,1.197225969703396,0.6485691616865108,1.1890530715707868,1000
429,0.7266959593571842,369.0288062754958,0.5179554314288736,0.16199464888069454,0.40573147907206397,1.0299384874543411,0.40918644755102296,1.0442054711633455,1000,1.2796192285147132,243.74301716430608,0.39427534701640815,0.12474927141004968,1.0256688530747635,1.5086888608585618,1.0351106565510158,1.5241278004784107,1000
430,0.5586650967755071,366.59999161572193,0.3618809252054421,0.17001799409941498,0.20353838639298338,0.8888060701061975,0.22542982834065378,0.8919003652103605,1000,0.9457031034841812,202.69739784927677,0.7538465609624588,0.18171769080255665,0.598663454803076,1.3059559609251257,0.5895364295111701,1.3018697774571923,1000
431,0.5424901743882669,381.0401037692,0.5291462489724276,0.15480147389108348,0.23240659551617016,0.8228681194146565,0.23907928556174324,0.8459010632147905,1000,1.0468550999324049,221.46644029215722,0.3810133578740604,0.16059839072604112,0.7454323221201267,1.384225137831155,0.7320822541093643,1.3616279457554454,1000
432,0.5915603236935696,392.8539357736336,0.48448207813953603,0.1811852203751554,0.23186482209373496,0.9321749332510366,0.23643729175826506,0.9466833556288741,1000,1.2076922055893666,209.541852587866,0.4240566792365446,0.1409647138322831,0.9291502984897164,1.4659365073332797,0.9314013664780918,1.4839830447006415,1000
433,0.26900794079240375,394.4593332992165,0.3913843134541716,0.1698827189696711,-0.06288542264583823,0.5798290341072602,-0.0639621883881516,0.6019780699729591,1000,0.5729291540418542,237.7254140239142,0.41206422951508653,0.1603108239420952,0.2604894997527595,0.8931451916392473,0.2587199391153476,0.8871383689683607,1000
434,0.584361517547324,378.04813493807063,0.5221255029705724,0.1776330074775949,0.22972159021502017,0.9178957447403697,0.23620082289123806,0.93252221220341,1000,0.9927585094282492,248.12236520108775,0.44208266605197444,0.1497480192355271,0.7140287971059879,1.3136320913410249,0.699252391726616,1.2862646271298823,1000
435,0.45999504667156765,347.1800261121148,0.43177534812732754,0.15261372805170312,0.16138807873323943,0.7836759821878418,0.16087213969022957,0.7591179536529058,1000,0.9418442380985441,205.1354756352327,0.4249409908774458,0.1380972533162245,0.6801593629246451,1.2268441759667084,0.671173621598744,1.2125148545983442,1000
436,0.5283045559412858,400.5001039985053,0.328548833150893,0.190419330594952,0.1870416259558145,0.9177502441097677,0.1550826679751799,0.9015264439073917,1000,1.0964624577122986,207.92365672389099,0.41456305397673915,0.1742085867409234,0.772122352239159,1.4476809042311451,0.7550136277000887,1.4379112877245084,1000
437,0.4349546035107448,382.9147231497499,0.6798785099548352,0.18742104145175525,0.07656582965898343,0.7853811928522657,0.0676093622653045,0.8022998447561851,1000,0.888933243048946,257.40395590235175,0.5699025137743191,0.16469072557511302,0.573273187953563,1.1818166026008052,0.5661394209217245,1.2117270651761676,1000
438,0.7088616538210801,369.9304791014354,0.46499020964103316,0.22989207417358273,0.2621381020604729,1.1874410197317946,0.258273188440858,1.1594501192013023,1000,1.0622668655988896,164.80973034181017,0.951689628301752,0.30813966745965377,0.32584580428851284,1.5343684867867795,0.4583131173779682,1.666220613819811,1000
439,0.8769550875482546,412.0815233445515,0.37364311297420827,0.14444942463496582,0.5873269257256154,1.1488108639202177,0.5938342152637215,1.1600759598327877,1000,1.3847243088872014,225.56083188638164,0.35285920704079166,0.13530596899501918,1.1136934700281094,1.632847087837072,1.1195246096569638,1.6499240081174391,1000
440,0.5067872768600776,406.5523944085594,0.3060081097705976,0.1620997991790089,0.19713140979737082,0.8182687277390244,0.1890716704692202,0.8245028832509351,1000,1.0296177048831574,220.06733419705577,0.3834945116892432,0.16334497002332785,0.7040456588553775,1.332065777393052,0.7094615636374348,1.34977384612888,1000
441,0.38092385457980216,427.6357264369672,0.3019632297124125,0.169913026225009,0.003170504319906201,0.6836691656030239,0.047894323178784504,0.7139533859808198,1000,0.9336036368339236,249.39237321275053,0.31826383826443116,0.15034567084977266,0.6508392534096331,1.2370834451252022,0.6389261219683692,1.2282811516994778,1000
442,0.702621651880778,334.6546646342385,0.6283910429123465,0.20040394461350017,0.2923364527423268,1.070438324942862,0.30982992043831764,1.0954133833232382,1000,1.1079591083050633,250.88358362590938,0.3332825558584665,0.17266385963832478,0.7733973695328423,1.4245710273647751,0.7695379434139467,1.44638027319618,1000
443,0.29153272248439777,379.5605502205173,0.3636066174767252,0.21421421530802684,-0.1334871316568152,0.7154801292516584,-0.12832713951933483,0.7113925844881304,1000,0.851364202253023,273.08786262701045,0.29091006795047725,0.18743394946622072,0.4764633533463338,1.2295049217552352,0.4839936612992304,1.2187347432068156,1000
444,0.502540259629467,383.87780869153585,0.4373471276297369,0.187052662762643,0.1270806837637475,0.8690019004593748,0.13591704061468673,0.8691634786442473,1000,1.0818768713502775,179.6696779042341,0.833801824231938,0.23125944417374142,0.6399422395166554,1.4358814665116555,0.6286083607697444,1.5351453819308107,1000
445,0.18559383000788676,319.0088738711242,1.0718844486727215,0.19576815852248103,-0.19107355828512546,0.5898012505636255,-0.19811176069617603,0.5692994207119495,1000,0.8061668011162255,190.639946531965,0.7089253375310305,0.22202375395612567,0.43375746333413345,1.2780259036055377,0.3710002433622192,1.2413333588702318,1000
446,0.42702353512030955,354.1876814622821,0.4616341123960186,0.1572107257570862,0.11869045521026668,0.7311180775430801,0.11889051263642059,0.7351565576041985,1000,1.1009271081358674,259.3065721922435,0.3510041360678995,0.13981360238804266,0.8167730306990224,1.366513973189522,0.8268924474553038,1.3749617688164308,1000
447,0.45347828926823874,376.98254034423326,0.40687130234073277,0.16078905059969878,0.14474394628541984,0.7650938298181807,0.13833175009282916,0.7686248284436483,1000,0.9810516790265997,228.26753456786193,0.49174218106217993,0.1577974342652903,0.6797883005480403,1.3013505489594337,0.6717687078666308,1.2903346501865687,1000
448,0.5582285821459418,313.9247439241208,0.4775179038155604,0.17085243297949249,0.21160344806172507,0.8902709610993047,0.2233578135061366,0.8930993507857471,1000,0.8851333432612969,196.7244300961312,0.4919735332220791,0.15034342810723858,0.5916723732871702,1.1765141443406528,0.5904602241711092,1.1798064623514846,1000
449,0.33658794159682115,316.08674213581037,0.5757762400110542,0.1802283005674982,-0.010839079537036063,0.6999092733638709,-0.01665952751547528,0.6898354107091176,1000,1.0386651769430135,206.0933038893955,0.45598442047185833,0.15444104781244258,0.7498616834479621,1.3495624107443394,0.735960723230626,1.341369630655401,1000
450,0.7201460926562224,368.38156350443194,0.41828295886418193,0.1955879197158043,0.34482612971798593,1.087723412986412,0.336793770013246,1.103498415299199,1000,1.046223218114724,269.8937936790049,0.3606894458605275,0.1598211764187315,0.712034811770373,1.3375540094094005,0.7329737123340102,1.3594727238954376,1000
451,0.6115729323346715,390.10792360557383,0.44419664764359895,0.18721762507762268,0.2437289435668539,0.9941636184574174,0.244626387182531,0.978519477486812,1000,0.9128174092780963,288.7943575558084,0.2845608063427253,0.14425050540683979,0.6235792290403529,1.1955154715244931,0.6300864186806903,1.1955483998755023,1000
452,0.3010689555685029,435.72827031377767,0.25536113722050235,0.1748988890127183,-0.03533528954812808,0.6587594266378378,-0.04173286689642497,0.6438707780334307,1000,0.8780300548213251,246.17878752111878,0.4126096860961524,0.15986861370257985,0.5985115702175972,1.2251910111312168,0.5646875719642686,1.1913725376783817,1000
453,0.2626662313667705,278.6929980005867,0.8828415238821427,0.16891118102291908,-0.0822683410632774,0.6060802133092945,-0.0683996834381509,0.5937321461716918,1000,0.8604429181724802,177.6805311354035,0.5287291871476346,0.13391876526885207,0.5987359221678377,1.112603676722427,0.5979621382455301,1.1229236980994304,1000
454,0.37303454776059475,312.01643238925675,0.6907268498852168,0.19573184627550286,-0.024170631230212913,0.7243034322100653,-0.010599870939390854,0.7566689664605804,1000,0.9392540569620036,220.23001992531633,0.559823789097874,0.17636666765805276,0.605216098665999,1.2678143081147688,0.5935753883522201,1.284932725571787,1000
455,0.6307769111240371,348.242233941492,0.5406858972475516,0.1846721844413569,0.2644847776149819,0.9880364969249253,0.2688194296189776,0.9927343926290966,1000,0.9616301099281879,209.2117753818231,0.6073669101895754,0.1740957643854053,0.6555112730991468,1.3556844406041628,0.6204024117327935,1.3028578081235822,1000
456,0.5352345384190791,249.03347078307056,1.1144863096935085,0.19969585619200303,0.15754887435074924,0.930024708626406,0.14383066028275315,0.926638416555405,1000,1.0336469399953767,164.01873267216718,0.6961673405698158,0.19780912729062392,0.664333668151417,1.4197147455829484,0.6459410505057539,1.4213528294849995,1000
457,0.6828817125938236,366.37565043295837,0.4671624511991251,0.1738544076833076,0.3116727202765024,1.0055527676986273,0.3421270735345407,1.0236363516531064,1000,1.0947053210399122,259.20978019732945,0.3708288944541638,0.1607772961192718,0.7878852366941107,1.4365928537270811,0.7795818206461396,1.409828821433685,1000
458,0.5074592164076934,383.5428736627643,0.43011171445971635,0.2171571774824024,0.07113726710072839,0.9338566298827549,0.0818311485421847,0.9330872842732021,1000,0.9584804710013421,215.78679693007734,0.773045461155678,0.21354138819805965,0.5515450045387037,1.3571335578360573,0.5399393501331453,1.377021591869539,1000
459,0.7880817124557082,328.80909221272003,0.5679171689505703,0.19104226596588014,0.44084946559515525,1.1986053223562259,0.4136388711625832,1.1625245537488333,1000,1.1812717512981048,232.7453240784959,0.6848853992727298,0.18379767091688912,0.8751199679946908,1.5925614193462418,0.8210283163010021,1.5415151862952075,1000
460,0.4381075165988064,347.60335440096407,0.5618317852604694,0.20058731451652798,0.06326901489882629,0.8278595143839783,0.04495638014641162,0.8312586530512012,1000,0.5816589168942556,242.4228277754049,0.6122396119071805,0.18796288718150736,0.17339764560882984,0.9310021236437679,0.2132516580185012,0.9500661757700101,1000
461,0.8292028366513784,353.43279059420473,0.4313575297946466,0.1813358359424912,0.4761856081758574,1.1803942187061707,0.47378459820409563,1.1846210750986612,1000,1.245600069169845,216.1032990862209,0.39632692795532193,0.15777166930519992,0.9457534167802013,1.5565123830847039,0.9363675973316532,1.5548325410080368,1000
462,0.7022802852691497,261.14085384693584,0.8556183367059673,0.2027588444145321,0.32141711046902177,1.1115055389901858,0.30487295021666677,1.0996876203216326,1000,1.106123492125422,175.95236938139516,0.8595818415171637,0.16316358600811348,0.8096970711264583,1.4449536290193699,0.7863228635495195,1.4259241207013242,1000
463,0.48898152532304895,234.20213460461548,1.3596509068191573,0.2350386534962379,0.05431259592323295,0.9724830848373271,0.028305764470422656,0.9496572861756752,1000,1.1088325107393544,162.14328236294637,0.6414272976448836,0.18964190117309257,0.7833207242762009,1.5205597807867848,0.737134384440093,1.4805306370386158,1000
464,0.4128804434632056,402.6975520778349,0.41881212879561036,0.19193414062612277,0.0003818477841649748,0.7679017948698963,0.03668952783600499,0.7890713590904063,1000,1.1394312686687869,233.55817315099637,0.3725244664074421,0.17180729164343844,0.7687860152183654,1.4557811519766621,0.8026889770476475,1.4761735602899262,1000
465,0.5646850369484588,339.48184366464716,0.5563244292381401,0.19114518911974668,0.20613606355615743,0.9433512458923867,0.19004046627375537,0.9393296076231623,1000,0.8861747173214742,182.23224206120193,1.1345573809625362,0.23773143649021192,0.32384006758278666,1.3134379201425832,0.4202211018006589,1.3521283328422895,1000
466,0.7076565308815246,359.41559256330885,0.5695034914711581,0.1717076577218067,0.31776038233553977,0.9980664510092362,0.3711095217467834,1.0442035400162657,1000,1.1130713017235356,185.68186196305865,0.8843178728178384,0.18874507970091073,0.7204658012040792,1.4485776541078113,0.7431309455097506,1.4830116579373207,1000
467,0.40948965593691966,370.67224477961565,0.4803765705471507,0.19418842480330784,0.0015342713374823366,0.7656084798312598,0.02888034332243633,0.790098968551403,1000,0.853658246332313,250.8059080187871,0.3400721830472254,0.17186393548232365,0.5019937555977996,1.1860014745458776,0.5168049327869586,1.1905115598776674,1000
468,0.6633853510018013,429.8902688986208,0.3682466281060127,0.17196883760027512,0.3150681667577051,0.9811553673402983,0.32632642930526207,1.0004442726983405,1000,1.1935552731188555,234.11075757166475,0.38279348567066085,0.15253806006215556,0.8918108312339907,1.4724861712953825,0.8945806753970306,1.4925298708406802,1000
469,0.27580107995626646,402.1475546689682,0.3465889061599722,0.17008530621951776,-0.05829813594451779,0.6069720747911934,-0.05756612023398833,0.6091682801465212,1000,0.8088663106179763,223.38449683376777,0.471642236327596,0.1667256724127033,0.5002698387198224,1.133854071202833,0.4820839926890778,1.1356486285468748,1000
470,0.6456442989558919,364.7869835061575,0.4454564990824338,0.19334382301243766,0.26468751983725086,1.006849374521536,0.2666904058515141,1.0245981920602698,1000,1.036279075167391,266.4551864499127,0.3093993645187688,0.16467993754181579,0.6925235420101523,1.3452003335838307,0.713506397585432,1.35905175274935,1000
471,0.4750954886122636,318.4496670517893,0.6630044260068754,0.23173928045060455,0.027053879983700138,0.9242971663535663,0.02088649892907868,0.9293044782954485,1000,0.9129944032560573,220.6863212592793,0.5140010297264844,0.22211863394754675,0.5647988693447585,1.4512850976883727,0.4776418807188657,1.348346925793249,1000
472,0.36866586873045026,345.9840181668165,0.4301880696437041,0.21029961428833782,-0.04538214919866822,0.7835827846040656,-0.043521375274691854,0.7808531127355924,1000,1.0457939705523382,204.46644102734317,0.4901404649205639,0.19788184945225903,0.7137345627841701,1.461831989409398,0.6579455456259106,1.433642395478766,1000
473,0.6626742519460587,289.24867242720273,0.727039061855908,0.17938528717524127,0.3011866497946936,1.003647723526709,0.3110790890825858,1.0142694148095315,1000,1.274737801985395,183.70791421621377,0.5332715230478627,0.15980422920080078,0.954271459724795,1.591806297936706,0.9615215127518255,1.5879540912189645,1000
474,0.6222601004332176,364.99129189474104,0.5185755645712341,0.16856555201736045,0.2847152554274716,0.9351991658452453,0.2918716184791911,0.952648582387244,1000,1.0886435745270364,217.20458373819014,0.38906611868576574,0.17501844111499376,0.754770705658753,1.4288238111074445,0.7456074299416486,1.4316797191124242,1000
475,0.5057214081392258,371.88352818696455,0.3967818172801087,0.17001127430182517,0.1618060928850852,0.8441440727882941,0.1724993105076485,0.8389435057708032,1000,1.0118250135681737,173.08396577369425,0.5227308603880266,0.1723752883076153,0.6638597892130187,1.3407813260552073,0.6739694484852476,1.3496805786510997,1000
476,0.6542274804198764,284.64960080408997,0.6979327880579254,0.16542557280631456,0.3288108383311964,0.9801142090849981,0.3299933577194999,0.978461603120253,1000,0.8894229308458028,225.46131900312946,0.5044683405987829,0.15367818836518513,0.6075407417856797,1.1973007124880997,0.58821368165004,1.1906321800415656,1000
477,0.5167626514678494,273.2418501554553,0.9004509294869986,0.20077601777575685,0.13463297310888808,0.9010339674170283,0.12324165662736597,0.9102836463083328,1000,0.9030099432573051,221.49009175293207,0.6340659005922317,0.18127894439761189,0.5991502599684232,1.327061364507974,0.5477032122379858,1.2583166742766245,1000
478,0.5844288630316106,461.67160278886377,0.29476943152851237,0.18724194631425195,0.22830675720027385,0.9493770885217816,0.21743464825567677,0.9514230778075443,1000,1.074173995852573,289.2278453131608,0.2765273792018417,0.16603355968404626,0.7481205226584192,1.3987865000641817,0.7487482188718422,1.3995997728333036,1000
479,0.7840203729885142,346.6551181091197,0.5543024110788266,0.22036686996432822,0.35302490173411766,1.1900836359658562,0.3521013078584309,1.2159394381185975,1000,1.1875229160967722,233.87855799834975,0.539156436142459,0.19024072748790188,0.8457544990675161,1.582471747602954,0.8146510902204844,1.56039474197306,1000
480,0.5517478651658845,356.4011798731717,0.5559559238013801,0.17232799163707113,0.1966927540816542,0.8866017658939385,0.21398500155722505,0.8895107287745438,1000,1.0489508069146312,184.2752556676827,0.5168221975138287,0.16459500468590754,0.7220893687784846,1.3839755432723584,0.7263445977302524,1.3715570160990098,1000
481,0.5839111132338926,362.61120073276896,0.5850266651841707,0.173703258274666,0.23133414886090603,0.9048333784694651,0.24345272701554715,0.924369499452238,1000,1.183541457678066,227.93398792044047,0.36436993970307946,0.1644024220359331,0.8788436744619773,1.5329925140512242,0.8613127104876372,1.5057702048684949,1000
482,0.5717677017438403,205.57387284688204,1.0666608400742628,0.23000089956037803,0.08621516129872929,1.0295460608423639,0.12096593860549937,1.0225694648821813,1000,0.6345208001975173,117.67974654313561,2.0359694645416657,0.28495686688450156,0.04534160288632952,1.1703618436156409,0.07600534110389434,1.1930362592911403,1000
483,0.34487473141648994,322.42503476067236,0.5979017483836193,0.20064837943017358,-0.03770609444562305,0.7614496701675092,-0.04839609226665026,0.7381455550996301,1000,0.9174179062819161,188.6166583723951,0.6102233873410101,0.17891400396767518,0.6151970758816545,1.3008385614043576,0.5667464585052728,1.2680893540585594,1000
484,0.7232510420642697,362.2612596488184,0.42741809818481236,0.2085405497194984,0.3508327575535759,1.1414401288350815,0.3145115646140529,1.1319905195144866,1000,1.0111032766850112,240.76774189991266,0.41669536083244074,0.15256113792961004,0.7496313840434617,1.3287741655064855,0.7120834463429755,1.310123107027047,1000
485,0.9394269649572164,281.25125015097694,0.7222869013937018,0.26801643440953526,0.5201268797558849,1.511265164867244,0.4141147535145273,1.4647391763999056,1000,1.1505935397292775,133.0526686048258,1.12816862954572,0.2865394487394958,0.793117863200007,1.880897634239818,0.5889762201998657,1.7122108592586893,1000
486,0.7724355838735653,350.0421839267524,0.5567525216611445,0.18021797739859785,0.41403543143291516,1.1170951324169152,0.41920834817231345,1.125662819574817,1000,1.3095649245272845,212.72450559540607,0.471659869663651,0.15957580563211235,0.998513883055881,1.6145025427880355,0.9967963454883443,1.6223335035662245,1000
487,0.4061742188037667,345.5373065680324,0.5375123918159681,0.16972048939757373,0.07801949841924281,0.7382563139203622,0.07352205958452218,0.7388263780230112,1000,1.0079415310155677,222.61460975202147,0.4088946399773949,0.14648225934319653,0.7055541701813587,1.3029632154260915,0.7208363027029026,1.2950467593282329,1000
488,0.38302319729687984,307.6036204310023,0.7752257749436902,0.19734719471758905,0.016617108479470653,0.8116870028364758,-0.003777304349594668,0.7698236989433543,1000,0.8517453964127104,221.51075407319166,0.3695384152349267,0.18928637633300144,0.515021103000267,1.246672416893292,0.4807440988000276,1.2227466940253933,1000
489,0.6675101632672034,395.36454854326917,0.5295538913342234,0.1744416695497461,0.3468509462052747,1.013865339162208,0.325604490949701,1.0094158355847056,1000,1.1892596705663685,309.82677513985766,0.2548668033233471,0.14279130518031316,0.921195975176501,1.4776510158909621,0.9093887124129547,1.4691306287197823,1000
490,0.3557596606677742,302.915973162772,0.9263325203797744,0.17941741739995537,0.016717365031524368,0.7024383798553551,0.004101522563861704,0.7074177987716868,1000,1.0282120193613,202.19030678303517,0.46600181021689324,0.15600046270774964,0.7226331749081749,1.3373414957020529,0.7224511124541106,1.3339729262684894,1000
491,0.7527078596715175,351.1142926970724,0.6355273767963647,0.21416788369134543,0.3427102833521404,1.1928193774627522,0.3329388076364805,1.1724769117065545,1000,1.1190126222469488,232.4874319435521,0.6649394714207892,0.17638496775962295,0.8508356104737157,1.5174679117713563,0.7732980854380878,1.4647271590558097,1000
492,0.6449148015919559,363.54737178344413,0.4058419842128679,0.18328532408845738,0.26237924474102853,1.0043698345382908,0.28567556637857944,1.0041540368053323,1000,1.0557656676604,229.92932111803623,0.39821377516560186,0.1723341503354931,0.730423198132934,1.3823675627336003,0.7179907330028334,1.3935406023179664,1000
493,0.15647901413200183,345.36912751812457,0.5976923596160215,0.21611204899019013,-0.2342961677277198,0.5743421050041109,-0.26710060188877083,0.5800586301527745,1000,0.6404850477135811,207.5287712187492,0.4973838584462587,0.2028010599640639,0.28004725319228746,1.0541025911098247,0.24299497018401583,1.0379751252431464,1000
494,0.21651088466301216,310.70593996585296,0.5573761149903148,0.17489052530249946,-0.12555537940172204,0.5527273633621316,-0.12627454492988677,0.5592963142559111,1000,0.731725044990422,176.41452105410605,0.5048665588834599,0.16834571382445257,0.40772604724524103,1.0704760097263146,0.401767445894495,1.061682644086349,1000
495,0.42073710929089314,250.1510689160708,1.1449794681150056,0.2522940771424121,-0.09446072657951285,0.9104056885589135,-0.07375928190823455,0.9152335004900208,1000,0.8475017629558406,208.20683515033542,0.6546793005022642,0.16651632827393445,0.5381506377420022,1.1855343009267618,0.521129759538929,1.173873766372752,1000
496,0.6744200971389089,284.34730728114107,0.6719451587190202,0.19983106413112298,0.25293811753757584,1.0497298206523378,0.2827512114419079,1.06608898283591,1000,1.238199048185126,201.86265479904253,0.4706523152234387,0.1648876057479366,0.9329034098897936,1.5570110965794133,0.9150193409191703,1.5613787554510816,1000
497,0.36235868191568477,388.74855342805597,0.44687996125249524,0.1976234450996309,-0.03857572773690186,0.7394850692232996,-0.024983270479591757,0.7497006343109613,1000,0.8803882113006019,192.72165391426358,0.5172039315766751,0.18433482527411266,0.5323456841413086,1.2622639989838722,0.519091953763341,1.2416844688378625,1000
498,0.91272126959357,351.0388046062291,0.44994625411010153,0.17644341495923255,0.561130848102904,1.2494453973390787,0.5668921762734742,1.2585503629136658,1000,1.301407325203627,210.37267507693764,0.42984076251534,0.1639131806036373,0.9851693189230444,1.62891573712865,0.9801374912204979,1.622677159186756,1000
499,0.699754643918371,374.5999860495672,0.4210223721053753,0.18863097590705635,0.3070073275886479,1.049472684280393,0.3300379311405406,1.0694713566962015,1000,1.1956321396194163,174.33427439746143,0.699946082224276,0.16850046399465093,0.8273504546282604,1.4986103052626634,0.8653712301899005,1.525893049048932,1000
500,0.4102293250183555,348.8191083377831,0.4356208146474652,0.2024979626758355,0.029297926320841428,0.8141940391211971,0.013333318173717967,0.8071253318629931,1000,1.1522293870796236,176.43893049208955,0.512975310554628,0.1744503579114463,0.825089824678379,1.485021958613487,0.8103066855731889,1.4941520885860584,1000
501,0.6619636793650421,308.3142902473608,0.7379579329746486,0.2190841972409014,0.21185361921670035,1.0670675254146358,0.23255865277287535,1.0913687059572088,1000,0.5163819395797273,145.74192633835108,2.6014735850145407,0.5737113152488147,-0.9263085670930394,1.2173134924705031,-0.6080922383079495,1.6408561174674041,1000
502,0.5249227179881428,426.4401868078483,0.3006425990265489,0.1894267101196861,0.15405841628279185,0.8644527924459734,0.1536463661535581,0.8961990698227276,1000,1.0640907192299767,276.1110777051861,0.2964271798916029,0.149521456328676,0.7657134080639629,1.34784693294939,0.7710286648257717,1.3571527736341817,1000
503,0.7747559371560269,351.4462726973884,0.42718560331253924,0.1684320171550136,0.4293615915711461,1.092267863621443,0.4446291835322002,1.1048826907798535,1000,1.1238525638312953,204.12036466989244,0.6115553093014761,0.1821096554840288,0.7719939961531546,1.456319891003328,0.7669176390825989,1.4807874885799917,1000
504,0.6171800617624346,263.08264558733737,0.8057041295951974,0.21261836654482136,0.22807611327331653,1.0491431868613657,0.2004480633345847,1.0339120601902845,1000,0.9070973164778318,184.19035395081525,0.7370850258779574,0.19909141714633244,0.582592074596865,1.3183888932584464,0.5168781388710202,1.2973164940846433,1000
505,0.7367696227799421,399.89689580014664,0.38731288990430696,0.1785823019820739,0.37285128982185933,1.0736544953012432,0.3867483108950772,1.086790934664807,1000,1.3286518955354572,201.92362446594217,0.4584328247624079,0.16725306177853755,1.004464632500976,1.6441042004001603,1.0008358944495237,1.6564678966213906,1000
506,0.6560846530448061,382.9034639532936,0.4359863606943806,0.1546921593054038,0.372967410756194,0.9484349699362484,0.3528880208062147,0.9592812852833976,1000,1.2517387639248885,263.3125284287036,0.30568165168519235,0.12711142104881024,0.9937352901653848,1.4990051718224962,1.0026003786692204,1.5008771491805566,1000
507,0.7974522465420004,328.1868141074757,0.5468420056926181,0.1931155222148271,0.4300771013904227,1.1859664071412306,0.4189458230009393,1.1759586700830615,1000,1.2769516350019732,200.50982743879405,0.5904060071088664,0.17971443336923376,0.9449595123849936,1.6529852621138306,0.924711345598275,1.6291919244056714,1000
508,0.5014881947198928,413.3081575773415,0.39137705337010803,0.17787976795454616,0.16197068272234627,0.8913476776863545,0.15284384952898233,0.8501325399108033,1000,1.0807203026371845,225.10541071907312,0.4025648321265863,0.1627668628246068,0.8159954746611452,1.4550841940206283,0.7616972515009552,1.3997433537734139,1000
509,0.28127888417440916,261.4007791383997,1.7677674509357066,0.4663334808336466,-0.8694191001864634,1.0366133139947178,-0.6327347382595382,1.1952925066083564,1000,1.049439106351274,233.73448714090824,0.5270203263978237,0.16905023493540786,0.7560414702919102,1.400177977995087,0.7181006458778747,1.3807775668246733,1000
510,0.5455188710207413,359.6471824868259,0.4325333849814803,0.23488045159739912,0.08392635299326155,1.0210234486306984,0.085153185889839,1.0058845561516434,1000,0.8870823946480493,240.58941793930873,0.42273496176194497,0.17518801551067364,0.5649826597755725,1.2716099574315265,0.543713884247129,1.2304509050489696,1000
511,0.5813386182737434,374.23842404847346,0.601895191117519,0.19457887176885086,0.19943162485034766,0.9703762224282384,0.19996402960679577,0.9627132069406912,1000,0.697059774274337,215.14599798127432,1.1644097274102905,0.22671219820115557,0.282647005977796,1.1304896112638934,0.25270386580007204,1.141415682748602,1000
512,0.7811918122078416,320.3275545730748,0.5411451782245341,0.23610328164888914,0.338085624275135,1.2740356291484227,0.3184293801760189,1.2439542442396643,1000,1.1880069624272118,199.43376094590573,0.596825344688,0.2122344017348769,0.8806478041389609,1.7153361864613417,0.7720275350268531,1.6039863898275706,1000
513,0.5009935943213297,314.1023547509654,0.8416508003258878,0.17380040863147234,0.16414857799587992,0.8432875456667387,0.16034479340364394,0.8416423952390155,1000,0.8268595309568414,189.34248632351606,0.7321699207266028,0.17804610756054248,0.48247678785856424,1.184408448239271,0.4778891601381781,1.1758299017755047,1000
514,0.2512137974394202,356.0413020470293,0.4658885905728795,0.1999549909328923,-0.16946189140122037,0.603134509168407,-0.1406979847890487,0.6431255796678891,1000,1.01481269538799,197.75996034219202,0.475981288361694,0.18474158929580842,0.6549875329756333,1.3682898034987965,0.6527191803682054,1.3769062104077743,1000
515,0.9511191673861945,216.6549064877897,1.1495543453686716,0.2763499121425929,0.4476148526124841,1.5408673926423977,0.4094733395867124,1.4927649951856767,1000,1.4444646374805012,146.88301882687006,0.9038289225275079,0.2986748681282572,1.000351494009629,2.1903789614819043,0.8590618959491171,2.0298673790118853,1000
516,0.6671796067779896,354.57650076721166,0.5054123509424688,0.1966863943261144,0.27926993797018806,1.066505795767223,0.2816742738988054,1.0526849396571738,1000,1.4048736770815498,214.64891295198547,0.43486783631694975,0.179948658013719,1.0650178122043554,1.7827899067046546,1.0521743073746606,1.757573046788439,1000
517,0.048838282944656974,369.6652546289461,0.8078417631718195,0.17531097412634417,-0.2755406812098672,0.4008534346418979,-0.2947712263429776,0.39244779223229154,1000,0.7091946098083901,204.18410442334763,0.7633558854115287,0.17049812494221692,0.4365722462234692,1.1003368483269997,0.37501828492164496,1.0433709346951352,1000
518,0.15874118536957216,400.5839801266077,0.29638003042502004,0.215721217033633,-0.2511441603525546,0.5930066087019711,-0.2640724000163485,0.5815547707554929,1000,0.7566421577216289,245.97145965037433,0.35128124205429073,0.17576594106237448,0.4504827621486962,1.1289531938212916,0.41214091323937496,1.1011434022038828,1000
519,0.5085013765344306,258.80207832664394,0.9594582248667979,0.17071556184411277,0.19991377088291154,0.8457781706798577,0.17389887531996961,0.8431038777488916,1000,1.07515110884298,181.10077138410597,0.5815556274824207,0.1676851212768944,0.7708510194231428,1.4401822585233321,0.746488271140267,1.403813946545693,1000
520,0.6664914448388828,377.98231724292515,0.3684270159814293,0.19704147500490302,0.286292737819215,1.0510395225098035,0.28029015382927286,1.0526927358484928,1000,1.1136759610983837,228.01814108453107,0.5014865014125335,0.17380130341054284,0.751933737535813,1.4688805246125831,0.7730254064137198,1.4543265157830478,1000
521,0.4837414382073617,370.29005592613123,0.4401549782207453,0.1970000010757954,0.10985607779474585,0.8866816035131116,0.0976214360988027,0.8698614403159207,1000,0.8037904883561979,239.71140605901653,0.4481393762659879,0.1572238828502332,0.5288698455940276,1.1341553563080091,0.4956316779697409,1.111949298742655,1000
522,0.19959499730332242,316.3604674680795,0.6709007656120699,0.17763346866840596,-0.17992215891939542,0.5162211323655214,-0.14856660128675325,0.5477565958933981,1000,0.7578396350063574,201.14590484492484,0.5284347928112446,0.13629648986511414,0.4669310107830578,1.0182734181718456,0.49069851487073374,1.0249807551419812,1000
523,0.8389479018433432,337.906654546453,0.4453772761014233,0.248077099809347,0.36938121180928424,1.3571123735975945,0.3527167862170231,1.3251790174696634,1000,0.9924184404083984,164.556241899956,1.6299798112019042,0.2992823271381102,0.5185226593287254,1.7038170418254217,0.4058250792177025,1.5790118015990944,1000
524,0.5628782018122691,376.78944316631646,0.4615961471346969,0.21053685337252648,0.14820818335809913,0.9766523039056669,0.15022596920211723,0.9755304344224209,1000,1.0154557359154444,221.02628710719824,0.3981129851855012,0.2024557875193481,0.6529954409521443,1.3722689082185353,0.6186423923775222,1.4122690794533665,1000
525,0.6185658919794155,286.05259449519633,0.5460833358338449,0.2228197250930306,0.20359955253256698,1.0851677664469823,0.18183923079707548,1.0552925531617554,1000,0.9025681705187121,198.13726173519365,0.6820520147116822,0.19165920240720904,0.5666946419525165,1.3520158421394841,0.5269161338005823,1.2782202072368418,1000
526,0.6287880364146123,450.6366317681867,0.23183017985613252,0.17967961856626252,0.27484088772609727,0.9767073534484773,0.2766159840247378,0.9809600888044869,1000,1.2045839685231474,205.81145166940638,0.4038016632278256,0.19358773407837437,0.8336683571533381,1.5902334702092085,0.8251520097295337,1.584015927316761,1000
527,0.2715851410564176,372.60546341631897,0.5287463614930553,0.21643552377570494,-0.18961332199887504,0.6544500628778862,-0.15262848554396402,0.6957987676567993,1000,0.6972311841523839,202.56424275608052,0.7950836556431915,0.27154642163638804,0.1292631027902246,1.0519968135276103,0.16500019774506336,1.2294621705597044,1000
528,0.7251470455264095,381.4499580655022,0.3572640500184325,0.16379347481766274,0.39811116662475027,1.0421070420565066,0.40411183488379054,1.0461822561690286,1000,1.1748275007667286,209.14489447301065,0.40276887195620525,0.1354865001293526,0.9193075788685859,1.4457232407671292,0.9092739605131975,1.4403810410202595,1000
529,0.46816187746943294,327.0455637655895,0.8684987917874166,0.17084855713461802,0.1151967210366717,0.7824012339565815,0.13329870548558165,0.8030250494532842,1000,1.1655350032281162,202.06268701180136,0.4243824363324003,0.16234478080506656,0.844637376040455,1.4890176052541046,0.8473392328501858,1.4837307736060468,1000
530,0.7727217775309416,312.25718151643605,0.5172662784072519,0.2013715435206615,0.3879284086652789,1.1489383347153963,0.3780335522304451,1.167410002831438,1000,1.1172144490131135,214.8034470132607,0.5690173912287446,0.17567433858157563,0.8184520524611854,1.4863079504949643,0.7728927453932253,1.4615361526330017,1000
531,0.6081416773606287,316.55587331409777,0.795746414640697,0.20534833933671354,0.21295505297397888,1.0009916037021098,0.20565893226067022,1.0106244224605874,1000,1.0778703475355016,213.21107890309932,0.6520898031699589,0.17673892804257996,0.7473223150242426,1.4314473613920509,0.7314620485720449,1.4242786464989583,1000
532,0.8073680074639524,365.7073510491117,0.5076808627760079,0.18568303280889484,0.4597989248656703,1.1849309283729739,0.44342926315851855,1.1713067517693863,1000,1.280994041157785,219.52337243208436,0.4239246775688561,0.17106091229795145,0.9406823669024967,1.6188871037361647,0.9457146530538001,1.6162734292617698,1000
533,0.573148493682921,291.22780629039465,0.635873645915005,0.27305660421314776,0.08891487316078565,1.2177838114394275,0.03795754942515139,1.1083394379406906,1000,1.0392209409812256,207.05297459093654,0.5877802237857961,0.24111447197364833,0.7708572970999676,1.778242467067458,0.5666365759128749,1.5118053060495764,1000
534,0.3314388571767486,251.8886051035462,0.952706524011848,0.21042049045475042,-0.11763445243187694,0.7297728718458254,-0.08098530411456223,0.7438630184680595,1000,0.8948887466881135,168.10074780195635,0.7088071865172054,0.1788493297952538,0.537978779904484,1.2591720148616612,0.5443440602894161,1.2454334330868109,1000
535,0.6527613026517165,385.96010116576474,0.3795631477216337,0.18299972213374266,0.2723327055283979,0.9938724487361079,0.2940818472695809,1.011440758033852,1000,1.236045402332988,237.43750599070415,0.3560136383735022,0.14541016106334217,0.952712702622202,1.5282298146913438,0.9510414866488375,1.5210493180171387,1000
536,0.30467742183250746,449.9206610439627,0.22396735758601413,0.1802288273205796,-0.09627653209396078,0.6408980508443777,-0.048571079715828525,0.6579259233808434,1000,0.7241523520879083,229.54003586098975,0.35652486349779705,0.16530413075052758,0.38372743010512894,1.038992975991681,0.40015625581687425,1.0481484483589423,1000
537,0.6126291822013892,311.0887155871217,0.6860549118130597,0.2508249464082933,0.08835182825770177,1.0526248260735833,0.12101228724113433,1.104246077161644,1000,1.2868814906130752,204.90688481481143,0.49418793697159985,0.17713271210195852,0.9634481053369025,1.6499125149333935,0.9397013748932366,1.6340616063329139,1000
538,0.29416644298855443,278.30482548801945,0.6296304955796639,0.1961878878039848,-0.11585902523682302,0.6465068617085696,-0.09036181710725577,0.6786947030843646,1000,0.8493747142275594,190.3694437974132,0.6419365603164753,0.17548477314954292,0.49902895526722235,1.1274290162953053,0.5054245588544553,1.1933248696006635,1000
539,0.5225087373771533,416.4136446166212,0.3118304878985297,0.20775938210380973,0.09008870346650392,0.8994323703263246,0.11530034845368625,0.9297171263006203,1000,1.159025444172677,208.98653304355838,0.41255058297177294,0.16387640550962643,0.8375386978420298,1.464839612532325,0.8378276893738092,1.4802231989715449,1000
540,0.6686352997754184,367.5870923860738,0.5140437293000001,0.2014165440444186,0.2897182839997704,1.0702676352820841,0.2738588734483579,1.063411726102479,1000,1.0477911422175898,268.748862200256,0.3086077307934441,0.16395431887457257,0.6996398187549255,1.3617923627314785,0.7264406772234275,1.3691416072117522,1000
541,0.7886281523096987,376.8446934315959,0.3857064482852631,0.23296534874546426,0.31101722599949666,1.2155496992527028,0.3320160687685888,1.2452402358508086,1000,1.1876566823592407,233.3328911687093,0.48682727120054753,0.2047747019254152,0.7561136084001469,1.5648884725374819,0.786298266585427,1.5890150981330544,1000
542,0.7342113786507736,367.05294040326345,0.4837413153244884,0.18139958206764253,0.34346662110323767,1.0646234246996522,0.3786681977981942,1.0897545595033529,1000,1.1093640855331968,232.66450976388282,0.9266628970169926,0.2542532963219401,0.6418055348553882,1.5164303534576784,0.6110276247421942,1.6077005463241993,1000
543,0.6706219582138462,334.29067284069606,0.5079239552930517,0.1928133859979766,0.2900272495038978,1.0413824369495213,0.29270772165781206,1.0485361947698804,1000,1.0486111784512486,203.80248166911136,0.771577816797962,0.19277550217971592,0.66274464975001,1.418843995532278,0.6707711941790054,1.4264511627234917,1000
544,0.7545047526229531,366.27629886937376,0.5240040688905989,0.16654723981175187,0.43313621552506903,1.0646994300122135,0.4280721625919195,1.0809373426539868,1000,1.0254540921662327,236.57495143928497,0.5162131161416516,0.1620148208451409,0.7106294303187687,1.3497454252951113,0.7079050433097566,1.343003141022709,1000
545,0.5491800108673237,296.5796996540304,0.6942059172423983,0.175125342586779,0.22932082904457524,0.9109881387100788,0.20593433939723688,0.8924256823374106,1000,1.1736332357504997,200.80832798433684,0.519715333166077,0.14901016857754046,0.9035495500650687,1.4963579238708524,0.8815733053385204,1.465693166162479,1000
546,0.41440537042011094,281.3256630229414,0.8127807080359065,0.24304925052120754,-0.06705427897251097,0.8628378608362612,-0.061971160601455855,0.8907819014416778,1000,0.843229834722889,168.24254864390682,0.687105279830453,0.2293301916845622,0.3818974282265525,1.1955498257447323,0.39374265902114713,1.292717010424631,1000
547,0.5687405437301143,404.7041699290757,0.39268472304462226,0.19354540526124878,0.17939566057865103,0.9099211601951165,0.18939154941806668,0.9480895380421619,1000,1.097864890928284,246.59426755854284,0.32222073109786514,0.145652084221752,0.8197679576087932,1.3742664620901859,0.8123868058536501,1.383342976002918,1000
548,0.8016753446491252,309.3710968136685,0.5734421777819195,0.17639493221167038,0.4641622914945832,1.1563953949108647,0.45594127751425123,1.147409411783999,1000,1.140335969441436,168.4066893573366,0.8379417800064892,0.1765114457917902,0.784268561527701,1.4625203862122098,0.7943735356895272,1.4862984031933446,1000
549,0.4815487188902505,342.3904311278713,0.568197208419475,0.2165669614647275,0.0654734820979665,0.9515981369434868,0.0570774744193846,0.9060199633611165,1000,1.0054345943100236,232.37324272329664,0.37024841010422166,0.17895491862980464,0.7045387393881729,1.4073482264757013,0.6546829537956065,1.3561862348244407,1000
550,0.42052146849011773,397.6523670556009,0.36805918493204187,0.1535076642233599,0.12212695767960524,0.7398191071595839,0.11964644661233231,0.7213964903679031,1000,0.8222167460600658,221.47324005939004,0.3870650396014453,0.15576302706603642,0.5440545014551789,1.1409891389671627,0.5169212130106344,1.1275122791094971,1000
551,0.5446525788551821,232.2103942068893,1.50722656466183,0.25838805321160574,-0.008435761768232462,1.0318673727941454,0.03821199456043489,1.0510931631499294,1000,1.2656305623080342,177.87640878074558,1.0539966836460115,0.20549865643061072,0.8843038990418631,1.670972585822247,0.8628531957040372,1.668407928912031,1000
552,0.644278737583301,394.16907783174867,0.38547684297942175,0.18825545329215038,0.2563232361387021,1.0052591427437139,0.2752980491306863,1.0132594260359158,1000,0.9722101000960648,272.46812443245534,0.3033777183015933,0.15319402097586637,0.6712060359347658,1.2634221901113292,0.6719498189833667,1.272470381208763,1000
553,0.3847285553622104,248.04949654311565,0.8707541674919919,0.18701851047753912,0.004227188330667034,0.7150932882415397,0.018172274826233736,0.7512848358981871,1000,1.1158382873607056,168.7942334332298,0.5552884714761464,0.13830444167194458,0.8480256967442171,1.3659269339008229,0.8447615816836942,1.386914993037717,1000
554,0.5249923593201977,271.0170445276034,0.9976073967391714,0.1704906759729935,0.16956587669049356,0.8449141766996212,0.19083063441313047,0.8591540842272649,1000,0.9798687817473657,240.37499201716014,0.37797019331068255,0.1605947476239426,0.6496522997123039,1.286905391935258,0.6651030764044382,1.2946344870902933,1000
555,0.33292719826143813,342.6932884008939,0.5644000682390025,0.19111518290638085,-0.039240304808536075,0.6986243504438213,-0.041658560235068365,0.7075129567579446,1000,0.9878616580267172,207.57746135515185,0.4232329641795994,0.17532453270882228,0.6546758233305162,1.323144212451267,0.6442255739174255,1.3314977421360088,1000
556,0.6316604502114811,376.46449070037755,0.4493179831280368,0.1949281789913393,0.24994678318530758,1.0127726540219577,0.24960121938845609,1.0137196810345062,1000,1.1161070101596615,250.01680354940106,0.32878471678051846,0.15998147697454865,0.817085809678155,1.427355421212027,0.8025433152895463,1.4296707050297768,1000
557,0.6807275846658212,209.12381129889832,1.5487752314160261,0.20367718399643334,0.3082524521973069,1.0911323510515227,0.28152030403281186,1.0799348652988305,1000,1.1146979948375022,193.82357997758155,0.5636769228879889,0.15081400456919228,0.838212954835091,1.4317060109541306,0.8191025458818854,1.410293443793119,1000
558,0.2892472863368707,382.9980282170844,0.4924754369894442,0.1670278941558494,-0.04517531344150274,0.6015201648506748,-0.03812738620859413,0.6166219588823355,1000,0.8151937548390902,236.81574450281644,0.34813015972984707,0.1298373491526624,0.557646546631743,1.0670068921722768,0.5607125504998719,1.0696749591783083,1000
559,0.18937406820677527,260.39331694614765,0.7012804784088844,0.23367562921941404,-0.3120018309801901,0.6008651673332214,-0.26863016506327625,0.6473783014768268,1000,1.036483250933553,155.89999867370207,0.596575550644845,0.16512600403256375,0.7157814538203483,1.35404795682852,0.7128362830297281,1.360130218837378,1000
560,0.8097508919280618,302.33205984342646,0.7127380511149934,0.19414008638423447,0.4434614824863738,1.19420344162867,0.42923632261496225,1.1902654612411614,1000,1.0093163062871353,197.2294588030842,0.5033915864486015,0.1643808970144062,0.6762061858181715,1.3311005133565716,0.6871297481388992,1.3315028644353715,1000
561,0.3878880528219817,343.95680893003515,0.5642722421162503,0.20837680890591595,-0.04738076824093686,0.7561191054858798,-0.020530492633613562,0.796306598277577,1000,0.9192084909760911,189.20310549077604,0.548421027938817,0.26296888858419254,0.4118160149630148,1.2600281337925154,0.40378946935107374,1.4346275126011085,1000
562,0.7523356269244728,388.708932198981,0.3903106779441784,0.1712411853499332,0.388836683041077,1.074671961294422,0.4167029036386037,1.0879683502103419,1000,1.0837721616812246,274.0698827747744,0.35578187524308735,0.1495328368010185,0.780984740799209,1.35967423997938,0.7906878015512283,1.376856521811221,1000
563,0.6197270021601904,385.43209958051784,0.45214680416242076,0.1899765599686168,0.2480251914587853,0.9879614416734268,0.2473729446217015,0.9920810596986793,1000,1.0948923482498416,234.5095183238947,0.4181737751081403,0.1939763128358525,0.7919972561462164,1.5353675154752762,0.7146987750915708,1.4750859214081125,1000
564,0.4529735547096103,328.76570035148137,0.47485596876346603,0.1878549724634608,0.12632982275435642,0.8493100655075111,0.08477780868122714,0.8211693007379934,1000,1.0736125023068648,223.9746171054969,0.38857939138831765,0.18913804752699448,0.7120871470147994,1.4583881089253976,0.7029019291539556,1.444323075459774,1000
565,0.5271297812652698,346.8713383398627,0.4562600352635148,0.22963062591936395,0.07828266489098594,0.9675279143654044,0.07705375446331642,0.9772058080672231,1000,0.857225348152538,214.93985174122807,1.1442671962080506,0.20836879085888702,0.5016541653480369,1.2956569152077013,0.4488225180691195,1.2656281782359566,1000
566,0.6315903894726715,369.8947291149185,0.6491544388181011,0.22748903917591576,0.1637311275367874,1.053809337195264,0.18571187268787664,1.0774689062574665,1000,1.0117815415111941,261.7353627856135,0.34421676121475125,0.1638993206892607,0.6822927720313747,1.3290583364794288,0.6905388729602432,1.333024210062145,1000
567,0.22364814947208833,365.5856119481334,0.46523582754914033,0.175504072966433,-0.11999751443856242,0.5657497308687135,-0.12033983354212036,0.5676361324862971,1000,1.0180176926810822,214.51583549334396,0.4018847816049463,0.15302971405640056,0.7288322171823597,1.3221360203299295,0.7180794531305371,1.3179559322316274,1000
568,0.516815840422594,451.55883236088386,0.23489267976979694,0.16544342735990622,0.18158910194785252,0.841860762664397,0.19254672279717783,0.8410849580480102,1000,0.9208159196188799,286.02501118266173,0.3297596717329159,0.14854904232100233,0.6230148419876639,1.207714942839221,0.6296597966697153,1.2119720425680445,1000
569,0.5139172367386542,314.0980815184944,0.5737324253344879,0.1712412923475829,0.15649240481230947,0.8413926183457006,0.17828430373739174,0.8495501697399166,1000,0.932274860819887,232.63563835488353,0.4227433203464471,0.13656703216606955,0.6888217082155813,1.219273772454787,0.6646034777743907,1.1999462438653832,1000
570,0.7320028098805333,380.0765449799505,0.4080929749958297,0.1805012630470042,0.3631668488001727,1.0715227176218403,0.3782203343084051,1.0857852854526615,1000,1.2953356166601653,191.10516855308796,0.4675165767732745,0.16659596575492444,0.9748909150627931,1.6289762551784477,0.9688075237805134,1.6218637095398172,1000
571,0.47817435870761926,393.92164257439606,0.40189241266173126,0.19456815012353965,0.09974612297341129,0.8529230351020693,0.09682078446548159,0.8595279329497569,1000,0.9262387655701692,249.8681003323227,0.38685054273474057,0.1531604840021668,0.6233555554449528,1.2182714068820562,0.6260442169259222,1.2264333142144161,1000
572,0.6198268379043732,333.98476247954346,0.5203244581503438,0.2586578146300216,0.06793531927808019,1.1092418781678497,0.11285752122953097,1.1267961545792153,1000,1.132118971483028,201.7970427100129,0.8619030553763853,0.27574978056851646,0.6190806124160539,1.6913896090290315,0.5916494015687357,1.6725885413973203,1000
573,0.25754905731577127,345.4545571286274,0.4840391105329899,0.21046106056927902,-0.14475505241168604,0.668074690902141,-0.1549546214000156,0.6700527360315581,1000,0.8033073446620831,189.46764417581758,0.9019183347503797,0.19421281823964442,0.4414708217044562,1.1813109906581851,0.42265022091238,1.1839644684117863,1000
574,0.48756404131677655,340.3233843832051,0.5863890320927808,0.17026435547228871,0.13637156944613843,0.8208515609582043,0.15384590459109065,0.8212821780424624,1000,0.9944986315192961,224.31303291754077,0.38127143341937303,0.1638588486057293,0.6665287652131013,1.3157573421589948,0.6733352882520667,1.3156619747865255,1000
575,0.5891167614311059,320.1943128079493,0.5335602925169891,0.17541228942696846,0.23952275700338863,0.9140940313989298,0.24530867415424773,0.9329248487079641,1000,1.1865621917436373,211.23457072624333,0.4233584619424462,0.1539151016525037,0.8893373340389801,1.4886767801340495,0.8848885925047301,1.4882357909825445,1000
576,0.480942618426798,398.4811742950151,0.29083518990178403,0.18142434990172854,0.0964312592418962,0.8187989016141113,0.12535089261941007,0.8365343442341859,1000,1.0345116247349484,216.03453433550743,0.37291065427400416,0.16513192802836693,0.6911002847924922,1.3280800726032438,0.7108530457993492,1.3581702036705476,1000
577,0.39300232163837956,357.24653654003555,0.3946829094454909,0.18833876205820874,0.03604765548179725,0.7801604716793415,0.02385834800429043,0.7621462952724687,1000,0.7218638448120696,216.49188665807017,0.6705286310660457,0.18274461325737779,0.39990500859118094,1.1166339576246909,0.3636844028276091,1.08004328679653,1000
578,0.7659954705991954,328.28112482601136,0.7456102274923951,0.2044862451012937,0.31896155638813095,1.1623889653501045,0.36520243020065973,1.166788510997731,1000,1.0916556764839784,227.08172896526875,0.5480033459446129,0.18700687406569194,0.6649485721895119,1.3999390588849523,0.7251222033152223,1.4581891496527346,1000
579,0.2859458305227869,328.36785075712714,0.4004617101675343,0.2048233470214502,-0.1102129150071558,0.6848147775026053,-0.11550792963925549,0.6873995906848293,1000,0.846710834559794,204.97938503082304,0.5269818869874251,0.2007382392213411,0.4843932068236,1.2722069242335454,0.4532638856859655,1.2401577834336226,1000
580,0.44735242943371345,343.1795967181474,0.438535147270257,0.2224757490546621,-0.010999261570043682,0.9165145743289986,0.011299961286575733,0.8834048975808512,1000,0.8970130450512461,237.47665255573727,0.5090356063794952,0.20328351997384136,0.4613711664842133,1.2307744596444607,0.49857734590251707,1.2954487441999751,1000
581,0.31133094100772096,409.0797717361818,0.3656841265959374,0.17472672638987313,-0.042647398760132016,0.6355777024337151,-0.03113344271643037,0.6537953247318723,1000,0.9453970348062162,197.82901951109304,0.43738119791932917,0.16743804286546635,0.6105763509540778,1.2785492951673278,0.6172184707899022,1.2735755988225301,1000
582,0.38686379268190807,350.51309066500147,0.5207844404453746,0.16407311935480265,0.05124395477881596,0.6851092763571263,0.0652804787464949,0.7084471066173212,1000,0.9164956211864177,272.36486858281756,0.31432129255406105,0.16897737102468507,0.5902885993487358,1.2673384050813057,0.5852999739780349,1.2476912683948005,1000
583,0.6680047046201167,409.6608234315186,0.3439399295882814,0.1751489744182303,0.32050890349494704,0.9997740823094454,0.3247127147603854,1.011296694479848,1000,1.1397848394055763,259.84110366685485,0.3843480653981737,0.15653987230997493,0.8594495616030388,1.4539570346826545,0.8329666896780255,1.4466029891331271,1000
584,0.7261087455376929,420.84657972844457,0.32936136529200577,0.17159144877777432,0.40535560053619074,1.0785500245837394,0.38978950593325523,1.0624279851421305,1000,1.2830735956936552,234.24628087442773,0.3560669822049164,0.15660564122209156,0.9699977883098067,1.5713507301466665,0.9761265388983558,1.5900206524889546,1000
585,0.3733405649764596,312.29762652069553,0.9004320423178677,0.2047161956986623,-0.04278928854897317,0.7667657191238018,-0.02790317859291852,0.7745843085458377,1000,0.8598432548365356,208.34266268933422,0.822022410408363,0.21223204883672503,0.47459233629470354,1.294471086909382,0.4438684391165545,1.2758180705565167,1000
586,0.4711250910918956,327.00607917348657,0.5636507368395842,0.18961316318254515,0.10762843597293055,0.846617640999806,0.0994832912541071,0.8427668909296842,1000,1.132077894582625,194.62192646696047,0.5005004739695431,0.16618367929742833,0.797672960557536,1.4508427561877228,0.8063578831596656,1.4577979060055846,1000
587,0.6527248848394045,395.3423539398798,0.3589360953134566,0.1999136101604812,0.23505187465607086,1.023512426864206,0.26089420892486137,1.0445555607539476,1000,0.938914190540479,219.3461826260158,0.7086220573766929,0.21119939041320376,0.48649319963009946,1.2895679693952484,0.5249633853305996,1.3528649957503585,1000
588,0.862716865344189,338.7131804909915,0.5172857627162033,0.207422705130843,0.4835464417216428,1.3022049813304883,0.45616836328773674,1.2692653674006413,1000,1.258113562828457,220.1226345133879,0.8188503854957007,0.1758160480689645,0.9554346265732604,1.6759866484617971,0.9135141086132865,1.6027130170436275,1000
589,0.6315218980172328,323.32125060438545,0.7336652949314598,0.19058763876289364,0.23925679888045676,0.9970821357433588,0.2579701260419613,1.0050736699925042,1000,0.9560559487097371,179.77474763712198,0.6401106515547584,0.1807711564863283,0.5859084196304594,1.3012693384476248,0.6017444819965336,1.3103674154229406,1000
590,0.43593629135782663,378.3235579402093,0.38686103944853273,0.15574740243598323,0.11065953049865133,0.7298955211409273,0.13067138258329952,0.7412012001323538,1000,1.046612221385037,229.36069917754588,0.37333674069045447,0.13345163003989452,0.7965137495713441,1.3303134618803572,0.7850470265068439,1.3081774162632303,1000
591,0.3536262944466433,409.91343718272145,0.3308825131533957,0.17790820512550864,0.008099708127789618,0.6783184891082829,0.004926212400646335,0.7023263764926402,1000,0.8539387242347272,229.05671372470258,0.36827783378774775,0.16816162667246576,0.5210939443671009,1.1868884927948573,0.5243419359566943,1.18353551251276,1000
592,0.4155943148686134,366.4788882577383,0.4546250791087341,0.18373374140453919,0.04401386515060414,0.7680984321000832,0.05547618171571661,0.7757124480215103,1000,1.12694857389502,185.78619407762542,0.5198563571993591,0.15931360458885124,0.8202352982189106,1.4505046851436876,0.8146939089008716,1.4392032388891685,1000
593,0.40256975299844067,351.48754463783973,0.5004281437307636,0.17918286043892706,0.0543776849527397,0.7587909991614649,0.051371346538143625,0.7537681594587378,1000,0.8600972958552089,250.56967934253845,0.35691568986431704,0.15668918168880758,0.5843989492089381,1.1796638093420275,0.552986499745146,1.1672080919652719,1000
594,0.13450251182238526,318.1565919650232,0.8275487723649189,0.2459286624170434,-0.4071841565250345,0.5550759755456421,-0.34751766651501975,0.6165226901597902,1000,0.7574557839960216,205.1582380591505,0.5334775326686313,0.15113730500132436,0.4513148293764449,1.0521020690708196,0.4612266661934259,1.0536849017986174,1000
595,0.7228756786760373,302.16182669755847,0.5667470023532211,0.18665319000729164,0.3599176609720586,1.086510071923799,0.3570354262617457,1.088715931090329,1000,1.1934346226551367,198.73563170981285,0.6119488086358377,0.17919724293948944,0.8215065923753488,1.513420372561009,0.8422080264937374,1.544661218816536,1000
596,0.5323269829492978,284.55178295331643,0.8066396257991101,0.15173924404562333,0.23047915890383022,0.8158782708208379,0.23491806461987608,0.8297359012787195,1000,1.0725866708993337,192.7603118267154,0.5046777968983738,0.15350266849076996,0.7582580510250951,1.3528464619100216,0.7717214406574245,1.3734519011412427,1000
597,0.9300481477690861,362.5634657672432,0.42202205220923444,0.21482017351903293,0.5325679090909851,1.3810140488372633,0.5090006076717815,1.3510956878663907,1000,1.287974251165656,223.7620100352862,0.7420099411206378,0.2674146286576665,0.9069593798610072,1.9704729964785546,0.7638415789966296,1.8121069233346825,1000
598,0.5060299022746206,297.5237212204866,0.7761016839045173,0.19652018937353838,0.11350416049583496,0.8802776457340675,0.12085033110248544,0.8912094734467558,1000,0.9240173872901165,208.52848681957286,0.3990418212414042,0.1835877897757041,0.5724866705497379,1.2769869292746212,0.5641853193297365,1.2838494552504964,1000
599,1.0693894549854472,354.9092040419517,0.4796336162878636,0.31437436110483796,0.510327705736376,1.7406872771536537,0.45321570721996485,1.6855632027509295,1000,1.3464053293717035,185.287313287745,1.1354793489403792,0.3830906582844714,0.8036502627461464,2.212101146795737,0.5955476391341396,2.0972630196092674,1000
600,0.6207924121925057,390.575584921715,0.3896913920388202,0.17719500481908448,0.2511535367569526,0.9461431814271332,0.2734902027471001,0.9680946216379113,1000,1.290616600529241,235.9484184364023,0.3773701417205855,0.1477041216859072,0.9957704519544972,1.573220010117353,1.0011165220248628,1.5801166790336192,1000
601,0.6609451913629578,374.4260344830417,0.5092207956429519,0.19265544982667346,0.30147233829411546,1.0447173113821726,0.2833405097026778,1.0385498730232379,1000,1.1432978373533658,208.2004348174216,0.4325927507296593,0.17037541235770448,0.8676481633217771,1.5504196996140414,0.809362029132265,1.4772336455744666,1000
602,-0.053239276206749064,245.5847755975822,0.7253108930549759,0.19509006271465693,-0.42084131182594725,0.2946252289281544,-0.4356157991274766,0.3291372467139785,1000,0.8093265630464082,144.4396358881709,0.772881131188169,0.16684019814959822,0.5001657528739877,1.158062840789539,0.48231977467319564,1.1363333514196206,1000
603,0.18675105378984025,307.28135957317636,0.8046592958491166,0.19272743905393946,-0.18319394260555627,0.546710410343646,-0.19099472675588108,0.5644968343355616,1000,0.832350469120311,202.9455822257568,0.46607554666201517,0.15722155739882757,0.5368218280751086,1.1392327084016294,0.5241962166186089,1.140504721622013,1000
604,0.2054580329439819,289.6802705675313,0.8407355630614863,0.19465327518005857,-0.18631098527231488,0.5553320245097543,-0.1760623864089329,0.5869784522968967,1000,0.7106033208080671,213.58154227600846,0.3902451867228592,0.16925614627824886,0.3866238418404875,1.0284801434585478,0.3788612741026993,1.0423453675134349,1000
605,0.718272396812,300.52117576446625,0.4447969786922576,0.18416629298039125,0.34699851447190655,1.1023875977867157,0.3573064625704331,1.079238331053567,1000,1.1320240323230935,208.6758148136304,0.47837611548838543,0.15858754004524137,0.8305621787454004,1.4576658583531812,0.8211924538344204,1.4428556108117665,1000
606,0.6952766872316878,397.5545011333217,0.3892610564794834,0.21369595439035916,0.2260179101388503,1.061668104612736,0.27643261662658386,1.1141207578367918,1000,0.7107307236712241,194.7177578796478,1.862292794559007,0.7116107944991026,-1.491463717118336,1.3426504942569966,-0.684026433547017,2.1054878808894655,1000
607,0.5787315581407104,400.6290751290162,0.3095521351713702,0.19081270149568053,0.2129585230441774,0.9682042959027589,0.2047386632091766,0.9527244530722443,1000,0.9122398534333933,215.7454439293174,0.5191371207340668,0.17766461610140452,0.601167503784002,1.3068397184849336,0.5640172058746404,1.2604625009921462,1000
608,0.6104890896362454,333.11643271209226,0.8308288214524797,0.22178293595414592,0.16719164328243133,1.0003703807256636,0.17579453516611937,1.0451836441063713,1000,1.1107682705974242,185.46951551297929,0.6949448655428733,0.1992177272915652,0.7233274763672035,1.521109152148514,0.7203015251059565,1.5012350160888919,1000
609,0.8320367181858455,380.30211782773137,0.508936739695614,0.1967175136757605,0.437409452482989,1.2046050517618905,0.44647039138135486,1.2176030449903361,1000,1.4417746135317966,188.26043029666482,0.47787943962953894,0.17932216388202413,1.0792914425443116,1.7880341159759372,1.0903031723230292,1.793246054740564,1000
610,0.426929890328279,382.1027201600493,0.5159454467297723,0.18087512729782118,0.08215383085474462,0.7972384358188662,0.07241464082454946,0.7814451398320086,1000,0.8394478118463446,254.72190205486135,0.33550381130745105,0.16802006284771126,0.5340161017700311,1.180143921450271,0.5101284886648305,1.1687671350278588,1000
611,0.3113228923710669,378.7525287853451,0.44681768315497145,0.16689933593778275,-0.033705287637202486,0.6176083262180369,-0.015799806066987276,0.6384455908091211,1000,0.9433346907282609,248.888674781064,0.35357659532116664,0.152014026075277,0.6419841401981438,1.2331775321252518,0.645387199620718,1.2412821818358037,1000
612,0.5870390065701572,352.4009104514939,0.6538180513267778,0.13992813434036383,0.3043066348152642,0.8632685599894713,0.3127798632630441,0.8612981498772703,1000,1.3194421252856703,157.1534471089426,0.5937667084679397,0.13994164052025682,1.0432713598642402,1.5892599929569677,1.045156509865967,1.5937277407053736,1000
613,0.14348991627319352,342.2561803041161,0.5297574391057199,0.22314330542685268,-0.2881590712142901,0.5867223191499713,-0.29387096236343774,0.5808507949098247,1000,0.6941753164001172,191.57886019588088,0.5495255972100996,0.1928137748645002,0.3405956993299547,1.0967196623414763,0.31626031766569684,1.0720903151345376,1000
614,0.3315082919936829,244.40629024799608,0.8786936972779583,0.20055961238561662,-0.09107488226621563,0.6761885967376223,-0.06158854828212562,0.7246051322694915,1000,0.9604237370622792,186.93088659436043,0.5111418165465345,0.13251118415843557,0.6912628468432226,1.2302524585124834,0.7007018161117455,1.220145658012813,1000
615,0.5325328506820428,246.93271618256261,1.243034953468405,0.22888553812483442,0.09296851966397747,0.9752668292153303,0.08391719595736735,0.9811485054067183,1000,1.092549085184472,162.57613242920002,0.8187432162030276,0.1898766327783373,0.7515548933780731,1.4801292520137022,0.7203908849389309,1.464707285430013,1000
616,0.448002396540756,332.3834944567428,0.5288289316892257,0.2072109373871828,0.0508565422521676,0.868181907428399,0.041868959261877725,0.8541358338196343,1000,0.861246365270818,209.1771998219227,0.4104338103380844,0.18690539290236646,0.5375201428924339,1.2599515412644073,0.49491179518217976,1.2275809353594562,1000
617,0.4920115805623255,387.58909483789955,0.3404526552063834,0.2159265096975453,0.05866081038079358,0.9264109776760425,0.06879562155513674,0.9152275395695143,1000,0.8905018975471017,265.21243866911453,0.28219855154896395,0.1644155669349143,0.5521970168927407,1.208125744676835,0.5682473863546698,1.2127564087395337,1000
618,0.4485058375910649,338.6898070785477,0.5858303306893923,0.1890972053154692,0.07111541888591645,0.8208475466522528,0.07787531517274526,0.8191363600093845,1000,1.0056873819973862,211.93559143726839,0.5108319606575419,0.1765058554647407,0.6580386535978642,1.3691589858878255,0.6597359052864944,1.351638858708278,1000
619,0.38846316253493685,306.9489552965746,0.8181344284858723,0.14680416691969522,0.0816099063352426,0.6720697575892352,0.1007269953723342,0.6761993296975395,1000,0.908093815538844,177.8742628608471,0.5586365436889483,0.14699259612949053,0.605847455707023,1.19983992178239,0.6199883271250426,1.1961993039526455,1000
620,0.2797988003366956,306.79242935162733,0.7174401449150306,0.183261371449087,-0.08224052504833841,0.6554410662539502,-0.07939348770351495,0.6389910883769061,1000,1.0071411428131865,207.62945678204133,0.5033279132098274,0.14951271453538217,0.7179070681756738,1.3093275998077638,0.7140962223238374,1.3001860633025355,1000
621,0.28843007260300624,326.25724531984775,0.6017889732671224,0.19955106356397836,-0.10719102133577135,0.6626719603853469,-0.10269001198239136,0.6795501571884038,1000,0.8006906294761569,245.56325842152896,0.35284093894017543,0.1556715578970082,0.4952735128112301,1.099948466780004,0.4955743759980208,1.105806882954293,1000
622,0.36451219016653,377.7246370872791,0.40291746180935956,0.22540475752961942,-0.07894958215539312,0.8099888337761613,-0.07728113459152403,0.8063055149245841,1000,1.0005652781651548,220.36082489316286,0.42538443299809614,0.1850212956526097,0.654434803761087,1.403119853559399,0.6379235386860398,1.3632070176442699,1000
623,0.5749433621454196,362.57623598223694,0.37636746501278784,0.16462299792004886,0.25500669046840035,0.9207205360889635,0.25228228622212384,0.8976044380687154,1000,1.0009082053003033,230.4247702204678,0.544224078225423,0.16822469303857668,0.6777606633390442,1.3372289492109553,0.671187806944693,1.3306286036559136,1000
624,0.01249704449214839,296.4260297676719,0.6271091078172011,0.18292942289094233,-0.3349173434265842,0.3654429224789036,-0.34604462437409855,0.37103871335839533,1000,0.829672007288027,178.61895995431215,0.5337184372792715,0.14696005498337375,0.5488443030291226,1.1218461214036184,0.5416302995206145,1.1177137150554395,1000
625,0.16759244132235196,354.93457953813737,0.5602928232382914,0.2062200508201181,-0.27992016787925805,0.5457506188400504,-0.23659885828507948,0.5717837409297835,1000,0.8596583365474495,222.11295707255755,0.38209880889290737,0.16362199792882667,0.5378361476478902,1.1900813480397217,0.5389592206069492,1.1803574524879497,1000
626,0.7731324389583416,412.1727628998278,0.517977300082298,0.1702239201334668,0.4377270271018693,1.1232660746332348,0.4394935554967467,1.1067713224199365,1000,1.1907175176937046,264.4676774317225,0.4711185723366975,0.145810749772288,0.8993431792058172,1.485509381243445,0.9049284481400202,1.476506587247389,1000
627,0.30172409928328836,291.76882206665255,0.672645729554587,0.18850192881063485,-0.052715630110260966,0.6726514630209603,-0.06773968118555596,0.6711878797521327,1000,0.6611153395945051,226.04403781338547,0.38018879713215115,0.15947558306176807,0.34179623920213403,0.9893303620014255,0.3485431967934397,0.9736874823955705,1000
628,0.6191009082331345,359.97814105955865,0.4182825104860453,0.2198428065810575,0.20051654724422535,1.0615528210350174,0.18820900733426177,1.0499928091320072,1000,0.939306689704348,265.9056102664641,0.470131081376891,0.1921656925628,0.5789000838963926,1.3384216996818044,0.56266193228126,1.315951447127436,1000
629,0.5047573648069776,408.31855587853335,0.3121192908756143,0.17797513259826664,0.15814750365196933,0.8480205055296807,0.15592610491437503,0.8535886246995803,1000,1.1174793753672483,244.5505645485065,0.3651899108911408,0.1652575300493298,0.7957384396630067,1.4529217346271976,0.7935746164705619,1.4413841342639346,1000
630,0.6357259778843853,393.2988197886792,0.43979256387769244,0.1638755245449607,0.3195399764443856,0.9430166321926312,0.31452994977626236,0.9569220059925083,1000,1.004084146635454,243.76110325421593,0.45269021535502285,0.15458047124359708,0.7025817318966485,1.3041046408437749,0.7011064229980037,1.3070618702729042,1000
631,0.6630002046366394,413.677550169152,0.385894680921283,0.18066530541557851,0.31197280203886574,1.0275957022273434,0.30889620602210555,1.0171042032511735,1000,1.006199055430029,200.1078451252659,0.5176020240814148,0.1574264426367936,0.7351575771866887,1.3450082597436943,0.6976432278619136,1.3147548829981446,1000
632,0.6779634785280715,368.05219125628975,0.4914011494861784,0.1718362535963849,0.32609510693480515,1.001921586895531,0.34116442147915704,1.014762535576986,1000,1.123217083082555,223.01968137523255,0.4009449368871536,0.1562492524282492,0.8396126215063413,1.4362366644102456,0.8169685483231865,1.4294656178419234,1000
633,0.5866957235083001,319.01732948328606,0.5107599229943617,0.21463388391754784,0.15278189695206862,0.9973021607306444,0.16601331102990635,1.007378135986694,1000,1.089929195178923,172.68875525904437,1.126107923525605,0.3728952891723732,0.2560754366832944,1.5392551455385604,0.3590544284010715,1.8208039619567744,1000
634,0.4807056196770749,392.0008613309955,0.34550543221929453,0.20023441652047239,0.11629740518863393,0.8998772993368706,0.08824616329694907,0.8731650760572007,1000,0.7752446083358295,216.46465019606987,0.40977615663431877,0.18229410385824463,0.4420737802288156,1.1634485677331317,0.4179481647736701,1.132541051897989,1000
635,0.29699289938989537,322.1179851281924,0.7485501499375691,0.22737876797429468,-0.17365529314071854,0.7015407542370449,-0.14866948583972217,0.7426552846195129,1000,0.808944258491568,212.05854677543482,0.7883862652800485,0.19889969667697457,0.40976138465969686,1.199608439579362,0.4191008530046979,1.1987876639784383,1000
636,0.3280298841341942,360.26810025130027,0.4368630411143149,0.22876487032441542,-0.10156950625072365,0.7722944887617128,-0.12034926170165999,0.7764090299700483,1000,0.8246387331490235,238.97745589516995,0.4737177072118083,0.1914058496728379,0.48472628444280685,1.2209948739911425,0.44948326779026115,1.1997941985077858,1000
637,0.4447753324344945,316.7046188455648,0.6460535235276269,0.19861322431341236,0.07337773946248592,0.8345185991899154,0.05549341278020631,0.8340572520887828,1000,1.0607653220470956,169.50758913124665,0.5633199021175446,0.17685478758412465,0.7630972730568482,1.4059464097387622,0.7141299383822113,1.40740070571198,1000
638,0.5591226335238466,342.17501247602945,0.6031393847828093,0.16236328924699536,0.2448795410562909,0.8788946472987549,0.24089058659973572,0.8773546804479575,1000,0.8921444750274521,231.867337772685,0.37888237243651807,0.15822348441444392,0.5934324427333275,1.2026592510849472,0.582026445575142,1.2022625044797621,1000
639,0.07033216475462734,252.8011989263387,0.9330717088071209,0.22802324854515527,-0.35460465726117774,0.5309498206589691,-0.37659340239387695,0.5172577319031316,1000,0.7403050549436432,168.86188722797093,0.8366960760215657,0.17616123957875418,0.39799076036849795,1.0922897702834158,0.39502902536928497,1.0855810845180014,1000
640,0.740389859744512,369.72537347480295,0.3879382027236787,0.17740625944363195,0.3795179425896871,1.087409754865189,0.3926735912349934,1.0881061282540305,1000,1.2417836919369551,211.65967288600035,0.6656715252065774,0.15361463652524773,0.9612039544529156,1.545662749701285,0.9406990043474697,1.5428683795264406,1000
641,0.47292341276766603,416.7756508097393,0.41642095020265135,0.16303678048990236,0.1351049773376035,0.7786463462057233,0.15337132300745743,0.7924755025278747,1000,0.8362406035255163,278.9192681676329,0.3810609519386238,0.16669084217858654,0.5018343943001994,1.1300356455735443,0.5095265528554866,1.162954654195546,1000
642,0.5699788614470132,345.8141315797949,0.4632503902486448,0.16695119697977598,0.2543128930105823,0.9198083157893192,0.2427545153666522,0.8972032075273741,1000,0.9725099721373192,195.76965158707412,0.5963011659452727,0.18164328715686015,0.6576854521135593,1.373545729126547,0.6164891293098733,1.328530814964765,1000
643,0.4016634462755313,382.8582095131518,0.35022481486323104,0.1948027207367514,0.013752755484576598,0.7779629731207904,0.019850113631498578,0.783476778919564,1000,0.7880661385296022,195.7316126497666,0.4379287561080564,0.15170782125545615,0.47970533206123406,1.0787735152668414,0.4907188088689081,1.0854134681902963,1000
644,0.09230874067650952,194.8113077451861,2.228004709773742,0.326946396882599,-0.5315520680636157,0.7300838664917878,-0.5485061972133846,0.7331236785664036,1000,1.0116570926054114,164.85827921516344,0.7719236708749848,0.22184396430762582,0.6319176471278133,1.479553146328761,0.5768429225624647,1.446471262648358,1000
645,0.5205441241451165,379.29233009947427,0.4544747400147954,0.21584249331360597,0.10534116824647513,0.942936492116514,0.09749283725044883,0.9435954110397842,1000,0.9957491430322536,237.67490504766178,0.3394168195010789,0.17598271460535025,0.6612697345288289,1.3618247873110976,0.6508230224057672,1.34067526365874,1000
646,0.4923382778823,405.57374424881135,0.3032448940727647,0.1921937786027822,0.127538415972648,0.8557131872026554,0.11563847182084691,0.869038083943753,1000,0.9053602112367458,218.09190721681594,0.5335828631071645,0.17941862740168646,0.57228814775613,1.2816785174007816,0.5536997015294404,1.2570207209440514,1000
647,0.6416573672269603,392.1530881428136,0.40863692268633955,0.16581224400329253,0.30415221977770796,0.977550751389885,0.31666536898050696,0.9666493654734136,1000,1.0662356908267685,254.30856403057692,0.3282903744450953,0.14563656012299048,0.7746551572774634,1.3749562384633973,0.7807880329857071,1.35168334866783,1000
648,0.7748822886607116,442.9012265138978,0.27179512107821197,0.17167670058147097,0.45744138212741303,1.111468346903283,0.43839595552102856,1.1113686218003946,1000,1.2940530791275369,226.56100438505348,0.36757698130948674,0.1746963568065449,0.9592656177244584,1.6525608267846488,0.9516482197867089,1.6364579384683648,1000
649,0.586715506488511,353.4503301019486,0.4740639962439161,0.18618289896083828,0.1881152008286073,0.9357171781444868,0.221797024525268,0.951633988451754,1000,1.1792644172380808,237.19572175921604,0.37165290789964733,0.17121514078124903,0.8613185755004603,1.51646634622626,0.8436827413068327,1.514846093169329,1000
650,0.09866053893750149,269.5095401759103,0.7450720987240194,0.2071472889962885,-0.32526316295075836,0.4670355074346672,-0.307348147495224,0.504669225370227,1000,0.8531176237238678,134.17180519427978,0.8910210002629169,0.18092445569884336,0.47961302175662585,1.1877965997148476,0.4985056905541348,1.2077295568936008,1000
651,0.14670305008810303,325.7262666209525,0.5549897458326277,0.21544423034825427,-0.32070112367482634,0.5252672306482808,-0.2755676413944753,0.5689737415706814,1000,0.9510529271231962,196.14540293733523,0.48330307962912245,0.15933622017343033,0.6225540599696588,1.2537809967749043,0.6387539355832728,1.2633519186631197,1000
652,0.5254119042303276,381.824127468605,0.4679799109773725,0.2533443752928265,0.015310845950600706,1.0042703186554083,0.02885692865638767,1.0219668798042676,1000,1.053731323985982,263.2186602990215,0.3325347661702048,0.18476349033610198,0.6657398492624994,1.3612417302713111,0.6915948829272222,1.4158677650447418,1000
653,0.36774017802887204,351.16596574565574,0.3778870914514393,0.17777973885106904,0.040169587404937104,0.7199750754271864,0.019291889880776736,0.7161884661769673,1000,0.768311569310824,249.5762948488402,0.3121223362056512,0.157404655967624,0.4650874531570013,1.0810533363158685,0.45979844361428096,1.076824695007367,1000
654,0.40863532240717015,265.0864771341665,0.839525739543732,0.1993689444570086,0.004950691412732656,0.7826634537176431,0.017872191271433302,0.7993984535429071,1000,1.077229586023182,165.4478888807346,0.5567273636027568,0.1514290253943768,0.778991523141921,1.3670537572118464,0.7804286962502034,1.3740304757961606,1000
655,0.7079874445262009,353.23704334248504,0.41016000958199605,0.23847448018865883,0.28112540105324785,1.2301563712400012,0.2405774633564296,1.175397425695972,1000,1.0212990621541809,206.10505468694217,0.5457404095097459,0.20620277361463385,0.7180871803067714,1.5459800986876593,0.6171416258694986,1.4254564984388631,1000
656,0.5734640181213231,323.6921435019027,0.5803871200494154,0.18023417274111073,0.2157584042244731,0.9311003762929881,0.22020503954874604,0.9267229966939001,1000,1.2152419974822708,221.71629295320454,0.4251772885947852,0.16740088890952498,0.8800999943600798,1.550556034911741,0.8871362552196018,1.5433477397449398,1000
657,0.24084502202166336,352.92709150164904,0.4756443597743878,0.1917510387304452,-0.13678999739377212,0.6050997261129112,-0.13498701389000922,0.6166770579333359,1000,0.8855858764374207,192.56043977441306,0.46910796679065464,0.19602857800771087,0.5095498030723238,1.28570141693945,0.5013698635423074,1.269801889332534,1000
658,0.4458936746770443,316.8150605416598,0.8559809947503982,0.1726602362919834,0.1259410883292243,0.8033555801649119,0.10747961154475688,0.7843077378093317,1000,1.0561336078729688,200.68216496643447,0.44338350412158256,0.17717409747509003,0.7405501864478331,1.42722231976003,0.7088723768217924,1.4033948389241453,1000
659,0.445615473384426,265.32594964427074,0.7981148013803181,0.21684316266799383,0.0001963864817732954,0.8477080795114832,0.02060287455515808,0.8706280722136939,1000,1.1379277885756713,210.95218054997721,0.4617961280726908,0.17821235135445204,0.7577637063066872,1.4631246703501197,0.7886315799209453,1.4872239972303973,1000
660,0.4304016739743415,347.6198722439125,0.5203197346448661,0.20094842668038354,0.05464692402445535,0.8348215004371924,0.03654275768078974,0.8242605902678932,1000,0.979639126978403,208.59264154187923,0.6900171019998039,0.2057815512032455,0.6293065606813482,1.4393688661942836,0.5763072866200418,1.3829709673367643,1000
661,0.41108387595446994,274.2477474945678,0.7721535753068639,0.24948400614304314,-0.15121428013536573,0.848324457523909,-0.07790477608589463,0.9000725279948345,1000,1.0495679444945791,206.82038924951107,0.48585445270281596,0.15383735886291008,0.7563422217491388,1.3646491225978694,0.7480467211232753,1.351089167865883,1000
662,0.7320456299289289,352.49931391030486,0.5117427985987523,0.1890041193864087,0.3421068061416476,1.0981652219060638,0.3615975559315678,1.1024937039262899,1000,1.0537335566137336,287.5956801091415,0.35185495704862807,0.17043610928515215,0.7245101198520187,1.3958533827913668,0.7196787824148354,1.3877883308126318,1000
663,0.770084751771718,353.7637094850441,0.6111210729317886,0.20039309709968076,0.36988341441582545,1.1510435556141645,0.3773142814563437,1.1628552220870922,1000,0.721116501703388,199.65806502911303,1.618251009004031,0.3853943709731531,-0.2069620056416103,1.1813405133679817,-0.034256465403992076,1.4764894688107681,1000
664,0.680921401200286,424.1143901146724,0.32910741886508205,0.1476788137987364,0.38911685979064164,0.9682162822281887,0.39147092615476264,0.9703718762458093,1000,1.0708339262528326,274.09795122716685,0.2860135820180342,0.13421185452798315,0.8190828762989144,1.3512302473614637,0.8077786913779856,1.3338891611276795,1000
665,0.5851769931265856,415.9036463066761,0.3407737003552611,0.1949921548681543,0.20322200417969782,0.9872830152327368,0.2029923695850031,0.967361616668168,1000,1.06006071222676,261.5960897671113,0.29130681747514653,0.1749020570534407,0.7499066204394575,1.4267439825071746,0.7172526804020163,1.4028687440515037,1000
666,0.46515231197028317,350.79580437519894,0.5640975770110503,0.23215092083851957,0.010348977208493152,0.9026131334904568,0.010136507126784822,0.9201681168137815,1000,1.054940840092552,232.03834140667922,0.3434767633486604,0.175833288074271,0.7122963451227551,1.402471839169414,0.7103075954669809,1.399574084718123,1000
667,0.33334174937375893,383.4715358404286,0.4678791898021644,0.19011101949111464,-0.07857490293747611,0.6782181583272385,-0.03927584882882573,0.7059593475763436,1000,0.9215856354720873,270.09391858294794,0.2981609057042837,0.15567421361270736,0.6076676570698564,1.2294469111477173,0.6164641767911809,1.2267070941529936,1000
668,0.3346437525262931,325.94679356852737,0.5978331328981441,0.191082883296379,-0.0410998785131569,0.7039336913138278,-0.03987869873460975,0.709166203787196,1000,0.6755403757477527,238.5622870508289,0.4227347347008706,0.15907570574639956,0.34759901021931716,0.9795398212440715,0.3637519924848096,0.9873287590106958,1000
669,0.5311944626284668,302.6797888386711,0.6522234849241542,0.19874624559654863,0.1137127559516661,0.8974952519142539,0.14165182125923148,0.9207371039977021,1000,1.0684046398173495,209.18441208701356,0.6471440287358409,0.19813027533337899,0.6919914225526231,1.4759425004320361,0.6800693001639266,1.4567399794707723,1000
670,0.8960183154113106,378.4125829217987,0.39366086379875104,0.19734958920062473,0.5201153916884679,1.2969131314117537,0.5092131205780861,1.2828235102445351,1000,1.2821828233741432,224.57742880209398,0.40633140373929594,0.17412419640777055,0.9755713481837239,1.6635015280225496,0.940899398414913,1.6234662483333735,1000
671,0.385500340440907,354.9034304089769,0.39855910408643264,0.18228362361274672,0.006532117975985766,0.7067131521390511,0.028224438159923426,0.7427762427218905,1000,0.830574549060874,241.09032634040986,0.3508458216028091,0.16244585165581057,0.5324057655548722,1.1331801462627895,0.5121806798154853,1.1489684183062627,1000
672,0.12983674508828846,375.0719918929798,0.3582938519568583,0.1630493697815283,-0.2035150552191721,0.4376406174292286,-0.189740019683507,0.44941350986008394,1000,0.6382095267718779,199.1000396416448,0.4351517205558602,0.15636395371189118,0.33268176050672044,0.926825376089432,0.3317361774965712,0.9446828760471846,1000
673,0.5598434680301123,376.13497930891054,0.4164036637084515,0.20798247771801748,0.16992813516032562,0.9805346849125205,0.15219781170279806,0.9674891243574266,1000,0.8971943095891453,268.235906123885,0.3313980574893101,0.16693163489329216,0.5955197843756501,1.2402985556282207,0.5700083051982927,1.2243803139799978,1000
674,0.809878974613023,406.5516675953882,0.33642790894576435,0.17893683219060194,0.4724652498996238,1.153079280788902,0.45916278351944323,1.160595165706603,1000,1.2545697897675976,236.0202641164327,0.34827681764499024,0.1761351226529858,0.9232226940520518,1.5923135508572428,0.9093449493677455,1.5997946301674497,1000
675,0.7346733438224491,324.839816655378,0.5405493580346926,0.19380108751479644,0.37922363532127823,1.1306338414674988,0.3548232122934481,1.1145234753514501,1000,1.27389953167128,207.527556610846,0.6195024639156851,0.26179874697005434,0.868954428137782,1.878380580133654,0.7607739876099735,1.7870250757325865,1000
676,0.49035423103216624,365.37600732002556,0.5379077172158379,0.16396395597424102,0.1612235435567308,0.8045296463510625,0.16898487732265388,0.8117235847416786,1000,0.9326625215841817,268.36083798911113,0.338215664427474,0.1422274200980272,0.6684386890571868,1.2293741122461401,0.6538967781920484,1.211428264976315,1000
677,0.23889612325826448,356.3552155351909,0.37814207528891847,0.18705243600173027,-0.14951098989654638,0.5685624098518074,-0.12772665130512684,0.6055188978216558,1000,0.7218347629908095,251.0917598801439,0.4088604434490988,0.15004533912387547,0.4440129019965513,1.0153593852097176,0.42774589830801363,1.0159236276736054,1000
678,0.7553774972355072,337.04624836042296,0.5634245151042805,0.2032859859272607,0.35541127369417075,1.1759333264129588,0.35693696481807624,1.1538180296529381,1000,1.3095764513355044,226.856620894293,0.5044475824716449,0.1789406872064098,0.9723997178230014,1.6752928627953938,0.9588527044109412,1.6603001982600676,1000
679,0.7640564911073722,392.5518803826734,0.4457217493503801,0.17146733897821054,0.42936560189821454,1.0925541405534485,0.42798050671007953,1.1001324755046649,1000,1.156657888080408,245.14145722923777,0.3521482518345318,0.16267713804009076,0.8460395966682704,1.4930527804983644,0.83781069752183,1.4755050786389858,1000
680,0.5815365547716675,400.891870347288,0.35861926976888686,0.18436501378267234,0.23563832236150062,0.9273095206372461,0.22018112775762977,0.9428919817857053,1000,1.1303489242077993,234.07993777081717,0.3806671824293033,0.16306653278631986,0.799856030841192,1.4356544066800503,0.8107385199466124,1.4499593284689862,1000
681,0.4179217820445764,363.2303992581803,0.5488681670053235,0.1643014719460694,0.08344311877665343,0.6990990189152216,0.09589089703028042,0.7399526670588724,1000,0.8982747090760519,227.14478205329652,0.3796373344299812,0.15994078314112323,0.5734080584628187,1.207833535519679,0.5847907741194504,1.2117586440326535,1000
682,0.6949773161782202,410.0873110804093,0.42339864458388843,0.19181626103812788,0.2993631949533138,1.0739059945245342,0.31901744454348957,1.0709371878129508,1000,1.0007119321783677,216.8639396087395,0.5871491026053343,0.17016773349538555,0.6312056394663426,1.2981875778064447,0.667183174527412,1.3342406898293233,1000
683,0.4366842064166754,336.9603720576494,0.5730175442888495,0.2197559167649319,0.005403581568264068,0.8722266344667117,0.005962609557408904,0.8674058032759419,1000,0.9548883537710435,248.62681427115237,0.5209455426558622,0.1744953306401553,0.6415141077861677,1.3320982437256732,0.6128775057163391,1.296899201825748,1000
684,0.25189436244389807,343.78961524086696,0.6268581546248811,0.21671111008989652,-0.21229972415760323,0.6392277418203939,-0.1728594133322991,0.6766481382200953,1000,0.9270860486600201,199.61539033275395,0.6420674429540054,0.16885118426664425,0.5940501515477525,1.2491332574895657,0.5961377274973974,1.2580343698226428,1000
685,0.18824787105893304,266.076969933352,0.9239816854366857,0.2190708480255534,-0.24678375440040484,0.5691330950414937,-0.24113099107115166,0.6176267331890177,1000,0.7873336242178013,154.36798790915705,0.7469497882770838,0.22983694001940091,0.2678186079222462,1.156712733221269,0.3368532217797755,1.237814026655827,1000
686,0.5363540315770345,443.16630759030306,0.2891204243205122,0.19843855084007778,0.1535399097054754,0.9456101620732138,0.14741447193048213,0.9252935912235869,1000,0.965230242650505,261.42162043318996,0.3350331546466572,0.17257573502329654,0.6724938855680029,1.3333592625932524,0.6269818020048439,1.3034786832961662,1000
687,0.8216884757956309,333.31068382140626,0.5548690109350494,0.24168542382008287,0.39509673464297634,1.3268571710673962,0.34798504510826844,1.2953919064829933,1000,1.161815062448221,224.7446735814537,0.5413875644560191,0.2313311419183018,0.7879438638196326,1.6765274642247787,0.7084060242883495,1.6152241006080925,1000
688,0.6806551249813939,377.7806308388446,0.5420849740768663,0.2130945593780237,0.28986523439058803,1.1182903446381012,0.26298978860046746,1.0983204613623203,1000,1.0831689640662807,238.1342732843628,0.4647702266138451,0.18340322244981652,0.7548857011690262,1.4978375048322885,0.7236986480646403,1.442639280067921,1000
689,0.5965313747181407,311.02295730699205,0.8509081116148054,0.28829237224178084,-0.04604384285244738,1.0874653251813402,0.031478325124250195,1.1615844243120312,1000,1.2104767704886275,217.2012645755944,0.7182005645299683,0.18558521133100522,0.8481692919613854,1.5531960294483174,0.8467297562798572,1.5742237846973977,1000
690,0.8171897411188822,261.81980256676235,0.8130197572453367,0.21498332493049957,0.42059171334078255,1.2537503702271233,0.39582242425510306,1.2385570579826615,1000,1.2504519056074326,137.20722666349485,1.992698431411322,0.2423652826994827,0.816325468671031,1.7879141571069344,0.7754159515164465,1.7254878596984187,1000
691,0.23929850162562527,367.0942038584027,0.44325097136021935,0.1741738759633108,-0.11386365888598388,0.5880548564875512,-0.10208229526246387,0.5806792985137144,1000,0.8016180099843093,200.71695971002526,0.4276109930931179,0.17361466421886143,0.4606635572190606,1.14664806253101,0.4613332681153409,1.1419027518532778,1000
692,0.6764611165850947,371.52066477378435,0.49990409562488075,0.20495099950061468,0.28758403049643017,1.0757835969234142,0.2747571575638899,1.0781650756062995,1000,1.074359016977684,209.15954198063804,0.6814977889312895,0.17771713504396344,0.7734404550079024,1.437703579234639,0.7260334322915156,1.4226846016638524,1000
693,0.23021544077895317,322.69793644501203,0.6389358219572335,0.17931857260053247,-0.11928405539789548,0.5528505068244756,-0.12124896151809045,0.5816798430759968,1000,0.8937676631557543,214.32571580136872,0.40047912714835276,0.13944476939065664,0.6087575033485874,1.1572978107865222,0.6204559151500673,1.1670794111614413,1000
694,0.5699495915102082,275.04312176221674,0.9844015132072211,0.1904181975025053,0.20747249853305333,0.9432333959245641,0.1967299244052978,0.9431692586151186,1000,0.9376089854233678,148.28736234466965,1.3595116556762386,0.2241144586757472,0.5643898105345512,1.4412781859662578,0.4983446464189033,1.3768733244278324,1000
695,0.30208207187808567,350.0939830845602,0.5479752928821489,0.1579171473252546,-0.03412588929431081,0.5946969701990477,-0.00743553687941334,0.6115996806355847,1000,0.8558808888479581,201.33564278669448,0.41292456760943236,0.1557719654376776,0.5561765808757534,1.1704327969846289,0.55056783659011,1.161193941105806,1000
696,0.6037492802307005,309.6817407048091,0.6170051496770369,0.2208426289131268,0.16156101445193627,1.0256333116565561,0.170897727560972,1.036600832900429,1000,1.0694565990922555,181.7414194803925,0.5237928374505013,0.19337810074800327,0.6959783462586021,1.4610246246228604,0.6904355216261692,1.4484776765583418,1000
697,0.7580002734805538,380.7186881893175,0.4330496930418213,0.15913522911066608,0.4483347882409826,1.0549637616579095,0.44609522442364824,1.0699053225374593,1000,1.0724356296891524,283.97085110662226,0.26848702283256526,0.13298027624227796,0.8214466867216849,1.3269815862516694,0.8117942882542877,1.3330769711240171,1000
698,0.47273644326659214,347.0064596937267,0.5518136464495748,0.19667972456076396,0.09224152829703544,0.8637678408267021,0.08724418312749477,0.8582287034056895,1000,0.8027879844299886,205.72328750892888,0.6558258495457602,0.1755734419516586,0.4557742476206688,1.1434327936342539,0.45866403820473767,1.1469119306552393,1000
699,0.27090524804226,379.54458775525774,0.4586296926544163,0.15335339158563288,-0.033574467650861146,0.5648661933808732,-0.029667399465580446,0.5714778955501005,1000,0.8206505480949491,220.49604102448055,0.3839554843359755,0.146491749887023,0.535939634977795,1.112890048509975,0.5335267183163841,1.107774377873514,1000
700,0.6505093854297641,281.9125407672521,0.9021474283391155,0.2695484610387827,0.04662069905290077,1.1117869404071283,0.12219440179374996,1.1788243690657783,1000,0.9476447373832304,189.63051687234878,1.2583633840749942,0.5646150588678243,-0.315566535040618,1.451821002741581,-0.15900077799770518,2.054290252764166,1000
701,0.5220319666048043,392.3716852911545,0.3506939219454212,0.1907952872487072,0.15098242279506688,0.8871679795555131,0.14807320359733822,0.8959907296122704,1000,0.8882924076004435,246.29428650014682,0.5421899777668246,0.206236720554113,0.5460558833590164,1.34610702778242,0.48406843531438204,1.292516379886505,1000
702,0.6853940181680684,309.35939652713995,0.6698989077381261,0.2378664631111247,0.1744001820762807,1.116778686492605,0.21917575047026405,1.1516122858658728,1000,1.2907320091514132,172.1825774416674,0.7672655641729379,0.21687347541653365,0.8737876883607644,1.7142884151751647,0.8656599973350072,1.7158040209678191,1000
703,0.5024050326686589,386.9243797280239,0.41994116415009064,0.18421345291261848,0.13070986541708987,0.8775063193798344,0.14134666495992665,0.8634634003773911,1000,1.0330459660123061,221.52680041737045,0.4135891528289071,0.1659391088779194,0.6882432021551962,1.3576079294869186,0.7078053126115842,1.358286619413028,1000
704,0.6031598563100813,356.46780186649687,0.4865208391923853,0.24874601542210464,0.12960577853953892,1.1286427577319387,0.1156176660827562,1.0907020465374064,1000,1.034620866208598,226.18148724215231,0.4976664810003969,0.22596664965152918,0.6905839276849506,1.595183129376325,0.5917262328916009,1.4775154995255952,1000
705,0.5574156862273716,326.06025256915467,0.4932726401188354,0.22556863968581287,0.11624686705099224,0.9800693673507124,0.1153011524431784,0.9995302200115648,1000,0.9562424235573799,162.0910776129732,0.7119357907208289,0.2303894021747999,0.48610204377629657,1.3992342609805517,0.5046791952947721,1.4078056518199875,1000
706,0.4756737343455346,316.6240065088026,0.6273241022879683,0.21330159182924488,0.016133633672047527,0.8638998200731589,0.05760261436021463,0.8937448543308546,1000,0.8115753010481295,218.50186992822404,0.6677783286285766,0.16908853531339407,0.47125760452491505,1.1260197878603913,0.4801617718338771,1.1429888302623818,1000
707,0.7126005468434506,382.0367246828411,0.3300676981517404,0.20356451575589357,0.32609541786882335,1.1474313614940421,0.31361409596189926,1.1115869977250021,1000,1.147472828293342,212.3703135772115,0.4477752437251765,0.1680871752408673,0.8865662431313186,1.506696435043433,0.8180219648212421,1.4769236917654418,1000
708,0.40921426951053297,370.9645490434506,0.397371393646732,0.1648420947631015,0.08035842422887571,0.6963224668707391,0.08612376377485403,0.732304775246212,1000,0.860079310373786,221.55908042071374,0.42122672881177403,0.16669554826824343,0.5514793864752559,1.1938131149467848,0.5333560357680289,1.1868025849795432,1000
709,0.332664907174792,346.6040051637074,0.5842567017687434,0.1799835863237205,-0.017621706513086033,0.672468630830138,-0.020102922019700153,0.6854327363692843,1000,1.0118495062224722,208.33075587674116,0.4274391036257153,0.15608066445917193,0.7177739674025683,1.3230098038268505,0.7059314038824952,1.3177676085624492,1000
710,0.6900987531647873,387.4355385083404,0.40527948160964433,0.18169937157068008,0.29984140474528603,1.013089169817889,0.33396798488625434,1.0462295214433204,1000,1.1305795282443198,236.40671301846874,0.9830966286439203,0.2037174725453399,0.6942023610299367,1.4791558443433248,0.7312932820554536,1.529865774433186,1000
711,0.33177849310042706,353.69427728737116,0.5200718296107443,0.19616279905206252,-0.03876366613714036,0.7233304217551363,-0.05270059304161545,0.7162575792424696,1000,0.841115232345456,225.42106109096162,0.42776898773091004,0.19154297861954128,0.47651511881172454,1.222473278200066,0.4656909942511551,1.216539470439757,1000
712,0.4303281173432616,330.4304353544044,0.7179320210343946,0.2116703405855087,-0.005213173738043505,0.7998820253244069,0.01545424979566451,0.8452019848908587,1000,1.0877389643057849,188.93809744852067,0.4754063595118059,0.16480303429512566,0.7781848080361723,1.4155669755597555,0.7647250170873385,1.4107529115242312,1000
713,0.6170452919929961,423.92031029319725,0.30943073143236777,0.16852364491421698,0.2672406154149156,0.9261293719574349,0.2867389479611308,0.9473516360248613,1000,1.0738410710849706,245.9478321288608,0.3448767160181624,0.15581670308363071,0.7635509371414922,1.3619105376752731,0.7684403330410544,1.379241809128887,1000
714,0.6444657903743081,378.63023443702485,0.7155406229104548,0.2138314034540737,0.24093361638039235,1.0450468159744137,0.2253562396043236,1.0635753411442925,1000,1.0420232680738541,222.09437702501342,0.39892104992358624,0.1924993821557691,0.6643265076621416,1.414314323554294,0.6647244790485467,1.4193220570991616,1000
715,0.8924017292585829,406.77984333404254,0.33156287784385186,0.18814958727960776,0.5400703840930233,1.2330181798996493,0.5236285381905517,1.261174920326614,1000,1.288485429807864,277.00341735111647,0.3277813886860489,0.17322064200750967,0.9285423615704577,1.6113604538718043,0.9489729714731452,1.627997888142583,1000
716,0.524180342786499,364.096700427485,0.35964711420975315,0.18008984701696262,0.1731472610332969,0.8876088168499426,0.17120424263325235,0.8771564429397458,1000,1.075855763308382,225.40998138091447,0.4028897125555771,0.15150058899493327,0.7855697374954236,1.3821393816124732,0.7789146088783129,1.3727969177384511,1000
717,0.23835743455864922,271.69908436721454,0.8108246015278766,0.3137436566934558,-0.4694932829747217,0.7460874259578534,-0.37658013256052414,0.8532950016778226,1000,0.959683046027374,163.19136373721494,0.7336864806501645,0.17996403728029267,0.6043724686392783,1.3156189538760912,0.6069535329580004,1.3124125590967477,1000
718,0.8802487190440091,426.7862828428301,0.2732757581933435,0.18357342443498037,0.5132074843977616,1.2162406994425794,0.5204448071514476,1.2400526309365707,1000,0.9688197888907313,197.25278069040192,1.0337258904538196,0.23016118864114427,0.46568725374187586,1.3643810456060717,0.5177038591540886,1.419935718627374,1000
719,0.5322954528070984,360.83491383625045,0.40704614267940675,0.1735535198522539,0.1958662089785615,0.8767642946864759,0.19213055389668082,0.872460351717516,1000,1.0967361777369953,204.08721024718855,0.39524426323502865,0.16423798122404185,0.8071300092265217,1.4450467654639085,0.7748297345378732,1.4186426209361174,1000
720,0.2825363765105813,333.3725889194392,0.955689676545571,0.19421989327021144,-0.12308585106217393,0.6457865496486266,-0.09813461429903314,0.6632073673201957,1000,0.8676588262531824,197.39528902707988,0.5218976686992342,0.14844317451624622,0.5911568836664022,1.1610331357400294,0.5767102042013398,1.158607448305025,1000
721,0.8260541489808331,382.99081885201673,0.41858460894129584,0.19930081894527646,0.445131615942837,1.2203145680944316,0.4354245438480912,1.2166837541135749,1000,1.3764413611285393,241.7702693506316,0.3697347037716393,0.16499233426114163,1.0701710182298845,1.7004374875758557,1.0530563859767017,1.699826336280377,1000
722,0.33374821516645437,340.21596009604485,0.5008993735987635,0.18307619014731005,-0.037956671075685455,0.6707641094209689,-0.025081117522273322,0.6925775478551821,1000,0.9955850705198364,230.17580301629087,0.37706656958556695,0.14499105378191418,0.7177159653466414,1.296327277053568,0.7114026051072846,1.2797675359323881,1000
723,0.6155316686306453,391.43742036124286,0.3661781956729457,0.20574199048299238,0.21827116793122778,1.0175028380898188,0.21227736728398028,1.0187859699773103,1000,1.049845767020702,210.9956845884953,0.3814462985846417,0.19231501828807712,0.6915987547140493,1.4447045491794368,0.6729083311760709,1.4267832028653331,1000
724,0.5708026678830929,379.93448052283594,0.4072871773571421,0.1741193281665756,0.23055453093616832,0.8944611862799079,0.2295287846766047,0.912076551089581,1000,1.1073516374646841,182.5973881526242,0.7099230013742728,0.17214219675575412,0.7871092924140137,1.4703618626571981,0.7699529318234061,1.4447503431059623,1000
725,0.44647547176901314,353.92496647299174,0.42163818670565933,0.18940129627370203,0.0725029782272326,0.8018826220243999,0.07524893107255715,0.8177020124654691,1000,0.8835929913334595,229.98634732598808,0.4305384909407283,0.18009226584751298,0.5356615671568113,1.2295464102512093,0.530612150272334,1.236573832394585,1000
726,0.5467840511244138,341.6166920624063,0.49279727091759445,0.2127416564127415,0.15104476598011826,0.9761690651688615,0.1298104045554404,0.963757697693387,1000,0.9058298820543347,221.54731971259235,0.5401181433126107,0.18898050519471804,0.6180960614036918,1.3577384349740576,0.5354280918726873,1.276231672235982,1000
727,0.5597251682069815,376.6203137702643,0.4296387681855102,0.17453600940898215,0.2114818314907855,0.8604249342478117,0.21763458976537647,0.9018157466485865,1000,1.1651345976152938,265.7846051386566,0.32247755185445687,0.14814816075280038,0.8665918317401881,1.444686465020075,0.874764202539805,1.4555049926907826,1000
728,0.4623843577447615,377.57330312447044,0.6247945009131223,0.1713406843658875,0.14112768119160404,0.7958361140122232,0.126556616387622,0.798212099101901,1000,1.0094101207717814,237.11555253285232,0.35023892806804424,0.1504098720251282,0.7226971931464559,1.2930545456631755,0.7146067716025302,1.3042134699410326,1000
729,0.7014846381811575,391.17151516928755,0.3875102032870233,0.17394629838127704,0.34594067674710194,1.0376909915848511,0.3605498933538545,1.0424193830084605,1000,1.2678280851692927,243.9284240758791,0.34813429789822187,0.17410952422017997,0.933993255398686,1.609911432179457,0.9265734176977399,1.6090827526408455,1000
730,0.7027054163089423,310.47811281966744,0.6369350262216602,0.16388930738205884,0.37938218782102273,1.0253763917723435,0.381482373840107,1.0239284587777777,1000,1.1233803396954416,203.42252774041947,0.5198492275212694,0.16665767958411723,0.7923431588947527,1.46024100030519,0.7967312877105719,1.4500293916803113,1000
731,0.3806785112179898,274.1605653662884,0.8352406002297047,0.2042869260213492,-0.005770544606366306,0.7866614231780312,-0.019723863783854656,0.7810808862198342,1000,0.7516279620533228,159.31914362079897,1.109856915361606,0.24158371745527185,0.23008686160189798,1.1655935898792342,0.27812387584099,1.2251320482656556,1000
732,0.6479749623056801,333.491572850106,0.5593888704249813,0.2105256827285089,0.2266166084936549,1.0710506472763026,0.2353446241578026,1.0606053004535576,1000,0.9118246840975308,219.23290917848848,0.8411125970317742,0.1924978420609335,0.5195903229804283,1.2759303513374791,0.5345289136581011,1.2891204545369606,1000
733,0.5022258840728964,382.0185385071035,0.3765081746700376,0.17130050695128393,0.1323915284221431,0.8491109170895061,0.16647689044837988,0.8379748776974129,1000,1.095572727983264,195.84281940024186,0.4570684828675977,0.15360266591381797,0.7899549959816835,1.4027486158871658,0.794511502792181,1.3966339531743472,1000
734,0.5168976894693427,342.7487916047753,0.5859826981320835,0.20353358761104876,0.10601330079169205,0.9034761523799529,0.11797185775168711,0.9158235211869983,1000,0.831182928157443,231.67681618354305,0.36371627174370486,0.1851702878837302,0.48373442849788717,1.2043437536528026,0.46824916390533183,1.194116692409554,1000
735,0.6946408950757892,344.975556466187,0.5390267860652802,0.16649881230303185,0.3558710811489363,1.002167607837164,0.36830322296184675,1.0209785671897316,1000,1.0439299139025366,224.66822588590372,0.5921109925166022,0.15979310591031617,0.7736319275123005,1.4008138402833796,0.730735426318317,1.3571244014867563,1000
736,0.4543334296717094,276.35883909720974,0.6183267585451447,0.21087681211944498,-0.001831373131471829,0.8708101431501402,0.04101487791759728,0.8676519814258216,1000,1.0555377995843611,158.1333114985633,0.7238676603348142,0.16244295958779828,0.7488608959507672,1.3978288246951496,0.7371495987922765,1.3739260003764457,1000
737,0.43057192644225317,336.26450107708365,0.5479851881868536,0.2095306820008843,0.023043220924266573,0.8259604081318681,0.01989178972051997,0.8412520631639864,1000,0.916825988981262,218.8463851584949,0.49228186293843224,0.18306205632467784,0.5605364918684272,1.279165138337996,0.5580243585848934,1.2756276193776306,1000
738,0.5712619651165776,265.16336671104483,0.767724520863246,0.21287074859524657,0.16926419665753656,0.9958878429083478,0.15403529786989428,0.9884886323632609,1000,0.820965079610434,163.2202770266064,1.0715924828793433,0.2530721280951984,0.2698304188666413,1.2880554770561903,0.3249437085438451,1.3169864506770228,1000
739,0.8481817362128306,329.4249671288802,0.4576669758794309,0.17576502331987223,0.5030375246882162,1.1739255245225102,0.503682290505881,1.19268118191978,1000,1.3401716475726237,200.9202949542361,0.6085107552414754,0.1556396643636216,1.048343921937702,1.6563240052503454,1.0351179054199253,1.6452253897253222,1000
740,0.7269298373277291,317.3011848425607,0.44906025374541364,0.23314201145412136,0.2860335848829483,1.1930754601817708,0.2699714948776512,1.183888179777807,1000,1.0993054802381916,234.35103955581332,0.6231550147519527,0.19650402038389309,0.7548620736421957,1.5534101121785466,0.7141576002857613,1.484453360190622,1000
741,0.4659932361785568,358.07024398041153,0.5532787583005965,0.19829305425115606,0.040017360389165,0.8554377443286122,0.07733884984629091,0.8546476225108227,1000,0.8932230041174845,216.72750937484852,0.6546773973373492,0.18292702028219285,0.5437832054788009,1.247726391634365,0.5346860443643865,1.2517599638705823,1000
742,0.7541181412198843,354.27627525950084,0.5580584097725731,0.17690100284887422,0.3852806811709646,1.0911186640746435,0.4073921756360908,1.1008441068036778,1000,1.2584868193471013,224.46972372776614,0.5651907590266056,0.16617593576408402,0.9101010941477098,1.5522334622121798,0.9327819852494966,1.584191653444706,1000
743,0.32349436374836094,337.0320396941468,0.4988128973051396,0.17247030417928846,-0.000877205158062097,0.6759071573396374,-0.014547432443044461,0.6615361599397663,1000,0.8016063467877053,195.33939830650277,0.45291689292344933,0.16043791469672147,0.5265529413863472,1.1889504661102444,0.4871480339821312,1.1160646595932793,1000
744,0.6494709560293059,360.8649872046123,0.4430565470161406,0.18228244345112316,0.28129347175083524,0.9881300631481282,0.29219736686510456,1.0067445451935073,1000,1.0910715159953095,188.66595388678428,0.7336591254235743,0.20118977838541044,0.6902460850851455,1.466194708540388,0.696739550359905,1.485403481630714,1000
745,0.6444559456456553,364.2751275141502,0.4716122245396447,0.191105449308132,0.2485895944529623,1.0024530876461943,0.2698892650017166,1.019022626289594,1000,1.1806471475177354,228.8106341895501,0.3878304823514423,0.18498103174066238,0.8017194861584634,1.541835062768248,0.818084325306037,1.5432099697294337,1000
746,0.9549334713869717,361.02231405158534,0.4991043850021797,0.21546335644718304,0.5399502222611499,1.3988828515370373,0.532625292750493,1.3772416500234503,1000,1.2248685931252083,213.4360849574468,0.5215972932561427,0.21401693017439688,0.8778393041254462,1.7022510459435942,0.8053954099833904,1.6443417762670263,1000
747,0.6845622196414745,374.89829660229515,0.3926226046235854,0.22135822327674556,0.24794767452754382,1.1183885446382706,0.2507001020190532,1.1184243372638958,1000,0.894373905069993,212.11847910934188,0.8144878227007032,0.22056048473211232,0.45895762637456244,1.3293100863531626,0.4620753549950529,1.3266724551449331,1000
748,0.6774359266222163,375.6063064593978,0.36010203379514083,0.18007236156557493,0.3022945105946733,1.0139187143732644,0.32449409795368944,1.0303777552907432,1000,1.0237406685978394,179.61997656111717,0.4532737075205327,0.1652333921483733,0.703386001835467,1.345077531698139,0.6998832199870277,1.347598117208651,1000
749,0.47492252869541396,312.2306440199516,0.573709263823808,0.17808619059521738,0.10192908615645592,0.8030614866966824,0.12587359512878787,0.82397146226204,1000,1.014851031588077,220.40401911799444,0.4313534119111392,0.1678011323397093,0.6905733898358467,1.3343543621340477,0.6859608122022467,1.3437412509739073,1000
750,0.08057560442506784,228.40870363559247,1.5305226907519496,0.19531064756867536,-0.28813171968127377,0.463603411252884,-0.3022332648095359,0.46338447365967156,1000,0.7787378322326517,165.63672741157322,0.6294139020723191,0.18004772630453833,0.43592626125127526,1.1137105810173953,0.4258442886757566,1.1316313757895469,1000
751,0.3955307748601786,336.7351795607097,0.5637848944411866,0.22194598628858742,-0.026760472955738218,0.8516966273990759,-0.039483358265452684,0.8305449079858099,1000,0.9322050640812387,210.55023778269017,0.41274633134221383,0.18771353030023277,0.5909903491887617,1.3120307640759792,0.5642865446927825,1.300123583469695,1000
752,0.555649928288187,424.2432488424808,0.282725895046763,0.1619408369731568,0.2470929203150217,0.8868401981832064,0.2382458878207997,0.8730539687555744,1000,0.8135135244313867,251.70612775064205,0.33854836634967184,0.16178793120959983,0.5340444661740618,1.1600351854619428,0.49640917926057104,1.1306178696022022,1000
753,0.6905998217152716,422.9003454761635,0.284407157391449,0.24607608287498947,0.26563971385887847,1.213815972681918,0.2082906992802922,1.172908944150251,1000,1.0202246386265816,289.50947686575023,0.3006843283287464,0.21784839473671833,0.7494308501008722,1.5493069407695583,0.5932417849426137,1.4472074923105496,1000
754,0.6601432180945994,232.44314546588348,1.010229942238896,0.1960420357003701,0.2541373198184214,1.0431954711714673,0.27590082812187405,1.0443856080673248,1000,1.2164189980985562,164.26375510312877,0.6895344673355525,0.1896421197537366,0.8315437578148088,1.573423953994052,0.8447204433812325,1.58811755281588,1000
755,0.29243880863108584,321.1503212012359,0.6959356817335539,0.17773591915020567,-0.07003436331498934,0.6507326021269044,-0.055923592903317276,0.640801210165489,1000,0.8756949052990985,202.82319194827008,0.43674599073081166,0.15305143587356193,0.5795952444035508,1.1790298769625307,0.5757140909869172,1.17567571961128,1000
756,0.17901955202108644,359.27347721948706,0.4885521670651606,0.17659293897288894,-0.18466338294886792,0.5213006210568736,-0.1671026083657759,0.5251417124079487,1000,0.8760384897553863,181.9897132090407,0.6313867161958185,0.14793065748505976,0.5964759194248622,1.182316463263891,0.5860944010846691,1.1659825784261035,1000
757,0.5716217726713113,414.7007962501922,0.2792372959725539,0.1606556754925749,0.259270027249104,0.8867775770336553,0.25673664870586455,0.8865068966367581,1000,1.1529888226273317,208.8353121719854,0.39065237402479647,0.15948700181807743,0.8544831348187442,1.4704110775809052,0.8403942990639,1.4655833461907635,1000
758,0.5503680196495284,364.76646545841646,0.46194384871453165,0.19855358614165627,0.14314508581809324,0.9100942605336276,0.1612029908118821,0.9395330484871747,1000,0.9329942887314617,267.02428453968474,0.4152727871825547,0.14983638988851825,0.6299391515067971,1.210725625227081,0.639314964549966,1.2266736129129576,1000
759,0.6392639470115897,319.18033408822157,0.5912351425210038,0.21030318811097148,0.24100233144140262,1.0496923472876478,0.22706969831408563,1.0514581957090938,1000,1.1052730916345594,185.40936328797886,0.8938376583117059,0.20285897489693094,0.7208736636383687,1.5019714550724115,0.7076695008365748,1.5028766824325441,1000
760,0.6511404089971631,301.4446883645563,0.48604360545291364,0.23802919955719307,0.2019660035744248,1.1138492472622976,0.1846031778650647,1.1176776401292614,1000,1.006250772592567,226.49645284567893,0.6093005173252939,0.16515347270910058,0.6986688330875598,1.363117589484508,0.6825499660827298,1.3299515791024041,1000
761,0.6442420641758,336.69298938727616,0.4894763301810498,0.21223308855136358,0.2269032691215712,1.073948707878011,0.2282652106151274,1.0602189177364725,1000,1.129654548721366,233.97411142932236,0.4450813437243803,0.1772678272162377,0.8168867959730927,1.5203864066167119,0.7822096073775402,1.477099490065192,1000
762,0.41290202641974716,279.5354352869228,0.8369279014190328,0.22903657368291555,-0.08105632948715809,0.8217398977928863,-0.03600965799876732,0.8618137108382616,1000,0.9866958535694699,204.89795173441672,0.7044236564814638,0.18746409909854694,0.6071708422954957,1.3413851563012917,0.6192662193363179,1.3541254878026219,1000
763,0.7987695299274362,374.75958901067054,0.44883200799127665,0.21016926031045183,0.3499050751588115,1.2040630573573754,0.38683777971895067,1.2107012801359218,1000,1.3373204409828103,261.7440074658926,0.3874901957752727,0.17685055961621113,0.9928115335468397,1.6689085921459712,0.9906933441350365,1.6839475378305842,1000
764,0.6598982687136119,296.8813360103913,0.8794232093731631,0.17705612004712068,0.32080083637276147,0.9952813519809381,0.3128682734212554,1.0069282640059685,1000,1.163610249979314,198.58793216544854,0.5544230927191937,0.160211213230098,0.8246549343325921,1.4637494767667678,0.8495962720483219,1.477624227910306,1000
765,0.6150207105980625,399.99108575085245,0.32877643524843303,0.18239024048374608,0.24658373845936438,0.9545138693686015,0.2575358392499202,0.9725055819462048,1000,0.8728268188714412,212.95973386421053,0.663105037305064,0.190945192376771,0.5056274486542921,1.2224242758786892,0.49857424181297005,1.2470793959299122,1000
766,0.3110165890849106,387.46976390070665,0.380651830267231,0.1869586203155798,-0.05799107524883922,0.6628877059217284,-0.055422306733625804,0.677455484903447,1000,0.851492124257546,222.68473194518026,0.7116420076911649,0.17423999981703622,0.5259152199212712,1.1789123737834983,0.5099817246161549,1.193002523898937,1000
767,0.58249057567726,403.53045350283696,0.34462856763099237,0.1665381353274128,0.2743178326007418,0.9114149839092991,0.25607583043553095,0.9089053209189891,1000,0.9861962887002269,241.73375279392846,0.3780035055428473,0.16854520546831847,0.6372740856739019,1.3096269398318503,0.6558476859823228,1.316544891418131,1000
768,0.7305942096820699,388.4454015323908,0.3457184972020325,0.1668615936205144,0.40350011915651846,1.0512573947305153,0.40354548618586167,1.0576429331782782,1000,1.2288044731208543,217.42203686055274,0.3946137469042528,0.15691269540908434,0.9370035797789359,1.533357509292145,0.9212555901190489,1.5363533561226597,1000
769,0.874425029869673,356.16027003375245,0.47777843435720563,0.16670464247399747,0.5260767760445125,1.1820514781349922,0.5476839306206379,1.201166129118708,1000,1.2390783657372597,225.09513866983562,0.8875487622466204,0.14740783000293503,0.9486126829712993,1.5041435651050448,0.950159018931507,1.5279977125430124,1000
770,0.4090045792773047,322.1984603242324,0.5645110754091178,0.19422399564664622,0.02071916498194541,0.7873106961673834,0.028325547809878115,0.7896836107447314,1000,0.8361795975688446,183.53709228134642,0.6075446095657187,0.23497457604330893,0.4226415199779334,1.2711428499349091,0.37562942852395914,1.29672976661373,1000
771,0.4949233444642229,266.8599811515129,0.908006730528571,0.26013099804416223,-0.08359914749302912,0.9449798282306505,-0.014933411702335087,1.0047801006307808,1000,0.9030152264806492,163.63289504638735,1.2984874045229744,0.3034302419827881,0.20010936161418968,1.342660891206322,0.30829195219438454,1.497738500766914,1000
772,0.44725391912872814,298.9961188366773,0.8570246266891796,0.1921901510716936,0.04366606062293865,0.8158035225599715,0.07056122302820872,0.8239466152292476,1000,0.9858872166112089,193.38405026985905,0.5635105050435055,0.17122779433641622,0.632767117599196,1.309096717727992,0.6502807397118331,1.3214936935105848,1000
773,0.3818793868845991,326.36673588405955,0.5338281589728465,0.22758325948714878,-0.0909172622644922,0.8128269637545283,-0.06418380171021248,0.8279425754794107,1000,0.7687627498291172,183.40234916768728,0.6252888066867512,0.18063982919763924,0.4803249542089526,1.1840684670288615,0.41470868460174426,1.1228168150564901,1000
774,0.8528680384498482,275.4236868271144,0.6276585624905787,0.23124433555546026,0.41758870632775347,1.3244745349927445,0.3996291407611461,1.3061069361385502,1000,1.3393838665619846,176.11475116279553,0.8473727326244881,0.23722353585259923,0.9724712083236152,1.9103755847133155,0.8744257362908902,1.8043419968330792,1000
775,0.7282885801405112,422.6358208201333,0.28134076909726696,0.19423578492234556,0.36721629052436594,1.1055541256975359,0.34758644169271397,1.1089907185883086,1000,1.2458368135425744,298.0104757948229,0.2643884804698584,0.16823890700083013,0.8971677729069931,1.565234705880055,0.9160885558209473,1.5755850712642014,1000
776,0.38380411954968263,325.98097481683936,0.6343172561876891,0.20819944833189183,-0.009224664958180069,0.7864191158399673,-0.02426679918082536,0.7918750382801907,1000,0.8865360814965877,174.11015849182564,0.6427938881975883,0.18859731525959686,0.5512419210231191,1.2854267005794375,0.5168853435877778,1.2561868194053976,1000
777,0.48767833020150153,342.1996588944007,0.6611776229098345,0.16675425893859858,0.16586187772026945,0.8068662659182291,0.16083998268184835,0.8145166777211548,1000,1.1834648525187332,209.17081194717792,0.44312921932855365,0.16258016828761893,0.8865127839179182,1.502060656171651,0.8648077226750002,1.5021219823624663,1000
778,0.3198069706953519,373.4131623093073,0.4084992218739748,0.2231310705359079,-0.14942126136732978,0.76407084292089,-0.11752992755502756,0.7571438689457314,1000,0.7863046596624437,253.83738971784743,0.3348734304579899,0.18809861585406878,0.4034963052496697,1.1418701902879054,0.4176313725884689,1.1549779467364185,1000
779,0.5577038839661874,287.2599469693178,0.8614108357469759,0.19775875747918772,0.15334711014107277,0.899229707615879,0.1700967193069795,0.9453110486253953,1000,1.0131387445585056,226.22441336055851,0.41651674020906965,0.1491456352669783,0.7059091380302572,1.2972629108829863,0.7208132994352281,1.3054641896817831,1000
780,0.28177945942887783,348.3835426495024,0.5956894452375452,0.15843269557321496,-0.02746509734715864,0.5712156558360045,-0.02874862389462346,0.5923075427523792,1000,0.9214177694548846,229.65162601847055,0.3736337528830013,0.14731508430437404,0.6380727220650726,1.2020082100518426,0.6326802042183115,1.2101553346914578,1000
781,0.6007514187850846,275.3153128645117,0.9048883627353809,0.14167396884776018,0.32755742144334465,0.8767086709990227,0.3230704398434747,0.8784323977266946,1000,0.9745594244297773,183.0857564476154,0.7646889589529294,0.14690944673686915,0.6617868742992417,1.2359745613476034,0.6866169088255137,1.2625019400340407,1000
782,0.6042410166529262,318.59620445509256,0.5054418779107963,0.20944505281407222,0.1693858966971508,0.9993017847418606,0.19372871313734463,1.0147533201685077,1000,1.1243538802843025,237.0622378582328,0.46535301992722033,0.178698983612466,0.7602940705243915,1.480069089372036,0.7741038724038691,1.4746038881647359,1000
783,0.57114245843976,347.488856510503,0.46108890094355287,0.15545091874520747,0.2648411538244352,0.8897188553070224,0.26645865769915333,0.8758262591803666,1000,1.0429627991588228,213.24549804675723,0.4277517786961118,0.13413590983311924,0.7910508322856588,1.3199776374718601,0.7800564158859091,1.3058691824317366,1000
784,0.45124308153532544,329.84919311325945,0.5415441078606712,0.23785984583652278,-0.01697651400721541,0.9370243506082011,-0.014962216304259202,0.9174483793749101,1000,0.9229493395345139,173.71165005578308,0.6149851321041904,0.2053024762647142,0.5624404384853909,1.3606334820485002,0.520556486055674,1.3253421930133538,1000
785,0.45905859080254485,363.6980843090384,0.43724881458083675,0.1749202848891801,0.12128210501727926,0.7795973379781549,0.11621483241975189,0.8019023491853379,1000,1.1268696783391374,197.43304317708012,0.5114978796889526,0.16813346622539088,0.8094670434993962,1.4600410523261733,0.7973280845373714,1.4564112721409035,1000
786,0.3900596298102581,381.9401147681495,0.39020123514687466,0.1707944925513419,0.059895844787616274,0.7309962474938637,0.05530242440962796,0.7248168352108882,1000,1.0253076909927827,236.30707780797673,0.389351916391734,0.14757505731971898,0.7471516511689192,1.3466181663026158,0.7360605786461336,1.3145548033394319,1000
787,0.36588564125555134,334.6763853540881,0.5284858697023731,0.20440144689359596,-0.004110686266623932,0.7728436062163992,-0.03474119465589676,0.7665124771669994,1000,0.8594798427374761,202.53741782803093,0.5187636037659512,0.18497377572602625,0.504139313873543,1.2391522687176106,0.49693124231446467,1.2220284431604875,1000
788,0.3711530224669102,298.93592337957483,0.7584535522097824,0.22080142289354324,-0.0336393680372865,0.8390595990621932,-0.06161776640443456,0.803923811338255,1000,0.7748262109433663,212.6463726873687,0.6423130118650004,0.21781476567465843,0.42985164888251026,1.3232729112441988,0.34790927022103585,1.201743151665697,1000
789,0.5895267152218575,362.4597359895155,0.5398289933032239,0.18106317036884173,0.23935309179821138,0.937661082333134,0.23464290129892773,0.9444105291447873,1000,0.9621840112496858,234.92043806501434,0.35845356614541724,0.16258385146244916,0.641576191617297,1.2677997149167604,0.6435196623832854,1.280848360116086,1000
790,0.7158038087518896,282.1090705236163,0.8110576314382392,0.19765285139551575,0.3238039500775395,1.1282208521428858,0.3284042200166788,1.1032033974871005,1000,1.1399777653325538,183.4465204624271,0.5252687259356886,0.18278701803086217,0.8235874626747611,1.5222285176468304,0.7817152099920639,1.4982403206730437,1000
791,0.5976001681176282,430.1472408038615,0.2518127155553192,0.18275717915350065,0.20288506855793975,0.9395472994701097,0.2393960969767669,0.9558042392584895,1000,1.3534520298847905,228.77052318132948,0.34961514316658465,0.16624364727857988,1.032347592478877,1.6993113443088257,1.027614481218774,1.679289578550807,1000
792,0.5967505248060441,422.658373547673,0.2958139651720098,0.1835322739948536,0.2238145461324571,0.9499825569641346,0.23702726777613098,0.9564737818359572,1000,0.8499557363650854,276.4326759842593,0.35221180723712153,0.1768163527531219,0.49709992369366346,1.14857544698093,0.5033956849689665,1.1965157877612043,1000
793,0.4163330044443083,329.4249194592205,0.5161829783159979,0.20398577145343286,0.0074684449001004355,0.8337435839663839,0.01652089239557991,0.8161451164930367,1000,0.9628304431083339,213.74408919821053,0.5284932406990348,0.16207800472040299,0.6355788276755533,1.296893233219955,0.6451575538563441,1.2805033323603237,1000
794,0.6192343344791809,302.14018764933627,0.7728608172645207,0.1925969458520215,0.26208825929505186,0.9992252509813244,0.24174432060921874,0.996724348349143,1000,1.0720389112498983,202.898254001244,0.6086087714009624,0.17668094604727827,0.7348978320332271,1.4508275990476804,0.7257442569972328,1.4183335655025637,1000
795,0.9079994368226845,352.1580232614415,0.38324641083348604,0.19042885999484221,0.5408926798344088,1.2792832056567416,0.5347588712327938,1.2812400024125752,1000,1.283578805012909,208.866216312599,0.5213799699891599,0.17956106247375744,0.9439741245458283,1.645165552061833,0.9316391225643446,1.6355184874614737,1000
796,0.37941496462777646,387.019483104143,0.5737258671255295,0.19838894347283162,0.014247644486076063,0.7789094389590395,-0.00942736457897353,0.7682572938345265,1000,0.7378277896291094,228.43032538813733,0.9519927009829001,0.2351020253998681,0.29896829382393475,1.2223459022982424,0.27702781984536795,1.198627759412851,1000
797,0.3919646252926854,321.58436536123463,0.5577466123044501,0.2086083298410823,-0.00018427258292089626,0.8001519860114004,-0.0169077011958359,0.8008369517812066,1000,1.0048397140780274,203.101707004453,0.45145236442012326,0.16806704106852646,0.6951838705646181,1.3556569438379829,0.6754283135837156,1.3342511145723392,1000
798,0.6013722110946103,341.93581213009855,0.6772913254154311,0.16421590871160666,0.2637612296151887,0.9092926926494042,0.2795090300198612,0.9232353921693592,1000,1.1553244408210679,245.59646826586157,0.3676726778734674,0.13801272458406144,0.8973396284965055,1.4256108157803007,0.8848195006363075,1.4258293810058282,1000
799,0.6976764990056634,363.3699278929101,0.4208722913308665,0.15794144704971955,0.3697277280081632,0.9848094589751093,0.3881112627882131,1.0072417352231138,1000,1.161611770675342,203.45595634913175,0.4791860586745165,0.142393276575787,0.8801359165931245,1.427743049603728,0.8825209485867995,1.4407025927638843,1000
800,0.4871739199528009,429.6310456860246,0.2669406168729199,0.16548065353460445,0.15500737830074948,0.8007384938295358,0.16283183902497617,0.8115160008806257,1000,0.8724274008430497,239.85211249708064,0.34272565367352514,0.17633285761908177,0.4996493226765559,1.1983222393829744,0.5268149999096494,1.21803980177645,1000
801,0.7098211237509782,352.66046488481635,0.5020233925684087,0.18545168122981973,0.33425699868668113,1.0740178983507507,0.3463358285405315,1.0733064189614248,1000,0.8840860550373613,219.0792601109757,0.946008057105902,0.20185901923304914,0.4295256718217993,1.1722046709583613,0.488442377340585,1.2797297327341375,1000
802,0.6909232158453196,338.39823568548974,0.46819018173867666,0.19586917358606049,0.3359286477115067,1.0829963256640567,0.30701963561664103,1.0748267960739981,1000,1.218888328921527,245.213736175813,0.3426900945399801,0.17097798388936158,0.8982517861226127,1.5852079194993756,0.8837714804983784,1.554005177344676,1000
803,0.29212093356099667,405.26438338029004,0.4278866500616014,0.18212477270340754,-0.050464893536181374,0.6402709041368078,-0.06484362093768209,0.6490854880596755,1000,0.8424601101294646,241.41738896824367,0.321923682036321,0.1760730733961827,0.5219527007616486,1.2103723605243508,0.49735688627294655,1.1875633339859828,1000
804,0.7788216691360907,257.60016469558474,0.9838092010484054,0.21278486974894936,0.39405673430669935,1.2289864057870736,0.36176332442815,1.1958800138440315,1000,1.16317834674344,194.59727856194695,0.5542004109405361,0.1771839644277704,0.8536387756603142,1.532540317781148,0.81589777646501,1.5104589170218699,1000
805,0.7209386393115702,342.00856471254514,0.49252798309229173,0.1986207568580964,0.34232650360127614,1.1284570764313762,0.33164195586970124,1.1102353227534392,1000,1.1656140835902948,194.308962643039,0.8459099678304851,0.22376482963411407,0.8149918981316271,1.6900200017008848,0.7270350175074313,1.6041931496731583,1000
806,0.7881972364623038,327.26699306735475,0.5609678899512692,0.2173704726086663,0.3511918430980057,1.2178439184938346,0.36215111014931783,1.2142433627752898,1000,1.2720186571316763,205.05768923358636,0.7509611368758738,0.22678570992116934,0.8551727237279007,1.769577502898503,0.8275186656861844,1.7165186485771682,1000
807,0.2742127895200439,312.65435266097273,0.6536513114486453,0.20643408283682557,-0.1051938707079,0.6828492961413856,-0.1303980128401342,0.678823591880222,1000,0.7443554117397482,206.68588620180697,0.49156638150803267,0.1702652444367191,0.4370610676232876,1.1080434651529485,0.4106355326437788,1.0780752908357176,1000
808,0.38111990143577357,362.9919908549194,0.46223370262050945,0.18621591017423642,0.02583648380475944,0.746428765489862,0.016136717494270203,0.746103085377277,1000,0.8953542865105879,216.83390309684313,0.36746841599696456,0.16616095105365614,0.5820182561611269,1.2411409864396918,0.5696788224454219,1.221029750575754,1000
809,0.3872195716220137,333.3471393163442,0.7376851346024288,0.22833509000193908,-0.08257421284909963,0.8072468559791863,-0.06031720478178687,0.8347563480258142,1000,0.9432294546093827,225.88332403360207,0.3963867783673389,0.1609773617728628,0.6415672430807129,1.2747494815202853,0.6277138255345716,1.2587450836841938,1000
810,0.32825525027595326,359.8240530085365,0.6708237887623404,0.1910735475922982,-0.05763138315961725,0.679998458145405,-0.046248903004951214,0.7027594035568577,1000,0.8368979311229858,243.87785478123521,0.42745892317478973,0.17252520952335668,0.5037584730568067,1.1967335152009353,0.49874852045720675,1.175047341788765,1000
811,0.8432482000465358,292.8004013767686,0.48037450000821913,0.2312110104581411,0.41053857573665303,1.3456167799297742,0.39007461954857925,1.2964217805444922,1000,1.0743322362370251,209.08445269063304,0.708042335656211,0.21605492229357373,0.7420008066741921,1.5812492029659946,0.6508645885416207,1.4977998839324296,1000
812,0.493393370531225,388.40514377476444,0.36947810771821377,0.1688965840676731,0.17050096774504256,0.8115235167221656,0.16235606575858574,0.8244306753038643,1000,0.9854110792128963,253.3701719335574,0.32236281445001563,0.14259918611834943,0.7330519712082719,1.2690238465338735,0.7059166744209314,1.2649054840048612,1000
813,0.8021338493324208,305.25491950409247,0.831756936639268,0.18771844416259814,0.4513154282313497,1.173802471992131,0.4342056987737285,1.170061999891113,1000,1.2746241504368516,171.44106982395567,0.9439455341717112,0.19362981450260985,0.9447355459897939,1.713976191420318,0.8951097140117363,1.654138586861967,1000
814,0.5068225662882582,334.2908443708044,0.5526856768772641,0.1717622869890783,0.1703689774703449,0.8334674530729529,0.1701684837896647,0.8434766487868517,1000,1.0755712352737983,225.27910771397723,0.4168121041458179,0.1469608459117908,0.7954438463213992,1.3508265076538648,0.7875279772866883,1.3636144932609082,1000
815,0.4219361750310493,374.9292101126688,0.3643935239332434,0.1627609787760682,0.09692058518681769,0.730185904816479,0.10292465662995559,0.7409476934321431,1000,0.9885171785405849,248.62931115734366,0.33184548964208554,0.14088664140014318,0.7061124023521929,1.2738294315737522,0.7123793613963043,1.2646549956848654,1000
816,0.299922965248117,415.59216599392795,0.373087591885887,0.17944603289398023,-0.05936625189308419,0.6410053335105309,-0.05179125922408423,0.6516371897203183,1000,0.8207198793959214,221.0824442129151,0.36531222707551947,0.15501108337920105,0.5141693841474018,1.12599459382859,0.5168981559726873,1.1245416028191555,1000
817,0.590423724583248,284.9558820071026,0.741790871866339,0.20757968364733995,0.18473534856129442,0.9915967281738773,0.18356754463446168,0.9972799045320343,1000,0.912075953450695,176.85829237916337,0.8366354482839036,0.1855699479437523,0.5854419136604249,1.295727102197002,0.5483588554809404,1.2757930514204496,1000
818,0.6328285769337945,309.9683434357508,0.5979734174300809,0.1936843246720983,0.2729975250858888,1.0311333411008348,0.2532073005764818,1.0124498532911073,1000,1.0425661489122238,195.16255443676337,0.5107688592938595,0.1691266315741494,0.739286406687854,1.3988864710841244,0.711077951026891,1.3740543467975566,1000
819,0.45519922069144414,403.3760727284801,0.36992457764182063,0.16675425529839077,0.1166441654717652,0.7745599723582948,0.1283608803065982,0.7820375610762901,1000,0.932491305890343,298.00909131369883,0.2925060952530129,0.15445477192650978,0.6325764409516603,1.2340459945752345,0.6297599529143838,1.2352226588663022,1000
820,0.99430787567427,212.2549963780714,1.0621427393806404,0.23604894074312915,0.5509238820390703,1.443749929147205,0.531651951817737,1.4569637995308031,1000,0.9891355782068514,173.14190970541097,1.1584991750021925,0.22029331012831585,0.564136763685665,1.4316922388910769,0.5573606903553523,1.4209104660583505,1000
821,0.8319450430995525,395.9020232294617,0.35286532216465055,0.2105843185338817,0.4200778709556246,1.2426964822548416,0.4191997787731444,1.2446903074259605,1000,1.0777313608718098,266.72809305951967,0.26138303154260223,0.16144583659828182,0.7857236464083025,1.4092373119489396,0.7612975211391775,1.394165200604442,1000
822,0.0930325361253832,330.1514113023883,0.8130045561380945,0.2470852294208407,-0.42378035316003354,0.5446503413764926,-0.3912545135394646,0.577319585790231,1000,0.8536267807301794,212.09899623188113,0.47265872457882097,0.17943876209495516,0.478446483753342,1.1944644735096435,0.5019268070240672,1.2053267544362916,1000
823,0.20212026582755982,405.8586977743601,0.4042447438410903,0.1697876629675631,-0.13002943969239017,0.5204426822198479,-0.13066355358886383,0.5349040852439835,1000,1.0121963828664131,247.12432425943686,0.33965596345663657,0.1419606756509079,0.7364083588979519,1.2880778401785147,0.7339534585906337,1.2904393071421927,1000
824,0.6892533286384763,433.47783185800523,0.2648061782426534,0.17109289640436098,0.35497158026623765,1.0142599830245453,0.3539112516859288,1.0245954055910238,1000,1.1819443152777862,290.37567162109,0.27666460656554304,0.15720901515032465,0.8647738923997506,1.4868764332817765,0.8738146455831499,1.4900739849724225,1000
825,0.6267643116325008,350.9944601901539,0.4454732193793355,0.17877531557627943,0.2599518741909918,0.9726621920102003,0.2763646931029931,0.9771639301620085,1000,0.9214090623139954,245.88162129364878,0.39752426876403624,0.15928775809002496,0.5979881862178228,1.2290836976604318,0.6092050564575465,1.2336130681704445,1000
826,0.40307827803625695,386.5102538402142,0.3531782116639045,0.16987125825869642,0.070019811135443,0.7425613705957987,0.07013061184921199,0.7360259442233019,1000,0.7851540416105056,182.5922281009365,0.7197902284311518,0.15013438481106917,0.5029369415276911,1.106030220156897,0.49089064738081006,1.0794174358402011,1000
827,0.03865355455348407,370.4729286141419,0.44188496656967174,0.17100062284886602,-0.2646651388040836,0.4078434364965134,-0.29650766623029334,0.3738147753372615,1000,0.7056647619248171,177.99297428014134,0.5296899391016697,0.15532255380584087,0.42281250004117976,1.014703793486781,0.401232556465369,1.0100969673842652,1000
828,0.6422772673615653,395.6349001223406,0.3450413332180961,0.17310487797237137,0.3048233973088015,0.973917124813603,0.30299170653571744,0.9815628281874131,1000,1.0542344151100744,258.4172858669912,0.3226451838463145,0.15657987068204163,0.7528133513735883,1.3436904221416681,0.7473378685732728,1.361130961646876,1000
829,0.4898096603935578,384.1516052719401,0.4351297217861746,0.21476981999983816,0.058115259976807894,0.8616062441444452,0.06886081319387499,0.9107585075932405,1000,1.0176700908950589,247.45187921511652,0.356825735547151,0.15099571287182745,0.7490836675160518,1.3427979354361987,0.721718493666277,1.3136216881238407,1000
830,0.2865234338620599,356.8831360640173,0.4288310723292202,0.15478398159091586,-0.012257869055720292,0.619530122555888,-0.01685317005613518,0.589900037780255,1000,0.7534021532546629,206.5903744146821,0.45116253356157204,0.1502470453844467,0.46767066571678195,1.0545412189443522,0.45891794430114735,1.0478863622081784,1000
831,0.7231081650872095,369.9357391430224,0.5298539004222722,0.2105238755233134,0.3206448655710544,1.12542057171924,0.3104813690615153,1.1357349611129037,1000,1.1858075078591575,197.675921962709,0.44158821165907736,0.22246170953820515,0.7739791559047584,1.6524833798196292,0.7497825571642753,1.6218324585540396,1000
832,0.15808310010603943,421.70818518072576,0.3265436781602391,0.17802786078060107,-0.1905444879298496,0.5130791664992539,-0.19085150702393866,0.5070177072360176,1000,0.6069135018027123,267.26438221606617,0.29816018115463633,0.16420614417134363,0.29494659304696635,0.9320808715151073,0.2850694592268788,0.9287575443785459,1000
833,0.6594823176900659,308.8946133460179,0.5691039759550148,0.17050559344968091,0.3196996388199206,0.967783321181052,0.32529135452869135,0.9936732808514406,1000,1.1509392076597673,210.9160723501103,0.4729637565854971,0.15178134649741057,0.8492330194048212,1.4260014473784846,0.8534477685248426,1.4484306467946921,1000
834,0.38930992540003073,412.6981140315072,0.3017457554744457,0.1880423690206689,0.017906549479876927,0.7462939655569293,0.020746882119519694,0.7578729686805418,1000,1.0725205419258705,228.43076891894796,0.3708448685681168,0.16514682008854673,0.7763800610264966,1.4061737305791615,0.7488327745523189,1.3962083092994222,1000
835,0.6428492007149345,371.37354728289387,0.42137654457147816,0.15501963883927267,0.33814652660238054,0.9425970512888998,0.33901070858996,0.9466876928399088,1000,1.2174060019693442,197.22173531709302,0.445713500152945,0.14331930260705436,0.9515759062348169,1.5125579131563336,0.9365001688595177,1.4983118350791709,1000
836,0.769985445091995,380.87988142664716,0.6441258716412277,0.17680701663274587,0.3832684458309085,1.1023002461837645,0.4234436924918131,1.116527197692177,1000,1.2617402902183787,272.6804157711402,0.418983256397042,0.14899515493634202,0.9706828520057184,1.56127198492238,0.9697097865431483,1.5537707938936092,1000
837,0.5941043918010585,370.9644181902654,0.39412024495866826,0.1690324247177475,0.26309622594829657,0.9137597852829779,0.2628008393542734,0.9254079442478436,1000,1.0801360546357177,247.71436855521958,0.34336664557274693,0.14007258386491042,0.8053380500377617,1.3390250283902716,0.8055937902604933,1.3546783190109422,1000
838,0.4342768366226468,217.55308597696106,1.3892212205193861,0.2062339268248486,0.006841853801212977,0.8352096414262178,0.0300583400459436,0.8384953331993501,1000,1.075607442106751,164.34808398525942,0.605006257408541,0.18054794374020086,0.7435851849251455,1.42768874453786,0.7217334723759573,1.4294814118375445,1000
839,0.42516235602538766,325.41820123916233,0.6528830587810235,0.19192186059742702,0.05783353644567597,0.8196423417770416,0.04899550925443069,0.8013292027963446,1000,0.7260356407079644,175.86801814384097,1.5214227533331401,0.21884562606463787,0.3190040393419936,1.1909825750065668,0.29709821362127425,1.1549730677946546,1000
840,0.4549256559436543,341.583166324154,0.4419349638867322,0.22787703998374967,-0.031130349597967163,0.8868222492321908,0.008286657575504952,0.9015646543118037,1000,1.0798666578244633,210.57323644194113,0.4784495699169984,0.20545958858949284,0.6798859185847239,1.499053126419646,0.6771658641890574,1.4825674514598692,1000
841,0.45153488627833926,266.00594590573075,0.7775919277065059,0.2242128939728151,-0.011994235146760008,0.8596689479053883,0.012077614091621669,0.8909921584650569,1000,0.771375147531602,177.9062999661851,0.678097030165408,0.19348150761546903,0.45632626271038146,1.210314221093584,0.39215139260528264,1.1505989024579213,1000
842,0.591629340417144,339.1102347004475,0.7509158203337628,0.21334411444259604,0.18957337559834078,1.0365884585225502,0.17347487610965573,1.0097838047246324,1000,1.187308131508829,202.3480638946168,0.6074845995021627,0.22321307355596856,0.878161430356376,1.7513442239015857,0.7498105073391306,1.6248057556785274,1000
843,0.4377721680895563,295.53076835523973,0.8972376260199803,0.230005852745641,-0.06332968577218723,0.8505351315268014,-0.013039303291900062,0.8885836394710127,1000,1.0848208208001142,186.080790518696,0.8784048480546861,0.23774342373181795,0.6007331100317098,1.469808670241401,0.618843710285751,1.5507979313144773,1000
844,0.3884454463794733,387.6819271777356,0.37975383606934415,0.18484415609696328,0.012268321303459085,0.7458440040198512,0.026150900429425306,0.7507399923295213,1000,0.8733327682057919,239.30175315974958,0.359564544734309,0.1708134398727968,0.5439480460514531,1.2194823526685878,0.5385384260551102,1.2081271103564735,1000
845,0.593789410036889,284.47461329214923,0.8864536571139975,0.20201432004721118,0.18442179651319546,0.9786712481770914,0.1978413427443551,0.989737477329423,1000,1.1040496197303575,198.62749576558215,0.4951627895200771,0.16135385689722315,0.7651752946788998,1.4296995476444057,0.7877960602118002,1.420303179248915,1000
846,0.6319544094166405,344.2341489952908,0.520228345546414,0.1463658002741021,0.3461101283116553,0.9161858631727633,0.3450774408794004,0.9188313779538806,1000,1.24426885758291,219.62350495091655,0.49416700605387676,0.14229715209331528,0.9986514373580692,1.549006648254863,0.965366439480012,1.523171275685808,1000
847,-0.002568215944823926,389.3652878660923,0.33921239878959797,0.18842868617489336,-0.38354585463247487,0.34203193405814514,-0.3718884408476149,0.36675200895796706,1000,0.8160884422605807,160.01101541109452,0.6121463085734717,0.19557226524875326,0.4464087623217358,1.1886426988978966,0.43276680237302434,1.199410082148137,1000
848,0.6782385663792638,366.35890985407815,0.45689859856081594,0.19755977601805594,0.2838787173540025,1.0771710895551956,0.2910214053838742,1.0654557273746534,1000,1.1355857246156504,200.55345152398033,0.47219930066993965,0.20467317200664564,0.7284618512910918,1.5417402976148047,0.7344263074826249,1.536745141748676,1000
849,0.6830174011018761,378.6698608344082,0.4059366718445552,0.1911021739609209,0.2978483384531236,1.0225015181481751,0.30845714013847114,1.057577662065281,1000,1.1419871565346438,252.30549181777874,0.36331186685961653,0.1653614708718302,0.8125105271276648,1.4592612399280276,0.8178786736258565,1.466095639443431,1000
850,0.732389070122911,355.1228625790942,0.49222000700855395,0.1875390228037399,0.3667322009609417,1.100583148224086,0.36481258542758077,1.0999655548182412,1000,1.0905352385934433,253.842668291916,0.3540770629400172,0.15378767834968377,0.793802105733148,1.4032007833712663,0.7891113890280631,1.3919590881588233,1000
851,0.40308690437054073,330.70360978477737,0.552597528732404,0.2050356992342872,0.006732100256068715,0.8175390740411921,0.0012169338713378663,0.8049568748697435,1000,0.9100684906700329,220.49787372721158,0.5435387553379686,0.16289245115603246,0.5866322048760564,1.2208775158483758,0.5907992864042093,1.2293376949358565,1000
852,0.45544088945029015,444.25975150697195,0.2450030370897349,0.1693828733379929,0.11847222424245084,0.7625169718143061,0.12345045770782409,0.7874313211927562,1000,1.1276629153352724,246.26602149429215,0.31519911063233863,0.1571940254200458,0.8358831550556621,1.430855754698776,0.8195626255119827,1.4357632051585623,1000
853,0.7523867092840288,318.5987944671847,0.637439467502109,0.19850790945851315,0.35673427766436905,1.1300470962925928,0.36331120674534306,1.1414622118227147,1000,1.0778496125925061,215.92133192731546,0.5533217331867609,0.18454884277757788,0.7340301489400303,1.4413978502684106,0.7161338807484534,1.4395653444365588,1000
854,0.46270736896810405,286.3825993789557,0.6135658853566519,0.20806351869237172,0.04878329916772293,0.8480111262873734,0.05490287233105551,0.8705118656051526,1000,0.684998659848262,238.33634931003226,0.5578089286591309,0.19142159012932375,0.26112888549593866,1.0150210221874674,0.3098123431947875,1.0601849765017366,1000
855,0.5609291012392186,427.8223301047619,0.30938617897701187,0.17710136014582545,0.21168277268877989,0.8951384951638086,0.21381043535340072,0.9080477671250364,1000,1.0612243088555675,258.05442680689896,0.29796033851958387,0.1573311922566039,0.753536870423853,1.3686544867183081,0.7528551720326239,1.369593445678511,1000
856,0.34595059929528293,308.7111845517872,0.7483685273430735,0.17862444746235992,-0.031245563797738973,0.6852127541504817,-0.0041533177309425184,0.6960545163215084,1000,0.9022754576097571,183.2985788863159,0.471027180443002,0.1625200191032974,0.5856967576446419,1.228600664751628,0.5837362201672942,1.22081469505222,1000
857,0.5314983391230119,295.6123077498919,0.7264141926479798,0.19053847694387402,0.1583654744490823,0.8850849515764103,0.15804292431301886,0.904953753933005,1000,0.9143344726385689,195.9838102131111,0.5692420909109379,0.16413473670178358,0.5927073929959069,1.2196936788880577,0.592630388703073,1.2360385565740648,1000
858,1.0349066708897716,282.32791561466087,0.6268615072069165,0.21912702446731772,0.6080226476719793,1.4690952667412989,0.6054177029338289,1.4643956388457142,1000,1.2574173674092757,177.09856505896101,0.9171352791223047,0.21605719003786694,0.8678454879735953,1.745986530924814,0.8339452749350564,1.680889459883495,1000
859,0.7383088874091328,434.757709848708,0.26343508634866564,0.16990846871971396,0.4166799852238685,1.0494922091924552,0.40528828871849343,1.0713294860997722,1000,1.2141238955180316,268.5818881091571,0.3105303105704326,0.161937412768156,0.9088569313569929,1.5277110105540526,0.8967265664924458,1.5315212245436174,1000
860,0.33973659395383704,359.6342152160896,0.6118623956126992,0.17674116816314886,1.651141879285375e-05,0.7090514048564159,-0.006676095645934743,0.6861492835536088,1000,0.9068170861110825,198.64208607024645,0.5598634465620868,0.17318477791731907,0.59582677147072,1.2877606805885855,0.5673749213931372,1.2462592508290278,1000
861,0.6638907597762853,412.250513503376,0.38192015118645745,0.16042917033013107,0.33835764231285687,0.9600794907174811,0.3494495859292284,0.9783319336233423,1000,1.048301493602779,249.0744094791329,0.31355673233459536,0.15153383613370164,0.7461973104774812,1.337435499802548,0.7512951747807238,1.345307812424834,1000
862,0.562892701632626,359.08902360684465,0.5845812933182994,0.17415831294271789,0.1901247638493548,0.8899340230616032,0.2215424082648989,0.904242995000353,1000,1.1188398410655886,266.8273240301097,0.4358255288276662,0.15491964901520844,0.8219034136553698,1.4307509330582278,0.8151973289957801,1.4224823531353972,1000
863,0.26176440489874153,318.4068894274738,0.5829978342617209,0.18770978329082627,-0.1061111226188309,0.6484262841705638,-0.10614677035127795,0.629675580148761,1000,0.7619626236045209,217.59703270440664,0.41244376525139437,0.16281513923990373,0.4672092457747159,1.1027681784580854,0.4428449506943096,1.0810802965147324,1000
864,0.29890343352703397,393.7596025005563,0.344083011579997,0.19912973313550536,-0.10223151770540742,0.6965982517314863,-0.09139084341855652,0.6891977104726245,1000,0.7485628603173105,229.4690212648844,0.379301168317771,0.18029025074149152,0.42847724529643616,1.1444324889557642,0.39519396886398706,1.1019317517706337,1000
865,0.5793877494887134,318.7386090310691,0.5965056352197328,0.2342723866447754,0.1328126012923068,1.0151636920744909,0.12021387166495362,1.0385616273124731,1000,1.0937898989212327,174.44011973829186,0.9380615614010346,0.19473992181891395,0.7882230380673799,1.5657325742804025,0.7120996521561613,1.475480145686304,1000
866,0.8213590022669672,381.292858473507,0.46734802338054016,0.18137836370480345,0.4500753380942086,1.1857337757498885,0.4658574094055525,1.176860595128382,1000,1.1257236203347558,260.8254535354507,0.2908324245405999,0.15213958100037928,0.8453403338582844,1.4253229767678062,0.8275300415740124,1.423917199095499,1000
867,0.09668447370516242,397.8258688455889,0.4562870639319954,0.17765990157405637,-0.27621938065788104,0.4484010526225874,-0.25152893337998805,0.4448978807903129,1000,0.7630676603275539,196.04600354707387,0.49078622923387616,0.16717239113665755,0.430960322243489,1.0707975303643444,0.4354097736997051,1.0907255469554027,1000
868,0.6410424494301128,348.5490576015501,0.5758949218751047,0.23120951564590267,0.19867868020360496,1.1233187752962819,0.18787179876414356,1.094213100096082,1000,1.1038443994261957,191.5984488563356,0.6249546562328618,0.2238602145829538,0.7184157881808508,1.606232191108541,0.6650783788436063,1.5426104200087851,1000
869,0.5772371705852035,391.50058026155136,0.4375126234510015,0.19827778256991654,0.17286682311328028,0.9640635316124552,0.1886127167481671,0.96586162442224,1000,0.9086382132488366,267.116731860445,0.5536262275053632,0.166293308778424,0.6234075974338191,1.265746428795654,0.5827033280431256,1.2345730984545478,1000
870,0.3278007224737989,238.39924034752514,1.1144377370896819,0.22617278463496765,-0.11481202682636034,0.7474232431862265,-0.11549793541073772,0.7710993803583355,1000,0.5928298943264476,120.90702637490125,1.294223639104089,0.2788133350164769,-0.00747213008244517,1.1188127747847065,0.0463557576941529,1.1393040309587423,1000
871,0.7580515499552902,414.0000664069313,0.2862218848159378,0.17620433749812148,0.42734064528336174,1.1286118468157118,0.41269104845897214,1.1034120514516084,1000,1.160036279773129,271.68507692602833,0.30190148022329977,0.14896952798584898,0.8801965773514225,1.4746644275205671,0.868056004920865,1.452016554625393,1000
872,0.6258254376276762,322.8844987936612,0.5609911717485464,0.193062107947468,0.22459895101487942,0.9839444921597221,0.2474237060506389,1.0042271692047136,1000,1.1360325056945833,215.00598219389883,0.4476963385469236,0.15081208578041,0.8079771138549413,1.3921005210454556,0.8404408175649797,1.4316241938241867,1000
873,0.1168584657752163,244.3611449337378,1.00287697851355,0.2865050459676566,-0.5565625455846358,0.5969394065690253,-0.44469142432139064,0.6784083558718232,1000,0.8268846066951023,182.57248015952598,0.8753649659889962,0.32325317429936434,-0.13420544674376103,1.1669853705946072,0.19330838506834824,1.4604608283218563,1000
874,0.3219845073936072,373.6509585377401,0.4390304297707993,0.19954153224981708,-0.06077058063625965,0.6939462678091896,-0.06911689581603431,0.7130859106032487,1000,0.823400929720012,244.71886621228916,0.3715431048552739,0.17299471303680133,0.5048879026250838,1.1671031675047903,0.4843312921678814,1.1624705672721425,1000
875,0.5375282495465199,284.102513617559,0.8390095840799491,0.19970819469633036,0.13988528032630831,0.9291962036831858,0.14610018794171242,0.9289563111513274,1000,0.9671603671647659,177.87349025848638,0.5036241172589352,0.1876688560361175,0.6327348432195266,1.3428787249837983,0.5993294093339756,1.3349913249955563,1000
876,0.48436890181173187,363.6636554584817,0.3838253559883614,0.21385816869392557,0.06500452319357215,0.9031816984119065,0.06520689117163775,0.903530912451826,1000,0.7482888391875684,267.13963035079183,0.38873133878007193,0.169130775064696,0.4569203130555328,1.121114501994731,0.4167925200607642,1.0797851583143725,1000
877,0.6132161330950665,282.21645857286984,0.7509857237701655,0.29103143080287536,-0.023185172154994462,1.1328064661019892,0.04279452872143086,1.1836377374687022,1000,0.9330329872573633,171.11135401935334,1.2433301030919661,0.20081727741671862,0.5418845103289668,1.315754070261645,0.5394311235205949,1.3266348509941317,1000
878,0.7406904592840875,388.40117710190725,0.3980292981569577,0.19036921988257058,0.35652240553954223,1.1110086289815266,0.36756678831424916,1.113814130253926,1000,1.3533915603124038,273.1653983325931,0.3388504175838542,0.1723699184807022,1.0276999242787075,1.7003951687072163,1.0155465200902274,1.6912366005345802,1000
879,0.8903007711665789,317.6641208197687,0.6537932843303056,0.17410841907929486,0.5424516907494222,1.20944983630734,0.549048269771161,1.2315532725619969,1000,1.2744905278929388,244.336817904155,0.5017112683576094,0.15741125555383426,0.996461207553302,1.6010206204748265,0.9659644670074237,1.583016588778454,1000
880,0.6582667031096143,398.26514486645425,0.34095980929526837,0.19183604271316157,0.261507863123424,0.9984109444911762,0.28226805939181765,1.034265346827411,1000,1.1342097607404917,257.89430261059834,0.3264792051933278,0.15077932634571214,0.8301665309124567,1.4231492301679909,0.838682281102896,1.4297372403780875,1000
881,0.32980150104824935,408.1278745695144,0.31670607839575443,0.16838968206399146,-0.03615637715426207,0.6208149000126989,-0.00024227579717389647,0.6598452778936725,1000,0.9552870035688832,237.13572058240914,0.35894945687559954,0.13938553698447034,0.6824195525222346,1.21658697012197,0.6820913510793214,1.228482656058445,1000
882,0.3478997059675346,354.99067504356935,0.551642495274518,0.19177579000637712,-0.02190072953332924,0.730997071451417,-0.027980842444964515,0.7237802543800338,1000,0.8747649505308761,230.63188428051194,0.39740655370432304,0.1611593160238002,0.5701507177508073,1.2069889308206099,0.5588926911242277,1.1906372099375244,1000
883,0.8548786209357693,356.8945961519632,0.5814560115399222,0.19521038887842676,0.466044264732293,1.2247039682494543,0.4722662587340528,1.2374909831374858,1000,1.2973456312866274,248.76557994520581,0.6335653174768922,0.17099755121759444,0.986320510856458,1.6276072687820118,0.9621904309001423,1.6325008316731124,1000
884,0.557292087741355,378.8255364211292,0.39322222713340843,0.20373936254544536,0.18279889651205325,0.9598595627768951,0.15796293715228205,0.9566212383304279,1000,1.0205379135070953,243.71632764533413,0.3552624910375186,0.18108391104841826,0.6844651730790281,1.3774867071208736,0.6656134478521956,1.375462379161995,1000
885,0.5901030239588403,299.72130400866337,0.524803245274752,0.19181924259503175,0.2126335022810732,0.9622527815894021,0.21413730847257806,0.9660687394451025,1000,1.2022148289189976,199.8405947897421,0.5389949346651877,0.1693533928832568,0.8769092265598537,1.5469185829468575,0.8702821788678142,1.5341474789701808,1000
886,0.3577139118930739,335.0596068060565,0.5765653568262854,0.1893212727160585,-0.01631854897256636,0.7219673779756887,-0.01335578263040077,0.7287836064165485,1000,0.9993041744010389,175.80919678300853,0.5431720238795796,0.15334812227083236,0.6930006472448658,1.2913983524527228,0.6987418547502076,1.2998664940518703,1000
887,0.4218562538645729,411.1142888089094,0.33505878986985316,0.1781117100084618,0.054014863955097685,0.7644443069710679,0.07275730224798782,0.770955205481158,1000,0.9968168389028782,257.9257432735394,0.3389802924082391,0.14531612485501771,0.7110953130204227,1.2983787966072098,0.7119972341870435,1.2816364436187129,1000
888,0.41566570960631033,297.0013852444641,0.6832414280694625,0.21722736217633645,-0.033075346986650656,0.8073947202019914,-0.010099920259309114,0.8414313394719297,1000,0.9234807459440728,199.01752623507923,0.6807584980440574,0.19472749039651915,0.5467607551943153,1.3266580704621087,0.5418148647668952,1.3051466271212504,1000
889,0.23152072549666336,386.7995454364027,0.4314571383191839,0.21329869079241803,-0.21613563769738248,0.5989740535675855,-0.18654470845647597,0.6495861594498027,1000,0.7323737674411461,211.48975959004198,0.4995447363663828,0.17243012947177386,0.3830225476310709,1.0498121867510017,0.39441071367646935,1.0703368212058229,1000
890,0.5636050115287965,382.19931661342156,0.425884154252911,0.1840997744585062,0.20700829320260866,0.9225033008721647,0.20276945359012433,0.9244405694674687,1000,0.9541244230832608,235.36729241057165,0.4735848830497468,0.17894067880253817,0.6174673403589619,1.3278794026963208,0.6034006926302861,1.3048481535362355,1000
891,0.557375056432623,479.2409855325535,0.16486341992394707,0.14489474692463375,0.2756512870466993,0.8477302454791377,0.27338135246034084,0.8413687604049052,1000,1.0865656108480684,202.69355735577705,0.4125840348979547,0.15009534198658947,0.792327069288191,1.371085335526273,0.792378740554353,1.3807524811417837,1000
892,0.674955928252265,286.76921775293005,0.7581138229964093,0.17388621242595423,0.3244538700287896,1.0199115402158832,0.33413895189739473,1.0157729046071353,1000,1.1960778900479587,167.78088298962717,0.5698702432109872,0.1553221217557039,0.8814151184047326,1.5043714482555606,0.8916465314067791,1.5005092486891383,1000
893,-0.0070754369444197,357.3784264649658,0.6064991867070816,0.16750833914883162,-0.3548387230168455,0.30140402596850463,-0.33539178167612965,0.32124090778729025,1000,0.6109435133932442,212.0550251838051,0.3928555552489828,0.15971178127885272,0.30295341644201534,0.9312934996259634,0.2979084220866928,0.9239786046997955,1000
894,0.5808439796020193,434.4286548174884,0.2730321628471314,0.1394888825299937,0.27880460968640997,0.8313838237124925,0.30744576984323163,0.854242189360807,1000,1.0239658871526678,252.7788515966323,0.32625947256430093,0.14213356990180656,0.7616971103995982,1.3092602896461918,0.745384090145127,1.3025476841602086,1000
895,0.3111665744786474,318.98860346295095,0.5363569792556663,0.18967368883868846,-0.06019534975973584,0.6931200610248975,-0.06059385564518199,0.6829270046024767,1000,0.8642197586881193,224.66257855432661,0.38457043408866864,0.17576899718425185,0.5201522064181685,1.1993166301769453,0.5197125242069857,1.208726993169253,1000
896,0.5600028259312864,349.3928232315101,0.49077499189626406,0.21226326113710398,0.13682525688231156,0.9793074453799056,0.14396683410256256,0.9760388177600101,1000,1.0512849645140672,215.80502406902792,0.6151885043630233,0.1817133838104127,0.7083545572902277,1.3963311519302846,0.6951267322456582,1.407443196782476,1000
897,0.3703068088947896,302.0752263486096,0.7058686372570356,0.17852417594614894,0.03067528312177676,0.6914315405873992,0.020399424040337677,0.7202141937492416,1000,0.8396482749132734,171.2022918449775,0.613089345013624,0.168556218867276,0.506313583149148,1.1839341978994895,0.5092780859334125,1.1700184638931344,1000
898,0.5610591803203402,291.33901228031425,0.8524339982393526,0.1887518873110647,0.1896485519562147,0.9106798091943407,0.19110548119065335,0.931012879450027,1000,1.245395087928705,212.14121755873614,0.5724940664063984,0.16025060808244743,0.8879995222718776,1.5337772237544238,0.9313038960871081,1.559486279770302,1000
899,0.584803046267067,324.0366488284854,0.6033449095503295,0.1888243983532542,0.17451875214462148,0.9417511051992957,0.2147072254946888,0.9548988670394453,1000,1.1424802558174085,208.20081094946983,0.46404002614073475,0.18161375862983484,0.8127724005995021,1.4762739090882275,0.7865172889029323,1.498443222731885,1000
900,0.7433381649816431,417.3532027656805,0.32042239328002525,0.1890334411410252,0.37291056567655134,1.134946951103626,0.37283262034523373,1.1138437096180525,1000,1.1701806303497606,229.65386027406026,0.4286579842354829,0.18035428998375438,0.8678208191231034,1.6017302485794047,0.816686221981602,1.5236750387179192,1000
901,0.7464990845751172,343.34634986731174,0.4784402970301549,0.23531441330366434,0.27719297389775077,1.1759956966986442,0.285282834499935,1.2077153346502993,1000,1.0065205162070479,224.05365580092203,0.7019928410328662,0.1979153013172389,0.5734550484678682,1.3795766296915448,0.6186065256252596,1.3944345067888362,1000
902,0.4731681434893833,345.10979896792367,0.6802069298187836,0.1696906671879216,0.1411334749978991,0.8083266066968365,0.14057443580105694,0.8057618511777096,1000,0.7851719173981846,172.4185650011523,0.5085240177075012,0.1761480273160155,0.45555368737376983,1.1343418426111658,0.4399217838587942,1.1304220509375749,1000
903,0.502368365904946,331.03114225160635,0.5248839976778167,0.14998678671628912,0.22108626822546584,0.7908296524983098,0.2083942639410194,0.7963424678688726,1000,1.0616246312547655,169.01366823015567,0.5226163084362652,0.16513800200978607,0.7455604801371797,1.3721649209002589,0.7379541473155848,1.385295115193946,1000
904,0.19269325510848123,297.44767930096623,0.5774180258833971,0.19362209781310724,-0.1676888395733746,0.5632000401911955,-0.18680605660520894,0.5721925668221715,1000,0.8558752426626577,199.3700245300553,0.491076872155853,0.18864549613507345,0.46508590446129494,1.2144889535064052,0.4861300702379137,1.2256204150874017,1000
905,0.5835386925593133,368.37973123110424,0.4370083297331276,0.17703934148326156,0.23579405721339147,0.9460749587090665,0.2365415832521207,0.930535801866506,1000,0.96175329247842,251.22682258608046,0.33935985065629176,0.13511951424018667,0.7144765570797872,1.2518590230457536,0.6969190445676541,1.226587540389186,1000
906,0.8989081958713596,291.318594110083,0.6332258898140953,0.23719064315411223,0.43843842964098695,1.3391713095221678,0.4340145352892997,1.3638018564534196,1000,1.1344521388059463,240.07470747282778,0.6603098714470966,0.21846908361348744,0.7060890204652039,1.5368739285918434,0.7062527349235109,1.5626515426883816,1000
907,0.6839589709566822,314.8076381700586,0.7886453127664924,0.17581129664313305,0.3224936413788923,1.0170221054854538,0.33936882953614145,1.028549112377223,1000,1.075284863364251,222.39421655019225,0.40771729257966843,0.16525948859836756,0.7509945934963858,1.3905152768321811,0.7513762657114507,1.3991934610170516,1000
908,0.2437351503054721,236.43757340953854,1.2480517017512036,0.21757560606801882,-0.22383488736639076,0.6377760600748754,-0.1827130375878448,0.670183338198789,1000,1.0077785438835223,194.14188740708906,0.5142383012537902,0.16226246434765484,0.6809112465794991,1.3145929052743852,0.6897441137621187,1.3258129740049258,1000
909,0.6340748134532608,315.15586596131226,0.6832533140288196,0.1933794714719766,0.25268547351307846,1.033651423919109,0.2550510493681867,1.0130985775383348,1000,0.9979996069015966,214.40247983407326,0.4627916446719934,0.15998187547048512,0.6969721370102789,1.3208253251767703,0.6844351309794459,1.3115640828237474,1000
910,0.7485207075850662,314.49694523334597,0.5617403442544068,0.18733497317655198,0.3548134073894569,1.0617882093648907,0.3813441601590243,1.1156972550111082,1000,1.1458410569072734,222.41485968281484,0.6245654247399783,0.1662513326280562,0.7988737765935047,1.4449218305493632,0.8199884449562833,1.4716936688582636,1000
911,0.4970762881830879,321.58813492569243,0.5224598204465645,0.20557018883941222,0.07641604417082086,0.8658135256269555,0.09415871805783999,0.8999938583083358,1000,0.9972336186639801,226.4209563903628,0.46784720168894917,0.15990926782613607,0.6709009754124605,1.2955528166011978,0.6838114537247534,1.310655783603207,1000
912,0.27231940192814674,438.11033610693,0.28315393968448294,0.17606800523657176,-0.06838885923210958,0.6049780882793652,-0.07277388833553389,0.6174126921918274,1000,0.7554857766743823,255.3163907691908,0.3257458705532925,0.16326060485617663,0.4390532448971297,1.0656495134734065,0.43549499115627616,1.0754765621924884,1000
913,0.41057058774815935,453.77953240452257,0.2756974405456114,0.17611812353753953,0.055702523347419784,0.7348898196142706,0.0653790656145819,0.7557621098817369,1000,1.0112616572138893,240.75508542839054,0.336802935701064,0.17177459185611776,0.6546218199959787,1.3400031792377995,0.6745834571758984,1.3479398572518801,1000
914,0.5273144404654393,360.157934093503,0.4142916941757521,0.16903964571271043,0.19286520542225424,0.8579248608058996,0.19599673486852687,0.8586321460623517,1000,1.0178312450028026,264.3247737293556,0.34102200212051637,0.16587948486162446,0.6926653508650499,1.3514395439567302,0.6927074546740187,1.3429550353315864,1000
915,0.5524592425570427,342.12093958012787,0.5994608760135329,0.1975280613977477,0.16042976870157677,0.9133508298634238,0.1653042422174572,0.9396142428966282,1000,1.0930985481896514,186.68817570889067,0.9767068416408203,0.20231684801931588,0.6997524783763064,1.5178856411390056,0.6965575260717922,1.4896395703075105,1000
916,0.4384460586578611,383.89117631679045,0.43327788667253153,0.2050413380413311,0.021857393589073754,0.8294684666574267,0.03656503609685219,0.8403270812188701,1000,0.831759548824309,239.46083898331457,0.3623017153475653,0.15869040498224996,0.5160860834617081,1.1529049482518683,0.5207263550590991,1.1427927425895188,1000
917,0.5264111425903839,317.76960355023715,0.930159831530579,0.237659475253725,0.01910238215277357,0.9796967794266097,0.06059857109308292,0.9922237140876848,1000,0.8035870893622992,165.6396633109608,1.437012079109586,0.2566430784635345,0.30141747616025755,1.3638550698716614,0.3005666555737715,1.3066075231508267,1000
918,0.3384963431886576,415.0212700096367,0.34206009925020286,0.17382705450698968,-0.016754458759658027,0.6641744526300216,-0.0022046836450421714,0.6791973700223575,1000,0.9591920316565021,227.76428653411634,0.38221548710106945,0.1688213507606973,0.6504399057655218,1.3102444101695083,0.6283021841655354,1.2900818791474689,1000
919,0.6849508315079111,390.33822234463327,0.3500659864489948,0.18064523955136905,0.292922895699757,0.9938674480919696,0.3308861619872278,1.0390155010285944,1000,1.1717127002172387,220.066146026628,0.4332074416207707,0.15404910255213283,0.8322170467996495,1.4373178887465836,0.8697764592150583,1.4736489412194191,1000
920,0.5663941093666858,390.9207213234267,0.3854972279316578,0.21101066574987173,0.14917411349958845,0.9583127396686594,0.1528132044969372,0.9799750142364343,1000,0.8873086884823906,253.28272287958916,0.5992480579917837,0.19149858307894918,0.5165455946231434,1.249816947804452,0.5119714656476502,1.262645911317131,1000
921,0.17836856469606133,282.26901983349705,0.6644525952479027,0.21448803241097608,-0.26001374382905645,0.5616806667787733,-0.24202797882945176,0.5987651082215744,1000,0.8021035553233835,211.46902430662618,0.5256643874897438,0.18295202966164223,0.4307212967078725,1.1637544163276374,0.44351757718656476,1.1606895334602023,1000
922,0.7169185033860543,387.8655516503046,0.3767422529000468,0.19703474749621658,0.3068471380550958,1.1013760524443532,0.33073039829346984,1.103106608478639,1000,1.3943079306622845,195.70376614962856,0.46937928335460377,0.17779410381868294,1.0397196421621637,1.7477204658915773,1.045831487177666,1.7427843741469031,1000
923,0.5114546338343908,410.5626072164959,0.4263063035849518,0.1944666005389173,0.13005578241030757,0.8828674300911789,0.13030009677811294,0.8926091708906687,1000,0.9494327623857952,228.0855812299711,0.4747654292195504,0.14549773359659557,0.6656571644560623,1.25252874830702,0.6642572045364679,1.2346083202351226,1000
924,0.3279413232196249,414.28393694469014,0.29137641971509265,0.19798115310196965,-0.0731581542271384,0.6991131338226365,-0.06010173686023562,0.7159843832994854,1000,0.7715126515773054,258.12800116928963,0.311825044354523,0.17708449347150146,0.4096750961094013,1.1254235649467081,0.4244270443731626,1.1185982587814483,1000
925,0.6615744019391556,379.3628514611379,0.5428366188847175,0.18142996699393513,0.3024638232224597,1.0064897104483088,0.3059716666310428,1.0171771372472684,1000,1.2483766482393777,229.58241245568752,0.3590928663554084,0.15282580907164015,0.9527150833530775,1.5416185607836965,0.948838062458963,1.5479152340197924,1000
926,0.2926724675484298,364.52853400439517,0.4084604861524123,0.18625884143924804,-0.07060136366807104,0.6657124202334731,-0.07239486167249637,0.6577397967693559,1000,0.8553939314950321,199.34270033609124,0.4460156363851784,0.17844619826272093,0.5382436301043736,1.224564501937901,0.5056393829000991,1.205148480089965,1000
927,0.667452165340956,282.9594191025103,0.7357729521050358,0.2301474252512702,0.23712859042368944,1.1331771711704153,0.2163632118484664,1.1185411188334455,1000,1.1822705166902332,204.84445693877157,0.8662018093257196,0.18053411349033374,0.876762015326067,1.5811905861280817,0.8284236542491791,1.5361173791312872,1000
928,0.13114745882344359,357.1044214897915,0.398256922282786,0.18130129638041684,-0.2157697322194172,0.4994358847022129,-0.22420308208217343,0.4864979997290606,1000,0.8903841616693464,188.4221028289784,0.45893080645592405,0.1570174672229222,0.5868686593362762,1.2139794052205033,0.5826299259124189,1.1981383974262738,1000
929,0.2934373261343586,374.65343959856494,0.3803151202741595,0.1752000886478179,-0.0650786515392198,0.6269102330617978,-0.04995484761536445,0.6368294998840816,1000,0.9083679780353533,244.73103589502577,0.3334914067955198,0.14431567991409086,0.6210098701631009,1.182514803734372,0.6255092454037352,1.1912267106669714,1000
930,0.805883733640711,255.6761768726147,1.069703652529524,0.20018975731780084,0.4348563633218214,1.1900556246524885,0.41351180929782133,1.1982556579836006,1000,1.0162581323258797,162.33668744092412,1.1068859354643592,0.21378940365373786,0.6231736799786574,1.4847611486669168,0.5972309011645536,1.4352853634872058,1000
931,0.6149640462258814,362.8332486134227,0.4273967394134637,0.16717956400154488,0.2721767853368215,0.9486745056715425,0.28729210078285344,0.9426359916689093,1000,1.2083019979520961,218.6166082407595,0.3915041531990248,0.15761042502812478,0.9247394218373052,1.5383188472367777,0.8993855648969715,1.5172184310072208,1000
932,0.4010044870303715,449.6720506256952,0.2898324991742543,0.1813240772363085,0.04834257865263882,0.7412655614324185,0.04560929564720684,0.7563996784135362,1000,1.0508288590297163,230.76778872574386,0.37878276905799113,0.1644270243272519,0.7070075228594536,1.3727625729361852,0.7285518913483027,1.37310582671113,1000
933,0.7143248734927936,339.75498524600687,0.4126863360444339,0.18634844500788766,0.3476561549322268,1.089111090825322,0.3490819212773338,1.0795678257082535,1000,1.1562213043402068,203.91166376722825,0.5413017355474691,0.18190965646687454,0.8433362108326754,1.5328767932625265,0.7996783776651326,1.512764231015281,1000
934,0.6432245706894251,341.38773275759183,0.42093794043210536,0.18009423030546814,0.28258043675460515,0.9983606354526232,0.2902398792907075,0.9962092620881426,1000,1.3072617355495004,194.98188799946627,0.49733049895962667,0.16041461983122637,0.9994421573255965,1.6145093936013704,0.9928490806802968,1.621674390418704,1000
935,0.6848121586674489,397.7337364680932,0.44006739871743,0.17582000078909785,0.3403743509523269,1.0166512570752928,0.34020495712081716,1.0294193602140806,1000,1.0020283838087414,302.71289440357,0.2854989928122918,0.15781103670486454,0.6762158290310234,1.304511799192975,0.6927187518672069,1.3113380157502759,1000
936,0.8119307673656171,287.2879601017468,0.6335953222816563,0.20251863296502137,0.4274685402166017,1.2052303640820714,0.41499424675417523,1.208867287977059,1000,1.3353176585951037,181.39043290069844,0.7402700262703659,0.1844879411807965,1.0148630188647465,1.7526554833769734,0.9737212938807425,1.6969140233094648,1000
937,0.3721961152222586,311.4710747512846,0.4864878315463592,0.19331712844480836,-0.02246529050583152,0.7591202998041471,-0.006705456529565779,0.751097686974083,1000,0.7237101250339197,206.7484960318255,0.5890506150434149,0.2001644030209302,0.3234702199101939,1.125230969708414,0.33138789511289657,1.116032354954943,1000
938,0.12081826296813603,334.24456164062485,0.5582990179286342,0.1765028272064968,-0.21627514746709808,0.4657298807911643,-0.22512727835659768,0.46676380429286973,1000,0.8379106099235845,173.09948659254752,0.5686100093151994,0.1585195640256913,0.5370688313149108,1.1670945729622824,0.5272122644332295,1.1486089554139394,1000
939,0.5880881518249939,354.23290730437964,0.5328098126013301,0.17950134023619613,0.21584150368386779,0.914408354121102,0.23626552496204944,0.9399107786879383,1000,1.1656891599527377,223.06405344483258,0.5185271978199026,0.16169020848481008,0.8796780431585473,1.4877431827794994,0.84877635132251,1.4826019685829654,1000
940,0.41027304703299716,433.3246521631297,0.26030873229099166,0.16717308491660957,0.07659480441173463,0.7331022402272841,0.08261380059644241,0.7379322934695519,1000,0.8420874574670574,252.40813022793935,0.46565789987775413,0.1637943349748352,0.5628590980493842,1.2079284540744273,0.5210505609163805,1.1631243540177343,1000
941,0.37293087379908707,441.397498164996,0.3291317720309854,0.19252018390293654,-0.013001044537763231,0.737221463917242,-0.00440868665066857,0.7502704342488427,1000,0.9070568802430701,253.44885532721014,0.3089492960582205,0.16136220698466983,0.573364136641869,1.2104398538547436,0.5907869545531172,1.223326805933023,1000
942,0.6113869981555955,340.2933864547133,0.5810173372995429,0.17808653847107156,0.2630146550608749,0.9555335200743759,0.26233738275229523,0.9604366135588958,1000,0.9997076037718942,189.2177037573208,0.8189639212104453,0.1860536434716641,0.6251309987416399,1.368925240558942,0.6350424625674326,1.3643727449763556,1000
943,0.3400183623380597,364.8051094948444,0.46615607406990495,0.17043047929441238,-0.005409697222951812,0.6518740309233969,0.005974622921011474,0.674062101755108,1000,0.949849844359882,208.40924412540954,0.41678514257105614,0.15790342212979905,0.6622555384557134,1.2462963463985663,0.6403591369854758,1.2593405517342882,1000
944,0.5448079239724066,411.7039765667639,0.3640982725391029,0.14971632821072667,0.2340860609525722,0.8321783309987061,0.25136392067938235,0.838251927265431,1000,0.8640655442676795,221.3797329995548,0.5674377837083067,0.15603182389180217,0.5688406278729543,1.1675875080322782,0.5582431694397472,1.1698879190956117,1000
945,0.7882157495489728,395.3972949091366,0.3707377267321578,0.19997658559104262,0.3893154601580045,1.1917503177315092,0.39626164179052925,1.1801698573074164,1000,0.9988013069457531,286.3158897514554,0.45294139956068563,0.20496684283757743,0.6285799918009943,1.3557960723261793,0.5970662949841012,1.400536318907405,1000
946,0.39683346667524244,292.1576113522444,0.5351681914555311,0.17526200467456407,0.07160347913059288,0.7533589976668739,0.05331993751309688,0.740346995837388,1000,0.885270537981147,181.1333962782617,0.4924442846033005,0.1736539943093131,0.5564359589345174,1.2464187886868798,0.5449087091348932,1.2256323668274007,1000
947,0.44048714536307365,366.7191283945001,0.47267779866902276,0.19019154014303497,0.06297603226100906,0.792679644693802,0.06771172668272513,0.8132625640434221,1000,1.1172837327832719,224.19680468598358,0.41273822747935907,0.140984358844974,0.832510582088348,1.3865483404650079,0.8409543894471228,1.393613076119421,1000
948,0.470216834227863,344.6130483826659,0.9055293276924555,0.18341744291317177,0.09983873159295896,0.8265889079274911,0.11071864611804633,0.8297150223376797,1000,1.1564148617947017,217.0970096383588,0.4108239358811296,0.13794187940798297,0.8950779943201893,1.4327642414965234,0.886048778155055,1.4267809454343483,1000
949,0.45043946951722313,362.41354261026606,0.44038447810525205,0.20138925557055945,0.06903772269125401,0.8241817522676835,0.05571652859892662,0.8451624104355197,1000,0.808663740597297,163.7077082603447,0.8499695386508291,0.20410271605414998,0.4352250579461436,1.176878922190191,0.408622417131163,1.208705064063431,1000
950,0.7332159728003291,377.1563994472531,0.4337029568456827,0.15853967864500085,0.4208451748063027,1.0382185422462655,0.42247820265612746,1.043953742944531,1000,1.1941472527062884,205.9699986138265,0.6383598292386823,0.1550613478179567,0.9296797588633319,1.5211943539329984,0.8902270109830933,1.4980674944294834,1000
951,0.49487126041114715,364.12601013562886,0.4148760823595943,0.20211837497112342,0.09786742569034848,0.8807091087122131,0.09871924546774524,0.8910232753545491,1000,1.015801062678215,208.40125539512985,0.4015141967379001,0.20098322319236878,0.643211253368043,1.4225292432033014,0.6218739452211722,1.4097281801352577,1000
952,0.6231814021643118,338.71981605886066,0.4921751695156721,0.1882584840999157,0.2530528768233161,0.976730949004503,0.25419477332847706,0.9921680310001466,1000,1.0211608365877591,198.6666056373719,0.5159366438150615,0.14918931414975176,0.7103127379863667,1.3037486342578848,0.7287497808542457,1.3135718923212725,1000
953,0.535134846569933,411.4371894023682,0.36586078660242327,0.18837087015814694,0.15604637999515839,0.898896951251939,0.16592794105996506,0.9043417520799011,1000,0.9268416690112855,238.688710679781,0.5736493180548913,0.1611225894292312,0.6046897259741708,1.236396694844461,0.6110413937299923,1.2426419442925787,1000
954,0.5674077930745507,287.9838095913832,1.051647044284435,0.2162341236560828,0.16680120617643798,1.0158688187132705,0.1435889107086284,0.991226675440473,1000,1.0776393271752394,190.4462441882731,0.8420627484093399,0.20523258854255197,0.7553635311995283,1.5648739510267187,0.6753834536318375,1.4798952007186412,1000
955,0.2227709546289267,376.33074352407715,0.5141964475600664,0.16921694280495791,-0.10337739456535801,0.5484145384085447,-0.10889425326879082,0.5544361625266443,1000,0.7827056040789739,240.30832880177027,0.358719977940102,0.15749724656293598,0.4912117340215136,1.101391166740282,0.4740110008156194,1.0914002073423283,1000
956,0.48959628085611717,416.44658723926443,0.32281493484408635,0.19346924772297683,0.10080646252095278,0.8755171760984285,0.1103965553190826,0.8687960063931517,1000,1.0814553405628469,271.98259696934497,0.3273860464645385,0.1736851964895496,0.7233304382793818,1.4400973721165375,0.7410323554433296,1.4218783256823642,1000
957,0.46281335629876974,338.4340461541005,0.7224353841507583,0.19329721584845164,0.09029772571492578,0.8453808118102933,0.08395081323580456,0.8416758993617349,1000,1.0859084157893069,211.25228736164163,0.44547252970344736,0.1777385950771927,0.741946067069341,1.436619369258539,0.7375407694380092,1.4342760621406045,1000
958,0.28527802836739147,297.63777942687955,1.0997680057459582,0.1933608285228787,-0.09295632215248655,0.652068726019027,-0.09370919553745077,0.6642652522722337,1000,0.8047941104044973,191.31891004589014,0.627798720151074,0.1741464997595529,0.47988027118378856,1.1650541799722356,0.46346697087577365,1.146121249933221,1000
959,0.4356872642025378,379.0309851641639,0.41079459105010185,0.18737736398448948,0.09369539986804132,0.811831001487965,0.0684276307929384,0.8029468976121372,1000,0.7985668645517836,218.65935448286356,0.4202942856084276,0.18072317150350195,0.4890761734222133,1.2009044835109073,0.4443494484049198,1.1527842806986475,1000
960,0.6568710822545647,247.08100564438035,0.9229568189922506,0.22311134559827736,0.19277655618790657,1.0665145824124602,0.21957284488194106,1.0941693196271882,1000,1.15693769786423,162.89404373512826,0.720902720093617,0.16776548638008915,0.8517658850637151,1.5419720052798636,0.8281173445592553,1.4857580511692048,1000
961,0.8384491021068179,334.38552898536375,0.6614983777410928,0.21676027145117507,0.45317446614183327,1.2981723094257753,0.4135989700625147,1.263299234151121,1000,1.2276161381986292,213.04054444937444,0.7482480540541981,0.18878394124009815,0.914592296390176,1.6642392722453274,0.8575996133680368,1.5976326630292217,1000
962,0.61787459736721,339.9852511760921,0.5916420934357333,0.1846700150709979,0.24016998647162585,0.9660984136076717,0.2559213678280541,0.9798278269063658,1000,0.8931053854474227,209.88974603789745,0.41583063537732057,0.16147231739023693,0.5847724273583998,1.196754583682116,0.5766196433625583,1.209591127532287,1000
963,0.5746261515124029,215.2282818094803,1.0890924761684053,0.24006949183039356,0.09622477569059751,1.0820787737116138,0.10408994752483158,1.0451623554999743,1000,0.9625943219846329,119.13906471787641,1.3443005272269637,0.31021152409316605,0.38017606292923795,1.4602286503333342,0.3545797347620274,1.5706089092072384,1000
964,0.3163346529641142,370.0490550257715,0.5301246902732589,0.19683561098115604,-0.06930606369845689,0.6978972811246391,-0.06946314455895158,0.70213245048718,1000,0.8858934179374423,208.52670920558475,0.4169532291815478,0.1740379866845144,0.5513445399813682,1.241646644981742,0.5447789640357941,1.2270078718390904,1000
965,0.390661078659428,352.3535250703396,0.42489002173163914,0.1557532431478947,0.08569629706623019,0.7045575091459532,0.08538472208955439,0.6959374352293016,1000,0.943212309311273,200.18010806012018,0.47766168587362157,0.14389711045442685,0.6539805340419321,1.2214949509691386,0.6611739728205963,1.2252506458019496,1000
966,0.7210744193080987,401.64296008339454,0.3767741009163062,0.2203371062071321,0.3165637817617653,1.1711859465918142,0.2892136911421198,1.1529351474740777,1000,1.0385493316042238,230.4280286459618,0.8003990298509894,0.2113121871859133,0.7194702902460517,1.5498282463409025,0.6243774447198338,1.4527212184886138,1000
967,0.42507371472943145,420.96865500440265,0.38907855979748796,0.18023233194533209,0.08907010822356586,0.7951407765766656,0.07181834411658056,0.7783290853422824,1000,1.0474084111135364,218.31033293802668,0.4111995770594534,0.164375747605141,0.7334456742484136,1.3794272081489283,0.7252319458074601,1.3695848764196128,1000
968,0.5921178819125292,392.2518881988777,0.366839500380674,0.17769892528420594,0.24249970056224998,0.9239324415813804,0.24382798835548558,0.9404077754695729,1000,1.2540560076759548,216.24792762255476,0.4120311255042121,0.16289893988056803,0.9267363047267393,1.5672316037527803,0.9347740855100415,1.5733379298418682,1000
969,0.5813641680604689,325.9276680081107,0.7625771277173271,0.20728632483536905,0.18889027207800713,0.9853341148065026,0.17508297138314555,0.9876453647377922,1000,1.042953255351795,218.26939995474027,0.9050324793044545,0.18423452841744295,0.7123860329306566,1.4337059510298733,0.6818535796536069,1.4040529310499832,1000
970,0.6057805503016525,261.2793852002012,0.7659128992975355,0.22079128547195237,0.1337930879659272,1.0550416330056738,0.1730296307766258,1.0385314698266792,1000,1.1535580223838164,183.68669570179878,0.809542119607301,0.18945588438599548,0.7909360919745314,1.5182207299976243,0.7822244889872654,1.5248915557803675,1000
971,0.5956657647517769,294.32537835109804,0.6759371626075047,0.18758038274967617,0.22623796702515922,0.9570118339560761,0.2280082145624116,0.9633233149411422,1000,1.162232496846968,193.63817205427577,0.5307632870539578,0.15238298307389245,0.8692671856381124,1.4652469346106587,0.8635618500221387,1.4609031436717972,1000
972,0.5788671825894114,312.7754374843734,0.5445953675586692,0.18178836371590987,0.1964647210143252,0.9267749250896304,0.22256198970622804,0.9351723754725947,1000,1.150608924643954,197.6988923915133,0.48163167109661825,0.16004129472512604,0.8411624440737445,1.4856927355971175,0.8369279869827069,1.464289862305201,1000
973,0.5574994300022635,342.5305036966646,0.6611608699110076,0.18986556780349265,0.16861562676685637,0.9287128059454166,0.18536291710741798,0.929635942897109,1000,1.0918795932981218,206.81464151327503,0.49242141084703944,0.17668528508179465,0.7635038463211455,1.4463056520847353,0.7455764345378042,1.4381827520584394,1000
974,0.685416672443286,448.8404347253928,0.2708865541978558,0.16103656233171876,0.3626608790432408,0.9786849528855445,0.3697850102731172,1.0010483346134547,1000,1.042471101447316,285.5809744357134,0.25021104588801424,0.16486862884876097,0.6768734383562804,1.3437097512950522,0.7193285889037445,1.3656136139908877,1000
975,0.8844717249392109,372.7726176595524,0.4940565358882254,0.18116439260755735,0.5382316999608809,1.2200574134668303,0.5293895154283985,1.2395539344500233,1000,1.1996380027647535,288.5487039000068,0.32631829349061153,0.15737183175071728,0.8991771866661891,1.5186710399564067,0.8911892125333476,1.5080867929961594,1000
976,0.15686377252156403,365.067787936815,0.41714576058099373,0.16734729670452878,-0.17081812463935422,0.4791534158645609,-0.17113692901931238,0.48486447406244043,1000,0.7679941770375398,190.9397497835477,0.4686393693978991,0.1588051428445471,0.4528416604445493,1.0820598054949733,0.45673609706222745,1.0792522570128522,1000
977,0.4326839889599774,415.49432726207124,0.29127669334813555,0.1537754377852873,0.11667423520876762,0.7344590052488147,0.1312841309008143,0.7340838470191404,1000,0.848198730722054,236.64530871348458,0.3424177343483822,0.14422820737688213,0.5529263195884904,1.1350961209203088,0.5655114442633651,1.1308860171807429,1000
978,0.4790037138913217,277.10609557190196,0.8766842993271,0.2193619168790263,0.040931781756629926,0.8898362481653809,0.04905435680843018,0.9089530709742132,1000,1.1852313572142053,142.16527620669078,0.8615549979179916,0.19197620456782277,0.8309001710265199,1.6126690715449365,0.8089579962612726,1.561504718167138,1000
979,0.6164495741653888,339.9456845855312,0.5237067686530807,0.2017080697915808,0.17592806298660021,0.9960547966632157,0.22110175737389048,1.0117973909568871,1000,1.0711837082062692,204.75721555507815,0.5441180184656879,0.18123805140303922,0.6944020712437111,1.3860024639513795,0.7159571274563123,1.426410288956226,1000
980,0.43257021254293937,300.9213375516416,0.8818658186713596,0.2011440959215584,0.04459497370609027,0.8129766577943691,0.038327784536684895,0.8268126405491938,1000,0.8030584965825898,209.23679461718038,0.4531397982086771,0.1624920793870546,0.49089072651481885,1.1285945920552751,0.48457402098396274,1.1215429721812167,1000
981,0.24253670386462245,360.77446762021583,0.4230179043817935,0.21732070315496396,-0.1917842650131381,0.6646451415558412,-0.18341187431910688,0.6684852820483518,1000,0.845141004070519,224.81170097701565,0.4004344658029492,0.159570227154626,0.5336550208474934,1.1447236688851283,0.532383358847452,1.1578986492935859,1000
982,0.8022038189249154,396.10602012774535,0.3541959252763186,0.19448781768451814,0.41688936580474245,1.167133335022383,0.4210076962632599,1.183399941586571,1000,1.1870487318879737,238.77571037172766,0.3491105689884656,0.16459721225178078,0.8668449021409939,1.5103040472738205,0.8644381958744833,1.509659267901464,1000
983,0.9171874498136066,272.8734474773686,0.6508044315689218,0.23390240783592955,0.47633225810938895,1.3749111394703701,0.45873873045518465,1.3756361691720285,1000,1.1356656147381337,152.9236938161426,1.0363137477010496,0.2174190628815355,0.772423616821502,1.6040652956013701,0.709524251490324,1.5618069779859431,1000
984,0.3810589269592177,347.5599674757465,0.499653393938016,0.20933039368953354,-0.03702753246220602,0.7844355442069734,-0.02922864467226799,0.7913464985907035,1000,0.8301250468427352,227.99336371151924,0.41050932149089464,0.17840816499048495,0.45395497484449704,1.1672903372122065,0.4804450434613847,1.1798050502240858,1000
985,0.36334265873876426,334.08899297536175,0.8453299052164402,0.23229452512992566,-0.1584988067395926,0.7677338420013462,-0.09195461051589005,0.8186399279934186,1000,1.0308434387621692,218.3294582730325,0.41937863329374075,0.16324147285617568,0.7112348894289804,1.3518414699497956,0.7108901519640649,1.3507967255602735,1000
986,0.4972212216390357,302.81295058977184,0.6311327587986505,0.16443898923060107,0.1696778751688917,0.8189659249541045,0.17492080274705762,0.8195216405310137,1000,1.1392987665816117,179.61468750641737,0.4826999476968839,0.1553578427055193,0.8351440143719421,1.443558155908408,0.8347973948787939,1.4438001382844294,1000
987,0.4453345033987297,308.46360658653515,0.7282983863264846,0.24562427839521148,-0.02355546839959649,0.9208336385932941,-0.03608908225588475,0.9267580890533442,1000,1.0190051023600017,139.98646751305805,0.8656180793846381,0.24507204870077343,0.577388594639406,1.508266446600324,0.5386638869064859,1.4993463178135176,1000
988,0.5008741746042027,407.5234993712403,0.32637688314276003,0.18154578939259225,0.13145972285677213,0.8379581874026804,0.1450444273947219,0.8567039218136835,1000,1.0397568142996028,239.42877279058848,0.3057380889708408,0.16724431796244899,0.7151119404475198,1.3619305748820372,0.7119579510932028,1.3675556775060027,1000
989,0.36709121579136905,232.48470631208235,0.9678218275308804,0.23980678809742095,-0.15021558187201356,0.7881789471780801,-0.102930088879576,0.8371125204623141,1000,1.0692013876290876,167.63089249203628,1.1295505838553543,0.22588504209201418,0.5905670408204992,1.3950043659809275,0.6264667051287398,1.5119360701294353,1000
990,0.613574975748516,394.53529900388037,0.39066596154794303,0.17741211516091626,0.27094998145999316,0.9490659682371214,0.26584723003312016,0.9613027214639119,1000,1.0389265220260029,261.9541647385127,0.3147086815194595,0.15303854405142692,0.7481574019570706,1.3471943686704249,0.7389709756852061,1.3388820683667997,1000
991,0.30594364942281516,403.5860006688104,0.33795237655890026,0.16067363454160227,-0.007051829054641476,0.6115786910431209,-0.008976674278725283,0.6208639731243556,1000,0.9687659961105219,217.30237700555358,0.38397413822552584,0.15314154276053366,0.6648720347683016,1.264271994380007,0.668608572299876,1.2689234199211679,1000
992,0.35517530183336365,369.1800723397416,0.37245593010194217,0.19788374391651814,-0.029483769186954993,0.7596568995137741,-0.032676836243011875,0.7430274399097392,1000,0.8221786555247794,203.09542989035856,0.594844870415047,0.17962284051777283,0.4688696203478682,1.182922040158682,0.4701178881099447,1.174239422939614,1000
993,0.5568983080776908,434.1945197477212,0.2857044520089658,0.20151055592477615,0.17027757543471325,0.9546597145183063,0.16193761846512955,0.9518589976902521,1000,1.0641391448083524,269.8293073769887,0.3119841541733864,0.18739062581422872,0.6974488916341012,1.4286277194606256,0.6968535182124641,1.4314247714042407,1000
994,0.390409038281224,253.11125465698566,0.7319829453467216,0.21548033498795938,-0.03590388738300074,0.8133392341152207,-0.0319324182951764,0.8127504948576243,1000,0.8079173083760929,193.87521601847078,0.7476430438209949,0.1701659331074055,0.4653250225449681,1.1336438820982986,0.4743920794855781,1.1414425372666077,1000
995,0.4789823143234151,377.0452773454324,0.38068066425037594,0.1746410807439302,0.14592674506895886,0.8312771332121481,0.1366857960653119,0.8212788325815183,1000,0.979437401624812,224.6141000625755,0.38716930325111865,0.15064053283040293,0.6964853429121848,1.2935895354642515,0.6841819572772222,1.2746928459724018,1000
996,0.2257442473390019,333.2885457830187,0.45714615878721837,0.211270137664958,-0.17197752517480389,0.6377515549615735,-0.1883452224843158,0.6398337171623196,1000,0.8673096033558281,209.69251640248083,0.5554555226917675,0.19962749118613504,0.5364996099713836,1.3046904885648678,0.4760397206310034,1.2585794860806527,1000
997,0.7080052252880353,322.9271674351873,0.668297396578938,0.1763677360723884,0.37621816652587314,1.0379745029986909,0.3623244625861541,1.0536859879899165,1000,1.0660350356984338,229.47792369638657,0.4852272834619579,0.16226125292156063,0.7551496579011999,1.3790127194581152,0.748002979972175,1.3840670914246926,1000
998,0.2522402554767371,358.45980758275795,0.40059177750139713,0.20230172283153472,-0.17122577948950227,0.6299810837509296,-0.1442711212730709,0.6487516322265452,1000,0.7356590954758757,258.1573274892215,0.4315759559154283,0.19328303154462248,0.35571097364877147,1.0932410709827254,0.35682435364841564,1.1144938373033357,1000
999,0.21758838265441538,301.4428886821507,0.5906433493678233,0.22080754808923103,-0.231383760457963,0.6313596236848872,-0.21519441160047742,0.6503711769093081,1000,1.0501066313577923,192.5281365358361,0.5513310151204142,0.19339023551193538,0.6729610745668224,1.4246462755451963,0.6710617697543989,1.4291514929611857,1000
