trial,linear_estimate,linear_ess,linear_max_weight,linear_boot_se,linear_ci_lower,linear_ci_upper,linear_normal_lower,linear_normal_upper,linear_boot_n,quad_estimate,quad_ess,quad_max_weight,quad_boot_se,quad_ci_lower,quad_ci_upper,quad_normal_lower,quad_normal_upper,quad_boot_n
0,1.7931759251280037,12.90045924521401,5.885570106715579,0.4505055271736657,0.9599261635685151,2.7423706002707418,0.910185091867619,2.6761667583883884,1000,1.691006258669824,10.0864605613067,10.048328748648007,0.6120710983977468,0.5257367554907377,3.158247653751424,0.49134690581024043,2.890665611529408,1000
1,3.9977909999529198,2.158174509396634,58.89259764754484,1.1033071230636158,1.4535067632064078,5.3320456121716795,1.8353090387482327,6.160272961157607,1000,2.810867896264436,2.668088355427004,29.993507896601283,0.9115900197293911,1.4320304453066066,4.979813076572891,1.0241514575948294,4.597584334934043,1000
2,1.150021771125486,5.890285311814875,17.56202212354697,1.056172439827908,-0.6822026364671853,3.3028643887723232,-0.9200762109372136,3.220119753188186,1000,0.7677403116782164,8.027467691339039,10.719196802149847,0.7251214486276617,-0.42006964588797746,2.450393455039495,-0.6534977276320004,2.1889783509884335,1000
3,1.6213740860778376,18.185256672987407,4.402673868988099,0.5800625907696692,0.24699717215847464,2.4632529169874986,0.4844514081692861,2.7582967639863893,1000,1.9775287293261492,12.753890438339527,5.800731714901005,0.6845096078056492,0.8015220296354281,3.5715495098390457,0.6358898980270768,3.3191675606252216,1000
4,2.7899291880973527,8.310179879607151,9.675827277813807,0.701672601784704,1.3901475698674914,4.143950794859441,1.4146508885993327,4.165207487595373,1000,2.88951987034401,8.270670953232509,8.537600614993886,0.7552090373864502,1.4050306526710516,4.393681649110095,1.4093101570665678,4.369729583621453,1000
5,2.155787450298056,9.22002131826107,9.319903848163078,0.5971377463830285,0.9777970591594091,3.356580161337194,0.98539746738732,3.326177433208792,1000,2.9935221089691826,8.778346699644732,8.155256060181975,1.068252688667828,0.8831497233436002,5.4380956943216034,0.8997468391802395,5.087297378758126,1000
6,1.7908451958212468,6.286330477016491,16.963258509323893,0.7182869286772102,0.6383238306594146,3.4503566620145594,0.3830028156139147,3.198687576028579,1000,1.7849956749273415,7.68507754077917,8.586040978069864,0.65403970718771,0.7172932534348867,3.3939906337394348,0.5030778488394299,3.066913501015253,1000
7,1.6742893575611877,17.671398158338295,4.041930623400744,0.5438948418255669,0.5352948940530037,2.667638086215242,0.6082554675830765,2.740323247539299,1000,2.083235861552249,15.665086533332165,3.9658187882914415,0.6867857264380755,0.9402968312535225,3.6863557536543565,0.737135837733621,3.4293358853708766,1000
8,2.579249482474748,9.251831070912916,12.989461682147882,0.7078465003610063,1.307721926999711,4.025590153480347,1.1918703417671759,3.96662862318232,1000,2.263336766740156,12.19880994984503,5.929808446888399,1.0661058230924845,-0.4337771918877362,4.025015459462381,0.17376935347888667,4.352904180001426,1000
9,2.347096151334716,12.627015605742146,8.235666807273525,0.533474277195781,1.3572192578737334,3.409077506331823,1.3014865680309853,3.3927057346384464,1000,1.7809503759954335,7.248522473889136,11.41861727114333,0.67205331210734,0.31673882515805896,2.9824886969116062,0.46372588426504713,3.09817486772582,1000
10,3.27157233862467,8.611907108086712,12.03459428206121,0.6918401236302614,2.175732846355755,4.968980145250134,1.9155656963093577,4.627578980939982,1000,3.102244048026948,4.523509791733059,13.697405227113375,0.5921493798486027,1.8260930815712122,4.153094535186551,1.9416312635236868,4.262856832530209,1000
11,2.3617329472877646,13.739833499372786,7.492894587026409,0.6810944426657223,0.9271196870048168,3.6511173952193268,1.026787839662949,3.69667805491258,1000,2.6272226793129816,13.831290768320526,4.7769489838411845,0.8903131951989067,1.063541085327901,4.466869982897217,0.8822088167231243,4.372236541902839,1000
12,2.3043772721983453,18.16621283658454,4.229482205077908,0.6373413903325144,1.0241247380423664,3.497391045047667,1.0551881471466171,3.5535663972500737,1000,2.371854593317636,15.282301847029547,4.505391313392359,0.9528067853359069,-0.015278953105452634,4.198600305994961,0.5043532940592583,4.239355892576013,1000
13,1.4218079959480423,8.844289839091697,11.200059456949154,0.9697623327329498,-0.39406315479843385,3.318830867723279,-0.4789261762085393,3.322542168104624,1000,-1.4306459024670826,2.655486310837818,47.892299657778786,1.7357998944872093,-3.263863005807718,3.132882054728431,-4.832813695662013,1.9715218907278476,1000
14,1.6173109170873194,18.07035076979379,4.314052689795576,0.5601145585027875,0.5886929368804649,2.7544346247457514,0.5194863824218561,2.715135451752783,1000,1.860731130628381,13.884506319357959,5.512812666222091,0.6727437426048893,0.44472850962034843,3.0619807054400536,0.5421533951227979,3.179308866133964,1000
15,1.4287459199450687,11.108287083585743,9.224776320056112,0.545675349972772,0.3637507543128633,2.622813726217467,0.35922223399843567,2.4982696058917018,1000,1.2775832677695886,10.344213506645666,9.784555454650466,0.6130136256422399,0.11192207695278242,2.595670270253467,0.07607656151079834,2.479089974028379,1000
16,1.7607534094730206,5.763221379129508,21.758033912609974,0.44102230293028344,0.8915033708949646,2.6155842599071044,0.896349695729665,2.6251571232163764,1000,2.0214601075856984,8.685858557182575,12.420779756142487,0.6323353208986254,0.5468601087713281,3.050774886209139,0.7820828786243925,3.260837336547004,1000
17,2.2173772250937085,11.228717128654207,6.043795159209222,0.7940863655143496,0.8388298248301831,3.8841905221400594,0.6609679486855833,3.7737865015018337,1000,2.012266178101068,8.700592196582523,8.326015013284941,1.0482930115317768,0.04204081841684407,4.086310632344916,-0.04238812450121454,4.0669204807033505,1000
18,2.4608116882576367,9.34601221503423,12.620984705138975,0.7154270677814744,1.0596156095470723,3.740286639093548,1.058574635405947,3.8630487411093264,1000,2.159501458234333,11.219572435435984,5.723412547088759,1.0255792998670967,0.06754277832956608,4.152438617741672,0.14936603049482322,4.169636885973842,1000
19,0.6740792942013063,7.550493932308385,12.299437377173023,0.8374741079479461,-0.5571107680380669,2.998026600813439,-0.9673699573766681,2.315528545779281,1000,0.7001195099168487,6.167880100081745,15.225281553339716,1.3356195064003322,-1.1123136164584915,4.02754056434877,-1.9176947226278025,3.3179337424615,1000
20,2.228129617530326,3.3226179035803156,35.79375282886709,0.8368168176142101,0.07604413410816142,3.185647224769628,0.5879686550064742,3.868290580054178,1000,1.5122110861390161,8.59192908955145,9.620924422509454,1.0423694979032478,-0.33023807510058245,3.9249966781013113,-0.5308331297513496,3.555255302029382,1000
21,1.6127471229034274,15.167273027794144,5.835010550133313,0.741108183452296,-0.1885284981134264,2.6739935223430122,0.16017508333692732,3.0653191624699274,1000,1.5625718701126559,10.6333106673113,5.73165804318877,0.6161855564756846,0.33864798770727483,2.8233063924173933,0.354848179420314,2.770295560804998,1000
22,1.072964585355348,7.46910901137639,15.53982282391042,1.0073139116874994,-1.134358023937797,2.8567819956455347,-0.9013706815521507,3.0472998522628467,1000,1.1945476731609657,6.357735049517424,16.10435678508894,1.4497540423473425,-2.135027813489725,3.426785101520767,-1.6469702498398258,4.036065596161757,1000
23,2.280799088957166,9.02386550512916,9.068982158852505,0.5104122204176689,1.197835354574229,3.2017174407257847,1.2803911369385352,3.281207040975797,1000,1.5700266939039693,8.616636649758087,7.651076590114277,0.7039717370621162,0.12798929606502102,2.9210386255142953,0.19024208926222141,2.9498112985457174,1000
24,2.3287714350229765,5.457255582741598,26.666782820023485,0.6162527516114057,0.9299137937053322,3.3604818286507534,1.1209160418646213,3.5366268281813316,1000,1.8485641109289188,7.986820038522017,11.424227306013247,0.6572299924238412,0.5507195578768004,3.116967424917519,0.5603933257781901,3.1367348960796475,1000
25,1.5141176683555861,14.387019702548729,5.985149823019646,0.6922430414633545,0.31081917430022393,2.9495362743991693,0.15732130708741132,2.870914029623761,1000,1.381691563984841,8.982110016755888,11.892529443174581,0.9113926081949174,-0.2524930750549944,3.2872193687838993,-0.4046379480771971,3.1680210760468794,1000
26,0.7402034682989465,10.100635568817234,9.908879337424239,0.6316731203456533,-0.3908129033296951,2.1348916333617596,-0.49787584757853387,1.9782827841764268,1000,-1.2419340504641396,3.749969198503564,34.067293885250365,1.5406698401385452,-3.030032482218322,2.5087089056862135,-4.261646937135689,1.7777788362074092,1000
27,2.012877585476333,9.22911824909418,9.033217912110524,0.567516006404525,1.12341231426613,3.2275555955467254,0.9005462129234643,3.1252089580292024,1000,1.2935572124680275,4.895967725853222,18.17871716045256,0.5527031108660885,0.48184803379924435,2.2921665227237313,0.210259115170494,2.3768553097655607,1000
28,1.4702258823335996,16.44818639546881,4.441253643249545,0.7324394790164177,-0.5646602053903022,2.294281714734158,0.034644503461420895,2.905807261205778,1000,1.405240175718788,11.431222498294144,7.809941267850303,0.49888743914244216,0.2500460574957678,2.3216011493488904,0.4274207949996014,2.3830595564379746,1000
29,3.327077534779975,8.878763976268932,13.909392265684362,0.8138365719271842,1.6292245191010963,4.869498148078456,1.731957853802694,4.922197215757256,1000,1.8859472291774324,10.021918655781475,5.6797506290770245,0.9148185724365719,-0.19593741865308337,3.421953690161144,0.09290282720175136,3.6789916311531137,1000
30,1.8472934730312551,16.559325536087183,6.129361840482368,0.5711810748661873,0.863014656009017,3.0074200976265115,0.7277785662935281,2.966808379768982,1000,1.0556817642287264,12.047739193426086,6.414225842755211,0.8658297646790788,-0.7625320821284154,2.993080245886827,-0.6413445745422681,2.752708102999721,1000
31,0.8711198775633453,16.736906891294712,4.828796052711749,0.46830569290893026,0.00318352613195869,1.8471336978257695,-0.04675928053815803,1.7889990356648486,1000,0.9610493915320206,14.232929093685328,6.929678397128996,0.919107561742763,-0.8403327207050288,2.8475332166050706,-0.8404014294837947,2.762500212547836,1000
32,2.6726255617075276,3.7379123521342534,33.689796010601505,0.7354984744483793,1.199032205659193,4.184325840271625,1.2310485517887042,4.114202571626351,1000,2.6252068860159516,6.186741118933385,10.797412736316227,0.9184259737203025,0.8624196986435821,4.460554843383615,0.8250919775241587,4.425321794507744,1000
33,1.4235966996553784,6.573169438730005,21.530178168285556,0.7356234120471754,0.25657510129611644,3.1050506235850706,-0.018225187957085387,2.8654185872678424,1000,2.3576669713331846,11.299318686898884,6.434482889947242,0.9581633866756262,0.7169321196070245,4.58053444609091,0.47966673344895727,4.235667209217412,1000
34,1.3921881262103069,6.085670650676937,24.83085417840024,0.5716851387389902,0.47697751236489183,2.7751193149156568,0.27168525428188617,2.5126909981387273,1000,0.45444778620606385,5.05724537169075,21.655977001946898,0.7437390885077174,-0.7616709635586723,2.1426035880471423,-1.0032808272690623,1.91217639968119,1000
35,2.5198536588901934,5.8802898557301955,20.31256589888321,0.5870938319763641,1.4469430998074926,3.6840890804713067,1.3691497482165198,3.670557569563867,1000,2.0765727678384467,8.91122806920361,8.67214256586546,0.9615745233348367,0.48700434302530393,4.2776129559155835,0.19188670210216663,3.9612588335747265,1000
36,1.3805958423175975,9.062444581880639,12.9159229785834,0.7272687910913316,-0.28133672615093647,2.75766466467853,-0.04485098822141231,2.8060426728566075,1000,1.0217156304139805,11.272714274618464,8.967019868128592,0.6716721416828477,-0.2544111790265517,2.410477948999831,-0.29476176728440096,2.3381930281123617,1000
37,1.94520680365917,12.560925610441933,6.879294816368149,0.7131779448309797,0.6346630791813264,3.455482730475723,0.5473780317904497,3.3430355755278907,1000,1.1656022618959638,5.363297330244894,19.80064739937597,1.2514220578775748,-0.4403427962466966,3.966439829483476,-1.2871849715440828,3.6183894953360105,1000
38,2.7055199469109086,12.663583094516932,6.932038486031567,1.0831942653541686,0.5168146071795823,4.663486798018037,0.5824591868167381,4.828580707005079,1000,0.2524283976862778,3.6805373769528984,26.037630525771327,2.0737723488533133,-2.329826388212463,5.019806337889848,-3.8121654060662165,4.317022201438772,1000
39,1.4281109344905736,12.637440997740388,8.941913210716809,0.7131250039867417,0.24690795406967503,2.9255556510074103,0.030385926676559816,2.8258359423045873,1000,1.157551473477389,6.540818180274397,13.019348953783124,1.035108868462861,-0.31586109410338115,3.8873146848318965,-0.8712619087098186,3.1863648556645967,1000
40,1.7769626803778322,13.17279856529338,7.236974655336854,0.7109000504829033,0.43551007270185366,3.1285050941805883,0.38359858143134185,3.1703267793243226,1000,0.8895117695954866,8.284305280447388,9.894291305729897,0.9938090615571253,-0.9081555636564709,3.396690754861716,-1.058353991056479,2.837377530247452,1000
41,1.8307152444580126,10.578043502616216,10.23132160633698,0.555207857193808,0.8129324821908402,2.9993916256794586,0.7425078443581488,2.9189226445578766,1000,2.184803542018086,9.501744360934012,6.477953314492316,0.7368943275705415,0.7210581558699555,3.713088786401131,0.7404906599798247,3.629116424056347,1000
42,0.8212137823442847,13.364600950881277,6.854608336074673,0.36243282118465,0.1239348295783127,1.524222358839395,0.11084545282237068,1.5315821118661987,1000,0.37744337107218584,12.811690235489655,8.799592674451489,0.5244497854662231,-0.5949369313699611,1.439659050762953,-0.6504782084416114,1.405364950585983,1000
43,2.3017787310196143,5.213894880670879,20.935004239823417,0.9237428927602064,0.24160337096989765,4.102888910169013,0.4912426612096099,4.112314800829619,1000,0.8235714775318437,2.456435880003828,32.74623518098517,1.074389016364119,-0.43044655377243274,3.463474920552845,-1.2822309945418295,2.929373949605517,1000
44,1.8874608752018371,7.76522350458053,14.769747794885738,1.294554046746699,-1.0446584578394076,4.308082463934842,-0.6498650564216928,4.424786806825367,1000,1.3391486851851226,8.572146341138826,11.268745166852014,1.1922032002761371,-0.8237679223292363,3.705662182005154,-0.9975695873561059,3.675866957726351,1000
45,2.0464578314207484,9.075830296504718,11.872925170906486,0.6505655584939322,0.71970645799429,3.287099239005068,0.7713493367726414,3.3215663260688553,1000,1.4879468997508198,8.885656312098238,10.301326619504144,0.778065443653068,-0.1962662469152618,3.0889951129710838,-0.03706136980919328,3.0129551693108327,1000
46,2.090467802558982,7.2874652067169885,16.306652787156118,0.37849139754395694,1.3860664037734558,2.830057389035863,1.348624663372826,2.8323109417451375,1000,1.9486688859798147,8.39592898497132,11.423850629042512,0.5550127218935391,0.7438064625569913,3.039403910859181,0.860843951068478,3.0364938208911516,1000
47,1.8987194267679843,15.374601398586035,6.314063303190522,0.5353126091814437,0.8813503872065823,3.0483199739117004,0.8495067127723546,2.947932140763614,1000,0.31121416995152407,9.027375146109849,13.334486322719194,1.234470063961267,-2.3266224888195737,2.7161477071651583,-2.108347155412559,2.730775495315607,1000
48,1.899202860108371,16.29076533296238,4.462621680998971,0.5756609567308634,0.8140222264711745,3.11992208627952,0.7709073849158787,3.027498335300863,1000,1.8415129646123858,13.891260575381143,5.940249373534335,0.6215548946983213,0.7617585333212428,3.1688806823949696,0.6232653710036762,3.0597605582210954,1000
49,0.6167961670288924,9.59420704948848,10.777761818220362,0.5966196626835694,-0.32448006653479855,1.96913057744944,-0.5525783718309036,1.7861707058886884,1000,-0.4793286232698506,3.4028886778941017,33.123739497099876,0.9762673522145385,-1.8151519386378037,2.050600905250672,-2.392812633610346,1.434155387070645,1000
50,2.6729236661685674,12.775017423294253,5.22411937851235,0.6338172117876967,1.4299847618440238,3.8743411007103825,1.4306419310646818,3.915205401272453,1000,2.7701923945390816,8.591833202169262,7.7058929174121795,0.7932670777106602,1.3072531793864457,4.28691332007324,1.2153889222261878,4.3249958668519755,1000
51,1.5297634914366258,8.275152866943932,15.408341375230544,0.5358476094355531,0.5965721754838917,2.7002809022743635,0.4795021769429417,2.58002480593031,1000,1.1283636616059196,5.03268160240245,15.751653523293498,0.9340736071357486,-0.3871139411157446,3.256556440621373,-0.7024206083801476,2.959147931591987,1000
52,0.9508069129585479,4.19584305110132,26.441321962766466,0.5344780373385383,0.11082920575908264,2.2198900580747765,-0.09677004022498714,1.998383866142083,1000,1.4256194841272554,10.047444078900709,7.373309762492733,0.6761830091671077,0.26061755996129465,2.950202951857923,0.10030078615972426,2.7509381820947865,1000
53,2.949406744456758,4.011090387411513,27.188279489018612,0.8226302444223401,1.8106105522016813,4.904702148204855,1.3370514653889716,4.561762023524545,1000,4.064972272196137,1.9422501064049706,33.81264429839029,0.9405566550442547,1.852272755206108,5.2985681554817115,2.221481228309398,5.908463316082876,1000
54,1.9980997273041468,7.881261365958456,17.848365673337046,0.5674383044765968,0.8792766589924029,3.1282404018912557,0.885920650530017,3.1102788040782765,1000,0.9945700483205497,7.274693364096569,17.16356147610098,0.8311369462499107,-0.3387745273314217,2.9000800549920354,-0.6344583663292753,2.623598462970375,1000
55,2.3055977528960008,12.659072672770758,6.487545774199792,0.569045377916277,1.1939465192544276,3.4101199638244686,1.190268812180098,3.4209266936119036,1000,2.7066174614830527,12.192105600226846,5.78522799949397,0.8260573203399675,0.9127885101310924,4.420621025723952,1.0875451136167165,4.325689809349389,1000
56,2.2796398297749976,10.81676791036471,9.418832617428148,0.48001581440077745,1.388443790153561,3.270863069181893,1.3388088335494737,3.2204708260005215,1000,2.0836328065281107,7.272546830216315,14.045336356095895,0.5468020654431623,1.1264308344719864,3.3272147173724074,1.0119007582595125,3.1553648547967086,1000
57,1.8928984945374143,15.887670441161845,5.253897058629255,0.524221690057436,0.8539035182613929,3.046153842592989,0.8654239820248397,2.9203730070499887,1000,1.6498052131391985,8.432598402332538,13.509913409902905,0.6232539692004667,0.4371906157219279,2.9413245512622233,0.4282274335062837,2.871382992772113,1000
58,2.0003989254119596,10.973300592748712,9.54427162810454,0.49039195440612354,1.1270583737811317,3.0559940781982275,1.0392306947759575,2.9615671560479617,1000,1.5930013612741751,9.883186079652512,11.43789955721495,0.7719778211892616,0.18445878780212135,3.1917783831723043,0.0799248317432224,3.106077890805128,1000
59,2.902826001139991,7.029044159299737,14.597163180344053,0.5129533312628127,2.020473044140773,3.996927513941031,1.8974374718648779,3.908214530415104,1000,2.9290898338000377,5.7654595991605255,12.693344157564947,0.6111084492510518,1.9655386610655712,4.339302403207217,1.7313172732679762,4.1268623943320994,1000
60,2.625892489308124,7.701166558249939,15.087848433985908,0.6655803897845881,1.4933352496339016,4.010388821267981,1.3213549253303314,3.930430053285917,1000,3.2995136137793404,12.754351073377782,3.466914167719173,0.828353045306303,1.7128763492331536,4.986888678151542,1.6759416449789863,4.923085582579694,1000
61,2.1415214711999333,18.215524464959312,3.6400921762340186,0.4919411097559115,1.1977220129018413,3.0492648639900635,1.1773168960783469,3.1057260463215197,1000,1.5157143370762296,10.252860437787438,8.907374419466004,0.797848834565644,0.13675412074527013,3.131569953889953,-0.04806937867243266,3.079498052824892,1000
62,2.824968243940429,3.7401369146233527,44.42982023400568,0.8453339974310328,1.2513377238808674,3.9351618322370125,1.1681136089756048,4.481822878905253,1000,0.46994075601598473,5.897050225043492,7.688563372290279,1.740770081211123,-2.6178907047463373,4.815242756815711,-2.9419686031578163,3.8818501151897857,1000
63,1.3680681025564025,3.0710617604097386,44.72829037603721,0.6029694493605577,0.47884027067298146,2.8408208221794555,0.18624798180970936,2.5498882233030957,1000,1.2119820555725638,10.344083166396356,6.757008010858886,0.7938103751410431,-0.542416789830747,2.560114511149196,-0.34388627970388064,2.7678503908490084,1000
64,0.6335024935939777,19.13330520278905,3.410226519172092,0.5544708109901783,-0.45222691740094334,1.8042129093477952,-0.45326029594677175,1.7202652831347272,1000,1.7446762307020511,14.697603268425143,5.835698786438601,0.8522753246725129,0.3750488566123029,3.8643131638893253,0.07421659434392591,3.4151358670601764,1000
65,1.7729646219951476,15.071942678276779,5.928758722154289,0.5050868978584245,0.863937140567913,2.860417383211274,0.7829943021926355,2.76293494179766,1000,1.6932464040242183,10.011209141036728,8.525996585829235,0.5441040076516525,0.7355260588477536,2.9632857925438443,0.6268025490269795,2.759690259021457,1000
66,2.165433101582895,7.891685649426793,13.697106599539088,0.7359121975928284,0.4281709501454977,3.4371328210818564,0.7230451943009515,3.607821008864839,1000,1.2828950885752808,11.11889071335005,6.154333689876935,0.6593058967331584,-0.20936485126046508,2.295183625585482,-0.009344469021709711,2.5751346461722715,1000
67,1.0058946917103473,15.881289873223132,6.258254264360158,0.5145076670865987,0.08747568228903924,2.129429505245258,-0.0025403357793860604,2.014329719200081,1000,1.919115156237514,9.335442197628561,11.652309885614992,1.0766237435609503,-0.28445787867542754,4.088604577811637,-0.19106738114194832,4.029297693616976,1000
68,1.9584403718522339,11.66760869005164,8.58739024968831,0.6083600930265706,0.8294400607898403,3.2177491114650607,0.7660545895201556,3.150826154184312,1000,1.7303418623536855,11.33050471001476,6.80052884105749,0.7334758553199193,0.2926017658635841,3.188081972585333,0.29272918592664365,3.1679545387807275,1000
69,2.1058126045679213,17.480406844869,3.974893139020945,0.6806005266411853,0.4820024295336005,3.113024655240275,0.771835572351198,3.4397896367846448,1000,2.2452755396911135,10.742790458813552,5.082416263824427,0.6973082763237831,0.5659950761494317,3.38521934162893,0.8785513180964986,3.6119997612857286,1000
70,1.4325238648890837,9.680751149603854,10.290817687578265,0.650978737080409,0.4595329551138129,2.8841615021495177,0.1566055402114821,2.7084421895666853,1000,-0.33344610072380565,5.261415597182111,23.162287895863862,1.6440384154394363,-3.00924001894747,3.3996337075078418,-3.5557613949851006,2.8888691935374893,1000
71,1.4178676562426187,7.89274349293636,9.822467148360813,0.7383661361419422,0.15627794657115004,3.007124091233665,-0.029329970595588062,2.8650652830808254,1000,1.5492711730318112,5.764361647905508,14.520595207166425,0.802518882354651,0.04769727747847268,3.1031418808509725,-0.02366583638330466,3.122208182446927,1000
72,2.0003042957913477,14.794839380643605,7.186952201552777,0.8057716686040615,0.6512396980816246,3.706450694893614,0.4209918253273872,3.5796167662553082,1000,2.3251918241651,6.968335958148455,8.166454269748012,0.6370697806169676,0.8667819807836712,3.3810642457031617,1.0765350541558434,3.5738485941743567,1000
73,1.3502808437695504,6.184008518444733,20.760748024653655,0.674343143881317,0.24315762427916268,3.1343111574053415,0.02856828176216908,2.6719934057769317,1000,1.7529092474649732,8.38114355369494,9.143890259666424,0.5816276658896238,0.584526663537157,2.9470075658657873,0.6129190223213106,2.8928994726086357,1000
74,1.4784482161864316,7.972231144188421,12.719528017444473,0.591646265517258,0.46559486392314203,2.7919865520719296,0.3188215357726061,2.638074896600257,1000,1.2373636567221316,8.237635739827873,11.482035098757093,0.8686441674937034,-0.02284768200550293,3.204615245597347,-0.46517891156552715,2.93990622500979,1000
75,2.3221744652270386,8.425884118808442,13.032096601549148,0.654093230159457,0.964045905023098,3.6187860905319753,1.040151734114503,3.604197196339574,1000,1.3580461233274042,9.13170110209728,7.617256121632795,0.7727243114494255,0.003853186454733483,3.059286472065631,-0.15649352711346998,2.8725857737682783,1000
76,1.9370374474072394,7.616264806924844,11.380511841193613,0.47888805121447503,0.9932353361373087,2.817966075486673,0.9984168670268684,2.8756580277876105,1000,1.7403285888776807,8.614522398927104,8.41271183248649,0.6168271685580832,0.48516340955015025,2.8963035444032195,0.5313473385038376,2.949309839251524,1000
77,1.9047794793543085,7.031766945096204,17.950607157828852,0.5386201453962186,0.8705365264516226,2.9338873697201304,0.84908399437772,2.960474964330897,1000,1.505257362978636,11.608906555999654,6.174972461376733,0.9345282105990624,-0.3259975922523504,3.304964553022903,-0.3264179297955263,3.3369326557527987,1000
78,3.3321210115447997,5.462621450989479,20.44288568249312,1.0096194732679136,1.1557800647128562,5.134238376673104,1.353266843939689,5.31097517914991,1000,2.1506298071345107,5.327098863961482,11.748191388713023,0.7255272643827418,0.5348997714282252,3.3941115758204266,0.7285963689443367,3.5726632453246845,1000
79,1.577824895340086,15.970838107461079,5.3120844752382546,0.5026685993588004,0.7622782411123636,2.6849808672453443,0.5925944405968373,2.5630553500833346,1000,0.7479646326592144,8.81703756159442,12.495598912839114,0.9128970314240017,-0.8806694700958804,3.1527629104625743,-1.0413135489318288,2.5372428142502574,1000
80,2.375352381354406,10.582815112641002,6.914740564535524,0.5583627585378019,1.2541015649726406,3.424331076072702,1.2809613746203143,3.469743388088498,1000,1.8231219028682215,6.517376334471731,11.713637906683445,1.0854677855379773,0.013075970145552793,4.135155714088017,-0.3043949567862141,3.950638762522657,1000
81,0.7860651329297954,14.156641176693046,8.215634700776798,0.45128185046744085,-0.04780687974964776,1.7828371719331264,-0.09844729398638863,1.6705775598459796,1000,1.1431887024119547,9.01119430091303,8.587982802825064,0.5249535195314671,-0.029261154706474005,2.008648514382508,0.11427980413027927,2.17209760069363,1000
82,2.7460552602171635,4.706793866602549,20.02930156956232,1.2698449796709275,-0.17910991433448806,4.636403693578695,0.2571591000621458,5.234951420372181,1000,1.2394427924957867,7.963255054128483,9.370864665451382,1.0061917722199263,-0.6182641969429592,3.227957077775519,-0.7326930810552688,3.211578666046842,1000
83,1.5311389305161018,6.853071465835203,16.84258846946477,0.7483995201529829,0.4195986277317124,3.298423957128208,0.0642758710162552,2.9980019900159487,1000,1.742162953149447,9.001160470498792,11.545415416702255,0.7902318471881349,0.3553689150090537,3.3982018412292705,0.19330853266070247,3.2910173736381916,1000
84,1.2057598403964025,10.894393907277955,8.336852044177279,0.5533943789121503,0.22040417541745666,2.408071791300813,0.12110685772858809,2.2904128230642167,1000,0.9016626286549689,10.668254889722883,6.088339825993808,0.8185497051134342,-0.9871063573125578,2.522727435955724,-0.702694793367362,2.5060200506773,1000
85,1.3841466690766502,16.288406830617614,6.510861097979233,0.6039299814883761,0.20941643420559292,2.7426530251476575,0.20044390535943313,2.5678494327938672,1000,2.168516236198976,10.138530292835448,9.299962480875488,0.7867482127824211,0.5297497551765766,3.7405521328868123,0.6264897391454305,3.710542733252521,1000
86,2.0963569137136018,10.295721603403353,10.3440523500331,0.582880719331802,0.9217632656574615,3.2362086034229787,0.9539107038232699,3.2388031236039336,1000,1.8471305496220207,11.853278127067231,6.004141650799943,0.5592948105557477,0.8282854890961037,3.0211866664938998,0.7509127209327553,2.943348378311286,1000
87,1.9139915475178564,11.552491732378753,7.802296568294153,0.5559415062385538,0.790290516911921,2.9658412969478847,0.8243461952902911,3.0036368997454215,1000,1.4253447927577918,7.7897832324435505,13.7060919029547,0.7993265765588377,0.02975917149630986,3.221596826037081,-0.14133529729752992,2.9920248828131135,1000
88,1.1031808926039472,10.75856588498534,9.263414234541584,0.5175959668517003,0.17145666084743183,2.3304115822098215,0.08869279757461479,2.1176689876332797,1000,0.8999065677473879,5.972839172222159,14.359673448087323,0.6737608470074156,-0.33897420165090336,2.213463885779223,-0.42066469238714665,2.2204778278819224,1000
89,1.3967391486260878,11.258342143150855,9.945469689618355,0.6609672432264745,0.2843586471300769,2.865272158692435,0.1012433519021978,2.692234945349978,1000,0.37719393923932865,6.256726926507965,14.18280291058004,0.9760686790802423,-1.253352369185758,2.406610343956471,-1.5359006717579462,2.2902885502366033,1000
90,1.729285620897044,14.01030316369721,6.353707065338779,0.5134727896390163,0.7243342505927521,2.7481227756696582,0.7228789532045721,2.735692288589516,1000,1.6116094366046307,11.939760555327323,7.342595300767036,0.4583066753659269,0.6628982320469208,2.4192045157434747,0.713328352887414,2.5098905203218473,1000
91,2.6885031129540495,4.801221455860387,26.213845713581634,0.515095260673773,1.7145255345397332,3.755187718503232,1.6789164020334546,3.6980898238746445,1000,2.7446938797925027,7.646839842007459,10.471599904547153,0.7112889689425066,1.5652933036179946,4.184489805550921,1.3505675006651898,4.138820258919815,1000
92,1.4150357763045482,7.753576175345266,12.834154642459705,0.4968386863745287,0.2880161687382595,2.2174623770311643,0.44123195101047197,2.3888396015986246,1000,0.1715368767141281,9.197753825247142,9.92215778313267,1.1885425536650678,-2.565731534316367,2.420640561894305,-2.1580065284694046,2.5010802818976607,1000
93,2.419924796441695,9.790469500791422,9.753019795480528,0.7098251613859575,1.0937069503346042,3.801582892967235,1.028667480125218,3.8111821127581713,1000,2.934231040321168,9.515045918152518,8.032431816771625,0.7834274617803261,1.3433086548361632,4.365417985272651,1.3987132152317292,4.469748865410607,1000
94,2.046155150312863,13.085505886923318,4.976229332951983,0.6518125771910591,0.7027151281710525,3.231679411382614,0.7686024990183873,3.3237078016073394,1000,1.581923244778701,6.145888916531032,11.585886076530539,0.7595856903507657,0.2566987241460379,3.5543186762101633,0.09313529169120027,3.070711197866202,1000
95,3.056229690189941,7.757280083181149,13.041087786614764,0.7144229139410123,1.5337708089928643,4.351944597858541,1.6559607788655568,4.456498601514324,1000,2.508027955075308,5.750265020215751,14.717714288564208,0.9648314022342207,1.0716293005763662,4.629476789367617,0.6169584066962355,4.399097503454381,1000
96,2.1019948236074195,6.666534573408772,19.190767407437324,0.8940632655032968,0.41156788527547483,3.990539722468485,0.34963082322095773,3.8543588239938815,1000,3.3325526559098027,5.401248316495194,16.869041664678512,1.6849855666409912,0.2991394566347617,6.8249807982858695,0.02998094529346007,6.635124366526146,1000
97,1.4027978536667352,14.67987804434373,7.213249115968527,0.4808300077648796,0.47368408907071,2.382716390238996,0.4603710384475711,2.345224668885899,1000,0.9779091547180037,7.8654534510551475,15.150061696544846,0.7789018877064334,-0.0982410382498489,2.829737830303366,-0.5487385451866058,2.504556854622613,1000
98,0.7914481950589265,5.435533250901647,18.81563496955999,0.5315101823500074,-0.12060402938592284,1.9987505867581625,-0.25031176234708785,1.8332081524649408,1000,1.0066961569029969,7.635841513966529,11.792302291937888,0.7246032748037607,-0.013481302105352247,2.850072655316958,-0.4135262617123743,2.4269185755183678,1000
99,1.954457365102473,15.556339987632134,6.225805780711004,0.7577925060998104,0.7124470837653375,3.576261556404105,0.46918405314684475,3.439730677058101,1000,-0.2645520515496669,2.241999079103295,51.86110537133165,1.3100505124957342,-1.7258577055229303,3.0174698048941355,-2.832251056041306,2.3031469529419724,1000
100,1.3640744681130772,2.6882045774262733,48.584764243792925,0.8893539161934155,-0.7024461404557704,2.7831433647117696,-0.3790592076260173,3.107208143852172,1000,-0.5100973233812582,3.0629718206394436,32.30833836469928,1.4163741976610438,-2.2632079746379143,3.160146031886705,-3.286190750796904,2.2659961040343877,1000
101,1.5167712478052797,3.2311738014458484,43.13582318285389,0.709539110169441,0.2731630466628707,3.1021265805234894,0.12607459187317538,2.907467903737384,1000,0.41625394789212855,7.061813217488852,12.599410597092694,1.3591488621111676,-2.2440152327347076,3.6893529263629046,-2.24767782184576,3.080185717630017,1000
102,1.749032303451977,10.60155193657469,9.913892873024784,0.5688119913191495,0.737379093254082,3.0246566662872127,0.6341608004664441,2.86390380643751,1000,1.1849946044711657,10.603536297910276,5.375807304228496,0.7931080413191717,-0.5611333617421129,2.7527638742554856,-0.36949715651441073,2.739486365456742,1000
103,1.4413360969675926,16.364372832810268,6.0883245479979715,0.6044054589663772,0.29120196629118633,2.7062241519458463,0.2567013973934933,2.625970796541692,1000,0.9435467715794816,7.982071804724251,15.310818429154704,1.0022466307602245,-0.8778157357149041,3.1230920734611987,-1.0208566247105584,2.9079501678695214,1000
104,1.6261661613513436,10.018719350078172,11.035297471479803,0.7019126942059151,0.40812399601483507,3.1491364726584923,0.25041728070775005,3.001915041994937,1000,2.35130280999694,5.062332831316722,10.958002310730862,0.7420950038503236,1.0971485084607329,4.022124781274218,0.896796602450306,3.8058090175435746,1000
105,2.289940284140793,4.2530602011876235,31.08543207957344,0.8688612983733432,0.24074925406299627,3.4071781639300114,0.5869721393290404,3.9929084289525463,1000,1.3610278953015815,7.5336149760905835,11.103376013688838,0.9286033757466778,-0.5959956288124915,3.1540867273258004,-0.459034721161907,3.18109051176507,1000
106,2.4876094310042505,12.996991770859204,7.240038307977081,0.6127321959351645,1.30032388881497,3.7315294318993946,1.2866543269713282,3.6885645350371727,1000,1.959133232767873,5.122717347999076,21.269160154440968,0.8132055459310726,0.7274750254193066,3.769745058357311,0.3652503627429706,3.5530161027927756,1000
107,2.1115782181115152,7.276945156428154,18.005782860249873,0.5293209234872404,1.0430343958896808,3.173154241994289,1.0741092080765242,3.1490472281465065,1000,2.331512083075225,6.374958115975408,14.156657768740136,1.0238044638543706,0.5723851777420181,4.540868967408867,0.3248553339206586,4.338168832229791,1000
108,3.412178548948239,4.002452022364484,24.986340065612307,0.5922981763883018,2.376413840337938,4.784278513938699,2.251274123227167,4.57308297466931,1000,3.186147179609285,5.385156980159446,11.504036074595792,0.4832228690202191,2.1282322501997366,4.064656104828679,2.239030356329655,4.1332640028889145,1000
109,3.063282057617383,5.099716422759631,18.172625753589973,0.5733407905485318,1.9736710969082856,4.206868407213693,1.9395341081422606,4.187030007092505,1000,2.9057111329562053,2.0926276307188294,42.68959167570556,0.7501679608679153,1.8656960448795423,4.8806622107131235,1.4353819296550914,4.3760403362573195,1000
110,2.2665325376797485,11.663402948813594,7.7491889493520425,0.5238124441557235,1.2423267849261,3.325726920287583,1.2398601471345305,3.2932049282249665,1000,1.4947783866646054,9.30770451552129,6.27286709429522,0.5733254902407056,0.32719933358515785,2.507697655806355,0.3710604257928225,2.6184963475363885,1000
111,2.5324124656968428,4.3371420239440805,32.16406905676117,0.6016359589770958,1.215334431202576,3.5725597147840826,1.3532059861017351,3.71161894529195,1000,1.6322177457727747,9.859309933850612,9.643032906734048,1.0348541567308782,-0.31483049190514595,3.680900908871232,-0.39609640141974656,3.660531892965296,1000
112,1.3854769347602045,15.75511868072458,4.884538262055494,0.9951881404902732,-0.9141776431450138,3.0290391167416093,-0.5650918206007309,3.33604569012114,1000,1.9815525674234948,7.107174219948116,12.697464522462592,0.5410458995264348,1.0615019072378855,3.1683458058166605,0.9211026043516828,3.042002530495307,1000
113,1.6951251532815161,2.2070116700649836,63.900096678224365,0.6517400528762676,-0.20714189573008035,2.785440325357401,0.4177146496440318,2.9725356569190007,1000,0.7933348570235563,5.695005211347398,14.670827297693352,0.8815124065161279,-0.9775549711073147,2.6057139847698716,-0.9344294597480545,2.521099173795167,1000
114,1.4801315051363386,6.91799089719707,17.736497779344425,0.529111923282693,0.6652421461700211,2.75154933820539,0.44307213550226043,2.517190874770417,1000,0.9985425796722707,8.281970306822256,12.077287736446262,1.0563932977725319,-1.3733988572388083,3.389079822519663,-1.071988283961892,3.0690734433064333,1000
115,1.3648718475628536,6.656561433538293,19.88629473698882,0.6717006087404532,0.15507017967742617,2.809595349345392,0.048338654431565375,2.681405040694142,1000,1.2603176488611836,11.143107559730437,3.655484850611153,0.6779465949671692,-0.07376844754856395,2.5092293251162983,-0.06845767727446805,2.589092974996835,1000
116,1.9401243055456774,8.434614671754069,10.435961541089492,1.1214386642652812,0.04315749482423911,4.4747701350432685,-0.2578954764142736,4.138144087505628,1000,0.6026235990052671,4.918275686195612,21.148026563553525,1.1196337639477851,-1.069024989493069,3.589038701170292,-1.5918585783323915,2.7971057763429257,1000
117,2.9421817044751837,5.04893153597331,18.259726707697403,0.6258531497733795,1.6619262268016002,4.252948153114,1.71550953091936,4.168853878031007,1000,2.416962418431071,7.91425031879694,7.0965266928340505,0.8530357257634071,0.8519689872124258,4.153543540909304,0.745012395934793,4.0889124409273485,1000
118,1.6677352047109908,10.544116530375998,9.521341190130892,0.9335500142282974,-0.545591415874211,3.1656691714172642,-0.1620228231764722,3.497493232598454,1000,0.7312915538822709,7.614637885646295,15.747662661070805,1.206956066072194,-2.257323435192536,2.9805416093034793,-1.6343423356192295,3.096925443383771,1000
119,2.598256425448171,11.186158738102694,8.82102003620426,0.6401601345369589,1.4073016358772008,3.9032526924949753,1.3435425617557317,3.85297028914061,1000,3.0417801736134598,8.015326738756134,9.85572884878997,1.2390562536776948,0.634377978126904,5.863771460291952,0.613229916405178,5.4703304308217415,1000
120,1.4931104018255672,5.054054969770453,27.560712497007586,0.5213141318476863,0.5266842067244158,2.6170608851239368,0.4713347034041022,2.514886100247032,1000,1.6975168905283293,8.848161552312304,8.148790024213861,0.8699777410937397,-0.06664622391567884,3.5302829511264346,-0.007639482015400434,3.4026732630720593,1000
121,3.323184157119152,4.265646800074356,24.975656366141042,0.9567766134325721,0.8723641154451992,4.795670743837364,1.4479019947913105,5.198466319446993,1000,2.9375897559381485,8.832732487590075,8.004529716168701,1.1150063893723838,0.5788492830886883,5.0055585301302035,0.7521772327682763,5.123002279108021,1000
122,1.2349179403914197,16.89799283697061,4.541601479161679,0.6656155280837136,-0.12300995213492126,2.6099224205255176,-0.06968849465265903,2.5395243754354984,1000,1.6681353714325833,6.557730225763773,16.64676279750462,0.8242165914598696,0.442586205616411,3.5545786218780098,0.0526708521712389,3.2835998906939277,1000
123,2.6828107281176496,14.149731228267465,4.839487776339285,0.559857145527811,1.4922677171751284,3.8198117017818602,1.58549072288314,3.780130733352159,1000,2.9234467130349167,14.424344040457227,4.093942923305067,0.8431205543885827,1.4060562426459395,4.826144935604473,1.2709304264332946,4.5759629996365385,1000
124,3.582526427514339,6.193852617711295,19.308779475494653,0.6594641083987896,2.2789212833912504,4.84711119191098,2.2899767750527116,4.875076079975967,1000,0.29778939696971385,3.9400809909961674,19.38572663471919,1.4713299024417015,-1.7642404307219588,3.991500288293098,-2.586017211816021,3.181596005755449,1000
125,2.414993052145408,6.05498343217032,21.772193757820567,0.8193966764340965,0.6389075382242471,3.800078047254433,0.8089755663345788,4.021010537956237,1000,0.7060188264569169,5.183217274258178,20.89810561781917,0.8989920419478574,-0.5581283954383055,2.849477388453203,-1.0560055757608835,2.468043228674717,1000
126,2.132698236103827,11.684769090017282,8.489658132342445,0.5306836347165554,1.1516025600761284,3.2165972809917363,1.0925583120593785,3.1728381601482756,1000,2.087967090618762,12.823262019237967,5.551839581311378,0.7502169328216989,0.7066526642858747,3.7693032010659584,0.6175419022882325,3.5583922789492917,1000
127,1.0290994161141427,13.305834045135715,7.21944594388692,0.5383716297262566,-0.07382943514628211,2.074365967147111,-0.026108978149320228,2.084307810377606,1000,0.7769992604396752,8.744637479625451,11.73751479291228,0.766992627356823,-0.7266354735499078,2.4451260859835213,-0.7263062891796981,2.2803048100590484,1000
128,1.7160610291978928,11.184691259380573,9.004884994702033,0.6483906764313145,0.49920016291439506,3.0984633622922666,0.44521530339251636,2.986906755003269,1000,1.224883494470888,10.925797174674694,10.004032989476984,0.7689773777525786,-0.21216941282734764,2.8767597263824065,-0.2823121659241661,2.732079154865942,1000
129,2.1382009564534026,17.531744317452887,4.0864383981311505,0.4400282432454048,1.2620387800182662,3.002673168368339,1.2757455996924092,3.000656313214396,1000,1.9343400931908543,10.671353657543488,5.331682541809016,0.5568194512046527,0.9146021556084027,3.0268808589735574,0.8429739688297351,3.0257062175519733,1000
130,1.8053543928141105,3.2725043922554224,42.855229713802146,0.4264722044458025,0.9482665003145593,2.6691768309154944,0.9694688721003375,2.6412399135278832,1000,1.5861783817061976,8.491837398353397,7.294060034533146,0.8249281396845701,0.3035347207990353,3.4917413480438246,-0.030680772075559748,3.203037535487955,1000
131,2.9213396758204153,1.8013411355657507,115.83983422040373,0.8536657023842426,0.9910679497937391,4.518070607396607,1.2481548991473,4.5945244524935305,1000,2.1587714254987773,8.081463148214512,6.827988267481474,1.0211137170046263,0.018843120524950022,4.094675885728721,0.15738854016970993,4.160154310827845,1000
132,1.089860611609529,8.421514026244163,13.12466499952895,0.8771495102610669,-0.4286629897029257,2.96651316444263,-0.6293524285021621,2.8090736517212203,1000,0.5528613278872925,9.923873794052106,6.250941777250807,0.615709773947162,-0.7609712897707026,1.716937323473889,-0.6539298290491449,1.7596524848237298,1000
133,1.7254511948513032,13.794704495806347,5.483639363798984,0.6085098555697976,0.5709642719578082,2.996361650241296,0.5327718779344999,2.9181305117681067,1000,1.8518530138823879,7.147445929442546,12.118503227854614,0.6982105900873912,0.5986449361327456,3.247348521001182,0.4833602573111011,3.2203457704536746,1000
134,1.5248514807931701,9.695956062934018,10.926941679292122,0.7938709004835088,0.03564196669223509,3.320942402906292,-0.031135484154507065,3.0808384457408473,1000,1.5941909107820122,10.084373345524472,8.62974775919147,0.8097504059210271,0.054217171637747856,3.415443597122205,0.007080115176799184,3.1813017063872255,1000
135,4.151895142168682,5.44952681757762,14.401442345316777,1.1391958123388817,1.751106912921979,6.179318874868902,1.9190713499844736,6.38471893435289,1000,3.8217372821147175,9.377221193223262,5.093126620864585,0.8408035762280014,2.0527010048529077,5.453165966439468,2.173762272707835,5.4697122915216,1000
136,1.2691022102795997,8.845272693894966,13.064812048531344,0.7452099796259584,-0.07503745863981529,2.7580257397163526,-0.19150934978727863,2.729713770346478,1000,1.3197365275522772,11.192927223733488,7.5095492878719785,0.7062002149126089,0.10527674060506899,3.0311225102431307,-0.06441589367643608,2.7038889487809907,1000
137,1.3615619413292435,3.898616534181076,35.60064549205288,1.0927643185962495,0.05406926995587309,4.097095836886863,-0.7802561231194054,3.5033800057778923,1000,1.6474958213205704,2.3446122154389784,49.00154483103538,1.029846979779451,0.5813251345942676,4.575720318756991,-0.3710042590471536,3.6659959016882944,1000
138,2.2806671130778815,18.60667964305122,3.4704074937338536,0.5536881535837607,1.1810089767497574,3.3514974952568064,1.1954383320537105,3.3658958941020525,1000,2.1273403488170177,3.9388409903036132,20.294042198234713,0.7004415104299118,1.1350375009504077,3.944088724753574,0.7544749883743906,3.500205709259645,1000
139,2.6884537872908374,7.3127775980547005,14.62285051717851,0.7003101871837816,1.243407296385596,3.9850904504019655,1.3158458204106256,4.06106175417105,1000,1.1116360836237567,5.082777588082808,14.6529688759077,0.6821943142941035,-0.033104329084894635,2.7921937806571058,-0.22546477239268614,2.4487369396401997,1000
140,2.0570950430948867,13.952292965824965,7.1652176920110024,0.49159934252905085,1.0872321715800477,2.9759921426933795,1.093560331737947,3.0206297544518264,1000,2.1366406618940625,9.592572176899525,9.748691011777378,0.8563031109567713,0.2996190437702418,3.7644837030588425,0.458286564418791,3.814994759369334,1000
141,2.7021669994419377,4.082997600789518,25.0562190073451,1.3029087097552474,-0.056959301752700406,4.475023906421469,0.14846592832165273,5.255868070562222,1000,1.6891167748755123,7.088165881410342,10.991953674416767,0.9642889766060178,-0.6005505239115376,3.2033703889453196,-0.20088961927228244,3.579123169023307,1000
142,1.8379423403037556,8.329308853582596,12.608108311775878,0.8862486800960125,-0.03931541595596497,3.6018802612088523,0.10089492731557104,3.5749897532919404,1000,1.4878730914232374,9.946159507412526,9.256999858945623,0.8404336522531658,-0.14946032164762488,3.2151031326233914,-0.1593768669929676,3.1351230498394425,1000
143,1.6280575956940742,9.547773531548573,11.316357944226983,0.4942856982506842,0.7415141550226475,2.7033165446908423,0.6592576271227332,2.5968575642654153,1000,1.782645911498552,11.187538617616283,7.9020635173827225,0.718605731041385,0.6282747767128855,3.447836243885808,0.37417867865743726,3.191113144339667,1000
144,1.9892110044838702,10.032824870309904,8.924513834742111,0.45751343660720195,1.240031078046587,2.987918881706636,1.0924846687337544,2.885937340233986,1000,2.104279100930718,8.503622581619572,11.963511013523762,0.6392837528476686,0.9145476306499044,3.4949652991903224,0.8512829453492876,3.3572752565121484,1000
145,1.7674685507371675,18.38777656529686,4.1860278854098905,0.5509422388880969,0.54879162199095,2.740755746508387,0.6876217625164975,2.8473153389578374,1000,2.6462481762426653,13.449069469442561,5.936757050886353,0.8606338197415858,1.110751983366326,4.651693506189904,0.9594058895491571,4.333090462936173,1000
146,1.3238935722975018,13.288920811408165,6.438382567036913,0.5059142429007331,0.4483084442864336,2.419015418116536,0.3323016562120651,2.3154854883829383,1000,0.9784647046413579,12.298368676073821,7.428651131989698,0.7178581016865208,-0.3058015973407416,2.515949726359892,-0.4285371746642228,2.385466583946939,1000
147,1.0880127617872812,9.458639543405974,12.676929443947342,0.6229118912118596,-0.12949899980891874,2.301102198823818,-0.13289454498796371,2.308920068562526,1000,0.7122588963543701,11.126186788040744,8.693810518758363,0.7410206143580963,-0.8734584748865133,2.1336940311728827,-0.7401415077874987,2.164659300496239,1000
148,1.274696491333335,1.3502734101438918,195.96115808378212,0.631756834217737,0.3706123587129741,2.8882434621601085,0.03645309626657056,2.5129398864000994,1000,2.2926792048884623,3.733589485133095,21.581621726924435,0.8755700774168238,0.04503469835048973,3.547013049982341,0.5765618531514878,4.008796556625437,1000
149,0.7794072925343434,9.024047078727245,13.162525844417907,1.171915442760382,-1.9618420354683137,2.701534675157549,-1.5175469752760051,3.076361560344692,1000,-0.6143375528774073,6.63808478803094,19.876319202608645,1.4223572756947667,-2.748960933317432,2.4564456643394346,-3.40215781323915,2.1734827074843355,1000
150,2.9555242986026955,3.1148933438467883,49.74308989261144,1.015699355956946,0.7764085391152653,4.385708802310005,0.9647535609270812,4.946295036278309,1000,1.5649643935255497,8.5327062985426,8.121813560938545,0.7420463270323214,0.2184076626668982,3.1412211878996597,0.11055359254219965,3.0193751945089,1000
151,0.6296983834703607,4.86522559844086,28.246743586011007,1.3814918620469736,-1.345432900874747,3.3798566751689845,-2.0780256661417074,3.3374224330824287,1000,1.1647990092822536,6.236103131455679,18.797144779222638,1.3212946852173073,-0.8759907629022449,4.2196896521276015,-1.4249385737436686,3.7545365923081757,1000
152,2.2112412402985475,16.705978586831222,4.6953608752865,0.5339775373727964,1.2624269815803735,3.3402928471566504,1.1646452670478666,3.2578372135492284,1000,0.9032144256125543,2.9448564083851654,35.42809950081856,1.3106612580632402,-0.7355511017362512,4.070800847198296,-1.6656816401913965,3.472110491416505,1000
153,2.2423344064801842,5.519173705295866,23.48867830663691,0.5689657993067372,1.0735774198011927,3.4086072684047264,1.1271614398389793,3.357507373121389,1000,2.033800826131172,8.805718506035744,7.974089002519111,0.7640522039328955,0.4756641646986602,3.59122464296894,0.536258506422697,3.5313431458396476,1000
154,1.9464298153024222,9.218605590567597,12.41226384339757,0.6280874948878669,0.781645971752799,3.3287544001928606,0.7153783253222032,3.177481305282641,1000,1.8462541125564278,10.371478248800356,7.922121570294107,0.7921388373987442,0.24023156907611326,3.4411039410067823,0.293661991254889,3.3988462338579666,1000
155,2.125436340068911,15.464650687118908,5.487951328862927,0.5668696534950961,1.0148224621203537,3.2077569375247252,1.0143718192185225,3.2365008609192993,1000,2.569280064574837,12.761840788170726,4.991811608541346,1.1239223759822976,0.23907195158415015,4.9291070799208105,0.36639220764953384,4.77216792150014,1000
156,2.346513285513713,13.421294243678359,6.5077696076595775,0.6713300637163442,0.9585954264172223,3.645023133058862,1.0307063606296785,3.6623202103977475,1000,2.738699444689563,8.905307149847916,5.522607211277225,0.6951273538563684,1.3930018036908562,4.105548614762834,1.376249831131081,4.101149058248045,1000
157,2.4229322629338936,2.096243326708237,96.7774995101497,0.5560420561949827,1.4916793793599425,3.4620631203200194,1.3330898327917275,3.51277469307606,1000,-0.03373698422710625,3.974554197476037,20.62324921114195,2.0681392301226187,-3.4541909021129458,3.956372027147819,-4.087289875267439,4.019815906813227,1000
158,2.339752085177288,7.349140604708124,16.522100206556114,0.5810306471240876,1.1523361884318972,3.3984009279296883,1.2009320168140765,3.4785721535405,1000,2.4467103982853216,7.305267770658286,8.687527853712183,0.8323628389125943,0.724868313076208,3.9284875167237314,0.8152792340166366,4.0781415625540065,1000
159,2.2003292124224547,16.827252124641547,5.307936280851573,0.6408943419117916,0.8247544337311123,3.411148842067744,0.9441763022753431,3.4564821225695663,1000,2.8973123551514384,10.467639935997854,7.28280734638371,0.6989894763148607,1.697141870130409,4.39750246189713,1.5272929815743113,4.267331728728566,1000
160,1.3949154538660617,2.9492039803800667,59.1699069134757,0.9011376861942801,-0.818444540888398,3.0710461256690693,-0.3713144110747273,3.1611453188068506,1000,1.0889119020386384,6.939950474342724,8.152984746458392,0.8931158605660261,-0.43987636986716055,3.140234533717834,-0.6615951846707726,2.8394189887480494,1000
161,1.9024500811454372,15.878863501474926,4.86573024268029,0.516370460578382,0.8920705677768102,2.858570125289365,0.8903639784118085,2.9145361838790658,1000,1.86766068389124,14.844542099833069,5.351912996589421,0.8074099953075846,0.5345676243927405,3.7538724052188615,0.2851370930883741,3.450184274694106,1000
162,3.2451906674382607,5.584475350600661,16.123130543993287,0.6965813432561051,1.9115863809984521,4.702037751428861,1.8798912346562946,4.610490100220227,1000,3.1085558842721626,6.108061652032863,11.518147543606577,0.799146612748025,1.5163815867781862,4.672123140727485,1.5422285232860335,4.674883245258291,1000
163,2.5096657574092474,15.316818226296796,5.020279713297553,0.4638287491994487,1.5919380467899042,3.405789542484628,1.600561408978328,3.4187701058401667,1000,2.608724722968418,9.5458729953444,9.118847555784306,0.5621683771174592,1.5767081654894968,3.9004575652727493,1.5068747038181982,3.710574742118638,1000
164,2.724071556535587,13.498077944364162,7.448181592012979,0.5741765927148335,1.7409484077832738,3.980124744290652,1.5986854348145132,3.8494576782566607,1000,2.61673097966277,11.792069782812995,6.011800167828291,0.7023413109939758,1.3297961364983197,4.183619053349179,1.2401420101145775,3.993319949210963,1000
165,1.9238621959486026,4.3894659679457835,30.67163124424523,0.4441169971909412,1.0570450437058032,2.7576551040835597,1.0533928814543578,2.7943315104428477,1000,2.344995968749962,10.326899314081885,6.798982422910569,0.7448162291367305,1.0765309730521886,4.023863470478404,0.8851561596419701,3.804835777857954,1000
166,1.6882503678227625,15.166135625217898,7.896916572623791,0.5867350279668035,0.48654447672847545,2.737591481712011,0.5382497130078276,2.8382510226376976,1000,1.53596646374418,11.176431280748924,7.3523603173783965,0.8178922187573167,-0.16421737912489928,3.080222717087947,-0.06710228502016058,3.139035212508521,1000
167,2.3138082510995224,11.333819699851995,8.163611060960184,0.5329711649688313,1.3394872717460244,3.451198171775886,1.269184767760613,3.358431734438432,1000,1.5326204875231753,4.907440030674475,17.75811392569502,0.7143955679924959,0.36658995962052526,3.191482465529402,0.13240517425788334,2.9328358007884674,1000
168,1.5320446789181448,10.515045317400112,8.923334247622325,0.491395371404727,0.44101228347361227,2.501919609443841,0.5689097509648798,2.49517960687141,1000,0.045242726409012946,5.502231021334498,18.94186242766045,1.0548784234549107,-1.5120663414529187,2.3845146158070674,-2.022318983562612,2.112804436380638,1000
169,2.3762546034403824,8.715279137855116,12.34297820212408,0.5623186842776454,1.205543671891493,3.477665766752556,1.2741099822561974,3.4783992246245674,1000,2.5108225632235217,9.50366176856625,8.739732951431263,0.6175544515351392,1.2366695207418885,3.663573958186874,1.300415838214649,3.7212292882323945,1000
170,1.9192405179042,7.230930952314813,19.184481051977887,0.44925196662449873,1.1384172524963825,2.8740618072788457,1.0387066633201827,2.7997743724882174,1000,1.9584355407603202,9.789393220850307,7.633838999459458,0.6433481572196641,0.7364705758468935,3.242671209009667,0.6974731526097786,3.219397928910862,1000
171,2.0060020968868546,11.533178967555473,7.999590942937912,0.6406564112997205,0.8017740472694896,3.41825357432646,0.7503155307394025,3.261688663034307,1000,1.9119834676116536,8.082068357221996,8.654506254348538,0.4368023029919816,1.0804035624111503,2.8241915900733496,1.0558509537473697,2.7681159814759377,1000
172,2.64281343302029,10.19713264299255,7.800659292400098,0.7066005400872326,1.2030833428301086,3.907809183186132,1.2578763744493142,4.0277504915912665,1000,2.405944503397379,7.209153293798117,9.124520686210667,0.9158759811334038,0.5603291087844335,4.253741263539798,0.6108275803759078,4.201061426418851,1000
173,1.998576472089555,14.761538997631742,5.075175259015406,0.591093400556664,0.9952581500394488,3.290802555232149,0.8400334069984934,3.157119537180616,1000,1.4564903955039075,5.690822446556104,18.286238870166155,1.1885749055799684,-0.2538307017794578,4.175436635337989,-0.8731164194328307,3.7860972104406456,1000
174,1.917633852781204,10.324630591596902,9.678956602738163,0.6414154299272127,0.6154718016857009,3.205085440559059,0.6604596101238671,3.174808095438541,1000,1.3903705004414753,6.103636796977945,13.609247918841401,0.8831103148734933,-0.4230198588635932,3.3610696605768626,-0.34052571671057175,3.1212667175935223,1000
175,3.070926635347135,11.094794011365924,6.371802468997234,0.7409229154201954,1.7299853995810845,4.566183544346634,1.618717721123552,4.523135549570718,1000,2.6094818421546044,9.844585442629386,6.07966078833346,1.1772944217668695,0.23596808785934528,4.98848967534043,0.30198477549154035,4.9169789088176685,1000
176,2.820319016748428,17.26727712928112,4.3882267541433,0.5588535884335384,1.7281192462976729,3.880992554669646,1.7249659834186928,3.915672050078163,1000,4.277860153226382,10.132577924016244,9.539937980261486,1.1700965465414077,2.2935466169269274,7.098041214890788,1.9844709220052232,6.571249384447541,1000
177,1.409430872776932,6.738235876604409,15.208934380223328,0.8895701175806426,-0.24192969055681876,3.38381798149708,-0.3341265576811274,3.1529883032349915,1000,1.0573795134089061,5.656517724259279,17.934560031966843,1.1580038652324987,-0.946713313479557,3.58947715869959,-1.212308062446791,3.3270670892646033,1000
178,1.5429431922619388,7.289320991990348,13.715319129927005,1.2037357111109988,-0.6903383561900219,4.2422707121964764,-0.8163788015156188,3.9022651860394966,1000,0.4394279205854352,7.551174329774064,13.68501733401204,0.8853606800128068,-1.337154495390249,2.5594897816222217,-1.295879012239666,2.1747348534105364,1000
179,2.2951970835301077,9.587441138827046,10.331607080638896,0.7754607007847079,0.8622598594265828,3.952240156459068,0.7752941099920803,3.8151000570681353,1000,2.99615650109687,5.918910400172151,14.855758795292257,0.74608892773977,1.379970265629685,4.254521552176013,1.5338222027269206,4.458490799466819,1000
180,1.7649356792040929,9.115060282154467,14.569911080257917,0.5830478975400574,0.6759788405178317,2.881940646260602,0.6221618000255804,2.9077095583826056,1000,1.7494713498971937,10.337466466276936,8.963652664212,0.9092879476867902,0.2398509130514433,3.7611527660164157,-0.03273302756891505,3.5316757273633024,1000
181,0.4357907535409189,16.38054165876078,5.501301646818112,1.0150957154594629,-1.7035244800164775,2.3384445260560547,-1.5537968487596283,2.425378355841466,1000,0.15977495529181995,5.713133170659088,19.662964261956407,1.103379639176205,-1.5623441594075693,2.884237760166602,-2.0028491374935418,2.3223990480771817,1000
182,2.0532075909550764,5.037698575263933,18.787864464357327,0.5861341575681076,0.9199628761520983,3.1715634550571004,0.9043846421215855,3.2020305397885673,1000,2.057395896455637,4.1196265521787865,12.673367748724784,0.9152982074067532,0.6626560701769039,4.132236989786504,0.26341140993840084,3.8513803829728728,1000
183,2.4140792725727405,10.10998032622022,10.189973927259324,0.5902356578347402,1.1851287474361134,3.554521805159188,1.2572173832166498,3.570941161928831,1000,1.3147315360274083,3.225117205709719,19.631317893004898,1.2582643602298154,-0.9632166863082398,4.393656944844813,-1.1514666100230295,3.780929682077846,1000
184,2.296236013092913,2.7152844767920667,49.3654878312706,0.509720622041623,1.116312465001749,3.1431132591421895,1.2971835938913316,3.295288432294494,1000,1.9788148441158178,8.609526658390402,5.645474864738958,0.5699762115898132,0.9760708512769442,3.2019016355498517,0.8616614693997839,3.0959682188318514,1000
185,2.155987754465166,9.603868444833326,12.044052663037386,0.5623015468980536,1.0465777633498514,3.3054954298771504,1.053876722544981,3.258098786385351,1000,2.697603838619105,12.438222427965227,5.9945645980012054,0.5984601761959593,1.4763619225646687,3.851248500566298,1.5246218932750246,3.870585783963185,1000
186,2.620847480310903,5.675210917775241,15.165642659457577,0.6312084060851634,1.4725037482845476,3.886716008695601,1.3836790043839828,3.858015956237823,1000,2.2797751168592395,4.800908264820221,16.456383379721945,0.6953337207387877,1.2071607623905967,3.8664963100299965,0.9169210242112156,3.6426292095072634,1000
187,1.3918342762365494,17.56915351862266,4.476430161906452,0.44257169945189095,0.6085078391974054,2.276679455751321,0.5243937453108432,2.2592748071622557,1000,1.1256882276679323,11.833111892263192,9.539761792839121,0.8816294688873565,-0.6389815662155869,2.8996536501938612,-0.6023055313512864,2.853681986687151,1000
188,1.3712626816283793,6.46650315313169,21.289719295604264,0.6859548919615136,0.1575548100328542,2.8571507411762593,0.026791093383812692,2.7157342698729456,1000,2.0864777209132885,7.2091431932589956,10.69282872205417,0.8598881917914044,0.4615052175263554,3.7815560417846905,0.4010968650021358,3.7718585768244415,1000
189,2.027223824215053,12.996345221700908,8.512061820562426,0.6950707405863753,0.6510146943375754,3.357077212656691,0.6648851726657572,3.3895624757643485,1000,0.8762811368769565,10.19960934815319,7.885348349173135,0.6353630492976027,-0.34191678355681754,2.1040706846368598,-0.36903043974634464,2.1215927135002577,1000
190,2.397875772861873,3.573520361743217,24.639975147282602,0.9890356571958959,0.17515414057297407,4.106382354260237,0.4593658847579172,4.33638566096583,1000,1.1280801055673342,5.028112790474293,15.62967866706508,1.6825982801249202,-1.831880747533823,4.7865156031312015,-2.169812523477509,4.425972734612177,1000
191,2.1068419381291026,15.535279064380095,6.105769826779374,0.6117267570385554,0.9388317074637698,3.214116196990033,0.907857494333534,3.305826381924671,1000,2.169001432433432,10.127347325344191,8.367519581454108,0.727790959137556,1.067237206158694,3.9019138421067994,0.7425311525238223,3.5954717123430413,1000
192,1.6989503212904031,19.37867281648574,3.188802121905239,0.4797294757994173,0.7877704819578445,2.7103182221553475,0.7586805487235452,2.639220093857261,1000,1.2927685847672097,9.472696581938438,11.836577801298523,0.7542438809734705,0.0646902650908609,2.9752420599745117,-0.1855494219407925,2.771086591475212,1000
193,2.200038007826015,6.0893771406547,19.097728601153417,0.4971557570342449,1.2543641395299212,3.190064538879216,1.225612724038895,3.1744632916131352,1000,2.7400164273980785,5.502127663196609,14.96084612924399,0.8149752733488512,1.4308659107300123,4.568290837249919,1.14266489163433,4.337367963161827,1000
194,1.6429326417938412,12.94649626158636,7.812079934864955,0.3997740163742816,0.9254858589783297,2.495748847672413,0.8593755697002493,2.4264897138874333,1000,1.5778567511597452,13.05696822012279,5.985833327840393,0.5637576405363278,0.6018961882233796,2.8748069198538406,0.4728917757085427,2.682821726610948,1000
195,1.9526503609133243,5.3434973733317275,18.622405759054846,0.696100114198003,0.43353274518323,3.242831173668828,0.5882941370852386,3.31700658474141,1000,1.0501949930701109,3.262084257051743,25.52340965248783,1.2855970379246158,-0.4045561729198845,3.810888377146063,-1.4695752012621361,3.569965187402358,1000
196,1.9708041120518718,17.00403111855277,5.121442346938511,0.6715015424760886,0.7887548930620547,3.431672330642124,0.6546610887987381,3.2869471353050055,1000,1.0293385259799104,10.63185107001194,9.03046335996285,0.9408721894625139,-0.5149717620016729,2.9883462778736094,-0.8147709653666169,2.873448017326438,1000
197,1.7838149576876376,12.488570122353117,7.196354995257923,0.6918093340380755,0.5865321719850238,3.3951728634794622,0.4278686629730095,3.139761252402266,1000,-0.5632701554324901,3.128323498840141,36.86781550863047,1.2646360873168405,-2.377456653463118,3.0315700077898935,-3.0419568865734976,1.9154165757085173,1000
198,1.5092915697064733,15.229847161159459,5.839016553013861,0.4532707567179536,0.7139579994729773,2.5267499877838775,0.6208808865392843,2.3977022528736622,1000,1.730914686857886,8.97848826594772,11.116133540802137,0.5146210938204165,0.8985434906279258,2.8902967678873814,0.7222573429698695,2.7395720307459026,1000
199,2.207555111593384,13.452174286057181,6.146675894311665,0.6981494662450155,1.0021312225806818,3.6757553689761857,0.8391821577531537,3.5759280654336143,1000,1.665168018498092,2.4253163665480577,42.19130297680936,0.9343113609995948,0.6921827375028631,4.301011976076172,-0.1660822490611138,3.4964182860572977,1000
200,2.402101638648171,5.632015914728633,13.761244554640282,0.693036714195011,1.2121537376947085,4.0383287391039095,1.0437496788259493,3.7604535984703924,1000,1.7832535401432246,3.8695320962860413,17.208422470176675,0.6862007801514413,0.7711486435500353,3.433489356226671,0.4383000110463997,3.1282070692400494,1000
201,2.4979500343116,9.46755170827676,10.16296899346633,0.5730227382840001,1.4239721888016301,3.6706400112270248,1.37482546727496,3.62107460134824,1000,2.263966553484898,6.616906100034942,15.797326694876771,0.6316432666000789,1.1919641164916415,3.598087507161929,1.0259457509487433,3.5019873560210524,1000
202,2.651666335094359,16.08395060126805,4.230723729132317,0.804221702235246,0.8290186780301908,4.053085313017683,1.0753917987132768,4.227940871475441,1000,2.4551366054299253,3.963254987959853,20.70775900262903,1.0069240811220315,0.1864766343796891,4.319829226031615,0.48156540643074375,4.428707804429107,1000
203,1.9708120465216605,11.34796062804752,7.961004157804027,0.5730385923881288,0.9193045168015845,3.216563854745934,0.8476564054409281,3.093967687602393,1000,1.2440596935803083,8.274670893299842,9.562011020666048,0.6305839265813824,0.10800274013099262,2.61496700697064,0.008115197480798919,2.4800041896798177,1000
204,2.117769471708873,6.907957427579074,17.050090514366342,0.7322510764949298,0.7177753033479682,3.520485776651055,0.6825573617788105,3.552981581638935,1000,0.8226996048352215,7.266063674050803,9.31063911652338,1.4695360605794672,-1.4768072862389738,4.308994141302821,-2.057591073900534,3.702990283570977,1000
205,1.3435038313367222,5.67355342815388,19.193258580137893,0.5500043791194177,0.5883716444231489,2.811498987838212,0.2654952482626636,2.421512414410781,1000,1.7684629383238246,9.91244203435677,8.94642879878437,0.7268555009387109,0.6163591155713183,3.4566270791887796,0.3438261564839513,3.1930997201636977,1000
206,1.8315731528825632,13.540084257432316,9.027683919718116,0.5423411677604317,0.8325836732799208,2.951578842014386,0.7685844640721169,2.8945618416930095,1000,2.0535109227557093,12.23591150636643,5.920210063356534,0.9097315116001711,0.3793155684843396,3.9690988640889926,0.270437160019374,3.8365846854920447,1000
207,2.21444642299572,8.79029876098658,11.536510369249315,0.5684409067129669,1.1143030521936994,3.3812970208478035,1.100302245838305,3.328590600153135,1000,1.9597848791561556,10.864435281642544,5.878417473229726,0.553825743456583,0.8229403986011927,2.995796426105826,0.874286421981253,3.0452833363310585,1000
208,2.464883970862168,9.23043740669211,11.193646066439799,0.6486057478263855,1.2869629169971708,3.8749311147606744,1.1936167051224524,3.7361512366018834,1000,2.4032224321995503,12.23399873214443,4.857032517793458,0.7239820773109493,0.8944708675214952,3.7053140737113304,0.9842175606700896,3.822227303729011,1000
209,3.0074870570441075,4.696413150883212,29.295135689505035,0.6599899419351405,1.6069842600176087,4.192174236653105,1.713906770851232,4.301067343236983,1000,2.6600198452946318,8.452806781997658,5.57203408617647,0.8791732434821623,0.9384499835682707,4.495801758674891,0.9368402880695936,4.38319940251967,1000
210,2.111962392690294,16.7285051511687,5.858562539167699,0.672813592767797,0.9916575341084826,3.6264474617325058,0.7932477508654121,3.4306770345151762,1000,1.7112698436331844,9.991187697073366,6.068728440022481,0.9025877222857833,-0.12061287833746018,3.4557585867793392,-0.05780209204695086,3.48034177931332,1000
211,1.2501381727532,6.74171840062224,21.256030751501765,0.7659416344009902,0.11468636370924676,3.1133749890758344,-0.2511074306727408,2.7513837761791406,1000,1.817741476494058,12.217694670383102,7.127844907366844,0.5431246103597889,0.7815421701880902,3.040037144119166,0.7532172401888719,2.882265712799244,1000
212,2.0391255276730287,14.619494576267405,6.084896618064249,0.6847935555728157,0.7815238138113242,3.5743042211494465,0.6969301587503098,3.3813208965957475,1000,1.6268685945473074,9.376102465447365,8.936041415261617,0.7473904146120616,0.00021343624446059056,3.0071342497831974,0.1619833819076668,3.091753807186948,1000
213,1.9409910674079132,11.433970687383985,8.872583679989438,0.5409093681805169,0.8551773473358322,2.9673076704980015,0.8808087057741001,3.0011734290417262,1000,0.9957318205320123,12.769667290161813,5.711301512483009,0.8625254548966301,-1.0531328977618728,2.632146707063536,-0.6948180710653828,2.686281712129407,1000
214,1.4740263928874195,9.98762532456193,10.197475623943193,0.5743277288177218,0.4759843646656105,2.664068576716069,0.3483440444046848,2.5997087413701543,1000,0.4621520058180022,2.095902479860386,70.7759728512865,0.7294011476127125,-0.23246827066853093,2.953039345888731,-0.9674742435029142,1.8917782551389186,1000
215,1.3040116342639991,16.837130528472155,5.6057291735828185,0.8434520736797579,-0.3906701962325454,2.8558699193657784,-0.3491544301483265,2.9571776986763245,1000,2.2453273136120178,8.719838136784006,8.866836450682401,0.5858353236091282,1.0842478284974197,3.3136812930030937,1.0970900793381266,3.3935645478859087,1000
216,2.0658903825191737,11.761061777635407,6.250205177001935,0.4700343163241177,1.178490873119932,2.9835910343559835,1.1446231225239032,2.987157642514444,1000,1.9092660722616381,9.058278415247791,8.365530032209515,0.5693499820502259,0.9474066824203302,3.2131952465418503,0.7933401074431954,3.025192037080081,1000
217,3.0427908198736047,4.800435351335434,19.101882091103004,0.7191722935489463,1.455800251252294,4.330171211405097,1.63321312451767,4.452368515229539,1000,1.8834450346418412,6.849714964831513,4.248696191773828,0.6859717512204929,0.5242434915448142,3.231663639891692,0.5389404022496751,3.2279496670340073,1000
218,1.8664038597597805,12.828782907683983,8.947439224869878,0.45137459151968207,1.005939684335788,2.8133854006935493,0.9817096603812037,2.751098059138357,1000,1.170272912908046,11.289582753744508,5.988224342051246,0.9741250291171355,-1.2177906271664174,2.802611465478369,-0.7390121441615396,3.079557969977632,1000
219,1.0039413727066138,16.990226937944204,4.614137344519502,0.5498730406439326,-0.17505663099669838,2.0767359850798175,-0.07380978695549412,2.081692532368722,1000,1.1686997214045616,14.091132810181232,6.142923375861725,0.6396292584925362,-0.02430990554441215,2.5932955552739263,-0.08497362524080931,2.4223730680499322,1000
220,1.909618251487047,6.962212171743573,14.524155741487313,0.9858410714036063,0.24613668337591818,3.9159373071686407,-0.022630248464021285,3.8418667514381153,1000,-0.007921807721184226,2.1044450547954257,58.420332506138585,1.7964849669748315,-1.4196295418283,4.516817248176798,-3.529032342991854,3.5131887275494855,1000
221,0.6670729406386733,19.897787659343283,2.7907696450643407,0.6686313465504202,-0.7407503050077516,1.97506197684111,-0.6434444986001504,1.977590379877497,1000,1.2189694562338493,9.846059649725786,8.147774897836985,1.1622381612589832,-1.054834346957462,3.553843951106172,-1.0590173398337575,3.496956252301456,1000
222,1.4949197222230746,12.644715511601927,7.792654491636343,0.6683664717739728,0.19312884041204254,2.8490478885058272,0.18492143754608792,2.804918006900061,1000,-0.35319190260707245,2.9690854781459177,32.57028435368515,1.8196504869235481,-2.63448916176884,3.5762000296890606,-3.9197068569772266,3.2133230517630818,1000
223,1.8928162107387319,10.734906616632559,7.546603824028669,0.4130612863627051,1.0513764246951964,2.7735156108177352,1.0832160894678298,2.702416332009634,1000,2.123333878215331,10.274975183557604,5.9410410118589585,0.8499503114696813,0.4674713104933055,3.7569379748213487,0.4574312677347556,3.789236488695906,1000
224,1.5525729979770355,8.34705548879296,13.266922670876541,0.4668788897363525,0.6649449922410127,2.4675115930247684,0.6374903740937846,2.4676556218602865,1000,-0.625170144000093,3.605817280837722,27.760180510805565,1.2962120224135543,-2.1625810320058663,2.3958510620014124,-3.1657457079306592,1.9154054199304733,1000
225,1.806479737169788,12.237102813112296,6.982228526234939,0.7403603529792884,0.32740761770719257,3.354747513405014,0.35537344533038295,3.257586029009193,1000,1.944376822515288,10.236712368067835,9.577784309868015,0.6897590034605638,0.8924692879818046,3.5812120393243005,0.5924491757325829,3.296304469297993,1000
226,2.261725004616153,5.243303492539951,22.9856292235654,1.1498488519833454,-0.39965883358474374,3.9739340519481314,0.008021254728796112,4.51542875450351,1000,-1.226772727823671,2.7136247261587507,29.142370778194813,2.6083462689207506,-4.145434427421858,4.978974220799226,-6.339131414908342,3.8855859592610003,1000
227,2.7256071433374194,3.3511559785764735,48.2133815588939,1.1601453443954162,-0.28334379631992673,4.235366866599887,0.4517222683224036,4.999492018352435,1000,1.0822670145724587,9.730444336332306,7.289942000925816,0.8451004436862091,-0.7174250074462786,2.554771175320215,-0.5741298550525111,2.7386638841974285,1000
228,1.6786985609568714,12.564944641709497,6.526500294502303,0.4971327928185734,0.7963761843683517,2.678474238831137,0.7043182870324676,2.653078834881275,1000,1.5473558266955658,12.425671901360356,7.422902698852286,0.7010460925866403,0.13270691515964145,2.9560850613088157,0.17330548522575095,2.9214061681653805,1000
229,2.374754730324318,11.354800315740857,6.870870701118873,0.6230702387800301,1.2201703596504647,3.584349732353837,1.1535370623154593,3.595972398333177,1000,2.384802057444124,9.219754887362386,8.004930818204162,0.9570746480187273,0.698219669117754,4.482549822442557,0.5089357473274188,4.26066836756083,1000
230,1.9471066511830608,10.092654446187177,12.531659417299288,0.4295235156883581,1.109877224799747,2.810035882464535,1.105240560433879,2.7889727419322425,1000,1.394073908946708,10.546063376392018,8.696867872304924,0.6609290930552841,0.3330177771224665,2.9514413562175266,0.09865288655835114,2.689494931335065,1000
231,1.855443286355787,7.3488144815441405,18.741454094006052,0.7139949862382016,0.5169613700565876,3.359173889365392,0.45601311332891203,3.254873459382662,1000,0.48815225054308775,8.541247075098688,10.399156544378032,0.6348538920960631,-0.572514141908189,1.939855288232612,-0.7561613779651959,1.7324658790513714,1000
232,2.5858701342849146,8.821313056969805,11.76723017934918,0.45167169523132045,1.6640854005969306,3.4713290381560022,1.7005936116315266,3.471146656938303,1000,2.813787669904308,9.944783742740023,8.777164875113458,0.8729317835681225,1.450343516354544,4.966566955427793,1.1028413741107879,4.524733965697829,1000
233,2.7317404145044843,10.054477290189533,11.154986472467058,0.6598901971874341,1.5590673297724016,4.177318127555414,1.4383556280171135,4.025125200991855,1000,3.494303689040537,5.6782224982956295,12.511212236701416,1.0269798412114597,0.7454135745541807,5.171500189125899,1.481423200266076,5.507184177814998,1000
234,2.3379192808452247,11.354326162656525,7.706529328081871,0.5330775951316151,1.3208005716082398,3.468867865368585,1.293087194387259,3.3827513673031904,1000,1.854051972939747,9.646839597008286,10.053579796314267,1.2987750071772046,-0.9853137521085948,4.531128818657533,-0.6915470411275737,4.3996509870070675,1000
235,1.0461340311109262,4.098717067459912,22.02681271940737,1.3518667832495077,-0.6159514455946467,4.1223736391630705,-1.6035248640581088,3.695792926279961,1000,-1.099642666581281,1.2303655122109585,178.0132366688298,2.1308819903697502,-1.9309006062694025,4.749587151067137,-5.276171367705992,3.0768860345434295,1000
236,2.468440582756406,13.309065738933064,5.352777656917181,0.5834018653434447,1.4012499319272516,3.711467822094886,1.3249729266832544,3.6119082388295576,1000,2.359827312088923,6.148477265602457,13.885966985787457,0.8903788163365302,0.8050128738266524,4.332874042769144,0.6146848320693237,4.1049697921085215,1000
237,0.7529177890652434,5.335940444927538,25.029216450612196,0.8650820315686614,-0.5012641703876504,2.891728439620478,-0.9426429928093327,2.4484785709398196,1000,1.17956408244235,8.138492695072728,11.21392348481098,0.851102223675368,-0.3157444536073595,3.075047336049119,-0.48859627596137134,2.847724440846071,1000
238,2.383926421910722,9.332940485038147,12.276964889969605,0.49656829045829515,1.3836060904893248,3.3539878344393683,1.4106525726124637,3.3572002712089803,1000,1.9363077753551858,13.449937610521758,4.7235661216129845,0.6464230869946195,0.45955772128705136,3.084155762313245,0.6693185248457316,3.2032970258646403,1000
239,1.497835286449572,10.252639274752077,10.670866347316194,0.45214152804134655,0.7025500526023335,2.415345453093353,0.6116378914885329,2.3840326814106114,1000,0.6143701134187998,8.594217828722053,9.292820468527418,0.7185084036451285,-0.9842698963698765,2.083442510339612,-0.793906357725652,2.0226465845632515,1000
240,2.0748374347897576,12.729810613411347,8.320546156999573,0.7555873285461588,0.4015216847649013,3.3808892530641463,0.5938862708392862,3.5557885987402287,1000,1.8614385438515337,8.822554252609851,10.080877322225792,0.7051518512218031,0.5619814828782463,3.3229599200686177,0.4793409154567996,3.2435361722462677,1000
241,1.4388687776866411,9.291824614365236,8.103924638969621,0.6466333259209222,0.1149704835817288,2.7572131531933977,0.17146745888163362,2.7062700964916484,1000,1.2319451085962991,8.395508180551992,10.01708883875861,0.7030222653709559,-0.44444365839979616,2.5694686977096097,-0.14597853153077445,2.6098687487233727,1000
242,3.0684900604378598,11.0335380405671,9.501398689796428,0.714377200373594,1.6978445842287653,4.482425814754854,1.6683107477056156,4.468669373170104,1000,2.5895958070206544,7.223418472940833,10.914892287594302,0.7809961191861725,1.1298103762489649,4.287599464700535,1.0588434134157563,4.1203482006255525,1000
243,1.5728612596386156,15.294668057235087,5.62812793815795,0.48606797716706013,0.6446642782368556,2.5470573355255053,0.6201680243911777,2.5255544948860535,1000,1.4415208302268323,12.167758816585932,5.3258160224902955,0.6855659705812797,-0.080685028261417,2.690864447830312,0.09781152788752423,2.7852301325661406,1000
244,1.2713113959239044,12.382890509752883,9.143810427761565,0.6524060902336993,0.21945519379165906,2.8677291413211092,-0.007404540934146331,2.550027332781955,1000,2.123991563155456,10.775024939130137,4.716578954519275,0.6608730228299482,0.8446678142320878,3.40996574395908,0.8286804384087574,3.419302687902154,1000
245,1.74450578129666,15.383656776287753,5.1888330426261255,0.6974766021889152,0.38073911751231393,3.1600836054131394,0.3774516410063864,3.1115599215869336,1000,2.441017818441901,9.746639653380171,6.124074838255712,0.7091879917997402,1.0379437384892143,3.9053082706281796,1.0510093545144101,3.8310262823693915,1000
246,1.8861625708208618,8.349784821564615,15.326037072369106,0.642135583058414,0.5964528334702871,3.0508923114605127,0.6275768280263703,3.144748313615353,1000,1.6701945158595395,7.7446172056924345,8.257728393355677,0.8399649469230774,-0.039899281392390934,3.2527577151080096,0.023863219890307708,3.3165258118287713,1000
247,1.7202786641088217,9.899009164993556,8.19259175915901,0.7620650509577543,0.47049594589502663,3.3334829337631446,0.22663116423162322,3.21392616398602,1000,1.565721067107314,10.908519473327658,7.544948379117043,0.7173559140448694,0.42828571929496956,3.146583414988799,0.15970347557937004,2.971738658635258,1000
248,1.8206463029575377,13.605236857850528,8.029178954952053,0.8397626833546633,0.4804472290458538,3.6180001157621584,0.17471144358239776,3.4665811623326777,1000,0.6937181513563568,6.295793223806993,14.135818863542934,1.011089083090607,-0.904248225303939,3.0722666232091886,-1.2880164515012327,2.6754527542139463,1000
249,2.0460835027419257,13.972346562387271,6.149355213464017,0.610424198158287,0.8342923011357092,3.2799012854151544,0.8496520743516833,3.242514931132168,1000,1.159579394705343,8.464423061511395,13.187921360714398,0.7001045042997002,0.0008849478787737369,2.890195075394396,-0.2126254337220692,2.531784223132755,1000
250,1.1218172375477895,14.00638832412851,5.508099553063845,0.47848371726696315,0.18412715324225878,2.08439306512863,0.18398915170454178,2.0596453233910372,1000,0.03699219859076752,5.009656055807843,20.251671833330814,1.1486426386299424,-1.7403911496525304,2.3851298180047382,-2.2143473731239194,2.2883317703054544,1000
251,0.8685785523141782,5.402827092855418,23.866598260405127,0.5420159361696262,-0.16664427819710434,1.984990477031199,-0.19377268257828906,1.9309297872066455,1000,0.7550753565400297,11.531436780575476,4.993484878278945,0.8067219857575609,-0.9943047286997515,2.0849155535091177,-0.8260997355447897,2.336250448624849,1000
252,2.7620813885873376,6.92371063959468,13.589383653512563,0.5027070731884038,1.7827619287139318,3.7154974996951364,1.7767755251380661,3.747387252036609,1000,2.6053981044256616,10.928174861921615,4.761763696525439,0.7562652020135574,1.075090134985039,4.094371423408952,1.123118308479089,4.087677900372234,1000
253,1.6079913635744156,12.7127427353909,7.227305408135318,0.8807917025306142,-0.15851157966470336,3.384785307388768,-0.11836037338558825,3.3343431005344195,1000,-0.69024480093739,4.116430499779356,26.673635853249166,1.5088412717273223,-3.1590600079630082,2.6740701127475437,-3.6475736935229417,2.2670840916481616,1000
254,2.7710798850754363,6.848228023977708,14.302993145480704,0.9332085198896984,1.368032788662826,5.1984884762159025,0.9419911860916275,4.6001685840592454,1000,1.2637806841746526,3.7708633014372364,18.26650249713769,1.6033230902121849,-1.3201414845380992,5.5141806667746,-1.8787325726412298,4.406293940990535,1000
255,2.0706326232682883,9.523181362307398,14.01631020617572,0.6757775371603552,0.7731717161709485,3.4861025518965523,0.7461086504339922,3.3951565961025842,1000,1.656580502274881,8.895176332457417,4.164299696175548,0.8589248576078926,0.004491561837849771,3.3986435138613253,-0.026912218636588436,3.3400732231863506,1000
256,0.9464062004129103,14.496787944401998,5.629882415487798,0.8178228564626724,-0.6853836983052204,2.548942934628012,-0.6565265982539275,2.5493389990797484,1000,2.6546593246741184,10.201698045663743,7.5183518461123136,0.7549601081555365,1.153353823442862,4.140643629020459,1.174937512689267,4.13438113665897,1000
257,1.622381049514192,9.29240452970574,12.810213105241997,1.0743568710567426,-0.6100287556326403,3.71804874134883,-0.4833584177570234,3.728120516785407,1000,1.359991502845034,9.0670393519867,7.462164126805608,0.997073203334448,-0.7117086563297536,3.3264801408505864,-0.5942719756904842,3.314254981380552,1000
258,2.127273565461513,18.129370926812015,4.191510126733933,0.5465694867645763,1.1233171098159345,3.2050213167335073,1.0559973714029434,3.1985497595200822,1000,2.348081668254072,12.244241654680451,4.421877870325174,0.6234495359898863,1.2530966899590663,3.6329962598503323,1.1261205777138952,3.570042758794249,1000
259,2.290452948894094,9.085309662218556,9.084187254738568,0.6448525091768835,0.8692289274259845,3.487800664933626,1.0265420309074025,3.5543638668807858,1000,2.0297997416581115,12.33398400746457,3.9077485950513746,0.759542151554261,0.6611614039212961,3.5751179612734205,0.54109712461176,3.5185023587044633,1000
260,2.156482025265994,17.963114103087953,3.8732608938235544,0.646495758814966,0.9461240169171876,3.5155774547858627,0.8893503379886609,3.4236137125433275,1000,0.9224877411724526,5.48366470884478,17.798007957842817,1.2549737492579458,-1.371761054081013,3.6403435033820717,-1.537260807373121,3.3822362897180263,1000
261,3.492733229808978,6.806881064327567,15.613464899343434,0.6396937787147549,2.2564653127760037,4.750510731578266,2.2389334235280582,4.746533036089898,1000,3.0597615309776423,6.8041197608460555,8.183769842211115,0.6922715616463153,1.728487863507495,4.539118857100963,1.7029092701508644,4.41661379180442,1000
262,2.258497346228229,18.184954962475246,4.289207269619641,0.6152361627086641,1.1920478496534699,3.5179850550816574,1.0526344673192474,3.4643602251372103,1000,1.0217277569342373,5.070367604648623,22.562494219797074,0.8922611652682987,-0.47774106163139046,3.264475710330359,-0.7271041269916281,2.7705596408601028,1000
263,2.0422986652014132,10.018624117628237,6.745246823785225,0.5703391948376498,0.8886482033975286,3.1068413082300084,0.9244338433196195,3.160163487083207,1000,1.6853522281768236,8.504469330087126,6.29038294545395,0.6389928219911493,0.5185814882949409,2.9290838421754564,0.4329262970741712,2.937778159279476,1000
264,1.9933444284459607,6.857156635558116,12.698005900360497,1.1697523181090184,0.025162426865017424,4.316133767932801,-0.29937011504771527,4.286058971939637,1000,0.6894696213351827,6.756751301499179,13.164812705322683,0.6303341874190584,-0.6968330124156241,1.9843454542509837,-0.5459853860061719,1.9249246286765374,1000
265,1.6613299460813231,7.284031497534004,11.83539785876261,0.970435250260531,-0.22682279973581146,3.56421206268962,-0.24072314442931764,3.563383036591964,1000,0.701532058066543,4.291084702968563,25.537195365068165,1.151980335641734,-0.7503274152522922,3.637117618514801,-1.5563493997912556,2.9594135159243415,1000
266,2.531934255868557,16.324798441349433,5.029907017961279,0.7168786739095878,0.8394952057425588,3.806259391166224,1.126852055005765,3.9370164567313495,1000,2.4753590571044004,3.512942854012895,30.172780203998062,0.8729283100220591,1.272557201755017,4.925229458677198,0.7644195694611646,4.186298544747636,1000
267,1.652698448243475,15.744704599605397,4.549953112799651,0.4069883858829688,0.9193890036051414,2.459072020220192,0.8550012119128562,2.4503956845740937,1000,1.7091946454411113,10.481952283172859,8.01353597040192,0.5892940529243981,0.817770162734429,3.1499385514726015,0.5541783017092912,2.8642109891729315,1000
268,1.6280914168198297,11.855674558136833,8.82433071071574,0.6343357451559323,0.5112845024848317,2.993082471266784,0.38479335631420253,2.871389477325457,1000,1.740223285480428,11.408151186336426,6.395977297893766,0.5954596022683312,0.6809513694541476,3.0986400115125003,0.573122465034499,2.907324105926357,1000
269,1.8543883138304158,15.865869256543109,5.828831429100539,0.5951893389992116,0.5314659211262386,2.9485240584955745,0.6878172093919612,3.0209594182688706,1000,2.0392436225765485,12.215530181545898,7.051043197087627,0.7749587727135312,0.7556536221534463,3.7894534923235703,0.5203244280580273,3.5581628170950697,1000
270,2.690410302664609,5.532636330358784,25.421574921712395,0.7320549291685631,1.0449607116767927,3.948493047577411,1.2555826414942253,4.1252379638349925,1000,1.0377512742125417,8.78962058282456,9.450851561666598,0.8522627929988266,-0.6920939065990098,2.773413533415512,-0.6326838000651585,2.7081863484902415,1000
271,2.2743340183330956,8.091181043235572,12.008946852358774,0.6484132316562732,0.975609066339045,3.465383989424549,1.0034440842868002,3.545223952379391,1000,1.5391484947552923,8.20012519426623,11.342433073631923,0.9572950220677842,-0.7351329281611493,3.633191870429116,-0.33714974849756474,3.415446738008149,1000
272,1.8431281342690211,3.545225329647345,49.52615647916448,0.6795170233586231,0.9203363613545077,4.163021881102026,0.5112747684861199,3.1749815000519224,1000,1.8091343179165578,3.305965633997651,26.533005316183957,0.5846821852289958,0.6296472418322816,2.87400172679981,0.6631572348677259,2.9551114009653894,1000
273,2.0612170773551646,6.330729542806574,20.62924337483377,0.774594547804374,0.3035403914254815,3.3348440660841803,0.5430117636585916,3.5794223910517378,1000,0.3986226095630454,6.175185188706633,15.570175867810677,0.7741365898515469,-0.829645406598845,2.3902923422945634,-1.1186851065459864,1.9159303256720772,1000
274,1.5178197448175224,14.674106958604087,5.813106254731527,0.6862305362258667,-0.033693658195656,2.6948296613770157,0.17280789381482364,2.862831595820221,1000,2.0622105535422466,8.347213588235581,8.84029261665294,0.7434217976088175,0.751544401023494,3.5899486781722,0.6051038302289642,3.5193172768555288,1000
275,3.431019202434599,7.322113089422375,14.5720273589859,0.6513099913053066,2.060142994588378,4.613897907497023,2.1544516194761982,4.707586785393,1000,2.550968552767024,8.390491146231067,7.066277345948593,0.6551872098452487,1.282508311124724,3.867873825750876,1.2668016214703364,3.835135484063711,1000
276,1.9846805827149163,14.984848008731818,6.1919783472521,0.9434986837547624,-0.37871252726446475,3.426127517967209,0.13542316255558196,3.833938002874251,1000,2.720323417104256,7.392273809089185,11.954919978619685,0.6360034348478398,1.4158567289088055,3.8974345338517797,1.4737566848024901,3.966890149406022,1000
277,2.2272804255390857,3.824249438856005,36.295765497908384,0.4915719329106221,1.2611049532013803,3.211046194458819,1.2637994370342662,3.190761414043905,1000,1.9917689058019417,7.37633306489197,11.670909104494028,0.5824285351721559,0.7984975174935507,3.1102969898011485,0.8502089768645162,3.133328834739367,1000
278,2.260461898933617,8.665770838758016,12.526466766197972,0.5289575380801116,1.3576424629636015,3.496747628527346,1.2237051242965984,3.2972186735706357,1000,2.336488082402469,9.198855266755789,8.500101008207535,0.8072476402696738,0.9574369658736424,4.165844422988719,0.7542827074739085,3.9186934573310293,1000
279,1.650470215791759,10.547372675403569,11.08850657669607,0.9271377280637029,-0.027376346402935983,3.5755522103409856,-0.16671973121309858,3.4676601627966166,1000,0.7266631892934519,10.459167569009159,8.393785943121388,0.9019018457833077,-1.2148318526098212,2.592357452243623,-1.0410644284418311,2.4943908070287346,1000
280,3.010795626809914,7.408147423843872,18.01128237605629,0.6593842733083056,1.6020934825056,4.179839513123987,1.718402451125635,4.303188802494193,1000,1.5026243769266565,6.5049282824271355,14.203580996360547,1.1116138120654144,-0.27150935481898325,3.795805784428833,-0.6761386947215557,3.6813874485748688,1000
281,1.8661018586051825,16.6041984062525,5.247267234551912,0.5425259099754763,0.9345778327160069,2.982018201851699,0.8027510750532489,2.9294526421571163,1000,1.4303499455557918,14.712364601451426,4.7878637553116725,0.5427282761368402,0.3869270971091986,2.5054987999981786,0.366602524327585,2.4940973667839987,1000
282,1.956849675855057,15.57274801730724,3.9911152734634014,0.8128252454667112,0.10249334886768155,3.226027694288013,0.36371219474030325,3.549987156969811,1000,2.507537764307231,7.501153723685872,9.50597890377119,0.696502733053812,1.1624114176941311,3.920013813589728,1.1423924075217593,3.8726831210927024,1000
283,1.6474576441327793,15.596409024420867,6.13430692358609,0.4818644181420351,0.7916602987269419,2.644084651787131,0.7030033845743905,2.591911903691168,1000,1.1769627054125515,10.94545153490259,7.598778577363047,0.8273944077259099,-0.3676055030000905,3.0576627255720012,-0.44473033373023174,2.798655744555335,1000
284,4.094482993221754,6.8114918003283575,11.517749864059914,1.028500714734027,2.556037819346919,6.356186884407375,2.078621592343061,6.110344394100447,1000,4.137066486847399,9.137779765880744,4.847131223951786,1.1369428760844866,2.477015826003315,6.630073438878293,1.908658449721805,6.365474523972992,1000
285,0.6613050319182652,12.442612689866738,9.283454872357247,0.4717371845206545,-0.29750955214620667,1.5658529872384386,-0.26329984974221765,1.585909913578748,1000,1.1661846712117012,12.531791270121117,7.266984474034442,0.805453033108164,-0.48444701414692354,2.6980512223747706,-0.41250327368030004,2.7448726161037023,1000
286,1.1883525307422635,14.30348864939347,7.163949656409232,0.6154209737193176,0.16703708511140777,2.8032444526283777,-0.017872577747598983,2.394577639232126,1000,0.9106794047657494,6.689951302121163,17.655596993637747,0.9771091614212303,-0.7599902113193122,3.221180906715656,-1.004454551619862,2.8258133611513605,1000
287,1.663922096957482,11.03020040073621,8.606618016549872,1.1565274996786443,-0.49629247932735293,3.950310820703654,-0.6028718024126607,3.9307159963276246,1000,-1.0658531402764888,2.808940174596873,37.67288622999874,2.651545900751092,-3.982355893876787,4.643095898083179,-6.262883105748629,4.131176825195651,1000
288,1.993045957394998,7.227397626422205,17.152913280668265,0.5662996035286422,0.991380559736224,3.2426307016019433,0.8830987344788592,3.1029931803111364,1000,0.619269360018766,6.3276444776859,16.795573160862105,1.261057635999905,-1.62431031432632,3.8429366524476456,-1.8524036065410479,3.09094232657858,1000
289,1.731594305106949,12.041277447857258,5.924278385846594,0.5923295848036532,0.5930990320776828,2.9010264152013328,0.5706283188917887,2.892560291322109,1000,0.9167647821538805,6.7473766104236645,12.59508229332067,0.9598590032312367,-0.7919089514856779,3.227691130985633,-0.9645588641793434,2.7980884284871044,1000
290,2.9540562442580844,6.537311769642356,17.99354939355222,0.4867251708127193,1.9585839039605086,3.8973446628507875,2.0000749094651544,3.9080375790510145,1000,3.1084652938829755,3.6604458014608374,22.483472517002767,0.6185799047686523,1.5840226271364954,4.046987531082807,1.896048680536417,4.320881907229534,1000
291,1.1342629430925686,19.11859551565959,3.605579975173879,0.6460632578706544,-0.19029962926617355,2.3437001549094743,-0.1320210423339141,2.4005469285190513,1000,1.5877588461554004,12.389235400329891,5.900745223116214,0.7206714058293969,0.4284628676594819,3.324011732990526,0.1752428907297825,3.0002748015810186,1000
292,2.2209643672117014,15.934603039080583,4.498802383180477,0.5228059595690377,1.2385063598566952,3.2981767508728588,1.1962646864563875,3.2456640479670154,1000,1.8578107111893456,10.642670594744818,8.766032319923472,0.6782820640533542,0.5608775143138467,3.2779679176974543,0.5283778656447713,3.18724355673392,1000
293,1.3826049288215498,15.022400920356668,6.477640659992267,0.5062697337944116,0.5216916405577784,2.4969404951489493,0.39031625058450303,2.3748936070585964,1000,-0.3496362124048886,4.073844776845377,31.70389786168366,1.2161590438511625,-1.8879308878417405,2.8712803882140734,-2.733307938353167,2.03403551354339,1000
294,1.946637986827164,16.189593550750324,5.463670745057634,0.5143911127632599,0.9809828035363605,2.982231220524196,0.9384314058111747,2.9548445678431534,1000,0.8402593805287215,8.52027053452453,8.788456140826238,0.8873018214079164,-0.9417925873610309,2.834900854109773,-0.8988521894307946,2.5793709504882374,1000
295,1.6999584421526561,15.014210555076478,6.9482997067042085,0.5804383558004418,0.5100364240310594,2.7378378106433554,0.5622992647837903,2.837617619521522,1000,1.6371296029834599,14.383665951430121,4.8962294703349265,0.9693727195493562,-0.014731575797963506,3.9580215693669283,-0.26284092733327835,3.537100133300198,1000
296,1.760352914007723,11.386258074652096,9.185960347891028,0.5872025669383846,0.74876072877591,3.1128870394095296,0.6094358828084891,2.911269945206957,1000,2.2379548104727354,10.50562102981754,6.310265362460459,0.6668753452214493,1.1489070596513573,3.822075312663421,0.9308791338386948,3.545030487106776,1000
297,1.3622806370312666,15.962771586866,5.989632179357589,0.4878134533055144,0.420078294211502,2.356776688471208,0.4061662685524584,2.318395005510075,1000,1.5925051874038563,12.663274352727028,5.636391523708851,0.8228224937687928,0.3237409305767967,3.5747870985444496,-0.020226900382977586,3.20523727519069,1000
298,2.047254784306916,10.028491997478632,10.14635109405277,0.4361469407519685,1.233565481555922,2.9162786732690202,1.1924067804330578,2.902102788180774,1000,1.956744689248543,7.835209825949869,14.498745995263635,0.724757739928695,0.6376501227391916,3.4560876470530473,0.5362195189883008,3.377269859508785,1000
299,1.4541376603587657,15.719283734320873,6.0376797824866655,0.6064597225388754,0.299120430465224,2.64326193296851,0.26547660418257,2.642798716534961,1000,1.4880634064257525,13.889355086087681,6.824106941485463,0.5537569263872354,0.5134969590828165,2.743408569454238,0.40269983070677107,2.573426982144734,1000
300,2.0294002948740433,9.116398276146464,11.156697135749148,0.6706622921306995,0.7851462914245446,3.3776014346893315,0.7149022022978724,3.3438983874502144,1000,1.9586404553846277,10.110928054660732,8.598743127093348,0.7554235180903036,0.6602861706840389,3.6626485177633152,0.47801035992763263,3.4392705508416226,1000
301,2.4646900035768153,13.753056988201502,6.564920611074001,0.4967878319106411,1.5229877893529988,3.420447335457056,1.4909858530319589,3.4383941541216716,1000,2.6041720757833016,7.630777490946559,11.801193550381791,0.5814356039733071,1.3768450203394902,3.735232644437097,1.4645582919956197,3.743785859570983,1000
302,1.8759717114174306,19.41668924619493,3.188423579071712,0.7143946588756952,0.41801660659405093,3.1229087298747964,0.47575818002106796,3.276185242813793,1000,1.928724329496878,11.775086822733684,5.667382076270179,0.5844293260793838,0.9289858679023607,3.0915509978552693,0.7832428503812858,3.0742058086124704,1000
303,3.2112048176022756,5.917974292788118,18.21237008970206,0.4528666891927286,2.255006177511442,3.9260323335686635,2.3235861067845276,4.098823528420024,1000,3.6267160524659214,8.28630859613939,6.926974524279153,0.4280802091739898,2.866059973184446,4.558809758463663,2.7876788424849015,4.465753262446942,1000
304,1.9420986479497806,9.753983563932877,10.648290612213692,0.49153034067401363,0.9899145201356083,2.928149416972292,0.9786991802287139,2.9054981156708473,1000,1.8078125013976436,7.789856675041889,10.226213312344363,1.0935203699053195,-0.39762144788067916,4.054101640541776,-0.33548742361678263,3.95111242641207,1000
305,2.643527592113303,6.041619756280908,13.361543803866248,0.7644649504816878,1.0440413090127891,4.073949129596023,1.1451762891691948,4.1418788950574115,1000,2.2293456856448115,9.079061920828167,6.983841939136293,0.9395056910050252,0.31844107874678307,3.9704766341150854,0.3879145312749621,4.070776840014661,1000
306,1.7086341251257022,15.807901433958056,5.326326707515885,0.45565614136680654,0.8309275781819968,2.596640819780766,0.8155480880467614,2.601720162204643,1000,1.4505826911378832,10.054648678009585,11.971522007427936,0.5780056046708987,0.4914428605111344,2.747141692875039,0.31769170598292185,2.5834736762928445,1000
307,2.8074203383451426,13.859600415261419,6.364120527644386,0.544723732834955,1.6271213137994656,3.8692191641374234,1.7397618219886308,3.8750788547016546,1000,2.2621844471744037,7.992558658055349,8.54792552186845,0.8766526304001935,-0.0977790445682115,3.491109859920722,0.5439452915900245,3.980423602758783,1000
308,1.576447943369718,11.676247637577388,9.35637263053796,0.49651575206535786,0.5647668209299626,2.5389024462349443,0.6032770693216166,2.5496188174178194,1000,1.7280534560868372,5.727339349234814,17.14947514079666,0.5978410603615343,0.3177247409485177,2.5908219453389463,0.5562849777782302,2.8998219343954443,1000
309,2.537077598434065,5.496555880828966,21.585826548235385,0.9139254098650702,0.565902276838384,4.241482291899416,0.7457837950985273,4.328371401769603,1000,1.1748542380170748,8.071635115875395,10.075202538619939,0.6606389511747204,0.09407322314168703,2.6582454617023927,-0.11999810628537722,2.4697065823195268,1000
310,1.4994367702118367,12.787426723664305,6.9944335529903885,0.7231209863131389,0.23087257958875954,2.9942886202905408,0.08211963703808456,2.916753903385589,1000,1.5712378794755264,5.773661247524497,11.868979364074704,0.5195389047622501,0.622760687635198,2.6179522537919304,0.5529416261415163,2.5895341328095363,1000
311,1.7362076637754071,10.398288759467532,10.757645159206147,0.560764294348222,0.6253528727791279,2.755287791736382,0.6371096468528921,2.835305680697922,1000,1.2071348932918429,9.38703946330531,10.580379198371176,0.9460572752439095,-1.1566377920225148,2.8481711601320048,-0.6471373661862196,3.061407152769905,1000
312,2.638637183110155,12.268529756524236,5.745773728275903,0.6404187305814786,1.3715328772536666,3.875306820484556,1.383416471170457,3.8938578950498535,1000,1.890229355305642,7.8798659334061005,8.96184080275149,0.8977421527131209,0.09535871952346239,3.7216624307797987,0.1306547359879251,3.649803974623359,1000
313,1.6922499441873247,14.590884108687149,5.312370357056395,0.47538640261853155,0.8668693728305389,2.7501090296549746,0.7604925950550029,2.6240072933196465,1000,0.6194322867704818,5.838690312593865,19.822706962492358,0.7498105169785407,-0.8651813034225372,2.2681122663183424,-0.8501963265074579,2.0890609000484215,1000
314,2.233142918574811,8.291646920513939,12.089762091455423,0.4712135055486359,1.3502619612306235,3.2037113294247543,1.3095644476994845,3.156721389450137,1000,1.7173121013429733,5.546138584583403,16.928727572270766,1.0232668990117506,0.2350033021579303,4.250947068367754,-0.28829102072005774,3.7229152234060043,1000
315,2.5241473623216506,8.32396228227867,14.26154482818918,0.6180533807842754,1.3526901681645465,3.720635348205001,1.312762735984471,3.7355319886588303,1000,2.0392629036838708,7.35582744880783,8.744870526850994,0.7792757745816686,0.7587140647629432,3.793111034155413,0.5118823855038002,3.566643421863941,1000
316,2.38014451864141,14.829382696025498,7.198143821597196,0.6334394930133558,1.2403890981591192,3.672970121441987,1.1386031123352325,3.6216859249475872,1000,3.1434946352584197,9.147136580689308,6.732260969605294,0.980383408974297,1.247300478599405,5.263617489650199,1.2219431536687977,5.065046116848041,1000
317,1.8156919815863355,13.47511403626331,6.643237662480283,0.5628752879327614,0.7150742309687036,2.9543198165046443,0.7124564172381231,2.918927545934548,1000,1.5202646159241535,8.196167182964983,12.656489581676578,0.8183565896049957,-0.006431909611370305,3.567382930709959,-0.08371429970163802,3.1242435315499453,1000
318,1.2839892598136289,11.326101653576133,11.157445840507394,0.5133846853595853,0.3295033080461609,2.3924439156862474,0.2777552765088418,2.290223243118416,1000,0.6504006337765973,5.101854044003442,22.55266446298238,0.96444887999594,-1.0052794583236164,2.8994484578631283,-1.2399191710154451,2.5407204385686395,1000
319,2.5201779306747545,13.269229850817005,7.276883632707659,0.5207661845260926,1.5022106581145287,3.489638606064724,1.4994762090036131,3.540879652345896,1000,2.6888995283048103,10.527706263758567,6.210309307017347,0.5886067397341384,1.6070744957113847,3.916141110938813,1.535230318425899,3.8425687381837212,1000
320,2.086134708647739,5.490698453618435,23.764714834993214,0.5180471791311639,0.9854310977946031,2.98092917325781,1.0707622375506578,3.1015071797448206,1000,1.5737455702793788,11.891249887841933,6.646434454455355,0.6824147819380347,-0.12212895937077023,2.724930078904011,0.2362125976808307,2.911278542877927,1000
321,3.1710671584322045,7.077268377855567,13.843344905463502,0.9631415072622387,1.1956146707721451,5.005983207421615,1.2833098041982167,5.058824512666193,1000,1.5860295273928773,2.651371262153366,31.396354378709226,0.8421428213548966,0.1300183227924987,3.5749926707051554,-0.06457040246272006,3.2366294572484744,1000
322,2.3875770758796158,9.52273432246426,8.903744406140165,0.5098663902625805,1.4305580546640968,3.4460477583251614,1.388238950964958,3.3869152007942738,1000,2.4024039129473027,10.155247621664483,6.502322982326627,0.5192517458924364,1.4338847974853286,3.443066404902709,1.3846704909981273,3.420137334896478,1000
323,2.156618607668924,3.95847969596402,33.070200366637984,0.6854141694868376,0.8189736552313179,3.656887330021909,0.8132068354747222,3.5000303798631256,1000,1.6154805249283166,5.152454711754857,17.26233021399554,0.9541889619097677,0.21000703075970095,3.7120530137610337,-0.25472984041482793,3.485690890271461,1000
324,2.1864551948447177,4.462737502008316,29.553219576185647,0.6281777378137661,0.7933717674843263,3.2792543232737903,0.9552268287297363,3.4176835609596994,1000,1.8902584375826494,10.49400940179727,6.819864186056862,0.8584573969060422,0.3981287395501292,4.037662925942494,0.2076819396468068,3.5728349355184923,1000
325,3.3989665030922183,8.5764747275806,10.885580635867774,0.6368483637620772,2.1605275278764218,4.61866221638752,2.150743710118547,4.647189296065889,1000,1.366004126672646,3.5641573620841407,17.056091478956596,1.1009758259680456,-0.04198948561203854,4.035511753071547,-0.7919084922247235,3.5239167455700153,1000
326,1.0462637963719232,15.709291408260695,6.0679889265759295,0.6413579548002423,-0.391764624345163,2.33055512907648,-0.2107977950365516,2.303325387780398,1000,0.6380064362148059,11.031962048061414,10.113294154852518,0.77113077653469,-0.8245792660979132,2.3191979601752855,-0.8734098857931865,2.1494227582227983,1000
327,2.0050403903740275,16.079421586436627,4.583564318309463,0.6530166620721249,0.8001262828604837,3.3798942563015393,0.7251277327126626,3.2849530480353923,1000,2.482773903008421,11.52213953200251,5.025230225708143,0.7759682956194456,0.9409849668485195,3.8878962009222557,0.9618760435943075,4.003671762422535,1000
328,1.586241727244947,7.1141770022828785,19.02653827024695,0.6174541373804775,0.43699774457426066,2.911617397811054,0.37603161797921114,2.7964518365106827,1000,0.7593701505520372,6.340140002137127,12.994957048513017,1.2141335540328255,-1.419774624264702,3.157847170015079,-1.6203316153523009,3.139071916456375,1000
329,1.724435860466292,6.644038794393551,21.12460190295025,0.9103939472541525,0.1391488181203448,3.5106881296229107,-0.059936276151846934,3.508807997084431,1000,1.2564023805288613,5.930107056220474,9.856951009602648,0.726337917232437,-0.13038350117232828,2.8353354669027495,-0.16721993724671513,2.680024698304438,1000
330,2.399334709701969,14.826439908844565,5.45372871264181,0.5146799515322824,1.4666325349803813,3.4222839785719814,1.3905620046986953,3.4081074147052424,1000,2.213679602222471,14.766943787109815,4.018632391822087,0.7384803442117582,0.9681866041215074,3.942755367379952,0.766258127567425,3.661101076877517,1000
331,1.7775425912500569,5.831338422279021,24.32532470054419,0.6012853366428832,0.7773327294328025,3.1237968698790595,0.5990233314300057,2.9560618510701078,1000,0.49845220711421323,4.205018724749351,23.35947735579231,1.2470817255991704,-1.2047624867669606,4.231524659212622,-1.9458279750601606,2.942732389288587,1000
332,1.491118345713215,12.36075437738292,6.155867702887351,0.44320380982953583,0.7012269388930092,2.4753197759885506,0.6224388784473249,2.3597978129791053,1000,1.670493787522882,11.543004674811307,7.008604150353038,0.6486662181723063,0.5461186835696666,3.170527485999088,0.39910799990516166,2.9418795751406024,1000
333,1.2493765467806042,13.365008523533898,5.6770491687983355,0.5379475269269289,0.2617873381586473,2.404397245569083,0.1949993940038235,2.303753699557385,1000,0.21997081764379267,7.203294303928518,14.239136745253427,0.823273288298185,-1.19917626855377,2.125657511385434,-1.3936448274206499,1.8335864627082352,1000
334,2.7176952053074697,4.775955279148913,24.663455553678748,0.58543676357621,1.6766595113783662,3.866208065351115,1.570239148698098,3.865151261916841,1000,1.7182680704973656,5.270435842811291,13.460550663864968,0.9388273091411788,0.2780327747331715,3.8649637865424222,-0.12183345541934498,3.5583695964140762,1000
335,2.829515634404359,6.999910104103016,16.654915917209223,0.6479779164434472,1.4943091114983003,4.023535257306214,1.5594789181752027,4.099552350633515,1000,2.0287324493737566,7.62329529373582,12.626091002704204,0.6804935049134766,0.7968383367562953,3.615969240892229,0.6949651797433425,3.3624997190041706,1000
336,1.2468664513941126,10.752031907320903,9.802754780918216,0.6138131459185202,0.2218865113353282,2.674895320649968,0.04379268539381287,2.4499402173944125,1000,0.6571364410992477,8.722545322200327,7.270402813328846,0.8513789604611374,-0.6742023080264644,2.6048640994009853,-1.0115663214045816,2.325839203603077,1000
337,1.8793335050538365,11.127973837994377,10.058111658867125,0.5018570079197748,0.9694054207146684,2.93176115000028,0.8956937695310778,2.8629732405765953,1000,1.4633300981012414,11.377842071922613,5.784544012705669,0.6769779692918574,0.05164041749068121,2.767247527116683,0.13645327828920095,2.790206917913282,1000
338,2.549883057412111,5.91565348197122,21.201468883093426,0.5287439716340442,1.5293777414250134,3.572334049433102,1.5135448730093843,3.5862212418148376,1000,2.1192748774623373,9.54534793260346,5.32883110051836,0.7388334078136068,0.7819587439791567,3.829597095888979,0.6711613981476678,3.567388356777007,1000
339,1.264200473813609,10.754451430092619,9.50871772683368,0.6654695536152972,0.06923718886041938,2.747290638686097,-0.0401198512723735,2.5685207988995913,1000,0.9167241403740944,9.95318553470374,8.938054250003912,0.505576235458982,-0.023165559307090043,1.9214880469018558,-0.07420528112551028,1.9076535618736992,1000
340,1.1301198860247936,19.673581946025756,3.286381824781747,0.6437845248284457,-0.24526427813662174,2.212844675207827,-0.13169778263896004,2.391937554688547,1000,-0.29367878299016903,6.954185588244003,16.431523910399008,1.2204923041617526,-2.8019996368191586,2.053488633246121,-2.685843699147204,2.098486133166866,1000
341,1.9012817794149117,7.074944839274258,17.469314888113917,0.5772496703957144,1.0737561931693667,3.380946767732624,0.7698724254393114,3.0326911333905118,1000,1.9052719624080459,8.694011989792022,7.462287215611388,0.9335888541299682,0.13604344448873973,3.665958634333038,0.07543780831330826,3.7351061165027835,1000
342,2.8000390222800147,1.549804166535875,145.0710297520312,0.7474017072934114,0.7679819749300417,3.7382010978122464,1.3351316759849283,4.264946368575101,1000,1.762002910574464,4.1749558944844365,24.147181324873138,0.6218410397156227,0.5590722914506688,3.018600092163029,0.5431944727318434,2.9808113484170846,1000
343,2.421854388994567,8.93348012659652,13.453704025311268,0.5405116048345743,1.3009518447556943,3.4656609923329125,1.3624516435188014,3.4812571344703325,1000,1.9656233952995583,11.452631686935723,7.377255803165609,0.6861522623498277,0.6166573560571708,3.4059012886050226,0.6207649610938959,3.3104818295052207,1000
344,1.0160259298867849,2.1117091394206757,64.52395812051294,0.7851385350660499,0.21131712081709234,3.1881106795457232,-0.522845598842673,2.5548974586162427,1000,1.6125739011329228,4.022920535933186,21.824368840745283,0.8922584541614942,0.6879368749231712,4.258940923866792,-0.1362526690236059,3.3614004712894516,1000
345,2.218261878841315,18.601148661520067,4.849768847643365,0.6085225078603893,0.8928372859252912,3.287336343580624,1.0255577634349518,3.410965994247678,1000,2.7416482902832184,11.66071675338857,6.76695768868623,0.7778253728440659,1.0915748855222507,4.180577714468641,1.2171105595088492,4.266186021057588,1000
346,1.5663836777134936,12.610936179379728,6.30627162128525,0.4857738491532894,0.6281008520519125,2.515207911737886,0.6142669333730464,2.5185004220539406,1000,1.3410744316235594,9.355494228368027,11.468130578421034,0.6897525748339072,0.14497858289514653,2.7958890071249245,-0.010840615050898617,2.6929894782980175,1000
347,2.8528674953056257,10.669889327734172,7.768375631834533,0.5258026168441884,1.79518505573275,3.830588629042349,1.8222943662910165,3.883440624320235,1000,2.2394652766516794,9.871546608959418,6.4781638934943935,1.0065607016139277,-0.3683637926710872,4.007494708854873,0.26660630148838105,4.2123242518149775,1000
348,2.5894209103349337,12.88334948211942,8.373516807201188,0.5183471552702602,1.5760239926658515,3.627322360253954,1.5734604860052237,3.605381334664644,1000,2.480036299006481,11.314665663812468,8.267282654765658,0.6109694219928086,1.3916751505175489,3.781554968797622,1.2825362319005762,3.6775363661123857,1000
349,2.4333420821990757,6.260302148646663,17.837845964533443,0.6656312980472598,1.4214228608862673,4.026204193742732,1.1287047380264463,3.737979426371705,1000,1.5706344294357208,4.383085404465112,20.421287401486143,1.2932538862880278,0.05679248465599901,4.6866177787278245,-0.9641431876888138,4.1054120465602555,1000
350,2.131562654491531,9.075820875545467,12.407908190672105,0.5724381762919256,0.9858294367009413,3.3611423797075766,1.0095838289593568,3.253541480023705,1000,2.421483037432218,6.522492037280209,12.65171176379254,0.7339153330137639,0.9501603009781898,3.836718005897909,0.9830089847252408,3.8599570901391953,1000
351,2.720705293676739,7.908268385496811,13.743440331500512,0.7077460768005677,1.2062023690181691,3.9891397221775113,1.3335229831476265,4.107887604205851,1000,2.289316649937777,7.744450610071552,12.175534279604738,0.8814755786223308,0.7247503495134086,4.1037395611977825,0.5616245158380084,4.017008784037545,1000
352,3.4050096704307453,2.3586144560887248,47.01195391959604,0.6036110715623938,1.781170866098815,4.133183219474043,2.2219319701684537,4.588087370693037,1000,2.502132536674279,7.782598974737135,4.911381951155625,0.5456892739267765,1.3543593314012046,3.457690076381668,1.4325815597777969,3.5716835135707607,1000
353,2.2511577581420186,3.3677427351273725,42.24932467308757,0.6068227940289026,0.4264554671075303,3.078892086828503,1.0617850818453696,3.4405304344386676,1000,0.06457675201285662,6.131276485305194,13.934979928806907,1.340677395548794,-3.0433696612678407,2.721183748495829,-2.5631509432627797,2.692304447288493,1000
354,1.3691400349562128,5.770813802104574,18.247444794117534,0.5332788440278362,0.39805314945195064,2.592795169133978,0.3239135006616538,2.414366569250772,1000,1.1505528161524028,8.413737201380087,6.29096185020094,0.7662329074468079,-0.27994056067609674,2.7522313550336293,-0.35126368244334083,2.6523693147481464,1000
355,1.2599853420694918,8.481982924830934,12.513041671856476,1.2044283001930192,-0.6808316348191665,3.9160570459608355,-1.100694126308826,3.6206648104478094,1000,-0.7407711810988964,3.2285331074684387,32.75585972705359,1.7051984596210572,-2.7283410768915592,3.6320584617298484,-4.082960161956168,2.6014177997583756,1000
356,2.9216095934679682,3.9952639945264856,39.115997352099406,1.0241276550709266,0.27715359245945415,4.283304762116659,0.9143193895289521,4.928899797406984,1000,0.5405138818486637,9.490750326443536,5.8893573087116735,0.46635449217479774,-0.38713708226797805,1.4976596162562943,-0.3735409228139399,1.4545686865112673,1000
357,2.1051290022841362,5.633254530415731,22.83268642675486,0.7171355689625487,0.5851292248008882,3.470431113527915,0.6995432871175409,3.510714717450732,1000,2.2889468807515065,5.6771659833302,13.446788778958615,0.8282954985142318,0.9726866003801183,4.144203665087382,0.6654877036636122,3.9124060578394007,1000
358,3.0012138488446265,6.137715617468991,21.666968708851133,1.1331252655392519,1.0229721021411518,5.559632759659352,0.7802883283876927,5.22213936930156,1000,1.1315877008833213,3.9798073059699868,15.74085750448551,1.081436003110324,-0.3961688699366715,3.75530648143423,-0.9880268652129138,3.2512022669795564,1000
359,2.8148351479340676,10.347767141242734,10.008487912084725,0.574322315957944,1.6590424748042871,3.865847441759821,1.6891634086564973,3.940506887211638,1000,2.7827596871949902,13.257510465389121,4.478384635765562,0.65356998030035,1.498055335669589,4.009087347609993,1.5017625258063043,4.063756848583676,1000
360,1.9143814736529883,10.141238019340644,10.225969730816526,0.4590664701058008,1.0089447513831562,2.794741552269556,1.0146111922456187,2.814151755060358,1000,1.7556215199224574,12.62202542585716,5.943728934608314,0.5988058092391608,0.604112040046648,2.9566202729413678,0.5819621338137022,2.9292809060312126,1000
361,2.1060865437154357,13.931129225053866,5.755196159938071,0.5458186315580572,1.0862164464671338,3.2411309893113662,1.0362820258616436,3.175891061569228,1000,1.3388732834358648,6.966996616986491,15.333724795473659,0.8858506191677851,-0.1951992024525482,3.5660840150942175,-0.39739393013299384,3.0751404970047234,1000
362,1.6399041168121997,8.668996906134229,10.234062576149903,0.6647380135523774,0.2817922235948335,2.912098565439097,0.33701761024954013,2.9427906233748593,1000,1.1154627904359677,6.351047839427001,15.128239289051239,0.7785657397222063,-0.27287942081097927,2.9507033571802506,-0.41052605941955655,2.641451640291492,1000
363,2.655673461978199,4.7595469062044495,18.787397250644315,0.5915141965150049,1.5082510677165841,3.7472890024117635,1.4963056368087893,3.8150412871476087,1000,2.6525883274735236,6.20852275147044,10.340094557313058,0.8156924434301648,0.932956316056936,4.252050232497855,1.0538311383504007,4.251345516596647,1000
364,4.267143808100588,6.791690163181886,15.459214455673171,0.7222332744166098,2.667168307259327,5.571213028250828,2.8515665902440333,5.682721025957143,1000,3.988590539088225,5.393471861983699,7.979155577624846,0.878049833296934,1.9987145095624654,5.487637090713363,2.2676128658262344,5.709568212350216,1000
365,3.099666951144955,8.414836416569447,10.850859685388349,0.528214842952723,2.0560847962369313,4.141934516116429,2.0643658589576175,4.134968043332292,1000,2.1189225937202396,7.530319812188802,6.924327212825004,0.8729306283875319,0.6519829977880836,4.210956513667089,0.40797856208067707,3.829866625359802,1000
366,1.9134036744328613,10.746414915719926,12.791102013296948,0.5822105277697185,0.8906840968184108,3.220678632167248,0.772271040004213,3.0545363088615094,1000,1.523982514257403,5.663821071616831,13.385217767339483,0.7391080628170721,0.24504766295929006,3.1559013137405976,0.07533071113594181,2.9726343173788643,1000
367,2.3344859403823452,9.077080850165942,14.350330181998864,0.5720960459709685,1.3837101530100686,3.693922280131546,1.213177690279247,3.4557941904854435,1000,0.6693032353991963,4.862256961665676,21.723324132954986,1.5890884499213755,-1.7782964554818939,4.112999210567236,-2.4453101264467,3.7839165972450926,1000
368,1.5702602133237535,5.942597038421571,17.630066490433776,0.8845734387056264,-0.04585541983958069,3.5696617042726,-0.16350372653927425,3.3040241531867816,1000,0.930006728170444,4.542838731397013,23.54719757848629,1.066528631256826,-0.8145150229352229,3.418530396163461,-1.160389389092935,3.020402845433823,1000
369,1.4613374608234198,6.7508278821877665,15.244035841450573,0.7107731987215121,0.21144277884337578,3.113087355436051,0.0682219913292561,2.854452930317583,1000,1.9727237555503596,4.721234155149123,20.119723948887703,1.0379874854512297,-0.11169218996850354,3.851301276428596,-0.06173171593405047,4.0071792270347695,1000
370,3.022658188799838,4.37373024681423,19.573118838979124,0.7866771961614993,1.501080253561501,4.439378219600247,1.4807708843232992,4.564545493276377,1000,2.560893350072457,8.023446105167745,6.29749733091156,0.6935363279654707,1.5560567403619423,4.259470494254375,1.2015621472601343,3.9202245528847794,1000
371,1.1525385681009288,9.939713574599653,9.71367335729911,0.9660026780074217,-0.8881801086219785,2.8024182034261407,-0.7408266807936177,3.0459038169954753,1000,1.8775414615933836,7.604865363726034,11.324552529143535,0.7174272450038456,0.7701324339580723,3.610928982048302,0.47138406138584643,3.2836988618009206,1000
372,1.185482987498215,17.31891315078024,4.943338563955777,0.4552731293322588,0.2040888353273595,2.0815521245098325,0.2931476540069877,2.077818320989442,1000,-0.08473338235527672,6.51606144584482,17.55097227689225,1.4741175658708734,-2.834047314446598,3.4728697427564383,-2.9740038114621887,2.8045370467516353,1000
373,2.0041218261237415,6.666323033266552,18.492317557140634,0.5712965553159125,0.9134705027583342,3.2814621070015306,0.884380577704553,3.12386307454293,1000,1.5773836893550595,6.1072801815216105,19.328841839775986,0.7695187393346056,0.50935665978432,3.5548752322198878,0.0691269602592326,3.085640418450886,1000
374,2.0195335074034197,7.939119799918249,13.783080338785213,0.5378383304929929,0.927935099676636,3.0024249925981588,0.9653703796371538,3.0736966351696857,1000,1.9527850802347255,10.970328844671261,8.283330353992136,0.6516159778191419,0.6752425346766088,3.2681000996753737,0.6756177637092073,3.2299523967602437,1000
375,2.0175825354197796,10.92633951104391,7.125048886252721,0.5101450442333054,1.0584547787637621,2.9749335518372964,1.017698248722501,3.017466822117058,1000,1.6401452255558566,10.072102518870755,7.620555408159546,0.5893920976792121,0.4896894909065852,2.792506179762989,0.48493671410460104,2.795353737007112,1000
376,1.9421434491549197,7.663332681549302,15.85617782489117,0.49954320291253,0.906346149430668,2.8750004409378325,0.9630387714463609,2.9212481268634782,1000,0.8153607979567705,8.340638139616644,9.54009975595362,0.7648148246679466,-0.853217268358773,2.3339312829191754,-0.6836762583924048,2.3143978543059456,1000
377,0.862742576994247,3.2577704583988054,47.71006852684869,0.9779324151990677,-0.12215120201732743,3.6929210923593474,-1.0540049567959258,2.77949011078442,1000,2.0106144347840305,5.954867717122449,12.229659234011498,0.5769550957912626,0.7218099593083447,2.9949208644376313,0.8797824470331559,3.141446422534905,1000
378,2.8794728740319955,11.540975227812273,7.756475738908452,0.530360727626974,1.815384325596857,3.855300104543421,1.8399658478831264,3.9189799001808643,1000,3.0305838008917205,13.840839570603574,3.634083186923497,0.7381590548814242,2.0615563455728743,4.947944920793356,1.5837920533241292,4.477375548459312,1000
379,2.1556600700930324,14.307073759921565,6.489781250566864,0.5747887220066751,1.2036489763425247,3.391563651888362,1.0290741749599492,3.2822459652261156,1000,1.983845360515582,7.886568204968028,14.217438009594328,0.8721778227897304,0.5721196296412328,3.8992693181591807,0.27437682784771034,3.6933138931834533,1000
380,2.409360320917121,8.17227008802113,12.224247007415354,0.5843692469946506,1.3451979890336896,3.68247639175793,1.2639965968076057,3.554724045026636,1000,2.6294552516136234,9.563692852108368,7.935853661947999,0.7021396933167156,1.5482942878606696,4.314635914560854,1.253261452712861,4.005649050514386,1000
381,1.8636504977362485,16.022889985091318,4.4392307095172105,0.500592232403454,0.9831142614261872,2.89627559866266,0.8824897222254787,2.8448112732470183,1000,1.5488978492622272,9.763924734884684,8.343482277382893,0.70534676527287,0.22996040517864297,3.001850853724491,0.16641818932740193,2.9313775091970524,1000
382,2.1583054516072755,10.619610365035083,7.2333416672539075,0.5834252343813491,1.0601116290809522,3.3247666450319038,1.0147919922198314,3.3018189109947196,1000,2.9407144949286987,6.501484540110481,15.74350225786286,0.9810092270379839,0.7633448030348392,5.056900581325546,1.0179364099342503,4.863492579923147,1000
383,2.397229559174488,13.755418276312353,5.50592216475015,0.559043031404458,1.4076214977495922,3.5144937327093784,1.3015052176217503,3.4929539007272252,1000,1.9713852246493144,7.767080002319042,12.224849701524846,0.9207032089658702,0.2461374544922844,3.897734824321301,0.16680693507620892,3.77596351422242,1000
384,1.9005274809958115,13.434552430085926,6.007216383227954,0.45649437839951323,0.9601481589960601,2.7953586075809866,1.0057984993327655,2.795256462658857,1000,1.0774595336015227,6.114174023177796,13.807205883160766,0.5866904325601539,-0.006808606684003125,2.3602090141689533,-0.0724537142163788,2.227372781419424,1000
385,0.7758099780036041,8.40668134636136,13.186412935120298,1.9119238026825112,-3.144137277444006,3.952174791426176,-2.9715606752541177,4.523180631261326,1000,3.2638491955839313,6.290107058348007,5.234094422711911,1.1076927138818828,1.5765427458346475,6.312609197379026,1.0927714763754408,5.434926914792422,1000
386,1.0267893079077286,17.981102130822098,5.4019308208736305,0.43634020288566117,0.24682618587245914,1.9900423882689846,0.17156251025183278,1.8820161055636244,1000,1.030243838151344,14.336957290553956,7.455527098468237,0.6550971513829076,-0.162517554736224,2.382907840547951,-0.25374657855915483,2.3142342548618426,1000
387,1.050908671377741,3.184892671356554,42.95264737260048,0.9668919357340704,-0.08835026508102233,3.5924148067562838,-0.844199522661037,2.946016865416519,1000,1.9466696866758604,8.206321523964235,9.978577591161358,1.0011129802468337,0.02683126886066189,3.8921718829529697,-0.015511754607933748,3.9088511279596547,1000
388,3.4517172656886226,2.2537067975301426,73.71429778842102,0.8997184192345568,1.1514385132185365,4.523747491797175,1.6882691639888914,5.215165367388353,1000,2.225422814076824,6.688866444656978,10.231938614493162,0.7505570104498782,0.922145890762367,3.8213718009031767,0.754331073595063,3.6965145545585854,1000
389,1.9671581935458522,15.05928497512121,7.164800592007009,0.6326670602613063,0.8119897199010879,3.2551831306622745,0.7271307554336919,3.2071856316580125,1000,2.300406608158976,7.681757568003672,7.348588082321802,0.9990556449397168,0.4207628374152464,4.521995217241424,0.34225754407713094,4.258555672240821,1000
390,1.5967680722682798,11.459221699598203,9.567049458147984,0.7897108188506601,-0.17041179124346553,2.916413923185393,0.04893486732098595,3.144601277215574,1000,0.32595565705508367,8.777757045625908,9.338166838460968,1.1036790528876739,-1.878280987874528,2.5347651883114835,-1.8372552866047571,2.4891666007149245,1000
391,2.2038780704580567,11.284413570743608,10.08894801770024,0.6157023095000811,0.8688534957866643,3.3578573391460664,0.9971015438378978,3.4106545970782154,1000,2.124927592881446,12.254262127083006,4.9494128937177635,0.7222949946868495,0.664321704230171,3.445816222236948,0.7092294032952211,3.5406257824676715,1000
392,1.7423200669275491,9.309555009846546,12.000685511558551,0.5608882698824199,0.7753559270683049,2.940446181515694,0.6429790579580061,2.8416610758970924,1000,1.556084207438956,8.350620860640928,9.416996322004843,1.019335348130754,-0.7692949237936206,3.618151762992203,-0.4418130748973219,3.553981489775234,1000
393,1.2599739334762003,14.305679559321842,6.997257210026844,0.6283409284756782,0.09870416589637748,2.5788990679729062,0.028425713663871033,2.4915221532885297,1000,1.3567874300553258,13.140217454016963,6.959070985436668,0.5905796664547076,0.3227751890075186,2.5701011695875953,0.19925128380409896,2.514323576306553,1000
394,1.6653730328177223,1.53071422203141,104.36973464060036,0.8443678873775745,0.9374120102466494,4.285295494521662,0.010411973557676202,3.3203340920777684,1000,2.005751572063188,4.63209380704823,15.889741004383454,0.9525253375954086,0.7252340821558904,4.151207206428528,0.13880191037618728,3.8727012337501887,1000
395,1.3138839485146925,17.418125421219877,5.022186300228413,0.4378889855164462,0.4310472796275355,2.1958415645570817,0.4556215369024579,2.172146360126927,1000,2.5042619102746486,11.265175609580005,10.15482225463891,1.038152809891108,0.4560051910990984,5.078344368394569,0.4694824028880773,4.53904141766122,1000
396,2.7344768051279207,9.80065411940596,12.476769241752706,0.5742013639843891,1.6849970735472422,3.839950792437097,1.609042131718518,3.8599114785373234,1000,4.132960893729629,11.04566423137918,6.198633916886188,0.8894681933093793,2.4626834266082014,6.120533419515148,2.3896032348432454,5.876318552616012,1000
397,2.292698578842856,9.377947725505758,11.547347049111131,0.4663741060691967,1.3084829069468136,3.0683770766946368,1.3786053309472304,3.2067918267384816,1000,3.8015531411924326,8.141912216527185,10.295687691043488,0.9898394690406568,1.9187547961143103,6.068106030543003,1.8614677818727454,5.74163850051212,1000
398,1.395558594449413,15.339833947459505,7.072498472591707,0.5661148894664194,0.27171622156372266,2.4922607457544914,0.285973411095231,2.505143777803595,1000,2.086761736282611,11.057379115911356,7.645051184449359,0.6532847692928299,0.8499168882786722,3.4064338757271146,0.8063235884686644,3.3671998840965576,1000
399,2.2900083269976985,13.285971366090498,6.2493822184316015,0.6520700359240894,1.0306194855293551,3.639397675124359,1.0119510565864833,3.5680655974089137,1000,1.927411792788114,12.54499927962387,5.906485253579852,0.7471505938608569,0.43087387591015947,3.494065902032803,0.4629966288208345,3.3918269567553936,1000
400,2.9217183525325345,8.236848590092885,9.992818847158404,0.5802470101171049,1.9512378608599934,4.145947009829493,1.784434212703009,4.05900249236206,1000,2.580234763426742,3.488627698342321,22.810610413365044,0.5725637976579256,1.7195685079054843,3.9354425856294037,1.458009720017208,3.702459806836276,1000
401,1.4175434549524053,11.201603285787229,9.512346546180266,0.7963319335241623,-0.10231945814477805,3.030280761593307,-0.14326713475495279,2.9783540446597634,1000,1.5867200243138155,11.384846298199882,7.208146231404266,0.9181320009462333,-0.005018123311245412,3.753041583698864,-0.21281869754080152,3.3862587461684326,1000
402,1.3537467977539102,10.399292422477705,10.880293342055257,0.46202951654274904,0.5163122696793984,2.3185660772943937,0.4481689453301221,2.2593246501776982,1000,1.3939143019383677,2.1894654233937407,48.234554815253006,0.5781995940822328,0.5408731595262498,2.8137389004236284,0.2606430975371916,2.527185506339544,1000
403,2.662595299022994,17.277712669150297,3.4101696450979757,0.64105378593962,1.4520290031200582,3.9678266162471814,1.4061298785813388,3.919060719464649,1000,3.0320539960445196,12.850104504997944,4.320754309036356,0.9624531220965297,1.4815336500288916,5.400291415574624,1.1456458767353215,4.918462115353718,1000
404,3.0830852187751643,4.51368902775341,19.368700480799475,0.9246806482461666,1.5804386093604095,5.256654570997227,1.2707111482126778,4.8954592893376505,1000,3.0431899775111573,5.105833907130874,13.430613281384245,0.779822214090248,1.2844031376120364,4.390375774179325,1.5147384378942712,4.571641517128043,1000
405,1.9064510697569597,8.34161848177831,15.52348126998079,0.4283300794078028,1.1416519837187515,2.8547531879479235,1.0669241141176662,2.745978025396253,1000,1.6233778956024862,11.312710046349773,7.753992474966142,0.6548966524492986,0.45116997244533646,3.016584786870305,0.339780456801861,2.9069753344031115,1000
406,2.0555995828354305,15.293263610817961,5.4161281687103076,0.6155889728173308,0.9493456619016457,3.300672568823989,0.8490451961134622,3.262153969557399,1000,0.2738196763159211,2.178844487578356,54.85405800884441,1.3089868856349516,-0.9236352850358258,3.2862345352735445,-2.291794619528584,2.839433972160426,1000
407,1.3640431590565063,9.905569877935465,12.387575942522565,0.8197582295397866,-0.010134855329763657,3.2807562494919345,-0.2426829708414755,2.970769288954488,1000,1.004504226126238,6.454191082669518,16.18434621233263,0.5989291024039389,0.09579195041742397,2.5030784421149104,-0.16939681458548228,2.1784052668379585,1000
408,1.0962294628573503,17.167232235974836,4.7637751387978335,0.48830503422846844,0.21753391205836956,2.1187034418068014,0.13915159576955227,2.0533073299451483,1000,1.4505008047566834,10.798995407446231,9.552409494352137,0.8997952457866893,-0.2623517314553329,3.436044452576591,-0.31309787698522773,3.2140994864985943,1000
409,1.4148761523924451,12.380647437752213,6.742398190155417,0.4761024637485677,0.44578175115612856,2.391501584279839,0.4817153234452525,2.3480369813396376,1000,1.5208388281084952,11.04554810544823,7.921581422131273,0.8004756231619903,0.02958818641778315,3.47385999368123,-0.04809339328900575,3.0897710495059965,1000
410,1.83131826564904,17.48149697565336,4.2538267513744525,0.7604882919123094,-0.0954912290807498,2.98622888456604,0.3407612135009137,3.3218753177971667,1000,2.7477378629573925,8.942922582277243,7.4602341528534675,0.5259642640771596,1.6215733107836008,3.7173143798552863,1.7168479053661598,3.7786278205486252,1000
411,1.7763408646975254,2.8875101436203785,48.528674913491436,0.5664345113472002,0.22264730977645739,2.404701439562201,0.666129222457013,2.8865525069380378,1000,0.9362151412107744,10.234394053487513,8.154159765303156,0.7679301999240001,-0.42773986797461583,2.665499661503098,-0.5689280506402659,2.4413583330618147,1000
412,1.2914964402277571,6.708192459429464,15.88335181133629,0.5704200914876818,0.3253902443077733,2.678067534884973,0.17347306091190084,2.4095198195436134,1000,1.573010755526669,10.580360438545739,8.964651392482699,0.8623374149137596,-0.19495223901732137,3.2366277297273767,-0.11717057770429973,3.2631920887576378,1000
413,1.9630890854646599,15.321422569498395,5.137758664351619,0.5700112588122107,0.9177092741911761,3.1649801979576315,0.8458670181927268,3.080311152736593,1000,2.066947758583565,15.139761033832311,4.751933475898037,0.64532667603873,0.9622235134235979,3.4228731512285417,0.8021074735476545,3.3317880436194756,1000
414,2.2423425226431393,6.645806279882214,16.877089130910967,0.5047062667511075,1.4107447613679338,3.4116032610650415,1.2531182398109686,3.23156680547531,1000,2.34046992671081,7.086570072420908,13.637438707982023,0.5025552804542389,1.4612792869012172,3.424586173107339,1.3554615770205016,3.3254782764011184,1000
415,1.2270633440400305,14.771915614210451,7.007561328100965,0.4286055600971252,0.34874076593246983,2.0305661323313613,0.3869964462496651,2.067130241830396,1000,1.9153569425396517,8.24850694029995,11.806508646161287,0.9882524757533331,0.5257079407753978,4.3983657457708665,-0.021617909936881174,3.852331795016185,1000
416,3.3267766756244757,7.700668465684203,10.842888262564106,0.8963254690737428,1.3570286634348891,4.928482425957463,1.5699787562399399,5.083574595009011,1000,1.928229662059466,5.6469466323009865,11.864600810760367,0.7034177779059889,0.7981388929539548,3.8624268548625027,0.5495308173637279,3.306928506755204,1000
417,2.0167166820254994,8.644400140021025,14.669024892374289,0.8527889710982549,0.815383859506364,3.884739072685279,0.3452502986729198,3.688183065378079,1000,1.7690729968223655,6.893472926537049,16.4796702360207,1.0303595050783125,0.04270323715291247,4.235025904382093,-0.25043163313112693,3.788577626775858,1000
418,2.010164069697969,6.954184334532511,19.09453049254507,0.6203972334588506,0.9808608708148048,3.4011981833556675,0.7941854921186218,3.2261426472773156,1000,3.22675281422182,3.7874929011441103,25.42897596658119,1.0434138692425152,0.660556040998525,4.560037954777936,1.1816616305064902,5.27184399793715,1000
419,2.7309907811233574,5.76801826038635,20.060337512708806,0.7842109306105407,1.2511107627254514,4.465971005127954,1.1939373571266976,4.268044205120017,1000,2.340170720277685,4.068873411203467,20.298913033663748,1.1390571255448345,0.9667311460863229,5.436694069981678,0.10761875420980971,4.572722686345561,1000
420,1.268632113160164,9.424163824792245,11.931724352590626,0.6137314424690575,0.13331333042898608,2.482598195865648,0.06571848592081131,2.4715457403995167,1000,-0.21705965804855465,6.5333250772482465,19.108745404148014,1.2946820637235938,-2.274170544284079,2.5324753330438057,-2.7546365029467985,2.320517186849689,1000
421,2.1652648335166207,7.6688533373485335,12.556481011375652,0.5346565013373711,1.1131210058666523,3.2249194140625077,1.1173380908953734,3.213191576137868,1000,1.2588221966323343,5.721365117950156,17.027920302365583,0.9529877070643762,-0.6128015198000982,3.2505456188517514,-0.6090337092138429,3.1266781024785115,1000
422,1.3784122482540213,15.995858459281376,6.287808618302592,0.40972917585854274,0.608354427064987,2.201643037086084,0.5753430635712775,2.1814814329367653,1000,1.788345200570608,15.553753115050085,6.1042518790779745,0.6016987912080112,0.9643902565596929,3.221118440744681,0.609015569802906,2.96767483133831,1000
423,2.3305724664533853,10.58841949554256,10.254502267837086,0.48407893667211965,1.401861746125209,3.2906748564809103,1.3817777505760307,3.27936718233074,1000,2.6890002786752767,11.44992280625696,5.002855165726185,0.5932660899157527,1.7754580670209203,4.065789422011315,1.5261987424404013,3.851801814910152,1000
424,1.736198224354058,18.12262655645952,4.4162986673352895,0.4247660472522508,0.9148852811126141,2.55159342039515,0.9036567717396463,2.5687396769684696,1000,1.143402388059866,5.07364573301245,23.403251634380204,0.5557578661600252,0.057092831856992966,2.136475350142684,0.05411697038621677,2.2326878057335153,1000
425,2.9930794171325648,4.611943218545594,24.308917260577555,0.6353524301841601,1.8386563905755893,4.302311317681315,1.747788653971611,4.2383701802935185,1000,3.737937439150862,8.992158244705633,6.001336868860361,0.7766088965838389,2.221704407359854,5.348127020780119,2.215784001846538,5.260090876455186,1000
426,2.351348157738382,10.14532458839086,8.730602682722466,0.4825850457583714,1.3519149751590522,3.2169515194741893,1.405481468051974,3.29721484742479,1000,2.023721207411535,9.352740498697028,8.88148482926886,0.74743370166337,0.6298274193435954,3.489302937520466,0.55875115215133,3.4886912626717406,1000
427,1.9712291626078826,4.637940348729758,33.923502327529434,0.5649115838329424,0.6677196623041968,2.9468701524177243,0.8640024582953156,3.0784558669204496,1000,0.3052399803187842,4.904056238513686,14.145669294196303,1.286917012130865,-2.4119189725179373,2.5855625141270635,-2.2171173634577115,2.82759732409528,1000
428,2.6732871249844155,12.827651787433597,6.384797040545045,0.7996938534694659,0.9523821440240471,4.227172591083787,1.1058871721842625,4.240687077784568,1000,3.0703174224485696,7.072379040498172,5.840424813920291,0.7064055331936498,1.7014153534012244,4.499795467024067,1.685762577389016,4.454872267508123,1000
429,1.8582199219213993,6.786026062330933,16.68647364201566,0.538447855469196,0.8036504085244931,2.831276399730116,0.8028621252017751,2.913577718641023,1000,2.1345307251142067,7.883360087871711,9.339146715442647,1.0992359220829941,0.1253751674212505,4.4460100872060355,-0.01997168216846168,4.289033132396876,1000
430,1.419990538436224,11.024805772060825,12.201521560047018,0.5721224747416573,0.2678600262450917,2.3952004645257197,0.29863048794257563,2.5413505889298724,1000,2.5748316793230996,6.2550076072202225,17.255924421581895,1.182915490129482,-0.2269259226762705,4.502213419613582,0.25631731866931506,4.893346039976884,1000
431,1.0372413955705602,13.240567730923033,8.889340309494699,0.5375445321633952,-0.1513289275897478,2.0232474884047535,-0.01634588746969423,2.090828678610815,1000,0.34543349586057426,8.861616085310649,8.934261746395894,0.7707883072654774,-1.2039629262039384,1.8929550656895422,-1.1653115863797614,1.85617857810091,1000
432,2.7709626342762483,4.646615360710085,24.354994609692202,0.9392872448108905,0.17176907200417546,4.236131254654393,0.929959634446903,4.6119656341055935,1000,1.3452425247555766,3.6101165518815055,25.688536353575273,1.158706896561353,-0.6068677520022256,4.024368963612451,-0.925822992504675,3.6163080420158282,1000
433,1.2040750607490285,9.862728292389363,10.584377796302471,0.6358508516127216,-0.042190363255524,2.4914483285673565,-0.04219260841190575,2.4503427299099627,1000,1.0788744403781934,10.3538142793466,4.209243451872388,0.7990839348323986,-0.39129179121963853,2.733585434791694,-0.4873300718933078,2.6450789526496945,1000
434,2.2690211371618023,12.463109622421761,5.800766519862092,0.6154612031502594,1.0899782629383612,3.4528390164841727,1.0627171789872938,3.475325095336311,1000,2.408239827527626,6.020698780502876,10.60056812200826,0.7136483323252639,1.0465172606651005,3.849119860560146,1.0094890961701086,3.8069905588851434,1000
435,1.4330454517525766,17.622085541178766,4.04820276725733,0.4761613217392641,0.6045888753287567,2.4544128238942364,0.49976926114361897,2.3663216423615343,1000,1.0490550767344908,11.639841844580406,7.761861263350089,0.774462832973599,-0.36834207296393723,2.645122954170766,-0.46889207589376314,2.567002229362745,1000
436,1.1741684091298148,9.042698419684992,11.521039176555755,0.8797385087104179,-0.47568457258302616,3.0567831388917335,-0.5501190679426042,2.8984558862022336,1000,1.1387900892341172,10.559844866004555,6.931989409309009,0.6430350304198765,-0.3945917944549778,2.17949361936795,-0.12155857038884088,2.3991387488570752,1000
437,2.5047271017734847,11.256636912527155,11.167757766600761,0.6415252231200199,1.2365611152113483,3.766781894917403,1.2473376644582457,3.7621165390887237,1000,1.1539315337604883,7.424737668114055,11.027170248709668,0.8299648573804617,-0.30289209796164995,3.082556430182379,-0.4727995867052166,2.780662654226193,1000
438,2.221634571911288,15.953319520924031,4.861904610562695,0.660136954383223,0.8918841345876327,3.4768422350310937,0.927766141320171,3.515503002502405,1000,2.605477384647868,7.321769481384015,11.22433567409449,0.7817782061169618,1.095260817759206,4.20116992518469,1.0731921006586227,4.137762668637113,1000
439,2.042849378640608,15.33100232806763,5.199233837706384,0.5688449109819413,0.8342810012273557,3.1823519939808085,0.9279133531160031,3.157785404165213,1000,2.2601594932894895,6.901004994446687,15.958713409150363,0.6734508145771751,0.8417295001923484,3.4854877403484346,0.9401958967182262,3.580123089860753,1000
440,2.126152680347766,11.638776141991611,8.490372708898349,0.5707429648554527,0.9531079552916404,3.2091099609867815,1.0074964692310786,3.2448088914644533,1000,0.35968897945244294,4.4911891911437065,19.40814037603198,0.9582600276161565,-1.0045035644334397,2.6393523828518104,-1.5185006746752236,2.2378786335801095,1000
441,1.2762586703519894,11.023445836173861,9.543190698328681,0.4142810085589976,0.4817006168982605,2.0607214781542926,0.4642678935763541,2.0882494471276245,1000,0.33398414960902656,6.8930809302672795,15.51635499126402,0.8248273573788009,-1.2886503042448476,2.0166631704065066,-1.2826774708534232,1.9506457700714763,1000
442,2.20151071764614,14.039838044368379,6.778724239251604,0.5094401853011323,1.237635370207045,3.20333468585968,1.203007954455921,3.2000134808363594,1000,1.910220145534705,12.295310997607208,8.348730425098111,0.6265719327066933,0.835822183652117,3.265479764319838,0.6821391574295861,3.138301133639824,1000
443,1.188445553572063,8.444709181441768,14.865856489013554,0.5063125683595501,0.24381384381308807,2.222019646206508,0.19607291958734496,2.180818187556781,1000,1.4799705036042172,10.231941934423217,7.782040865764904,0.5748962724856804,0.42145335259292516,2.7005962168103577,0.3531738095322836,2.6067671976761506,1000
444,1.339454062088397,5.963701118670587,20.90657537932962,0.7431366938412323,-0.06591661018905173,3.105100433300011,-0.11709385784041815,2.796001982017212,1000,0.831369603457849,5.268704600488292,21.29216118990555,1.2210455760443946,-1.0048282722475006,3.919260851651982,-1.561879725589164,3.224618932504862,1000
445,1.7610399370522247,8.623402832680346,14.028460808954753,0.6087592462706019,0.6724010137515751,3.097299237200407,0.5678718143618451,2.954208059742604,1000,3.352849893234423,6.833295303395934,12.385901310496335,0.9285539851614708,1.4840951140754666,5.140426221112479,1.5328840823179402,5.1728157041509055,1000
446,1.4232752707267449,13.496802990310417,6.706375292529191,0.4696548469985087,0.6911489886122023,2.525646167743964,0.5027517706096679,2.3437987708438217,1000,1.214743956099912,8.207577836677366,14.1103551503046,0.7236217478508373,0.11841447158065113,3.047627686179842,-0.20355466968772906,2.633042581887553,1000
447,1.724569802966839,15.489981599568452,6.87678425204958,0.5043921399041643,0.9341350686167385,2.8784756000802383,0.735961208754677,2.713178397179001,1000,2.370807422549837,14.497796525946184,4.515010981222024,0.5955585683499616,1.2601337590980293,3.587053018006978,1.2035126285839124,3.5381022165157616,1000
448,2.1047496413335507,12.90785974064423,5.587717763238374,0.47966449350638807,1.181110884591593,3.0659552117228843,1.16460723406103,3.044892048606071,1000,2.4165996016837115,10.637824210320847,7.393690289176308,0.7169412449765183,1.3418143226981885,4.058650522496003,1.0113947615297356,3.8218044418376875,1000
449,1.6953176679163504,15.470930757963393,4.642124285652569,0.49418019427328713,0.7593347774745743,2.7040193617291717,0.7267244871407077,2.663910848691993,1000,1.3508578435804495,9.007751913705647,9.467613895175575,0.7977713329792577,0.18795023991688434,3.499057042985354,-0.21277396905889567,2.9144896562197946,1000
450,0.9753677767412374,4.314195763043686,31.668643366782238,0.9565577080163663,-0.48773432723332943,3.5171056086001853,-0.8994853309708406,2.8502208844533152,1000,0.9419094309327916,9.029952783794284,9.221614507043483,0.6569482855857042,-0.21370635037908026,2.3401386657959744,-0.3457092088151885,2.2295280706807716,1000
451,1.8941508949307262,12.899778775378847,7.966783827634776,0.5422481823182878,0.948944893554326,3.092859501581709,0.8313444575868822,2.95695733227457,1000,1.870050507154688,10.234171576883591,10.7955269500326,0.6756376300944001,0.7438162819636367,3.4662538380840835,0.5458007521696637,3.1943002621397123,1000
452,1.0719264515245528,17.82583562553212,5.259861717939247,0.5301021743688117,0.07217326818743318,2.2678864901431126,0.032926189761681934,2.110926713287424,1000,0.9627171749327954,14.111650881474361,5.314787031723493,0.6320103312789899,-0.24344022747511906,2.264363619358088,-0.2760230743740246,2.2014574242396154,1000
453,2.5726171429169815,8.777761080505064,7.731405005838407,1.0269481380943244,0.5790198009160248,4.7069900568022085,0.5597987922521059,4.585435493581857,1000,2.309631202700137,4.712755514335743,11.713283133771641,1.0303748975969098,0.19479536245112652,4.28703078944637,0.2900964034101938,4.32916600199008,1000
454,2.1353961278819797,14.289897254126792,5.405741770610271,0.6731416940865093,0.6736589095504666,3.4448100444883476,0.8160384074724216,3.4547538482915376,1000,2.3544367707882867,11.19353522403696,5.674156331154369,0.7250619263123915,1.0366319466346885,3.8045583850429305,0.9333153952159994,3.775558146360574,1000
455,1.7529559723237793,9.936427885411726,9.920510220669394,0.665083249072701,0.3458912691683186,3.008447322606253,0.44939280414128535,3.056519140506273,1000,0.5905926241605504,7.276467566258538,10.135040187625199,0.9807145181569062,-1.1920269969106982,2.601963296322506,-1.331607831426986,2.5127930797480866,1000
456,2.7983789833325385,12.800526523724432,4.92997105499379,0.6588725270285328,1.4260402608070406,3.9058331457097597,1.5069888303566141,4.089769136308463,1000,2.7484378487823014,8.988653728275246,7.123019892349539,0.7307744448518887,1.1866230619700324,4.111667580256302,1.3161199368725995,4.180755760692003,1000
457,2.319542620924365,12.652001597659778,5.648357983283778,0.5208599980664155,1.3146952331084454,3.3671448025043724,1.2986570247141906,3.3404282171345394,1000,1.9587703057103554,6.240894261553969,12.440045045616516,0.6024329800678385,0.893296729740778,3.297470178020332,0.778001664777392,3.139538946643319,1000
458,2.3853549359545028,11.335615016580705,8.947221944172705,0.685635621839361,1.2245333095718889,3.899381663729237,1.0415091171493551,3.7292007547596504,1000,1.6549927295628972,4.123563062157948,22.99025939443393,1.0521640237291132,0.3425992975818716,4.418994036544221,-0.40724875694616447,3.717234216071959,1000
459,1.051631516647051,9.810947051355333,9.881264041957468,0.699504875084883,-0.2734256650222131,2.577739098478019,-0.3193980385193198,2.4226610718134216,1000,1.6636004696871896,9.218644607724231,6.927740175348501,0.7508788626892235,0.2987638891175847,3.252979428220098,0.19187789881631145,3.1353230405580677,1000
460,2.2831142508626687,7.597708035901572,15.92224729601801,0.7528950026793751,0.8629695629350225,3.8615421978624154,0.8074400456110935,3.758788456114244,1000,2.0966762685438862,6.420124038854779,13.334938592722358,0.95824237634772,0.07259978881184959,3.7264430036651044,0.2185212109023551,3.9748313261854173,1000
461,1.3917578479452475,12.213184381319232,8.857089529541726,0.5491930037111736,0.1721986088002787,2.3822835747839797,0.31533956067134716,2.4681761352191476,1000,2.5518535782602134,8.954027970565768,8.454823899142575,0.8559895053463515,0.9155875009994927,4.378414138120477,0.8741141477813643,4.229593008739062,1000
462,2.619934378585822,4.689532042134316,23.157436741181815,0.9352294692027557,1.3729571901004272,4.920063410892207,0.7868846189484209,4.452984138223223,1000,2.966562682509393,5.8815552010821595,14.884219010732117,0.8490703147487282,1.4650775525876159,4.884604614781174,1.302384865601886,4.6307404994169,1000
463,2.1351226646009946,5.600318099079745,19.76179423260915,0.681138351940829,1.1291729911460786,3.715026667411337,0.80009149479697,3.4701538344050196,1000,2.628684459816447,6.0105040734437685,13.997290395196371,0.6724789391827779,1.1830187121828049,3.8238569413719605,1.3106257390182023,3.9467431806146918,1000
464,0.7898115211482062,13.75811413269145,6.272925901412406,0.593743993911611,-0.3601580527253377,1.962925463963499,-0.37392670691855145,1.9535497492149638,1000,0.5666365949675032,12.869680182332237,6.643330111156752,0.6026931807301219,-0.549501220441058,1.8870638241170214,-0.6146420392635357,1.747915229198542,1000
465,2.706082006133915,16.888200898898734,3.777441172158979,0.5002853855172698,1.7453449024417638,3.665022493738015,1.7255226505200665,3.6866413617477636,1000,2.7093918848872667,8.5928589829924,10.542638553547597,0.5792451387942492,1.6873035501222575,3.9201375862249526,1.5740714128505382,3.844712356923995,1000
466,2.606170677401689,10.61271535411003,10.399445015100152,0.7437749922312227,1.3813377344967408,4.298762008090805,1.1483716926284926,4.063969662174886,1000,2.728672355645343,5.211174420522783,8.174473029086283,0.6442117073162845,1.4620234364953049,4.06227157992968,1.4660174093054252,3.991327301985261,1000
467,1.716065630169832,8.971189748952026,9.591041880143633,0.6409180039373498,0.4375152503530507,2.9709202145704796,0.4598663424526266,2.9722649178870375,1000,1.697085609939955,6.828820955401866,16.15774633986371,0.9875039134317678,-0.18516573323524707,3.9444148276201934,-0.23842206038630986,3.63259328026622,1000
468,2.2127777455842246,16.559372523284836,5.202148645897739,0.658173680594562,0.7654177545326459,3.375155124694718,0.9227573316188831,3.502798159549566,1000,3.6603253675663012,10.637743568486947,7.996957776569468,1.0726077186440188,1.7120182856720554,6.380520659712045,1.5580142390240246,5.762636496108578,1000
469,1.5003795426102136,5.652241221240484,21.764167812383345,0.5355372514353433,0.6123551828757067,2.678161897787346,0.4507265297969407,2.5500325554234866,1000,0.7212259900915052,4.850891230445612,19.324524145666338,0.8536602074135503,-0.7386431288465377,2.5947623292314366,-0.9519480164390532,2.394399996622064,1000
470,1.3882602624694889,10.129279608538807,11.74303301895474,0.666854706428736,0.2743708129810759,2.813667213073777,0.08122503786916635,2.6952954870698114,1000,0.5878393642905277,8.511933020636091,10.757771593226833,1.1900230255904132,-2.1997917534883054,2.7095672947716367,-1.744605765866682,2.9202844944477375,1000
471,1.6605748524136204,5.0537544932828435,24.470455112816055,0.50724162884287,0.6558914727095393,2.622113492197212,0.666381259881595,2.6547684449456455,1000,1.4028688141545813,6.909402236866226,11.035890265168623,0.6574010377329641,0.1388427944066327,2.6083761212128587,0.11436278019797164,2.6913748481111908,1000
472,1.6916041026642725,14.850432673370745,5.788618545016887,0.5647166576305691,0.6884604634188345,2.881670513790804,0.5847594537083571,2.798448751620188,1000,1.969188053837759,12.160917049105924,5.522922832171644,0.645397701229574,0.7842188270930843,3.272190125250709,0.704208559427794,3.234167548247724,1000
473,2.45939875750616,13.30284123705871,7.242632233531321,0.6413024593665276,1.2506621211045736,3.7055871183425895,1.202445937147766,3.7163515778645544,1000,2.172159146375037,9.876192481043557,10.420118817851783,0.7411603279834855,0.8926489092457116,3.9417252142002517,0.7194849035274056,3.624833389222669,1000
474,1.5718145467344224,12.865336344307584,8.27784379282198,0.4486937028823502,0.7137093739368895,2.45228040403301,0.692374889085016,2.451254204383829,1000,0.14685589896577067,8.911783661449483,13.697630113428593,1.1841181442087478,-1.8609435654267166,2.461537439138298,-2.174015663683375,2.4677274616149165,1000
475,2.3955923525857488,8.183625676880746,15.14974020373175,1.1788525954850955,0.19585637175048734,4.777680452864608,0.08504126543496149,4.706143439736536,1000,0.8033248289328414,5.837237290225106,14.965733656407835,1.1569837260957874,-1.8373757685969672,2.800618625977169,-1.464363274214902,3.071012932080585,1000
476,1.725591304819997,9.391272820444929,14.61738200011626,0.680552078864068,0.593784326387966,3.31595323720445,0.39170923024642357,3.0594733793935704,1000,1.9099949176098154,11.053387633578149,7.368712592069702,0.6334229734760958,0.7249347656137254,3.244230941341408,0.6684858895966677,3.151503945622963,1000
477,2.658961381645761,5.966828926303418,13.650342667751747,0.6233110381157976,1.5332476741146004,3.997182807880702,1.4372717469387977,3.880651016352724,1000,2.6811898707680344,6.025516617488838,10.845194628945029,0.7452218616933495,1.3821773147948944,4.307839766306843,1.2205550218490695,4.1418247196869995,1000
478,0.952506187926236,15.82582258022377,5.048809055467377,0.4570073038831211,0.09030426509500881,1.9000236399172,0.05677187231531866,1.8482405035371534,1000,0.34653054095052127,14.000214624848146,7.569466451927763,0.650274497002269,-0.9000363099941229,1.7392583084482698,-0.9280074731739261,1.6210685550749686,1000
479,2.4217477814636768,17.62085190171061,3.766595460963076,0.49843506700392837,1.4018161579893074,3.339584713306321,1.4448150501359773,3.398680512791376,1000,2.437411991502599,11.551069829811523,5.204756167715767,0.5797014202942431,1.1911470137464202,3.44015064164818,1.3011972077258827,3.5736267752793154,1000
480,1.6217603415956492,14.59000153471248,6.293685246976314,0.6608705187525631,0.6612504556295129,3.3239175097406823,0.32645412484062564,2.9170665583506725,1000,1.1037543976050572,6.813367269582391,13.730298427291661,0.7373132436652546,-0.005564634438988968,3.156649153315885,-0.34137955997884184,2.5488883551889563,1000
481,1.9488966036735376,12.371407410859875,6.555800730464954,0.5016194427678128,0.9829706928976281,2.983972545932588,0.9657224958486246,2.9320707114984508,1000,1.979887384932064,14.00748600383666,5.3400220766145114,0.5471449266447714,1.0043542084430759,3.267537387059211,0.9074833287083119,3.052291441155816,1000
482,2.300461055767725,3.0239460651398953,51.3349435679256,0.9480123517221853,0.7543330786729207,4.69572346376366,0.4423568463922418,4.158565265143208,1000,-0.5859551556756095,1.935883695093723,50.61377881191832,1.412826835813438,-1.9746912131913714,3.525975292741792,-3.3550957538699477,2.1831854425187287,1000
483,2.7355805975281733,10.33347745723546,8.738474135541578,0.6116818163184561,1.4866623236007341,3.9588093963885003,1.5366842375439993,3.9344769575123473,1000,2.5331527356352312,10.299561766428459,5.388305584098302,0.7537012006002748,1.0457850699517093,4.121326821619896,1.0558983824586927,4.010407088811769,1000
484,2.3433752165039183,9.064764441674582,11.51683231899743,0.816022205701932,0.6790520134674329,3.910090909121764,0.7439716933281317,3.9427787396797047,1000,1.0906673952318173,7.532245389178405,9.015313798907766,1.6136034675623736,-2.5529426707608374,4.108582497388188,-2.071995401190435,4.25333019165407,1000
485,2.6382533747573556,12.226375370290608,6.689797192250948,0.5998594861946603,1.5874051338557975,3.837592940053824,1.4625287818158212,3.81397796769889,1000,2.614772618194195,6.062585371005827,13.284261761532285,0.720953655842059,1.3417685558139858,4.2351886387211195,1.2017034527437593,4.0278417836446305,1000
486,2.5016103748380294,12.349070758142783,8.033479045567056,0.4864656639178177,1.6319662240190618,3.4772741358150503,1.5481376735591068,3.455083076116952,1000,2.5616235570983994,8.258659499508951,13.125461866924553,0.5746673957636876,1.393794424958403,3.6222367952333814,1.4352754614015717,3.687971652795227,1000
487,2.5102231427954713,7.813942030182202,12.266285317154262,0.5924508047642086,1.268200298373659,3.5951051099913998,1.3490195654576225,3.6714267201333204,1000,1.8353628065150105,7.402836095855426,10.823358467461816,1.1444252460534428,-0.3285485284827816,4.227012447419194,-0.4077106757497371,4.078436288779758,1000
488,1.531457690996186,11.350061020681675,9.020583176693735,0.5365911312911469,0.5779170496101965,2.569768057974687,0.47973907366553803,2.5831763083268338,1000,1.419464456439258,12.853666530898874,5.976762046548169,0.5850502797737445,0.24089137819529757,2.6160385879531662,0.27276590808271894,2.566163004795797,1000
489,1.7476638123842712,11.634999638565768,10.344591246319608,0.40583259112131154,0.970161766479802,2.5995945882679705,0.9522319337865005,2.543095690982042,1000,1.841642738549073,14.089377870107095,5.788900871827318,0.6953661375380139,0.8120533111127677,3.5740150475554993,0.4787251089745659,3.2045603681235804,1000
490,1.9137652587299974,8.940647188179858,9.851497485818184,0.43987859890286996,1.1400870066396183,2.8975407598856115,1.0516032048803723,2.7759273125796224,1000,1.4922073682958161,10.48159565967145,7.490687229387302,0.659922789418215,0.018673376466737772,2.86817429289906,0.1987587010361147,2.7856560355555176,1000
491,2.5857573158945497,4.107234725248554,25.772907680330817,0.6512441892357385,1.060564389694196,3.508516238990022,1.3093187049925024,3.862195926796597,1000,2.153161274167184,6.922401465328609,8.331095413662844,1.0365258757241889,-0.017677804287862846,4.224823704124904,0.12157055774777392,4.184751990586594,1000
492,1.9921936797341524,15.709102622382636,5.617743410592729,0.6088707356445093,0.8119896186073622,3.2064960309548205,0.7988070378709142,3.1855803215973904,1000,1.9026639161710368,13.149729722520252,5.196301926045724,0.717215289349515,0.44476055454930585,3.4452155301653504,0.4969219490459875,3.308405883296086,1000
493,1.6300499540299964,5.216172779743628,21.355502009054184,0.789860726709677,0.266283321154423,3.323070470270562,0.08192292967902959,3.1781769783809635,1000,0.7052951520410304,7.81292434992032,8.317367240092677,0.7388774858835214,-0.7965481569766524,2.2652900377625276,-0.7429047202906716,2.1534950243727327,1000
494,1.4105022539221201,3.1977296277801774,36.62428147285805,0.7603085758636641,0.4751729969886261,3.1280919488882506,-0.07970255477066135,2.9007070626149014,1000,2.445160145258474,6.597546083278506,8.412952394352859,0.49116405351987996,1.4715207597819246,3.442180035974711,1.4824786003595094,3.407841690157439,1000
495,2.706404852648058,5.335137294506372,24.348404443047098,1.1310938742779009,0.4014152855920245,4.722301646448588,0.4894608590633722,4.923348846232743,1000,0.4373860149267914,6.957602895267192,11.574901871664355,1.7022407781141642,-2.835461206903032,4.056200722951482,-2.8990059101769705,3.7737779400305533,1000
496,1.4191320807102041,9.731997319154395,10.615673217431805,0.5546587402780014,0.4084876145312115,2.741931203294621,0.33200094976532135,2.506263211655087,1000,2.233870689300739,11.457757312244983,8.364091595422906,0.6609918436648766,0.9020371534428272,3.45901211790023,0.938326675717581,3.5294147028838974,1000
497,1.8162941673073267,13.45648339960942,6.664422372379941,0.756757899816088,0.4068267167767255,3.3596346148279292,0.3330486836677944,3.2995396509468593,1000,0.8693388128443074,5.284240420645525,22.19918688389954,1.5241027798265272,-1.338745241969442,4.304571485358853,-2.117902635615686,3.8565802613043005,1000
498,1.8023075401983766,7.318482585917474,15.157428649862029,0.7402349642761383,0.7118574672823624,3.6974147898959204,0.3514470102171454,3.2531680701796075,1000,2.1378306872040604,8.400248131927283,11.985273736474774,0.9918929461760223,0.27103472707763365,4.420615062856007,0.19372051269905666,4.0819408617090644,1000
499,2.221429082398357,8.772972428041282,11.721850906285056,0.6068014804987242,1.0663436348281436,3.476674313651146,1.0320981806208578,3.4107599841758565,1000,1.6566147308889754,9.943711799925818,6.946572389686787,0.6513421182427106,0.25992053332823106,2.8175721667715905,0.37998417913326255,2.9332452826446884,1000
500,2.1131996113680014,11.663834137062587,5.724580828821115,0.7381086676062362,0.5820732085020295,3.5178560882695002,0.6665066228597785,3.5598925998762243,1000,1.4284140712883033,6.863650772663516,9.529474158201774,1.1156777978091084,-0.8906688561641487,3.7078143797916305,-0.7583144124175489,3.6151425549941556,1000
501,2.7804685426243285,8.713762647022321,11.786895398142335,0.7205334100344568,1.4527055311914094,4.272719513608446,1.3682230589567932,4.192714026291863,1000,1.846614285265865,5.998375525324141,11.518254162206894,1.3779021326939132,-0.671518251710783,4.811088487348794,-0.854073894814205,4.547302465345934,1000
502,1.6209056331733258,16.521313161429827,4.4720955646622516,0.5279740863608037,0.6341809760280487,2.676729501068261,0.5860764239061507,2.655734842440501,1000,0.34735321491802074,7.354384929722074,16.321011159259765,1.4376737696942685,-2.883391029512122,3.302138148030896,-2.4704873736827455,3.165193803518787,1000
503,2.307605311162503,8.749546436082358,12.719639788453359,0.6818025117757266,1.2018049049799377,3.97862818493032,0.9712723880820788,3.643938234242927,1000,3.128494254465542,6.1714140856183475,8.487657324389676,0.7202628986588804,1.5498645149132588,4.33663778099134,1.7167789730941363,4.540209535836947,1000
504,3.369999487988847,3.9162679721355094,26.537677983414405,1.5674252911669768,0.07316377801361644,5.8807759323963085,0.2978459173015726,6.442153058676121,1000,1.7892607531395202,4.941507444319427,13.184399996874504,1.0135864660693374,0.3113017759029913,4.544599483771855,-0.1973687203563812,3.7758902266354215,1000
505,1.6201618433677032,5.144574117007345,27.641692445598494,0.5478611675623936,0.3650707003016647,2.6505697486181337,0.546353954945412,2.6939697317899944,1000,1.0971224672325883,5.094696931599106,15.06453304708562,1.0096346443125894,-0.6978454156962751,3.2585838625860064,-0.8817614356200869,3.0760063700852633,1000
506,1.9768644030822498,11.619742971262855,7.272591211516645,0.40212781821477717,1.172888426813439,2.742390584323647,1.1886938793812867,2.765034926783213,1000,1.8387544512141571,9.464858816144218,10.28540759582258,0.7772450264044105,0.1991778133899291,3.2487978079898805,0.31535419946151255,3.3621547029668015,1000
507,2.224019073006964,9.90330760482384,11.875819625878316,0.553563252588024,1.2026130633207042,3.342565296673188,1.1390350979344372,3.309003048079491,1000,3.013522647491319,10.010256777234083,7.41013377296847,0.8641924190796445,1.4428232971611805,4.931489764562774,1.3197055060952156,4.707339788887422,1000
508,1.5546573001685413,18.227772268521246,4.264586493448536,0.47422482505505337,0.7000333967854196,2.6001726277004886,0.6251766430606367,2.484137957276446,1000,2.4295206439639934,8.238939103194124,10.482765607299426,1.1893725550670555,0.21022675106555438,4.722838987264821,0.09835043603256466,4.760690851895422,1000
509,1.43965117393877,5.881458136122473,22.360047345549557,0.6920215497767866,-0.13460454705524189,2.6121558548168546,0.08328893637626833,2.7960134115012716,1000,0.9957690752101844,5.785492242037636,17.31473775420586,1.2675297357772393,-0.4980499305949178,4.508595958379608,-1.4885892069132045,3.4801273573335734,1000
510,2.706076108319757,4.09665157670342,31.34774329290696,0.7074452120956966,1.3615465255893748,4.334140864210766,1.3194834926121919,4.092668724027322,1000,1.746488971109691,5.798471645713483,12.056403441223814,0.8957823721331385,0.36668901305123297,4.1095005627873045,-0.009244478271260403,3.502222420490642,1000
511,1.6492396958573414,9.059783549979812,14.45739380721285,0.6554285969909419,0.35180871232906774,3.0648776059409797,0.3645996457550953,2.9338797459595876,1000,0.9646512861765175,7.776212439024678,6.585985975894647,0.7519173820729059,-0.706811370896334,2.39892551356433,-0.509106782686378,2.438409355039413,1000
512,1.8739564911288036,12.98722720077556,6.576184989349432,0.6826319416873461,0.7529928321143643,3.3755059041893447,0.5359978854216052,3.2119150968360017,1000,1.196825221641097,5.833244058352841,16.626528753219816,1.2588382086195018,-0.9161191731522337,4.038773308989429,-1.2704976672531263,3.6641481105353204,1000
513,2.1399270044765495,12.786945956687681,8.350995428607563,0.5314428931017383,1.1622339404711248,3.2521011927774803,1.0982989339971425,3.1815550749559565,1000,1.7334444587581754,8.499128620981095,7.233988263260521,0.7811899684679063,0.20006054898004477,3.215891314563337,0.20231212056107895,3.264576796955272,1000
514,0.9218818193223419,3.982964552685359,33.025096076477894,0.7690049402533,-0.35531997583837277,2.9926537459618974,-0.5853678635741262,2.42913150221881,1000,0.7712829950810622,5.546145887979385,19.99674898631953,1.1977046785978567,-0.6270723640104192,3.991226131196924,-1.576218174970737,3.1187841651328614,1000
515,2.3059443785682703,12.98593083148015,6.125089192691574,0.5722771472129476,1.2604355544487855,3.457664945564182,1.1842811700308928,3.4276075871056477,1000,2.150207314173471,10.089741437349076,7.657525974159497,0.799950697056262,0.7612588963069861,3.896235574259215,0.5823039479431977,3.7181106804037447,1000
516,1.277931982902703,10.996919279083059,8.117619583647079,1.0762035703844832,-0.6425090642094472,3.5769155928189145,-0.8314270150508842,3.38729098085629,1000,0.8140620480072838,5.147629649714473,13.751275352909415,1.146672774087003,-0.5286607742248988,4.174058440854523,-1.4334165892032424,3.06154068521781,1000
517,1.9557163650813572,14.163190240360782,6.67901629030224,0.5275948372190473,0.965070309059167,3.1093092630822707,0.9216304841320244,2.98980224603069,1000,1.7894608122560245,10.15286286940537,7.38484346865928,0.6485030618104346,0.4279199700586969,2.9705664776346667,0.5183948111075727,3.0605268134044765,1000
518,1.9596016072135911,12.297066764340375,8.071764183502147,0.6534375881155331,0.6770752710610665,3.30462737162279,0.6788639345071463,3.240339279920036,1000,1.6388283624862887,12.330646913912288,7.260832173191628,0.6018557775936392,0.544513004722545,2.862842697054072,0.459191038402756,2.818465686569821,1000
519,1.939631661919743,8.116296181620347,11.45747195453366,0.655227711457057,0.7371809708659228,3.3673359245150585,0.6553853474639111,3.223877976375575,1000,1.4477290476208786,8.857737141754063,9.774295683543045,0.6075371292807858,0.3297223122766368,2.7939118807377854,0.25695627423053846,2.6385018210112188,1000
520,2.188552915715109,5.158016014775943,19.381000274350466,0.488313583229857,1.2681434008938144,3.1126784000928067,1.2314582925845894,3.145647538845629,1000,2.1418497583305163,7.988768622214636,8.482939921070496,0.5099073094957747,1.223753580910447,3.2248571174104033,1.1424314317187978,3.1412680849422348,1000
521,1.9197701106273846,15.289781955152892,5.588127003538843,0.6515788555458918,0.6752921700229995,3.179778966988984,0.6426755537574367,3.1968646674973327,1000,1.9057482167839517,12.225499242573772,5.603428807203953,0.8711776503114765,0.01823956966460819,3.600229003070369,0.1982400221734577,3.6132564113944454,1000
522,1.1536108349900394,9.065857703121846,11.69563205899855,0.8191089438717398,-0.10127282966736006,3.2390757899323357,-0.45184269499857077,2.7590643649786495,1000,0.3570950444794905,4.194515810739261,20.51304638442985,1.1493131661263365,-1.1655320709787171,3.5286141502006085,-1.8955587611281288,2.6097488500871098,1000
523,3.569421694844287,11.164451665000671,9.018306649337239,0.6443964626048001,2.2643907100519876,4.772810022900324,2.3064046281388793,4.832438761549695,1000,2.387606135389367,10.977076628034046,5.048289234914187,0.8643439148280206,0.49666480772282684,4.021407277575004,0.6934920623264467,4.081720208452287,1000
524,2.2241588156630727,8.4316787515778,14.886943158270348,0.7392992870590386,0.598013561468376,3.661310661072663,0.775132213027357,3.6731854182987886,1000,1.3324301543384536,9.651777758308242,10.14413180831868,0.8686378352521072,-0.20881993449356384,3.247673501188135,-0.37010000275567667,3.0349603114325836,1000
525,2.4367498524898137,7.974334648297389,13.460873886516485,0.693428586388212,1.166001392726589,3.8508635327284493,1.077629823168918,3.7958698818107095,1000,1.943782616599287,6.5455606008299805,12.140948318915296,0.9597433110566311,0.032755289762245766,4.147747799240435,0.06268572692829011,3.824879506270284,1000
526,1.93203934939632,9.40009543978911,13.07297730685553,0.7143881698716357,0.5715198817610455,3.423192771806199,0.5318385364479141,3.3322401623447258,1000,2.4615439517721027,6.935549326417457,7.736072571939299,0.6227033076646366,1.1652389471508748,3.611004191033013,1.241045468749415,3.6820424347947904,1000
527,2.714119238315545,10.620202965130769,9.586984935139938,0.49152005839126395,1.814866946809971,3.705747401610701,1.7507399238686676,3.677498552762422,1000,2.53429495738133,4.346218055197257,20.931418999936664,0.8980652651012887,1.2188583897161693,4.872878719966225,0.774087037782804,4.294502876979855,1000
528,0.3897218119021568,6.404324332341277,16.930199689180437,0.5348726982446669,-0.6147362261440139,1.380878722770729,-0.6586286766573903,1.438072300461704,1000,0.43139853342018286,9.350775646266804,5.70549830784597,1.0213693682291587,-1.9289701607831524,2.2747134245974285,-1.570485428308968,2.4332824951493337,1000
529,2.476519383628122,5.571743287624359,15.133125318807098,0.41532310309289944,1.7656570143092194,3.376842186986352,1.662486101566039,3.2905526656902047,1000,2.0849218991288057,7.253055488167635,7.790649988860284,1.137870749118597,0.2888366429503553,4.663920055275216,-0.14530476914364465,4.3151485674012555,1000
530,2.542870978868965,11.217469902854392,6.606143900211114,0.726430270092871,1.0914278018260668,3.949702684770892,1.119067649486938,3.966674308250992,1000,2.1535651015467208,8.01071560984444,9.770476645928534,0.8890421872846743,0.5079520454736575,4.003768319254214,0.4110424144687592,3.8960877886246825,1000
531,2.466454516793496,16.461202582466974,5.054129905760043,0.46508530547948196,1.5876667318675735,3.3666754572289186,1.5548873180537115,3.378021715533281,1000,1.9792065743575304,11.444054272763239,6.942920836362148,0.5555729401578077,0.8745892329997947,3.043319921729819,0.8902836116482273,3.0681295370668336,1000
532,2.0001286076350158,9.242489896029001,10.834011534992076,0.49862468598931486,1.0231728382084972,2.9327032335418997,1.0228242230959586,2.977432992174073,1000,2.2800744151858843,11.027930974181542,6.257423268150326,0.7189549739064194,1.0100827596240196,3.805483788081444,0.8709226663293024,3.6892261640424664,1000
533,1.507225388992714,4.789995419995406,24.992066874220484,0.7863351658227545,-0.26407431696533823,2.8443887354014383,-0.033991536019884805,3.048442314005313,1000,0.9370760234539235,7.286359299893107,11.369480244862249,0.8653229763973018,-0.8555364247560822,2.7723765468948702,-0.758957010284788,2.6331090571926348,1000
534,1.4374017058482922,3.3235654296681028,37.54460629091682,0.6724641296615557,0.3827481095423668,3.094252549901715,0.11937201171164302,2.7554313999849414,1000,-0.8160008639439651,1.2251513824701512,134.39711404699557,1.869235327564756,-1.5844076340685433,4.544684713491736,-4.479702105970887,2.8477003780829566,1000
535,2.1037825693798893,5.059007569011596,25.655073332245486,0.939515850274408,0.18673872088835983,3.9433088747918053,0.26233150284204965,3.945233635917729,1000,2.1527656230496817,6.739475476553881,13.016514864981142,0.8353652564044695,0.4640281864540089,3.9602214685818287,0.5154497204969215,3.790081525602442,1000
536,1.4816978712743294,7.920441632165997,17.445500924176468,0.4728901680359229,0.5672130628414948,2.4735638907438444,0.5548331419239205,2.4085626006247383,1000,0.417398325795332,7.796195871389013,13.320271055121493,1.2528321144442007,-2.3433407021102988,2.8625852349003833,-2.0381526185153014,2.8729492701059653,1000
537,1.4826167607158216,12.687976238085307,8.051051828954847,1.8973128074528873,-3.4566433128295198,4.010713101983531,-2.2361163418918375,5.201349863323481,1000,2.332092613683381,12.462748636244557,4.561732466260841,1.1683566423539375,0.7196352189612993,5.051191829241501,0.04211359466966336,4.622071632697098,1000
538,2.175042362749479,7.159188911874903,13.26029440435099,0.6914723943702682,1.0461366830064278,3.6571467693944673,0.8197564697837532,3.5303282557152045,1000,2.7978008010926443,7.724988697329607,8.862553663448356,0.9472232631271262,1.6429093040995477,5.271412039645859,0.9412432053634769,4.654358396821811,1000
539,2.0440539607503325,6.332988579656248,17.849382299564805,0.6707435165175146,0.7157640900779164,3.4014131687740057,0.7293966683760038,3.3587112531246612,1000,1.9602500995281154,8.424497579349383,7.818061058293149,0.9788421370277027,0.05893574374776118,4.060061747973587,0.041719510953817984,3.8787806881024127,1000
540,3.3724607788291854,4.2488465933737345,26.444894425817267,0.7894388162787427,1.3537339511883513,4.580185308721168,1.8251606989228497,4.919760858735521,1000,1.6694833901805977,4.777329128702035,15.081723612704957,1.039882516310835,0.06407560989116311,4.169707158220548,-0.368686341788639,3.7076531221498343,1000
541,1.9313980354534108,6.409357341887687,18.150442037690127,0.9477932019676482,-0.01020380638903036,3.8241073138001167,0.07372335959682053,3.789072711310001,1000,2.659932377993684,5.842577199457404,18.942137145867,1.0836190334873028,0.41160043953501446,4.650374612697095,0.5360390723585704,4.783825683628797,1000
542,2.0224334120703977,16.445291215958125,4.623754500542655,0.47688586827063645,1.083716398262137,2.95130953320193,1.0877371102599502,2.9571297138808452,1000,2.1820961878048504,9.540509617060753,8.360388285213249,0.6920666776019172,0.7564072389786499,3.5102586746117255,0.8256454997050926,3.538546875904608,1000
543,2.055933614088663,14.478759081605416,5.379525992187489,0.577205012185931,0.9316721743171611,3.1355897534334307,0.9246117902042383,3.1872554379730875,1000,1.8945745055789482,13.571935014982277,4.320135584472259,0.6456031562187441,0.6156022125838665,3.1025772844892368,0.6291923193902098,3.159956691767687,1000
544,2.2504757208348516,8.541072150065014,10.946463843602821,0.5835475368031746,1.1294361580104657,3.4234718578366667,1.1067225487006294,3.394228892969074,1000,1.9457311206923595,6.338937014761959,8.672127182052758,0.7451138656579779,0.3800273851129069,3.2262603445060796,0.4853079440027228,3.4061542973819963,1000
545,2.4071551076504734,9.623818679747252,11.305599129037999,0.7370551835578599,1.0131863525341356,3.9423094470001248,0.9625269478770679,3.8517832674238788,1000,1.0815543975679032,10.145366668136038,7.872252197337007,0.6810894270429991,-0.4255584433975652,2.3909619152090245,-0.253380879436375,2.4164896745721816,1000
546,1.843802987784417,2.531617164938339,52.90196870370944,0.8351397967967945,0.6959624867226247,3.4425432589360034,0.20692898606269994,3.4806769895061342,1000,2.69331707939964,3.8741557899641705,18.518247831425704,0.865577846830843,0.5303370617957303,3.94855799447803,0.9967844996111879,4.3898496591880924,1000
547,2.3708659446852933,7.069091675240027,18.437221401300416,0.5606802858042591,1.2981803633453013,3.4994793557765016,1.2719325845089455,3.469799304861641,1000,2.367714601088919,6.341596987732454,11.22985766484336,0.9611103040603179,0.550081294009892,4.405555588329025,0.48393840513069586,4.251490797047142,1000
548,2.139763468251049,6.170854712177923,17.093422315980856,0.472929306623838,1.2353616081759713,3.083239813981201,1.2128220272683263,3.0667049092337715,1000,2.1525000055152628,9.206399286793472,7.884892292219394,0.827185853158421,0.770931774581122,3.981011909920811,0.5312157333247578,3.7737842777057677,1000
549,2.3239790897424912,15.545311767574423,5.384137348504834,0.579975995330864,1.2355767083582796,3.495381579833439,1.187226138893998,3.4607320405909845,1000,2.073214197441647,9.137319337833867,8.885318097928572,1.1947163222846113,-0.7025440360594092,3.8789315639427993,-0.26842979423619084,4.414858189119485,1000
550,2.217841768280242,8.932265438238701,12.252473542206952,0.5233278077992827,1.3220255212959127,3.392214368572017,1.192119264993648,3.243564271566836,1000,2.7376693206626515,5.099420674394236,14.983799003827857,1.02085261958639,1.0147087683347593,4.8701379802561515,0.7367981862733268,4.738540455051976,1000
551,2.615540042283821,3.5510587760812142,36.79107367290231,1.1254607358820572,1.1291280157205057,5.560255842329434,0.4096369999549889,4.821443084612653,1000,2.1846045649805945,4.14291093709791,16.179348423011863,0.7180052083291875,1.0366238121097773,3.9467343160489174,0.7773143566553871,3.591894773305802,1000
552,1.2687011267911619,11.646294232884824,10.178916882401134,0.6627184401981929,0.09956138541231858,2.6988119122644165,-0.03022701599729616,2.56762926957962,1000,1.8871219996000552,9.623157315495442,11.411547198934262,0.8545360830376773,0.11732038481278709,3.4490453634697493,0.2122312768462078,3.5620127223539026,1000
553,2.4308572905517165,6.0368532926257075,13.987986654277568,0.7856498657877987,0.8964006750943894,3.828747636499974,0.8909835536076312,3.970731027495802,1000,2.4040776442601937,5.283617398200077,15.989909960830706,0.9958876184468802,0.44955030218865843,4.0817724848398775,0.45213791210430854,4.356017376416078,1000
554,2.5082365123299315,4.609506877784026,27.85151934283584,0.803967903705486,0.9666444659808059,4.009815952462431,0.932459421067179,4.084013603592684,1000,2.7569914712042682,6.78519698733979,8.511074308258934,0.9218906452710182,1.1072336203865236,4.670428154217555,0.9500858064730726,4.563897135935464,1000
555,2.30002239986942,9.604996398835379,10.982699812692736,0.42513657061255566,1.5123816349867436,3.1501927351693806,1.4667547214688108,3.1332900782700293,1000,2.7265654630070504,11.588491839929036,5.531342642946149,0.5944117752107072,1.6488183382562769,4.082344702986292,1.5615183835940643,3.8916125424200363,1000
556,1.416220924635268,8.53896687946706,10.879522364992363,0.5202633160631308,0.5319118612789545,2.6237308085174624,0.3965048251515315,2.4359370241190046,1000,1.5522808286510679,7.9110537098526565,11.83156314782023,0.7270422925817256,0.35183595266886725,3.2728721999714385,0.1272779351908857,2.97728372211125,1000
557,1.9612041857965243,6.759181892904473,12.899147477611068,0.685641246256708,0.8920579053421005,3.63201731781071,0.6173473431333767,3.305061028459672,1000,0.8092846231272994,2.6568589286466215,29.884736963368006,1.4324369530021128,-0.6022866158302448,4.46044182580979,-1.9982918047568416,3.6168610510114405,1000
558,1.1269120047424972,15.521179195323496,5.260609115468557,0.5209740525573537,-0.006086584106616365,2.116440312537743,0.10580286173008391,2.1480211477549105,1000,0.8186653862213995,9.422827973084118,12.837575067703607,0.7515764678209195,-0.6988946484490517,2.3879890615874877,-0.6544244907076027,2.2917552631504017,1000
559,2.6982372970679123,5.665885027822415,13.959996203628977,1.1496203907240539,0.06564874769218651,4.4811988430862115,0.44498133124876693,4.951493262887057,1000,2.144143163434676,7.144422245355212,8.605904320675176,1.054287190403121,-0.1819562981941198,4.076220882617167,0.0777402702445591,4.210546056624793,1000
560,3.1671790411838296,1.1727684593407757,357.4012598938767,0.8940389632122209,1.4640560732054442,5.242778794851965,1.4148626732878768,4.919495409079783,1000,2.873544957443502,4.019408177355074,12.865466155319526,0.9469721258799423,0.6068813122704433,4.380609252305887,1.0174795907188152,4.729610324168189,1000
561,2.8279555541110932,3.3166280367232304,38.87741918301823,0.9404854528003813,0.8988895526961802,4.356746895842249,0.9846040666223459,4.671307041599841,1000,2.210692742381154,4.860902894671083,9.270584624629361,0.6841356687307563,0.8355424758720634,3.5580545416547866,0.8697868316688719,3.5515986530934365,1000
562,1.2576661625112289,11.210323064594299,8.477222937185726,0.6332604537238363,0.03220555107396999,2.577453919521615,0.016475673212509756,2.498856651809948,1000,1.2390331927148641,11.257713997920332,8.627172582967782,0.7513709785244213,-0.4451846728005066,2.761174272831178,-0.23365392519300143,2.71172031062273,1000
563,1.6662532106344883,16.38646468653444,6.153536545077864,0.5475858958076564,0.7977358712253846,2.9696638657293075,0.5929848548514818,2.739521566417495,1000,1.1272221368463526,8.723883513322544,11.649813297348205,0.6383776499343157,0.09407747658916446,2.621561634346216,-0.12399805702490596,2.3784423307176112,1000
564,2.049274507673926,6.981413337268973,13.324178053821932,0.83453927857079,0.47855349407453673,3.7194110374185647,0.4135775216751776,3.6849714936726743,1000,1.0163536909698054,6.852966638895065,11.627247025385957,0.6180033247415199,-0.00943046450233194,2.463391636725473,-0.19493282552357338,2.2276402074631845,1000
565,1.9340697001317362,8.62030565631698,13.794046013096633,0.5313443826706583,0.937045737460966,2.999819692570594,0.8926347100972458,2.9755046901662263,1000,2.2689151555040623,12.633273347519092,6.009964586444273,0.6400086509674356,1.0622873835266105,3.632516604393326,1.0144981996078886,3.523332111400236,1000
566,2.3257252801722688,7.075875798356648,14.847186282372945,0.6634363445810179,1.0353081081403601,3.612064504010604,1.0253900447934738,3.626060515551064,1000,2.3157202711216507,9.16164393990631,6.532418516852633,0.8376457995533795,0.5521465057468558,3.808157676169679,0.673934503997027,3.957506038246274,1000
567,2.1985876704097014,11.551303673814484,7.016544926783526,0.4821302323666818,1.3824820875252881,3.260870933002802,1.253612414971005,3.1435629258483977,1000,2.0619091829216902,7.826236180017592,11.275321920711736,0.5620050408981809,1.195907417778546,3.459134630311243,0.9603793027612557,3.1634390630821247,1000
568,1.1673142958617528,17.018809243971646,4.621677326972863,0.5678829549096494,-0.0033728971369035477,2.215078713487608,0.05426370423884008,2.280364887484666,1000,0.4674592664814998,7.713528892175417,11.402657034675736,0.6550709278385877,-0.8892706358789108,1.785007266988746,-0.8164797520821321,1.7513982850451317,1000
569,1.5605620014016597,12.437797448350633,6.979842687374827,0.9249698671421825,-0.6905553169084266,3.1943513752785093,-0.25237893819701807,3.3735029410003374,1000,1.9515439723757795,8.081250116447215,9.711478650105928,0.6493332853302565,0.5797635735305896,3.2153459774707978,0.6788507331284768,3.224237211623082,1000
570,1.6744836367069507,16.525085689191524,5.543931459662253,0.5731383660484738,0.6054263368893085,2.9312362495760125,0.5511324392519421,2.797834834161959,1000,1.8290083272809388,10.825610872574847,8.88869327312326,0.6905022946322316,0.22980781558313984,2.962285819614262,0.475623829801765,3.1823928247601128,1000
571,1.478173613843367,16.536791182231045,5.166205570325703,0.6057320496266296,0.2101403716186452,2.5718455581065354,0.29093879657517285,2.665408431111561,1000,1.9660914863198506,12.181917503448355,5.1794033284616985,0.571450053950103,0.6608385918378374,2.885992124911265,0.8460493805776488,3.0861335920620525,1000
572,2.1513729133149897,18.295597434749265,3.706472935205828,0.6256065081150778,0.9658815655119536,3.411874067309541,0.9251841574094373,3.377561669220542,1000,2.600740007465908,10.04277490839496,5.712758060139327,0.6910147318154359,1.2793045049330554,4.001502689636035,1.2463511331076536,3.9551288818241623,1000
573,1.9750630581231001,8.746003371362704,13.433091477052548,0.5138875067163355,0.9748249759470127,3.045303475740707,0.9678435449590825,2.9822825712871177,1000,2.359616900513121,13.027769616971051,4.360161763105921,0.7657449642945563,0.8079012872933824,3.736798100792164,0.8587567704957906,3.8604770305304514,1000
574,2.127185270799284,5.620473818068865,21.789482278913546,1.721919881635868,-1.6934036081189778,5.087164018987574,-1.2477776972070171,5.502148238805585,1000,0.16172441308414331,6.273409031003195,18.5023775740963,1.4142644293386308,-1.6840263101986908,3.3509232701650506,-2.610233868419573,2.93368269458786,1000
575,0.41623680898655824,4.765954581489409,26.593066097609512,1.1206832618452753,-1.243956536467948,2.9930362795875283,-1.7803023842301813,2.6127760022032978,1000,1.8601977368726201,10.472695405252379,7.266178320287268,0.8440273644480663,0.38774634542644626,3.945568657932885,0.20590410255441038,3.5144913711908297,1000
576,1.9280348610663904,13.06954926633161,7.13463804088933,0.6024593596464957,0.45145225326623084,2.7945682314105893,0.7472145161592589,3.108855205973522,1000,1.643140804509703,7.667460044966104,7.399738731220172,0.4851293770249264,0.7387434549361422,2.6218886370722694,0.6922872255408471,2.5939943834785586,1000
577,1.593723283997353,11.955938711081219,7.267086464165557,0.5326529383920531,0.49947211912910483,2.654227828834641,0.5497235247489289,2.637723043245777,1000,1.5181469376923926,10.926455517134649,7.490823264847956,0.6850569105597476,0.17288045884766412,2.874721730159278,0.17543539299528743,2.8608584823894976,1000
578,2.130155509814491,8.477393733516204,10.829936724540703,0.5658105638042735,0.9120497175930597,3.33490656265153,1.0211668047581148,3.239144214870867,1000,2.08613488079867,9.033176148677311,7.24358949188078,0.8623812261201195,0.2306591066147869,3.7333543899259007,0.3958676776032357,3.776402083994104,1000
579,1.1964184630765793,12.81269083232864,7.207356596401351,0.633942303967264,0.12708680256441215,2.611124888621992,-0.04610845269925812,2.4389453788524165,1000,0.8756262311742713,9.613190823202528,10.398679034987257,0.9109594170073716,-0.6302267751621744,2.950523361369127,-0.909854226160177,2.6611066885087196,1000
580,1.9429877301409781,5.233715325685409,23.24586677973948,0.8155341453137533,0.7084773104175529,4.005974019493549,0.3445408053260217,3.5414346549559346,1000,1.0101283291495582,5.148491765225854,20.235219268070846,1.4173376737052992,-1.1523033554179518,4.307686561496261,-1.7678535113128282,3.7881101696119446,1000
581,1.2306554447675933,9.88885252905714,13.160404605157572,0.6229368396186568,0.33044263677431857,2.9308381937798007,0.009699239115026126,2.45161165042016,1000,1.50404649012135,8.766135131806003,7.66439828602692,0.8258059969497694,-0.239472720378461,3.050447759306678,-0.11453326390019813,3.1226262441428982,1000
582,1.8113267299891653,13.883391221115367,7.142851916264228,0.43351965446169893,1.0017390276519682,2.743348005308647,0.9616282072442355,2.6610252527340954,1000,2.021847523114888,11.560159180690356,8.333623022775313,0.7198360090142352,0.6989276634806202,3.5282352821230414,0.6109689454469871,3.432726100782789,1000
583,1.9739570672717697,17.89085966852931,4.448452516221234,0.555614802542287,0.8955430972081064,3.01096722699847,0.8849520542888871,3.0629620802546524,1000,2.0744726676512,15.731092945286301,4.939427506532668,0.5915255640500541,0.8467801957566902,3.1861146471432695,0.9150825621130942,3.233862773189306,1000
584,2.5414169236720454,5.866285430391053,22.569368806100197,0.6093507975023188,1.4520774668148144,3.8930570931154675,1.3470893605675005,3.73574448677659,1000,3.044967740674717,9.295694165160157,5.4963575913974765,0.8822237692856854,1.4149821942861767,4.868401179259203,1.3158091528747735,4.77412632847466,1000
585,2.5637214309212855,9.022590406671828,11.029395377910479,0.5962290073484432,1.3749597909102311,3.716031251900788,1.3951125765183368,3.732330285324234,1000,2.3965251437348294,9.793400652757715,6.830772678199483,0.8822510746819817,0.7571485565017299,4.17042613836616,0.6673130373581453,4.125737250111514,1000
586,1.8387206775366376,5.9271804590227815,19.08202938174197,0.8898615048283728,0.6056759362428212,3.910943425734547,0.09459212807302686,3.5828492270002483,1000,2.4706006313930438,10.208175259364436,6.8912427450919225,0.6965898279242223,1.1948281935730762,3.9953139251415246,1.105284568661568,3.8359166941245197,1000
587,2.773898053195259,8.657890623169447,11.359658204913401,0.5558866197588715,1.7908584006989756,3.907377545898836,1.6843602784678706,3.863435827922647,1000,2.707620133036377,10.004245649807778,5.0327785024526985,0.6962771456572011,1.5591433760830864,4.167256237766029,1.3429169275482629,4.072323338524491,1000
588,2.4711470234971076,15.416343231485847,5.158045934006756,0.7026281415077805,1.216747346590795,3.9549985056164236,1.0939958661418578,3.8482981808523573,1000,2.7534849299917665,10.32686096248114,6.326671632007313,0.9518594121926275,0.8437622310479306,4.656814709191259,0.8878404820942167,4.619129377889316,1000
589,2.488097720853487,13.67014555679977,7.071743488277119,0.6172082016158337,1.3502236221222264,3.781535856176869,1.2783696456864528,3.697825796020521,1000,3.391726404534994,4.013161417272736,27.83753074413935,0.8777552199548632,1.3367820921821887,4.6397021353354,1.6713261734234623,5.112126635646526,1000
590,2.346658336773677,8.906684490962032,13.089944362203022,0.4614533804582009,1.39374578250157,3.1953640135633825,1.4422097110756034,3.251106962471751,1000,2.1215452547825064,10.239792844025363,6.173847102601892,0.6218517449730098,1.0643294818715319,3.4807322316430516,0.9027158346354074,3.3403746749296053,1000
591,2.262787472181846,11.354018182605587,8.32706765745072,0.6024444695052429,0.999906950474574,3.4494666163952097,1.0819963119515699,3.4435786324121223,1000,2.199198792959952,11.96726256638001,7.402809346686863,0.6992963209482002,0.6456358883283774,3.4820725909913577,0.8285780039014796,3.5698195820184244,1000
592,2.226644696786245,6.4602211456051535,15.995324251413404,0.5480216241399198,1.3152334554306315,3.5255358025606776,1.1525223134720022,3.3007670801004876,1000,2.3092064623726487,6.051028770291333,16.680292901412695,0.6288733982437702,1.3071140339616367,3.815781790440344,1.0766146018148592,3.541798322930438,1000
593,1.5106498076919903,2.6102056640767253,50.40312082619436,0.8744944340884662,0.5557387649910233,3.825320665337221,-0.20335928312140328,3.2246588985053837,1000,1.9865264733045371,9.400130365197272,6.956859128946433,0.5573277851056065,0.8889272340171722,3.0739668175786568,0.8941640144975482,3.078888932111526,1000
594,1.5409427298304799,14.948370104684969,5.558799429075865,0.5775224832738245,0.34449067210713863,2.5907062075109444,0.4089986626137838,2.672886797047176,1000,0.4173391690973265,8.194688232020601,9.94391591024727,1.0505213514620881,-1.626397036356837,2.695047084475451,-1.6416826797683663,2.4763610179630193,1000
595,1.432172848312038,7.065902274644408,14.14080665029744,0.9162927569262522,-0.5752406706805352,3.20374319765319,-0.36376095526341645,3.2281066518874924,1000,1.0952498948039429,7.309283472975191,7.224988082125279,0.935163951703772,-0.6884351556808423,2.990142107403037,-0.7376714505354502,2.928171240143336,1000
596,1.4169634006253906,9.053615607593775,11.205978334669636,0.5853218795955392,0.40258933468960234,2.7249187862090976,0.2697325166181339,2.5641942846326473,1000,0.5798437421388227,3.2788805462655284,31.793025098308718,0.9213623475751332,-0.5343245773605038,2.949811102162882,-1.2260264591084384,2.385713943386084,1000
597,2.3344710484739313,11.773464037298657,9.205277845652171,0.5393612431142837,1.278198007792145,3.4075275138048653,1.2773230119699353,3.3916190849779273,1000,2.0308978543448584,10.13922806114541,6.837860528136317,0.8623193546447511,0.21054812667146172,3.644746525088023,0.34075191924114634,3.7210437894485704,1000
598,1.9014788852331226,5.704330957668152,22.831815389157747,0.6480993729218629,0.5608981118476625,3.0215803528710246,0.6312041143062712,3.171753656159974,1000,0.3932819539710053,8.198440672425729,9.460053196936528,0.5899988225321697,-0.7943551764936875,1.6273316945624736,-0.7631157381920473,1.5496796461340578,1000
599,2.3660227651330596,18.11517931138815,3.9928180548489647,0.7303195279265734,0.9617485623136071,3.8551367848142033,0.9345964903969759,3.7974490398691434,1000,1.3271512549953206,5.121607633577012,20.728767973961926,0.9534136030743716,-0.1571299157634058,3.4815245540537636,-0.5415394070304478,3.195841917021089,1000
600,2.215638242971619,16.296894413367873,4.617037732165413,0.5307370924093484,1.1738872658173782,3.1801360368360974,1.1753935418492962,3.255882944093942,1000,2.164119559771807,13.509398890277494,5.145784580770499,0.6973090068750488,0.5573654678807483,3.373218187664035,0.7973939062967115,3.5308452132469026,1000
601,1.982791817405042,6.188232293399091,20.660612270669063,0.8493150199866889,0.6972555844581947,3.9557213191926426,0.3181343782311319,3.6474492565789522,1000,1.90257657138436,8.653456578546809,12.927249468959312,1.1521024597563094,-0.45777376928291563,4.488973106450635,-0.35554424973800636,4.1606973925067265,1000
602,1.787850400227697,9.265757831732667,7.798324798553074,0.5985337514279473,0.6212698548300357,2.969316466154755,0.6147242474289203,2.9609765530264736,1000,1.6990250801938167,4.162200380456403,22.302436324956023,0.5913187559051081,0.975543721545898,3.2774701081269724,0.5400403186198048,2.858009841767829,1000
603,2.061547750112768,5.159649365219981,21.414080222054555,1.1395919741415517,0.030086125093019674,4.591789625806654,-0.17205251920467335,4.29514801943021,1000,0.9289244386288584,6.065356798368791,17.508072158268874,0.9114131572508817,-0.6351925547789029,2.979947594666886,-0.8574453495828696,2.7152942268405864,1000
604,0.7963117146236374,4.5266016808128064,20.9352462986549,1.465924457299431,-2.0855362835695748,3.780406711531906,-2.0769002216832475,3.6695236509305222,1000,1.5178380765310608,3.8618926134068423,28.581535526814115,1.3955901822973227,-1.4922160842788692,3.709620953942754,-1.2175186807716916,4.253194833833813,1000
605,2.843334812387817,8.862912317575187,11.219160466793667,0.7600182974389534,1.3354109095407645,4.2613431295092825,1.3536989494074683,4.332970675368166,1000,2.3895911250869135,11.77629382832596,6.336637589132563,0.6848724935679023,1.1536805845299989,3.8559028002792695,1.047241037693825,3.731941212480002,1000
606,2.0085982495717873,15.98294335971537,5.503501122269552,0.4976822642600595,0.9840812893896781,2.9712795472627547,1.0331410116220707,2.9840554875215037,1000,0.4476276583795822,6.505723915290456,10.704608243361662,1.1666580906530115,-1.5829053755066687,2.8678242792513786,-1.8390221993003202,2.7342775160594845,1000
607,1.697806740590111,13.872304216597731,7.645585586403943,0.6455672657064546,0.6009621740907021,3.07987848126845,0.43249489980545985,2.9631185813747623,1000,2.1701287333747654,13.408484131869438,5.5802292116967545,0.6404855516361452,0.970915971823512,3.416462509017207,0.9147770521679208,3.4254804145816102,1000
608,2.771747406660409,7.929657894753715,15.794629429078856,0.6390545478720809,1.3543632422386627,3.8634092595247504,1.5192004928311302,4.0242943204896875,1000,2.0280911062647236,9.748814788417281,6.81626945995646,0.49703985826633557,1.063942781090365,2.99019102536269,1.0538929840627058,3.0022892284667413,1000
609,1.559942831933665,11.394071915774466,10.53457207396683,0.5241012529288646,0.7202039542188562,2.629665632823782,0.5327043761930905,2.5871812876742393,1000,0.8849677079057456,10.63231345067381,7.385685061542758,0.8015789776341432,-0.9154728264542482,2.5261676457552826,-0.686127088257175,2.456062504068666,1000
610,1.9227612084389072,2.447193426468925,65.64956269851872,0.6107837949737909,0.529799253447483,2.947925750338664,0.7256249702902771,3.1198974465875375,1000,1.3895414002289992,8.299878715572277,5.028230523876448,0.7594400733920138,-0.26144095478047563,2.7216128148179246,-0.09896114361934782,2.878043944077346,1000
611,1.9186756111844576,11.217533284363748,10.908387885947503,0.5260897557361891,0.9116095653883298,2.896424187190639,0.8875396899415271,2.949811532427388,1000,1.8104487198401042,6.9609138344527794,16.905265239209086,0.861257965489447,0.48829697127008365,3.7749128831647663,0.12238310748078818,3.49851433219942,1000
612,1.5817108330647096,9.73607206212485,10.288525305155153,0.44280274765926214,0.6006451024177938,2.2980076101128954,0.7138174476525558,2.449604218476863,1000,1.748357861137469,9.925871836635233,5.771043784253656,0.6899332433421115,0.43382743650725347,3.192930459991688,0.39608870418693054,3.100627018088008,1000
613,1.2157431519366804,7.1808864163593835,11.242223156234784,1.1735360029412163,-0.9817403209504268,3.5843594248842403,-1.0843874138281033,3.515873717701464,1000,2.5035925586090437,8.98390341578605,6.73583283393313,0.8798937212100602,1.16086465339866,4.513857669036798,0.7790008650373259,4.228184252180761,1000
614,2.144358324374194,9.277276597160077,8.767362492123247,0.8042902103395726,0.6187896019313391,3.693450032125925,0.567949512108632,3.7207671366397563,1000,0.8169267049269213,4.098000514433267,19.458673620236183,1.7141607550117004,-1.1750752317420647,4.553520941821133,-2.542828374896011,4.176681784749854,1000
615,2.3738452219826978,6.0989664758077815,16.66686884370448,0.5128400014703784,1.5082892768002933,3.5352333673146608,1.368678819100756,3.3790116248646394,1000,2.4569593090708794,3.659105259529888,27.673921678750762,0.898088278086623,0.7230050633782267,4.506623708286225,0.6967062840210985,4.21721233412066,1000
616,2.2803468366131288,6.219324209276574,13.530582398335028,0.9991790966200972,0.3234316580819534,4.1665684301552615,0.3219558072377382,4.2387378659885195,1000,2.0093037828020464,8.03132468087492,9.418716347703459,0.8719502199254113,0.3597328867647709,3.761502119222442,0.3002813517482401,3.7183262138558524,1000
617,0.8713485998497532,13.781195357179447,6.58622636153808,0.5047025967454344,-0.07025063160692764,1.884108478763634,-0.11786848977129816,1.8605656894708047,1000,0.9127272150676378,8.633437352056623,7.039362022876231,0.49363601756555964,-0.10984273632480065,1.8927601317593314,-0.0547993793608591,1.8802538094961347,1000
618,1.5721176864490483,4.674670834692421,27.292794251740933,0.6778200730597789,0.5625754801730217,3.1959257781679025,0.24359034325188178,2.9006450296462147,1000,1.341953948570025,5.166951993758829,20.380194312872234,0.8939594823719784,-0.12499409785639133,3.5224209184801514,-0.4102066368790527,3.0941145340191025,1000
619,3.253422237048475,7.15017757951779,12.051350882884696,0.5639012195520159,2.1907886001177057,4.428669416739534,2.1481758467265237,4.3586686273704265,1000,2.7981544008772894,7.995627239786355,5.710503486936733,0.5712124091642454,1.590168604736691,3.818823673784572,1.6785780789153684,3.9177307228392104,1000
620,2.0874083244168595,17.05270343067977,4.431433879701695,0.5625185888259889,0.8864356092610133,3.171704920958954,0.9848718903179212,3.189944758515798,1000,2.3296266234740184,9.665339467469737,8.849344192578895,0.7050908376372881,1.2502042870143266,3.9638146595899473,0.9476485817049338,3.7116046652431027,1000
621,3.0867531062412734,7.432308764818681,14.025511206212808,0.5378455739928466,2.050081576285855,4.144276543217628,2.032575781215294,4.140930431267253,1000,2.5039404742629756,7.064909572816137,7.837892445429789,0.9100518261469056,0.12427793115810745,3.7273075847702932,0.7202388950150407,4.28764205351091,1000
622,2.7263382270752214,8.51316101917976,14.071043538586206,0.6496366925629433,1.4570892119500098,4.002748426244568,1.4530503096518526,3.99962614449859,1000,2.3696838638208053,11.572232844366592,6.054727855979504,0.7047467647173342,1.1075892309319555,3.8148616366891934,0.9883802049748303,3.7509875226667804,1000
623,1.9303947149777199,11.890421782798859,9.746959228646341,0.4928357945738887,1.0028129838148672,2.8516802938700683,0.964436557612898,2.8963528723425416,1000,1.1990977005820973,10.196386407451604,10.449219721120892,0.9473041371832777,-0.4259355584752165,3.2631504957539996,-0.6576184082971268,3.0558138094613216,1000
624,3.447747454759509,5.170912939154254,17.888824899641776,1.0025917422531216,1.225048468583118,5.209878418748362,1.4826676399433905,5.412827269575628,1000,4.0811412110702925,8.440831372051761,3.2769529150478762,0.7332102776724053,2.7073875978686015,5.497656772495045,2.644049066832378,5.518233355308206,1000
625,1.2393669150088886,14.42589360160787,6.517224881703525,0.4902639886526036,0.2797856897677905,2.2472574317664953,0.2784494972497855,2.2002843327679917,1000,0.8217115295370001,9.32024853159764,9.803475075512353,0.6866382957668542,-0.8573853035036048,1.8372224265415227,-0.5240995301660341,2.1675225892400345,1000
626,1.3946449365929636,18.0126995400619,4.358151228719413,0.6047887908678546,0.17097735970498706,2.548844205719975,0.20925890649196854,2.5800309666939585,1000,1.26611043293937,14.463219098631027,5.267036071058236,0.7225726617343609,-0.19021228456806333,2.6975609727114107,-0.1501319840599773,2.6823528499387175,1000
627,1.1668403043666715,9.395810938786452,12.486624871988681,0.5827813717885599,0.06402094034160459,2.2184197272111312,0.024588815661094054,2.309091793072249,1000,-0.8435713194869434,4.120612140453686,30.482466183666386,1.4501390307959683,-3.0993333810270345,2.20871988472121,-3.685843819847041,1.9987011808731543,1000
628,1.1520342198642637,11.030886097129054,8.793159787725669,0.9298402715371745,-0.4914380149204638,3.305523611878105,-0.6704527123485984,2.9745211520771258,1000,0.4748183673615478,8.38445005516361,14.3937676469681,1.553380975670573,-2.5441668980599856,3.6015803290258854,-2.5698083449527753,3.519445079675871,1000
629,1.1240226177452666,13.688952524330187,6.848541415925733,0.4799669302033324,0.09363685197598232,2.1031016224066725,0.18328743454673502,2.064757800943798,1000,0.5720784516102388,8.852722598369422,12.120855414711995,0.9268181292967925,-1.251305021054311,2.5979044966642424,-1.2444850818114745,2.3886419850319522,1000
630,2.4544310089789203,10.436375828315851,8.960174079626743,0.7259233501507077,1.021918407770212,3.877921531679077,1.0316212426835332,3.8772407752743074,1000,0.9853080183620264,3.453860157773538,33.79967171284073,1.3693843587788486,-0.6735427500200925,4.378267361181923,-1.6986853248445168,3.6693013615685697,1000
631,1.528997729352782,15.639748307089658,5.951759113855614,0.5636292095545501,0.4267389156982173,2.666337422630497,0.42428447862586394,2.6337109800797003,1000,0.0635152802453054,4.260724956734777,25.225578046012245,1.2554814806484638,-1.9490914009955653,3.2571494853534215,-2.3972284218256834,2.524258982316294,1000
632,1.6682604289811989,12.247790002404328,8.610953140014791,0.4557290538991853,0.845728160335008,2.6347727775845335,0.7750314833387958,2.561489374623602,1000,1.8988508608664352,11.87488047646662,8.993941480229113,0.750630509214234,0.7463857818747315,3.5429297006397595,0.4276150628065365,3.3700866589263336,1000
633,2.242710217097578,8.207596699591974,14.807516637781285,0.5821647663371786,1.2941124628017922,3.366056016418527,1.1016672750767078,3.3837531591184478,1000,2.373145939402879,8.110333419839991,5.609866538552238,0.6489178898791972,1.2502106226267489,3.6906614060368974,1.1012668752396526,3.6450250035661056,1000
634,0.4739977753260858,15.783154228108486,6.463209927491539,1.0214846304083929,-1.6188315574188556,2.6979448261196572,-1.528112100274364,2.4761076509265356,1000,-0.8327826275413215,3.653032936970655,31.30267025120947,1.9500880275238093,-2.8968524015694475,4.334145274152672,-4.654955161487988,2.9893899064053446,1000
635,1.1839139856164662,15.88128701037833,6.360384747013726,0.6802621199124702,-0.058400214348265984,2.6553220120429715,-0.1493997694119753,2.5172277406449077,1000,1.1930119115873685,12.513113860770112,6.541077026049202,0.7997153886892611,-0.30669434443137644,2.8479205899759754,-0.37443025024358323,2.7604540734183205,1000
636,1.5497619679905204,15.458989731650318,4.3827935890788625,0.5166627764904872,0.5953031868656845,2.584038297255309,0.5371029260691655,2.5624210099118754,1000,1.5757410761037933,14.615666223692587,4.225668853208983,0.5652667098944677,0.5373866172102498,2.8105114888913927,0.46781832471063667,2.68366382749695,1000
637,2.179206441322846,7.9887207284582935,12.908312039082343,0.6348441668793466,0.8122424177481264,3.4102564137545106,0.9349118742393265,3.4235010084063653,1000,1.4171495811155306,9.201700172921973,8.127719341491606,0.6713253072534909,0.05358451373385347,2.7014366840925184,0.1013519788986883,2.7329471833323726,1000
638,0.483003414767182,6.952083293009249,13.723076915900538,1.0049245473811605,-1.340806402827436,2.395874008233341,-1.4866486980998925,2.4526555276342563,1000,0.6219042655945861,7.987827383640323,10.709311943718873,0.9180205276479323,-0.7560415804107223,2.7378123971309245,-1.1774159685953611,2.4212244997845334,1000
639,2.5103878957161845,11.155100985874244,6.449251450989254,0.6230969630812337,1.380728250820047,3.7417438786961386,1.2891178480769663,3.731657943355403,1000,2.197317993971489,6.928837316667046,10.91236567055087,0.8467705592710066,0.8035438216474637,4.002599629948525,0.5376476978003162,3.856988290142662,1000
640,2.1698967760281285,17.375886359388108,3.7242044694454464,0.5728019429994119,1.1062896351389335,3.351112355938093,1.0472049677492812,3.2925885843069755,1000,3.3930423580353533,11.281375423861881,7.533489456119121,0.8288442900891244,1.9766121952645297,5.337491957800172,1.7685075494606695,5.017577166610037,1000
641,1.6709869041482446,5.502321283349984,23.76249616396566,0.7833216372753972,0.408649311123737,3.6415129829852138,0.13567649508846613,3.2062973132080232,1000,1.5141810410662788,6.09834205763508,16.354708699054946,0.8513982325412149,-0.10023735459004406,3.344103007505557,-0.15455949471450237,3.1829215768470602,1000
642,2.300958546953265,15.634022482216514,4.218679681299754,0.5047593378330001,1.3980283102509241,3.3840479731071986,1.3116302448005848,3.290286849105945,1000,1.8195749762016598,11.67765038601435,6.469187224729869,0.6909358741055266,0.21683229648837768,3.0439224036847317,0.46534066295482757,3.173809289448492,1000
643,2.124132480875091,10.524742179514927,10.633528903155497,0.6740909471187041,1.0145650138335298,3.455481604487894,0.8029142245224312,3.445350737227751,1000,-0.7966410389496796,1.8309545306523416,69.97524825909794,1.6518921136389022,-2.0675808505593567,3.1974607565940505,-4.034349581681928,2.4410675037825684,1000
644,2.1369850596553532,11.756658071965736,8.394883010902559,0.8715340595064144,0.6498280174719571,4.019472841379613,0.42877830302278097,3.8451918162879255,1000,0.21344282219383226,2.7694112350027202,36.067518029940885,1.5082270320021594,-1.8563785104584265,4.0587211613410865,-2.7426821605304,3.1695678049180644,1000
645,2.611616432849739,4.253502451004521,32.34078735561903,0.5556630551998882,1.2601475493607728,3.45840042104237,1.522516844657958,3.7007160210415195,1000,1.5717299735739059,10.183112552700553,6.4530451763287875,0.6050482905043125,0.2336555842946261,2.5353484080624917,0.3858353241854533,2.7576246229623584,1000
646,1.1245031143986455,19.892701949668897,2.7755651490304536,0.539122638787801,0.05353530672884223,2.2045642153106506,0.06782274237455566,2.1811834864227353,1000,1.452234265127508,6.15083526437182,14.632209086087732,1.3432010612052458,-1.745417836465565,3.622766618964707,-1.180439814834774,4.08490834508979,1000
647,1.9987903443432655,10.643157958946881,11.46276675140794,0.5946062275467046,0.7107953021795544,3.1156370083984113,0.8333621383517247,3.164218550334806,1000,1.1914286347868526,9.309642371442298,9.979024924686826,0.8403362874371691,-0.5185815263091955,2.5885203989317978,-0.4556304885899989,2.838487758163704,1000
648,1.4178009565978198,9.220516712676229,13.424743879685838,0.6995718578692334,0.06035156522905928,2.8490594764831885,0.046640115174122476,2.788961798021517,1000,0.89075446926612,11.908506962441466,6.058482266229489,0.8606802644534489,-0.9162321422490064,2.7157416736531808,-0.7961788490626398,2.57768778759488,1000
649,2.3494919490174,11.894589331000105,6.7390131209987105,0.49884994243555086,1.3749083315885189,3.312310253867811,1.3717460618437205,3.32723783619108,1000,2.4638783315776562,10.070980750008747,6.256319972328147,0.5468274114760738,1.3356600630361324,3.519826630541525,1.3920966050845516,3.5356600580707607,1000
650,2.47292705427341,6.93753997071148,15.870133323066364,0.42693939005706194,1.6445561168152996,3.276807173477839,1.6361258497615687,3.3097282587852517,1000,2.730194145419259,7.530974658448863,8.856277003907538,0.6268583712356774,1.654852540854287,4.075799005403254,1.501551737797331,3.958836553041187,1000
651,1.9616474567309825,6.543704797971233,13.723389636586095,1.0098267490351212,0.16334784130902663,4.014319978825126,-0.017612971377855002,3.9409078848398202,1000,1.5161183600885213,5.078239821082047,17.405175847489033,1.1405787217677075,-0.05933091124909123,3.8915804897239177,-0.7194159345761855,3.751652654753228,1000
652,1.5868213211508124,15.00806884949094,5.1686657410748325,0.5646974511541397,0.4756225534711374,2.7377426625210703,0.48001431688869856,2.6936283254129263,1000,0.7189287548706904,5.717948653491098,20.559676934895986,0.9989073585700221,-0.5041296839669182,3.385809251578116,-1.238929667926553,2.6767871776679337,1000
653,0.9391180009152515,8.86780288174662,14.016686846728307,0.5485204438834107,0.08529211175574565,2.2082958610406185,-0.13598206909623345,2.0142180709267365,1000,0.43724995832183255,6.543093286369449,18.410791025003782,0.8792357680972123,-0.9050592142426257,2.4805601896295673,-1.2860521471487034,2.1605520637923687,1000
654,2.2649908725175125,4.572243174725487,25.88349365539405,0.7681024302288929,1.2131219849792279,3.970242337769908,0.7595101092688825,3.7704716357661425,1000,2.6850645619400746,6.9711555419296145,8.445202397229957,0.7800567864325293,1.5055860148090972,4.696263510177941,1.1561532605323173,4.213975863347832,1000
655,2.265418763897672,16.341565639508264,5.087767871516793,0.5533580602727036,1.2177738264896218,3.416267374213528,1.180836965763173,3.3500005620321716,1000,2.5237805205636175,14.66239712567725,3.9815459843421754,0.5930197625987363,1.5191968229427766,3.769053344064229,1.3614617858700941,3.6860992552571408,1000
656,0.27889644635926425,3.5658358969724255,42.99653521462965,0.672451607131457,-0.6674004438429415,2.08510495447784,-1.0391087036183915,1.59690159633692,1000,1.2281993284424733,7.014440551334618,12.74179330920533,0.714253260608774,-0.059755862039125716,2.841075846942751,-0.17173706235072372,2.6281357192356705,1000
657,2.458571541423411,16.278717704103112,5.742392969052135,0.5582646699904178,1.400779685147603,3.5641468031573513,1.364372788242192,3.5527702946046302,1000,2.032153566689317,10.523088124387048,8.156915996227418,0.9222122707842726,0.43694118511067775,4.131159610889735,0.22461751595214263,3.839689617426491,1000
658,2.0810432768203624,5.420978558445027,23.013259951830104,0.8446452542096059,0.6395130592503963,3.955447018919943,0.4255385785695349,3.73654797507119,1000,1.3048984660446674,7.732436730901622,8.652921410288224,0.6896973911250198,-0.014771690286463893,2.8546733320981628,-0.04690842056037137,2.6567053526497064,1000
659,2.5978297652403897,10.382448225460752,9.565073320880419,0.4490928370292929,1.7169047255627643,3.5010635874837024,1.7176078046629755,3.478051725817804,1000,2.389010825778756,11.773590646694231,6.214862445715167,0.5358853941358893,1.4626871586633596,3.4588626314834197,1.3386754532724128,3.439346198285099,1000
660,2.544900529409464,5.574997088152755,26.260704145922418,1.3492195371080347,0.19155558861565625,5.098701914077751,-0.09956976332228384,5.189370822141212,1000,1.6944171072498617,5.361426192484122,17.606290109438998,0.6436349394526824,0.17337191638848934,2.837531124882144,0.43289262592260425,2.955941588577119,1000
661,1.7945204806847155,6.749050985468547,16.099015921802053,0.9506073823068059,-0.35388538921993784,3.437414431560376,-0.06866998863662399,3.657710950006055,1000,0.889675239052913,6.9949172410178635,15.034583338288368,0.968504791504685,-0.5825502610766881,3.313438467565666,-1.0085941522962696,2.7879446304020954,1000
662,1.68557991399624,14.924835278007823,8.114449855277682,0.43379488269263966,0.8535991600170996,2.531179606149128,0.8353419439186662,2.535817884073814,1000,1.8800893171703363,14.348566858477058,5.74227330309904,0.6496082818802154,0.7967253239063862,3.3734843406915105,0.6068570846851142,3.1533215496555584,1000
663,2.65721288710481,11.152202642228628,11.304338599925469,0.584407542973013,1.6191908490999816,3.8938403959185446,1.5117741028777045,3.8026516713319154,1000,3.0923239995577956,7.95088410311465,8.194210430975037,1.1540975897133794,0.5852254576379999,5.27931634568821,0.8302927237195719,5.354355275396019,1000
664,1.5976579070442616,6.7196417326267,18.90089826204549,0.5073019500691497,0.7046060096038179,2.6713661034608642,0.6033460849087282,2.591969729179795,1000,1.823891362416639,10.528592140558914,5.5886636336071485,0.6143630929052863,0.6178463237100236,2.8824008875088696,0.6197397003222778,3.0280430245110006,1000
665,1.4823303647462724,6.149287081535126,20.772928772302482,0.9897187451933459,-0.7693863057216476,3.234559096487439,-0.4575183758326855,3.42217910532523,1000,0.3667849353000272,8.239578306088456,12.747089513846625,0.824338373420264,-0.9179194992969442,2.4192027182250024,-1.2489182766036901,1.9824881472037446,1000
666,1.8923616261107696,7.674232614041046,17.27719209070347,0.5923541271691295,0.7557443004410364,3.040647890086085,0.7313475368592759,3.0533757153622636,1000,1.7262045112398017,10.778128947295702,6.957680237134257,0.5641316437306879,0.6421715008614177,2.863966233989121,0.6205064895276533,2.83190253295195,1000
667,1.4176212286085237,11.764257082405113,9.243995109754739,0.49535096324431926,0.49509827926927313,2.3665896512655396,0.446733340649658,2.3885091165673895,1000,1.417981811586406,10.564312284864409,6.551597093883553,0.8333015832385896,-0.3234702034990381,2.841715395691345,-0.21528929156122967,3.0512529147340417,1000
668,2.6763420085185343,8.85924900883616,12.109486670049014,0.826491603781645,1.0114532615398768,4.084521672653733,1.0564184651065103,4.296265551930558,1000,1.5843443908949735,8.431193317297149,9.14769445270933,0.7645286035642092,0.10581175220505404,3.1643911793884505,0.08586832790912347,3.0828204538808235,1000
669,2.6000302792746073,13.942833597832745,5.690107218602765,0.7926322890997316,0.9643722562546981,4.047517145193802,1.0464709926391333,4.153589565910082,1000,3.4613808344415724,11.003322923412155,5.240396524647026,0.7238252726217143,2.0833956023857487,4.892279451715833,2.0426833001030125,4.880078368780133,1000
670,2.128931573722079,18.33649002318877,3.993852197001103,0.546533257350414,1.1056945370587818,3.269049896156938,1.0577263893152673,3.2001367581288904,1000,2.2096023578683512,11.166087901350046,8.313365050811207,0.7648881650251939,0.9638744998041144,4.013780820386283,0.7104215544189714,3.708783161317731,1000
671,2.845522596855086,4.765472010345115,30.40901477615564,0.629988789925971,1.4397195713849897,3.8418338917174815,1.6107445686001831,4.080300625109989,1000,2.3530780928997728,7.5295171569173505,10.21595162215836,0.6101246489702339,1.2251377706515325,3.584213568389218,1.1572337809181144,3.548922404881431,1000
672,0.6106164429024985,6.732913349983435,15.52574171548253,0.6796503200213854,-0.8233213923363466,1.855325473559577,-0.7214981843394168,1.9427310701444138,1000,0.31897016654079025,6.247991858123482,13.676456235335388,0.639786145226407,-1.0306420554155504,1.595236195048264,-0.9350106781029675,1.572951011184548,1000
673,1.555482163186268,3.0906982753228407,57.79111793291942,0.7857073747533647,-0.35707050508177907,2.993052641918519,0.015495708669673203,3.095468617702863,1000,0.7947984441864051,4.856599076486129,17.279177276238396,1.1093368499504497,-0.7667607871978598,3.4277647563161127,-1.3795017817164763,2.9690986700892865,1000
674,1.447686870470982,18.600282014579424,4.136337466100741,0.49463961051748606,0.288157847438357,2.236352560281976,0.4781932338567093,2.417180507085255,1000,1.3235136074480236,12.015298265135325,6.1477743940347,0.6317736555038733,-0.15710024919512114,2.4457868802976517,0.08523724266043198,2.561789972235615,1000
675,2.8568965609113626,10.910498811716955,9.475040293302413,0.6703132924323254,1.4376548138295497,4.047337749088743,1.543082507744005,4.17071061407872,1000,2.3148947056053872,11.307073025391936,6.008580792172513,0.664804774121688,1.0462723464823163,3.601130334373578,1.0118773483268788,3.617912062883896,1000
676,2.049522080190772,4.612389305027372,29.281152839069577,0.5136940801751253,1.030500864793728,2.921903119692977,1.0426816830475263,3.0563624773340177,1000,1.5425850729784125,7.733436378945882,7.731659224008764,0.8430021668340766,-0.24216659657078674,3.060502768166484,-0.10969917401637752,3.1948693199732023,1000
677,1.848548917126492,16.80587885169405,4.049278633508479,0.5720188439560111,0.7156434160226424,2.9919093338727194,0.7273919829727102,2.9697058512802736,1000,1.630555116401918,8.386826311138277,10.192939548318876,0.8501120763176511,0.10248307569958497,3.5612171724715513,-0.03566455318067807,3.296774785984514,1000
678,1.091787338338286,12.687231343815483,7.835845572726074,0.44852540802032237,0.2535224342498246,2.017159554695745,0.21267753861845407,1.9708971380581177,1000,1.0118653754529308,14.175963131929324,7.179112438808773,0.6637419726277962,-0.07733246973296791,2.5462579322125585,-0.28906889089754984,2.3127996418034114,1000
679,2.6666710277892784,9.876281428813293,9.951856602994487,0.4828260874001493,1.6600145125648555,3.5400223859998765,1.7203318964849859,3.6130101590935713,1000,2.9118813140837703,8.972480101147058,7.231442387143851,0.697505775288058,1.318401453724687,4.035967300082703,1.5447699945191766,4.278992633648364,1000
680,1.62882343529097,17.44672888809407,4.409741006215243,0.5734579116312783,0.5823454505060746,2.857577290961289,0.5048459284936646,2.7528009420882755,1000,1.465680051945896,13.758340537105731,4.584995513122234,0.6206030025540178,0.3933467590172978,2.778818522346771,0.24929816694002116,2.6820619369517704,1000
681,1.6749027029230454,5.700935298823324,21.62506938292285,0.5282087808526448,0.72510731382924,2.8059504857524957,0.6396134924518617,2.710191913394229,1000,1.699829148777782,11.256542161979036,7.159499090783507,0.7075400900621727,0.44424863712803675,3.346135000484398,0.3130505722559236,3.0866077252996402,1000
682,2.587654320078605,12.286428885573889,9.673957264068545,0.6771163185149018,1.1025271441854327,3.775434223600929,1.2605063357893975,3.9148023043678126,1000,1.6703039746802801,4.399632934197962,12.094786025580433,0.8657149803532874,0.44053766090472224,3.8837815122961237,-0.02649738681216318,3.3671053361727235,1000
683,1.824572150364317,7.770142398494351,14.386564090549669,0.710884300061739,0.35737297339215407,3.1290097859607777,0.4312389222433086,3.2179053784853258,1000,1.4711036492527085,10.084835440421397,8.504436395502518,0.884085252051545,0.01130267529155809,3.514377290780352,-0.2617034447683195,3.2039107432737364,1000
684,2.2316581096996515,8.393030925754989,9.977423910118162,0.6066088565806784,1.294889892303475,3.6876815506190206,1.042704750801522,3.420611468597781,1000,2.1586804974438176,5.09192327629856,14.72536878741202,0.6696605379401076,1.2260820320484354,3.920611702951567,0.8461458430812068,3.4712151518064287,1000
685,2.3271361815748506,4.168352681643543,26.136602474237215,0.5351313195669946,1.2955040035910457,3.422231523395605,1.2782787952235413,3.3759935679261597,1000,2.0699081764009706,6.004584059988869,6.776485943417444,1.1728971810324262,-0.08963433517171347,4.689255915576349,-0.22897029842258476,4.368786651224526,1000
686,1.5452363863631378,6.184322791229621,22.832686412567437,0.5477864374871501,0.4460249920834289,2.5105988309625413,0.47157496888832373,2.618897803837952,1000,1.6436990787156243,11.330870982209436,5.768115574387742,0.5859623795729906,0.5265361384322111,2.797891581329778,0.49521281475256274,2.792185342678686,1000
687,1.9819876975010167,13.848686535114675,5.816701333861025,0.742427487873629,0.729634980914484,3.565724325169018,0.5268298212687039,3.4371455737333294,1000,1.1145264950434104,10.588150918001707,9.148538104128505,0.9833080768717345,-0.4791098160362335,3.368794687107331,-0.8127573356251891,3.04181032571201,1000
688,1.9717130477977394,13.606109806199585,7.995012527824793,0.6821219547700144,0.6698435036234348,3.407150662005381,0.6347540164485113,3.3086720791469677,1000,1.054576947702326,12.284575662504851,8.707822117982952,0.7834344647559865,-0.441451338869297,2.623145570338582,-0.48095460321940764,2.5901084986240592,1000
689,1.6773749776137459,17.8630900006834,4.360768028486931,0.9579423896838998,-0.5287307866626142,3.313098884705581,-0.20019210616669758,3.5549420613941893,1000,1.9278348020962595,11.101727709405905,6.042063261473136,0.7564195774450783,0.3600443104578398,3.350869525316342,0.44525243030390604,3.4104171738886127,1000
690,3.198245074137035,11.19266108385587,5.634816675762585,0.48506332578107225,2.317398880542417,4.206276218098784,2.2475209556061335,4.148969192667937,1000,3.0210634210615384,2.8466683291233883,22.760585460868324,0.9294306372757699,1.9462682995010614,5.724798601084981,1.1993793720010293,4.842747470122047,1000
691,2.4150672410614606,6.80337000082117,19.249416560407056,0.44091132690726687,1.4876797698111328,3.259533036509094,1.5508810403232176,3.2792534417997037,1000,1.3836007161628816,7.395005198708231,9.833410219558216,0.6256788677154235,0.18707414504793332,2.648917343354836,0.1572701354406516,2.6099312968851116,1000
692,1.1565329274566563,19.107061626658396,3.4932499641392036,0.679199593228874,-0.3117697656856672,2.385856380597159,-0.17469827527193682,2.4877641301852496,1000,1.2093364188570037,9.482174510365018,8.717817265140768,0.6865277034628631,-0.14477059080915342,2.5579931686599613,-0.13625787993020788,2.5549307176442153,1000
693,1.051998534639592,8.477351460126533,15.193386418327723,0.45848189087471436,0.2827382716112959,2.028469194629556,0.1533740285251518,1.950623040754032,1000,2.689260824953624,3.887461134600127,25.572319463281893,1.3724581341213224,-0.54481259034083,4.741835918272983,-0.0007571179241678827,5.379278767831416,1000
694,2.104497226416979,12.221864535646624,8.615575941464591,0.5899317486562621,0.9907272368546187,3.2670936329744387,0.9482309990507052,3.2607634537832526,1000,1.3631471850599541,9.156127657573258,9.942782550351092,1.2590290648128277,-0.9008382912783393,3.8509337251029363,-1.104549781973188,3.8308441520930963,1000
695,2.4081265785502053,3.275651995950893,27.147401966337597,0.6413151319118359,0.6194148016331945,3.1984685869085276,1.151148920003007,3.6651042370974034,1000,2.102076464720943,4.992262639867353,10.560332587805984,0.6111272940281138,0.5633274917476213,3.0490223708581494,0.9042669684258398,3.299885961016046,1000
696,1.8256093007693872,3.1135714536477885,59.31078080837831,1.4534174932343435,-2.630931679171113,4.266577580045843,-1.0230889859699261,4.6743075875087,1000,-1.0065021986177118,3.6722664785850996,26.654070857893128,2.0815145877573378,-3.7280405877599367,4.620996132524816,-5.086270790622094,3.07326639338667,1000
697,1.6644447925132426,11.109109417190405,10.426677251367986,0.6496224514305055,0.414207804871052,2.9739839834541577,0.39118478770945186,2.9377047973170334,1000,2.968836991506207,3.2953880073811908,33.664416079885484,1.5847129854675257,-1.4532111031387953,4.608984209290658,-0.1372004600101433,6.074874443022557,1000
698,1.7359765817924844,6.894730545507281,13.871006482206665,0.7684265549022502,0.23964072434968167,3.265264563990729,0.22986053418407404,3.2420926294008945,1000,1.3478867619945922,8.102480780373767,7.6775074509382994,0.6368923053156342,0.22914977060139954,2.653155089726884,0.09957784357594912,2.5961956804132353,1000
699,1.4883070194282149,12.70187991816385,8.347556955415165,0.6267446647336955,0.5111301289782348,2.8927791466958057,0.25988747655017175,2.716726562306258,1000,0.4011191722630727,5.685685404966638,18.416505096402688,0.9125955655830034,-1.0029446101254105,2.4528138330790656,-1.387568136279614,2.1898064808057596,1000
700,2.5296538894193707,2.6081355872379786,33.46412891775996,0.7453039460510493,0.9426981850222739,4.1437118809974525,1.0688581551593141,3.990449623679427,1000,3.1175783750871506,3.149363430812219,27.439707124856312,0.9619159838067766,0.8105472152506595,4.816724776981501,1.2322230468258686,5.0029337033484325,1000
701,2.3271792955091883,12.43181518252723,7.892687700134819,0.6762718453918697,1.027399314667193,3.6403819724268436,1.0016864785411237,3.652672112477253,1000,3.3330562116314812,7.962859440966152,10.90897487011766,0.7979347078623313,1.668540310403941,4.843363820665512,1.7691041842213118,4.897008239041651,1000
702,2.770721709975388,14.399768982397758,5.1537848095294105,0.6599849530759817,1.6086191503099219,4.084264934612358,1.4771512019464637,4.0642922180043115,1000,2.709754080764161,3.381251014424382,34.4141906044651,0.9519458404491226,1.1968475135991725,5.125354254467215,0.8439402334838808,4.575567928044441,1000
703,2.280642986206832,5.956246202403701,21.641043295244916,0.6835109509746754,1.1201742579190157,3.8488689716210764,0.9409615222964682,3.620324450117196,1000,2.2149839500817574,8.159827323695264,8.902929294386226,0.6423513358049114,0.8177597775967299,3.407541538130786,0.9559753319041311,3.4739925682593835,1000
704,1.511492131694018,15.85532287969062,6.1868348335651975,0.7105979132410839,0.1722249695886767,3.0377834748483203,0.11872022174149355,2.9042640416465426,1000,2.093821584969164,12.57047893559941,5.036530412524792,0.6301489802102562,0.8863931944219609,3.4463229839767333,0.8587295837570617,3.328913586181266,1000
705,1.8682516919906593,13.599820829979036,8.002677156310428,0.6806596530545537,0.5168257277118518,3.064447991191671,0.5341587720037342,3.2023446119775842,1000,0.8257098096566948,8.254392806292994,10.505516564358452,1.1217676005041743,-1.7797172196080602,2.7366664927160445,-1.3729546873314868,3.0243743066448765,1000
706,0.8878547108487176,11.066535532339392,8.614600618367358,0.6011702145707563,-0.14609363533664532,2.2304202345710196,-0.29043890970996467,2.0661483314074,1000,0.681042249834539,8.699588904897004,11.699627221846038,0.6980263359952774,-0.9284333900149917,1.9184528070751095,-0.6870893687162047,2.0491738683852825,1000
707,1.6788671887601179,10.633685027507521,10.366470228283108,0.7549443363873178,0.1381526900499789,3.2707896782220236,0.19917628944097499,3.1585580880792605,1000,1.7991014382661612,9.634894705843632,8.144628810801228,0.9419885604853435,0.06591802171687101,3.9294403450054887,-0.04719614028511199,3.6453990168174344,1000
708,1.336900494168889,8.861359713696142,8.394939685764292,0.6027762818945733,0.16737770734267787,2.594034952171696,0.15545898165552519,2.5183420066822526,1000,1.6600108278883772,8.342724223004103,7.468605189566773,0.7271798479746173,0.2796773957107743,3.2530652613941897,0.23473832585812726,3.085283329918627,1000
709,1.1909355126127656,5.236029671078453,24.262677501238137,0.7729294992409232,-0.6307891589326324,2.341841676323133,-0.3240063058994438,2.705877331124975,1000,0.9537548166026713,8.58788621156254,9.3816404665478,0.6963963289432465,-0.8197484429608489,2.1060404776820745,-0.41118198812609186,2.3186916213314346,1000
710,2.3964487254575277,15.340569884044642,6.617878950279269,0.4879052416147361,1.5735278231106113,3.4911986652044207,1.440154451892645,3.3527429990224107,1000,2.5681894383834583,11.10635195462615,7.137678731117845,0.8135828965570623,0.8604628790688225,4.155036363816591,0.9735669611316162,4.1628119156353005,1000
711,1.3879661535648602,4.168747546613092,28.59594317456941,0.7536263857582038,-0.08518297885918316,2.834276513847241,-0.0891415625212193,2.8650738696509395,1000,0.7980309265784795,5.5742403603728,14.963224809448441,0.7604228278363284,-0.5849384881613541,2.5613007392986256,-0.6923978159807243,2.2884596691376835,1000
712,0.5796123869865806,7.794990022803927,17.272840090153586,1.2510572068619075,-1.3551325708515805,3.1365756997016554,-1.8724597384627581,3.0316845124359193,1000,1.4905456604081855,9.874719467298917,8.748330771021974,0.970567845118754,-0.19897246710786165,3.748123092517988,-0.4117673160245725,3.3928586368409435,1000
713,1.3424451960138768,16.580248841890135,5.142768591236849,0.5517122535665114,0.4786165060209756,2.5906870939833784,0.26108917902351436,2.4238012130042392,1000,-1.8943971585175805,2.623644373189862,52.69976536091503,1.439113243865289,-3.3761599256448442,2.2460292206784653,-4.715059116493547,0.9262647994583859,1000
714,2.4188309414577094,7.288285098001229,17.16191056420381,1.0024529871793981,0.23761137892772904,4.0718434416932014,0.45402308658608903,4.38363879632933,1000,0.07274465921291862,3.1295267660628805,33.63125299148872,1.4823469813750485,-1.6325425430592844,3.629120275161761,-2.8326554242821764,2.9781447427080137,1000
715,1.518967781019076,7.408334287523057,17.201139909871422,0.6199145395314581,0.26208915375696223,2.724801185651586,0.30393528353741806,2.734000278500734,1000,1.2145105141356778,12.021308822318213,5.2598259174723045,0.7680928865444757,-0.4074002064818954,2.689792116818848,-0.29095154349149466,2.7199725717628502,1000
716,1.4076633603918762,12.144516966889164,8.182213483273719,0.7870132006143818,-0.0038024396831488542,3.0372042166017215,-0.13488251281231212,2.9502092335960644,1000,0.8392032903692508,7.93023199724831,15.035960331873197,1.2158701966087317,-1.4176160617405342,3.5304974770221227,-1.5439022949838632,3.222308875722365,1000
717,2.4502034332703135,12.88540503695638,6.395251537708624,0.5355666992737711,1.4070448402800093,3.5714793731552152,1.4004927026937222,3.499914163846905,1000,1.7956012288869951,9.221057574070933,8.950652872270965,0.691808648941571,0.2670542841513569,3.0512128651946777,0.439656276961516,3.151546180812474,1000
718,3.0625462155640797,12.09328981369506,9.05408761037117,0.6480908465085252,1.7850974796304413,4.392559729318075,1.7922881564073703,4.3328042747207896,1000,2.8812259183336675,9.011296054729293,4.24837849148537,0.8686243039520589,1.1598495597512921,4.598402622143703,1.178722282587632,4.583729554079703,1000
719,1.2686044683144444,10.898716751889364,10.878830227294868,0.6127563298283277,0.29277981039681517,2.8488829847380073,0.0676020618509221,2.4696068747779667,1000,1.2888743292379825,9.804338498706011,10.870084519003363,0.555825706447782,0.41075259128197483,2.6549532438398917,0.1994559446003299,2.378292713875635,1000
720,1.6950366006052096,10.905575729384905,9.438178255414252,0.5844624511403718,0.5955204394273503,2.893223227996522,0.5494901963700809,2.8405830048403384,1000,0.4500426051976967,7.1170697012057715,15.606457206495312,1.3418642554900282,-1.8654178521659996,3.3795284416481315,-2.1800113355627584,3.0800965459581517,1000
721,3.0097814341987092,9.789717231546025,9.654700292151091,0.5145650392757205,1.9846466194224435,3.933693744386261,2.001233957218297,4.018328911179122,1000,3.123808062480556,9.706179251665581,7.991078086697052,0.6013675098130299,1.9046075276995675,4.260491938472426,1.9451277432470175,4.302488381714095,1000
722,2.263693741984989,5.689702894905516,20.164939697117195,0.9296395209971449,-0.2148509044404502,3.677651992979437,0.441600280830585,4.085787203139393,1000,1.4444629420710324,6.547334485867568,15.05185507906188,1.2392280499811497,-1.1749000891099532,3.553408875748794,-0.9844240358920207,3.8733499200340855,1000
723,1.873348542978746,11.275449698512354,9.151423647281682,0.4479297022146584,0.984678785331265,2.7285566949552584,0.9954063266380155,2.7512907593194766,1000,1.7777258046539461,10.633623224897876,7.942858358541397,0.6433096554163507,0.6703425987186797,3.236074146248508,0.5168388800378989,3.0386127292699934,1000
724,2.5824940071578393,8.883881475935826,15.685843286898942,0.856446452771651,0.8386259078846181,4.468597858354241,0.9038589597254034,4.261129054590275,1000,3.491823604901132,5.618893624078041,14.583450839776045,0.9135788616643765,1.5711566368585534,5.068601313841877,1.701209036038954,5.28243817376331,1000
725,1.7787377062004741,14.40024337267615,6.285814753582451,0.5912290628768668,0.6973530338430212,2.9890269100661846,0.6199287429618152,2.937546669439133,1000,0.9268385988290837,4.543073066517845,15.409385093595162,1.0568258079884516,-0.5660787540231167,3.265961722277865,-1.1445399848282816,2.998217182486449,1000
726,3.0633341902767706,7.918011554777797,10.085712509649378,0.6147899729024847,1.9874665375285403,4.363731396156686,1.8583458433879005,4.26832253716564,1000,2.7120091504268258,7.077484414225491,11.60318350838461,0.9349598191474964,1.1681231537025654,4.7851750860183,0.8794879048977329,4.544530395955919,1000
727,2.1783991188272647,12.034508024878148,7.152879599329522,0.5703145992524168,1.0917689533769652,3.3481440450756113,1.0605825042925279,3.2962157333620015,1000,2.5439935062196977,8.963504521663062,6.488918339472313,0.7086710701629244,1.3247374602917443,4.114194027781909,1.1549982087003658,3.9329888037390295,1000
728,2.151544748209077,10.381656439369813,11.098454244747893,0.4537135254494966,1.2674267873505858,2.9914139151989065,1.2622662383280634,3.0408232580900902,1000,2.163087985714471,8.895804390301528,7.237214981828942,0.48386695553292797,1.2881280639196666,3.112012133548955,1.214708752869932,3.1114672185590098,1000
729,2.0921546056362743,10.290314518640232,8.789802756633069,0.8237357356943992,0.6331461092887049,3.9351368829299704,0.47763256367525186,3.7066766475972965,1000,0.6872578858727239,5.725969501302118,20.28342246635531,1.1515019495770344,-0.9496798833840977,3.4343970435011837,-1.5696859352982635,2.944201707043711,1000
730,2.035740474327583,6.942790008592104,16.687761654592265,0.6799774540544548,0.9582315930251274,3.6281776762781495,0.7029846643808517,3.3684962842743147,1000,2.1851452877911264,7.555180051370298,13.60041881679769,0.5917280128079367,1.0618710952742667,3.4363442634892585,1.0253583826875703,3.3449321928946825,1000
731,2.3665464478051756,11.152147943477242,7.279660066951502,0.6702652148713706,1.1872118168732007,3.8600514721679704,1.0528266266572894,3.680266268953062,1000,1.3562489769439194,3.8379410522044517,27.777871827413716,0.9198522010533963,0.39946040677153766,3.950578267762348,-0.4466613371207373,3.159159291008576,1000
732,1.200497073834108,15.473616704168883,7.087057064620311,0.6924381118583617,0.015173152658162261,2.6097520529878326,-0.1566816254082808,2.5576757730764967,1000,1.5000577471271423,10.465828891652018,6.332289978417344,0.8434982355634536,-0.027891501877744092,3.442787485721517,-0.15319879457722663,3.1533142888315115,1000
733,1.3318165794215955,11.938333703813596,7.185629883668517,0.409732047552164,0.5835164695014174,2.1883794417939466,0.528741766219354,2.134891392623837,1000,1.0158482835647398,10.097209929595879,9.398899416361377,0.7995347990291484,-0.7044117888830952,2.6155107789037824,-0.551239922532391,2.5829364896618703,1000
734,1.682880072032237,6.782127769267912,20.447616672257567,0.5902248482290635,0.40892344913159223,2.811155978023471,0.5260393695032726,2.8397207745612016,1000,1.5478062530596803,7.673327476875846,12.005987555694892,0.9239452906688399,0.1394991993787423,3.787231330422706,-0.26312651665124576,3.3587390227706067,1000
735,1.6273423024979885,12.363859960883849,9.941329722396896,0.5868607473121061,0.6089337482594045,2.8544819524799663,0.4770952377662605,2.7775893672297167,1000,0.8039475556656828,6.750193706373497,17.333044964267547,1.064690144369127,-1.0368063645229781,3.0889115540698304,-1.282845127297806,2.8907402386291716,1000
736,2.9440855076716534,5.692550611869274,18.459270039910898,0.702461785642678,1.609344504726737,4.315038189771188,1.5672604078120045,4.320910607531302,1000,2.37912987969009,7.0079049666770565,7.914605320066177,0.5501005932452575,1.4172622866785975,3.5735174253329176,1.3009327169293852,3.4573270424507947,1000
737,2.0478307015722863,8.896067050334734,14.465815231574636,0.5094519115360203,1.0634340815139014,3.0031596665369755,1.0493049549616864,3.046356448182886,1000,1.6974035931711202,10.080448414232903,5.074337535223374,0.6457800411784437,0.4342147748509507,2.8943927274086763,0.4316747124613707,2.9631324738808695,1000
738,2.1031100329625807,4.996697739341258,24.518478056056946,0.8919131513103121,0.37087637322656825,3.9078639449994363,0.354960256394369,3.8512598095307924,1000,-0.3776470738890838,2.0223610254641526,55.91275210068023,1.5194233736659055,-1.6558456971018447,3.5608621290437306,-3.3557168862742586,2.600422738496091,1000
739,3.0057325596833744,4.609331229848144,26.905073703489478,0.7373607749968961,1.5585585131490634,4.652721613623146,1.560505440689458,4.4509596786772905,1000,1.9152626610592791,5.739002187240578,13.074718094738346,1.023507738952686,0.24078165923134007,4.010236713075643,-0.09081250728798551,3.9213378294065437,1000
740,2.412460548052359,12.76392752755094,7.596245231877628,0.6006652050446087,1.333316670603145,3.6373766044516853,1.2351567461649258,3.589764349939792,1000,2.5450055599375396,9.480729192283148,9.572801937479714,0.9849968505614907,0.8296039841199355,4.616710494718156,0.614411732837018,4.475599387038061,1000
741,2.159388172506185,8.567549540989738,12.99552413833485,0.6873162391369106,0.921519060754302,3.63188237290008,0.8122483437978403,3.50652800121453,1000,1.9358485310130298,8.379534476634662,8.26404776397467,0.7270761869418775,0.5622195660988633,3.415933399553631,0.5107792046069499,3.3609178574191096,1000
742,1.5885459572607883,16.55518480102864,4.7208825846047855,0.4694325706260956,0.6262579422528828,2.4641934463124455,0.6684581188336409,2.5086337956879357,1000,1.1464432644734304,15.216765349779791,6.300801170591695,0.617956451044048,0.04764935984974368,2.485246340796663,-0.06475137957290356,2.3576379085197643,1000
743,1.8815040852612588,12.268264949834387,6.742122095507818,0.5720457581944168,0.712167404825523,2.9731124265611815,0.7602943992002018,3.0027137713223158,1000,2.130605886412728,8.882186231836274,7.479783276252606,0.8567684468598947,0.2104321905652182,3.662752654085966,0.45133973056733456,3.809872042258122,1000
744,1.9530264172098115,18.01895612736095,3.681921036155319,0.5827243097442064,0.7220979283784511,3.083013555501804,0.810886770111167,3.095166064308456,1000,1.579700642264473,5.103335587429102,17.27060903726826,0.7531187976208812,0.368135854132138,3.5383770118464857,0.103587798927546,3.0558134856014,1000
745,2.3228034072032617,5.2066652987226085,27.763166669933305,1.0473220199130286,0.7998769322838121,4.665241092106185,0.27005224817372575,4.375554566232798,1000,3.21044036488619,8.56177553149476,8.99942759984289,1.035501065189521,1.074466326281117,5.330942508059688,1.1808582771147291,5.240022452657651,1000
746,1.1584640485993463,8.060805332065247,16.61901822502458,1.0859782650475889,-0.7633011558615953,3.5438969783265657,-0.9700533508939277,3.2869814480926203,1000,1.3818242226790338,9.244595552693772,8.324434410149141,1.1365231385152963,-0.781252206334644,3.718048650967343,-0.8457611288109468,3.6094095741690144,1000
747,2.0954860105659012,11.172087000218896,9.434238509684132,0.6149758206665275,0.8518207649798941,3.2117442499404825,0.8901334020595075,3.300838619072295,1000,2.7092604857493368,3.389770218894793,24.516753978494545,0.8893941063404649,0.5091402223892374,3.868279540730279,0.9660480373220255,4.452472934176648,1000
748,2.366127647916107,14.115983264033524,8.724376295843042,0.9499805020956686,-0.3180402956085873,3.3541160632027007,0.5041658638085966,4.2280894320236175,1000,2.2545599990571934,8.874079195301881,6.688091328806567,0.6519584904185634,1.074328246033648,3.6338580064685284,0.9767213578368092,3.5323986402775773,1000
749,2.633413349708163,1.5029822185426411,114.62049064939957,0.6951500163634502,0.6379129257940361,3.2725898795110084,1.2709193176358005,3.9959073817805253,1000,1.4193790912793867,8.938090477310208,9.911637214175347,0.6964662610567702,-0.2735468180682521,2.521812329367039,0.05430521960811707,2.784452962950656,1000
750,1.267237878115549,13.954431754453793,6.399065381481618,0.5182236871664353,0.20833700725844867,2.2381967464939763,0.25151945126933595,2.282956304961762,1000,0.3973122473100612,6.543538271013915,17.429247349768726,1.0015513362385975,-1.25544182223254,2.4198676987530097,-1.5657283717175898,2.3603528663377125,1000
751,2.785582050013579,11.65085030858917,8.750725565052623,0.6294521982236452,1.5222329580706035,3.993631264959704,1.5518557414952343,4.019308358531923,1000,2.53861712517379,5.190787559857086,14.264912636979513,0.785367119460774,1.3402496265170138,4.409929247094401,0.9992975710306728,4.077936679316907,1000
752,1.911590177353819,11.781539042396442,9.506521603964618,0.5675378555854365,0.9238647995844379,3.1121931668098686,0.7992159804063637,3.0239643743012747,1000,-0.14042002675002418,2.2789605428298616,55.892714604308864,1.3520673400779695,-1.2464082113640413,3.8610936152236035,-2.7904720133028444,2.509631959802796,1000
753,1.6848943023322682,11.653582653704062,7.284781938266637,0.5740123614566175,0.5939989482599741,2.831964154658539,0.5598300738772979,2.8099585307872386,1000,1.6353132400004748,12.694116756311685,6.056197514093182,0.6621727135451388,0.3689300177595512,2.9515759927248437,0.3374547214520027,2.933171758548947,1000
754,3.083162354259323,13.17569905685983,4.886258858586213,0.5638969004745872,2.0419494612685676,4.252432587806325,1.977924429329132,4.188400279189514,1000,3.1822024120689276,8.100663797742852,7.592282165796068,0.5352354012502735,2.1350299057129085,4.230801274157311,2.1331410256183916,4.231263798519464,1000
755,2.335525985390216,9.31861862858546,7.6490557747998436,0.9474434198298459,0.7551570600890718,4.394833039831183,0.4785368825237182,4.192515088256714,1000,0.38302662083149297,3.622054394235718,24.523515321675525,1.3633925481069054,-1.1341616533337382,3.8827373308265773,-2.2892227734580413,3.055276015121027,1000
756,2.351254777184347,9.87357347379081,13.045423821884684,0.628337055306741,0.9543673855789365,3.434350082074033,1.1197141487831348,3.5827954055855593,1000,1.272848134333727,6.418137022754057,13.583284710226113,0.9097739716045438,-0.5121535328590067,3.1347548571964583,-0.5103088500111788,3.056005118678633,1000
757,1.6866703664556038,14.549508462437188,7.0819740304288805,0.6819304107347791,0.34749880257714433,3.1748696323635333,0.3500867614154368,3.0232539714957705,1000,0.3789243029303875,8.58586248603185,10.647975468970907,1.276065001735916,-1.9986139087139763,2.9579634839636495,-2.122163100472008,2.880011706332783,1000
758,1.4066391970431282,14.18878290941652,7.052130693621202,0.7194976983244594,-0.004873176341746223,2.881215345274217,-0.0035762916728121485,2.8168546857590684,1000,1.8795993988899506,11.164162928859547,6.839762364828386,1.0360621843932414,0.16361488213454545,4.212216283468391,-0.15108248252080259,3.910281280300704,1000
759,2.5086041569068875,8.697008234728413,13.831052326254733,0.6727342739507579,1.30545203295717,3.925354453356147,1.190044979963402,3.8271633338503728,1000,1.8326605738580288,6.085483352202551,14.330661416887231,1.2359844079695204,-0.3676416547234731,4.3207827152898295,-0.5898688657622309,4.2551900134782885,1000
760,3.2651026331773108,11.870906665546562,7.153625307222918,0.5049513172921158,2.2518878660818284,4.234147465742496,2.2753980512847636,4.2548072150698575,1000,3.5868228769628683,7.765300163425141,10.222776948884189,0.5873151436237133,2.4632071098464845,4.785311361307354,2.4356851954603904,4.737960558465346,1000
761,2.007329863437966,13.544783366337866,8.087981570603354,0.5307114723005941,1.0397679190543965,3.155574518095026,0.9671353777288014,3.0475243491471304,1000,2.4793358745586636,10.394356076719674,8.936850676103864,0.9096978990955797,0.5904763542609438,4.520638036360376,0.6963279923313273,4.262343756786,1000
762,2.9269025515005547,8.701055619152122,8.615093617960124,0.5972209000290221,1.8705177576205587,4.1974575306584345,1.7563495874436714,4.097455515557438,1000,1.7866394079059957,5.255091734941223,15.819638597837132,1.2069194315194165,0.25648100864372164,4.6871373757139665,-0.5789226778720606,4.152201493684052,1000
763,1.6893433877196782,18.596672810613914,3.635866219235778,0.4328138678823054,0.8728610362105854,2.541995563714676,0.8410282066703596,2.5376585687689968,1000,1.5833268215858602,14.799185969954893,5.36969712693094,0.6231897205268266,0.18208651626249792,2.718059606242623,0.3618749693532801,2.8047786738184404,1000
764,2.904275835216101,14.110662729784591,5.228297502213059,0.5348278162771594,1.8970799590138805,3.93390469428908,1.8560133153128686,3.952538355119333,1000,2.9377893358643545,8.669415720981645,6.75911279777874,0.6245639477057653,1.8773873900647597,4.264174393219495,1.7136439983610545,4.1619346733676545,1000
765,1.8056544435633493,16.363259663538212,5.539757411847734,0.708795022738508,0.3271417412292645,2.9759277815792147,0.41641619899587345,3.194892688130825,1000,2.347036994861699,10.280950103138457,5.626709167385693,0.6175552418993268,1.1832104184355585,3.565376277363381,1.1366287207390184,3.557445268984379,1000
766,1.6952703333275927,9.087779547545068,15.716173379974164,0.7973656057293111,0.3895104388421285,3.5695526934703676,0.13243374609814285,3.2581069205570428,1000,-0.0978579660924459,5.7215363736459235,19.15863743806409,1.7089206131868233,-2.963489298734581,3.685600296648943,-3.4473423679386195,3.2516264357537277,1000
767,2.1414793451345457,16.64927394604042,4.957568504604445,0.5454513211112909,1.1664696286183172,3.279775185977048,1.0723947557564155,3.2105639345126757,1000,0.5678385278244327,3.860542664490843,27.973312371408984,1.2708605149083432,-1.1779063348219607,3.739831684211291,-1.9230480813959199,3.058725137044785,1000
768,2.016724247816086,2.833394582253368,34.932402381891826,0.608423036143602,1.0705365305737584,3.5179087429196176,0.8242150969746258,3.209233398657546,1000,1.7126637011911292,1.633843563749745,77.2992270697141,0.5852691931580726,0.9466373513125121,3.2143325942724634,0.5655360826013069,2.8597913197809515,1000
769,2.569225407157052,10.87710447276381,8.973315174367896,0.4552096946480549,1.6738402337452494,3.496106420868501,1.6770144056468643,3.4614364086672396,1000,4.031959612334523,4.954531983046974,15.742522596183335,1.1574866022415606,1.8628919304077851,6.175164362786912,1.7632858719410645,6.300633352727981,1000
770,1.5094301065890006,11.843536420828226,8.00240089058181,0.5912900327134173,0.38651097965451814,2.6722895607741024,0.3505016424707026,2.6683585707072988,1000,0.8079829460038148,7.3333899434744545,13.676393625506183,0.5893768995557717,-0.36244266519129503,2.0462219245489313,-0.34719577712549765,1.9631616691331273,1000
771,2.700741743294251,9.003471909011138,9.379258742030787,0.7177178508448386,1.585404774239197,4.344658554284139,1.2940147556383672,4.107468730950135,1000,2.5358313027353017,5.832365250824534,16.854703692005423,1.0334331879371403,1.3465623893524608,5.075337062570595,0.5103022543785065,4.561360351092096,1000
772,2.040565592954919,14.913136976516311,5.480801344297994,0.5139604564059358,0.9210121297550364,2.9641186092120066,1.0332030983992848,3.047928087510553,1000,2.2979750902655534,12.065412638514855,6.8515326484039925,0.647523438649266,1.0240802216387896,3.5907831652232836,1.028829150512992,3.5671210300181144,1000
773,2.1165759033846223,13.638215484069462,5.927649849779121,0.588608047927552,1.122770235919689,3.3304180548336086,0.9629041294466205,3.270247677322624,1000,2.6415132980908775,8.32609845686182,7.623004943879694,0.9578786473037965,0.8333646113033384,4.603329431758316,0.7640711493754364,4.518955446806318,1000
774,2.5324002918737136,2.9185184274851474,31.19455562885054,0.7607104085484724,0.6654641698174578,4.140835574894792,1.0414078911187077,4.02339269262872,1000,2.477084465660663,4.359596043976284,12.670401962024515,0.8629783766128217,0.47264739540235434,4.177652963478314,0.7856468474995324,4.168522083821793,1000
775,1.3693583957452553,15.444745374116934,5.666111922365654,0.41462209270000316,0.6454392517832857,2.2217662815195083,0.5566990940532491,2.1820176974372614,1000,1.324450863058758,12.31025220164142,9.207101046212081,0.5513073290150972,0.18042491050252113,2.4018833958954997,0.24388849818916758,2.4050132279283485,1000
776,1.7207036876198112,6.782564685479791,13.540414601683784,0.7595659781481625,0.487159642294146,3.6995929109318295,0.2319543704494127,3.20945300479021,1000,1.3843096151174836,6.1225231069806245,17.882105456153035,0.8904159487026571,0.10699404733150825,3.6864772491213285,-0.3609056443397243,3.1295248745746918,1000
777,1.2935176505684107,4.426177379733203,23.978751072504433,0.6276049584650424,0.3444768257993366,2.8344624844280135,0.06341193197692774,2.5236233691598935,1000,1.5104994754088485,6.761561151080106,13.773801908175008,0.5860000266735054,0.6155513179443343,2.9778204555540992,0.361939423128778,2.6590595276889193,1000
778,2.5664368628879046,13.383996344002977,6.017912435796386,0.596555417652093,1.4532278734377955,3.7715473329766804,1.3971882442898025,3.7356854814860068,1000,2.3467161894055604,13.016671766666848,2.918421901845893,0.8384829160322084,0.7097162419184417,4.016228037485331,0.7032896739824319,3.990142704828689,1000
779,1.9539930699005004,10.908512000525896,8.567379613982935,0.5705879684109959,0.9065547499565285,3.2033483004448486,0.8356406518149484,3.0723454879860523,1000,1.9915458698717414,10.864368912502588,9.314240177211405,0.731862345435613,0.7871211684584019,3.57806543474349,0.5570956728179399,3.425996066925543,1000
780,1.3959423802541164,12.29062123099517,7.224980701423138,0.40035499271327113,0.6497400838243068,2.2531365526012777,0.6112465945361051,2.1806381659721277,1000,1.2861817170869805,12.855862377693965,5.8026257735454925,0.47639027488772634,0.2862692700897686,2.150042021401245,0.3524567783070369,2.2199066558669243,1000
781,2.1345461228217886,7.0698268328261795,19.19246865490655,0.7714295272758862,0.36028039940473944,3.3781872060275853,0.6225442493610516,3.646547996282526,1000,0.61956199975827,8.162424971200068,11.488299733260424,0.8942950024381534,-1.0921634382894754,2.417269052898341,-1.1332562050205106,2.3723802045370506,1000
782,1.4541246368665441,8.479176789847306,12.964622371109098,0.7242097851982893,0.12852274471665473,2.955677046058626,0.03467345787789711,2.873575815855191,1000,1.233214141629333,5.5758667633040595,14.9169702196763,0.8537227398164271,-0.05456796641290605,3.1991773504773895,-0.4400824284108642,2.9065107116695303,1000
783,1.1892692605248192,3.9528074704743186,42.384916436101605,0.9688719639271722,0.10699785767505897,3.9931359714517836,-0.7097197887724385,3.088258309822077,1000,2.6372280281508362,6.974890046641872,7.051579399284191,1.1186030810993817,0.49241317035355514,5.2538925599110975,0.44476598919604804,4.829690067105624,1000
784,2.284025121375711,13.530734874172364,5.536244692687562,0.5872492273250278,1.2062352175911304,3.5183087192867086,1.1330166358186564,3.4350336069327656,1000,2.003597708413133,10.675251573501559,8.862713980700706,0.7816159073804275,0.7416068231803139,3.765378353706254,0.4716305299474952,3.5355648868787712,1000
785,1.6702138181753299,9.787502558350077,7.977622875741853,0.5040957147589996,0.6642424312933523,2.6104190920175454,0.6821862172476907,2.658241419102969,1000,1.7330339212661472,10.952205597953764,6.726986362757774,0.5647354303392856,0.7485236719786217,2.939155258834558,0.6261524778011474,2.839915364731147,1000
786,1.6961686424609141,7.201084691197763,14.066153026217053,0.4798362528936526,0.7666035846536815,2.6183478889390064,0.755689586789355,2.636647698132473,1000,2.3702869693175144,9.280405704256893,5.725425332654239,0.6207466440645079,1.038164743149583,3.6047326565256568,1.153623546951079,3.58695039168395,1000
787,2.180723061575914,6.622384498572573,19.575553466777656,1.1104989251882442,-0.22736956864733174,4.047652107097628,0.004145168206955319,4.357300954944873,1000,0.6747156344533529,9.172759982568623,7.625497980898066,0.5269092755514726,-0.26120691313172056,1.8115945793032364,-0.35802654562753333,1.7074578145342392,1000
788,2.1580453603618452,9.465022102265973,12.241369428705983,0.6643203322114666,0.9710827407551079,3.5728085615071823,0.8559775092273707,3.46011321149632,1000,2.4303068038935027,6.378670731755645,11.41058368074918,0.9203090001502173,0.8795930945153743,4.401541056832831,0.6265011635990767,4.234112444187929,1000
789,2.1035459879979554,11.833428275389583,5.932522730501855,0.438933040887105,1.246783325166953,2.956218453638022,1.2432372278592296,2.963854748136681,1000,1.6879982113883423,8.83865104443557,9.165234789661321,0.5801047625986603,0.6831222706512836,3.0182332628165542,0.5509928766949681,2.8250035460817164,1000
790,2.8209992315885017,4.270741013399861,34.419983836909765,0.7264836767566558,1.1058703831378054,3.861995266617421,1.3970912251454564,4.244907238031547,1000,1.8326459236393076,7.134862283355665,13.65170361292,0.7347187956685955,0.48600883345977824,3.43469634126224,0.3925970841288604,3.2726947631497545,1000
791,1.6841165467199108,14.655571290852526,6.275656786346914,0.546052927077152,0.6388483435669557,2.7837677519216344,0.6138528096486928,2.7543802837911286,1000,1.553769488310902,9.579092096932078,11.522856955462887,0.9928947182307807,-0.5944855556471743,3.518367610313638,-0.39230415942142827,3.499843136043232,1000
792,2.1239024514495637,12.253085720269711,8.28230865186614,0.528684499179109,1.108231860321298,3.183429861293012,1.0876808330585102,3.1601240698406174,1000,1.1081210842616036,10.485973832924202,9.31762942549134,0.9445401921688675,-1.1270820162347088,2.8012485270292626,-0.7431776923893767,2.959419860912584,1000
793,2.6804223020959843,4.504997389405127,23.619777237658344,0.557871101514831,1.376643189756935,3.6049243263602873,1.5869949431269157,3.7738496610650527,1000,2.613547799346379,10.3975706248718,4.477887249787431,0.7179474719924345,1.0700920724187548,3.907431315713571,1.2063707542412074,4.02072484445155,1000
794,1.9274957203913134,9.631977420634323,7.451573720151343,0.779986008262946,0.3458720177020741,3.4242662465995,0.39872314419593935,3.4562682965866873,1000,2.9266992444380566,5.679125128131934,11.577225142534322,1.0602695816934402,0.2235607918343972,4.132435172115031,0.8485708643189138,5.004827624557199,1000
795,2.0053422896344486,13.630407095327477,8.17755860339398,0.5335703372756553,0.9765513958051608,3.101151389505868,0.9595444285741643,3.051140150694733,1000,1.767693948759649,6.986995068408425,12.077458998383262,1.0505607594282225,-0.2519698146571116,3.850045309581988,-0.2914051397196671,3.826793037238965,1000
796,0.9489941328001197,3.724903363951203,37.00918599020514,1.4227362792129312,-0.645556972763386,4.356563366698159,-1.8395689744572254,3.737557240057465,1000,3.331995184015655,10.03395100931505,4.891118958718954,0.6437327872283667,2.1718875303561993,4.665554712939416,2.0702789210480566,4.593711446983254,1000
797,2.2169539804991882,6.425855848025338,13.399442375470464,0.6272637139210135,1.217985649323979,3.6633623029574975,0.9875171012140018,3.4463908597843744,1000,2.086420808720278,3.686447609723054,23.92863803540225,0.768581085843192,0.491832327102994,3.4171573861746904,0.5800018804676217,3.592839736972934,1000
798,2.1016423557138566,12.551715728017905,5.775054628907543,0.5012136671440961,1.199083120649389,3.135423972844906,1.1192635681114282,3.084021143316285,1000,2.498376564584579,10.974407539774768,6.1261511207198875,0.5487344810533995,1.4719601934984365,3.6127231083268376,1.422856981719916,3.573896147449242,1000
799,0.4926029088811492,10.021371553873067,12.873694173304232,1.0993950134202943,-1.6488869969133808,2.891004411233883,-1.6622113174226278,2.6474171351849263,1000,2.225582487697153,15.452917010597545,4.3017848746373835,0.7949337405689791,0.4444860144542932,3.7905525231747736,0.667512356181954,3.783652619212352,1000
800,1.0833660359470838,12.462179369828686,9.057480949738268,0.4949558383816478,0.08519995344150576,2.165625432847713,0.11325259271905408,2.0534794791751136,1000,-0.1623407318605805,4.0998842032300145,25.597252316943866,1.2797710068814354,-2.129710361370037,2.3767082825696195,-2.670691905348194,2.346010441627033,1000
801,2.2226003728490804,14.048781482826412,6.669108763274568,0.5532994009646962,1.0965771402126996,3.3351513101863137,1.1381335469582758,3.307067198739885,1000,2.8299237011605713,8.659285009505288,6.071415500681493,0.7802871383418539,1.095358053421335,4.185616349538706,1.3005609100105378,4.359286492310605,1000
802,1.4776135132667942,8.722242680075185,12.3287580838085,0.5547500950180673,0.3401646115796233,2.6348462073110075,0.3903033270313825,2.564923699502206,1000,0.9919969102590049,9.033131379725098,10.109550542327527,0.6317724637734797,-0.10354915744171153,2.389770179621244,-0.2462771187370154,2.2302709392550253,1000
803,1.2123229960822606,15.378176911649833,5.320599838329114,0.5082393892895721,0.3028179665196937,2.3441997994661157,0.2161737930746992,2.208472199089822,1000,0.25132159268954224,11.077260294859977,6.604574989093273,0.7086871935625313,-1.053723985256797,1.766097426139514,-1.1377053066930192,1.6403484920721036,1000
804,2.4897829695765883,5.3809230383867765,15.913108582162524,0.6134489634052879,1.5075122453311693,3.9229145486419497,1.287423001302224,3.6921429378509525,1000,2.855832876665537,7.56316555807484,6.413808792167257,0.6671242023217846,1.6886295092983654,4.328751899752266,1.5482694401148391,4.163396313216235,1000
805,2.5196600097488377,8.797680332668223,12.861670612219031,0.7939255509001911,1.1100484391489416,4.173801270946555,0.9635659299844632,4.075754089513213,1000,2.481577297304193,10.07051640319012,5.9049356878537935,0.699180237472931,1.246357014293626,3.9094881305786053,1.1111840318572481,3.851970562751138,1000
806,2.634209837634053,10.761131679274134,11.13257772919182,0.5043455606790408,1.6361631627624622,3.6285925282136104,1.6456925387031331,3.622727136564973,1000,3.5012283741624897,7.992828265808827,12.39355563510754,0.7358789598996907,2.0033568010435197,4.973219598186674,2.058905612759096,4.943551135565883,1000
807,1.6332334655325536,5.700417645412885,18.687850512882797,0.7578397938597357,0.4586070240377374,3.4478069594026097,0.14786746956747177,3.1185994614976353,1000,1.589923107182106,6.384838772859642,14.518823070499767,0.7280938964435989,0.41829113639348936,3.345133722342053,0.16285907015265222,3.01698714421156,1000
808,1.8609290148972442,7.098335730064274,17.4597115620444,0.6957451732593007,0.5194350958481416,3.3043790480625743,0.49726847530901463,3.2245895544854735,1000,1.2315549434232878,8.397153688656854,10.289630362201413,0.7101268454264473,-0.11548938359700148,2.963270984733977,-0.1602936736125491,2.6234035604591246,1000
809,3.248319820636816,9.606623741691578,7.776905805447378,0.6171497640851569,2.075055144053754,4.504181613072043,2.0387062830299083,4.457933358243723,1000,2.8884219718975634,7.007150100117407,7.796405400092345,0.8744127693709093,0.5388670711387794,4.122398865830219,1.1745729439305812,4.602270999864546,1000
810,2.1606008143723248,15.714375081220727,5.441636339188011,0.605758884386612,1.1571756307664558,3.475341333869491,0.9733134009745654,3.347888227770084,1000,0.9697336518813886,6.397203667269012,19.32947323177276,1.0378426027737437,-0.6959727361874,3.347342399150104,-1.0644378495551492,3.0039051533179264,1000
811,3.223310995048081,10.40563242747701,5.881114515582057,0.5716550376984503,2.117583337174521,4.385801103185174,2.102867121159118,4.343754868937044,1000,3.5723305592412276,9.07706047755555,7.511073625333987,0.760764984010584,2.3032214750009445,5.264593899382495,2.081231190580483,5.063429927901972,1000
812,2.592837084684483,12.04476835817924,8.354965807330032,0.8015710685478353,1.0806687054108355,4.207431828329328,1.0217577903307256,4.16391637903824,1000,1.85394171770692,12.019920667641442,6.24899745410391,1.0148480968028581,-0.4662425371741521,3.663949708115359,-0.13516055202668187,3.843043987440522,1000
813,2.9143816782091134,11.456806528707858,7.488129106414634,0.5867159911769043,1.7536299472301482,4.016397837382351,1.764418335502381,4.064345020915846,1000,2.494863426948933,8.385197050267879,7.363955422941022,0.8103372865112191,0.9505244824784779,4.106416458868011,0.9066023453869438,4.083124508510922,1000
814,1.606787106350469,14.420435241691917,5.846176723348952,0.48612341821078375,0.7236809725920991,2.6086870682263306,0.653985206657333,2.559589006043605,1000,0.8549835240231922,8.586910246594288,14.799757594840177,0.9439284708227226,-1.0387106797235492,2.972454384911592,-0.9951162787893439,2.7050833268357284,1000
815,1.533573012442246,16.131237265726412,4.81874154453006,0.49929661422016675,0.6900347624521201,2.6561673592752637,0.5549516485707192,2.5121943763137726,1000,2.7886481272467076,8.223963574594373,9.189239838277187,0.5297911709770856,1.7792443181841076,3.8101233541244244,1.7502574321316198,3.8270388223617955,1000
816,1.453140338666001,18.394817752482858,4.430282758124722,0.5044566882316629,0.5262337890882297,2.533588969403346,0.46440522973194165,2.44187544760006,1000,0.7962376731619245,11.154585771515983,10.09634211629354,0.9479798774952477,-1.12161457273021,2.7745536393531545,-1.061802886728761,2.65427823305261,1000
817,2.5576245060134486,15.420422971590966,5.288762700533676,0.5542472919337191,1.6088819844535396,3.8011180408397776,1.471299813823359,3.643949198203538,1000,1.6349104207706358,4.051819416407137,18.89940940586994,1.096530553599394,0.2607664547900668,4.229870476868293,-0.5142894642841767,3.784110305825448,1000
818,1.0649180310725783,1.3633410113374742,131.91126858024506,1.0771938863562558,0.3124239477727404,4.155847136908911,-1.0463819861856831,3.1762180483308398,1000,3.8082957026001063,7.031518754230807,10.597253040296716,1.1687909621319865,1.5546246190589306,6.514806794888707,1.5174654168214126,6.0991259883788,1000
819,1.3379177130916422,18.558647237023756,3.468711217512339,0.5107640555079594,0.41144688164070514,2.384183793888209,0.3368201642960418,2.3390152618872424,1000,1.4311114706695611,16.936034730344375,3.924662925854775,0.7239962587018406,0.22174449150177516,3.042079775369452,0.012078803613953637,2.8501441377251684,1000
820,2.133674025240971,3.1177779309899214,17.20830258530252,0.7393938304470384,0.8946890367742978,3.9313153381039347,0.6844621175647758,3.5828859329171667,1000,2.1160124587951126,3.083318098651961,17.365104390811297,0.830648856385195,0.9534313259930927,4.103100712270536,0.48794070028013037,3.7440842173100948,1000
821,1.348671793705792,14.654850116249445,6.464171730760513,0.6951979028639288,-0.041665206170417024,2.6709408314940153,-0.013916095907508419,2.711259683319092,1000,1.0537422927884839,7.820041494059383,11.717764437141252,0.8803729118126279,-0.7728393258957327,2.6429565441226863,-0.6717886143642668,2.7792731999412346,1000
822,2.529904050970493,8.460914669092253,13.890421492899405,0.5901279467826465,1.4043861719274704,3.7305111927969463,1.3732532752765059,3.68655482666448,1000,2.3711186332662697,9.497751190198818,5.977987743569876,0.7330202066200923,1.060424364172116,4.121425947594078,0.9343990282908889,3.8078382382416507,1000
823,1.6053366362735888,12.242662878808202,8.383089217646395,0.6500639334706417,0.5581383956211291,3.1837892523728217,0.33121132667113096,2.879461945876047,1000,1.1451527729998072,10.897537423947014,8.171875720698507,1.0834900947233022,-1.1368502946401287,3.365869460612908,-0.9784878126578649,3.2687933586574793,1000
824,1.2801782786948435,16.987131002516914,6.12525490309314,0.48592790102326444,0.2175354971809291,2.1455799135101916,0.32775959268924515,2.2325969647004418,1000,1.1860652484568592,15.625293348841536,4.987908749886788,0.546700422651111,0.04839399858602999,2.1591792451975107,0.11453242006068187,2.2575980768530366,1000
825,1.7097188853132734,9.49157259701168,10.056155315310033,0.462755951206437,0.8770788120851393,2.708264027041325,0.8027172209486569,2.61672054967789,1000,0.9258905252352507,9.944990038128434,6.616018081568041,0.7663063212581864,-0.9790716441458789,2.262406405995354,-0.5760698644307947,2.4278509149012963,1000
826,2.6375327139382976,7.612795832434154,14.095298450330386,0.6004567701814725,1.5942597539126588,3.910159606785716,1.4606374443826116,3.8144279834939834,1000,2.859046166329523,5.739600576340058,12.96295207307254,0.7849484332483879,1.1661104777844067,4.374158414535039,1.3205472371626825,4.397545095496363,1000
827,1.9440923102481849,11.73751280250759,7.625671340314764,0.5997165834331297,0.8393773473009539,3.1320277860104917,0.7686478067192506,3.119536813777119,1000,1.3314504886009264,2.779821558004934,36.58614198800103,0.7695584410442753,0.5899997037549013,3.4996669997898757,-0.1768840558458531,2.839785033047706,1000
828,1.8847161489066013,18.873671512180383,3.696568057877561,0.4937263063108294,0.9464245369502479,2.900412240318896,0.9170125885373757,2.8524197092758268,1000,1.2234452102864988,9.455738548654057,9.859561507541986,0.8905410890285483,-0.8567269139502757,2.82976853475291,-0.5220153242094558,2.9689057447824534,1000
829,0.6688377015318925,2.95491221869273,54.816816102097555,0.6179091894971083,-0.40126348802892836,2.1535763684788853,-0.5422643098824398,1.8799397129462248,1000,0.44663738277309806,8.857543679393059,9.080751890027784,1.498739490029378,-3.232370168671223,2.6474414309289775,-2.490892017684483,3.384166783230679,1000
830,0.9238968551578535,6.846551633711416,18.671942103959854,0.9303810922540158,-0.3360285273444359,2.98041555951853,-0.8996500856600174,2.747443795975724,1000,-0.001607710847424837,2.9286656400404696,37.661988333811465,1.1952068945550354,-1.0422191098723517,3.2936194087466713,-2.344213224175294,2.3409978024804445,1000
831,1.6113098826887842,6.857475990969703,16.715491340842703,0.723863756599661,0.2257138990238795,3.0972786229375138,0.19253691975344878,3.0300828456241193,1000,1.3907325699768407,9.517754865403212,7.176493888603449,0.9062923118521827,-0.48451019223044706,3.140346864451927,-0.38560036125343733,3.1670655012071185,1000
832,1.4126627822789175,13.81662697617329,7.488044996683256,0.5678996004245798,0.34612709575510975,2.636414253066234,0.29957956544674125,2.525745999111094,1000,1.1970817971919623,14.788089011601459,4.764684617108617,0.5718910479523339,0.08909768160314502,2.3560757239581873,0.07617534320538777,2.317988251178537,1000
833,1.9022496943470117,13.818321132604888,7.636727817199484,0.5754593906297057,0.6755133879094668,2.9336454222490667,0.7743492887127885,3.0301500999812347,1000,1.754646129194736,9.76735013659783,8.195111094406947,0.5589266442771962,0.54987451094696,2.7987987526192852,0.6591499064114315,2.8501423519780404,1000
834,1.0278215440803333,8.092478809696551,16.7019410817036,0.631191853496516,-0.2895262610556364,2.138489480127288,-0.20931448877283798,2.2649575769335044,1000,0.9360929404011065,6.624946283840946,13.818894968479393,0.6408693051697034,-0.36567439992963585,2.2319735188592627,-0.32001089773151215,2.192196778533725,1000
835,2.7699842435337056,1.7896781580013483,81.47386827427289,1.3730267608602653,-1.2666299781444437,3.5908345675737716,0.07885179224758554,5.461116694819825,1000,0.13573604261369265,4.118289323096113,20.340211760266598,1.1366731207639242,-1.6735685344070492,2.3834807402848153,-2.092143274083599,2.3636153593109843,1000
836,2.205358160821797,15.576361092837544,5.087737233696078,0.5027791772632667,1.1663308506932215,3.1523842400814077,1.2199109733857945,3.1908053482577996,1000,1.7499206035943564,7.191901665116905,13.526766069264823,0.9114651341120817,0.09642977237006145,3.6501694632145543,-0.03655105926532376,3.536392266454037,1000
837,1.5415122935527492,7.369858032070234,17.118818459674127,0.4686712738826459,0.6332732615465149,2.491607396493672,0.6229165967427632,2.460107990362735,1000,1.2429539667619576,11.42504126757661,7.089475685525244,0.6737780923431209,-0.1405375049855834,2.6321589107223584,-0.07765109423055949,2.563559027754475,1000
838,3.7693877905505464,1.942607649345681,69.66941923406932,1.206924468588465,0.5071630985577431,4.7746661448048915,1.403815832117155,6.134959748983938,1000,1.686317888063451,3.0948839715423895,26.188131413819857,1.1281962039222437,-0.9855437301787652,4.202791026860603,-0.5249466716241464,3.8975824477510486,1000
839,1.759477487768145,10.887185428431383,11.993213001722246,0.6026567456084483,0.5598762421564634,2.983945011091639,0.5782702663755863,2.9406847091607036,1000,1.0021547234366404,4.505387070106141,16.72389869756133,0.6730191161440819,-0.06443262778178584,2.4722543319280676,-0.3169627442057603,2.321272191079041,1000
840,2.5016776433892915,13.883294539812091,5.449347096843947,0.625323050339638,1.2410437005520645,3.701231631866475,1.2760444647236011,3.727310822054982,1000,2.7781934725302198,8.713771640422854,8.918505716255002,0.6491094881370384,1.6221272753904352,4.056144916947159,1.5059388757816246,4.050448069278815,1000
841,3.1979437906509625,7.358299945450006,8.715138271455698,0.6888781534502655,1.7940259148256572,4.482709996141336,1.8477426098884422,4.548144971413483,1000,1.7842036803765358,4.455649786720551,11.418138904573306,1.0532174870882534,0.04069735259458348,4.149427956109236,-0.2801025943164408,3.8485099550695123,1000
842,4.49598024630676,5.512478009293132,17.90552275965293,1.0131973213337788,2.3438499822083365,6.135398185620529,2.5101134964925538,6.481846996120966,1000,3.592473699058372,8.62401230602678,5.7194269736501635,0.9726435927819828,1.564061518558404,5.612426770173135,1.686092257205686,5.498855140911058,1000
843,1.218899968265661,4.39759706184781,27.031793621573915,0.5621315110155417,-0.0683629650872241,2.271330740371201,0.11712220667519913,2.320677729856123,1000,0.5192870826404716,7.471365674258885,10.825452843819159,0.7243708371717585,-0.8229941984395331,2.154120992634953,-0.900479758216175,1.9390539234971182,1000
844,1.3925153047015815,8.24794619923324,14.494405665337796,0.7342681138982559,0.16434604104728137,3.2174984480613342,-0.04665019853899999,2.831680807942163,1000,1.1936189947105058,7.996248267500044,11.039060405574405,0.7590044213528968,-0.16288766092345253,2.8814846923040256,-0.29402967114117184,2.6812676605621837,1000
845,1.6647027399377108,3.7298176114428885,43.091490280402255,0.6940469643619921,-0.14552801917013072,2.612254562374022,0.30437068978820636,3.025034790087215,1000,0.6892191724347141,5.95468909375281,11.826671858129899,0.9126402916489583,-0.9550398834248955,2.596197676280191,-1.0995557991972442,2.477994144066672,1000
846,1.4236650825792578,6.627706837280062,18.188317932043994,0.6390567313491069,0.37308280365339974,2.8888319334935897,0.17111388913500836,2.6762162760235073,1000,1.1962965824106369,5.085208176537285,21.98068531967884,0.7985042523926801,0.09246177544398139,3.2085382497650476,-0.36877175227901615,2.76136491710029,1000
847,0.455191144026839,5.39929277180407,24.891310691814354,0.5958528623121857,-0.46132755908369916,1.9407531958941693,-0.712680466105045,1.623062754158723,1000,1.5815304137541013,7.549742352586033,9.450691268738549,0.8843385258135129,0.3160831859502049,3.820977027660451,-0.15177309684038387,3.3148339243485863,1000
848,1.0682060330799192,16.6313883320022,4.82099276948617,0.6244529812871691,-0.21557049334724826,2.207643581530885,-0.15572181024293208,2.2921338764027706,1000,0.7598172824121403,7.939542262092469,15.938280892372884,0.6853802513402238,-0.5679327787418241,2.221725447277522,-0.5835280102146985,2.1031625750389793,1000
849,2.735541810816043,13.720905878518943,6.135680424358875,0.5116625881599567,1.7226301102361192,3.6825806821795024,1.732683138022528,3.738400483609558,1000,2.8918275500116675,10.095690089062309,7.893295807908021,0.5908027867413735,1.8286412699135284,4.1558895567651675,1.7338540879985753,4.049801012024759,1000
850,2.546929173463008,4.9370822215194945,25.710096352804044,0.5967027843156917,1.5350438705305807,3.873000251058987,1.3773917162042524,3.7164666307217633,1000,2.774730593381639,10.379049640745208,6.644421949786264,0.5519686724710484,1.718881340330113,3.8863652782493254,1.692871995338384,3.8565891914248938,1000
851,2.9443758864442215,11.572247865959598,6.330527131472517,0.6049264073775169,1.7281234039908775,4.178607753165835,1.7587201279842883,4.130031644904155,1000,2.782561396524766,10.70845716306819,6.529034967988921,0.8719037521188772,1.137049996853634,4.552108273530293,1.073630042371767,4.491492750677765,1000
852,2.038503018844806,17.487288546239974,4.671351942016457,0.4705942913661981,1.0665614553542833,2.854553162613951,1.1161382077670579,2.960867829922554,1000,1.4349123056220918,8.495836738549832,11.765498232519205,0.7355373677653391,0.02709467867421775,2.935471854016016,-0.006740935197972808,2.8765655464421567,1000
853,2.017650023652996,11.569333065133472,8.230939024260206,0.5227755409019501,1.1117548529664747,3.124341584925471,0.9930099634851739,3.0422900838208182,1000,0.42721042251272756,3.346860167524146,31.741492510296094,1.4591333971965808,-1.227996758480191,3.939588060814286,-2.432691035992571,3.287111881018026,1000
854,2.3587018144825063,11.326550204347665,7.6607628005849415,0.6650365066094436,1.0348305656599215,3.633149975975761,1.055230261527997,3.6621733674370156,1000,1.9309250866481835,8.66479357588266,7.0286065207713495,0.6602263583349214,0.6225655300323913,3.1497243744097534,0.6368814243117376,3.2249687489846295,1000
855,1.7603878357249907,10.305369932620367,12.672093690461516,0.5715948511794194,0.5668116131873381,2.8423880066554927,0.6400619274133286,2.880713744036653,1000,1.4036474733460491,9.952603710879416,7.560308670642714,0.5332534544836461,0.44247755990792914,2.5570883268004305,0.35847070255810265,2.448824244133996,1000
856,0.5090797480226641,4.50728816252855,29.372908794551453,0.9148643285148961,-0.7855392097141622,2.7425811930122026,-1.2840543358665322,2.3022138319118604,1000,1.2538843093523098,11.933397403700111,8.133382745015773,0.8059865294334893,-0.24986325117627267,3.097228067662565,-0.3258492883373292,2.8336179070419485,1000
857,2.134237241529497,8.268906118578286,14.032231401171645,0.6081268959859322,1.0598264297039122,3.4213606333366973,0.94230852539707,3.326165957661924,1000,3.2739018561457014,11.909350642231153,5.113377110642656,0.6578923676294729,1.976456749683457,4.5779096882328965,1.9844328155919346,4.563370896699468,1000
858,1.513631442864987,2.7216551622216993,38.39618142448844,0.5962790218847553,0.5832153338870809,3.097207220129761,0.3449245599708666,2.6823383257591074,1000,1.2592542196279513,4.588684544789937,12.544242719433454,0.715358475685942,-0.11066164462090923,2.741417283506504,-0.1428483927164952,2.6613568319723977,1000
859,1.9044673932335585,16.61767443560481,4.1878415955183605,0.5905990686103771,0.8321242188371654,3.1603685632320646,0.7468932187572193,3.0620415677098975,1000,1.767899251063495,12.838817872135811,4.978534196540753,0.6149208598360029,0.6820611634283368,3.1016985184846586,0.5626543657849294,2.9731441363420608,1000
860,1.57403193998138,11.526833289643642,9.575419670309584,0.8262275265694747,-0.3503670318213691,3.0765614433963027,-0.04537401209479053,3.193437892057551,1000,0.8463926992679882,7.3100214937105585,14.338208493453212,1.1013049552895529,-1.192570134007566,3.0299856306746564,-1.3121650130995355,3.004950411635512,1000
861,0.6189002394320713,8.651013919662459,11.98524203444484,0.8336167838771651,-1.0882052540459024,2.2125702507307476,-1.0149886569671722,2.252789135831315,1000,1.256223726340507,10.56871854994314,5.821684009826895,1.1588371466386964,-0.896368551288876,3.963953054774268,-1.0150970810713378,3.5275445337523514,1000
862,1.877482186104958,11.496509774833928,11.230938007689613,0.6768578194231076,0.6917480149286073,3.3586963925507307,0.5508408600356671,3.204123512174249,1000,1.6312058797945557,11.95110814516053,4.612563013870511,0.7973441781271746,0.07615183961485987,3.2496563742899287,0.06841129066529339,3.194000468923818,1000
863,1.319123693375038,13.075037114952789,7.794388932494982,0.4801482842558171,0.47190935322687383,2.3750309011889685,0.3780330562336366,2.2602143305164395,1000,0.7754841545147535,8.941302517752167,13.059816526836556,0.9804761470529254,-1.3905886209373732,2.5528570613087824,-1.1462490937089802,2.697217402738487,1000
864,1.587420942015173,13.653710113924072,8.38226645969928,0.5528546866370917,0.5612533749016656,2.728313400581461,0.5038257562064734,2.6710161278238727,1000,0.7988704419781851,10.062197828483171,11.178477673200923,0.9609821679992429,-0.7993288293520684,3.028133261630828,-1.084654607300331,2.682395491256701,1000
865,2.65808975685451,11.449728016220185,6.510090298279687,0.6756935364522291,1.4062539800840579,4.048237400990961,1.3337304254081412,3.982449088300879,1000,2.7590114303667255,9.133957788836119,7.666567674538294,0.8730299611031109,1.2177235165953004,4.558256502194543,1.047872706604628,4.470150154128823,1000
866,1.0547128629719245,12.684305595865158,7.951963186073971,0.47982337125641084,0.14992272865177056,2.040377734389522,0.1142590553093592,1.9951666706344897,1000,1.410812526015581,10.356496389104084,7.370749226572347,0.6948927267983036,0.12349704268814078,2.8784398239564934,0.04882278149090591,2.7728022705402564,1000
867,1.2003070624531356,11.023605375507602,10.13875882350446,0.9208384830901178,-0.3628124054752415,3.050754501602911,-0.6045363644034953,3.0051504893097665,1000,0.3826975743779557,6.923341755710243,17.848324847105477,1.087998547409938,-1.3065888251035769,2.910266955624659,-1.7497795785455228,2.515174727301434,1000
868,2.5635712583535804,13.885711694162682,6.94093701613233,0.645359899879904,1.2829577126561678,3.793126192172107,1.2986658545889684,3.8284766621181925,1000,2.7880667942569186,10.887276859944286,7.942452227977702,0.6224500545644678,1.758441112739592,4.269418531722146,1.5680646873105617,4.008068901203275,1000
869,1.842929075628025,12.887413630320754,9.208990900228082,0.5616468846901763,0.7350234849970338,2.9169355213913484,0.7421011816352794,2.943756969620771,1000,1.3125078970885822,12.822184368682253,5.41542502576176,0.9377393453672299,-0.7530620570351041,2.9848165137963862,-0.5254612198311883,3.1504770140083527,1000
870,3.1347676534029976,2.8429641726930517,39.83427481196495,0.6588063515774464,1.7396053083127538,4.456536209012008,1.8435072043112026,4.426028102494793,1000,2.0271595691205695,4.207061619985262,10.195253919371055,0.8565796698990037,0.6873426200099446,3.8920874529895664,0.3482634161185223,3.706055722122617,1000
871,1.8713307404541006,19.2428260555383,3.4076156479209336,0.5006562296675897,0.7436993956210078,2.7402966048094504,0.8900445303056248,2.8526169506025765,1000,2.5290138087301557,9.779675849818197,8.49347782899923,0.5399467588664605,1.558830326201051,3.542037943834488,1.4707181613518931,3.587309456108418,1000
872,2.413036009701043,9.543008972207673,10.237476114219252,0.6536818153241142,1.3233885121724194,3.8672726884292943,1.1318196516657792,3.694252367736307,1000,2.0088514577929173,6.82785887461833,12.21218938504585,0.908138821888362,-0.0011993189776018356,3.692192835364564,0.22889936689172763,3.7888035486941067,1000
873,2.7892322601900545,13.976678681626208,5.132677376099915,0.5230824564267277,1.6257074843162354,3.7400589647355504,1.7639906455936682,3.814473874786441,1000,2.9012478667479327,12.046535547265396,4.846971952047027,0.6729899806150061,1.9140643981432919,4.5258365912818395,1.5821875047425207,4.220308228753344,1000
874,1.0839770336981527,11.733232037092725,8.58759373769807,0.4431518561309024,0.29856036961461874,1.9905664495669049,0.21539939568158395,1.9525546717147213,1000,1.6773197153593202,11.562098196695823,9.458453695483241,0.7547790793366842,-0.05371463707344204,3.0031442444530327,0.1979527198594193,3.156686710859221,1000
875,2.702390549568528,7.844989784568761,11.055440390152496,0.5708067008730583,1.654082476647515,3.8728444478801594,1.5836094158573337,3.8211716832797222,1000,2.550603562848915,6.956074764950886,11.96135605422159,0.6917236549314927,1.4373611825655654,4.078633502027812,1.1948251991831895,3.9063819265146407,1000
876,2.3663976108758846,10.828049014301994,9.542994394176915,0.7009838211272673,0.9868214925688654,3.7532452352328356,0.9924693214664406,3.7403259002853284,1000,0.9847943068687841,2.801880399279143,38.567211424690306,1.1029233075353688,-0.5165932353588001,3.7106463182972216,-1.1769353759005385,3.1465239896381068,1000
877,2.035489966137999,8.185076067278189,14.298710876179419,0.6229216005463564,1.026737489353129,3.572046407114225,0.8145636290671405,3.2564163032088578,1000,1.28337980622049,4.815464486667411,17.511481942396024,0.8855536995500974,-0.21758490532388153,3.396902310742163,-0.4523054448977011,3.019065057338681,1000
878,2.409780529690012,13.254782270100238,7.40570735773307,0.7584610012214662,1.0441384151807587,4.099420048411951,0.9231969672959381,3.8963640920840854,1000,1.2073586093561817,7.467168925254146,13.154829437912845,1.1357139973871515,-0.4121974116627307,4.129137967345991,-1.0186408255226351,3.4333580442349985,1000
879,0.9134396913202258,2.8215923457338055,48.758914426470525,1.3700754931034944,-0.5664673001004248,4.1932737377694655,-1.7719082751626232,3.598787657803075,1000,2.5875297421550485,9.241704626553634,8.583886604834895,0.9638347282523133,0.833588077565508,4.796761364520822,0.6984136747805145,4.4766458095295825,1000
880,2.682976405716242,5.893910346960322,24.50494468476996,0.591812752286308,1.7651340011980672,4.105737396185605,1.5230234112350782,3.8429294001974057,1000,3.1129913579151913,7.764004476288986,10.002895077207373,0.7151377849028488,1.6501769775023472,4.411019837416919,1.7113212995056075,4.514661416324775,1000
881,1.1652281096249388,5.860904537037117,26.862097140379102,0.7908824842838525,-0.30455962111444046,2.658250183270054,-0.38490155957141203,2.7153577788212897,1000,0.5251028087920688,8.320442873440722,9.101766670644615,1.1839990172895594,-2.2076947195904038,2.421517966130852,-1.7955352650954675,2.845740882679605,1000
882,1.5814443616601168,11.716399810792387,6.368269942437427,0.5099768118701339,0.6954730825498782,2.6842128197053006,0.5818898103946544,2.5809989129255793,1000,1.7935893427898546,9.259062085450871,6.270102555089753,0.5628961311513107,0.8548565224319058,3.0308785193193604,0.6903129257332858,2.896865759846423,1000
883,2.83322903254869,7.2856016097377765,17.18879176744988,0.5075127491390186,1.8799186956768514,3.9145646350594987,1.8385040442362137,3.8279540208611667,1000,2.792143471967303,7.160600270045325,10.340223778009852,0.8670540064068983,0.9730110167666999,4.353348901958703,1.092717619409782,4.491569324524823,1000
884,1.5405395675484135,9.16325776879068,11.293974193390175,0.9740424397757615,-0.0881512098956651,3.556458157812407,-0.3685836144120791,3.449662749508906,1000,1.5416439270927143,9.730651008261795,11.270724962873972,1.2934112504561062,-0.8293140816050505,4.539501751724292,-0.9934421238012536,4.076729977986682,1000
885,3.791497648486559,3.503727287760656,28.584757481406907,0.7990835429148183,1.9469155081494138,4.869395207089053,2.225293904373515,5.357701392599603,1000,3.2981363347862933,8.049796884679294,7.283924730025642,0.775893528886963,1.3564516473056627,4.487506070078014,1.7773850181678459,4.818887651404741,1000
886,1.2060829114735476,9.078644021786245,11.331946595420003,0.6118190943193901,0.1586088074266253,2.5375538215404974,0.006917486607542989,2.405248336339552,1000,1.7049942068851691,11.97830329115417,5.981229519099797,0.6662588033757431,0.43533703510578925,3.2804441569250096,0.39912695226871264,3.0108614615016256,1000
887,1.7235969428697637,15.945793659455633,5.870116439502076,0.5788211195530694,0.5886259333731404,2.9565050051464787,0.5891075485457478,2.8580863371937797,1000,1.3915329154493792,5.813268384898988,14.722355913386933,0.8649174801793136,0.11471607194382881,3.5223061568815672,-0.3037053457020753,3.0867711766008337,1000
888,2.2078322625326536,9.985986367816375,10.918214144851785,0.575440188930381,1.3041099983630016,3.519649571251969,1.079969492229107,3.3356950328362003,1000,2.2834708539008095,10.914241231023821,8.257128235569452,0.6923264863241406,1.166987095934782,3.8802443747198376,0.9265109407054939,3.640430767096125,1000
889,2.122495557608617,8.855000995154946,10.257429294854745,0.6049321286120019,0.9563042341354712,3.381374143084854,0.9368285855290932,3.3081625296881407,1000,2.3428241792975117,8.239539793078741,11.770162298770922,0.6017039364314057,1.2903813583582315,3.6163744654083834,1.1634844638919566,3.522163894703067,1000
890,1.3788018755916291,7.579472236652299,16.558030351646217,0.5691827768769931,0.0747318371621831,2.3517237863706124,0.26320363291272253,2.4944001182705358,1000,0.6335663961826565,9.268012949621578,8.658265932591432,1.1060331412258368,-1.5616061301912516,2.8912321537176053,-1.5342585606199837,2.8013913529852967,1000
891,0.923771042005896,14.019126749973847,7.0155260977238765,0.46368378403189575,0.0356992351876023,1.797430972314893,0.014950825303380322,1.8325912587084117,1000,0.49679619606947956,11.798431826500687,6.061604462355771,0.7010323375182027,-0.8818389624242826,1.8885635752141698,-0.8772271854661977,1.8708195776051568,1000
892,2.689823805062095,8.4791941486641,10.961913957063121,0.556805461562272,1.764990644089191,3.904111104056751,1.5984851004000418,3.781162509724148,1000,0.6903804244476128,1.4724741622500037,80.4711785236608,1.6201710978841541,-0.19577815938026857,4.644811210405248,-2.485154927405329,3.8659157763005547,1000
893,2.103301099890678,11.90857983628354,6.371908702861604,1.0179919188646467,-0.5600214782847576,3.5721213309279074,0.10803693891597055,4.098565260865385,1000,1.5883040504803796,5.972242594407834,10.917221691220455,0.7543218522958853,0.1183617395430754,3.0768786166585875,0.10983321998044437,3.066774880980315,1000
894,1.176205825692477,11.5203212114389,8.731327668362512,0.6026112291361473,-0.07570409180033043,2.336423470677936,-0.004912183414371718,2.3573238347993257,1000,1.968069406221776,7.019500685953924,13.492540729386912,0.9435219570782781,0.06392058289954558,3.640841407686807,0.11876637034835102,3.817372442095201,1000
895,1.746098800300318,10.303436054725525,8.776704427865374,0.47260721846493314,0.920914676564368,2.8391031520683154,0.819788652109049,2.672408948491587,1000,1.4208540611757337,6.404142294280927,15.80886589414043,0.4997547933475298,0.5998432434382567,2.570611393447232,0.4413346662145753,2.400373456136892,1000
896,2.54990745286308,10.291018217265432,8.497405669199669,0.6050101588592864,1.3248776783650038,3.7311313817682423,1.3640875414988787,3.7357273642272815,1000,2.096216963902865,8.331107874944607,11.278712008427366,0.8415873948222248,0.6937820354885995,4.085116142469324,0.44670567005130457,3.7457282577544255,1000
897,2.3455572008096714,8.395275787400156,13.93845992057313,0.7400225065868472,0.9134458846711978,3.7796907057201663,0.8951130878994509,3.7960013137198922,1000,1.5370872103761108,5.813605955990669,14.654646132110209,1.1458395301539224,-0.306697652852163,3.9618088627076626,-0.7087582687255769,3.7829326894777986,1000
898,2.183592915872938,10.72195643002917,9.346813855657054,0.5583055545414921,1.1216242981609965,3.3005136599774816,1.0893140289716134,3.2778718027742624,1000,1.6534971886003946,8.251280259490905,10.90583824029291,0.665773201956924,0.3707792086780432,3.2358213769642354,0.34858171276482364,2.958412664435966,1000
899,2.165644999970112,14.91618857814876,5.313849688886072,0.5704182668395422,1.1453058180152604,3.3102951197987336,1.0476251969646093,3.283664802975615,1000,2.2148379910844387,13.280060020651849,4.8463901856833935,0.6836409594129935,1.1667465733372742,3.7404422033328104,0.8749017106349715,3.5547742715339057,1000
900,2.6961868309607424,17.855961991445998,4.117055178106529,0.634287281462415,1.421566367272336,3.9804337389653237,1.452983759294409,3.9393899026270756,1000,3.8254120638350524,10.176714065654545,5.335687971497725,0.6513675103165437,2.512835978905886,5.014561952069039,2.548731743614627,5.102092384055478,1000
901,2.863631929682443,10.772312554956445,8.583361661114868,0.7886341031316674,1.524642156364171,4.6653082523809974,1.3179090875443749,4.409354771820511,1000,2.138844925917849,7.1518889810180175,13.372316570087524,1.1417948956114683,0.2671599427424812,4.916061211982632,-0.099073069480629,4.376762921316327,1000
902,2.464079849330094,3.281272619915611,26.2555012097759,1.5465313896114183,-0.8320437092461477,4.893940685620903,-0.5671216743082859,5.495281372968474,1000,0.47862332862107904,3.1183705763036254,20.075490698660847,1.007869948575543,-0.9191032881656439,3.2453007721394713,-1.496801770586985,2.454048427829143,1000
903,1.2808907066073418,4.065359957997814,28.867899931403823,0.6467192181527532,-0.21514898532455246,2.7065217285774077,0.013321039027945458,2.548460374186738,1000,1.3331062410098458,6.5308005732928045,14.979598987400822,0.5961080945501452,0.3781799028389301,2.7170582204110283,0.16473437569156113,2.5014781063281304,1000
904,2.1668616109473575,14.230651221580173,5.1051105613222845,0.5755693194316113,1.0089957978276396,3.27488825791941,1.0387457448613995,3.2949774770333153,1000,1.6840562224555025,9.394338012476451,6.4529096573563125,1.040389200540297,-0.3901316791005646,3.6976585642466815,-0.3551066106034799,3.723219055514485,1000
905,1.4322773965343998,9.693621881742825,10.916002991687268,0.6230133972286818,0.43727637973255756,2.9286055449744066,0.2111711379661836,2.653383655102616,1000,2.522867285119383,10.451785810576288,6.5447155238726555,0.7104607859320277,1.27975672130394,4.027267140713671,1.1303641446926087,3.915370425546157,1000
906,2.134444240319118,6.974362623306347,11.921306345731429,0.6297664664603193,0.9694207049582116,3.380381987512464,0.9001019660568923,3.368786514581344,1000,2.1110750296813583,6.876782025509907,7.324707052724714,0.6891968314507043,0.921521933778092,3.5856843545437314,0.7602492400379779,3.4619008193247387,1000
907,2.6555697048726943,6.372512045022166,16.91292096920014,0.9273684083805989,1.1785923457053091,4.776215728898939,0.8379276244467206,4.473211785298668,1000,1.6049809383221323,5.459905553358188,18.04304858108757,0.8992399838600776,-0.448088529391013,3.5190816436147005,-0.15752943004361986,3.367491306687884,1000
908,1.6570659891921578,9.903397880200032,9.689371777609823,0.5955154349013343,0.6182610915016339,2.9496569651701554,0.4898557367855425,2.824276241598773,1000,1.7773045969892314,10.925732726119746,5.71071832862963,0.7750885947690931,0.5570310110393634,3.6046281688973005,0.25813095124180885,3.296478242736654,1000
909,2.5710044912471632,7.764007728936265,14.943167189424331,0.9836004883901536,0.3176539241299732,4.289503594179446,0.6431475340024622,4.498861448491864,1000,0.6279405826143503,5.375658079264794,16.07344940648789,1.8762178944792225,-2.556693896137234,4.953740046771301,-3.0494464905649257,4.305327655793626,1000
910,1.5838999906504831,14.870557103058692,6.28410982062317,0.526027409207715,0.593719061861853,2.6638292482554378,0.5528862686033618,2.6149137126976045,1000,1.57287850189795,4.233808712538828,28.62101672124925,1.9121453443331857,-1.3553134774910138,6.184179997099304,-2.174926372995094,5.320683376790994,1000
911,2.0307026963931962,10.433856567149768,9.06368083980094,0.5728682164208424,1.1054040302477859,3.2596247072686633,0.9078809922083451,3.153524400578047,1000,1.3462944679694178,4.589028882491425,24.237341198720006,0.9937573298643466,0.0626644453174216,3.78720760718769,-0.6014698985647016,3.294058834503537,1000
912,1.8941936425006023,13.010670640551329,6.6895392610119675,0.4540572400392667,0.9731384943723235,2.829054372286086,1.0042414520236398,2.784145832977565,1000,2.1132495935414934,11.878795055096852,6.115118172968709,0.7558521778901475,1.0647368468844574,4.044547712137073,0.6317793248768044,3.5947198622061824,1000
913,2.2634674970302706,12.50481481154437,8.465044714761206,0.576559638151029,1.2037007637479298,3.5056683461369014,1.133410606254254,3.3935243878062873,1000,2.9911067866893886,10.705416429597081,4.709648321956245,0.8222667870558605,1.4385217891973348,4.804882194674514,1.3794638840599018,4.602749689318875,1000
914,1.6245986793178901,10.68062229103488,10.955494202241857,0.6199973145755823,0.4609918185018314,2.9479475851457013,0.4094039427497489,2.8397934158860316,1000,2.4100889429257943,12.881893948636915,7.112575166057394,1.0258321552790874,0.6049672360040088,4.914211608851746,0.3994579185787832,4.420719967272806,1000
915,2.7640076048544664,14.244782858114801,6.59553146501063,0.6822523988599105,1.5008310094269774,4.186138386877778,1.4267929030890418,4.101222306619891,1000,2.741895512107359,8.381950622530876,6.712327494884166,1.2611662889648623,0.13656166183528862,5.18582520024192,0.27000958573622924,5.213781438478489,1000
916,1.4568314733104621,17.74449949118403,4.458071341370036,0.5632225799868705,0.3480143842986063,2.548260186226981,0.35291521653619595,2.5607477300847283,1000,0.6062604175055162,13.3333443585214,6.895873537224524,1.1307275259978407,-1.5268550318505572,2.771333834081581,-1.6099655334502514,2.8224863684612838,1000
917,2.2600401298470816,13.881669584923758,5.895072069803911,0.5926119148816996,1.1453036699672612,3.4084360909734612,1.0985207766789504,3.421559483015213,1000,1.5250848525674372,9.301361448939844,7.7710819097843995,0.8961552984341,-0.30322741358527644,3.200000872024756,-0.23137953236339892,3.2815492374982735,1000
918,0.7519989798165332,10.212496974399928,10.906832974456933,0.437489561665599,-0.10927279910288307,1.6558019668720307,-0.10548056104804082,1.6094785206811073,1000,0.5607283947140349,12.637798651150574,7.166696530255164,0.5112058320197261,-0.3381725249008928,1.6855125606503605,-0.4412350360446282,1.562691825472698,1000
919,2.5408931522009857,7.441058564294968,14.562856376600097,0.5926915442535775,1.3461764197804282,3.7062769076199515,1.3792177254639737,3.7025685789379974,1000,1.9098366048713553,3.934431044589438,22.69661579571174,0.6836091330269958,0.974740741549113,3.5478387034376566,0.5699627041384436,3.249710505604267,1000
920,2.1167664324868563,17.850979374423954,4.187133606545925,0.5524334938500357,1.1037614126014321,3.264536110796483,1.0339967845407863,3.1995360804329263,1000,1.5104466291194432,7.009134791849214,15.737223759478006,0.9977105848235935,-0.09568204860560744,3.96261848701565,-0.44506611713480004,3.4659593753736866,1000
921,3.2235427079020735,5.547507045992895,19.952103473733867,0.8027122264516108,1.672695667017146,4.910548284663708,1.6502267440569165,4.796858671747231,1000,2.49878152327226,5.249561353658673,11.721130189348935,0.6570446564756066,1.3401081938735504,4.04216105956202,1.210973996580071,3.786589049964449,1000
922,2.5332761856546,11.29980545918122,11.876939476475105,0.6528764744168128,1.2716423974608664,3.852605222685417,1.2536382957976469,3.812914075511553,1000,1.7627590149588976,13.395961755151768,4.113568182852176,0.5908582836312625,0.5233699315841794,2.7239123111249657,0.6046767790416232,2.920841250876172,1000
923,1.0875109999159602,2.786601258128638,57.67213177374466,0.9065093873326711,-0.05889725484283408,3.6246573036711394,-0.689247399256075,2.8642693990879957,1000,1.9292821448175865,7.075996144382064,13.024586950591758,1.2493674459888333,-0.396557500141963,4.635437233154401,-0.5194780493205267,4.3780423389557,1000
924,1.0708667455039342,11.286335800015031,10.405070975723481,0.7360861306102211,-0.13296261068777052,2.720542594505504,-0.3718620704920992,2.513595561499968,1000,1.341852453044403,11.277476548534322,7.360457114625271,0.8477810609020875,-0.3398799333579031,2.9922569793652354,-0.3197984263236886,3.0035033324124942,1000
925,1.9789772917687076,9.571141902815462,12.890737014559932,0.5704916398289286,0.874992229332102,3.0358909526263345,0.8608136777040076,3.097140905833408,1000,2.2571474110210117,8.341601853344804,9.035145442794116,0.8086436480814141,0.7084040681637849,4.002857869484597,0.6722058607814401,3.8420889612605835,1000
926,2.6755467802903232,10.874360393049813,11.01051317800565,0.5565356205159937,1.573132482976941,3.8025236295495826,1.5847369640789757,3.7663565965016708,1000,2.303365720140133,9.849372614867653,3.9478261999135995,0.6290852075355331,0.9447486910526399,3.4419316897424213,1.0703587133704884,3.5363727269097778,1000
927,3.2021148710043406,14.750231695280949,4.767844121288593,0.5767621249486871,2.0992423984371533,4.264442861204131,2.071661106104914,4.332568635903767,1000,2.6554781269835983,7.501912797602371,9.594911483034782,0.8445607811091879,1.1638865353402232,4.346397996045619,1.00013899600959,4.3108172579576065,1000
928,1.4018930954384574,14.754843359935474,5.702117066763197,0.477147394604883,0.538407223744108,2.4422470629457256,0.46668420201288674,2.337101988864028,1000,0.8958513296024022,9.34206154620529,10.953821023695333,0.6557536832416598,-0.2818168541248433,2.307047352571701,-0.389425889551251,2.1811285487560554,1000
929,1.8722332727352087,2.7178034635758443,56.9160627388856,0.7467292256400817,-0.16072753127922348,2.8176293292016172,0.4086439904806485,3.335822554989769,1000,1.5591712046084079,8.056416140434182,9.379943082989735,0.7486668598366911,0.12661750976089478,3.0765276405278796,0.09178415932849338,3.026558249888322,1000
930,2.611872919190704,12.978753132064245,5.788536585410549,0.5259874289255646,1.592854498664796,3.5706901704875578,1.5809375584965975,3.6428082798848105,1000,2.9719997550136523,7.517126812446701,9.314188737110419,0.8212963695714376,1.328278483636132,4.608030496003656,1.3622588706536347,4.58174063937367,1000
931,2.442083979767511,8.341455247872874,12.50956517330096,0.4681354624192241,1.469196528207175,3.3783477744253623,1.5245384734258316,3.35962948610919,1000,2.530793324693697,9.1197297338315,6.325812383142142,0.4985416105486754,1.4774308536632976,3.469790289208254,1.553651768018293,3.507934881369101,1000
932,1.5755412655691188,12.093704962189834,9.123652121376084,0.8086846730410324,-0.27168928729899494,2.9951366295131803,-0.009480693591304767,3.1605632247295423,1000,1.8363859544754646,11.177907811996556,7.225516940637796,0.6984230744285659,0.2953596289341815,3.178649267647295,0.4674767285954755,3.2052951803554537,1000
933,1.415850591109364,13.880752959689387,7.767400124040705,1.0962945586881594,-0.3524308908103906,3.795050932723129,-0.7328867439194284,3.5645879261381563,1000,0.12588958993698274,5.711308170447007,21.25215345944419,1.7013743976961233,-2.1370290491436266,3.8244085074447214,-3.208804229547419,3.4605834094213845,1000
934,1.8047539864348208,6.664779972124884,17.90249064422825,1.0176691002673375,0.04528733282322959,4.303545166724528,-0.18987745008916068,3.799385422958802,1000,1.381151725974295,5.1974200288831485,16.843035220466113,1.6492723815479347,-1.2378075634270698,5.04739025820115,-1.8514221418596568,4.613725593808247,1000
935,1.4028113583354493,10.915158258545787,8.5678527073041,0.6066894981405984,0.2871274588611554,2.5890098891698994,0.21369994197987663,2.591922774691022,1000,1.3304821926696737,11.139104504200736,5.701171057096969,0.6672575120678856,-0.1675417954555376,2.5960501147290826,0.022657469016617915,2.6383069163227297,1000
936,2.4350930945138503,9.557410706562795,11.760817167491112,0.4607730769778666,1.6059719562991228,3.3576517389807896,1.5319778636372317,3.338208325390469,1000,2.2837597915711574,6.692020783454866,13.48251833749826,0.7062988821734644,1.0203455516357978,3.7153942914960933,0.8994139825111673,3.668105600631147,1000
937,2.235779812164407,13.676331584333166,5.726579371304973,0.49062215293080985,1.2906131115585755,3.2207396157429633,1.2741603924200195,3.1973992319087943,1000,2.2630659289892625,6.992237155464655,10.8897901979981,1.1830278337402353,0.14760579464236698,4.757405605700598,-0.05566862514159876,4.581800483120124,1000
938,1.8031691227232605,12.21677826969279,6.790298515896638,0.7522249030994249,-0.05426214404218929,3.0376317983951826,0.3288083126483876,3.2775299327981333,1000,1.1756967064946249,10.290115225056452,6.050836720951405,0.9110252826063081,-0.7719787082963833,2.8100544356702795,-0.609912847413739,2.9613062604029885,1000
939,2.157356458081181,15.050435401905444,5.505565550906584,0.5267669849402778,1.1430901543059242,3.2091269931182635,1.1248931675982365,3.1898197485641253,1000,2.3239466392769783,9.824754912066775,10.30708213474105,0.565201315930999,1.2676015732986474,3.4053319510864446,1.2161520600522204,3.4317412185017364,1000
940,1.6051327914423692,17.79001343934542,5.237855134867468,0.6289596371573509,0.4497089854761649,2.8675877999535633,0.37237190261396136,2.837893680270777,1000,2.011457736640415,14.648385645043888,5.665263627182432,0.7582491562958685,0.5945807990284468,3.477334504692733,0.5252893903005127,3.497626082980317,1000
941,0.9710474035707721,13.153497256516907,7.989216424609595,0.5627441552940812,-0.08896434338438512,2.105712362433354,-0.13193114080562696,2.074025947947171,1000,1.68865749431144,6.042261245318039,17.980593141456186,0.610409232427093,0.44272565292003685,2.8854854492471684,0.4922553987543379,2.8850595898685425,1000
942,2.087354393720415,12.660727020742435,7.588239920848412,0.7022062135003869,0.793515151575706,3.622177463994749,0.7110302152596566,3.4636785721811734,1000,2.592109342445566,11.472073281114808,6.547109431186925,0.7492609418741989,1.447714450296644,4.446754333551013,1.123557896372136,4.060660788518996,1000
943,2.264415398690914,9.640552402385962,9.617365663545703,0.5816771933811823,1.1322659614231165,3.3976928617913904,1.1243280996637968,3.4045026977180317,1000,1.4053839170644602,5.427363243224208,20.233498865069212,0.5398355279904357,0.2915102213003669,2.383522515354862,0.34730628220320625,2.463461551925714,1000
944,1.63323694025731,11.943688303289768,8.718735656153724,0.7578705661448346,0.22460949135804087,3.325102489478494,0.14781063061343414,3.1186632499011857,1000,1.1090849006550056,10.132966404456068,7.456355988307418,0.7101595114814951,-0.04037525745112712,2.643662738265645,-0.28282774184872483,2.500997543158736,1000
945,1.9643038891744402,5.143290894091238,24.584180082774626,0.5894264485541568,1.0756561083673024,3.3159566971295913,0.8090280500082929,3.1195797283405877,1000,2.384659577746907,11.064161984619727,5.550250715976168,1.0511756839409483,0.7304704125668345,4.798916511703111,0.32435523722264836,4.444963918271165,1000
946,1.5613377723943835,9.716013995305982,10.10446484578299,0.7801709051065056,0.2621977363413867,3.487021294797913,0.03220279838563278,3.090472746403134,1000,0.8995549584423101,6.523200990811738,19.31270822224011,0.9996590901793618,-0.7852970128407784,3.2070414824354714,-1.059776858309239,2.8588867751938594,1000
947,2.1750550738391476,15.987816162856294,4.8924588799480935,0.7392252241723719,0.6445584618693597,3.5614272164484495,0.7261736344612988,3.6239365132169965,1000,1.705780213200589,4.657664538926711,21.81662356205751,1.1205639425512581,0.05708746222949932,4.0890817342936465,-0.490525114199877,3.902085540601055,1000
948,3.068207275975487,3.185003907278592,34.13579112340448,0.6768973319000037,1.4243472539862114,4.091035331938588,1.74148850545148,4.394926046499494,1000,3.33444590023476,6.617061930259829,8.524269783079445,0.8689384069771365,1.4143477789032786,4.842150352602741,1.6313266225595726,5.037565177909948,1000
949,1.3503287726227473,6.0080282356446535,23.861281056932786,0.810474960825952,0.21310804027395316,3.50603222925138,-0.2382021505961187,2.9388596958416136,1000,1.6123155488108722,3.84965882382867,17.893217246713927,0.65659443766276,0.3888106469487936,3.040671610585683,0.3253904509918626,2.899240646629882,1000
950,1.8386836045628159,14.572371690730781,5.528304723196631,0.49925884345107546,0.9544452668474396,2.868238892992674,0.860136271398708,2.817230937726924,1000,1.4871751028097244,9.060613400509908,12.731598769404684,0.8696511427828838,-0.36046044125573334,3.309266651317384,-0.2173411370447278,3.1916913426641766,1000
951,2.109480938431574,5.348264126966505,26.830705907780334,0.5606290862713422,0.9448952502320324,3.1230660892688813,1.010647929339743,3.2083139475234046,1000,1.0086734163848827,5.855550155392822,11.21733011378912,0.9071150233337708,-0.9448360657241149,2.9138231147518683,-0.769272029349308,2.7866188621190737,1000
952,1.962671120587359,11.947452329871924,8.695266522628163,0.7203137837067142,0.6811926864155239,3.449421755559982,0.5508561045221994,3.3744861366525187,1000,-0.22150399381749208,2.422816262789604,52.679894758621096,1.1628095467810293,-1.535006603721816,3.199567817834786,-2.5006107055083096,2.0576027178733254,1000
953,1.3388696374207825,15.638860651543391,6.581612559455249,0.5288332093216354,0.21662075580340723,2.3521750741494514,0.3023565471503773,2.3753827276911874,1000,0.8019025560941331,10.516154322924985,9.1549968215395,0.8813688325361071,-1.2185850026713716,2.3861183888909068,-0.9255803556766369,2.529385467864903,1000
954,2.6961731248410485,4.441621225763635,27.16880373734304,0.6755035222283106,1.1339196642294154,3.8100575955012266,1.3721862212735598,4.0201600284085375,1000,2.1343145538265076,5.001204375671638,15.796293513854248,1.001633299083219,0.6578797401779649,4.259531161661312,0.17111328762339828,4.097515820029617,1000
955,1.375003967941467,14.5294400024682,6.647057711320283,0.8715295736069527,-0.8047311407074199,2.720488710525267,-0.33319399632816027,3.083201932211094,1000,2.2027063830769844,12.722883509676178,5.111339862674111,0.5032341422104964,1.3905302257514058,3.4225946083809378,1.2163674643444113,3.1890453018095575,1000
956,1.5987433935091273,15.525399115997182,4.950359573420409,0.44033831697558845,0.7536558424020798,2.4821865112738584,0.735680292236974,2.4618064947812806,1000,1.6214989609696282,15.345674865646641,5.506119946151572,0.594741710808498,0.25802173099800024,2.631352684335313,0.45580520778497213,2.7871927141542843,1000
957,1.3367414032100298,8.887201234127657,11.709335214343472,0.4814624186082488,0.416154801229638,2.295267813064196,0.3930750627378622,2.2804077436821975,1000,0.9457438900281594,6.063791160119092,19.95285775263816,0.6725017584119141,-0.38749555968472443,2.5686012610420526,-0.37235955645919216,2.2638473365155107,1000
958,0.9239910997372793,14.80670131189617,7.606486320211246,0.6666201966161832,-0.5955224410712034,2.202368603443159,-0.3825844856304397,2.230566685104998,1000,1.2512934291285638,7.937613130357507,12.547307529251567,0.933656459481169,-0.48998587317356107,3.141961077359555,-0.5786732314545275,3.0812600897116553,1000
959,1.0151385014912284,13.979195294523489,8.334731578113981,0.4851728277086923,0.1684876542174719,2.121838334205563,0.06419975918219156,1.9660772438002652,1000,-0.6016163972556638,3.948632070181222,32.993104753093796,1.5572347592523206,-2.84814820474947,3.3451252705159265,-3.653796525390212,2.4505637308788843,1000
960,2.24099095727025,8.433912852387781,10.99186813165955,0.8603748385035662,0.68210505457095,4.097625785130774,0.5546562738032605,3.92732564073724,1000,1.1349375339585461,5.81758693839041,17.507918708529612,1.1719909595417348,-0.7860806816159002,3.9251326883264848,-1.162164746743254,3.4320398146603464,1000
961,2.211950293801246,15.532878094459369,4.754032308342056,0.6176736765112668,1.1796388279610597,3.656074257302112,1.0013098878391629,3.4225906997633286,1000,1.5556405573233811,13.879619680104653,4.34431824085051,0.9631386440027888,-0.34513978482495117,3.477883614192929,-0.3321111849220848,3.4433922995688473,1000
962,2.3962763450182942,8.536778141133606,15.688276029764936,0.757405571031739,0.752330755650406,3.765874590518029,0.9117614257960858,3.8807912642405027,1000,1.244608449903137,8.851732838045947,11.876335559386181,0.8551073920027733,-0.24628217936220093,3.115533703811177,-0.43140203842229874,2.9206189382285723,1000
963,1.8310285605173582,11.321841703856439,6.45486233071085,1.4223280065542725,-1.74034118861111,3.9281023486711035,-0.9567343323290158,4.618791453363732,1000,2.9286250143197368,7.735947297773279,7.8485378560923005,0.6273629021341021,1.7645508691514684,4.233052231298785,1.6989937261368968,4.1582563025025765,1000
964,1.961588312219332,9.671779110914196,7.979746115983602,0.6910415871877362,0.6316959695468765,3.396878546778205,0.607146801331369,3.316029823107295,1000,1.095880946987796,5.190908757680837,19.01912795453313,0.9552921672874927,-0.3177902730665012,3.463578957670844,-0.7764917008956898,2.968253594871282,1000
965,2.4509169763571768,10.232664962398088,11.812452403247455,0.5275569298665894,1.3486677251975638,3.448321074301915,1.4169053938186615,3.484928558895692,1000,1.37265543038687,5.997828331785005,12.296212017563997,0.565723239372733,0.26502523607112477,2.569144308700965,0.26383788121631335,2.481472979557427,1000
966,1.748748106927764,14.372573388412864,7.611507058220744,0.6403760099101106,0.49349601888681416,2.949373694011,0.4936111275039472,3.0038850863515805,1000,1.750656601956665,12.082160667646887,6.451217590244798,0.8057481241000809,-0.14972595522720414,3.2671033114824968,0.17139027872050638,3.3299229251928235,1000
967,0.9485285464185544,19.09745958691081,3.6146040455239805,0.6217349368852251,-0.4283197069946129,2.1111671207103258,-0.27007192987648665,2.1671290227135955,1000,1.647856292496463,10.44763629854981,7.276089094858312,0.9302444080566591,-0.23724272107140112,3.4663906021194824,-0.17542274729458884,3.471135332287515,1000
968,1.6947729566218532,7.507294951583087,13.456815349029462,0.610170101678325,0.4740991863550252,3.020352262229334,0.4988395573323363,2.8907063559113704,1000,1.4361980345458052,7.681399727800206,14.353448451617853,0.5664444045661763,0.29087238844985486,2.6454755310954257,0.3259670015960996,2.546429067495511,1000
969,2.1099703477116236,11.77844929891649,9.978888833987074,0.6960606256815659,0.6371613908940227,3.3371886286998844,0.7456915213757545,3.474249174047493,1000,1.0868321618877426,9.595998243433346,8.778308611470054,0.720640313144271,-0.35151730883472304,2.550190911820263,-0.3256228518750286,2.4992871756505135,1000
970,2.3277258261988485,9.393864659789283,9.131474052241902,0.5471736125568745,1.354228986483399,3.4499378373181804,1.2552655455873745,3.4001861068103225,1000,2.25313389904097,7.308829207671531,14.053585337236031,0.6569925740506036,0.7789344691212211,3.4492434935102203,0.965428453901787,3.5408393441801533,1000
971,2.2377681857859697,9.176571053879037,12.077941877738587,0.6646510932378457,0.9117056775478338,3.5490230809385994,0.9350520430397922,3.5404843285321475,1000,2.165325541889314,9.702957677374119,8.296717629206046,0.5640396616995053,1.1877875703708725,3.4430244770752725,1.0598078049582838,3.2708432788203443,1000
972,1.992069568493535,8.6595594588946,10.155362706598153,0.4504892400599657,1.2019637099787601,2.9830290146340843,1.1091106579760024,2.8750284790110676,1000,2.0085222533452365,9.071477570391574,7.197272748281759,0.7237699203117176,0.7075090206746317,3.555692767624576,0.58993320953427,3.4271112971562028,1000
973,2.9480163054151483,14.579554367881395,4.905059192345303,0.751408313126911,1.1618801510036545,4.129486316568519,1.4752560116864026,4.420776599143894,1000,3.461872986792029,7.142624122534991,4.815416837310107,0.5533570701062006,2.352766319534131,4.480327519753324,2.377293129383876,4.546452844200182,1000
974,1.3445527317082069,19.336488801748583,3.4184626353989107,0.6319490622426855,-0.025221125255893845,2.5043414215552002,0.10593256971254328,2.5831728937038703,1000,-1.6537846090639068,2.1899273054073194,57.72540692063747,1.1814084205338873,-2.854003391303934,1.539829000275948,-3.9693451133103257,0.6617758951825121,1000
975,2.984449967196838,11.818912041808556,6.532255864545216,0.5013674520788753,1.9453285916780145,3.9022593556347402,2.001769761122242,3.9671301732714337,1000,2.6896015808085814,8.103353808003865,8.129548129546196,0.5500762397173913,1.5569328359126544,3.705682631924024,1.6114521509624944,3.7677510106546683,1000
976,0.8424619132153255,11.631235564778178,7.1084476065511435,0.4324240675917102,-0.029295900530773723,1.7006661652213144,-0.005089259264426493,1.6900130856950775,1000,1.0435458726724551,11.906649965726572,6.954566188974108,0.4689923491710007,0.1905549809714541,2.0217138896924047,0.12432086829729383,1.9627708770476164,1000
977,1.9917930211339165,4.3901473710879975,18.20816200686265,0.577022620085053,1.021521625890285,3.0988037234619026,0.8608286857672127,3.12275735650062,1000,1.9904689006086405,5.9683207912176925,11.968943804866363,0.7834840151858898,0.31252601499710053,3.4669271663385484,0.4548402308442965,3.5260975703729844,1000
978,2.694439111827582,6.845895249865776,10.46901274268406,0.6438068503747418,1.544442845536994,3.997393433631104,1.432577685093088,3.9563005385620755,1000,2.5579243854315616,2.751235286971089,28.2804330027806,0.8060199653830894,0.9917888206724744,4.3591880138315116,0.9781252532807065,4.137723517582417,1000
979,2.8526172032665382,8.773840916239955,11.489301975198932,0.8199347821917996,1.2096553242216594,4.294743341304117,1.245545030170611,4.459689376362466,1000,3.1197741331458397,13.228113202866675,3.724372155669183,0.9289962900121586,1.1216063565388052,4.811567071283569,1.298941404722009,4.9406068615696705,1000
980,0.26356824967207304,4.43967097571774,34.16369853104052,0.7887470734406384,-0.9186567040417352,2.5453372679147592,-1.2823760142715783,1.8095125136157244,1000,1.4626208276709276,8.360959903261653,12.431378166269505,0.7757560271544334,0.14265033835008228,3.234069678337855,-0.05786098555176178,2.983102640893617,1000
981,1.7857475812883052,17.334928658565683,4.5710409321006935,0.4458702212192228,0.8684802401781759,2.6012889362883,0.9118419476986286,2.6596532148779817,1000,2.319615802072549,11.492704196476852,6.423156790902615,0.7427835579064749,1.0899607370146516,3.980409064830949,0.8637600285758582,3.77547157556924,1000
982,1.918879177138545,4.786175790484794,18.670067167734228,0.8697421346465979,0.1025337772677735,3.5634254556283405,0.2141845932312132,3.6235737610458765,1000,0.9825214539493983,4.16141464040246,11.457362375606417,1.3900295265547467,-0.9973263891214766,3.820894687342195,-1.7419364180979051,3.7069793259967017,1000
983,2.341784332302873,9.312970015691379,7.839757536040698,0.5876766792153394,1.3170008378195217,3.6896260802209686,1.1899380410408076,3.493630623564938,1000,2.1661500246439194,9.083548735416063,7.57316969997533,0.8999009801300236,0.8679861996064434,4.59344009942216,0.40234410358907313,3.9299559456987656,1000
984,1.9400433264243195,10.237261625243827,9.307222646827377,0.6525160009849624,0.8277035054727065,3.2727124501360727,0.6611119644937933,3.218974688354846,1000,2.2587082132408707,11.453856141255221,4.287352037117476,0.7007007471437633,1.13187901391681,3.753889734446649,0.8853347488390946,3.6320816776426468,1000
985,1.243694110219598,12.60562556488849,6.909726423838963,0.5605388270112625,0.29789749531030746,2.4447641394006876,0.14503800927752364,2.3423502111616723,1000,0.8071037921575566,9.00056259781916,12.668508585827036,0.7274007693026451,-0.4382666500083713,2.428574573677703,-0.6186017156756278,2.232809299990741,1000
986,2.340691451566663,4.352647159343985,22.399322412375188,0.8851012767036679,0.44003298950341974,3.7378784158611893,0.6058929492274738,4.075489953905851,1000,1.9349123468985718,6.037289800150224,8.980111379553037,1.0766036759834694,-0.3460052158934638,3.9363762189832787,-0.17523085802902827,4.045055551826172,1000
987,2.26121728247639,8.116143070348523,9.640264302603631,1.013721315872488,0.17465843479957213,4.307957031943809,0.2743235033663136,4.248111061586466,1000,0.8790455388921354,6.016615316750792,12.64803785700027,0.8783821375857342,-0.6092634815206647,2.9900550211603627,-0.8425834507759036,2.6006745285601744,1000
988,1.2617878509314102,5.877435092995343,20.147159122084624,0.48398583215860114,0.26646723877684014,2.21017886105398,0.313175619900552,2.2104000819622684,1000,1.159470316591217,10.379895777296227,5.564642360522339,0.5579760515048995,0.13680962477180794,2.363502885647819,0.06583725564161402,2.2531033775408202,1000
989,3.0395741330918917,6.941061571325177,14.220607310362915,0.46485224542665604,2.1967736338919766,3.9703832854403056,2.128463732055646,3.9506845341281376,1000,2.9882577542087674,8.423826469762606,8.098119801277141,0.6095048132877158,2.0646095155255293,4.459602475672921,1.7936283201648444,4.182887188252691,1000
990,1.9373596670798052,14.05246222063146,5.241746236568887,0.5135727667832308,0.9379392344616135,3.003690580529942,0.9307570441846729,2.9439622899749374,1000,1.6349117081923776,10.523851900761489,8.207515852623386,0.643278825712973,0.3198403275748646,2.839827380014413,0.3740852097949505,2.8957382065898045,1000
991,0.5455733637087339,8.765377321394885,12.11698399340538,0.5168933923071485,-0.3212856276759125,1.8070313705395011,-0.4675376852132771,1.5586844126307449,1000,0.3775189536378818,10.050447429082379,7.502507521805353,0.7619083303155508,-1.2315702640493842,1.909184023261513,-1.1158213737805978,1.8708592810563613,1000
992,2.3321819375772543,7.42646851930961,14.580513794991358,0.5070276941875249,1.210354021318991,3.2284950482555033,1.3384076569697054,3.3259562181848032,1000,1.9080722995182782,8.288905806456382,6.801229428360327,0.8762907703814157,-0.01383568731741461,3.6082210656825913,0.19054238957070346,3.625602209465853,1000
993,1.4065573741942874,9.73399144280954,13.35531969018527,0.9658252447919925,-0.754587385554216,3.288479853252477,-0.4864601055980178,3.2995748539865923,1000,1.104757860459269,6.618901228226376,15.605147752106687,0.730124571549181,0.05825090273793095,2.9963424533430834,-0.32628629977712587,2.5358020206956637,1000
994,3.407847657782491,8.202369165106626,12.10946678783467,0.8564322581457092,1.8302812220659241,5.163332656969321,1.729240431816901,5.086454883748081,1000,1.8650247692795188,10.5462893170846,3.2248530080368476,0.884992024669764,-0.3035084320031499,3.2966992178066525,0.13044040092678144,3.599609137632256,1000
995,1.7226812286242708,11.204662382837627,8.830880152810321,0.7558292129033245,0.5548629701775117,3.4158226403129976,0.24125597133375476,3.204106485914787,1000,-0.6856550681413407,2.0863721723694737,64.66436250805394,1.4637788346122953,-1.9643826040347836,3.20175545413754,-3.5546615839814395,2.183351447698758,1000
996,1.7481825773645592,16.593710359544815,4.509093578862746,0.5082080646249664,0.7740159308152886,2.782260103387726,0.7520947706996252,2.7442703840294933,1000,1.37261967562416,11.434252595571406,9.63977231064685,0.699875943844916,0.12606976253944066,2.898383750454108,0.0008628256881246799,2.7443765255601953,1000
997,2.4318469915162826,10.377277316969032,8.50795242514792,0.4955764407164685,1.5052874789879873,3.394201746709517,1.4605171677120043,3.4031768153205606,1000,1.9373361499753874,6.73333866894849,10.843276443287715,0.8510443358621993,0.39360169058059624,3.5196033753203215,0.2692892516854768,3.605383048265298,1000
998,1.8052312720435866,11.469571525556116,9.326434271822883,0.7171400220596471,0.49219220052372253,3.3647892390837826,0.3996368288066783,3.210825715280495,1000,0.04645577188004557,3.2768706137296713,32.117337365634754,1.663161333127736,-1.6933509844593588,3.7649504447577176,-3.213340441050317,3.306251984810408,1000
999,2.955322664053873,8.213402392023298,9.637211720835127,0.4246202488419095,2.1045663035547504,3.7768483179811083,2.1230669763237304,3.7875783517840156,1000,3.0754599932766524,4.535205720750684,17.577232313729343,0.48486059003508425,2.005230414879249,3.982022043355399,2.1251332368078875,4.025786749745418,1000
