trial,linear_estimate,linear_ess,linear_max_weight,linear_boot_se,linear_ci_lower,linear_ci_upper,linear_normal_lower,linear_normal_upper,linear_boot_n,quad_estimate,quad_ess,quad_max_weight,quad_boot_se,quad_ci_lower,quad_ci_upper,quad_normal_lower,quad_normal_upper,quad_boot_n
0,1.9452507228953748,60.64462789817339,2.6634886234860344,0.35716598023081453,1.3340604353339351,2.7102239516745597,1.2452054016429783,2.6452960441477713,1000,1.8457495613396708,39.01883222330324,4.223245832113443,0.5083910660695486,0.9023743157633162,2.897112051203751,0.8493030718433555,2.842196050835986,1000
1,1.3886686622200157,17.46964322443157,11.82010230596262,0.3822141976427828,0.7515198593326466,2.1870361392931685,0.6395288348401614,2.13780848959987,1000,1.4500125017024361,32.848856015341035,3.953938101993961,0.48149554606342726,0.5270051189811202,2.385244237392287,0.5062812314181188,2.3937437719867534,1000
2,1.0376729801518487,58.180564741405625,3.1902119130700206,0.292384473081859,0.4975594921116383,1.6221448316539575,0.46459941291140505,1.6107465473922924,1000,-0.7067440115131327,8.777763806927945,21.717715837080544,1.0990163486841047,-3.041066955567292,1.2276790408251796,-2.860816054933978,1.4473280319077126,1000
3,1.3517214563957316,56.987518758580705,3.1907490117129904,0.24398922435587253,0.8856702125132239,1.8366260497670042,0.8735025766582214,1.8299403361332418,1000,1.1266158520572565,56.503262902043794,2.1989378668299873,0.28905619425952706,0.5445460991549091,1.6899871892174623,0.5600657113085834,1.6931659928059295,1000
4,1.54326829133021,34.804952917626224,6.5204526430095635,0.3614113960183142,0.9213731999114961,2.3146707055613613,0.8349019551343143,2.251634627526106,1000,1.6278420188870406,46.587871190127565,2.4540011699948234,0.5270392559464957,0.4693832469900312,2.6470366189594237,0.5948450772319092,2.660838960542172,1000
5,1.5224540051590725,50.490085915723654,3.4706469694388065,0.37828176755078485,0.8162993765553863,2.3111046028738236,0.7810217407595342,2.263886269558611,1000,1.6207622567409365,38.15601534561373,3.6231561860198487,0.49153664451403917,0.7606109623199878,2.672824484103936,0.6573504334934198,2.584174079988453,1000
6,1.2436821524384802,42.86638997201851,3.3469133476238584,0.3542852079041886,0.5381148789344493,1.963549466152956,0.5492831449462706,1.93808115993069,1000,0.32788293291231696,23.601212862852208,8.186495373157108,0.7888804459654306,-1.322174082197612,1.736634690298468,-1.2183227411799271,1.874088607004561,1000
7,1.8421027966195078,61.27657048701283,2.6953122976484587,0.3495705298314562,1.2206683775542697,2.5327258270387176,1.1569445581498536,2.527261035089162,1000,2.0421525330684664,59.304101211732615,1.7974780019321037,0.3851015216810318,1.3342608472186206,2.7933027069669034,1.2873535505736442,2.796951515563289,1000
8,1.742847727483123,67.71210891891529,1.6016918562561013,0.36593116566329864,1.043278478578247,2.439621909157509,1.0256226427830577,2.4600728121831885,1000,1.4060201423543783,32.8105038038598,4.4153313141455435,0.5836880424539754,-0.06538807282691671,2.2488592992790695,0.2619915791445866,2.55004870556417,1000
9,2.003623814899501,60.0560284947672,1.9625507795648554,0.32301077575006665,1.416890061461272,2.664945341553248,1.3705226944293702,2.6367249353696316,1000,1.9940542935714516,43.163626091377154,2.5536401339300356,0.41623883370301173,1.1579754411026162,2.7887817387182774,1.1782261795135485,2.8098824076293547,1000
10,2.0857990434961238,46.91685590005668,2.9544308429318393,0.3267069347814656,1.4775632132792424,2.7404447594569,1.4454534513244512,2.7261446356677963,1000,2.1523703329459103,34.08301138016446,3.102681354011942,0.4346744309270887,1.3046011218124287,3.0064084245339866,1.3004084483288165,3.004332217563004,1000
11,1.5776937926068886,62.364217891100424,2.3361552984275358,0.3163120857700243,1.0229605541368543,2.276713722267758,0.957722104497641,2.197665480716136,1000,1.8690351165278734,45.998983281017715,2.15868636875161,0.396265259815771,1.131726215121691,2.653007125311583,1.0923552072889622,2.6457150257667843,1000
12,1.561535267005223,71.00075941625815,2.0870259580402277,0.2921483956725084,0.9795070150100543,2.1179799387715827,0.9889244114871065,2.1341461225233394,1000,1.363356413756183,45.6141102347709,3.107585552872098,0.47227119720280564,0.36717251739543694,2.206173161572496,0.43770486723868407,2.289007960273682,1000
13,1.0329480728443303,47.366858631704176,3.638621639791961,0.35848494547662363,0.38750650505927653,1.8007508484935844,0.33031757971014797,1.7355785659785128,1000,0.005564937308668583,14.297468777226882,13.834921759879647,0.9929245455358392,-2.3884647111666735,1.748515754865997,-1.9405671719415762,1.9516970465589134,1000
14,1.2551675598115781,66.84658824524202,2.3732646118541774,0.397814142196933,0.6196149327703793,2.1285408410831526,0.47545184110558947,2.034883278517567,1000,0.8294950324884396,27.811922748445948,7.9796751305858,0.6606878038793016,-0.5505563863800658,2.275247925626315,-0.46545306311499157,2.1244431280918707,1000
15,1.5034653452495221,41.450248494663136,5.148235906990157,0.3138538194588815,0.9260987742343469,2.127855371413083,0.8883118591101143,2.11861883138893,1000,1.5523848955681747,44.675228763777646,3.536573572257371,0.3470877912251127,0.8840704673009665,2.239030853172175,0.8720928247669538,2.2326769663693957,1000
16,1.7557425297277636,56.31085326970034,2.0808013453395033,0.3186722176773864,1.1835683482591723,2.3931864734728805,1.1311449830800862,2.380340076375441,1000,2.0491297626625102,46.03186915443941,3.292297817530128,0.49499976308309485,1.2108450231530636,2.980038193278478,1.0789302270196444,3.019329298305376,1000
17,2.248672817166503,52.377030240017945,2.084043967562345,0.4693160630445269,1.421817885355245,3.235988032692876,1.3288133335992303,3.1685323007337756,1000,2.2323709209205385,33.66627746549299,4.586821902654612,0.5993825592052774,1.1973674589980088,3.484469323721201,1.057581104878195,3.407160736962882,1000
18,2.5424588998721767,53.88485877027976,1.9556260618230998,0.506903016644514,1.586589130368637,3.595240681417904,1.5489289872489294,3.535988812495424,1000,2.700637137202811,24.02614077401305,5.229102506343363,0.6880020191483621,1.4268815796043777,4.029543328363401,1.3521531796720212,4.0491210947336,1000
19,1.4072665523592987,44.42100176645144,2.5762602601168028,0.2906042843070797,0.8189483327766484,1.985966172528153,0.8376821551174225,1.9768509496011748,1000,1.2502552236582463,32.47972191494184,3.5284114175328747,0.37981835865076474,0.4758631745765099,2.005999436026036,0.5058112407027474,1.994699206613745,1000
20,1.539317509043499,67.28146671710245,1.588548202642475,0.22470942293911889,1.1187541383347095,1.9565054730546234,1.098887040082826,1.979747978004172,1000,1.7351995989662075,46.78571741972845,4.091957431125652,0.3717239623413435,1.1847637140184357,2.5974921086825584,1.0066206327771743,2.4637785651552404,1000
21,1.606425322425641,51.28069025484606,2.3262755910554223,0.30998698738623326,0.9519388565635304,2.1549603237458137,0.9988508271486239,2.2139998177026583,1000,1.1794484784129202,29.309056141004163,5.776082272144032,0.46122724624629796,0.25458287585961925,2.056258506555097,0.27544307577017624,2.0834538810556644,1000
22,1.2702936486184515,63.81908502221128,1.998233426396312,0.2823574008505059,0.7974176011164219,1.9071017703928594,0.7168731429514599,1.8237141542854431,1000,1.3935055989736869,43.524297048581005,2.737072369104249,0.5749107285332496,0.2831029503311539,2.5861981751160674,0.2666805710485176,2.520330626898856,1000
23,1.4535191753385952,38.64937256426651,4.23062409924795,0.354297409431408,0.6709946625514257,2.0872924834286986,0.7590962528530356,2.1479420978241546,1000,0.6895740344049917,22.787572304888933,6.58107285190628,0.6707196850870996,-0.7878529132151725,1.9124177613137654,-0.6250365483657234,2.0041846171757065,1000
24,1.6376558526901892,47.04520011603131,4.050294691668475,0.3639706195239282,1.0118445161431244,2.4523192748144584,0.92427343842329,2.3510382669570884,1000,1.3103148740448187,26.743774976721525,5.578685235405855,0.6148612276503191,0.1384530453289088,2.6037662720307284,0.10518686785019327,2.515442880239444,1000
25,1.5210909460885147,60.84984951403254,2.5434520710141895,0.3823163139525121,0.8525869679888318,2.3307399459476135,0.771750970741591,2.2704309214354383,1000,1.7361785649813504,44.099441072152814,3.8076602639245594,0.48842571143522023,0.8728857653296715,2.7492388580139373,0.7788641705683187,2.693492959394382,1000
26,1.0826191994074463,43.24433995051906,3.8942638310811963,0.3073606399787263,0.4681454758851127,1.6993326467380874,0.48019234504914277,1.68504605376575,1000,0.9298948956351913,46.97312761035415,2.8476178860694126,0.4065183446800112,0.02261140915679215,1.6316164950348786,0.13311894006236946,1.7266708512080133,1000
27,1.4767961592256476,37.79196850308088,4.249500426827527,0.35109810472779857,0.7639582395517138,2.1917065218432423,0.7886438739591624,2.1649484444921328,1000,1.1655777177545064,32.768370684732076,3.283615841172272,0.4087954132914777,0.3268638939114731,1.888468860412441,0.36433870770321,1.9668167278058029,1000
28,1.5414676824627525,59.17464640415313,1.8279982994219142,0.28050528358466664,0.9441911151904326,2.04419950235497,0.9916773266368059,2.091258038288699,1000,1.1606182731993977,23.47711290912959,7.978377761714801,0.38284563902133983,0.39568386374765196,1.9509905798618716,0.4102408207175716,1.9109957256812238,1000
29,2.237932990623203,55.179174396515066,3.028120217409974,0.44125733528639016,1.4687908298383046,3.1426609282670515,1.3730686134618781,3.1027973677845275,1000,-0.09515078118912523,3.715657708714304,33.155594327923794,1.3944251842863318,-1.9037151114038082,3.008329433210347,-2.8282241423903356,2.637922580012085,1000
30,1.7976786468870127,69.28757478734543,2.8082556427029894,0.27326457622115374,1.253214629967196,2.3483456991912366,1.2620800774935514,2.3332772162804742,1000,1.017757037112494,29.481166148283958,7.216636535193396,0.584473550735056,-0.25700931953674294,2.1124874825017983,-0.1278111223282159,2.163325196553204,1000
31,1.0997073536367028,72.90149741074869,1.379934133223331,0.2982149513613501,0.5691675400419961,1.7501488139822434,0.5152060489684566,1.6842086583049491,1000,1.2899118350975824,59.9433752057988,2.5401592326276297,0.37810151726594665,0.6687979321777496,2.1519129917651556,0.548832861256327,2.0309908089388378,1000
32,2.317852476581855,45.30537987982992,3.4769640424526282,0.4235493228309859,1.5790042811736007,3.2336256538192996,1.4876958038331227,3.1480091493305875,1000,1.9738595768671283,9.991205720763375,14.832792892683445,0.7423686843999218,0.5427180073826275,3.6296514509347713,0.5188169554432818,3.4289021982909746,1000
33,1.45519907009033,47.360122663458135,4.322806974379381,0.3764978756544596,0.7895820153873769,2.2622593654210363,0.7172632338075892,2.1931349063730705,1000,1.8499340214466524,51.548937163345926,2.4176826425882165,0.5471840002957656,0.9606378477879207,3.1352630666298404,0.7774533808669517,2.922414662026353,1000
34,1.4880181125266767,18.976042133812374,10.59241058952183,0.28737927780202366,0.9574968653134728,2.110743349761756,0.9247547280347104,2.051281497018643,1000,1.5458830580699932,34.43853556279643,3.8563767474047763,0.32655744005996123,0.9528105424087416,2.2286263393305625,0.9058304755524691,2.185935640587517,1000
35,2.4280367479092986,51.988434833134654,2.5279803624727504,0.3885075912972457,1.7480125774922564,3.2416900217123974,1.666561868966697,3.1895116268519,1000,1.9654328706443098,32.05629609305456,5.1478527694347465,0.8551751185408456,0.4128541277365373,3.714513124375141,0.28928963830425247,3.6415761029843674,1000
36,1.3002397308244622,66.33468517597586,2.1985010249453536,0.2918566070048853,0.7576845681924606,1.8730683661402698,0.7282007810948871,1.8722786805540372,1000,1.0471683759968229,57.782448324515904,2.485850601941583,0.3644807027556628,0.338052522490747,1.7362550276200748,0.3327861985957238,1.7615505533979219,1000
37,1.6652203077356713,43.94020762367624,2.985926610549909,0.32838219785721273,1.0814386632483626,2.312638628997503,1.0215911999355343,2.3088494155358084,1000,1.7920466100772887,36.92462734134127,3.302146118436677,0.37621114311758935,1.1034450682351231,2.515307953593073,1.0546727695668134,2.529420450587764,1000
38,2.2349031929529417,35.028924137006065,5.285726262871512,0.48437480152740625,1.3183783877659734,3.2438174931282155,1.2855285819592255,3.184277803946658,1000,1.4554628115920552,15.45421118642697,9.21151751815968,1.0582650404135403,-0.9258504623847259,3.335282789788519,-0.6187366676184838,3.529662290802594,1000
39,1.6575937795325308,60.47613832609899,2.212965093555924,0.3209060191645474,1.0786308165368665,2.365508910447602,1.0286179819700179,2.286569577095044,1000,1.8946694083360975,39.35775200872,2.949491902540907,0.5295431062510136,0.9755533299789306,3.0073358078370496,0.8567649200841108,2.9325738965880843,1000
40,1.4419705619720178,57.55786063432516,2.640466640665085,0.335443364326729,0.8453863002101576,2.1349210781718297,0.784501567891629,2.0994395560524066,1000,0.5757811295805957,11.546258577671791,13.632776905701094,0.7224017022738402,-0.9832109516634919,2.078113422269958,-0.840126206876131,1.9916884660373224,1000
41,1.741683358941153,69.81801380516852,1.8742203644104563,0.3782466038310784,1.1150128115575264,2.545040085582312,1.0003200154322394,2.4830467024500664,1000,1.9078980020734488,23.77454601028918,7.674206003045333,0.7757625594240811,0.6638321326187157,3.621086265489929,0.38740338560224985,3.428392618544648,1000
42,1.0246106930147083,60.81143092010595,2.550935231746418,0.36429363655549035,0.1827086220781918,1.6825955123149943,0.3105951653659472,1.7386262206634693,1000,0.42016161804756225,44.80658406676639,3.798309266329642,0.88054226906094,-2.193708759432091,1.4292207629971396,-1.3057012293118802,2.1460244654070046,1000
43,1.7254893491409455,43.43874323466248,3.532065458558746,0.39320075309066316,1.0404442858946472,2.570426196607159,0.9548158730832458,2.4961628251986454,1000,2.0232160410496514,23.59116778497665,6.637615013085125,0.4863386058340373,1.1256555991546455,3.052445617748874,1.0699923736149382,2.9764397084843646,1000
44,1.5047586880530015,56.59090431519919,2.245767578016352,0.29521389300346007,0.986465604519338,2.1517320695774425,0.9261394577662198,2.0833779183397834,1000,1.4317578294134816,28.364950912082847,6.9775170178013415,0.5284269302529384,0.5854023952152402,2.6168132524486833,0.3960410461177224,2.467474612709241,1000
45,1.3022792085864427,44.78181415755672,4.4654599616075545,0.3485159107265603,0.6506150258867177,2.055233728649013,0.6191880235623846,1.985370393610501,1000,1.447868394870763,52.513856390532304,1.7584834743260918,0.3527917335013529,0.7945756341711708,2.187299111526021,0.7563965972081113,2.139340192533415,1000
46,1.5679034027463805,55.395963631533,2.1542287737509804,0.27406906131003583,0.995488121795076,2.120138199393736,1.0307280425787102,2.105078762914051,1000,1.1105372485569083,41.267707061256196,3.775287570033852,0.45454578888615116,0.18162642151168676,1.9633286590533678,0.21962750234005202,2.0014469947737643,1000
47,1.3047422323880937,75.28595144896555,1.454244940907154,0.24929214898696156,0.8234917313944446,1.7449919400352352,0.816129620373649,1.7933548444025385,1000,0.1685802389881017,20.396467140958197,8.091705111533349,0.8581812228564756,-1.8326149213509277,1.6102982444172693,-1.5134549578105905,1.8506154357867939,1000
48,1.4695878786049694,63.04223071159598,2.423347441157145,0.3857214458173919,0.7798170781009566,2.24442150370547,0.7135738448028813,2.2256019124070576,1000,1.4066960193512315,52.81213993352518,2.840732464485719,0.48934529167876034,0.6138203818263672,2.6191983150952307,0.4475792476608612,2.3658127910416016,1000
49,1.220553634391419,35.58193570521495,4.570924495178618,0.31560975494013593,0.6316676094835764,1.9298193952401321,0.6019585147087525,1.8391487540740854,1000,0.08136511778361699,5.782518190081917,26.120048875649047,1.0031975247311697,-1.4629057895590245,2.2898872948206663,-1.8849020306894757,2.0476322662567097,1000
50,1.965934947278524,49.71702004528494,3.431203740753491,0.4113586365438112,1.2318592551283951,2.8390844695128323,1.159672019652654,2.7721978749043936,1000,2.0944129486369754,47.51174439572414,2.515234035140269,0.4675666140935569,1.2347487314637526,3.063580792262474,1.1779823850136037,3.010843512260347,1000
51,1.2738143859419364,63.24712770658957,1.9248180221501325,0.3219637623469184,0.6000448780678173,1.8891685620791019,0.6427654117419763,1.9048633601418965,1000,0.3253810399570596,14.571442544006704,11.914441194745198,0.946783214760497,-1.6274836108000126,2.392695274624269,-1.5303140609735144,2.1810761408876336,1000
52,1.642471309416158,24.562896374627883,7.074621980854641,0.3029260445160861,1.0744560751454135,2.252441893132098,1.0487362621646292,2.2362063566676866,1000,1.7688997618265434,39.196118407073804,2.752137317166917,0.3627268614983549,1.0887697123931934,2.4955619995196465,1.0579551132897678,2.4798444103633193,1000
53,1.8492168918477159,45.00689555309312,3.2300377276686465,0.34423870766529124,1.2073643528871805,2.545503431506259,1.174509024823745,2.5239247588716864,1000,1.2556848553002533,13.212475279102742,8.111214350199743,0.7301014946474332,-0.27927770910953637,2.6215078356765,-0.1753140742087158,2.6866837848092224,1000
54,1.419797241699831,78.06958791656422,1.271575707589027,0.232080135799081,0.9629192226229586,1.85114748652031,0.9649201755336323,1.8746743078660297,1000,1.4774850925853702,56.82493998229183,2.9561258559025725,0.26713761202773045,0.9672516881316843,2.054013471267074,0.9538953730110186,2.0010748121597217,1000
55,1.9661548351071558,55.51069273425179,1.9555484318217347,0.3860269621081736,1.2935429639133336,2.7848670285216692,1.2095419893751356,2.7227676808391763,1000,1.4632594127670626,16.05215616914865,9.976214558820258,1.143505988297897,-0.9872124197790755,3.647774531272887,-0.7780123242968155,3.704531149830941,1000
56,1.7813894091593765,58.48088915947583,2.130108649835422,0.3751658714058481,1.085376220456621,2.563612172202641,1.0460643012039141,2.516714517114839,1000,1.7342206976185226,40.04480190638084,3.344105448778736,0.3972203836298768,0.9325638769592991,2.5122211606974076,0.955668745703964,2.512772649533081,1000
57,1.2555470378876965,58.728274150501086,1.8999674849398904,0.38528485554215763,0.5353191102471451,2.061796927387296,0.5003887210250676,2.0107053547503253,1000,0.8641793045124779,34.96657251762397,4.10794808698753,0.49364881491513013,-0.13738449995215074,1.8445254868898435,-0.10337237272117705,1.831730981746133,1000
58,1.7298325934263334,60.531276960461966,2.075121472952444,0.3324180776035988,1.1118605707513132,2.4207872875201746,1.0782931613232798,2.3813720255293873,1000,1.6463588373964182,43.1634068325445,4.203201225399644,0.4721912670678615,0.7289245668691847,2.6701193812961326,0.7208639539434096,2.5718537208494268,1000
59,2.440236917921691,53.983846172264336,2.2362740048946854,0.3818309899004619,1.6965982725703013,3.2156404086578676,1.691848177716786,3.1886256581265964,1000,2.8863151152342588,30.69166355961366,4.056813389902166,0.6735254103238353,1.783581708339381,4.390672823220178,1.5662053109995417,4.206424919468976,1000
60,1.51898214238915,36.247897908749245,6.095437633870187,0.39157088134636425,0.8708016955319385,2.42254224189043,0.7515032149502762,2.286461069828024,1000,0.7776277737268757,11.94855896702459,12.136939584423017,0.8361491943434503,-0.690775907630758,2.7389986410994283,-0.8612246471862868,2.4164801946400383,1000
61,1.3082443911774233,78.34656363282292,1.4103979935878097,0.2626729502700758,0.7984700454615927,1.8560058265630974,0.7934054086480747,1.8230833737067718,1000,1.1034377138517066,55.095222805740825,3.3678274521136635,0.4200480249108941,0.29379035350368105,1.9774276226551135,0.28014358502635417,1.926731842677059,1000
62,1.2359382718475065,39.77520391824304,4.994880361657155,0.30924573661422117,0.689050297399169,1.8888050649506634,0.629816628083633,1.84205991561138,1000,0.7909415042867418,35.536942668770514,4.2659585345742155,0.6582968738001176,-0.8969312551125314,1.7466081929121844,-0.49932036836148863,2.0812033769349725,1000
63,2.0929427177552014,15.426739560148592,12.566670920859917,0.3984939139396459,1.3588036129269927,2.9477301894426526,1.3118946464334953,2.8739907890769074,1000,1.611460182713027,29.55220175309971,5.699772368725773,0.5300635427476118,0.471158323671219,2.6382387585043094,0.5725356389277079,2.650384726498346,1000
64,0.9587422916462227,76.17008625833617,1.4896734824610431,0.2676396490436866,0.4478628910792016,1.5025295376052863,0.43416857952059695,1.4833160037718485,1000,1.3068046252479475,41.73851674592387,3.7673320771530108,0.5304488914151039,0.4525445588196081,2.5205645428227803,0.26712479807434386,2.346484452421551,1000
65,1.1847175813530093,65.43101075000543,1.9913401493879297,0.31626762507493905,0.5580680761151073,1.7929037622276105,0.5648330362061288,1.8046021264998897,1000,0.7697914807368975,40.658206522309115,4.055743416920842,0.5735274950580684,-0.6635956154798074,1.6604373370339354,-0.35432240957691663,1.8939053710507117,1000
66,1.6171525438277872,53.77214623709048,2.8324028633454215,0.3101826767601523,1.01756978552543,2.2516743698684607,1.0091944973778886,2.2251105902776858,1000,0.888109819250519,41.285404318280314,3.8994198569994114,0.5144755409909815,-0.25133749545283574,1.8908932950010235,-0.12026224109180461,1.8964818795928426,1000
67,1.2977329442127992,76.35167906419781,1.5061331163007148,0.26698811578417736,0.8081781305188814,1.8146762027192906,0.7744362372758116,1.8210296511497868,1000,1.5411442358700536,66.34058347513958,1.4835278622084882,0.4775229282990521,0.9117029680978765,2.8027794113641575,0.6051992964039115,2.4770891753361957,1000
68,2.071708461590701,37.978056743490704,3.619455349573931,0.4401445766107825,1.289153030592134,2.9986615629754936,1.2090250914335672,2.934391831747835,1000,2.171749421847045,42.945911065290204,2.763726153601689,0.5122231078331453,1.2073278575948998,3.16066120921977,1.1677921304940804,3.1757067132000096,1000
69,1.857514075178468,73.7058554052862,1.4523048496167301,0.32914075062332826,1.280349683335698,2.5404974270014073,1.2123982039567447,2.5026299464001913,1000,2.572703438814226,43.28616175964895,2.898796493065053,0.674936377434525,1.5139511688751122,4.138937182781443,1.2498281390425572,3.895578738585895,1000
70,1.9103940152273502,49.98100268546716,3.3219910225043683,0.4237056618453997,1.1855945226062568,2.8111617224985883,1.079930918010367,2.7408571124443335,1000,0.731180081926404,8.576228215155496,18.606516546155095,1.088733711961657,-1.376638204495896,2.90582433619121,-1.4027379935184436,2.8650981573712517,1000
71,1.5439223995766889,41.20242413939088,2.612337284219368,0.37293188660506665,0.8202236308828729,2.304925818100281,0.8129759018307582,2.2748688973226194,1000,1.4500415872421697,31.533621887516336,5.017008149347019,0.4364743840186506,0.7014219069703069,2.363206597534917,0.5945517945656146,2.3055313799187247,1000
72,1.7503390491901454,66.38054287583115,2.163360255292567,0.38894609807645103,1.033334847581067,2.5482227118231098,0.9880046969603014,2.512673401419989,1000,2.6628767264521125,49.85683945323964,2.7157765560644553,0.8201828464515042,1.6929760632374329,4.990647701459821,1.0553183474071643,4.270435105497061,1000
73,1.3623610518195308,36.52259278907143,4.4358243973316815,0.406500848291669,0.5447850046090911,2.138531473483801,0.5656193891678596,2.159102714471202,1000,1.2241064343574544,32.33183867829286,4.21298578449866,0.515709948039464,0.13532624224557435,2.0082947635002926,0.213314936200105,2.2348979325148037,1000
74,1.8103117998481562,26.482567070831816,7.644403542575102,0.4443449459195339,1.0276876183564347,2.7695854992141147,0.9393957058458697,2.6812278938504424,1000,1.5857169802081197,37.37691938872934,2.9307973261198264,0.4046444714153949,0.8864642271975943,2.4290746381477235,0.7926138162339457,2.378820144182294,1000
75,1.3675086527988305,47.90795995908945,3.4217877161164636,0.30816030219324375,0.8073262509614079,2.044756349507701,0.7635144605000728,1.9715028450975882,1000,1.2205366555301809,24.164967182399206,7.593191428630408,0.5485288034935337,0.05251748927837328,2.260844854664082,0.14542020068285488,2.295653110377507,1000
76,1.4207074789224197,35.16730833118626,4.736971788502252,0.32383585779445934,0.8243447474258581,2.10965208732802,0.7859891976452794,2.05542576019956,1000,1.8723438028087933,37.88144546849247,2.6086428253350773,0.3797361789050115,1.1423515243396218,2.6413765189189244,1.1280608921549709,2.6166267134626158,1000
77,1.0970864449314894,53.15699941495227,4.006497519209097,0.37826416337428564,0.4551271009892654,1.8676779465756954,0.3556886847178896,1.8384842051450891,1000,1.2121247755775229,43.1047236251329,3.945599160166079,0.5556811599890342,0.09874734215348084,2.3253204725045253,0.12298970199901582,2.30125984915603,1000
78,1.7667758805767018,43.998434220036565,3.6800931321703736,0.3545762548411022,1.0848314585696468,2.4732896393675463,1.0718064210881413,2.4617453400652622,1000,1.7985666119123487,15.985350831654717,10.279441162501817,0.39515134491395604,1.0435563433353607,2.5639919277274013,1.024069975880995,2.5730632479437023,1000
79,1.5487864956834885,48.18846716607551,3.034543432821042,0.28650234469296915,1.0344201590165745,2.1683048056998224,0.9872419000852689,2.110331091281708,1000,1.454935361820405,42.96271174932002,3.25171719583011,0.36903832353128385,0.805003617630264,2.3064534770257845,0.7316202476990887,2.1782504759417214,1000
80,1.7542649817716218,42.10021156105328,3.422759078394366,0.3243292043748253,1.2142298428927887,2.477985739990926,1.1185797411969642,2.3899502223462794,1000,1.8431738036299863,32.38307582576909,4.429502674501227,0.3988342118936464,1.211237232896502,2.777865749837422,1.0614587483184394,2.6248888589415333,1000
81,0.7498391128789805,63.11977067042864,2.8359075343949542,0.3054167730667573,0.18438202512115412,1.3783655946680233,0.15122223766813625,1.3484559880898248,1000,1.0113974672021393,59.55363526126318,2.181804873501665,0.3176404672967683,0.4126533340038774,1.6449165556161138,0.3888221513004734,1.6339727831038053,1000
82,1.0570776273161786,61.54678945568984,1.8370385514399699,0.2966799700935382,0.509280254379011,1.7120161237566875,0.47558488593284376,1.6385703686995134,1000,1.0893460611039245,41.05844194410144,2.9367539701069463,0.4143521620799917,0.3077122598855751,1.949383506427476,0.2772158234271408,1.9014762987807083,1000
83,1.7187467031960573,46.32507647040733,3.2150811758804427,0.34539723012016343,1.0591261133933525,2.4674686866804594,1.041768132160537,2.3957252742315776,1000,2.015331579631134,45.07624863992288,3.6270079640795307,0.44820349305802115,1.2620805076446577,2.987501122652174,1.1368527332374125,2.8938104260248556,1000
84,0.8217714342725335,75.86939534384658,1.5425388758466807,0.2797791023652948,0.3182347997114372,1.430942581670596,0.2734043936365558,1.3701384749085113,1000,0.8636369241704505,53.873774744331726,3.441188836599826,0.4474559782599535,0.08523897456590798,1.85506270230305,-0.01337679321905838,1.7406506415599594,1000
85,1.3462070792392329,61.05950274361049,2.9020216323517998,0.32412965585407705,0.779237233501196,2.020451045852356,0.7109129537652419,1.9815012047132239,1000,1.750133752227601,63.585558649925176,1.175952262892316,0.4708251669212712,0.9850650767958823,2.768146779146448,0.8273164250619095,2.6729510793932927,1000
86,1.471392524956383,43.77220271381393,4.43435213682158,0.44100139669348076,0.6337230044104761,2.3645163589489915,0.6070297874371607,2.3357552624756055,1000,1.6195755840397617,44.42906045624579,3.498073518625785,0.3513809402392673,0.9657326479198683,2.337340029870375,0.9308689411707978,2.3082822269087258,1000
87,1.753767947740843,45.99821448699763,3.7258720118148463,0.3512849350459858,1.1155175781456064,2.4941037580445244,1.0652494750507109,2.442286420430975,1000,1.9687604506360414,45.29361921213746,2.9171474328450233,0.47718404575880197,1.0624403378139151,2.9474435543212723,1.0334797209487896,2.9040411803232935,1000
88,0.8640854177523791,53.73735425576833,3.673304777411757,0.26131102224572506,0.38285816110469495,1.3995990949030812,0.351915814150758,1.3762550213540004,1000,0.7799275954850313,29.658910391764486,5.2969126341812265,0.3389651433154201,0.1926928253237467,1.5858002470658654,0.11555591458680792,1.4442992763832547,1000
89,0.8951072105684483,61.96889973697415,2.051581296953086,0.2986444038516371,0.36645556410747065,1.4997859643637972,0.3097641790192396,1.480450242117657,1000,0.40452338161204304,22.125714456721894,9.411515390293193,0.6162421086366023,-0.888050086794302,1.5693800034205803,-0.8033111513156974,1.6123579145397835,1000
90,1.2028528173802555,56.8850968293908,3.1673833228331514,0.32225979580149816,0.5755201933095946,1.8346590692765083,0.5712236176093192,1.834482017151192,1000,1.2018893372579846,51.126248905930346,3.0125503058871708,0.4046546964954177,0.4172933065550546,1.9810553207656536,0.408766132126966,1.9950125423890033,1000
91,2.065450503361269,50.9012703941617,2.23054309295692,0.3965742054952554,1.3813106419924797,2.933248154821271,1.2881650605905683,2.8427359461319694,1000,1.8611737730279354,33.49370050324668,4.61902869493626,0.5463379782523353,1.0470152541668003,3.1534615184367243,0.7903513356533582,2.9319962104025126,1000
92,1.3006937864272756,47.696127551498904,3.5404773870777166,0.33424707779812923,0.6833582047194664,2.0408725831038264,0.6455695139429424,1.9558180589116088,1000,0.7251763655604475,27.338756494411587,6.2519305632860664,0.7014988054418928,-0.7951239466903881,2.006926125111186,-0.6497612931056624,2.1001140242265572,1000
93,2.102713460379731,56.06454841395154,2.911609702033716,0.3628993898993327,1.4203434660184944,2.837234329895573,1.3914306561770386,2.813996264582423,1000,2.5503322706018965,29.50338870083608,5.325615047410694,0.6571910120893227,1.3709183199242123,4.018941260536235,1.262237886906824,3.8384266542969687,1000
94,1.3118625780884852,53.34755889532048,2.754765437111993,0.3183431815751166,0.7574108870369648,1.9936358555516975,0.6879099422012567,1.9358152139757137,1000,1.6502781104219904,38.676957513083394,3.0415762946928044,0.4007977746890519,0.9394361834681162,2.4733849075056593,0.8647144720314486,2.435841748812532,1000
95,1.889728653939299,62.50081688592049,1.8751961240646902,0.38899362675316884,1.2448723510961897,2.711557593662206,1.1273011455030881,2.65215616237551,1000,2.1026600708734358,46.224873817558766,2.4491512340818553,0.42325397593258485,1.322659461635195,2.90418812486809,1.2730822780455695,2.9322378637013022,1000
96,1.7536354058056347,68.71044499332397,1.8619207659794144,0.3473975715451691,1.1497381877350474,2.4793218909672934,1.0727361655771033,2.434534646034166,1000,2.6179053518724316,30.849455603131858,5.681567280055509,0.7189614670240373,1.5431123474834452,4.2777675968550986,1.2087408765053185,4.027069827239544,1000
97,1.14902280031135,50.73632755966468,4.319590817189977,0.24996156333630015,0.68291190325344,1.6649131957887946,0.6590981361722017,1.6389474644504984,1000,1.2056839646445852,49.94136568086317,2.708179526847963,0.40310921591412935,0.6769427117243785,2.092255532714423,0.41558990145289165,1.9957780278362787,1000
98,1.3441759082530735,50.093288688675074,3.0932849426136872,0.30565601763489775,0.7939876681008327,2.0160351338894724,0.745090113688674,1.9432617028174732,1000,1.279050701763105,48.110316667682454,2.8777452628280864,0.3915068243177451,0.5300973954276904,2.1126060228249273,0.5116973261003246,2.046404077425885,1000
99,1.8316714945975607,37.29655599136547,4.830562854442836,0.3817199411351391,1.1456099095626469,2.6984658745579337,1.0835004099726881,2.5798425792224333,1000,1.169466214918606,16.76246636796223,10.216386937454029,0.6521279758688057,-0.14108886226738668,2.5161716348173937,-0.10870461778425322,2.4476370476214653,1000
100,1.2729960117987758,44.244713636224674,3.455084775078292,0.36001349336149246,0.6182650046578462,2.0213268796146773,0.5673695648102506,1.978622458787301,1000,0.07799373588698977,19.85148168863984,10.383743882179354,0.9246360560500432,-2.377873780752333,1.564519521297996,-1.7342929339710949,1.8902804057450744,1000
101,1.4866285258751508,39.95706943605423,5.265487981369085,0.3352252273967066,0.9181987333456856,2.181270430348243,0.8295870801776059,2.1436699715726957,1000,1.4157478818313605,41.513675771707035,2.767073466591663,0.4956558325939019,0.5162830188572656,2.405243693189799,0.4442624499473128,2.387233313715408,1000
102,1.75517855245357,55.53844770101584,3.65133093167479,0.29048382524050664,1.197459999502835,2.3140876940520143,1.1858302549821769,2.324526849924963,1000,1.7576764804730336,46.19495201319526,2.814351052428063,0.5504589752875315,0.6717776544119367,2.875515558865123,0.6787768889094719,2.8365760720365953,1000
103,0.7833028056448361,78.74541676114254,1.7596220199077706,0.262024510510915,0.30473977198693036,1.321539636149026,0.26973476504344274,1.2968708462462295,1000,0.4346129642735592,16.604121107598175,11.710507548886731,0.6476849576476005,-0.7628337477856211,1.8736485152836648,-0.8348495527157378,1.7040754812628562,1000
104,1.1822894921405545,74.67800125055149,1.5299877781604234,0.21898961997565333,0.7525943184671718,1.6240965159314869,0.753069836988274,1.611509147292835,1000,1.04022026169645,16.188608791696023,11.71967526826909,0.4651739658387764,0.12472729694770773,2.0259314401163557,0.1284792886524483,1.9519612347404518,1000
105,1.6749017194904885,46.151390213309575,3.384007586965868,0.35777982879828213,1.0358665419430666,2.3970454363892317,0.9736532550458555,2.3761501839351213,1000,1.8818118856067236,34.32729381296272,3.7090854654556855,0.5378452102791385,0.7639032135184807,2.873299161353354,0.8276352734596122,2.935988497753835,1000
106,1.8684742492042536,57.68212441420579,2.9724443115872123,0.3321400074366914,1.2763722622799165,2.530068591415223,1.2174798346283384,2.519468663780169,1000,1.8715735828267053,39.879161228701804,3.362052980212148,0.5087936467489638,0.8047258004800577,2.8430894695604407,0.8743380351987363,2.8688091304546743,1000
107,1.6691104736525353,52.881340955413634,3.4370105307840073,0.4021579119234982,0.9872655158086868,2.5334579642010735,0.8808809662824788,2.4573399810225918,1000,2.0222284201660945,32.35922349815075,4.723080662350669,0.6067789977176472,0.734930977193236,3.24394691004499,0.8329415846395061,3.211515255692683,1000
108,1.8562490690028868,18.147786917314836,9.334328825763148,0.42800119153921795,1.144039912987104,2.7524382888188024,1.0173667335860195,2.695131404419754,1000,1.961204504269157,29.74160698877342,3.73906368997486,0.46620583807632,1.0945403671113545,2.9505948910070945,1.04744106163957,2.874967946898744,1000
109,1.7100184414763255,18.52526814019263,9.027853812980451,0.47463286556422524,0.7459608408288556,2.56244377874018,0.7797380249704441,2.640298857982207,1000,1.6528627325872094,16.567865980526022,7.438141424229481,0.6317576798340003,0.37641164423054235,2.7961911401004858,0.4146176801125687,2.89110778506185,1000
110,1.7928836064819,62.219728332357,2.002497874747106,0.3302743079370745,1.1888882240127956,2.460739315441762,1.145545962925234,2.440221250038566,1000,2.657146801711594,13.502775811546615,12.730750150140477,1.0971654043962844,0.5049388053236764,5.141363948734674,0.5067026090948765,4.8075909943283115,1000
111,1.4564964500112036,63.54671456667577,2.7090536533596037,0.3251934228494936,0.9080958035058959,2.1401815423777784,0.8191173412261962,2.0938755587962112,1000,1.6127945713113145,40.072407633355866,4.492725774374662,0.4754954929563592,0.7114542868792438,2.6298541539188074,0.6808234051168506,2.5447657375057786,1000
112,1.20382285755191,73.44543105782004,1.5153075796654547,0.22434614485721605,0.7833798162238497,1.6876532802816864,0.7641044136317667,1.6435413014720535,1000,1.367760781377978,44.82281157813599,3.1107069239834737,0.2958891563076432,0.8504457677648302,2.0093856616943735,0.7878180350149974,1.9477035277409587,1000
113,1.0653906466243632,35.359180658493855,3.822012067697016,0.3457904768120859,0.3617698203218263,1.7443525391940322,0.3876413120726748,1.7431399811760517,1000,0.22745136395139776,28.654789767521905,6.549043844031982,0.5266203883939431,-0.9754880085650693,1.1526231113465997,-0.8047245973007306,1.2596273252035262,1000
114,1.3948229856033956,58.225688472328386,2.0900329285003236,0.2622901061134994,0.9195858433806924,1.9426358916478335,0.8807343776209368,1.9089115935858545,1000,1.7839300249275152,40.76048695815849,4.356451453835568,0.4427332674194314,1.0355141775661183,2.728909387859758,0.9161728207854296,2.6516872290696005,1000
115,1.72186502031056,36.358064231794906,6.212102457593894,0.3218772839238503,1.1556058899755197,2.410605498031804,1.0909855438198135,2.3527444968013067,1000,1.5102378465641628,46.66489552301995,2.503939095760486,0.39585530680377734,0.8358946455176381,2.449781064158383,0.7343614452287592,2.286114247899566,1000
116,1.4223592822602735,43.15218634446401,3.988900185167234,0.5112006700231336,0.45269800950789907,2.483891184914305,0.42040596901493155,2.4243125955056155,1000,-2.0564109531964228,3.546483454528396,45.37624205574747,2.084065946519396,-4.411697871970578,2.4893413206105284,-6.141180208374439,2.0283583019815934,1000
117,1.0031520635043396,41.10886401350349,4.2529456091495685,0.5205350819703871,-0.157675888047603,1.9547611311860695,-0.01709669715761919,2.0234008241662984,1000,0.7360664845157148,31.28296320036372,5.6457247663668255,0.8260729067308015,-1.3014191550105283,1.9459987596248427,-0.8830364126766561,2.3551693817080857,1000
118,1.6098178629300666,59.60131838750424,2.215221734849487,0.28909858950952183,1.0764268971695619,2.173580253671168,1.0431846274914038,2.1764510983687293,1000,1.4556058477370821,22.081800377733842,9.203651750597146,0.3967467562881169,0.700939061007118,2.300540152027655,0.677982205412373,2.2332294900617913,1000
119,1.9026562392219235,63.60845729236976,1.5367920821514742,0.3951610697629138,1.204427539174586,2.752131678573366,1.1281405424866124,2.677171935957235,1000,2.0101348998532957,38.591395910919445,2.3656712970296687,0.5595997556803224,1.039267981061487,3.2109652759545577,0.9133193787198639,3.1069504209867276,1000
120,1.4245841632948957,49.635520482817164,2.6267932996086416,0.3190167500856286,0.8679362391041636,2.1023900903947603,0.7993113331270637,2.0498569934627278,1000,1.638873522701954,45.90217665054474,3.0616721278585137,0.40679459326680756,0.9602828532813343,2.535518805042287,0.8415561198990111,2.4361909255048966,1000
121,1.6489540391529935,62.14348105933183,2.185650062539755,0.3973769576493116,0.8177923006158455,2.399822944361785,0.8700952021603429,2.4278128761456443,1000,1.6840099259767622,46.35551262239087,2.119331862035713,0.7135861473157519,0.42844062362845386,3.19440725358092,0.28538107723788864,3.082638774715636,1000
122,1.3594025844650584,93.08628409749296,0.8861130576713826,0.31304217201485113,0.8308662165353025,2.0189069529010335,0.7458399273159502,1.9729652416141665,1000,2.0224102894423286,49.21279318123276,2.391977952682295,0.4707443541370533,1.0824326062754832,2.901998187448742,1.0997513553337042,2.945069223550953,1000
123,2.197925960940402,59.486372916711275,2.234836464739746,0.41546173937064773,1.4416335446441468,3.031518063063784,1.3836209517739326,3.0122309701068715,1000,1.0930921470016033,14.813864370783604,11.738221779837374,1.0876552494280887,-0.8746857503780108,3.4539046341689335,-1.0387121418774505,3.224896435880657,1000
124,2.198851441225643,48.17124115829281,2.7782797271941675,0.3633529681083149,1.5429199543396053,2.9620717490682087,1.486679623733346,2.91102325871794,1000,0.17070139092025371,2.2958917593357855,74.71690174888496,0.9599152295503629,-0.8228945147732358,2.9008825981775654,-1.7107324589984576,2.052135240838965,1000
125,1.3219535701733964,29.440706194545417,7.882611149809045,0.29061113177546216,0.7578916415835854,1.9199765171836556,0.7523557518934906,1.8915513884533022,1000,0.8961683587244185,28.509778433910665,7.108220133273515,0.5833277906192427,-0.38106580629067627,2.038738051024555,-0.24715411088929717,2.039490828338134,1000
126,1.522057471614437,55.60550656524969,2.669730777285444,0.34605499188223804,0.9121253227282239,2.2340897921013694,0.8437896875252505,2.2003252557036235,1000,1.2640556952018112,43.189024722202824,4.559435978018341,0.5156572889462271,0.38884503206167514,2.4575936314095563,0.253367408867206,2.2747439815364165,1000
127,1.7698932181989426,48.449195454264746,2.640828521564575,0.36138447131235674,1.1384097705648333,2.5235717903000774,1.0615796544267235,2.4782067819711617,1000,1.6603744478231126,47.125742445991015,3.2671397726968356,0.4458241993949072,0.850153448039382,2.5800258192176546,0.7865590170090945,2.5341898786371306,1000
128,1.445100081425013,50.861331647337416,3.53499232780365,0.34561188379086694,0.8241507540902879,2.188391378612041,0.7677007891949138,2.122499373655112,1000,1.187051589584994,25.128289020611376,7.292490924137168,0.5351506927527191,-0.02181931722622643,2.203696889585405,0.13815623178966452,2.2359469473803237,1000
129,1.460839017355102,80.5918827244998,1.15790997285774,0.30275903126011067,0.9001182788050109,2.0773381711209664,0.8674313160852851,2.0542467186249187,1000,1.5720067224141239,40.82983300471897,3.4214603790012945,0.38717018296455785,0.8579067366814104,2.381133987445805,0.8131531638035905,2.3308602810246573,1000
130,1.5686483029964116,33.5863557014969,6.091664991922431,0.3262290822195742,0.9593208365719099,2.2002106024705785,0.9292393018460462,2.208057304146777,1000,1.5244484515459742,22.076911436328082,6.197983785710225,0.6715023801882025,0.14059398200881862,2.72319167320629,0.20830378637709734,2.8405931167148513,1000
131,1.6275721191221035,55.26881877944936,2.5197571672087613,0.32587159532590493,1.065287000975925,2.3918210943388805,0.9888637922833299,2.266280445960877,1000,1.4982163967698847,26.10022349501173,7.088910616432426,1.0999201520585262,-0.32302782541460473,3.8012330747085556,-0.6576271012648265,3.654059894804596,1000
132,1.0118136281798127,66.5332468215466,2.283312398835314,0.26232517384140375,0.5306403523926904,1.5322302748509624,0.49765628745066137,1.525970968908964,1000,1.159181054965342,49.916031211749576,2.630657738523748,0.2988450137705311,0.5561957235797392,1.720874895036025,0.5734448279751012,1.744917281955583,1000
133,1.3747864819102538,67.71472776821257,2.1045153527864198,0.3517217585352549,0.7660706387765003,2.150839221579311,0.6854118351811542,2.0641611286393533,1000,1.5081206327050403,39.13213508563749,3.032551930186104,0.5397384321582397,0.4225267251412869,2.5336532406862755,0.4502333056748904,2.56600795973519,1000
134,1.6268187423067189,59.544575179572576,2.170507182550102,0.31534678787890413,1.044511694075859,2.2625686305242527,1.0087390380640668,2.244898446549371,1000,1.733366199021157,47.306710427239125,3.0755107851726584,0.3878529315728593,1.0347577119443554,2.535017291016221,0.9731744531383528,2.4935579449039613,1000
135,1.6099912407272827,43.188515419704736,4.055494381367666,0.33154744712464823,1.0051386274909322,2.2924320507018634,0.9601582443629723,2.259824237091593,1000,0.6726421872181771,13.845586895462711,12.498090732256518,1.0116305129681844,-1.1976286280430004,2.58938549468852,-1.3101536181994642,2.6554379926358185,1000
136,1.5829022989333033,48.75873311856348,3.097876420048234,0.34689807697150055,0.9281304179664714,2.344435106476556,0.9029820680691621,2.2628225297974445,1000,1.5697988441382753,47.152143233344965,2.9929093693097872,0.43227182322614605,0.733733969376891,2.461289423330328,0.7225460706150291,2.4170516176615218,1000
137,1.7716850068102143,33.27710785809022,5.700188994433612,0.5001579682665991,0.962106839939997,2.916315970439418,0.7913753890076801,2.7519946246127485,1000,1.9063619022116547,31.889541535740687,4.020302939725074,0.5625549281364254,0.8802598876975705,3.1110547073228827,0.803754243064261,3.0089695613590486,1000
138,1.8255045651929942,76.5532981218293,1.4909655190420288,0.31812157323993945,1.2519525729363141,2.4884936194616007,1.201986281642713,2.4490228487432755,1000,1.0806864606388205,22.137607982232655,7.798639387175285,0.9813027087488856,-1.1441846829250102,2.95046768253232,-0.8426668485089952,3.004039769786636,1000
139,2.044032859884261,52.706869706325385,3.125376775792673,0.3200363274798865,1.4332031038249022,2.701316024156349,1.4167616580236837,2.6713040617448387,1000,2.497176636218069,37.93394062463554,2.5236870993353646,0.4865140667013608,1.743952303971362,3.590193630083554,1.5436090654834018,3.450744206952736,1000
140,1.895926582369278,58.07761514243823,2.4588670743582575,0.3583433815504453,1.251835228362358,2.6568471269125236,1.1935735545304051,2.5982796102081505,1000,0.4287427677697866,16.020257140775787,12.30668426047363,1.5635838463649865,-2.682561488549591,3.254035637230848,-2.6358815711055867,3.49336710664516,1000
141,1.9117648875553022,46.71244377934645,3.1633861857435024,0.32256895985408957,1.3605755561210056,2.601784365403474,1.2795297262412866,2.544000048869318,1000,1.4364107351145161,42.47694251677694,3.0226996915053967,0.4403650261750972,0.6432563290718463,2.3606708966204093,0.5732952838113256,2.299526186417707,1000
142,1.5937741955652918,55.67548580999433,2.3494831181433335,0.35240365898419385,0.9485894991931231,2.375400018399915,0.9030630239562718,2.2844853671743115,1000,1.3645933884665395,56.42458193170755,2.412504263836439,0.4560044772881817,0.5090968549756124,2.3146305049332074,0.4708246129817034,2.2583621639513756,1000
143,1.775502313491165,49.834380318738226,2.8720881087225107,0.31227572321429603,1.2076212257452732,2.427901528045612,1.1634418959911448,2.387562730991185,1000,1.6812023584773186,41.459240556197955,2.990022853423989,0.3772484148510305,0.963094146808632,2.492969791120625,0.9417954653692988,2.420609251585338,1000
144,1.726569695358252,40.52470128211793,5.396864865945792,0.3772458015757751,1.1228375160832593,2.525036513510527,0.987167924269733,2.465971466446771,1000,1.7050669090116395,16.27421810222039,9.296989587205594,0.49862118535617195,0.8303996735734182,2.8468696694111384,0.7277693857135424,2.6823644323097366,1000
145,1.523417590950673,57.47823978965343,2.1016322169711423,0.33130986735931844,0.9314568368535898,2.153799158778788,0.874050250926409,2.172784930974937,1000,1.7163757081171398,42.9494916127495,2.546475653656954,0.4956161060487498,0.8254773078557887,2.7499189672698714,0.7449681402615902,2.6877832759726896,1000
146,1.461769278007445,45.79239022933095,3.1249589957688415,0.3118311470019428,0.8835088887377477,2.143011160527353,0.850580229883637,2.072958326131253,1000,0.9712629165016793,29.70029411521365,5.81943565327653,0.6426320995386171,-0.371371059842241,2.384051091821727,-0.2882959985940101,2.2308218315973685,1000
147,0.8292903891534431,56.42966501025224,2.926812893606144,0.410794729303632,0.005841218722648629,1.6616956012169404,0.024132719718324425,1.634448058588562,1000,0.6888018568061889,41.666753846196826,3.9562405529526354,0.5288804095723105,-0.5443146186254653,1.482826136641873,-0.34780374595553964,1.7254074595679174,1000
148,0.9033257696873718,11.19005071523027,17.559941872886043,0.6114179706474182,-0.006364349543992382,2.3089293104420587,-0.2950534527815678,2.1017049921563116,1000,1.3476257462569343,36.49271856670322,4.354884723575388,0.5130477834342081,0.4642096107830627,2.411570414858236,0.3420520907258864,2.3531994017879825,1000
149,0.8850574096047548,45.45816520163211,4.359454299811951,0.42372528150485556,-0.04754555604625434,1.639667749658916,0.054555857855237866,1.7155589613542717,1000,-0.21304590846298233,14.497555021214186,13.740043807748558,1.3047755908287173,-3.359444117744316,2.014575855216146,-2.770406066487268,2.3443142495613034,1000
150,1.2080389558534215,68.92637054030546,2.409059373826001,0.3578639778914235,0.5862775285115951,1.9728758947899523,0.5066255591862314,1.9094523525206115,1000,1.496572627558796,54.494957415857385,2.159592495980609,0.456082479619457,0.6131317014501924,2.4127558096712534,0.6026509675046603,2.390494287612932,1000
151,0.9834684977006418,23.843889706383685,8.421518860044811,0.7185526052738205,-0.3225420818276693,2.38144865285041,-0.42489460863604633,2.39183160403733,1000,0.29653214217976,13.636188189296957,12.939924295388087,0.8819608368897146,-1.3561522491783267,2.027735882140846,-1.4321110981240806,2.0251753824836003,1000
152,1.6052091273246236,76.81934072656068,1.4787446836877813,0.34848587604688236,0.9900621976162255,2.318627079149268,0.9221768102727342,2.288241444376513,1000,1.1562890555597223,21.548923301718386,6.8487629562568975,0.7007544558790385,-0.37808131354365404,2.4829363377014144,-0.21718967796319322,2.529767789082638,1000
153,1.307515728035085,62.2367966329946,2.3267594850545836,0.25737026971531185,0.8367344322607991,1.8567896493764897,0.8030699993930739,1.8119614566770963,1000,1.5631674228006809,53.95645113745518,1.8540403053831287,0.34170599482433534,0.9899976570759611,2.2618301183208867,0.8934236729449836,2.232911172656378,1000
154,2.1067864559456106,50.290975117930245,2.6868906167137543,0.41107771085086287,1.3371773926449297,2.998587284163141,1.3010741426779195,2.9124987692133018,1000,1.9692532138613141,41.8717245115417,2.452122632495821,0.5434058916607404,0.9648054218096497,2.9815074476856767,0.904177666206263,3.034328761516365,1000
155,1.8087221739558408,69.2875655276356,1.634201964960106,0.3385583232882247,1.195788265691226,2.479893960100919,1.1451478603109204,2.472296487600761,1000,1.6843788453384256,32.155385448564076,6.185540043831405,0.4906764531499457,0.8249719168223164,2.6928114483999717,0.7226529971645321,2.646104693512319,1000
156,1.8073042867588103,58.53552051796967,1.9460763067734115,0.40175987206372255,1.0010287753335099,2.5785168024419782,1.019854937513914,2.5947536360037065,1000,0.8270824964099734,23.199596692081567,8.029726261170095,1.0910959149756922,-1.4879416627834547,2.673578532319785,-1.3114654969423833,2.9656304897623302,1000
157,1.7549851298800792,69.72304252167616,2.220949068535309,0.2830648720409382,1.2377121848767256,2.3547901648667584,1.2001779806798403,2.309792279080318,1000,0.7068184574682022,12.502160854194061,13.10819643795958,1.0008012166342934,-1.2996109304576402,2.5754665867669324,-1.254751927135013,2.6683888420714172,1000
158,1.8034118239548067,59.76637294856113,1.858779850820154,0.38434961079001323,1.0914214779412363,2.61049107970996,1.0500865868063807,2.5567370611032327,1000,2.1766841707516518,37.05825505675746,3.6309762709187017,0.5671848062036687,1.3447156599401597,3.6303851976939727,1.065001950592461,3.2883663909108423,1000
159,1.8151302259792372,68.40484490529624,2.4790814344657432,0.3264018218923993,1.2489476738005598,2.5301865582763776,1.1753826550701345,2.45487779688834,1000,2.233215164456545,50.50330630877808,3.0174622809661025,0.4299003485098947,1.504760406128633,3.23486573188394,1.3906104813771516,3.075819847535939,1000
160,1.3020945451508492,46.613676545971025,3.853873761813988,0.34222727320061014,0.6599507782805827,2.07100685687374,0.6313290896776533,1.972860000624045,1000,1.389124790795131,48.59707352072737,2.479478001912456,0.43715320047581097,0.608950566459502,2.2658738492481483,0.5323045178625415,2.2459450637277203,1000
161,1.8745221093484694,69.21533012528755,1.7876088079582095,0.3810935623296784,1.1838148589864435,2.6837549576295476,1.1275787271823,2.621465491514639,1000,1.4686957954387632,31.84769559292677,6.005058818104627,0.5678293880659632,0.421448476052998,2.731402080200584,0.35575019482947545,2.5816413960480507,1000
162,1.6291950602702698,45.929993129684796,3.7837714231495263,0.36488236004049673,0.9869696847513697,2.426543276920464,0.9140256345908963,2.3443644859496433,1000,1.901673097533211,38.320412426910394,3.9629732276313283,0.4774171202039263,1.0294630209233986,2.924948439534774,0.9659355419335155,2.8374106531329066,1000
163,1.3932357764424297,65.59591443246008,1.9192902361534114,0.3375564827513625,0.7974128829459504,2.1498262683674136,0.7316250702497592,2.0548464826351003,1000,1.6851139919388727,40.03450455455474,3.96375253946871,0.41955138929478286,0.9727707143676787,2.6015781066048906,0.8627932689210983,2.507434714956647,1000
164,2.0377560480175405,55.85112108208123,2.8508242229358016,0.329658144277988,1.4747656758039853,2.7525783542537163,1.391626085232684,2.683886010802397,1000,1.9518753931436956,46.49196194150506,2.582390144854546,0.4132786505685711,1.2712616187887664,2.8537160855244714,1.1418492380292964,2.761901548258095,1000
165,1.0572682566955143,48.333958729030016,4.487143520389474,0.32489872970634354,0.507723299564497,1.7987620615507183,0.42046674647108095,1.6940697669199476,1000,1.1944054193106237,38.38931380740662,4.211587021768363,0.40919600376643317,0.5305040313303785,2.1477614907635583,0.39238125192841466,1.9964295866928328,1000
166,1.6964501556157399,82.14485319922927,1.3433711001721726,0.343677729052399,1.0853206444709445,2.391773847231744,1.0228418066730378,2.370058504558442,1000,0.23291017657415702,14.519097017568189,11.3857339004265,1.1860492009919523,-2.0585010751118498,2.318454599422723,-2.0917462573700694,2.5575666105183834,1000
167,2.0342467508540403,59.86406842564804,1.5816521849098868,0.38260315664960853,1.340215023728431,2.816782158910497,1.2843445638208075,2.784148937887273,1000,1.9507727803007304,11.949436035142838,10.034857981675843,0.6239062875506934,0.8776208707615252,3.299783412487269,0.7279164567013714,3.1736291039000895,1000
168,1.3490808128303913,48.2878295919757,4.569651954132177,0.31435182466567596,0.7756878749874742,2.0426010672167814,0.7329512364856664,1.965210389175116,1000,1.082603371410133,28.20488297905345,5.050282507651556,0.5086675595898059,-0.011105522937372207,2.0632583482842355,0.0856149546141135,2.0795917882061525,1000
169,1.2304626414577937,78.10472417988635,1.7080189635620497,0.307083826561411,0.6736753924493126,1.8798539069864835,0.6285783413974282,1.8323469415181592,1000,1.3885042960748246,35.66949507235267,6.010223485520111,0.503926352683532,0.3467098048523009,2.4189309215275228,0.4008086448151018,2.3761999473345474,1000
170,1.394879861161504,48.024381584327124,4.109943309209075,0.27169104192664895,0.8296220473912876,1.9550608643930225,0.8623654189852722,1.9273943033377359,1000,0.6156512685189561,22.7801014484955,7.109959290754201,0.5668869791264393,-0.6617308990476387,1.6171012800010744,-0.49544721056886476,1.726749747606777,1000
171,1.3188784299561505,40.79658099286279,4.087840176548361,0.2704981494129156,0.8313211239302647,1.9006148532807385,0.7887020571068358,1.849054802805465,1000,1.5601227127038846,42.91576196573685,2.5304112880939567,0.35635768084134883,0.8977859952448833,2.313825806387745,0.8616616582548409,2.2585837671529285,1000
172,1.6100061396671403,34.94524714988235,4.337542771122096,0.4539910121572144,0.7664843408740045,2.502592731774157,0.7201837558390002,2.4998285234952804,1000,1.0938930327054672,14.0214116031417,11.049842315766632,0.7379623129333797,-0.23517151341541562,2.792311956020461,-0.3525131006439568,2.5402991660548913,1000
173,2.2174631649455683,50.673031121084236,2.1034951982662315,0.36538365817965457,1.5149331641798252,2.957495862527916,1.5013111949134452,2.9336151349776913,1000,2.21989818365471,35.139316768902674,4.818799751141445,0.4404847401604033,1.433965658030257,3.2291270711765954,1.3565480929403195,3.0832482743691,1000
174,1.0292404081000943,49.756092393068215,3.3150137072197694,0.3217569050419788,0.31781225311248856,1.6364067727371412,0.39859687421781587,1.6598839419823728,1000,0.4186255356489448,29.226209845840074,7.3340479914158445,0.884745421439742,-1.8277328803976665,1.756520937126237,-1.3154754903729495,2.152726561670839,1000
175,2.1801941509773672,49.66202565860913,2.773857956123806,0.3765705623392695,1.4859628525633268,2.9491750629862032,1.442115848792399,2.918272453162335,1000,2.2278047779790526,21.503068447156384,6.094940787559529,0.47033587167856833,1.3863855760664319,3.239121152382938,1.3059464694890588,3.1496630864690465,1000
176,2.159925380235494,62.00949777238331,2.428477886982885,0.3637323947437913,1.5184375960200642,2.9060704757616116,1.447009886537663,2.872840873933325,1000,2.6595476626777286,45.877117676247124,3.082198825689145,0.6093108601510383,1.7054820494801828,3.9817405217432125,1.4652983767816936,3.8537969485737635,1000
177,1.4087259108034618,40.16316010189268,3.6309503674949073,0.29893213545801794,0.8596054865961462,2.0404796858531364,0.8228189253057466,1.994632896301177,1000,1.3279961484741223,32.34146577272304,4.188652499613478,0.402910923387085,0.43608713252704306,2.046252533526506,0.5382907386354356,2.1177015583128087,1000
178,1.4591461371715435,57.774824101657934,2.2791778558908327,0.27665826078681544,0.8980958316924562,1.9763935508850916,0.9168959460293853,2.0013963283137017,1000,1.024867299140475,30.89395872046363,6.105241894942896,0.41363801306414183,0.26053000835490536,1.8967115704834694,0.214136793534757,1.8355978047461932,1000
179,1.9317174758549658,46.591808331024346,2.6148046888966263,0.3375534520150855,1.3283494426826148,2.658860706312513,1.2701127099053982,2.5933222418045334,1000,2.0747067597265865,45.090839010129336,3.037219350841782,0.4346363855898714,1.2987995367953968,3.0272551447287444,1.2228194439704385,2.9265940754827344,1000
180,1.497049591165887,70.11394125004428,1.6009857976222586,0.289163180353876,0.9880861121701466,2.152074807529022,0.93028975767229,2.063809424659484,1000,0.4829884006994316,24.46508949640803,8.55051631680306,1.229032780158534,-2.498931795863551,2.412826334320545,-1.9259158484112948,2.891892649810158,1000
181,0.8529418263348147,71.03563467794874,2.024554244354062,0.3178131269542654,0.2632263436517657,1.5063966588478839,0.23002809750445463,1.4758555551651749,1000,1.3862381173005531,49.50942731581011,2.3358780548450304,0.4720703465736391,0.6490284465174702,2.4677519111991306,0.46098023801622046,2.3114959965848856,1000
182,1.655906064708613,30.681494292168747,5.379355670084237,0.3447002919032626,0.9620912602072937,2.3290232071436425,0.9802934925782183,2.3315186368390077,1000,0.9847697888622977,23.460928416957454,6.64819556570098,0.5457423413701542,-0.38637591133886856,1.820401677662846,-0.08488520022320456,2.0544247779478,1000
183,1.717734645249286,49.80192316555778,2.623524848784339,0.3753929470692429,1.0461596740112047,2.509408907025267,0.98196446899357,2.4535048215050024,1000,1.243310701618408,22.750490967605863,5.883447202959432,0.5768259442439402,0.16636488115268866,2.3968315937733458,0.11273185090028526,2.3738895523365304,1000
184,1.8773384563583988,28.9567081683196,6.253418771065918,0.3780376706733464,1.1655382589181131,2.6692767010597285,1.1363846218386398,2.618292290878158,1000,1.6806034611605751,40.3988109500481,3.2075898921947767,0.35534959251971515,1.0164841331321193,2.4320660919862322,0.9841182598219335,2.377088662499217,1000
185,1.6575205993618405,65.47193492339925,3.2540422113496295,0.3837349688845937,1.0509389295904692,2.550676214517974,0.9054000603480369,2.409641138375644,1000,2.3747275327946724,59.51705041020755,1.7579035670233951,0.6114705450879195,1.2486722849608167,3.5621297788083948,1.1762452644223502,3.5732098011669944,1000
186,1.4706201115553075,39.99312426191357,3.03719857991719,0.3779482118048309,0.7700109290999233,2.320071961664683,0.729841616417839,2.211398606692776,1000,1.5714495001196407,42.385462725622084,2.8424374185722683,0.45649420726641204,0.7520150152423047,2.5122647738927992,0.676720853877473,2.466178146361808,1000
187,1.442089585233282,63.38871796219436,1.9082799982960534,0.32748835433226686,0.8005167280052828,2.090240356962166,0.800212410742039,2.0839667597245253,1000,1.367843863778277,54.34752411322019,2.867502001663073,0.43811407530434604,0.4860054095996347,2.249108777845697,0.5091402761817588,2.2265474513747954,1000
188,1.0026372334759563,55.63891846181146,2.627769930218399,0.24262310813901042,0.5768698305735457,1.4893560496604674,0.5270959415234959,1.4781785254284168,1000,1.1518841910602875,32.056147722026886,4.652062377884538,0.7218805069901122,-0.4284487449069166,2.3668323226566863,-0.26300160264033234,2.5667699847609073,1000
189,1.5673563514891797,75.96337272527835,1.5572002862741163,0.33412277918379596,0.9134642484420783,2.2339454896153823,0.9124757042889396,2.2222369986894197,1000,1.1465708190617896,14.622556767907849,10.368846330619677,0.7818177752119697,-0.3129538942672719,2.6423967551875456,-0.3857920203536711,2.6789336584772503,1000
190,1.9228398488026257,53.11283512915519,2.6211792637888225,0.3339912755795553,1.2706572640850569,2.607358618678393,1.2682169486666974,2.577462748938554,1000,1.7352608788348172,35.48754417764934,3.6473985391393176,0.5664783772063535,0.7237472200801912,2.7758285329430996,0.6249632595103642,2.84555849815927,1000
191,1.5470411844993728,66.7098385721682,1.8364372863157048,0.30837824632487004,1.0162203407678212,2.225026473264069,0.9426198217026275,2.151462547296118,1000,1.1352143935741479,19.38455307196252,9.854301617249368,0.5127834272289505,0.23433877029351893,2.3077388308297966,0.1301588762054049,2.140269910942891,1000
192,1.322685844350314,73.56860356769832,1.4908975889114453,0.26104780128310656,0.8240331238887127,1.8604442034154196,0.8110321538354252,1.8343395348652027,1000,1.0587417890477555,24.965758139959043,6.827604634404154,0.6029898864306116,-0.025103338004535534,2.3555225955097834,-0.12311838835624322,2.240601966451754,1000
193,1.984743361021048,48.37652922986518,2.6974717982210032,0.31942591757630473,1.4089919955631955,2.695818703796617,1.358668562571491,2.6108181594706052,1000,2.459055492493839,25.84269704969695,5.128421158766446,0.6909363358787097,1.272419125397641,3.968672981573366,1.1048202741715678,3.81329071081611,1000
194,1.7393773928091734,54.17556084068639,2.264727403512263,0.28652984793800934,1.2540001682134345,2.3602353850571762,1.177778890850675,2.3009758947676717,1000,1.6403753315997651,27.95088554359329,6.511210094433465,0.6246980280087142,0.49029699551774586,2.95670215008367,0.4159671967026852,2.864783466496845,1000
195,1.0105329273209676,15.489502530252008,11.832967818014591,0.543479608041661,-0.21257878085044868,1.9511895223892681,-0.054687104440687806,2.0757529590826227,1000,0.09679821568477243,20.347091369354732,7.379218828286913,0.7062340510968077,-1.5992967784451766,1.3359901975403992,-1.2874205244649706,1.4810169558345154,1000
196,1.496215618459905,63.006158864409386,2.0739458801268,0.33287022596724797,0.9120666840044709,2.158140617170431,0.843789975564099,2.148641261355711,1000,1.691979637470626,43.67237675291865,2.9707036040862547,0.41726685348614384,0.9113171769613464,2.527489192165896,0.8741366046377841,2.5098226703034676,1000
197,1.9577470704753464,52.001832317039195,2.3351559072038044,0.33840481103728093,1.2818479536213931,2.6188589362387806,1.2944736408422757,2.621020500108417,1000,1.5555562068024158,23.908989199912302,6.644818099778935,0.6241709035122741,0.32931099445763495,2.746865127382124,0.33218123591835846,2.778931177686473,1000
198,0.9167280308386911,59.83276000909816,2.9564200845056723,0.30520842895668787,0.30366530357544663,1.5419467900466477,0.3185195100835829,1.5149365515937994,1000,0.4452917619333623,39.81897063372816,3.801963487453111,0.3982283288058667,-0.4001662607384445,1.167888928348395,-0.3352357625261365,1.225819286392861,1000
199,1.690484911759936,49.18970781567653,3.581466753274826,0.5856224360812542,0.542577473899419,2.8751626186287758,0.542664937040678,2.838304886479194,1000,1.9035461416624995,25.882860361775606,6.486169365733317,0.5409210596307326,0.9659333178935827,3.1342724767673014,0.8433408647862637,2.9637514185387355,1000
200,1.681507311092797,44.74361132680519,2.7139935739940175,0.37431365488628426,0.9858015674319416,2.4521191281327153,0.9478525475156798,2.4151620746699143,1000,1.0591304103861763,19.6235309842454,9.282258204298406,0.7301133867358099,-0.6292349640302645,2.310062523498825,-0.37189182761601125,2.4901526483883636,1000
201,0.9363784563109454,44.226081645749474,3.0269049360622082,0.6072156529236016,-0.426533334227374,1.9572337241993412,-0.2537642234193136,2.1265211360412044,1000,1.6236060919521562,34.723223518987254,3.503377426153751,0.45173639958707434,0.7905332510479263,2.3824715848133757,0.7382027487614905,2.509009435142822,1000
202,1.5227493607068854,66.46442909984482,2.7631937453150126,0.46726345296946414,0.7657919320896913,2.5371372443843283,0.6069129928867357,2.438585728527035,1000,1.6812789555822374,30.769420128448637,4.1482745494011155,0.5637937116901335,0.6194024887827426,2.8745136789451027,0.5762432806695759,2.786314630494899,1000
203,1.545183425468474,54.30548530514595,2.3336584134517047,0.3368655115506491,0.8955240567493182,2.2118747921618613,0.8849270228292018,2.205439828107746,1000,-0.12852962741034402,12.716740102957177,13.492385846567174,0.8057101055752441,-1.6842491253588352,1.5448609678454626,-1.7077214343378224,1.4506621795171344,1000
204,2.063551708742718,37.16323817843436,3.778789294414639,0.3735127476271672,1.3870082364440433,2.884176025714331,1.3314667233934705,2.795636694091966,1000,0.8552831278117994,9.41834241059002,17.10021576983428,0.8769873711863523,-0.8774315815483855,2.725682335493224,-0.863612119713451,2.5741783753370497,1000
205,1.0884428505053876,40.14955517238736,3.487063873553444,0.3350473231595307,0.5010175570135026,1.823079614087387,0.4317500971127075,1.7451356038980677,1000,1.1036047282413475,28.65060147867629,5.685000543210188,0.43568768685965575,0.3420437697013831,2.062343533502528,0.24965686199642223,1.9575525944862728,1000
206,1.7261469194360493,72.15261760177452,1.9287247804039584,0.3426443197102719,1.1101269794295918,2.4503015757022566,1.0545640528039164,2.397729786068182,1000,1.5829524120076128,47.94586089009194,3.1517435539896956,0.46095406606171446,0.7179193388615179,2.4980226817016864,0.6794824425266525,2.4864223814885733,1000
207,1.8520706477810371,74.23700822246495,1.2778672636925819,0.3495191898573887,1.211146664887801,2.583922207692438,1.1670130356605553,2.537128259901519,1000,1.7760756942417033,37.307576746767005,4.1752060371287145,0.4381480809847167,0.9963907009807609,2.6546403280915802,0.9173054555116587,2.634845932971748,1000
208,1.6273052002252781,62.01273120536499,2.229192954173281,0.31806799434195376,1.0340041909471247,2.2498028519610846,1.0038919313150487,2.2507184691355073,1000,0.18790607189659925,11.17562498731731,15.06548215770671,1.2389573106069187,-2.092161763582438,2.6542710438486523,-2.240450256892961,2.6162624006861597,1000
209,2.3238558700323377,40.93695174625339,3.236534007736211,0.4052622026892573,1.5832938975679527,3.168462042310426,1.5295419527613934,3.118169787303282,1000,1.4306453465381948,16.815196619846354,8.547822555198046,0.9463916284549666,-0.5906005933598363,3.2664684103432315,-0.42428224523353975,3.2855729383099295,1000
210,1.9582307997754267,78.40595344483553,1.7398792155060887,0.3432455010759703,1.3424767687009833,2.722430281590994,1.285469617666525,2.6309919818843284,1000,1.8513020343140631,23.912475879017357,7.321533159278285,0.740813061179828,0.5382973992244282,3.4153800827335044,0.39930843440160024,3.303295634226526,1000
211,1.1583035990327568,44.01905605495327,5.253843947037379,0.33098251191951317,0.4700782807241068,1.8157281955568032,0.509577875670511,1.8070293223950027,1000,1.42915952444713,47.24365509654104,2.999552602479597,0.3606294959857804,0.7385256289327452,2.1162925768798933,0.7223257123150004,2.1359933365792596,1000
212,1.7647632582179535,32.321235144495944,5.1169973293426345,0.3383413171809854,1.1171329437215902,2.472588871579494,1.1016142765432222,2.427912239892685,1000,0.6346001689638614,8.929295675905115,16.856582992340297,0.9311401524284603,-0.9326314009163352,2.6698908739227343,-1.1904345297959207,2.4596348677236435,1000
213,1.185186099489626,69.04905506916539,2.0633524824550835,0.2829924049892605,0.6673407412195169,1.7969285072485393,0.6305209857106754,1.7398512132685764,1000,1.0601836139341967,56.16461071795411,2.5609623602819407,0.37842775733048123,0.28748134662653874,1.888727654227038,0.3184652095664535,1.8019020183019399,1000
214,1.012159220378546,71.48267805216501,1.9073922649049322,0.241522685644292,0.4923381110804616,1.461796286829278,0.5387747565157338,1.4855436842413585,1000,1.024066058333399,58.481480736694635,2.2099950891911138,0.26955823821500996,0.44993260514400923,1.4724809714243527,0.49573191143197937,1.5524002052348185,1000
215,1.532532673300116,69.97469788739063,2.055547960178138,0.3267404687580647,0.9645299321794166,2.1921287773983043,0.8921213545343094,2.172943992065923,1000,1.543567917062844,46.98832019444748,2.501951313309133,0.40925413238727404,0.8136442261679698,2.392955516150124,0.7414298175837869,2.345706016541901,1000
216,1.777216615728506,20.10900524747,9.569623108653861,0.36388686609020077,1.1508016436434851,2.53648378811535,1.0639983581917125,2.4904348732652997,1000,1.6308747196699778,19.52237837649094,8.379138321034727,0.5638242641307284,0.7313138599858224,2.92416295327512,0.5257791619737502,2.7359702773662056,1000
217,1.8460154331350003,59.82273059327029,1.983869655184339,0.4111669494261043,1.0809155997278017,2.692978865470937,1.0401282122598356,2.651902654010165,1000,1.8977477695906273,29.919266321607214,3.6083380294130443,0.6631433935548927,0.9219303441200254,3.3258500070962898,0.5979867182230376,3.197508820958217,1000
218,1.319543989795215,55.15233498987964,2.928559721386282,0.27622748388386087,0.8228136551976152,1.8712869070052573,0.7781381213828478,1.8609498582075823,1000,1.2115747233846745,48.27223582833012,2.593036340306132,0.4132344764357681,0.3835832920669672,2.0087203303639063,0.4016351495705691,2.02151429719878,1000
219,1.210886418579813,61.29119162189587,1.7472954341037383,0.29285001806664024,0.6291880897566969,1.8173684935399539,0.6369003831691981,1.784872453990428,1000,1.2986011424491166,42.186844998285814,3.141202319494604,0.335643559559909,0.700258704014302,2.063274931479105,0.640739765711695,1.9564625191865384,1000
220,1.5750729844388496,50.17081717386879,3.4486565114194923,0.3418079065963271,0.9870738049900838,2.29268277644389,0.9051294875100485,2.2450164813676508,1000,1.0145775977925409,17.228903601809094,8.926243340570728,0.7966187329190164,-0.48888511360186915,2.7378076039718255,-0.5467951187287312,2.575950314313813,1000
221,1.5786826097577316,44.03042244320183,3.900631482510932,0.3600290161624623,0.8620270164422718,2.349960646917814,0.8730257380793055,2.2843394814361577,1000,1.2328447293529856,30.987390922466993,4.195355804666002,0.6180303026211396,-0.17688602879122917,2.252372893157166,0.021505336215552173,2.444184122490419,1000
222,1.6910801665231245,54.4519014275866,3.092710340631442,0.34051554969960984,1.0769833487235947,2.42384564942055,1.0236696891118893,2.35849064393436,1000,1.6278442681370273,29.3336024551269,6.288208161131467,0.45112577937121884,0.8100597502755461,2.6988378749702826,0.7436377405694384,2.5120507957046163,1000
223,0.8923862947285492,70.00755491836921,2.1150911928144778,0.2673156070787671,0.37635624462838324,1.4497586626771741,0.36844770485416567,1.4163248846029328,1000,1.1845389173437022,49.236437317494364,3.1607376838600616,0.5346302470123558,0.2587905208043024,2.243090987790483,0.13666363319948482,2.2324142014879196,1000
224,1.806507154690754,66.33756580071756,1.9440418203667027,0.301161045342368,1.2293866666663027,2.4073468386300556,1.2162315058197128,2.3967828035617953,1000,1.0950162680579432,35.756285060845805,4.998586224227189,0.6894624416716048,-0.537510334900378,2.2734289088395316,-0.2563301176184021,2.4463626537342886,1000
225,1.7959716521372695,47.65825125763185,3.1606102068400457,0.34525198189889994,1.1352329411869082,2.4786703405356825,1.1192777676154257,2.4726655366591133,1000,1.6717095018689876,43.206161906302725,3.5485043176595306,0.42588970847700464,0.8456830126251396,2.46140115108242,0.8369656732540586,2.5064533304839167,1000
226,1.8801066565418159,24.944140651557927,8.34291186042138,0.5074803243890159,0.9775381785867663,2.948107380814054,0.8854452207393447,2.874768092344287,1000,1.2271066351630595,23.804977848135373,5.148164391786774,0.6973320909381069,-0.359680194285268,2.6154626763162754,-0.13966426307562996,2.593877533401749,1000
227,1.5362617650170742,51.83320081227237,3.3954709702779446,0.3286747203661523,0.8929171192767764,2.161519429394156,0.8920593130994158,2.1804642169347326,1000,1.5191824485591416,53.20648766801529,1.8905082051043607,0.398925381310959,0.8318463535736546,2.347319863900593,0.737288701189662,2.301076195928621,1000
228,1.4674792125846312,64.99672718730284,1.9040268056697507,0.26191973132771207,1.0284485062676607,2.000831844829091,0.9541165391823155,1.9808418859869468,1000,1.5278529312666218,54.12567691493743,2.389037314783129,0.3421903169764148,0.92198801379467,2.2501848774984285,0.8571599099928489,2.1985459525403948,1000
229,2.028891884090823,39.349091908916655,4.021688043639479,0.44152581828193493,1.259222028371332,2.951354561944787,1.1635012802582305,2.8942824879234155,1000,0.9245065292771941,23.27083685884655,7.16539698240486,0.8482825006820791,-0.8954388620579936,2.789585065324451,-0.7381271720596809,2.587140230614069,1000
230,1.6122426605296316,55.40104196490634,2.8301317320446615,0.27806272140596927,1.0702966204841642,2.1692046596603007,1.067239726573932,2.1572455944853313,1000,1.2835474228578592,45.17529439150146,2.495174880963261,0.38225446726396184,0.5773919204819975,2.0839644730063682,0.534328667020494,2.0327661786952245,1000
231,0.5013719529136178,54.60683452326763,3.5516279605469094,0.2508532686235216,0.03419093772626635,1.0298576415000722,0.009699546411515492,0.9930443594157201,1000,-0.13859564513399114,35.5698818093129,4.51939663315677,0.5569347113653678,-1.5048112019746318,0.6094818058272324,-1.2301876794101119,0.9529963891421296,1000
232,1.3844610928610512,68.73631750831642,1.6549215332429073,0.29839134596071615,0.8330054391252444,1.94719413116969,0.7996140547780476,1.969308130944055,1000,1.7600306930650376,37.38810988899529,3.2991880739000887,0.6560647347777857,0.7931915722589733,3.3062126008964525,0.4741438129005775,3.045917573229498,1000
233,1.465250488619707,51.36041502158439,2.6816015628769603,0.371153366037165,0.7698094303389169,2.228862606726977,0.7377898911868638,2.1927110860525505,1000,0.3405229616136638,8.052502563882342,19.646909728488794,1.0309660352961973,-1.3617713766830886,2.8910375213571715,-1.680170467566883,2.3612163907942105,1000
234,2.2627214910772775,52.86104099641751,2.1989441268114356,0.3905504382658281,1.5549989080613686,3.0606918653628012,1.4972426320762544,3.0282003500783006,1000,2.2170350071912317,51.44850574805844,2.038331465981308,0.4744844644103887,1.3497943585352723,3.1871175847536333,1.2870454569468697,3.1470245574355937,1000
235,1.7008469092978773,39.49612220772651,4.49011204678931,0.4050058014836607,0.9948242944165715,2.561445188612688,0.9070355383899023,2.4946582802058526,1000,1.5893536566748496,29.569470020979086,5.133909461457908,0.5117565746629102,0.6411244103236201,2.6220131860431,0.5863107703355455,2.5923965430141536,1000
236,1.8089605077891244,57.976116429752395,2.0024628418107464,0.4516848862628434,0.9905291599094983,2.7345233543697205,0.9236581307139513,2.6942628848642975,1000,2.0113943334579854,46.49702717498691,2.480749738861315,0.5612795042657017,0.9015313466183347,3.0750449732641267,0.9112865050972101,3.111502161818761,1000
237,1.6094991797697074,62.11755985619818,3.0252918779944524,0.2931948347274041,1.079011014299208,2.2595594739453486,1.0348373037039953,2.1841610558354194,1000,1.4114037955311516,36.273587026123934,5.58865135308577,0.5399481570108372,0.38387131925522305,2.6178999753692045,0.35310540778991073,2.4697021832723927,1000
238,1.3194049660609486,71.8433940808583,2.4477854048512686,0.2798266100170121,0.8021340409511999,1.8790344562568908,0.7709448104276049,1.8678651216942923,1000,1.1145729013195451,44.03969382744948,3.663131128179617,0.35513503177267125,0.46225974241916756,1.9093671414280358,0.4185082390451095,1.8106375635939806,1000
239,1.7439879280276174,42.15412971672558,3.1614978271988816,0.2656832023973966,1.2559541311365559,2.275180884779525,1.2232488513287199,2.264727004726515,1000,1.504199818542912,22.527715430411675,5.133743644051904,0.39424136990204817,0.5924393405516025,2.2040378401460132,0.7314867335348976,2.2769129035509263,1000
240,1.9117011064482456,48.139647340695525,2.53987518158195,0.45647056506918565,1.1225173027875615,2.8804083871781665,1.0170187989126418,2.8063834139838493,1000,2.141300978159383,42.41013157602724,2.3785266991986793,0.47752495802313144,1.2528558334045996,3.1375617731669885,1.2053520604340453,3.0772498958847208,1000
241,1.78741081546414,46.578963882234326,2.7499631100410666,0.3511583643853819,1.182825514166273,2.577910220289255,1.0991404212687914,2.4756812096594887,1000,1.5535899032167344,45.456894336661,2.618519897784417,0.3349301266673907,0.9605970161948555,2.2558269411152816,0.8971268549486486,2.21005295148482,1000
242,1.7539847160353381,58.700763983922194,2.5666918102410126,0.34654799195347225,1.1503648539286468,2.500722208027453,1.0747506518065326,2.4332187802641436,1000,2.044134618016052,24.108545277345392,5.695658316991194,0.46959135716434247,1.190436972792961,3.0606980347983868,1.1237355579739405,2.964533678058163,1000
243,1.5290871470343395,74.61650334470839,2.1274703153657395,0.3625937628395102,0.8395911759304926,2.255281743589303,0.8184033718688994,2.2397709221997797,1000,1.7242342303639062,57.54568353159592,2.369855628741371,0.43939830371370375,0.8660202118346184,2.591263165940348,0.8630135550850468,2.5854549056427656,1000
244,1.4915473639551504,61.18191919192353,2.283183915401384,0.3229056909512152,0.948189167795161,2.1510777150263825,0.8586522096907687,2.1244425182195323,1000,1.6335574517400975,52.09458140894217,2.7327143705085875,0.39669434581141,1.0055715585408707,2.5114151031323453,0.8560365339497339,2.411078369530461,1000
245,1.1962311901511338,77.88263236604105,1.5856289496288003,0.2532528395859012,0.7321539064851492,1.7225797497777204,0.6998556245627674,1.6926067557395001,1000,1.081625011270308,50.48980539209378,2.477687956992115,0.4170498430624648,0.36442792238397326,1.9983727669403286,0.2642073188678771,1.899042703672739,1000
246,1.6687916518122843,39.4865296581724,3.25908350960486,0.40228582425505127,0.9197455665771519,2.515303938939182,0.8803114362723838,2.4572718673521847,1000,1.000750459541936,16.065956612221004,8.896323294541844,1.1034911571528194,-1.1554057003582672,3.396532484567838,-1.1620922084775898,3.163593127561462,1000
247,1.2187031356815496,46.94756833114806,3.791655624928398,0.33341327423727046,0.6792452466884416,1.9644132965564678,0.5652131181764996,1.8721931531865996,1000,1.2989113482193586,54.87290842486238,1.959985599746026,0.4107977101761675,0.6542073045990592,2.210834115431813,0.49374783627407026,2.104074860164647,1000
248,1.6412318369718717,46.17160610574942,3.3834975673028262,0.4487899962391061,0.8616058707139788,2.5977433939577113,0.7616034443432238,2.52086022960052,1000,0.9116974048693929,17.75277626691603,6.784738074302203,0.653564378673045,-0.3904820193356839,2.433873355556039,-0.3692887773297753,2.192683587068561,1000
249,1.5492481328479673,51.00879828137224,3.2519966710566828,0.28198198818640763,1.0129767385729698,2.1162416276138867,0.9965634360026083,2.101932829693326,1000,1.4297936831474245,40.62371954234048,3.2213133332029082,0.34534650202372885,0.7768816190527295,2.1559801901250255,0.752914539180916,2.106672827113933,1000
250,1.1174226994710503,62.877674917943175,1.558183124405511,0.2775084642290606,0.6180527604412531,1.7254305744032814,0.5735061095820916,1.6613392893600092,1000,0.7324698099680638,31.973228732615013,6.144868375522268,0.43809860305355247,-0.1327385025933199,1.657237407316641,-0.1262034520168991,1.5911430719530266,1000
251,1.4067437207124167,61.73583943602879,2.120518973169292,0.29004325432380446,0.8336490984176541,1.9459147523411737,0.83825894223776,1.9752284991870734,1000,0.8257357771649154,43.42367150892463,3.2589499717447445,0.43814851708202707,-0.2247131317067405,1.5019761053583796,-0.033035316315857655,1.6845068706456885,1000
252,1.389379889283901,31.41823932224037,5.235406252129954,0.33364144225524106,0.8275899071988115,2.0928762380520562,0.7354426624636287,2.0433171161041734,1000,1.2614183142724045,7.558838193758001,20.523214385157242,0.45198465622555944,0.4668445005646487,2.226131925860512,0.375528388070308,2.147308240474501,1000
253,1.5458789387996368,54.295558286666406,2.4632932714439626,0.29884027109986305,1.0049835185679936,2.1296533684970314,0.9601520074439052,2.1316058701553686,1000,1.4296263065185615,31.140588859265986,5.1841021294591245,0.3964729624254741,0.619464952489488,2.168540671856105,0.6525393001646322,2.2067133128724907,1000
254,2.5270800042671557,39.613438339623606,3.422527161044311,0.45335519245684125,1.7161637441596067,3.457023621155582,1.638503827051747,3.4156561814825643,1000,2.142460800359135,31.037002257002595,3.6692344488951902,0.5526552148663193,1.1098897933776253,3.301081850957568,1.0592565792211495,3.2256650214971208,1000
255,1.5949099096729085,58.89010404804498,2.5362236541646626,0.3195344418258632,1.0231469105500424,2.2577946969733587,0.9686224036942166,2.2211974156516003,1000,1.9246333019879487,34.507570223456305,3.199674869740178,0.4639178846948755,1.2254750058087407,2.964832706928936,1.0153542479859927,2.833912355989905,1000
256,1.5281685989778178,60.35304895667994,2.6402415944250093,0.2811606157888184,0.980521769388146,2.083959554479789,0.9770937920317337,2.0792434059239016,1000,1.9934889723303342,41.986401969623365,3.17389243002447,0.35524137188873905,1.3428539475715373,2.719513225495647,1.2972158834284055,2.689762061232263,1000
257,1.7632736849040482,60.12414837132152,2.168265211211931,0.3663356862628817,1.0834827367196667,2.5287326440036066,1.0452557398288,2.4812916299792964,1000,0.25380333545761635,17.512905481565006,10.667239443417404,1.211890070864486,-2.35025141140797,2.4380613899620815,-2.121501203436776,2.629107874352009,1000
258,1.3325954043455486,73.87482564916746,1.4631852543048813,0.3202242521376899,0.8092530577718519,2.074271774185339,0.7049558701556764,1.9602349385354207,1000,1.4104298923931262,48.686063965341646,3.7636024377769517,0.5174848349890577,0.5954013306930223,2.6022254565272336,0.39615961581457304,2.4247001689716794,1000
259,1.8964016116982148,61.1312010649156,1.5822996128725528,0.40528655509347833,1.157497805428798,2.7352897391407716,1.1020399637149971,2.6907632596814324,1000,2.276300408143717,46.45578396496013,2.35113325253778,0.560892917308652,1.2682609245054455,3.4930550367043347,1.1769502902187592,3.375650526068675,1000
260,2.2131664073335853,60.935246139991875,1.6125207205950145,0.39936983051685626,1.4914043591094177,3.0480442413527373,1.4304015395205472,2.9959312751466234,1000,2.088269251348293,17.523914660063944,7.396665644566708,0.6427672569274319,0.8017853922384095,3.4263988451210476,0.8284454277705269,3.3480930749260596,1000
261,1.4796267162523988,59.59704512760521,1.8006270539632385,0.31191511672903227,0.9238355627714074,2.1035325239799345,0.8682730874634956,2.0909803450413023,1000,1.1877773747240634,31.01791855172011,5.785955469020086,0.5621696740376042,0.13527834633010982,2.321201923863068,0.0859248136103592,2.289629935837768,1000
262,1.8747846399589783,57.56113239083181,2.9174833039988997,0.38018776753565264,1.2062296684446396,2.664263428693011,1.1296166155890992,2.6199526643288573,1000,1.9893800312342962,35.178610068229084,4.855950361281178,0.541104462460627,1.037668866675747,3.1905876113096703,0.9288152848114672,3.0499447776571253,1000
263,1.8708153424986231,50.152442346215665,2.6276471492112843,0.35079916142348816,1.1600322034780066,2.528446231074137,1.1832489861085862,2.55838169888866,1000,1.3533643393998487,29.02873398710084,4.453261069078399,0.6457790611319965,0.011726386520882027,2.5163704866606937,0.0876373795811356,2.619091299218562,1000
264,1.145778368248569,19.37311414168539,9.740117642696939,0.48111490776702426,0.3996390024606413,2.2173454305528026,0.2027931490252014,2.0887635874719366,1000,0.9410224077881062,28.642141623070003,5.779902185157414,0.39145561897046155,0.12525694908171892,1.6133401939012972,0.1737693946060016,1.7082754209702107,1000
265,1.7521564668356913,38.00137698733163,4.985128771445022,0.4858747118162277,0.9010322473478636,2.77427580808308,0.799842031675885,2.7044709019954976,1000,1.490124207715318,35.814588724331706,3.7557483292225173,0.5553968633670258,0.4036293682264361,2.685880806858458,0.40154635551594753,2.5787020599146886,1000
266,1.5022653992112294,51.75437838171535,3.010938493806302,0.357261786104192,0.8884919680245517,2.2575267175352667,0.8020322984470131,2.202498499975446,1000,0.8446829607450907,19.52651127192142,10.473688480474632,0.7861134728491905,-0.9007498529402735,2.3623591046499737,-0.6960994460393226,2.385465367529504,1000
267,1.4138030481446782,74.4268076923915,1.4736196639066532,0.2764169768693198,0.9312606959805821,2.0037734344167797,0.8720257734808113,1.955580322808545,1000,1.7222744153955523,58.449880903228475,2.1081896536406597,0.3677298464177067,1.0856685847460656,2.532494023014551,1.0015239164168472,2.4430249143742575,1000
268,1.7313145043688092,45.53501910653664,4.413166714376839,0.3197118622131206,1.1746246806122138,2.4134945988889505,1.1046792544310928,2.3579497543065253,1000,1.5777082430817142,49.09224315580893,2.319909880407923,0.36436326021014936,0.9383502859060892,2.380051271435341,0.8635562530698214,2.291860233093607,1000
269,1.4342835640361375,78.57745963430277,1.384844774889627,0.33108181395830893,0.8457707656738513,2.153327673059302,0.785363208677852,2.083203919394423,1000,1.928386674377112,48.64505070730866,1.9022462795519144,0.46838616649178066,1.186485330207169,3.000834477549547,1.010349788053222,2.846423560701002,1000
270,1.4138008009514587,61.85317586426133,1.9486094033840156,0.33296159921271473,0.8347394226753138,2.135771247196726,0.7611960664945377,2.0664055354083795,1000,1.5845066432129622,45.189805575790984,3.4834918744266683,0.40983962723258494,0.8905094472589582,2.497672911878254,0.7812209738370958,2.3877923125888287,1000
271,1.5397137000902412,46.089242556549486,3.2807865687267097,0.27920936711047234,1.01806798731988,2.1110364263263808,0.9924633405537154,2.086964059626767,1000,1.4477017796009877,43.23682014008183,3.214528859951681,0.3308962710891015,0.80627502059221,2.1126294609988228,0.7991450882663487,2.0962584709356267,1000
272,1.4007950737806967,53.05786014978449,2.9242214932817823,0.27709128723436616,0.9028264148848507,1.9749462355567968,0.857696150801339,1.9438939967600544,1000,1.3329748310498744,30.209933592568447,5.764461387879965,0.35957442733691314,0.7010032271198845,2.073762661131243,0.6282089534695247,2.037740708630224,1000
273,1.175701536214367,50.10034768067598,2.5962354981336477,0.3399016132694848,0.5431274631301256,1.846606320837353,0.5094943742061768,1.8419086982225572,1000,0.8470992974636227,29.717064043390252,4.659771976282264,0.7103215291377719,-0.6757779088965025,2.131753742458435,-0.5451308996464101,2.2393294945736555,1000
274,1.0878182701224826,75.17198850714217,2.0743487874806497,0.2808553314005953,0.6149123254647634,1.6849310881636086,0.5373418205773157,1.6382947196676494,1000,1.1815533339264332,39.28190634396448,5.100808869113378,0.3306910992245682,0.5774289098231286,1.8695741218128055,0.5333987794462797,1.829707888406587,1000
275,1.955456763949507,42.15096613646749,2.5791215378389336,0.38455748966173203,1.229336024502187,2.7286947197026654,1.2017240842125123,2.709189443686502,1000,1.5032132644085876,35.50578064233525,3.2331284658385337,0.6170652227742395,0.18359935431060048,2.5228273840089748,0.29376542777107817,2.712661101046097,1000
276,1.9568915638898572,55.45149542039992,2.365840548395866,0.3615953039849731,1.268293974864389,2.6417847660767837,1.24816476807931,2.6656183597004044,1000,2.02283073356648,26.285254130331047,5.647063695886299,0.5295324298185758,1.0850110303557237,3.0857244740315486,0.9849471711220712,3.0607142960108886,1000
277,1.5978322516919936,40.37673417592773,4.268109722950991,0.35814826151435897,0.9256158367059588,2.3150782943636683,0.8958616591238501,2.299802844260137,1000,1.0529927147677065,25.70770891098989,7.307343627207142,0.8222256767206897,-0.9738910204008756,2.3238507168128986,-0.5585696116048453,2.6645550411402583,1000
278,1.8630709902363378,35.51990859294208,3.3666780837955033,0.34883734001415406,1.2523083389056548,2.6470811090471105,1.1793498038085959,2.5467921766640798,1000,1.9878982672979875,34.23143278588908,3.9899937048514142,0.4181807606708281,1.2629491003255964,2.9456165215202663,1.1682639763831644,2.8075325582128103,1000
279,0.995184470899424,40.103084884839,4.6974961931822,0.30131273518250196,0.4095994321101966,1.5855380514371002,0.4046115099417201,1.585757431857128,1000,0.4883242564319694,17.046975774703853,10.79330901952044,0.5249592150813867,-0.7585588020947521,1.364427967302602,-0.5405958051275483,1.5172443179914872,1000
280,1.9639121134773876,54.67618292474998,2.7989653126383636,0.3197437578383553,1.3952644311913587,2.615558956172326,1.3372143481142111,2.590609878840564,1000,2.164912563502967,37.89119278871305,4.124344801550019,0.41140227822836173,1.4169674189536892,2.9951983138640834,1.3585640981753782,2.971261028830556,1000
281,1.0141865706957207,78.15907316839254,1.5253601335795468,0.24715772281829837,0.5712554338641369,1.5181126549042536,0.5297574339718559,1.4986157074195856,1000,1.0837186521716369,61.50566310995585,2.0309724554740547,0.30521608152516627,0.5196749055072054,1.701810606522588,0.485495132382311,1.6819421719609626,1000
282,1.4294033494043825,48.99311218440666,2.0095206168503665,0.43358399371254375,0.5716901556330181,2.2739029930906005,0.5795787217277968,2.2792279770809682,1000,1.3697424999327734,31.313747136856875,4.8534949355166495,0.5381047524295859,0.3194843676642915,2.432644389202356,0.31505718517078507,2.424427814694762,1000
283,1.4490593778477119,66.0224894019819,2.0840874164538645,0.27854606741011034,0.8895193929205907,2.045076636225418,0.9031090857238956,1.995009669971528,1000,1.1420645178251867,29.53720264240672,6.425430789835319,0.46210195748069915,0.2703699361880272,2.068790878155524,0.23634468116301632,2.047784354487357,1000
284,2.4276096655215054,25.423349054992805,5.153364877069085,0.48127145524364334,1.5192761526578988,3.405236069717847,1.4843176132439644,3.3709017177990463,1000,1.4371268658667606,7.341169827685509,18.121739977704234,1.0826329876616532,-0.5934646430194355,3.6628416088188143,-0.6848337899500794,3.5590875216836007,1000
285,1.019973214443917,70.11455611561404,2.064211514197462,0.24767633640508765,0.570274822536061,1.5276530915759314,0.5345275950899453,1.5054188337978889,1000,1.254075755468193,55.881668188406515,3.365119896003547,0.45633545983600393,0.44377993753208034,2.2431742336111826,0.35965825418962527,2.1484932567467605,1000
286,1.2285774218969263,72.4071576416198,1.7274699918877765,0.29560113973335755,0.7091055423517999,1.8870044294907802,0.6491991880195456,1.807955655774307,1000,0.9459818613380868,37.22851294741793,5.243532341539381,0.534893723923262,-0.2882766910117157,1.9265344133409246,-0.10240983755150657,1.9943735602276802,1000
287,1.5217161756364148,68.99527867059122,1.6060786965886065,0.3344685516764304,0.8649992634526253,2.24850328338403,0.8661578143506112,2.1772745369222184,1000,1.138239393467996,26.633722933744572,7.17250126017911,0.6123332365809523,-0.07569711032108552,2.3403890250678003,-0.06193375023067049,2.338412537166662,1000
288,1.6463203008463485,37.142396326320416,4.67458226445853,0.3580289955856473,0.9907444252621699,2.431610326347788,0.9445834694984797,2.348057132194217,1000,2.025324887780131,40.36314600302428,3.6486153826042513,0.4644006623409244,1.2262631193406006,3.0116904558448856,1.1150995895919191,2.935550185968343,1000
289,1.168997021546752,38.86019700971462,5.408883978417257,0.3344564610880709,0.5346843576976457,1.8598923129867728,0.513462357814133,1.824531685279371,1000,1.4746493914593848,37.596365752469076,2.710997684324939,0.3598533953992403,0.812921544003896,2.2176794736825993,0.7693367364768738,2.179962046441896,1000
290,1.7626044006323383,59.68995737152253,2.7551119562810054,0.3568662180308997,1.1174803192053335,2.471437741514131,1.0631466132917748,2.4620621879729017,1000,2.2494158016137034,52.38430429845344,2.0685502279430152,0.45287901787631846,1.400206139112929,3.2285189336758493,1.3617729265761191,3.1370586766512876,1000
291,1.0882322297674079,71.63308152784778,1.6270212999407432,0.3555519599619671,0.47604581693329584,1.9042915412169863,0.39135038824195234,1.7851140712928633,1000,1.5271461046429191,56.342290911824875,2.0969350772770556,0.4887516845618917,0.7664413767051367,2.6430445599351264,0.5691928029016113,2.4850994063842267,1000
292,1.4265614664070365,82.76606005077392,1.2203037825378884,0.3173544773658779,0.8755716609051567,2.1436169384455472,0.8045466907699158,2.0485762420441573,1000,1.6962457475698045,67.96568885434812,2.193869848781801,0.4096670077625565,1.0177570753250968,2.6225657045624757,0.8932984123551938,2.4991930827844153,1000
293,1.7107087331362016,27.237997872517756,8.124743555945257,0.4585788022128726,0.820600932529163,2.628196085011115,0.8118942807989713,2.609523185473432,1000,-1.8741227122990578,3.067871019455683,46.767649021759134,1.8510782316785883,-3.7638912281785624,2.3192860660928374,-5.502236046389091,1.753990621790975,1000
294,1.4672002387180312,77.33782228408079,1.6650918623979654,0.28329072875355676,0.9640966002855703,2.0716854835739467,0.91195041036106,2.0224500670750025,1000,1.2789867634575747,42.82613468959117,3.710673995124913,0.4964968290592165,0.3126652356602995,2.3461386844573036,0.3058529785015104,2.252120548413639,1000
295,1.502397497149067,79.2542287111528,1.6643539221315526,0.29541749339771955,0.9098799949632741,2.1156112555262307,0.9233792100895367,2.0814157842085974,1000,1.5795630564337857,32.81928203863916,6.3179147812474685,0.6053331199474604,0.4529636744708034,2.8034957283130533,0.39311014133676325,2.766015971530808,1000
296,1.4048627878883508,70.23585188418949,2.066921444256592,0.2573762653116423,0.9278168759290005,1.9355265121773886,0.9004053078775319,1.9093202678991696,1000,0.9050352756205857,30.639953451034774,6.2030763374033,0.5224792571183121,-0.1076937014362351,2.011623376102532,-0.11902406833130597,1.9290946195724774,1000
297,1.4195088628540256,63.41044125795086,1.9929532399547838,0.3726840362629258,0.7720635854370718,2.182784518467927,0.689048151778691,2.14996957392936,1000,1.9377460742600454,49.99878070376468,2.252145649225252,0.48948402659681245,1.0925056435197396,2.997555079338705,0.978357382130293,2.8971347663897977,1000
298,1.2569278655005651,56.56790802144442,2.0711485146618815,0.2823715151962317,0.7341624533409914,1.8408239665427173,0.7034796957159509,1.8103760352851794,1000,1.427815113798462,38.35345576604102,4.270678916435759,0.41445120689297504,0.7103998281641865,2.3310575736413637,0.615490748288231,2.2401394793086933,1000
299,1.5258395352217033,57.91752544746407,3.233100361880962,0.4053652407250033,0.8334469795893815,2.3897045147596234,0.7313236634006969,2.32035540704271,1000,0.3472258532028034,11.867497041596435,15.883450988976563,1.194807140796416,-1.9742533314250783,2.7719595766980936,-1.994596142758172,2.689047849163779,1000
300,1.6160150184494708,58.129571195341896,2.6154789056124277,0.4125404378559392,0.8962548520825476,2.4918195949229944,0.8074357602518301,2.4245942766471114,1000,0.6670385809210599,20.386128032078297,10.591727710672826,1.165826712141933,-2.1412182157270827,2.654006239521915,-1.6179817748771286,2.9520589367192485,1000
301,2.1047119835728947,53.872391427727344,2.4941306662507228,0.30421925628619695,1.5413116291607905,2.699849491525207,1.5084422412519487,2.7009817258938407,1000,0.7990415170613976,14.55398485984847,11.677966759375991,0.8842909383506934,-0.9918637144458525,2.380548390939301,-0.9341687221059614,2.5322517562287565,1000
302,1.782562365959297,78.42425503709136,1.3041907514299862,0.4152417776043672,1.0475044668667244,2.718007179397124,0.9686884818547373,2.596436250063857,1000,1.4200452687563159,33.31085866706058,4.063576258077099,0.7864185377171374,-0.05996182510155929,3.060414516979809,-0.1213350651692735,2.9614256026819055,1000
303,1.2289701404894715,43.76047681506302,4.2074932716457365,0.2722102181788592,0.7185938389206981,1.7873404768148788,0.6954381128589074,1.7625021681200357,1000,0.8521138952384231,42.12622577206719,3.066688652223718,0.388332690956087,0.08513151045044015,1.5783442343731324,0.09098182096449248,1.6132459695123536,1000
304,1.4550585566126852,58.49363231633915,2.2348779384416884,0.3354090519538109,0.8050813008988941,2.174602029762196,0.7976568147832159,2.1124602984421545,1000,1.1191643421149946,36.93077497845533,4.90891147317878,0.6998493064230302,-0.11231331123593113,2.4664196195408716,-0.2525402984741447,2.490868982704134,1000
305,1.5933076781199156,51.63021969116306,2.9705155344971836,0.34282212979614735,0.954998382540249,2.3066231274847806,0.9213763037194668,2.2652390525203643,1000,1.2866236736484704,35.1953923310766,4.294109060314672,0.5276765271096397,0.22030395202868508,2.256268057651822,0.25237768051357645,2.3208696667833646,1000
306,1.1789206871960838,62.4061188058087,1.9263533191496176,0.3730472024971835,0.386367835210863,1.8972865861406751,0.4477481703016042,1.9100932040905634,1000,0.7625558447788086,32.86275491695712,5.133270233779769,0.590886931389111,-0.47393091486557315,1.933014235412803,-0.3955825407438489,1.920694230301466,1000
307,1.8870397643011434,67.6846537514502,1.2550106719491552,0.32028858278421074,1.268945232220729,2.4854825756813486,1.2592741420440903,2.5148053865581965,1000,1.7420150008434674,32.67805409503708,3.940764593971468,0.45967921311359006,0.8528663747189762,2.641572720147087,0.8410437431408309,2.642986258546104,1000
308,1.0449245261685878,64.77881892160768,1.6057342574089732,0.28834922649501116,0.5181863626830043,1.6881562568698183,0.4797600422383659,1.6100890100988097,1000,0.9837904811039695,57.42670104890656,2.1346445125396913,0.35017426642557176,0.3469604405861562,1.766420652215574,0.2974489189098488,1.6701320432980902,1000
309,1.1100299956369994,58.03907900371902,2.276521291185159,0.3159619320488277,0.48557255539203753,1.7309865646798446,0.4907446088212971,1.7293153824527017,1000,-0.06563894924667002,13.413759374477497,14.137780215684565,1.0922845366966965,-2.2916077038330736,2.020481252140623,-2.206516641172195,2.075238742678855,1000
310,1.3754946454184052,73.87302170471843,1.4596791082902187,0.35892309223050195,0.7722236248251686,2.1439353964668757,0.6720053846466213,2.078983906190189,1000,1.5068414174828568,43.42346939301033,3.2573150631070855,0.517082162379428,0.5372499807100868,2.4549667226900467,0.4933603792191781,2.520322455746536,1000
311,1.3649062900982845,77.43407074381977,1.4089205811093617,0.3237498594697407,0.7817694127951403,2.088077242947381,0.7303565655375927,1.9994560146589762,1000,1.2696598446112293,47.51964875905422,3.0307798960144905,0.4086789522595404,0.4474949246756993,2.025029173805553,0.4686490981825302,2.0706705910399283,1000
312,2.022441905558879,52.59248279284271,1.9378954127782977,0.41065504703847716,1.1898026845115273,2.8334810054576254,1.217558013363464,2.8273257977542943,1000,2.6416196793847933,34.04104435199275,2.989320812047489,0.44668808179627634,1.7686886044359003,3.533177792793753,1.7661110390640915,3.517128319705495,1000
313,1.715510002526511,52.939721771004415,2.65613883312759,0.29968489519005664,1.1860350744776411,2.3292586764374166,1.1281276079540001,2.302892397099022,1000,0.6842834804239786,22.718890625820872,7.833320998524159,0.5457129902879275,-0.547066458779821,1.7124955966472672,-0.38531398054035937,1.7538809413883165,1000
314,1.7223069511665705,45.111623228444806,4.224392277783986,0.2632473142691472,1.251924822572245,2.3186390402990362,1.206342215199042,2.238271687134099,1000,1.6184546488939038,38.16587437232243,4.252327720151396,0.46259641350275604,0.7469719939125762,2.627184315319698,0.7117656784285019,2.5251436193593055,1000
315,1.5376593211086986,57.81789335199523,3.2038567774727382,0.3159782040623706,0.9936052363025055,2.216519592013292,0.9183420411464522,2.1569766010709452,1000,1.3995911504092042,38.170345392140206,4.6029342298137825,0.5208658810653513,0.3605483671158261,2.3944663948285183,0.3786940235211158,2.4204882772972924,1000
316,1.577490110990526,54.30567446518487,2.7003192857145675,0.3521976993915129,0.8619318850662179,2.261984736929681,0.8871826201831606,2.2677976017978914,1000,1.8943893199643491,19.640887472524152,8.474169718554807,0.45114866997454395,1.0536230023293998,2.7598299380819005,1.010137926814243,2.7786407131144553,1000
317,1.4521937581737414,60.67970470954559,2.0327128321748433,0.2813877586177897,0.9196756879856661,2.043198494753304,0.9006737512828736,2.0037137650646093,1000,1.5174520903373745,42.63921239755156,3.262867707190452,0.4526546900500158,0.7125345741690172,2.380424539046881,0.6302488978393436,2.4046552828354053,1000
318,1.1125612229383708,73.35676606712848,1.8699586256003926,0.2996365608354002,0.6085423755601629,1.7574384417609417,0.5252735637009864,1.6998488821757551,1000,1.2646279430168326,41.109619114742365,3.919851912573029,0.4762456239025516,0.38250773810404004,2.3261979125513883,0.33118652016783146,2.198069365865834,1000
319,2.1480804646631926,54.63852570240683,2.6331682688423856,0.4012676607114366,1.4148564077249783,2.9862219568196005,1.361595849668777,2.934565079657608,1000,2.6442178998361485,52.74421079599477,2.2621109641562427,0.4714733721177635,1.7830832143747395,3.6143248601537197,1.720130090485332,3.5683057091869648,1000
320,1.4589566251542785,54.50512843395572,2.876371695272038,0.28775310732971754,0.9080024503576465,2.0396616039084132,0.8949605347880322,2.0229527155205247,1000,1.1376264954306383,39.82996429025866,4.544893173031572,0.47216455960353787,0.11779537058832414,1.9666378396381508,0.21218395860770412,2.0630690322535727,1000
321,1.911014987143796,55.01247914304233,2.5383016099157514,0.3611719547171403,1.2824854256138405,2.659137143213888,1.203117955898201,2.6189120183893912,1000,1.999444248636215,31.562787194497993,3.7966520150231835,0.5517795316901113,0.9767546705058787,3.1368445579706816,0.9179563665235968,3.080932130748833,1000
322,1.6595650595422602,51.227468595172475,3.4764051479446603,0.3218333928249551,1.1017507889660805,2.3892605498947592,1.0287716096053483,2.290358509479172,1000,1.850712304939648,47.82892606822425,2.7834569903639705,0.38797484281197697,1.1471146940413197,2.6679480981634325,1.0902816130281732,2.6111429968511226,1000
323,1.7202643653614413,16.76295567832367,11.39109623209511,0.3125205648103586,1.1235952817064243,2.3269429223640876,1.1077240583331385,2.332804672389744,1000,1.9093552387734674,43.567844218285934,2.225668454227427,0.33363389036301994,1.259753952355111,2.554651499301204,1.2554328136619484,2.5632776638849863,1000
324,1.9339611449751835,58.40773020852478,2.393280987382844,0.4252930319799045,1.167647816918186,2.832798649148796,1.1003868022945706,2.7675354876557963,1000,1.6321901507111942,19.16673545732922,8.263142756568126,0.5230537005896596,0.635025828542214,2.673346126071076,0.6070048975554614,2.657375403866927,1000
325,2.7789824532919845,20.67184396189649,8.653753073815412,0.4944034611941302,1.8500176110233262,3.780495409847941,1.8099516693514892,3.7480132372324797,1000,-1.040765536805866,2.0827792983893656,59.708880012913596,1.818879447236814,-2.46633820213759,3.690329536851662,-4.6057692533900205,2.524238179778289,1000
326,1.303349327451679,76.41582134138551,1.4636478738803351,0.3034443370639286,0.7120728328175651,1.891374429321597,0.708598426806379,1.898100228096979,1000,0.7278985864461185,31.593767954568758,6.859819119873866,0.906279590466311,-1.297645590566749,2.1914555362409236,-1.048409410867851,2.504206583760088,1000
327,1.2674790980043795,63.351316790418814,2.204048374690349,0.3504940118876527,0.6944842605529795,2.0691508431855308,0.5805108347045802,1.9544473613041788,1000,1.0291425990159353,36.140407984617866,5.62737335297055,0.586621574559107,-0.13383301045030208,2.2491394320602,-0.12063568711991435,2.178920885151785,1000
328,1.6585898520056495,51.657473804869205,2.609712021748939,0.3063656904623514,1.0530039419706372,2.240061917593766,1.0581130986994407,2.259066605311858,1000,1.0344553721271779,32.371449109784855,4.920072586051372,0.7961610066859532,-0.9518862617176981,2.203930438181549,-0.5260202009772905,2.5949309452316465,1000
329,1.2129015700572179,53.495409813260544,2.5970699179437973,0.3119500321754706,0.5889936015777248,1.8437410183938887,0.6014795069932954,1.8243236331211403,1000,2.1669936740488756,10.969333522416258,16.210321628030314,1.2248992973933226,-0.6397540826156365,4.4512276854117685,-0.23380894884203673,4.567796296939788,1000
330,1.2607731845381713,72.06739671147872,1.9553153906174587,0.28529319387906227,0.7653704626201583,1.8512623587658876,0.7015985245352093,1.8199478445411335,1000,1.2398143543921378,48.52411568987221,3.8377855494154494,0.3740053754718002,0.6301111668489926,2.0534536471399445,0.5067638184674095,1.9728648903168662,1000
331,1.7526167100800052,50.90497199101492,3.1495942108405495,0.31457998778287094,1.16505693117211,2.4028612467877815,1.136039934025578,2.3691934861344324,1000,1.5054959900226765,25.40618603211234,5.139558917917177,0.5390161994498268,0.4828040075785681,2.5868784561817773,0.44902423910101597,2.561967740944337,1000
332,1.8501578367773666,43.84106360054542,3.4647377664490753,0.37135709930612737,1.143184004552802,2.5925133502255227,1.1222979221373568,2.5780177514173763,1000,0.33847750124162346,15.122983658810115,10.90407854975424,1.0655118350536552,-1.7968214218681153,2.5114887299101785,-1.7499256954635407,2.4268806979467876,1000
333,1.5754734644769623,63.70595442439509,1.8413773071215869,0.3022873717783399,1.012686963390915,2.1669545424448033,0.9829902157914161,2.167956713162509,1000,1.546907314049868,38.25352813203438,4.710487968480701,0.37464303299168406,0.7888479526367902,2.2664451463737083,0.8126069693861672,2.281207658713569,1000
334,1.7627698117604766,40.68248910409352,5.242668766679727,0.32388109805033627,1.1189366910982823,2.3831771232252565,1.1279628595818174,2.397576763939136,1000,1.3401035732210955,39.8400976317494,2.8408948896924358,0.4332160415392441,0.44139481012640835,2.170419694861732,0.4910001318041771,2.189207014638014,1000
335,1.596180313815635,60.39301273566268,1.922474362308919,0.378713600954435,0.9412945378336924,2.399219082316589,0.8539016559449424,2.3384589716863275,1000,1.5652087345260102,35.74861336390425,5.270500111731245,0.49908332368644914,0.6118043108483016,2.5922791716277134,0.5870054201005699,2.5434120489514505,1000
336,1.1260677972880253,26.176439971735583,7.013712578878174,0.37018219607199615,0.44477887370554825,1.9461151158757122,0.4005106929869129,1.8516249015891377,1000,0.9612547544018297,30.139891543051686,5.688475991764599,0.3693987675196292,0.2832227817432413,1.7598780235805633,0.23723317006335654,1.685276338740303,1000
337,1.7997023215790677,52.43266529856648,2.2846396413423764,0.368151380356645,1.129946675532818,2.575338729950727,1.0781256160800434,2.521279027078092,1000,1.8472778414234445,38.553168246965996,4.762911081121345,0.5101960678502185,0.8959633802709899,2.918153931074791,0.8472935484370162,2.8472621344098727,1000
338,1.8557313576127188,68.54121563479332,1.685700007994513,0.36532799869574434,1.1978226632781324,2.6400283887719955,1.1396884801690599,2.5717742350563775,1000,1.4286851171944268,31.0430193049731,5.032124490279343,0.45808199525714993,0.6515245213014027,2.473842404123966,0.530844406490413,2.3265258278984406,1000
339,1.031271617341117,61.77171118964784,2.4621182204668806,0.2999024872443973,0.48572545610934015,1.6693705946420587,0.44346274234209826,1.6190804923401356,1000,0.15026996342092547,15.458374732587767,13.158881840569798,0.9048538662960591,-1.8033835127898104,1.8153939743262344,-1.6232436145193503,1.9237835413612012,1000
340,1.2527143695183711,86.05366554671782,1.2344727544398875,0.2955032750013512,0.6853835414385964,1.8555747600014294,0.6735279505157228,1.8319007885210195,1000,0.41095133528544325,26.703018135655142,7.086883846912346,0.7040895170280641,-1.2788861462253498,1.546255665285529,-0.9690641180895623,1.7909667886604488,1000
341,1.4106347062337563,51.44966245686409,3.321483561189035,0.27961126073738496,0.8879944908833454,1.974605436067949,0.8625966351884818,1.9586727772790309,1000,1.635406247902964,38.48373745605617,3.675737103529491,0.3341462226213094,0.9716027369650273,2.2743241605478417,0.9804796515651977,2.2903328442407305,1000
342,1.3784579449125907,49.76915884225796,3.7241133101170876,0.3168333691747152,0.809689255214622,2.0696675618783518,0.7574645413301488,1.9994513484950325,1000,1.4158221019030206,47.63117479364302,2.3786681629659165,0.3876482272708298,0.6924845930131578,2.1324097354497975,0.6560315764521942,2.175612627353847,1000
343,1.7675752142306627,49.002336113546605,4.473924121675522,0.39150740932188643,1.1150023093536339,2.582473958678566,1.0002206919597652,2.53492973650156,1000,0.046801063388713704,9.895759946979755,17.499986173962125,1.7318935710788927,-3.6839291510314056,3.2117110372177247,-3.347710335925916,3.4413124627033436,1000
344,1.9694985143915884,40.260097957779166,3.180489246891421,0.3619055676354791,1.2995798394121199,2.6925988110908716,1.2601636018260494,2.6788334269571275,1000,1.842084884121626,25.604244384062664,6.306118894025983,0.3944070454037247,1.0741726631751531,2.626162655221066,1.0690470751303256,2.6151226931129266,1000
345,1.9144666453404144,46.53958814332917,4.344035187013123,0.3930641550467018,1.2083230763671151,2.7511691925379167,1.144060901448879,2.68487238923195,1000,1.5364663051997915,28.953352425087996,5.808862084719004,0.6301496216747285,0.3334118627555805,2.83894561697297,0.3013730467173237,2.7715595636822594,1000
346,1.391988063844984,52.332285828382155,3.6016818958050676,0.27021320904321,0.9022406824900128,1.9473475276014158,0.8623701741202924,1.9216059535696757,1000,1.4303510903644638,45.28311199365275,3.2566354129984876,0.318209605051271,0.8337749037108968,2.045238200719663,0.8066602644639727,2.0540419162649552,1000
347,1.6280973604690914,55.464100100754735,2.568291244101282,0.3158733895928692,1.042220054567738,2.290954323309576,1.0089855168670678,2.247209204071115,1000,1.7008519520538679,40.66671187812457,3.1281351045235497,0.33007884271290744,1.0498065211534469,2.3463047585098598,1.0538974203365692,2.3478064837711665,1000
348,1.635331304485939,71.89965990408928,1.9882966078665292,0.3240705910464548,1.0281893426944737,2.3410691723043437,1.0001529460348877,2.2705096629369903,1000,2.200883836035276,42.33115711049213,3.183770723136282,0.6095814251000503,1.1771348024483768,3.4615150350245556,1.0061042428391773,3.3956634292313743,1000
349,2.081900964555601,52.344169586367094,2.8239274284968316,0.36031997546820266,1.461105770886365,2.8453188109841627,1.3756738126379235,2.788128116473278,1000,1.2126060687397557,5.582637797354155,28.592451267228736,0.8209195633530907,-0.08065918142819761,3.193254991581302,-0.39639627543230205,2.8216084129118135,1000
350,1.4846806679733153,71.52216134992244,1.530021760473961,0.33207937357777334,0.9094769024868313,2.2007302830256723,0.8338050957608796,2.135556240185751,1000,1.4675911031463895,22.893677582125203,8.845456670702374,0.7926175240150785,0.2512781539110966,3.1741719197508393,-0.08593924392316432,3.0211214502159436,1000
351,1.4814450234340164,50.25747017480644,2.989787790313111,0.3348552515960874,0.8866684392525047,2.1782123477026576,0.8251287303056851,2.1377613165623477,1000,1.4362359451048743,51.873742239314964,2.4207291765392265,0.4186049762607157,0.7727752575383197,2.4027356284633363,0.6157701916338716,2.2567016985758768,1000
352,1.4637995097448369,46.266090644433255,2.648603531862621,0.27272674213412623,0.9549639775202752,2.0041838858606016,0.9292550951619495,1.9983439243277243,1000,1.2193590424162761,21.769901747318407,7.3411855770038414,0.569436020541486,-0.022480989791375472,2.191063853249806,0.10326444215496355,2.3354536426775887,1000
353,1.7534548556681873,44.17282642894652,3.255834552260995,0.23958396068399948,1.2791505668883796,2.2395375754954383,1.2838702927275483,2.2230394186088263,1000,1.4368451669746594,48.005242394628,2.5841377834851156,0.5556812085345516,0.11281855599894615,2.200305501746662,0.34770999824693827,2.5259803357023802,1000
354,1.6482624155879702,50.1393531971352,3.5189990653669208,0.2630321522736101,1.1846728309973935,2.2188429033742465,1.1327193971316944,2.163805434044246,1000,1.2344737669028056,21.949483458536324,8.169253730957053,0.5288280606329261,0.25135058767207824,2.433801775550725,0.19797076806227043,2.270976765743341,1000
355,2.0447766435111148,47.44220015338687,2.7312628498375546,0.39532916151997755,1.3459355963115316,2.894064058995188,1.269931486931959,2.8196218000902706,1000,0.8501728551108698,6.135108937046537,21.545401093433462,1.0136077482495243,-0.6806701657563459,3.0584120728779465,-1.1364983314581978,2.8368440416799374,1000
356,1.1627748242139124,71.73530676450802,2.893465968981328,0.23669425181514803,0.7007099804706254,1.6306330803931217,0.6988540906562223,1.6266955577716025,1000,0.7563439093461843,28.662631268451033,7.886508289268643,0.6662657665444257,-0.7820534573464384,1.9184753288140313,-0.54953699308089,2.062224811773259,1000
357,1.9555916393517614,46.70904311346843,2.454047686940818,0.4527948294542078,1.2385302624318542,2.9562567463917073,1.0681137736215143,2.8430695050820085,1000,2.2228827218418603,46.995708750071046,2.4718934099495704,0.6100284784046082,1.082027211190641,3.4544182531246093,1.0272269041688282,3.418538539514892,1000
358,1.5115629954989291,66.54309357503841,1.7633539964498466,0.3234854448959,0.9227356459428719,2.1955259487511847,0.8775315235029651,2.145594467494893,1000,0.9180265203029738,22.06460905241488,7.096343456532902,0.6995891022639515,-0.7297109085335641,2.0976755716847246,-0.45316812013437113,2.289221160740319,1000
359,1.826150702535978,37.73926208168229,4.752653370677181,0.46735016191619816,0.9841511052969492,2.7944342926065913,0.9101443851802297,2.742157019891726,1000,1.0774471099002132,7.547400407231568,19.18403805505532,0.8721614469856029,-0.4671198695552431,3.0470247324045165,-0.6319893261915686,2.786883545991995,1000
360,1.746216767193377,34.75408158586218,6.1508731003946675,0.328600349307735,1.1433764946027747,2.4111337153313217,1.1021600825502165,2.3902734518365376,1000,1.933303165643159,52.66432119034036,1.9509793652044682,0.3928010161589182,1.2583278932748938,2.742222580243024,1.1634131739716793,2.7031931573146384,1000
361,1.132053882033893,73.79634860344669,1.836024848239127,0.286902707209749,0.5898229797745751,1.6935705086509083,0.569724575902785,1.694383188165001,1000,0.8960905798869838,47.40022273285104,4.37345365164047,0.5157354764535373,-0.12055494616120331,2.0116267452179906,-0.11475095396194934,1.906932113735917,1000
362,1.669079644794442,34.78200290694662,6.489811630891958,0.380002751033495,0.9708862672117272,2.458669153447916,0.9242742527687918,2.4138850368200924,1000,1.7108188542597438,42.84069289350275,3.104520607370982,0.43763309893118185,0.9263804046926417,2.6346403186237874,0.8530579803546273,2.56857972816486,1000
363,1.5612392620319815,41.31662703916256,3.4076462974907793,0.39973506580922824,0.8785242498724432,2.443490335144891,0.7777585330458942,2.344719991018069,1000,1.770011980981459,44.12808081014239,3.2671125817796547,0.45858965776614724,0.9702140859718352,2.7110060399841824,0.8711762517598104,2.6688477102031074,1000
364,2.159880189276452,20.703083162989547,10.371895900087624,0.36140199818646024,1.560390047977399,2.9560838945532706,1.45153227283099,2.868228105721914,1000,1.7254747556115348,24.37613406534031,4.833635649958716,0.47812535520357774,0.7724674051260576,2.616959171117929,0.7883490594125225,2.662600451810547,1000
365,1.3910371683367373,74.33417489209768,1.9770460752642847,0.3046171814127756,0.8042664006769988,2.032426170162137,0.7939874927676971,1.9880868439057775,1000,1.4828682529515045,41.80155596470329,3.763806649159644,0.747344609746715,-0.222742706989617,2.953113222988319,0.018072817847943012,2.9476636880550657,1000
366,1.436919713158507,56.357831803251756,3.139301184345031,0.3959672514090798,0.7055051384432077,2.2762308111954193,0.6608239003967106,2.2130155259203033,1000,1.516548432219047,38.02867650463608,4.513960787454626,0.5188938065685512,0.6758036529123633,2.7292602559277266,0.49951657134468674,2.533580293093407,1000
367,1.2549728776481306,66.25514011129033,2.272747328398362,0.25809668188713053,0.7751376243794967,1.791552142340088,0.7491033811493547,1.7608423741469066,1000,1.183929964800416,35.28892430064185,4.465245189382584,0.6888223861996792,-0.2470969383873758,2.4260816422839784,-0.16616191215095522,2.5340218417517875,1000
368,1.7710813627578603,43.99610668915335,3.4657219874424467,0.3178333165908104,1.1519584385758759,2.4180432537538477,1.148128062239872,2.394034663275849,1000,1.2079217283651014,36.570608649312675,3.43465756469062,0.5943158171486449,-0.14522253224038,2.140633069235164,0.04306272675375733,2.372780729976445,1000
369,1.2916365544203712,68.2570233153654,1.801606346302029,0.2800083431117489,0.7738317614426256,1.8765305664045566,0.7428202019213433,1.8404529069193991,1000,1.0353955524346792,31.646571341803956,5.2079228788337195,0.7774115457682698,-0.9969265374790531,2.3079396006034854,-0.48833107727112957,2.559122182140488,1000
370,1.421982093375081,51.879056914025746,2.7583011654446845,0.35663454335072775,0.8506050364296563,2.249740690581468,0.7229783884076547,2.1209857983425073,1000,1.505679382720562,47.80392348640101,2.901741496355512,0.44119610901925566,0.7932620689405306,2.507477160150476,0.6409350090428209,2.370423756398303,1000
371,1.1519796071912949,55.29806574759657,2.2128152254538933,0.2974784241134845,0.5800357618914143,1.74288381932983,0.5689218959288652,1.7350373184537244,1000,1.2323706391673923,34.61821529951229,5.051014881821234,0.3426773990613242,0.6115491500406659,1.9486559157531005,0.5607229370071969,1.9040183413275877,1000
372,1.1001071991329487,74.0012970065615,1.8740853975964387,0.2279991583006457,0.6699855112933226,1.5490508902527298,0.6532288488636832,1.5469855494022142,1000,1.0310691423263976,48.30317686529603,2.564392693522329,0.3088293662468008,0.5150458875601569,1.6756859010689134,0.42576358448266804,1.6363747001701272,1000
373,1.222298874888878,42.07621598164569,4.145730792232233,0.29918337889817226,0.6887895389938214,1.8464072621428533,0.6358994522484602,1.8086982975292956,1000,1.256002377074364,41.50417653039459,3.8384944306897695,0.36802856036928866,0.5995645325063087,2.0655453275350872,0.5346663987505582,1.9773383553981698,1000
374,1.1844099882811303,58.63762117760764,2.435609641054623,0.33567100725113524,0.5490522939291143,1.8749995464031097,0.5264948140689052,1.8423251624933554,1000,0.9615838243735633,43.690581499859995,4.186787428328068,0.43677389097082064,-0.004230749920108601,1.738803366244601,0.10550699807075481,1.8176606506763717,1000
375,1.3802522901896164,29.235024848528983,5.7481157004125105,0.4934842267377584,0.44572268902135515,2.3818518217624254,0.41302320578360996,2.3474813745956227,1000,1.2976219707220098,21.891316871284857,6.31669976042984,0.5331050167956911,0.2425990007901856,2.353682888063311,0.2527361378024553,2.3425078036415643,1000
376,1.4127673554830513,35.75019551854231,5.0864824918101545,0.31103280906691866,0.8746321335276932,2.078983529911883,0.8031430497118908,2.022391661254212,1000,1.2082840712457223,46.313061344248254,2.1530739693236676,0.42439767406769063,0.5689450957502993,2.1740050572660765,0.37646463007304876,2.040103512418396,1000
377,1.5452156002720239,33.80624549241373,5.515770318259466,0.3079777520547088,0.9946254736445486,2.1652230043043685,0.9415792062447946,2.148851994299253,1000,1.808611670885174,29.176104169147816,4.333285757195226,0.8158453407494283,0.9922942629192637,4.026839089397114,0.2095548030162946,3.4076685387540535,1000
378,1.4437078827482708,35.960370359956315,4.824443208955739,0.3769261151991914,0.7075688078445274,2.212081434982658,0.7049326969578557,2.182483068538686,1000,1.2052712782462458,30.065834897724883,5.752736011615319,0.48520676470035057,0.2979543540997439,2.2353957693810353,0.25426601943355875,2.156276537058933,1000
379,1.7438717970598048,53.81694100105681,2.293222932641231,0.4090826551992075,1.0299203722060466,2.634147622912655,0.9420697928693581,2.5456738012502513,1000,1.8190570534629158,39.86255378300074,3.8746740674669504,0.5208752248110331,0.8163117965617392,2.918021732390849,0.798141612833291,2.8399724940925406,1000
380,1.3962594890749873,45.47168868623412,2.5558688869615587,0.39075591545741073,0.6604365823037197,2.2238658389139476,0.6303778947784623,2.1621410833715125,1000,0.15536608297025278,15.412871583155562,10.694623887854997,1.106112635024124,-2.111858345127891,2.5102424944287507,-2.01261468167703,2.3233468476175356,1000
381,1.662102204130854,48.35535595822313,4.625753197755245,0.36147794914794457,1.023880434254919,2.431863617863982,0.9536054238008826,2.370598984460825,1000,1.3366260360612712,26.49869184242425,6.880117180234353,0.7087998315901998,-0.1844957304375699,2.6777110221935008,-0.05262163385552032,2.7258737059780627,1000
382,1.4941545846215551,63.01377875093722,1.744711652832428,0.3053432417473744,0.9356318522464486,2.1185936820195987,0.8956818307967013,2.092627338446409,1000,1.6579161361546393,59.43002395306194,1.600404231885061,0.3805060754117586,0.9983489055950457,2.503786698325176,0.9121242283475924,2.4037080439616862,1000
383,2.2037706422643706,39.54918597257038,3.737431879374559,0.4487496417830106,1.415556204051721,3.1292621702174985,1.3242213443696698,3.0833199401590714,1000,1.6326127068657423,13.516552442435541,10.21116005757731,0.9726730675303003,0.020834847919872775,3.750729463033124,-0.2738265054936462,3.539051919225131,1000
384,1.3667411603278035,52.919290775303146,2.9330890748933447,0.2722599609315011,0.8296351945724133,1.8938638188673584,0.8331116369020612,1.9003706837535457,1000,1.1318687392422135,35.271414395640896,4.842262996191871,0.4400473065261596,0.24197465315047775,1.8624144543056647,0.2693760184509407,1.9943614600334865,1000
385,1.4730058437167055,53.62019204663385,3.5121004346027735,0.3306173416458847,0.8318210742893803,2.1582088583758074,0.8249958540907716,2.121015833342639,1000,0.4558854419449285,5.9919582983111335,27.529623150699795,0.7519697699272123,-0.8052481790768783,2.1485263406085204,-1.0179753071124076,1.9297461910022646,1000
386,1.2983359913223378,72.45359908176486,2.3875956723179157,0.29442270426249206,0.7526336527504978,1.912412874753612,0.7212674909678534,1.8754044916768222,1000,1.3373845477606836,69.90468778059008,2.2048135084475406,0.3540023998493821,0.7521755399061137,2.1029088125287303,0.6435398440558947,2.0312292514654726,1000
387,1.153393320758193,50.67782673865341,2.74755616000024,0.3320737012590036,0.5415269773184971,1.865237465653437,0.5025288662905459,1.8042577752258402,1000,-0.12465775663109735,15.10166993807535,12.989223388071245,0.990925306853857,-2.0395473142748144,1.8754855602277647,-2.066871358064657,1.8175558448024625,1000
388,2.212564697210996,40.65156378948235,3.5700848926575333,0.41148009030908483,1.4426148879616818,3.0587245411951507,1.4060637202051898,3.0190656742168023,1000,2.3401506087758186,37.59509396040784,3.528220092486569,0.4692021850896278,1.4717878850669583,3.2889524745522025,1.420514326000148,3.259786891551489,1000
389,1.8092521073285313,68.49845015246007,2.119949001816909,0.34983284050962854,1.1438376621812094,2.532632479638343,1.1235797399296592,2.4949244747274033,1000,1.6990809702957854,34.56913218945788,3.2926213063148686,0.7272084110753971,0.3449274063905524,3.198321660387331,0.27375248458800705,3.124409456003564,1000
390,1.6598823352674517,69.9193134182293,1.567404565755595,0.28804029137778303,1.1094781956586965,2.2241146262386615,1.095323364166997,2.2244413063679063,1000,1.3396053713582976,34.72177472593884,5.075532139344122,0.38673866035131443,0.45401249151493944,2.0257732508293467,0.5815975970697214,2.097613145646874,1000
391,1.4070516179129702,38.85767657964119,5.522230558943732,0.36651438481277854,0.773414134699719,2.1895377403508642,0.6886834236799243,2.125419812146016,1000,2.0656594732401428,49.69287524284116,1.915143874748135,0.48305961616941034,1.2847087655209397,3.1450059658598426,1.1188626255480985,3.012456320932187,1000
392,1.4407417084145295,66.95818132650432,1.5588840059336662,0.2642592488660265,0.948760317995811,1.962520527826074,0.9227935806371177,1.9586898361919414,1000,1.676291798401098,25.766848316607817,6.706639372808969,0.7696257708764219,0.28949113617975364,3.281608419420585,0.16782528748331127,3.1847583093188847,1000
393,1.3895659828759586,78.9977601675878,1.3241461781846064,0.316510395216516,0.8312105120024247,2.087637041287689,0.7692056082515871,2.00992635750033,1000,1.4851261712987944,46.833458766613894,4.009660965665195,0.4867232047020898,0.595035472198775,2.528894725569049,0.5311486900826985,2.4391036525148904,1000
394,1.7729538554766962,35.87705662342513,4.268901694503521,0.3767455562259347,1.0659097465967553,2.55688899502289,1.0345325652738642,2.511375145679528,1000,1.4981369009306067,11.178580907544639,14.131278259878421,0.5042017366469699,0.6492985022579042,2.5254006878257775,0.5099014971025457,2.4863723047586674,1000
395,1.238410107344249,81.46295793394741,1.5546516052601607,0.22394990152493924,0.7985378398862316,1.6960156365418544,0.7994683003553682,1.67735191433313,1000,1.5815726649270625,56.703442140014744,1.9099766297334557,0.2945696109809506,1.1029130463972177,2.2546805129319627,1.0042162274043993,2.1589291024497257,1000
396,1.4978944808618908,48.91184726614902,3.4755025671777697,0.5629599600923564,0.4561953698985653,2.61705011306836,0.39449295908087234,2.6012960026429095,1000,-1.285380501482762,5.47877096651229,28.44067407302477,2.121428668062981,-4.657141582475083,3.1987622566506646,-5.443380690886205,2.8726196879206807,1000
397,2.147595297015526,52.21455799316638,2.441744593937112,0.3835423015013047,1.4199983983669031,2.9240507578773234,1.3958523860729688,2.899338207958083,1000,3.882481008190087,9.814984989098724,14.077079048295216,1.2765562163758433,1.589474103780276,6.550395193347288,1.3804308240934344,6.38453119228674,1000
398,1.7472858851093993,29.794706509086275,7.068921319288263,0.3546784944190063,1.121122766766142,2.5226575004402045,1.052116036048147,2.4424557341706516,1000,2.119363012876174,45.066459811016536,2.9005702109420914,0.46478773139676777,1.3212931867189537,3.14850496638876,1.208379059338509,3.0303469664138385,1000
399,1.7745249855551943,60.88985463108603,2.628061146204047,0.5283288359465618,0.9163589821952769,2.947032355899355,0.7390004670999333,2.8100495040104554,1000,1.6288502171346124,43.8519413294076,3.6467876350512767,0.5817457302457234,0.6449322047580728,2.854460650277757,0.4886285858529946,2.76907184841623,1000
400,1.5759735658034941,45.730292742035715,2.6305732996254276,0.4206758092054615,0.7902642778293123,2.4623716085296623,0.7514489797607896,2.4004981518461985,1000,0.26228597122742237,12.251604852553651,13.739782607662086,0.7553365174667478,-1.0601497302466687,1.8259893439835733,-1.2181736030074033,1.742745545462248,1000
401,1.2813559210136383,55.12858403458297,2.6773022624404845,0.3065045627072315,0.7430540156890463,1.9270684377212197,0.6806069781074646,1.882104863919812,1000,1.2898473064911125,42.52455445784369,4.180954266903297,0.542213667817234,0.36629394309837315,2.5361592500146126,0.2271085175693337,2.3525860954128914,1000
402,1.006828092752654,41.48667671090969,3.5980692408745467,0.30650194111433676,0.4494335595843543,1.6523320099870002,0.406084288168554,1.607571897336754,1000,0.7699444467787351,18.512971701946952,10.415864589643432,0.5610281437041331,-0.5859072040542357,1.7074612942179537,-0.3296707148813658,1.869559608438836,1000
403,1.6859408757328858,64.68582489003309,2.0866800377210573,0.4155821985450934,0.8584959508751808,2.505898992492365,0.8713997665845028,2.5004819848812687,1000,1.6818347828211726,41.51606895833029,3.6077498708185685,0.5149634737689093,0.7590332768713375,2.6625634352965357,0.6725063742341104,2.6911631914082346,1000
404,1.8565956783368815,49.39123471852483,3.1514139823255696,0.37961677141605854,1.1606014295261828,2.630504216610554,1.1125468063614068,2.6006445503123565,1000,1.9675346836625285,54.79513269954441,1.7339645899917149,0.4538837036127459,1.1159383595796903,2.895271827440175,1.0779226245815465,2.8571467427435104,1000
405,1.2014645231071543,40.886966301722595,4.759736224984478,0.25725066085193027,0.7480553444891618,1.7755771644538072,0.697253227837371,1.7056758183769376,1000,0.7619145808894445,23.52594411704028,8.307061651607944,0.44138107138307603,0.01885812644109597,1.7457817547105157,-0.10319231902138448,1.6270214808002734,1000
406,1.8913977152240369,43.57145632753153,3.214514357880429,0.40843260162379946,1.2078699258835075,2.745609768296477,1.09086981604139,2.6919256144066837,1000,0.7613328575175871,5.387003274470051,30.12582734103861,0.9346068937442807,-0.7578585110789797,2.825748620656578,-1.070496654221203,2.593162369256377,1000
407,0.9482470079915926,23.417566764101018,7.754482801521929,0.3439574030008426,0.3023347702605231,1.6903441987361671,0.2740904981099411,1.622403517873244,1000,0.6760301925075396,16.93044884408921,9.023745582096216,0.39564057338375996,-0.20717553270525702,1.4331228360575057,-0.09942533132462994,1.4514857163397092,1000
408,1.1887256589198407,62.280621613030995,3.3699434559517014,0.27525373082884025,0.7115619732411131,1.7973675428705476,0.6492283464953138,1.7282229713443678,1000,1.0542805523595407,25.76099872236284,8.03465587128151,0.6871554376038003,-0.031603154453206064,2.5898376765234588,-0.29254410534390773,2.401105210062989,1000
409,1.0698739264810282,66.21483891922794,2.6766316298786554,0.2551971723744276,0.6004220660023336,1.5988737215870195,0.56968746862715,1.5700603843349064,1000,1.3682374057361253,31.849088478072552,6.486561434342181,0.5750863953524313,0.38455459085432747,2.6343908093646182,0.24106807084535986,2.4954067406268905,1000
410,1.5252505496517847,65.0842597760915,2.1580468105713653,0.28606986568354315,0.9913814467110599,2.092668913346499,0.9645536129120402,2.0859474863915293,1000,1.5011723466984446,35.79444864481457,4.427963793260909,0.42900546562317055,0.6933323480994174,2.364160147918329,0.6603216340770303,2.342023059319859,1000
411,1.2722555036649026,59.55893710171388,2.3217720385379366,0.21725097833287205,0.867487992151036,1.7241422959169765,0.8464435861324734,1.6980674211973317,1000,1.259173669879042,58.59148534438961,1.241468233460112,0.1992623141536927,0.9039771880362609,1.6568113486843004,0.8686195341378042,1.6497278056202795,1000
412,1.3422489612262312,55.20818441326144,2.2831379511564682,0.2684221863185859,0.8334377532510557,1.8968199353516648,0.8161414760418029,1.8683564464106595,1000,0.6130857490398411,29.603175443874726,6.9866026107559795,0.7535746231360283,-1.1564847301885302,1.9266268257495642,-0.8639205123067744,2.0900920103864564,1000
413,1.364149231053068,31.476161212706682,6.053346971721004,0.4718039005354431,0.5856099862783569,2.3721264246003866,0.4394135860035997,2.2888848761025367,1000,1.5516116315240134,30.48305556976961,6.28505057267415,0.5394246698440475,0.6601458864531513,2.763813327838141,0.4943392786296803,2.6088839844183465,1000
414,1.8598291695194415,38.67858978103956,3.930813543526929,0.28987977245915997,1.3323503426923644,2.4749618537183538,1.2916648154994879,2.4279935235393952,1000,1.769549659392018,40.72458100970675,3.371292509110048,0.3302081285430263,1.140110460859696,2.4486221850958074,1.1223417274476866,2.4167575913363493,1000
415,1.1946489340462279,73.31934922493402,1.7730593060503306,0.253148054656689,0.7336315941488147,1.7261094594705988,0.6984787469191174,1.6908191211733383,1000,1.202729418872423,59.60657784481632,2.750020659690922,0.41809594531583083,0.3646138335044019,1.943282781080034,0.38326136605339445,2.0221974716914515,1000
416,2.1021607239758664,43.46872418452938,4.343959921373366,0.2903167572188624,1.5862014579954118,2.7124488605966888,1.533139879826896,2.6711815681248368,1000,2.120981989791899,34.258293891757724,5.582779952264432,0.3960166988664689,1.462239081736998,3.038017834640559,1.34478926001362,2.8971747195701782,1000
417,1.7533697198910385,70.8932687629366,1.574973799138622,0.33512831102809887,1.0906602934498348,2.431018424747101,1.0965182302759646,2.4102212095061124,1000,1.8513608381472795,45.651128907280466,3.4161542888383805,0.48102114315984745,0.9795203382816424,2.9189674760998283,0.9085593975539785,2.7941622787405804,1000
418,1.4311974835892114,59.31632086765459,3.018533296098782,0.3299456621930753,0.8513702366604046,2.1444610795950236,0.7845039856907838,2.0778909814876387,1000,1.934220950121483,51.069502138079294,2.805259298522774,0.8258517009808397,0.18396757413805925,3.6081355066591034,0.31555161619903727,3.552890284043929,1000
419,2.154803682851507,52.614210489856674,2.089639298403458,0.33180079569487225,1.5291510551678378,2.839017324601741,1.5044741232895575,2.805133242413457,1000,2.512868285971689,32.901016297571836,3.345348351641664,0.42901936033124466,1.6397051513225758,3.291461141497043,1.6719903397224496,3.353746232220929,1000
420,1.5064096302627505,41.30778593475101,4.094638790516406,0.2947619414566482,0.9388686529665241,2.1209441294020954,0.9286762250077201,2.084143035517781,1000,1.427903504641558,35.783366743116694,4.608994194042785,0.3307600302528564,0.792716341482992,2.0942397089190523,0.7796138453459596,2.0761931639371562,1000
421,1.8157717804800622,65.19224024316081,2.0023452704240627,0.2982273493997562,1.2623574885484299,2.3947708356752804,1.23124617565654,2.4002973853035843,1000,1.6358366525901067,33.93400659360066,3.661968147989302,0.5055305783215708,0.5341722568396563,2.551196404868452,0.644996719079828,2.6266765861003853,1000
422,1.0734448021739786,64.38060772835375,3.1968918227686913,0.24902401346677602,0.6313303623992296,1.5613801692631348,0.5853577357790977,1.5615318685688595,1000,1.2352402930453392,72.08180506828595,1.3404673337262945,0.306720060070849,0.7023117206546298,1.8580842862033222,0.6340689753064752,1.8364116107842032,1000
423,1.7136802948448353,47.52986431129391,4.159708323914491,0.34114407322164075,1.098721645172686,2.4291934685941103,1.0450379113304193,2.3823226783592513,1000,1.4218064760207416,27.664080663717662,5.771819120780514,0.6872699543861094,0.05107223147484956,2.7884764879869235,0.07475736542396727,2.7688555866175157,1000
424,1.6607718864356584,62.85270189282179,3.0392422936629466,0.2679546521928714,1.1705868490742393,2.201810938914543,1.1355807681376304,2.1859630047336864,1000,1.591968233465752,33.393096697779484,4.896884749507703,0.48214664358992576,0.6594942796071952,2.600299761721131,0.6469608120294974,2.5369756549020064,1000
425,1.952154209762146,63.68062532395496,2.2239146798186673,0.3672447942927426,1.2705744962095566,2.6958967536336442,1.2323544129483706,2.6719540065759215,1000,1.4723073519268008,22.674466690040106,8.209585100839417,0.7406536143099752,0.009436288737526983,2.9098121606383986,0.020626267879249482,2.923988435974352,1000
426,1.3604866009323215,62.54635880653744,1.8588161539322379,0.26858347151482154,0.8471204526733552,1.9086875926721785,0.8340629967632713,1.8869102051013718,1000,1.7671976538962195,38.78358047274416,3.1874715142307037,0.6489266461754833,0.6504589814736447,3.247021794318977,0.49530142739227223,3.039093880400167,1000
427,1.412101172915602,34.31362844482969,5.907886636160826,0.3350620978646259,0.8425599415398074,2.1096271241328197,0.7553794611009355,2.0688228847302685,1000,1.2950181547959616,33.10650945272693,4.640464553193652,0.5726251769417849,0.21483903420510028,2.4087879978588433,0.17267280799006324,2.41736350160186,1000
428,1.5484544573440135,64.50680903810732,2.183621656007049,0.3068581372611415,0.996842017963964,2.1683723407203557,0.9470125083121763,2.1498964063758508,1000,1.6551552708131374,45.43590815456209,3.195975997792352,0.3737891711573283,1.0236713257885162,2.4369542275375435,0.922528495344774,2.387782046281501,1000
429,1.7105528486447636,54.56163475150322,3.456976034053824,0.27264240515012483,1.2085802320114452,2.2866329948296253,1.176173734550519,2.2449319627390083,1000,1.6472637707486428,27.36211912175341,7.504064082569591,0.4932755038037566,0.6785527903213686,2.7975720296687325,0.6804437832932799,2.6140837582040057,1000
430,1.9125118596455342,59.9997918801023,2.0419338028377325,0.3462852549503435,1.2885927013176808,2.6473247355636023,1.2337927599428609,2.5912309593482075,1000,1.9184839011830495,36.98312931525367,3.1347499663698803,0.44373972886834084,1.0540106643209048,2.8679270444264335,1.0487540326011016,2.7882137697649974,1000
431,1.693900221382243,46.862733759520985,2.929246426578412,0.3301105258955729,1.0637355821345094,2.3746898682439848,1.04688359062692,2.340916852137566,1000,1.3361977699425056,35.9440383167028,3.9782194542018896,0.485014996195934,0.41642695268168156,2.344563691524125,0.38556837739847494,2.2868271624865364,1000
432,1.3192003090121673,26.801234594407283,8.923844413391663,0.30521434427503713,0.8140051934941284,1.9697991678125282,0.7209801942330946,1.9174204237912402,1000,1.1811471447697186,24.77978480269058,5.073480210760861,0.4745869527236799,0.0904641993648078,1.9553067290676045,0.250956717431306,2.1113375721081313,1000
433,1.238786544196215,46.037961827059746,3.923577092279443,0.32618423215618003,0.6479542457583902,1.982437472274455,0.599465449170102,1.878107639222328,1000,2.0060588749276516,27.161427947767717,5.4609711309952385,0.8661727442228279,0.5266132039056631,4.002691515841649,0.3083602962509089,3.7037574536043945,1000
434,1.73347173848359,55.60429302693539,3.1480077316153645,0.34698187049838464,1.1666719213389,2.4628353641167897,1.053387272306756,2.413556204660424,1000,1.6954740754412665,34.33581568521909,6.172367619460207,0.6041111458545229,0.66350911254829,3.0070808609849933,0.5114162295664018,2.879531921316131,1000
435,1.55822896502415,59.852708176861874,2.375501771434563,0.28746890575149864,1.0692983200822246,2.157288120517922,0.9947899097512127,2.1216680202970872,1000,1.6417330592853696,42.974692410811954,2.5642998801452466,0.3789576025018553,0.9335318893171234,2.4076961868259583,0.8989761583817333,2.384489960189006,1000
436,1.6306290255414513,41.32077126706212,4.449204802944948,0.32143032705411584,1.01506241534082,2.314799312343078,1.0006255845153844,2.260632466567518,1000,1.7487624289614987,45.333792504639895,2.642750581410223,0.4108114366516552,1.0205065177837773,2.572873101481249,0.9435720131242545,2.5539528447987427,1000
437,1.8249878041253307,60.09585080971571,2.2835100812676967,0.35289333763416797,1.1424159814632302,2.5670854702407593,1.1333168623623615,2.5166587458883,1000,1.6808592943653755,28.37960164678149,4.27468046364577,0.5541518538295942,0.6597600318660378,2.787484788910073,0.5947216608593708,2.7669969278713804,1000
438,2.0342401854992564,60.53510307322446,2.6514726740988133,0.40497476710497243,1.2533408378689384,2.8530419226562187,1.2404896419735105,2.8279907290250024,1000,0.92059821336907,7.0540298083678,20.408560128873425,1.0882397820588559,-0.688176581228829,3.360997707564195,-1.2123517594662876,3.0535481862044276,1000
439,1.552494482445624,66.90661861461518,2.112396383640828,0.26309320981495293,1.0918566086110486,2.1242666347935164,1.036831791208316,2.068157173682932,1000,1.731507371850811,42.10789909149927,3.0287935477901127,0.4086328447179939,0.9588823151416626,2.55308638134412,0.9305869962035429,2.5324277474980788,1000
440,1.3949813320925448,58.010797404232726,2.398247124249784,0.3057627612479122,0.8644721074761823,2.0567283557101423,0.795686320046637,1.9942763441384526,1000,1.0252707373627274,37.30127569110362,4.46709507936582,0.41197696469787587,0.2069346658419116,1.9057205982055754,0.2177958865548908,1.832745588170564,1000
441,1.1982742568943152,75.00243240434503,1.6116719334525964,0.23654205390101188,0.7478507425100697,1.681699871268353,0.7346518312483319,1.6618966825402985,1000,0.8298188521279193,23.03756333951561,9.002915539507667,0.5716666184318617,-0.26407296360733135,1.9725975791829307,-0.2906477199985298,1.9502854242543683,1000
442,1.638795861240915,54.60180164888515,3.35882571641902,0.34691111613091663,0.9862887838387486,2.3321260014092475,0.9588500736243184,2.318741648857512,1000,0.953992325863827,20.846014585971666,9.897239267945286,0.7734354327864593,-0.8042932029563492,2.4072386632300473,-0.5619411223976332,2.4699257741252874,1000
443,1.1645500788228995,62.15432738497581,2.475112622326066,0.27694177451142327,0.6355683308524491,1.6879323539144475,0.62174420078051,1.707355956865289,1000,1.141280480433155,35.59474329793748,6.098854543963455,0.40002935762961656,0.40813716282020385,1.97772722542258,0.35722293947910666,1.9253380213872036,1000
444,1.334509866920817,66.21962655448337,1.9920343628728694,0.30881809480262307,0.8015854903673902,1.9798583955183562,0.7292264011076759,1.9397933327339583,1000,1.117603332789956,39.59437430658267,3.9024492822542416,0.6286722778130771,-0.3602150421286561,2.094712997340535,-0.11459433172367506,2.349800997303587,1000
445,1.3968377942222943,58.3570078062796,2.391530464832637,0.3868808310119493,0.6591687630146827,2.2062521067918093,0.6385513654388736,2.155124223005715,1000,-1.8443291642846917,3.2717590160524868,43.89318187838742,2.288841489653488,-4.647352722132303,3.0710707918219504,-6.330458484005528,2.6418001554361448,1000
446,1.4344641741216368,58.258331897440655,2.426268458018172,0.2836436155601057,0.9309943662128775,2.074723119232191,0.8785226876238297,1.990405660619444,1000,1.4603696511656774,31.98570754696079,6.198456656071442,0.44635485019714116,0.882535129350019,2.570957917101746,0.5855141447792808,2.335225157552074,1000
447,1.4557484021851423,58.43487558392624,2.5765703169507304,0.2954325874503186,0.9323126047899065,2.1004624923096697,0.876700530782518,2.0347962735877667,1000,1.7079207606853708,50.75602063448395,2.714802818055069,0.38259686881607424,0.9054547901790886,2.457807762951306,0.9580308978058653,2.4578106235648765,1000
448,1.9014479281774577,40.31845491622185,3.4250224647651475,0.4530639369433421,1.0349759931750202,2.776699114188992,1.0134426117685071,2.789453244586408,1000,1.013421673333708,11.3900627335621,14.03232754342719,1.1183612953104058,-0.9871165937461285,3.1255173355609407,-1.1785664654746872,3.2054098121421033,1000
449,1.3153762250965801,61.91145297941805,2.4390502692507545,0.308949943590125,0.7724399548081045,1.9604149052786055,0.7098343356599351,1.920918114533225,1000,1.672761131393901,47.073153994055374,3.2449720370307027,0.3805694511581747,1.0475347703562587,2.5487922553794067,0.9268450071238786,2.4186772556639236,1000
450,1.8017412432206559,41.58899550164581,4.519569040769663,0.3893376384501332,1.0945735891273083,2.5918945498841284,1.038639471858395,2.564843014582917,1000,1.9392977455559657,46.45074514463734,2.8148023823913784,0.5283383824622266,0.9721985782600892,2.9604788891488347,0.9037545159300016,2.97484097518193,1000
451,1.6538242900549558,57.40698642209584,2.6858052704868585,0.33681655906394103,1.0475867094298876,2.341861154420796,0.9936638342896313,2.3139847458202802,1000,1.8259577435502363,58.42340009398597,2.284798349974916,0.41796479397752395,1.1235413351920198,2.77267025610758,1.0067467473542893,2.6451687397461834,1000
452,1.1186542116755334,84.14245448087362,1.3637811566898208,0.291791900981061,0.5864375797357955,1.7530413852684448,0.5467420857526538,1.6905663375984128,1000,1.1708236793760878,60.01597436255114,2.4764670817415193,0.4313755038386608,0.33539266157586944,2.008809531531755,0.3253276918523126,2.016319666899863,1000
453,1.5716115611665655,31.381169516036714,3.8928373928206756,0.37532124385853255,0.7988420604866246,2.3110546876442397,0.8359819232038418,2.3072411991292894,1000,1.0399113349488611,15.131814441091159,8.8423410242184,0.620085162562516,-0.031931505940019964,2.308297537541683,-0.1754555836736702,2.2552782535713924,1000
454,1.496099374103387,45.74543486097039,3.5964217585137996,0.4197435963384664,0.7078584787308512,2.4557551914935116,0.6734019252799929,2.3187968229267812,1000,0.03568073522499393,13.555980344721528,11.480302029960061,1.9020283879220152,-4.870242262354701,3.197142947690571,-3.692294905102156,3.7636563755521437,1000
455,1.6098064078649572,51.97422373687403,2.42928809805101,0.34546855249758684,0.9341102583334195,2.2769662526628585,0.932688044969687,2.286924770760227,1000,1.0104653505019563,30.587691850326546,5.291398655675284,0.5892279594742517,-0.10581380070939038,2.2917083284623248,-0.1444214500675769,2.1653521510714895,1000
456,1.5567696235783437,43.74117082756377,3.181412046860742,0.3096560870869207,1.030665499777728,2.265109894355675,0.9498436928879791,2.1636955542687084,1000,1.3083453964526357,26.924827586431206,6.347191238952862,0.5331071228901799,0.33975715521812727,2.5015495086932087,0.2634554355878831,2.3532353573173883,1000
457,1.7152555198881863,68.79950692946166,1.644388004014716,0.32355744554490246,1.1105956090986997,2.356429958073161,1.0810829266201774,2.349428113156195,1000,1.789602607076222,45.27647244607849,2.905863380380437,0.5170377880773362,0.8743506047041607,2.941102861621687,0.776208542444643,2.802996671707801,1000
458,1.8478567307140334,76.45209640079611,1.1524138225687095,0.42363790799087053,1.0410709244133407,2.739751130555694,1.0175264310519272,2.6781870303761397,1000,2.575017985229467,41.60322064758336,2.83707575797904,0.5265273310422293,1.7229862525725663,3.752440291677778,1.5430244163866975,3.607011554072236,1000
459,1.947120817140621,54.880085012570184,2.641260932531147,0.3594292719878055,1.3076479666120957,2.7004407169308773,1.242639444044522,2.6516021902367197,1000,1.7198711669278037,26.793598412617065,6.325667541402165,0.5558954846057693,0.6343547986821684,2.818660423879238,0.6303160171004958,2.8094263167551117,1000
460,1.517943068189939,65.4801087449101,2.119714963519544,0.3425144845833671,0.9064700433474765,2.2222327820400785,0.8466146784065396,2.1892714579733386,1000,1.5522510204535178,28.798658268170378,5.748268870311678,0.47107778097947384,0.6868902933813841,2.5374792660364043,0.6289385697337491,2.4755634711732863,1000
461,1.596510667839961,49.81732089389997,3.5672174411692015,0.33985371214719173,0.9910050251876282,2.304168738549037,0.9303973920314652,2.2626239436484568,1000,1.704372001786553,41.97431339647402,3.8940899899733834,0.4748639617067478,0.6824203237968286,2.6019878633233025,0.7736386368413273,2.6351053667317785,1000
462,2.019519546950926,35.188496516145236,5.017194163752804,0.37567733475666937,1.3338374346838744,2.7924769675267394,1.283191970827854,2.7558471230739983,1000,2.220232381743244,40.77218447078374,2.242712122473563,0.44041612575190614,1.359859520510975,3.0807279145009243,1.357016775269508,3.08344798821698,1000
463,1.3109284194763022,34.857422053533014,3.5522770798563785,0.4990931397165833,0.37342076937801805,2.3376748538126813,0.33270586563179894,2.2891509733208055,1000,1.0031489527807955,24.218849379014834,6.724787756870145,0.7615156993909702,-0.775154767105911,2.307011324299307,-0.4894218180255061,2.495719723587097,1000
464,1.2136085095062357,61.28822119677812,1.7777231340039161,0.2630907981648672,0.6933969632168933,1.7107531995454084,0.697950545103096,1.7292664739093753,1000,1.205569003932288,44.35519919238947,3.5285940210711484,0.423446217709697,0.29070242469653385,1.888390920751619,0.37561441722128186,2.035523590643294,1000
465,2.078594822610941,53.61431891972336,2.879017632202305,0.4100309590681805,1.3113658721770671,2.9003908253094624,1.2749341428373073,2.8822555023845746,1000,2.4287696917010013,46.750382292462476,2.5770375327688155,0.45643139961677487,1.5367772469371497,3.42481345906673,1.5341641484521227,3.32337523494988,1000
466,2.2784508324032022,54.240365624778484,2.7632973621689607,0.37949720044524216,1.60689601609401,3.1146673595498666,1.5346363195305277,3.0222653452758768,1000,3.1093897400093278,30.304956606033034,2.28141643010161,0.5966857465594788,1.9829526006828584,4.290565599967002,1.9398856767527493,4.278893803265906,1000
467,0.9726576922254533,67.17585780349712,2.24202946209043,0.284151801568457,0.444766539216796,1.530590926501481,0.41572016115127763,1.529595223299629,1000,1.3058279478165935,49.63693842828863,3.6955013393983474,0.44363177748758637,0.5393255300545724,2.272400928247538,0.4363096639409243,2.175346231692263,1000
468,1.481352691898374,71.96861747324927,1.4000651578643477,0.29554264862300883,0.9614808281925491,2.121121731374817,0.9020891005972766,2.0606162831994714,1000,1.4258214937917288,49.951027818722984,2.68869482271213,0.3628657987762601,0.8240496406725324,2.2379838479601695,0.7146045281902591,2.1370384593931986,1000
469,1.5785137509666467,55.22682994351576,2.7659478067252508,0.3357951072973303,0.941343036892767,2.2836691125400956,0.9203553406638794,2.2366721612694143,1000,1.5673810216444213,38.28436121261024,2.7274424849994956,0.5365825198801253,0.6595269927702202,2.824111608733058,0.5156792826793757,2.6190827606094667,1000
470,1.487616302320948,47.734479406225546,3.7169450302764826,0.2808786436068943,0.9743972343527426,2.06608042620836,0.9370941608514353,2.038138443790461,1000,0.8859556550950138,23.798998370281897,8.054185097170725,0.6658631376704726,-0.6084812046665005,2.020861458452003,-0.4191360947391123,2.19104740492914,1000
471,1.6399969477234375,43.92160020179056,3.6091275388824258,0.37071585739769436,1.0071942264271097,2.468760136630546,0.9133938672239565,2.3666000282229183,1000,1.310118412922879,30.75985947977799,3.8381757371046095,0.5350439201833256,0.1415055524977585,2.231446610635099,0.26143232936356076,2.358804496482197,1000
472,1.4916234351171456,69.31669711949395,2.056215130612032,0.4121712241492082,0.7608455532059866,2.34349614960034,0.6837678357846975,2.2994790344495937,1000,1.4712543335444086,52.11891299155376,3.4955420006220557,0.5017340127849517,0.7178757544505349,2.6643777099109966,0.48785566848590334,2.454652998602914,1000
473,1.4695407218224106,30.92295683989831,6.399007258967955,0.47989200674652455,0.6170178174026408,2.4293429072394264,0.5289523885992224,2.4101290550455987,1000,1.709348568723756,35.217159608231384,4.376083886036549,0.5083559793211572,0.6599075676324974,2.6293554151338574,0.7129708492542879,2.7057262881932242,1000
474,1.4211754114202608,60.50140595811463,2.4507188021646242,0.289176467380164,0.9097290473733101,1.9943795998330314,0.8543895353551394,1.9879612874853823,1000,0.12983149370680103,13.365186555751079,13.446247841947514,1.144496193619056,-2.1490587033997217,2.22469668300275,-2.1133810457865487,2.373044033200151,1000
475,1.1076616443409453,56.40456816786271,2.4165237171068923,0.37622996298441014,0.38786640193843636,1.8688148706376575,0.37025091689150147,1.8450723717903892,1000,0.579183667250541,29.647013903989023,4.555654115607941,0.7544317530427335,-1.2788761802893414,1.6727473589659807,-0.8995025687132165,2.0578699032142986,1000
476,1.6068846100536227,41.67217374495242,4.278617788974058,0.3257038888305967,0.9983121373377425,2.2523432898674347,0.9685049879456532,2.2452642321615923,1000,1.6165784310843136,44.2517057554117,2.3904919675863106,0.46349652911984796,0.6352067203467633,2.476329001217224,0.7081252340094116,2.5250316281592156,1000
477,1.7625469500110875,36.440004643326795,3.423802471205087,0.45370728518668885,0.9667408730461136,2.7820927411093894,0.8732806710451774,2.6518132289769976,1000,1.2115769818032045,31.173038640155557,5.148827127929234,0.7419682066969643,-0.512203374272075,2.4893723099691245,-0.24268070332284553,2.6658346669292543,1000
478,1.4028743446836385,73.09874870631586,1.768358639090396,0.2826306418151498,0.8655749269894017,2.0033301786494913,0.8489182867259449,1.956830402641332,1000,0.6509539842181296,29.01341719809761,7.309509577396422,0.6313527143810246,-0.5293155825919188,1.9821179532790143,-0.5864973359686787,1.8884053044049378,1000
479,2.011598508497999,51.432671920829726,2.6731858109002977,0.34775042612865464,1.383383524954386,2.6848242336503265,1.330007673285836,2.693189343710162,1000,2.1241026531285367,45.30544905315922,3.3849300705461496,0.39236122874414875,1.3677470150373148,2.8877375266749965,1.355074644790005,2.8931306614670684,1000
480,1.193254145187256,71.70360346430901,1.6200303594873016,0.28797894497680826,0.646641311595597,1.7664431398154916,0.6288154130327118,1.7576928773418001,1000,1.2928641287770648,39.11718587807525,3.3119749980685693,0.35199212145106773,0.6338770806852392,1.9489198912084167,0.602959570732972,1.9827686868211576,1000
481,1.4081036251858632,32.71939204775178,6.6921895033025,0.3576898184255828,0.8177750909438867,2.1830952014373284,0.7070315810717209,2.109175669300005,1000,1.6055293381478806,46.24178919626563,3.675922234931534,0.38849567036829513,1.0245351651557082,2.5039434889969177,0.8440778242260222,2.366980852069739,1000
482,2.565803474203822,27.205294107560114,5.714471845943786,0.6006340864520785,1.3114419710801883,3.599076906521614,1.388560664757748,3.7430462836498957,1000,-1.6764215670837368,1.5819204188133489,105.26267488990528,1.6882238417231183,-2.8521197831464,2.856876251380598,-4.9853402968610485,1.632497162693575,1000
483,1.9475842003594699,56.80549896682322,2.2509818832562085,0.38230675869938646,1.2196521703193415,2.6989427830381114,1.1982629533086724,2.696905447410267,1000,2.265655164166647,41.01084247511754,2.577630241200514,0.4785945106794381,1.379029596252694,3.243191307439697,1.3276099232349485,3.2037004050983455,1000
484,1.6453869346841552,62.50239693766186,2.622209535708886,0.3617108933067514,1.01161082553524,2.430332485342943,0.9364335838029225,2.354340285565388,1000,1.1366864208460816,15.302211989108317,12.568109056532432,0.7725165287377307,-0.5417745354760646,2.700927998781375,-0.37744597547987047,2.6508188171720337,1000
485,2.2792051592381504,51.06567488516632,2.0414527189627356,0.4442626968928905,1.4926908236051672,3.1780419958264523,1.408450273328085,3.149960045148216,1000,1.496086819101865,19.758553932759487,6.976532696276924,0.7460747843679084,0.055081718744181336,2.9942931259969745,0.03378024174076466,2.9583933964629656,1000
486,2.038547577374666,72.74557816516689,1.3516904281365791,0.3211092691759484,1.4693474183758801,2.7066075885503937,1.4091734097898074,2.667921744959525,1000,2.2152896396984074,46.69248482417932,3.3927898256054623,0.5343040238813415,1.426347549272308,3.3194650774051118,1.1680537528909782,3.2625255265058364,1000
487,1.5479410515238556,36.220086598273625,5.233414361815849,0.32329890629721286,0.9831166112560539,2.2500983899964373,0.9142751951813184,2.181606907866393,1000,1.2892811006228162,28.910909011476118,5.276475013273874,0.5144352576777258,0.3696961035289427,2.354815384596072,0.2809879955744736,2.2975742056711588,1000
488,1.0696158099124815,35.87684346386108,6.033758645888258,0.27748352255459363,0.6254067378809143,1.6935040486712098,0.525748105705478,1.613483514119485,1000,1.036362421787765,49.74142300774352,2.28051961607626,0.34658551499252316,0.5362476179710147,1.8470516665712613,0.35705481240241954,1.7156700311731103,1000
489,1.4788148695646646,70.31857377550047,1.7564527766004336,0.2808136160133956,0.9951813353312599,2.076852460986908,0.9284201821784092,2.02920955695092,1000,1.8060706694061863,55.13824114680624,2.553656691299452,0.42849779397763893,1.0879184317801032,2.818460606432362,0.966214993210014,2.6459263456023585,1000
490,1.0437029254137165,51.47924870156699,2.3879391335284033,0.2728391826405351,0.5496505872801759,1.606472017817617,0.5089381274382677,1.5784677233891653,1000,0.9201550285283941,43.62956722774917,3.1573106097224275,0.2973058254669844,0.3233216214534829,1.5183596284782357,0.3374356106131047,1.5028744464436836,1000
491,1.5298490377716178,57.81371098476095,2.8789241294094006,0.301040313351377,1.0120821551780976,2.1685924047827774,0.939810023602919,2.1198880519403165,1000,1.4217276396603142,28.216082189822718,6.360951411198319,0.5634268210391092,0.1827926801796529,2.3961023629468308,0.3174110704236601,2.5260442088969683,1000
492,1.6284004387200848,62.85918820299179,2.056156064761702,0.30212911083339355,1.059514851080702,2.24689589429794,1.0362273814866334,2.220573495953536,1000,1.613252726152219,52.596980416583854,2.2217032539698933,0.4351378985109842,0.7480336860642443,2.442185304713797,0.7603824450706899,2.466123007233748,1000
493,1.064758963555399,50.29416858810863,3.09086564255272,0.4191269605620823,0.27036546854673843,1.9547750612399197,0.24327012085371758,1.8862478062570802,1000,0.7437214726279315,36.90009284750748,3.62896600803277,0.543923473315075,-0.3683616997769027,1.75591434235409,-0.32236853506961527,1.8098114803254783,1000
494,1.144405433775796,43.23938091405315,2.852490616713944,0.2968050204731999,0.5710444706066244,1.7620508504638546,0.5626675936483243,1.7261432739032678,1000,0.7364315960403602,25.016764202690364,7.311127909320938,0.35405757929330167,0.010873206585742309,1.447632706001467,0.04247874062548895,1.4303844514552315,1000
495,2.3126722149327987,42.1478208282703,3.66569274263216,0.522184315812115,1.2557818721945093,3.378928552162405,1.2891909559410533,3.3361534739245444,1000,0.9727909280718547,12.96141767514549,12.495587568879511,0.961986425424374,-0.626420528038521,3.1470708679311934,-0.9127024657599181,2.8582843219036276,1000
496,1.9350917412123396,53.26346071507607,2.5019654337342505,0.2850991352276941,1.4004361182064902,2.4680901167856897,1.3762974361660594,2.49388604625862,1000,1.6395445652800236,33.49121743869781,3.401351546695849,0.40828565904247716,0.7848646352835476,2.4085209296711545,0.8393046735567684,2.4397844570032787,1000
497,1.2379319067718524,75.09154866175317,1.8644947451643956,0.3708250854107828,0.59289529799894,2.0610623426758576,0.5111147393667181,1.9647490741769866,1000,1.7237423169961972,46.58272456308102,2.999130611646748,0.456054542291862,0.9147931620392882,2.750191482958252,0.8298754141041477,2.6176092198882466,1000
498,1.9942732618775771,61.575134416008964,2.0945832000038602,0.35568550415558586,1.3529123333821644,2.7236456903280484,1.2971296737326288,2.6914168500225255,1000,1.6677168406103906,33.49935155146697,5.315006611458579,0.5180140621630738,0.7950826034129539,2.7728307341279317,0.652409278770766,2.683024402450015,1000
499,1.713941109958674,57.51795827740239,2.6836135688480574,0.31224918573385957,1.110895704585965,2.3141646378188487,1.1019327059203095,2.3259495139970388,1000,1.1894334764464047,23.453941671251094,5.855885054425867,0.623910585820843,0.0455790174768083,2.625492603328293,-0.033431271762447645,2.412298224655257,1000
500,1.7903158643386825,51.497483963219594,2.9016444075757652,0.33955913936678606,1.159997217753307,2.4673578672897527,1.1247799511797818,2.455851777497583,1000,1.443584809162941,30.482287359480726,4.279989783064866,0.5703539230977668,0.187128566214335,2.4639105258306375,0.32569111989131816,2.561478498434564,1000
501,2.2746641533554195,42.8836424339973,2.9328758452871555,0.4067401713893469,1.5427953174356455,3.12115675603713,1.4774534174322995,3.0718748892785395,1000,2.189003694094814,31.140325931821977,3.8717630785156305,0.5876700990288115,1.0644843325842175,3.3539576309895796,1.0371702999983436,3.3408370881912846,1000
502,1.4939313483746741,61.98506872625924,1.8509086144734217,0.3430394874871423,0.820398700621555,2.190555534192512,0.8215739528998752,2.166288743849473,1000,1.4446674912374693,57.998049913297876,2.161624470635687,0.4662400774893198,0.46147557936230776,2.2721756360658616,0.5308369393584025,2.358498043116536,1000
503,2.060844359953081,48.08737304889911,2.9528313368676384,0.3319080807117236,1.4698515674861294,2.7733348511186433,1.4103045217581027,2.7113841981480595,1000,2.5423908938520103,33.519376491377045,3.7270914820586865,0.4036148410322859,1.8115186651395416,3.38365112551824,1.75130580542873,3.3334759822752904,1000
504,1.9786694134318337,35.422644767940305,4.279152938056476,0.4047623266836543,1.2743918035306527,2.879133138775771,1.1853352531318713,2.772003573731796,1000,1.4582584427824141,28.41213897803442,5.308415851927479,0.532048893698507,0.5604793338839077,2.6242508224099046,0.41544261113334024,2.501074274431488,1000
505,1.752149423067105,52.82464403447217,2.6242004126386718,0.3211644059477445,1.1763303738003432,2.39255867462548,1.122667187409526,2.381631658724684,1000,1.350609881937661,34.46273801203411,3.7387494593912174,0.4607775297157257,0.5327882215214861,2.380070959127417,0.44748592369483864,2.2537338401804834,1000
506,1.2190174190513303,68.9207119502916,1.7952509716825815,0.2263758795444465,0.7737603641287532,1.679212689280722,0.7753206951442152,1.6627141429584453,1000,0.6612870209664026,49.59803763271187,3.566827084224898,0.8648950938802555,-1.5092773061959208,1.6831750445785227,-1.0339073630388982,2.3564814049717033,1000
507,2.240896276887356,49.45839970103539,3.1514069583280837,0.40067546945379584,1.5279171554172393,3.0588061454700273,1.4555723567579162,3.0262201970167957,1000,2.692797076244532,44.39702410024021,3.1621398758165338,0.5314423512347933,1.7506614279230237,3.801246030461657,1.6511700678243373,3.734424084664727,1000
508,1.2912296727264696,83.44126256029186,1.184229842897953,0.32651846950625757,0.7482609687909563,2.026199376582373,0.6512534724942047,1.9312058729587345,1000,1.4298377153586652,41.08812255100783,4.401485109433131,0.4205440011687886,0.6855869445330319,2.325370348002403,0.6055714730678395,2.254103957649491,1000
509,1.8581707120859856,47.85965070123257,3.6961085171156207,0.3484172433397573,1.2017521224969496,2.5419568962213983,1.1752729151400612,2.54106850903191,1000,1.416217114770002,41.28502078463548,3.206447115218484,0.5334709890834307,0.4011443398087003,2.489354353747618,0.37061397616647773,2.461820253373526,1000
510,2.0706768646360327,21.58879750153637,9.327031996750419,0.4442226275877739,1.2498412080858965,3.012104858056551,1.2000005145639958,2.9413532147080694,1000,0.7895268058685545,15.576519989646892,9.247753388391121,0.708019033622039,-0.2961961608618342,2.4405743357369243,-0.598190500030642,2.177244111767751,1000
511,1.5099662818733326,65.07674820143819,1.8091862548991102,0.39027102793012153,0.721538334846714,2.2929137583860077,0.7450350671302944,2.274897496616371,1000,-2.0972632018488255,2.8942502846541363,50.44692937150937,2.1595497182939702,-4.66687774171037,2.610279557040654,-6.329980649705007,2.135454246007356,1000
512,2.0469243421704837,57.32164326313038,1.653981498585798,0.3982666322507403,1.3386461230243663,2.892735462234404,1.2663217429590325,2.827526941381935,1000,1.705279599395094,28.832520103057316,4.920129839248928,0.5727023718584874,0.70473784306278,2.997711465577901,0.5827829505524587,2.827776248237729,1000
513,1.2332948836425355,67.84837877788192,1.5419065575853943,0.28606996879659474,0.6893826581298111,1.7832123983622705,0.6725977448012098,1.7939920224838612,1000,1.264623310755526,33.913604347825476,3.3227216992522757,0.609382561654983,0.19494682428782267,2.5651195560477515,0.07023348991175937,2.459013131599293,1000
514,0.9924401992737364,56.1574239597749,2.234764998623728,0.2722343870760187,0.47960355296314333,1.5549306364701931,0.45886080060473977,1.526019597942733,1000,0.9507314131435818,48.54313025664007,2.0588930334351114,0.2714126294332768,0.42230220478869146,1.521404221788588,0.4187626594543592,1.4827001668328044,1000
515,2.6846741925972797,31.838344337718475,4.860419042915248,0.5277993815160021,1.7963773702001027,3.830008167088063,1.6501874048259155,3.7191609803686436,1000,2.5798495682636737,33.02147525505937,2.9855654429025296,0.5430999334549194,1.5988415729655763,3.7208730119815083,1.5153736986920319,3.644325437835316,1000
516,1.2480992678755594,58.96196689370335,2.2900158004254454,0.3044470285123223,0.6884575011248996,1.9064096125913035,0.6513830919914076,1.844815443759711,1000,0.6316390703856434,14.56352734193347,12.8450729484389,0.969114191452188,-1.4739231393560723,2.370719597026958,-1.2678247448606452,2.531102885631932,1000
517,1.2730916747572958,76.860986414282,1.8314397168104706,0.39822933265746613,0.5657802312511674,2.125279139254428,0.49256218274866215,2.0536211667659297,1000,1.5140426200151893,36.64991685938822,3.1808791434836636,0.535258720601899,0.588617645011004,2.751315393218048,0.4649355276354672,2.563149712394911,1000
518,1.287955370860896,62.49916839976522,2.0864893909351787,0.4008478030413041,0.5479792042248602,2.100966365869808,0.50229367689994,2.073617064821852,1000,1.3795911322327519,61.76361759902828,2.0536077996068878,0.509813370580875,0.5745013897183552,2.3977664740258513,0.380356925894237,2.378825338571267,1000
519,1.4215172019655449,39.865600997304554,3.92771488191402,0.2711346873030751,0.9351410081551905,1.9927589901087897,0.8900932148515177,1.952941189079572,1000,1.4842878996518913,45.68070288589617,3.1201108135326696,0.33003119054082536,0.8923702550600695,2.1654635478310844,0.8374267661918736,2.131149033111909,1000
520,1.751655461106256,30.222369839863763,7.082932490559587,0.4679450457071437,0.8089492663363794,2.6459394246154058,0.8344831715202544,2.6688277506922575,1000,1.664113844094982,40.11020861544734,3.0088745800684475,0.5624998458296876,0.6589326227402452,2.868379995907553,0.5616141462687945,2.7666135419211697,1000
521,1.63237322533133,71.35927867356496,1.4612716992384696,0.37573404439360036,0.9817088162993021,2.449615961315843,0.8959344983198732,2.368811952342787,1000,1.8507063600147529,43.303409375595635,3.2467550544775836,0.48934135409066454,0.9709152913114537,2.9327252246550586,0.8915973059970503,2.8098154140324554,1000
522,1.42029552482773,71.17510438579711,1.5050766628157355,0.2821633865063051,0.8386146969515206,1.963444197651684,0.867255287275372,1.973335762380088,1000,0.5473343315315886,20.984022050215252,6.915053689788941,1.0604021261542484,-2.527304575582445,1.9261241684840023,-1.5310538357307384,2.6257224987939156,1000
523,2.413597566186044,52.218556140891806,2.5644447169655313,0.4769941737379188,1.4664541177880122,3.3803329865858123,1.4786889856597232,3.348506146712365,1000,2.199334560001396,34.60785786847092,3.6830887617246924,0.6379535716261019,0.9004157972498604,3.4482368751560752,0.9489455596142362,3.4497235603885557,1000
524,1.2229446717724923,73.02417149314549,1.921955768185944,0.30079407954369264,0.6843317469496502,1.8411758537002736,0.6333882758668548,1.81250106767813,1000,1.0804834927614224,42.16476879414022,3.2725737496848977,0.4839252831243035,0.153791103640152,1.9558508394993719,0.13198993783778756,2.028977047685057,1000
525,2.0231879411655127,38.68861838936504,3.90816183474481,0.4059339729953486,1.3401020792770781,2.9091669164505105,1.2275573540946294,2.8188185282363962,1000,1.9089015440624637,37.44832339157299,3.9988275383156173,0.48059972217690256,1.0207736936710627,2.982817206164577,0.9669260885957347,2.8508769995291927,1000
526,1.229074973787673,87.95884603126932,1.0555290243774118,0.2779301631459084,0.7012116631861737,1.8138184721391521,0.6843318540216925,1.7738180935536534,1000,1.5268353054202484,35.44325370878118,4.031001818737584,0.4119264242416354,0.7717876012031846,2.3815253166490273,0.719459513906643,2.3342110969338536,1000
527,1.5406996330065055,67.53549748922721,1.6785250982236541,0.3324960960983964,0.9483007060150703,2.2104544523139364,0.8890072846536485,2.1923919813593624,1000,1.4458035576892558,18.870704912834213,7.428273485166511,0.6136968779889967,0.4077345030116625,2.847968316146538,0.24295767683082214,2.6486494385476895,1000
528,1.1705272195374645,58.19359350607964,2.065224730557834,0.28853176819588927,0.6806984125164653,1.8206238767696086,0.6050049538735216,1.7360494852014074,1000,1.7408641198104542,22.410767608459754,8.518735727256953,0.9906279932972808,0.15961669922051414,4.061577085782413,-0.2007667470522161,3.6824949866731247,1000
529,1.0352111825202561,40.72307064386042,3.4566210821438412,0.3369529384321087,0.41150911560772846,1.7460829707202206,0.37478342319332303,1.6956389418471893,1000,0.9478058629219288,37.51621123461831,4.936742983729808,0.3976641950522644,0.1963583287241985,1.8531903597496262,0.16838404061949053,1.727227685224367,1000
530,2.204850900065097,49.5425046683671,2.499037136907962,0.40229693709846726,1.4529187853584111,3.00259657288042,1.4163489033521013,2.993352896778093,1000,2.3342253195639757,44.20297028263488,2.434634548531758,0.5197769839159568,1.3219137909210972,3.3881337634003414,1.3154624310887004,3.352988208039251,1000
531,1.754047116882525,62.34950670077377,1.9964166622906996,0.3225144995399032,1.1517994650253542,2.42658468508227,1.1219186977843147,2.386175535980735,1000,1.396583439065354,29.578358144913217,5.942625049330265,0.44905702546139714,0.5275380819934608,2.2730050746503587,0.5164316691610156,2.2767352089696926,1000
532,1.6920298594753258,67.9495610692844,2.090277353288985,0.29667561351834587,1.1622747903267725,2.300535799273185,1.110545656979368,2.2735140619712837,1000,1.8441923736692258,53.147905320377056,2.6268518076438685,0.5611055056486529,1.0013742594603166,3.187429949052505,0.7444255825978661,2.9439591647405856,1000
533,1.5914039337010726,47.03152038417105,3.2900236528091598,0.44441286581955664,0.8862955103752682,2.541656243457357,0.7203547166947416,2.4624531507074034,1000,1.5220295175133556,39.12152122661614,4.01437150335985,0.4815427550846878,0.7185848083447655,2.629083397822032,0.5782057175473675,2.4658533174793438,1000
534,1.6661036156906737,40.596380314273354,3.6274866296572967,0.32500352504436597,1.041031583628767,2.316498991221171,1.0290967066037164,2.303110524777631,1000,1.1760898232282826,17.69418215093444,6.579445203820844,0.5694004536454474,-0.12163525544472864,2.20052909003895,0.06006493408320557,2.2921147123733596,1000
535,1.6240481119071037,56.05182673645369,2.308180077488808,0.2735276178283912,1.1214697080999283,2.1956713732375657,1.0879339809634572,2.1601622428507503,1000,1.7104327466695097,56.1641080248025,1.7443125172385656,0.4067380689529215,1.0993230752051444,2.642673005621,0.9132261315217836,2.507639361817236,1000
536,0.9892149554025598,75.45891141338194,1.4729347617915947,0.2389830689754405,0.5106217387403129,1.4556159205272692,0.5208081402106963,1.4576217705944232,1000,0.16632944355853274,48.36991250848769,3.455957443769965,0.5301301852426877,-0.9693635836759499,0.824238479239453,-0.8727257195171352,1.2053846066342007,1000
537,1.1428040999164013,54.97490209192969,2.6476734463715155,0.5269251640542675,-0.03130527861421515,2.0291215693332663,0.11003077837003716,2.1755774214627657,1000,0.9578825732551532,33.63712676591366,4.796570713217867,1.0829201944304583,-1.9883883717185333,2.5001565320752825,-1.164641007828545,3.0804061543388515,1000
538,1.3841986456113733,47.97836430426518,3.2429497784177665,0.5053639692554427,0.40709454805591666,2.3657308383847977,0.3936852658707056,2.374712025352041,1000,0.2644465046179656,9.42724538429039,15.647828286545833,1.4956552430194447,-2.450323214324106,3.3069713597357735,-2.667037771700146,3.1959307809360773,1000
539,1.4680461847063304,63.6225528377389,2.4040488741305217,0.2575979528059562,0.9514772762487363,1.962586810722062,0.9631541972066563,1.9729381722060046,1000,0.9616469726027854,42.19933755607113,3.112640909932721,0.4399405255075136,-0.08517663379891123,1.7001651550178214,0.0993635426080588,1.823930402597512,1000
540,1.8522214586254981,49.556345550645105,3.0038719037687707,0.3074224746470928,1.2424949539069288,2.492955018207473,1.249673408317196,2.4547695089338,1000,1.1053508880077212,14.094018377057303,12.900331954118128,0.8117669536814232,-0.2447155664442117,2.8350090713062177,-0.4857123412078681,2.6964141172233105,1000
541,1.4904543996141437,62.225020850458485,2.203775844375152,0.2961344133013263,0.9274743694296794,2.0706563163558607,0.9100309495435442,2.0708778496847433,1000,1.8118904329988692,34.63596691632936,3.591562016017118,0.7168846748315852,0.5461911371144654,3.4613457300959842,0.40679647032896216,3.216984395668776,1000
542,2.0327511351669676,53.22946686344294,2.7470170337299558,0.3457462191462646,1.3735019442387375,2.7667033230105575,1.355088545640289,2.7104137246936464,1000,1.9694794304209737,31.22549313022414,4.478439886588411,0.6086670239389963,0.7473484070454215,3.1136253931030486,0.776492063500541,3.1624667973414065,1000
543,2.008453622877397,52.84850866190729,2.8844043674311304,0.342381994359396,1.3835947469358303,2.6967784942007076,1.337384913932981,2.679522331821813,1000,2.0853988850282263,47.353227015664594,2.1695413379515895,0.40901155404620826,1.3445216151638335,2.960713463827987,1.2837362390976583,2.8870615309587944,1000
544,1.5576862881765998,57.13916222143825,2.420749250254245,0.28461912815163315,1.052417049931095,2.163993419299065,0.9998327969993989,2.1155397793538007,1000,1.1383293188113774,28.67511083744157,5.996832488776964,0.5973687266661979,-0.06929069670644836,2.2725714192348403,-0.032513385454370436,2.3091720230771253,1000
545,1.6092454866462242,37.81554257300818,4.0213863333111535,0.3779901610402893,0.8541841551847573,2.393542136962441,0.8683847710072572,2.3501062022851915,1000,1.13763191054815,18.442561048347603,10.027047313768234,0.4984592749464338,0.12507968319234353,2.179553817987643,0.16065173165313984,2.11461208944316,1000
546,1.9482517493016265,28.00264762150878,5.906691924526708,0.4625379383202168,0.969838836418555,2.824564945066252,1.0416773901940015,2.8548261084092514,1000,1.7502844988583712,23.888937581660098,5.480505108170055,0.49208154677132043,0.7359916161055639,2.6805517207192304,0.7858046671865832,2.7147643305301594,1000
547,1.5570943971190299,61.84906576900127,2.9400481870716617,0.25150454953426954,1.0620208505130504,2.0741770892529665,1.0641454800318615,2.050043314206198,1000,1.2280843898490401,28.65614047081034,6.0525289403257885,0.8161448057448426,-0.2813166737750726,2.9689817317071086,-0.3715594294108513,2.8277282091089315,1000
548,2.4609255024597942,41.3007500095022,3.6336672859727197,0.37053675234449185,1.803697531450343,3.254274461985262,1.73467346786459,3.1871775370549984,1000,2.461483737728183,44.603614198090625,2.4039726838259945,0.5049760836481082,1.4342124076106189,3.4703363994091228,1.4717306137778907,3.451236861678475,1000
549,1.7192479110655998,35.16088082261566,6.001808334424442,0.3838942555913897,1.0761976003768776,2.5882963217972432,0.9668151701064761,2.4716806520247236,1000,1.0244671287513265,15.290544917616533,11.882326764402112,0.6823545087841509,-0.3903798186424129,2.4796535659939485,-0.3129477084656094,2.361881965968262,1000
550,1.3843083359683097,63.405778224258,2.440466709203635,0.30408270249294844,0.8497260507966783,2.06906203476281,0.7883062390821308,1.9803104328544885,1000,1.2675613626156026,35.79300966153861,4.787383242342565,0.3774193116699422,0.580001725580108,2.034651030767451,0.527819511742516,2.0073032134886892,1000
551,1.4473651536533576,18.32039354400293,9.691934337162676,0.6549016841863856,0.2660257076817273,2.7994374598410614,0.16375785264804188,2.7309724546586733,1000,0.5302298351842079,4.829111875698675,28.66098844645864,1.3833529064856442,-1.77268526608791,3.6899938219117048,-2.1811418615276548,3.2416015318960705,1000
552,1.331135313158398,52.54299838069599,2.8479325580339165,0.34321750449489336,0.6847166941505138,2.037281165067785,0.6584290043484071,2.003841621968389,1000,1.35138270518667,25.796441941573402,6.993744016555023,0.6132819099472501,-0.006804758534946206,2.449058044069428,0.14935016169005988,2.5534152486832804,1000
553,1.3080671727369797,35.98325154347095,2.9346656893776024,0.3477962752261725,0.649721281248896,2.0471637872816477,0.6263864732936816,1.9897478721802777,1000,1.546808008233882,35.57885515756622,3.026337072793229,0.39006493112672774,0.8443244537939751,2.3520787705808224,0.7822807432254956,2.3113352732422685,1000
554,2.2700918587455616,36.96821959628627,2.94966593977584,0.460306373255416,1.4799316301312058,3.2460253376917443,1.3678913671649462,3.172292350326177,1000,2.936108876173411,25.95140141119116,5.285295111583058,0.6993309689083637,1.7305977263854206,4.521016904299224,1.5654201771130183,4.306797575233804,1000
555,1.640042695965993,66.9810587233997,1.6828834668815296,0.3167800031107348,1.0789559365805208,2.3122590182677953,1.019153889868953,2.260931502063033,1000,2.0177396564048484,41.10207599626022,3.5428408726318787,0.5378078667218023,1.160826057843577,3.2142392001924454,0.963636237630116,3.071843075179581,1000
556,1.7611355036076248,45.49748414184533,2.8292983726905723,0.34286158238813236,1.1788746585459267,2.4936684488594465,1.0891268021268854,2.4331442050883645,1000,1.6824457139588191,40.21371684363554,3.0765309701523713,0.42412294494248814,0.9257353550280205,2.62580384108793,0.8511647418715423,2.513726686046096,1000
557,2.0746667442144964,35.67902410572624,3.3305369946617294,0.4018613522026953,1.251766967314502,2.90663561845895,1.2870184938972136,2.862314994531779,1000,2.429073118426218,26.563446120876378,3.947972603683256,0.5885542947291719,1.4557242360617082,3.6499449251887754,1.275506700757041,3.582639536095395,1000
558,0.8555926932675169,66.29008700975294,2.432697646235401,0.374145495376169,-0.03308818034836842,1.4329180408515567,0.12226752233022564,1.588917864204808,1000,0.12043954326957262,33.06431263871577,6.316177713053892,0.996283330292795,-2.6192735891173844,1.484135762508987,-1.8322757841043056,2.073154870643451,1000
559,1.365237238063019,22.583276858948825,8.234880115095741,0.42026940742589824,0.6727738183542606,2.324374854130563,0.5415091995082586,2.18896527661778,1000,1.5189442182868322,31.61727534204823,3.5165428963033767,0.3815098376771677,0.8719471154492536,2.356865944357971,0.7711849364395836,2.266703500134081,1000
560,2.001745018304913,18.806807285728233,10.475352601682793,0.4575670791430684,1.184217223649569,3.010797722407421,1.1049135431844987,2.8985764934253266,1000,2.3137873708550165,32.749909652288416,3.704635239178797,0.5504180774943157,1.304694827723889,3.4371119489750703,1.2349679389661576,3.3926068027438756,1000
561,1.9710346267525287,55.88023250043959,2.0110617418374144,0.2952840026121477,1.4086402770837185,2.5257309967779538,1.392277981632719,2.5497912718723383,1000,1.4803372392462189,28.47888124828627,4.462931729966712,0.6522418659207954,-0.0844767293078728,2.59378043701602,0.2019431820414599,2.7587312964509776,1000
562,1.7702340145028197,53.74340127575805,2.897086499068912,0.34290411135194354,1.163553921262802,2.4955314540371774,1.0981419562530104,2.4423260727526293,1000,1.711178461755962,35.2800702029887,5.2432829444438225,0.492222322068515,0.714658561002776,2.6715130213214504,0.7464227105016726,2.6759342130102515,1000
563,1.442256849218702,58.69132750318022,2.923620679313455,0.3369684096022822,0.8582939687802783,2.1285813102139244,0.7817987663982289,2.1027149320391754,1000,1.1227491150103477,47.29044058795816,2.956504603298696,0.6162647447785206,-0.33274631620938294,2.17856650578896,-0.08512978475555255,2.3306280147762477,1000
564,1.3947852266580552,54.154930993194235,2.6486581400833464,0.3215313307377902,0.8108756871054736,2.1144054883784453,0.7645838184119863,2.024986634904124,1000,1.4944631506759776,37.08529061150114,4.823891736354744,0.4352348704130157,0.659731202783898,2.3825503692739787,0.6414028046664668,2.347523496685488,1000
565,1.5791285884888109,61.59219870147485,2.3033132710799684,0.42858966221688366,0.8659849250393662,2.5105971538241394,0.7390928505437189,2.419164326433903,1000,1.6535652445074778,17.747249853810906,9.700271705487028,1.10531000299982,-0.2726265242474793,4.329929399495688,-0.5128423613721691,3.8199728503871246,1000
566,1.6010643990550428,63.9248691762184,2.1691908273821268,0.33347626513170076,0.9715992368706269,2.2882116444806555,0.9474509193969094,2.254677878713176,1000,1.6601455073448261,41.580839859522825,3.4829964693155726,0.47953530987813703,0.7897860672232366,2.6574082602963083,0.7202562999836776,2.600034714705975,1000
567,1.2360696893508267,50.98035339667913,2.777927739506224,0.2518795462708373,0.7608354827174966,1.751576673102864,0.7423857786599857,1.7297536000416678,1000,1.218055036893579,32.77488350111461,6.0871780541104465,0.3215564397794653,0.6882899613011244,1.9415261860611839,0.587804414925827,1.848305658861331,1000
568,1.0848232847706538,87.58571165647925,0.9997134677399943,0.2603120566551378,0.6128178850719778,1.659207912589887,0.5746116537265837,1.595034915814724,1000,1.851869532195918,44.22277349130487,3.4213253517762356,0.5239827512744069,1.0007164755857738,3.0295549922732166,0.8248633396980807,2.8788757246937555,1000
569,1.750362852199256,47.1324277358224,2.67749372344471,0.34120779770177073,1.0976569507017655,2.415500287915718,1.0815955687037855,2.4191301356947266,1000,1.7582636354321477,33.195484458751565,5.198483260955867,0.41300059644042775,0.99635868728795,2.6039134410235993,0.9487824664089093,2.567744804455386,1000
570,1.9455543714086865,50.65836387279649,3.3276381155180887,0.272757307628905,1.4545053472072862,2.5318158813790848,1.4109500484560327,2.4801586943613403,1000,1.936261738799817,33.88438273319175,4.339258024840506,0.3254915401184558,1.2736028537724475,2.5180127730019843,1.2982983201676435,2.5742251574319903,1000
571,1.365445280885651,59.754748393456474,3.194829668421842,0.352252021314781,0.7483201958153345,2.1134676738175986,0.6750313191086802,2.055859242662622,1000,1.3462075572705725,29.544814701744063,6.5837292415960675,0.7543438223367046,-0.6957685852632526,2.6540329948202386,-0.13230633450936846,2.8247214490505135,1000
572,2.283574119142616,72.59779785312891,1.3470714279910756,0.3838023840380346,1.6043694720624624,3.0941633999068663,1.531321446428068,3.035826791857164,1000,2.3066465214595864,34.19069169893105,4.304454398880292,0.5070775166706929,1.3592051844904596,3.316511006742182,1.3127745887850284,3.3005184541341444,1000
573,1.418895444197779,52.99344384772402,1.914325688474869,0.3516369015099984,0.7459230626982424,2.1397973708638807,0.7296871172381822,2.108103771157376,1000,1.7450882568006727,42.20892828931223,3.484949856875513,0.5431076542040744,0.90746636174419,2.965477376201485,0.6805972545606869,2.8095792590406585,1000
574,1.5393079551808497,52.685179112920835,2.864857940552289,0.32027663096721204,0.9379772102582052,2.1615082740903486,0.9115657584851141,2.1670501518765852,1000,1.700457616279635,41.2572357255436,4.191312172081274,0.4000022236449315,1.1024559041700916,2.647886269409438,0.9164532579355693,2.4844619746237004,1000
575,1.6186427708403528,36.5927646443818,4.608629262941781,0.33576979417840136,1.0359368167726712,2.3794292454479278,0.9605339742506861,2.2767515674300194,1000,1.5547380822753665,40.598655618389365,3.635216590729393,0.369035483997185,0.8855798966627707,2.372343223809892,0.8314285336408839,2.278047630909849,1000
576,1.1551392972181178,63.9363075893006,1.7646497318268468,0.21445080163863942,0.7530717947214061,1.5977674220500213,0.7348157260063846,1.575462868429851,1000,1.051810836006707,47.66551637850326,3.5685974031574736,0.5078705233399494,-0.2650040363342291,1.9057684557456118,0.05638461026040631,2.047237061753008,1000
577,1.4225278172714346,55.37090913483585,2.635749096640996,0.3545993179584602,0.8043810714655117,2.2227473422542654,0.7275131540728526,2.117542480470017,1000,1.2503503830722003,36.14080687713498,3.3235300763195967,0.5497469806202929,0.22519783864959314,2.3275458160643994,0.17284630105642607,2.3278544650879747,1000
578,1.4554143921337075,35.590123637756214,6.170402013142406,0.48606786075534253,0.45876065629412804,2.375777088774864,0.5027213850532362,2.408107399214179,1000,1.5861530692650505,41.422024013940536,2.242564824462304,0.43526371916396767,0.7310649260246785,2.4561751676118746,0.7330361797036739,2.439269958826427,1000
579,1.2767985219238653,51.76154642231054,2.279373889275683,0.3480471497222669,0.6763910717756205,2.043610866452758,0.5946261084682222,1.9589709353795084,1000,1.351123817230493,40.03323961697695,3.023984885421138,0.42052339152533685,0.5967187418112995,2.2721088202403004,0.5268979698408327,2.1753496646201533,1000
580,1.728235780241925,48.48635817984756,2.751025024502984,0.3653661903991608,1.0317837485578298,2.4641341142435356,1.0121180470595699,2.4443535134242804,1000,0.5907493643083219,20.998198648148346,7.679466407079843,0.8313962931164134,-1.427110497585626,1.9096156770754555,-1.0387873701998482,2.220286098816492,1000
581,1.0089258543871964,64.30261420509764,2.0918143164102525,0.22697546887716935,0.5831987146828802,1.4707939327428414,0.5640539353879445,1.4537977733864484,1000,1.1261831561391886,37.40761648472898,5.309926380636245,0.28330058428131405,0.7104628430415595,1.8096929226092102,0.5709140109478131,1.6814523013305642,1000
582,1.4494222985497074,58.476466796765756,2.671498026607547,0.30992268365930636,0.8972951838949746,2.1315608634792667,0.8419738385774669,2.056870758521948,1000,0.655259287985047,21.379265596553093,10.06488172385601,0.8278177386557078,-0.9246394774799949,2.293578593830429,-0.9672634797801405,2.2777820557502344,1000
583,1.6327188194846105,76.44068086475296,1.3766853122503462,0.34288185163627377,0.9764045847073791,2.322619004672551,0.9606703902775139,2.3047672486917072,1000,1.3126945187083585,39.400702276574265,5.38522157057899,0.6324542630558052,-0.12220100837281751,2.498828968932469,0.07308416311898025,2.552304874297737,1000
584,1.6503393683818237,74.61578843905575,1.4274347725288572,0.2914804751641899,1.1514413583260603,2.2812278874845267,1.0790376370600114,2.221641099703636,1000,1.433033007569791,31.596073313206272,5.217646042068929,0.49554371786980544,0.5029942573389705,2.4517674702102683,0.4617673205449724,2.4042986945946097,1000
585,1.5429888275171804,58.567102668795535,1.713908807968137,0.4088721871586944,0.7734934085477532,2.433168912384412,0.7415993406861394,2.344378314348221,1000,1.5705609743822646,47.092983049401944,2.3035737324556247,0.505894610694464,0.6239048421281262,2.6136340774604228,0.5790075374211153,2.5621144113434138,1000
586,1.6789732747045778,46.01856679346589,3.222973019903039,0.3297782971528728,1.090781327567029,2.345578139964062,1.032607812284947,2.3253387371242087,1000,1.7426523248209593,27.785872378585406,6.192181716765372,0.36077332325039396,1.1480160227572176,2.511650376427714,1.0355366112501871,2.4497680383917313,1000
587,1.7952453043855006,42.330381919046985,4.596135984801397,0.38147420919272756,1.122138824623642,2.603552047576271,1.0475558543677546,2.5429347544032463,1000,1.2843863007295928,23.415176007007773,4.562547368083064,0.8051975164856691,-0.6683928764300548,2.6555555078800426,-0.2938008315823186,2.8625734330415042,1000
588,2.127422627071363,68.40609685772175,1.6587040015069976,0.3811460043203623,1.4390137833575105,2.9246972226030445,1.380376458603453,2.874468795539273,1000,2.3910157277963333,38.31040197795222,4.0785466875513015,0.4546353200778604,1.5320860173102255,3.342026731921071,1.4999305004437269,3.2821009551489397,1000
589,1.815592828042726,49.43695379378496,2.579619646350507,0.3546133659870401,1.1903701017327046,2.57682510227051,1.1205506307081277,2.5106350253773244,1000,2.0989872872132924,35.19065194502812,3.0450044679214554,0.4729734468735278,1.2574514698751005,3.0669898472859383,1.1719593313411778,3.026015243085407,1000
590,1.3340210898174276,56.036291998327,2.27993238750934,0.21453412173021055,0.9545686771736449,1.807811331818833,0.9135342112262149,1.7545079684086402,1000,1.1428746165581396,47.7027914064407,3.4996980975563,0.38414610056685916,0.3470953746599237,1.8671113121100575,0.38994825944709566,1.8958009736691834,1000
591,1.5658302662384553,66.54882455915413,1.6859549197387,0.31720999468515854,1.0260398321826913,2.28090009789715,0.9440986766555446,2.1875618558213663,1000,1.6406004086317694,57.129708986064095,2.361276931242926,0.3817648681067389,1.0106479603602962,2.492952642934361,0.8923412671425612,2.3888595501209773,1000
592,1.3465811392671045,64.57087594094382,1.7255138913595167,0.25017526730259404,0.8891829997786413,1.8680029598052457,0.8562376153540202,1.8369246631801888,1000,1.4336194406335072,50.913316331318484,2.4793200372332445,0.4007241889206963,0.8016545762509163,2.3565921835426447,0.6482000303489425,2.219038850918072,1000
593,1.5190028818482213,41.88393464578281,4.49077397178808,0.2885021141792826,0.995131199371485,2.0997310827875033,0.9535387380568273,2.0844670256396154,1000,1.4538001755862586,46.533018725205466,3.1135068036258775,0.34357164586778216,0.871243755693852,2.2230302348465067,0.7803997496854056,2.127200601487112,1000
594,1.6583805974792631,60.80171054378281,1.703290468106833,0.32764817451427297,1.0681682913320434,2.2980356024618303,1.016190175431288,2.300571019527238,1000,1.7196484443795295,40.4760641433591,3.6087475534600792,0.4561963102677812,0.9559279681030272,2.706408215121393,0.8255036762546784,2.6137932125043806,1000
595,1.996432058096127,51.952336579728104,2.9423511441899395,0.2939109596441624,1.4618268978979827,2.613713571385894,1.4203665771935685,2.5724975389986855,1000,1.464474454304364,20.173585648700534,7.333797443900998,0.6760726186224001,-0.07013528342104602,2.7433830143507714,0.1393721218044599,2.7895767868042682,1000
596,1.5109258623816797,39.36817583404431,3.47213477611381,0.3453760429562614,0.8794185872338183,2.2838171286359095,0.8339888181874073,2.187862906575952,1000,0.7840011507912403,13.383359414372782,12.173128922033484,0.5905737194973697,-0.45590063196052383,1.9029433273989385,-0.37352333942360416,1.9415256410060848,1000
597,1.8963096603356608,59.68016578664331,2.200799551961353,0.37132937566332813,1.271684482952495,2.700778276647122,1.1685040840355376,2.624115236635784,1000,1.6368656761364044,17.28110044200638,9.62406745161536,0.5793491959482486,0.5943416858327789,2.8388117574254887,0.5013412520778371,2.772390100194972,1000
598,1.4389443243218132,31.270514873909036,5.622560578121781,0.30886293233690776,0.834350876976224,2.052560544955228,0.833572976941474,2.0443156717021522,1000,0.7944753183464406,29.94370686991337,5.839467695274953,0.6655812015930046,-0.629368833316413,2.138019785133528,-0.5100638367758483,2.0990144734687295,1000
599,2.3366075163262536,71.85282302637201,1.6738949093442066,0.5003412379870507,1.4697528142181808,3.3517238952476154,1.3559386898716344,3.3172763427808727,1000,1.4520686414636716,26.62084500976326,6.513714129712106,0.7963018370972321,0.06099957561637534,3.2199735200332578,-0.10868295924690319,3.0128202421742465,1000
600,1.5939850247008627,75.87619008330583,1.4036729735542515,0.30740722307280627,1.0604613218082513,2.24337679009756,0.9914668674781624,2.196503181923563,1000,1.5115625401940629,38.596148362564804,4.639674368888189,0.5263560405550376,0.4848065593816843,2.610999875110597,0.4799047007061892,2.5432203796819364,1000
601,1.6706042209584306,44.6551958287903,3.9624763532030642,0.365302870898251,1.0270613599122351,2.4915359282763117,0.9546105939978587,2.3865978479190026,1000,1.5359864304937147,49.206915363128104,3.020115970638843,0.3598097000582589,0.8580079011158559,2.2523075857570776,0.8307594183795273,2.2412134426079025,1000
602,1.5803713106201451,39.00776756796996,3.1244037210741147,0.4789469259856249,0.6800993055965457,2.5612040907047704,0.6416353356883204,2.5191072855519696,1000,1.2987849610118984,19.513130832162958,6.553698846418539,0.8843461285523001,-0.3766670878388,3.2205757904197676,-0.4345334509506098,3.0321033729744067,1000
603,1.560601269597353,48.5002963891038,2.976427611299674,0.37125657376799254,0.8981414005980161,2.3447238903869785,0.8329383850120876,2.2882641541826185,1000,1.8734230954259834,38.44554854625776,3.368573600932863,0.36971449924614425,1.2324707535706771,2.6913756421380053,1.1487826769035405,2.5980635139484263,1000
604,0.7525598367718858,30.378002441713125,3.891058466788486,0.3709274546750095,0.04019987359376916,1.4916954541066885,0.025542025608867203,1.4795776479349043,1000,0.7444982008484184,31.72392082177589,3.663883120502395,0.36383251891799695,0.09996766376442301,1.444981265521304,0.031386463769144446,1.4576099379276926,1000
605,1.8334250953781988,52.72478904722555,2.081506349033807,0.42091467707491237,1.0598077509788841,2.7149746558134495,1.0084323283113705,2.658417862445027,1000,2.057342212844957,43.678546666527616,2.202142678501138,0.4559124991372949,1.183118515668178,2.978629468932079,1.163753714535859,2.9509307111540553,1000
606,1.6695375937950363,60.81502528153415,2.4316573450779906,0.26012551392983624,1.140986479244869,2.12511440882117,1.1596915864925572,2.1793836010975154,1000,0.8610151097323762,26.115204016678256,5.119620334879988,0.510312207860435,-0.2789970420622293,1.6542465083564708,-0.13919681767407632,1.8612270371388286,1000
607,1.6141842862123266,74.81879672313612,1.4225156769599334,0.3808074311652958,0.9477724137467994,2.4372269087749068,0.8678017211283467,2.3605668512963063,1000,1.7790576979391617,44.97893093703529,3.5745633071331366,0.6061462512875343,0.855196351886311,3.08956496571256,0.5910110454155946,2.967104350462729,1000
608,1.673255371349781,40.68501364980281,3.500632652248543,0.40397855299237706,0.9212150888357549,2.5426727145928956,0.881457407484722,2.46505333521484,1000,1.4699149661974868,30.256731868912684,3.588605356373879,0.5268255828985219,0.5040606144340095,2.5245610840392696,0.43733682371638394,2.50249310867859,1000
609,1.4829051477820014,64.93453615218196,1.955461258067645,0.29120123125061453,0.9109448497723659,2.0569558424538723,0.912150734530797,2.053659561033206,1000,1.304500324822647,33.697928192862356,3.8344224116898102,0.46062291836127855,0.34875891954764787,2.231671400895307,0.401679404834541,2.207321244810753,1000
610,1.7043590159076956,63.54358779277864,2.5891145401775284,0.34233198828239664,1.0651566662699095,2.425453477767225,1.0333883188741981,2.375329712941193,1000,1.5949793642538934,41.28652954969791,3.4903418665693864,0.4457844413437163,0.6875821950285438,2.478471565768285,0.7212418592202094,2.4687168692875776,1000
611,1.078803737282887,48.994343052312644,3.1571403604319266,0.3205905708903608,0.5152765978187628,1.7958122252408553,0.45044621833777976,1.707161256227994,1000,1.1899365530793977,59.465702827282996,2.5009726910854284,0.3193813126454164,0.6889334528861704,1.9434936829969265,0.5639491802943816,1.8159239258644138,1000
612,1.4376270113471354,62.56375495644179,1.5812153684521784,0.23342593740160048,0.9940861625350049,1.907812936705492,0.9801121740399985,1.8951418486542724,1000,1.4275279120619357,39.51897792815211,3.243588992031677,0.3462939223442441,0.6851338916160644,2.014667196120958,0.7487918242672174,2.106263999856654,1000
613,1.3470759016676914,58.28360738760636,2.2583679448136698,0.43944114484213337,0.5103993230992013,2.2627986481369473,0.48577125777711005,2.208380545558273,1000,1.7716925535420143,38.344601238440404,4.373476058763167,0.6811489043315042,0.4920009435956788,3.082718765223133,0.43664070105226593,3.106744406031763,1000
614,1.2644448543229596,35.98858628510918,4.939751897954206,0.3734981422780095,0.5799176913310501,2.0612302010446166,0.532388495458061,1.9965012131878583,1000,0.6432978930970856,20.667354525373035,8.910831523284024,0.7125204203581003,-0.6889085253089111,2.0652961010544044,-0.753242130804791,2.0398379169989624,1000
615,1.9738415048045965,25.49142336384115,6.478057408644669,0.3820866331357818,1.2931199673485945,2.7784763291096377,1.2249517038584643,2.7227313057507287,1000,2.246722253048124,25.728484043878474,4.480289104874235,0.487258788995573,1.3937936303980951,3.210663678657335,1.2916950266168008,3.2017494794794468,1000
616,1.9050283498761813,31.114301217397177,5.601979570430116,0.392525540894672,1.19189913136055,2.701063651164666,1.135678289722624,2.6743784100297385,1000,0.9554506049770635,8.059281307042607,18.922936658042598,0.8509351394233436,-0.31055035743119647,2.899623425499004,-0.7123822682926901,2.623283478246817,1000
617,1.1571257788042724,69.42638507613201,1.8804979126680015,0.29648744730017473,0.6078817142836407,1.7897622790042116,0.5760103820959299,1.7382411755126148,1000,0.8359383547909724,50.893701570475365,3.4707590363252674,0.4283711249402673,-0.08939756978917278,1.604565873862477,-0.003669050091951398,1.6755457596738963,1000
618,1.2339861205871907,50.374147495653126,3.2491348753044855,0.35924618534494795,0.5609228614917214,1.9611685253472637,0.5298635973110927,1.9381086438632886,1000,0.9866380603213316,25.710872799508593,5.781081930424161,0.6062751052153158,-0.2522238985948948,2.233558227563453,-0.2016611459006874,2.174937266543351,1000
619,1.3744451092492502,35.17376239587857,4.9114051239417895,0.30462634621449947,0.8539470255884848,2.048526015035795,0.7773774706688313,1.971512747829669,1000,1.61597239339175,19.895660506420015,6.951268723095109,0.8243191395708909,0.20402061552890077,3.680458785953056,0.00030687983280386355,3.231637906950696,1000
620,1.500948320765544,62.759016032170116,2.14542043493696,0.29757158385545346,0.9305844699603765,2.0714434892711853,0.9177080164088554,2.084188625122233,1000,1.1657390028164127,13.000908008283023,12.89096013341272,0.5562480517355345,0.23521882699233074,2.426425123103784,0.07549282141476521,2.2559851842180603,1000
621,1.4788695258501967,56.88182576888525,3.017817778083784,0.27852008823392777,0.9482989832578046,2.0592464764706535,0.9329701529116983,2.024768898788695,1000,1.3979113600123982,31.00691077574324,5.315494701375046,0.387282367305579,0.75903750858111,2.2354966129253184,0.6388379200934634,2.156984799931333,1000
622,1.408102984623651,62.02191510402111,2.1732190754873497,0.3976569484016715,0.6924369501639126,2.294536959687276,0.628695365756375,2.187510603490927,1000,2.223748038285767,49.94732533710623,1.923673091638956,0.4995003782436353,1.3860733582696154,3.2974474415287793,1.244727296928242,3.202768779643292,1000
623,1.376948098800072,63.49421494556558,1.8837858981970221,0.2699465185050932,0.891202668873397,1.9086643587552774,0.8478529225300893,1.9060432750700547,1000,1.2868172729672926,52.61050140972943,2.340498843108294,0.39830468572320443,0.4837899223783058,2.0451945087541965,0.506140088949812,2.0674944569847735,1000
624,1.2289553387883374,49.20574185494848,2.690943029452427,0.3254866809665174,0.6257458846805332,1.9115588414328775,0.5910014440939633,1.8669092334827115,1000,1.1199105406173517,29.95004189055616,4.510421376004426,0.43453916218726274,0.376197635232776,2.104134316253734,0.2682137827303168,1.9716072985043867,1000
625,0.8423034822281577,52.72925920803742,3.0033377921929185,0.3449935107302621,0.17047972445651333,1.4847666752150956,0.166116201196844,1.5184907632594713,1000,0.016351984590713187,11.170158125082917,17.098557756866132,0.7935738848150815,-1.9481293632997685,1.5437698289135557,-1.5390528296468466,1.571756798828273,1000
626,1.5149513486529278,82.33379477848261,2.117219367650682,0.2915404192649617,0.9984093353217802,2.1351573714855223,0.9435321268936029,2.0863705704122526,1000,1.7535649112459715,35.561239614084904,5.677981484141348,0.6623365110165486,0.634083184427207,3.3625660456174127,0.4553853496535363,3.051744472838407,1000
627,1.433885446377678,41.99410421602829,3.861823933259803,0.3035627484184132,0.8826308484430291,2.0897638057178343,0.8389024594775881,2.028868433277768,1000,1.307479283677948,36.98685943452199,3.643025750675284,0.3843953409176973,0.6384327604065642,2.1612104228819815,0.5540644154792614,2.0608941518766346,1000
628,1.4686115331096357,73.7501037686794,1.6238391029093926,0.35169323733243313,0.8553788089917426,2.2661289328260703,0.7792927879380668,2.1579302782812047,1000,1.4650381632696625,57.99947167536656,2.600331197500201,0.4769308430488617,0.47895699950212667,2.3321520234951345,0.5302537108938936,2.3998226156454314,1000
629,1.175359699596076,69.08272615189169,1.6438174986156906,0.25696356823666433,0.6837891882605834,1.7003599062732477,0.6717111058522139,1.6790082933399382,1000,1.0735395897696205,54.34366970212206,2.5869270090019616,0.2788286903647384,0.5714857715495085,1.6381145251046205,0.5270353566547332,1.6200438228845078,1000
630,1.4852494550976179,66.4740876405422,2.389330448886606,0.3290282819576408,0.87196501405783,2.157158131266759,0.840354022460642,2.130144887734594,1000,1.8775896840259396,50.70298590363463,2.2612646928387297,0.45387074227865276,1.083706222226271,2.8588808448819565,0.9880030291597802,2.767176338892099,1000
631,1.6777892723352672,75.00019782296418,2.4630058576935765,0.3448398184242317,1.0687660419432743,2.40358912299165,1.001903228223773,2.353675316446761,1000,2.077836779510915,17.214149192729185,9.195740199403486,0.969162308864995,0.06218369342215333,3.8730778245869146,0.1782786541355248,3.977394904886305,1000
632,1.7892356673959484,52.558272167548935,2.43229288035506,0.28215285406481583,1.2753523652788519,2.3777074146448367,1.2362160734289094,2.3422552613629875,1000,1.6314448770045147,48.7600298343136,3.117959485181808,0.3563240224032989,0.9216642129303799,2.3555353032929003,0.9330497930940488,2.3298399609149807,1000
633,1.3337090806313876,54.6308893521376,2.6768163415930335,0.37405821515977583,0.5907130142374284,2.056281067230935,0.600554978918227,2.066863182344548,1000,-2.286889131687502,2.867553862822911,54.36549225814751,1.9339400852699113,-4.3433825397443,1.9684274640477448,-6.077411698816528,1.503633435441524,1000
634,1.2908970792946768,78.52904044269606,1.4258239789992766,0.35136482534840785,0.6845461150894968,2.076779743994218,0.6022220216117974,1.979572136977556,1000,1.2689619675436896,39.48876776675845,4.659684870493808,0.5888599078600857,0.2046893879791902,2.444499783463481,0.11479654813792162,2.4231273869494574,1000
635,1.362277102532922,49.84710577455466,4.097363672779301,0.35156962770889566,0.7445883354274814,2.1541995013470765,0.6732006322234864,2.0513535728423573,1000,1.4277251152507264,35.51090133455108,4.649052068681433,0.5450905036166693,0.4421549685849036,2.5377347396874868,0.3593477281620545,2.496102502339398,1000
636,1.8353949925314603,54.82198670218832,2.8565980716081687,0.4084012897344136,1.0988317999121175,2.6696742686930204,1.0349284646520096,2.635861520410911,1000,1.841816834707008,47.60521876801346,3.2561722373585487,0.43634898439017167,1.0677646912171972,2.7570562213061947,0.9865728253022716,2.6970608441117445,1000
637,1.4384423631635928,56.16973248594883,2.7855492904535417,0.3365493721280473,0.8582054658347426,2.168951016533014,0.77880559379262,2.0980791325345653,1000,-0.6887649075162683,6.851465201669987,24.60926948769911,1.3816016672699256,-3.183297078620621,2.2000913766104877,-3.3967041753653224,2.019174360332786,1000
638,1.8780169836298035,40.6744415865594,4.587514895022261,0.3767792551188557,1.2254972079637465,2.6949154409000178,1.1395296435968465,2.6165043236627605,1000,1.4361279617977687,17.48502371356806,9.801207541102558,0.592792711987015,0.32656905132552444,2.75619175837456,0.2742542463032194,2.5980016772923182,1000
639,1.4131219394719756,55.3221857030112,2.048874402175972,0.48730135917219997,0.5065933886665728,2.4490290828697483,0.45801127549446374,2.3682326034494876,1000,2.264716153456149,41.2059286974658,2.8068966748743196,0.4224713623696582,1.5048643014557193,3.1837451210060657,1.436672283211619,3.092760023700679,1000
640,1.8794576732392518,67.6959940894105,2.154970380690757,0.3477283960383565,1.2425773550880967,2.6138342363143585,1.197910017004073,2.5610053294744306,1000,2.4265457126531484,32.960429233229405,3.8990399491832766,0.49868567839079503,1.5401777171872344,3.4459169302282366,1.44912178300719,3.403969642299107,1000
641,0.9432778833222386,55.32018375911766,4.027772284010579,0.310115153349253,0.35457134052041156,1.596639621610841,0.3354521827577027,1.5511035838867744,1000,0.8777957799831722,40.306850035119865,4.836961710555479,0.6722994143358803,-0.4220401330500784,2.118283483737343,-0.4399110721151531,2.1955026320814977,1000
642,1.6448207114718478,56.77932596226002,2.284412501836105,0.3090839647313416,1.07847852926609,2.273365501765493,1.0390161405984184,2.2506252823452773,1000,1.185541836946641,16.171492392032853,11.244455364958034,0.566637259612276,0.12390882072347019,2.38283485672303,0.0749328081065801,2.296150865786702,1000
643,1.2750061995205684,58.15768087303145,2.6566312266484573,0.2888634160388076,0.7356477484276809,1.8782703083880001,0.7088339040845054,1.8411784949566314,1000,0.47043216037224944,28.31182249177907,7.526815162742839,0.5580670999955358,-0.6096245197128873,1.6644837631457234,-0.6233793556190008,1.5642436763634997,1000
644,1.6444446374541797,43.22308275485645,3.777876445442395,0.411858029383379,0.9020606111831182,2.5545738160459286,0.8372028998627569,2.4516863750456026,1000,1.0340806151527144,10.568726903160531,14.455490126961344,0.792471611332288,-0.540626771800253,2.6218120626358563,-0.51916374305857,2.587324973363999,1000
645,1.2518425668133308,70.37879050453128,2.063751198460475,0.2655438347415602,0.7216573760248869,1.7895308635004394,0.7313766507198729,1.7723084829067888,1000,1.4395828667748223,57.44430576250761,2.9891921569852427,0.4004364684180634,0.6473772122187854,2.178768812709694,0.654727388675418,2.2244383448742266,1000
646,1.324168778188985,81.22255288681984,1.299006336339974,0.30463872717092966,0.7476051398628221,1.9740346798489918,0.727076872933963,1.9212606834440071,1000,2.233290149434945,35.04323373265642,4.365573555386461,0.8066574399938915,0.9127003660187135,4.026128707873447,0.6522415670469177,3.8143387318229722,1000
647,1.5261959803004697,50.37072541164134,3.130452423808874,0.30893737803903026,0.9677299533831875,2.1578926075735954,0.9206787193439704,2.131713241256969,1000,1.2964152099311126,49.14232113669772,2.743244034320362,0.38108251772533575,0.4606349291929936,1.9894324928190228,0.5494934751894546,2.0433369446727707,1000
648,1.4366131709772587,77.82529424944609,1.3363616789398844,0.23244186065210107,1.0137974841134691,1.9204985630972193,0.9810271240991406,1.8921992178553768,1000,1.5417743955186896,52.55500469889239,2.073355254907282,0.356468370033864,0.9197757062976474,2.287149119564883,0.8430963902523161,2.2404524007850632,1000
649,1.3303631108034168,51.03792210148162,3.171174486317014,0.27537321138082466,0.8164366627343623,1.9259469814625496,0.7906316164970005,1.8700946051098333,1000,1.4600960396549838,32.145720910687515,4.985020604308762,0.3585466106721814,0.6779787443408775,2.1386983446622425,0.7573446827375082,2.1628473965724595,1000
650,1.6988450016518892,39.34396918743825,3.951562882463305,0.44102964671467815,0.8836817828051328,2.5567603179050824,0.83442689409112,2.5632631092126585,1000,0.25520909666937364,5.995393417651081,25.104113109555286,1.1868536971201031,-1.5624009519974094,2.667246739294038,-2.0710241496860284,2.5814423430247757,1000
651,1.2543792831228977,40.94997522185255,4.134528788266178,0.33290284394622993,0.6007563785341382,1.9508940169012514,0.6018897089882871,1.9068688572575083,1000,0.8776316445198522,18.319839652582914,10.377930796194429,0.6885623971307857,-0.47777131905228987,2.2040430929239316,-0.4719506538564877,2.227213942896192,1000
652,1.2284921973349494,69.29937359151577,1.562556775547544,0.33330001456353714,0.5776396571175112,1.8928383928677752,0.5752241687904166,1.881760225879482,1000,0.5035144769048632,30.080034319276212,6.7122224602354414,0.5858061847558774,-0.7572204264882981,1.5641978340711582,-0.6446656452166566,1.651694599026383,1000
653,1.5044097217216286,47.93057963708801,2.553399873697245,0.26112486251066785,0.99549646711417,2.0149344922747026,0.9926049912007195,2.0162144522425374,1000,1.2525415831847018,31.031819912965084,5.421170369707746,0.39574086007179493,0.43045502281834874,2.014686179013786,0.4768894974439837,2.02819366892542,1000
654,1.599492653110608,25.548586391609675,6.2443524305000855,0.34366055556888875,0.9797126634116282,2.334913252165166,0.925917964195586,2.2730673420256298,1000,1.5608329855883496,33.647481677383205,3.3776570836217483,0.35292911673475136,0.9564167418936846,2.3718897886148147,0.8690919167882369,2.2525740543884623,1000
655,1.881973866322019,59.60338621613712,2.479165168175756,0.43900537325377625,1.1880906248169365,2.917398797899865,1.0215233347446175,2.7424243978994203,1000,2.0363234046692673,25.367962547136646,5.700494572741359,0.6508860169063196,0.7614083109095107,3.4817098024711797,0.7605868115328809,3.3120599978056537,1000
656,1.0098962024700424,35.40805851328406,5.0189594693264405,0.3533691534734454,0.38463999680344046,1.7750858954133373,0.31729266166208947,1.7024997432779954,1000,0.9428277957379545,42.69269318103646,3.8491679259541525,0.48403370102292687,-0.13483124541796215,1.9025722696635936,-0.005878258266982184,1.891533849742891,1000
657,1.120562567552406,65.26573683071761,1.7152986479412016,0.33454994302762664,0.5297731501743362,1.8304732924112355,0.4648446792182578,1.7762804558865541,1000,1.024895999758444,29.005793449646653,5.122574763674579,0.48467510494455623,0.19167919447627763,2.1329659858806327,0.07493279406711373,1.974859205449774,1000
658,1.4421730664508985,55.22377293868318,2.6227223270906386,0.29570957195123465,0.9197662153433753,2.048243239588696,0.8625823054264786,2.0217638274753185,1000,1.2955453621793662,44.47572629943559,3.0355642153162266,0.3385106401644474,0.7147891225135417,2.0404335283735016,0.6320645074570493,1.959026216901683,1000
659,1.9285767864250896,41.142643657795816,3.0826548817930375,0.3461467871079459,1.2766261666591068,2.6615102525681915,1.2501290836935155,2.6070244891566636,1000,1.5033248118094336,13.779379477276628,11.513085889720431,0.7268816388279921,0.2712221159480548,2.9055499802603886,0.07863679970656912,2.9280128239122982,1000
660,1.6920114921428768,69.76019811630879,1.5746910509395522,0.3788142563150063,1.0532141618208903,2.5080364038925373,0.9495355497654645,2.434487434520289,1000,2.4147648740393644,45.85537835157476,2.6057408856074344,0.49873795156746825,1.5106928516398264,3.434624579012256,1.4372384889671266,3.392291259111602,1000
661,1.5467300131991708,37.17262772818178,3.2984525581999518,0.36940439422006144,0.8425464430320719,2.2811045740059592,0.8226974005278505,2.270762625870491,1000,1.283835882654591,22.71797376317772,6.668941536893826,0.4861674011920625,0.3562392155864177,2.3584622534966,0.33094777631814865,2.2367239889910335,1000
662,1.5385170470381768,63.124703152787816,3.010673748281122,0.28409274685373737,1.0015668731244483,2.135719113362775,0.9816952632048516,2.095338830871502,1000,1.4217161232775342,46.97323500216371,3.1270210881313836,0.4028273412056178,0.6351763729126918,2.2217322033576905,0.6321745345145233,2.211257712040545,1000
663,1.815530005471424,68.18601033571912,2.076412982200847,0.36303891350038675,1.1198220137818766,2.565942280705543,1.103973735010666,2.527086275932182,1000,1.962366875110912,34.03684066160337,2.767083570845129,0.5001597141593797,1.0135086529898087,2.9275367491288176,0.9820538353585279,2.9426799148632963,1000
664,1.4641826586498914,59.76294684625408,2.6182196017332005,0.29469585772162055,0.9465903507574136,2.092045848601496,0.8865787775155152,2.0417865397842676,1000,1.7622122783967153,53.25087908046873,2.1552003993062754,0.43492379439467255,0.9796983704003274,2.6791863358931454,0.9097616413831572,2.6146629154102734,1000
665,1.2753396341558918,66.25989765452414,1.8281707973938799,0.33468148699829114,0.6345062056129145,1.994692462245178,0.6193639196392412,1.9313153486725425,1000,1.0103075981368899,45.4355550134294,3.899495499440586,0.5691907202770984,-0.1471415670618104,2.2975825328151154,-0.10530621360622305,2.1259214098800028,1000
666,1.3437123045968338,36.32975340798398,5.9130912437794665,0.30471666078214954,0.7213219403735954,1.9126779592400678,0.7464676494638207,1.9409569597298468,1000,0.9723375781305221,37.07142499286735,3.5587970189664135,0.37132234123899704,0.2631589298187942,1.7372607019173256,0.24454578930208792,1.7001293669589563,1000
667,1.6079145601441103,53.716130439055334,3.0521145519487254,0.35647026872550286,0.9396860241225327,2.3267131460243347,0.9092328334421247,2.306596286846096,1000,1.428688893050795,55.19245473074313,2.491517572192315,0.34210179632686083,0.7269706755625367,2.0605882167098,0.7581693722501478,2.0992084138514424,1000
668,1.5067712427179307,37.38477168618866,5.463443911451348,0.33822292624341543,0.9075792014552175,2.2111191859970334,0.8438543072808364,2.169688178155025,1000,1.7634610450375667,45.38571664290728,2.898705020204309,0.3903071091802896,1.0996599151862483,2.595738523111811,0.9984591110441992,2.5284629790309343,1000
669,2.319084692813064,41.1813271001147,4.298519188741272,0.4199586666852239,1.5774311767147409,3.1851658046326907,1.495965706110025,3.142203679516103,1000,2.5052577796133124,15.786958587621214,10.292664424893188,0.5203271831962434,1.4433773467876927,3.528673738915585,1.4854165005486755,3.5250990586779496,1000
670,1.5976296836403088,59.64011355055428,2.5060491243166974,0.33634998756631923,0.9959354092568112,2.3182936879729565,0.9383837080103231,2.2568756592702943,1000,1.3742019569475508,46.602474778620596,2.780149955021132,0.39607659479763785,0.6406685255402631,2.188251411759863,0.5978918311441805,2.1505120827509208,1000
671,1.4946677181646513,62.79808395837638,2.4007262157577167,0.27212886112422935,0.9422819676776012,2.0260412367866327,0.9612951503611618,2.0280402859681406,1000,1.571640832009528,35.93971852667989,4.538801192231007,0.45327720693103274,0.7368837660438408,2.538753410770391,0.6832175064247039,2.4600641575943523,1000
672,0.6749151526443891,55.81603763396912,2.603808545914809,0.2416167988834141,0.25137620322387383,1.1772222592413624,0.20134622683289738,1.1484840784558807,1000,1.027140649854422,49.13104827818022,2.0897177709528973,0.3150918021987471,0.462251454851679,1.7233741670277116,0.40956071754487766,1.6447205821639663,1000
673,1.5950219727527206,43.01168205159177,3.78636685551172,0.40330711777208667,0.9391172467014695,2.5276977431399175,0.8045400219194307,2.3855039235860103,1000,1.8698922833388396,23.13721294387218,8.17923737845008,0.6351176247812699,0.9080493296365953,3.301541636934224,0.6250617387675508,3.1147228279101284,1000
674,1.3882634727980208,51.40272807235192,3.53763858718196,0.291323295434959,0.8589681323950397,2.001622313332308,0.8172698137455011,1.9592571318505403,1000,0.9519491609185944,20.634940908407195,9.178007294650852,0.5621912676500374,-0.18125435265089598,2.1603091119526883,-0.14994572367547887,2.0538440455126676,1000
675,1.797786198237295,60.01491911895653,2.139182704544018,0.37834141285231615,1.0901801046230106,2.587930902190489,1.0562370290467553,2.5393353674278343,1000,1.8933807464750514,53.94938899064071,1.804025831462239,0.42404422924536966,1.100619344270742,2.7551348292687567,1.062254057154127,2.7245074357959758,1000
676,1.4606556054324495,58.88585434239033,1.9034658618791447,0.3380787647779654,0.8309724590311293,2.104984883925065,0.7980212264676374,2.1232899843972617,1000,1.6513391302342741,45.55960910986704,2.7525613691046167,0.39904663221633674,0.9173885358383795,2.4612552915452275,0.8692077310902542,2.433470529378294,1000
677,1.6105607385358809,63.575957589487196,2.1976265384143514,0.32935990787080477,1.0255241386693652,2.2942618233201615,0.9650153191091035,2.256106157962658,1000,1.706816725058696,31.906071785392875,5.881898859047589,0.40534845926480734,0.979103671538781,2.5606964441515876,0.9123337448996737,2.5012997052177184,1000
678,1.5269333479726774,53.51393655868104,2.949548296625775,0.2985769299497834,0.9747263747596728,2.144712822286856,0.941722565271102,2.112144130674253,1000,1.256143607901988,51.34775453824851,2.6932552318907566,0.4410854592601781,0.33175756463169753,2.0823897760413863,0.39161610775203903,2.120671108051937,1000
679,1.2846607260537062,72.3274987531468,2.078176921296647,0.3078488061651316,0.7391651056837966,1.9364815720989135,0.6812770659700482,1.8880443861373641,1000,1.2342619314187089,48.12861450193637,4.249436001584636,0.5363417491326481,0.30787664384360774,2.430999193923745,0.18303210311871854,2.285491759718699,1000
680,1.4046443867540321,67.1588734430621,1.8599572968656488,0.28361128565153204,0.8759405722410731,1.973625420068469,0.8487662668770294,1.960522506631035,1000,1.2474267022699488,47.43474223802086,3.4828581381077584,0.3887370131770338,0.6044209601242357,2.078128210339814,0.4855021564429626,2.009351248096935,1000
681,1.67542064467372,50.0177296424347,3.0678354556589587,0.3072249416333932,1.1414285506627264,2.2992183213695627,1.0732597590722694,2.277581530275171,1000,1.7006922847912271,40.60638726795427,3.2040051172272492,0.4275375775040055,0.886020113303727,2.5984720914808324,0.8627186328833764,2.538665936699078,1000
682,1.9520722650562867,56.01431652214422,3.0243882228480206,0.3939816175645182,1.200640522459474,2.7438800677914412,1.1798682946298311,2.7242762354827423,1000,2.266249809756776,10.573898457891792,11.368425985908328,1.1300031626817804,0.17563402565215241,4.368021360805706,0.05144361090048655,4.4810560086130655,1000
683,1.8415603813821162,53.67165150715454,2.668169035705914,0.42959443507345685,1.0652643772538917,2.7412880226692535,0.9995552886381408,2.6835654741260915,1000,1.8027594098996873,52.19824668403498,2.2681722186067077,0.4849768970218419,0.8932907269638377,2.7863064385061467,0.8522046917368772,2.7533141280624975,1000
684,1.1391947435013456,54.86241132377574,2.382877398593301,0.3241096648549343,0.5518288492759431,1.7917408745909014,0.5039398003856744,1.7744496866170167,1000,0.574326917650704,29.378455514263365,7.030984488213436,0.6809191713813755,-0.8075935012743282,1.988757531355678,-0.7602746582567919,1.9089284935581998,1000
685,1.6059635065019706,43.80519128821596,3.028768536880317,0.33497943897013793,0.9789516235327428,2.2459217145849943,0.9494038061205002,2.262523206883441,1000,1.4058612701524997,21.652888320547245,6.925465068554011,0.4167302203327864,0.5716685042041826,2.20659281501866,0.5890700383002384,2.222652502004761,1000
686,1.548411540559272,76.06702019998444,1.5525911545862878,0.3508732316374515,0.9467730591291669,2.2583326828619685,0.8607000065498671,2.2361230745686766,1000,1.6513569598738773,42.2768371108526,3.582491743016141,0.6065241362906908,0.6064663009107037,3.0100486145557093,0.4625696527441234,2.840144267003631,1000
687,1.7739042759020827,67.36681012644658,2.00580893410369,0.4202859935986277,1.0594187361331333,2.6614030823017663,0.9501437284487724,2.5976648233553927,1000,1.9119181003822232,49.177247128115056,2.6068999584624386,0.5473353208662326,0.9598377484275922,3.0958723967853756,0.8391408714844073,2.984695329280039,1000
688,1.8893632297325251,71.4409924959013,1.6249209319488682,0.3733889139168398,1.2699841600022161,2.702447242163415,1.157520958455519,2.6212055010095314,1000,1.7110309540885598,46.147740879252275,4.239352195583371,0.7123235334703664,0.3539147347554528,3.1195382304979162,0.31487682848664167,3.1071850796904776,1000
689,1.4909826411887246,41.9036971710809,4.67820834065998,0.8930031059791568,-0.5919283656469552,2.9597194518339767,-0.2593034465304227,3.2412687289078717,1000,-2.7739562539843714,3.534873000275329,41.96766590791324,3.0340782980532226,-6.799517167336689,3.4926124938635827,-8.720749718168687,3.172837210199945,1000
690,2.2713945731523664,24.10206112763534,7.323794387049192,0.4500772991980156,1.5109262891895607,3.218053141155548,1.389243066724256,3.153546079580477,1000,2.238772318313185,12.87062890409844,9.585739393527628,0.7898508982690636,0.9143074569497406,3.883335100011163,0.6906645577058204,3.78688007892055,1000
691,1.0903295175975167,55.4893612559605,2.771261631286952,0.29864575089186507,0.6213094391114518,1.7566978587911757,0.5049838458494612,1.6756751893455721,1000,1.2796756385602888,39.37002935152369,3.641148476064193,0.3861593450166617,0.6489981456756201,2.168172421500573,0.5228033223276318,2.0365479547929457,1000
692,1.8640094860056555,66.9936593917954,2.112517332979469,0.41456364155803377,1.12491310492345,2.7317791349434493,1.0514647485519093,2.6765542234594015,1000,1.907938481883479,31.33667788209438,5.99768812766262,0.6022030740194353,0.9450139199779457,3.2722942680129217,0.7276204568053859,3.088256506961572,1000
693,1.4209861221379625,47.44958654621276,2.722209290676633,0.28677237760246893,0.8973968860364512,2.00919604990959,0.8589122620371235,1.9830599822388015,1000,1.1402510108717543,23.30763758226453,7.271357657428147,0.6236439724905537,-0.02956156879412196,2.588231072441297,-0.08209117520973086,2.3625931969532394,1000
694,1.798089940866452,51.40109906376026,2.3395628403397253,0.3687992839064988,1.1360713126974202,2.5773394218366286,1.0752433444097143,2.5209365373231893,1000,1.4277002720246972,26.913314470374285,5.7983363758305115,0.5383029346424923,0.42496157463645645,2.519374638614815,0.3726265201254122,2.482774023923982,1000
695,1.2386575815591618,40.14959084415975,4.8290630413996345,0.25501177174646544,0.7790261354883963,1.7542391189060367,0.7388345089360896,1.7384806541822342,1000,1.616422647644058,43.686432129307065,3.081030320372527,0.3653212116979584,1.0442637860292792,2.437481763981782,0.9003930727160595,2.3324522225720563,1000
696,1.8071869850956146,23.05330985828495,6.560242353341036,0.5102837737858887,0.8804774698619144,2.859103662744804,0.8070307884752728,2.8073431817159564,1000,-0.455025385558689,8.557052665493805,18.171005660646333,1.302411958260822,-2.7567327794042296,2.735446834408723,-3.0077528237499003,2.0977020526325223,1000
697,1.6426209694555212,57.980677365028704,3.1667565777347995,0.3160220362061843,1.0861831757475966,2.3134714910186465,1.0232177784914,2.2620241604196423,1000,1.4647272655228833,49.86414661697022,2.9958076294558467,0.4409480133231001,0.5256103614842167,2.258633099276724,0.6004691594096072,2.3289853716361595,1000
698,1.7106173570359942,56.789964125990274,1.896599101776625,0.3699731767220634,1.0180715644539124,2.4705870663718974,0.9854699306607498,2.4357647834112384,1000,1.7125430328490034,34.20060240908556,5.2183187446037556,0.539331784903756,0.7378579609493673,2.850935286510285,0.6554527344376417,2.769633331260365,1000
699,0.9241123367776822,66.15473561959226,2.6438238072015516,0.24867180332987607,0.4618064204280842,1.4174510580046769,0.43671560225112516,1.4115090713042393,1000,1.0621179979114892,40.40547112831034,3.576017968961055,0.44824792633529653,0.32517440902259737,2.0981115156728496,0.18355206229430798,1.9406839335286703,1000
700,1.684839384767379,44.09980295619965,4.4410370272490525,0.53551533080498,0.6131987810230687,2.709382240898313,0.6352293363896182,2.73444943314514,1000,-2.3618581485381887,1.7179068871130216,123.47957930384192,2.16678161531425,-3.7421303539788267,3.1695592656035263,-6.608750114554119,1.8850338174777415,1000
701,1.6648967585083323,78.44105426194842,1.3914411144573886,0.36814679235804487,0.9732700843046682,2.3911708337680753,0.9433290454865644,2.3864644715301004,1000,1.8441727651281337,57.67901990108154,1.8224225290986131,0.4887848874744512,0.9493705259803924,2.8615690004535947,0.8861543856782094,2.802191144578058,1000
702,2.270367874408887,57.81176333201572,1.9591109037163463,0.4101248110476886,1.5740758729537514,3.132825195765143,1.4665232447554173,3.0742125040623565,1000,2.073236259037914,30.684173977234405,4.9045242072625035,0.5807281008095847,0.9446872949016683,3.1415491916518383,0.9350091814511279,3.2114633366247,1000
703,1.3217587919773002,63.323425276722574,2.3952726239746407,0.29697261533350283,0.7883030767652003,1.9482979592528173,0.7396924659236346,1.9038251180309658,1000,1.3467683173517282,37.51436122584345,5.001809154366896,0.45024328657098756,0.5298359161453123,2.265716499878082,0.46429147567259266,2.2292451590308637,1000
704,1.4831435317977677,66.84285106493188,1.6456471885989146,0.42036672483272935,0.7583173700557967,2.3518980977008637,0.6592247511256182,2.307062312469917,1000,1.5850337240672765,50.84597968323916,3.0166204683935884,0.46081812536262723,0.7490700568468108,2.5848198707105765,0.6818301983565271,2.4882372497780256,1000
705,1.8055218900503474,57.85651923302552,2.294003787602207,0.38191021984388035,1.0809153169360106,2.531062777638523,1.056977859156342,2.554065920944353,1000,2.271510303832895,39.0475963832029,3.528378119687121,0.4655932451833144,1.4388250340109714,3.2447810357397473,1.3589475432735987,3.1840730643921913,1000
706,1.400676006303486,62.14033855565105,1.9079599190283516,0.2758906903526981,0.8764555452950443,1.9327601124478606,0.8599302532121977,1.9414217593947742,1000,1.428068986000084,43.217645651612564,3.101743232501448,0.3439753125359617,0.6480055887690231,1.9992789358172962,0.753877373429599,2.102260598570569,1000
707,1.7228184899054602,45.35651888482642,3.3366867170138645,0.3943239840196636,1.0848534432994295,2.62391907983266,0.9499434812269195,2.495693498584001,1000,1.750071763539355,45.87504246623684,3.4416263770614584,0.5194522361803094,0.8937253425942909,2.9151062197828397,0.7319453806259486,2.7681981464527614,1000
708,1.6715531355983746,52.404534145611926,2.3945032894277793,0.3435716073961513,1.05915663307335,2.405522670031539,0.9981527851019181,2.3449534860948313,1000,1.5024142091323012,44.05918549252404,3.5061287057645925,0.3515451151536637,0.9183536143629446,2.285478636974124,0.8133857834311203,2.191442634833482,1000
709,1.277664546663493,39.22356325178534,5.383989634137801,0.2725552389144925,0.7912201197432998,1.8297775361116195,0.7434562783910877,1.8118728149358985,1000,0.9374826960367493,22.615807327427007,7.187263036566068,0.6069047876634516,-0.26784526238793505,2.1854944355221693,-0.2520506877836157,2.127016079857114,1000
710,1.6968137179733915,64.01163737930938,2.1347883453760694,0.31741552959749536,1.1236487309294383,2.3402601457900833,1.0746792799623006,2.3189481559844825,1000,1.9748064058717119,40.14549429671537,4.0876687458784655,0.526102039472762,0.8014673262703803,2.9727214673831157,0.9436464085050984,3.0059664032383253,1000
711,1.0833692164455297,62.002447515042064,2.1198408370092103,0.27634018014350253,0.5951144259356077,1.694463837870775,0.5417424633642648,1.6249959695267946,1000,1.326052802156941,41.60971270606941,3.4311937153303407,0.3967281330170703,0.5295095517074772,2.113401784656545,0.5484656614434834,2.103639942870399,1000
712,1.2802451071880725,45.425566033514656,4.31046160228101,0.5716230095562013,0.16673157820927206,2.363731157347134,0.15986400845791793,2.4006262059182273,1000,-0.9718428969421655,6.1232025595026744,27.498941982489498,1.8356202004658446,-3.9325962693019973,2.957431701009808,-4.569658489855221,2.62597269597089,1000
713,1.673496998588585,45.178793730876656,4.274686089056329,0.330947448584371,1.0580455681679515,2.3587386333987808,1.024839999363218,2.322153997813952,1000,-0.7506745286274565,5.6346468049836975,29.16773806854467,1.4939557052787864,-3.3928158802968404,2.4280974582147343,-3.678827710973878,2.177478653718965,1000
714,1.342034752941025,61.57369597589772,2.776155215130472,0.3635037374729734,0.689371315454297,2.1145057921812453,0.6295674274939972,2.0545020783880528,1000,-0.4497977525217225,8.841782380691269,20.60488409895578,1.4924327513203077,-3.530982004674762,2.387664110146028,-3.3749659451095257,2.4753704400660808,1000
715,1.6279228665874386,67.55035454003284,2.090799382285411,0.27408373713522877,1.0899427165619835,2.17934525554879,1.09071874180239,2.165126991372487,1000,1.704085144590066,58.33681532936356,1.8696917783356928,0.36162985781216594,1.0484556426214686,2.4714099839444184,0.9952906232782207,2.412879665901911,1000
716,1.541057294606397,56.296936843115525,2.0691414553811542,0.3425127019105786,0.9258095598389049,2.221724733863374,0.869732398861663,2.212382190351131,1000,1.2198692406551666,24.12942217511227,8.177359284499337,0.7882036777990689,-0.24229188203181076,2.822742665884191,-0.32500996783100833,2.7647484491413414,1000
717,1.698837209445648,47.26278545729465,2.465082041860413,0.4025437415893345,0.8483589758496497,2.4535481361015843,0.9098514759305525,2.4878229429607437,1000,1.3087206681286947,20.122755169742177,7.56265587195976,0.6601792530286225,0.07649066923766569,2.557927525586807,0.014769332192594797,2.602672004064795,1000
718,1.9428862890438303,82.47908601424827,1.5613223501379425,0.29276632077901954,1.3597240275636504,2.5102644688020095,1.369064300316952,2.5167082777707086,1000,0.4572194609302862,10.997774897870691,12.692463016358019,1.0914118451921402,-1.4955818786675632,2.512483302244349,-1.6819477556463087,2.596386677506881,1000
719,1.2204131855707594,49.77659915313583,2.914854825611487,0.3814100974260204,0.49821957992043925,1.9950373424424277,0.4728493946157595,1.9679769765257593,1000,0.9077871994690248,35.4427022525255,5.512510080600056,0.5719497427479556,-0.21973782834232525,2.023970458272963,-0.21323429631696822,2.0288086952550177,1000
720,1.6051437583979835,61.69455990627862,1.9498372345765946,0.3058364899401915,1.045337993383273,2.2267649792865307,1.0057042381152081,2.204583278680759,1000,1.1570735869186866,26.542884736390107,6.018787451214303,0.5229541287656192,0.009566701142870638,2.168879185457624,0.1320834945380729,2.1820636792993002,1000
721,1.740437932628594,59.91331619619806,2.714191140758626,0.36265580354972915,1.0891838595748542,2.5476582524372042,1.0296325576711247,2.451243307586063,1000,2.0683445742879476,53.60725255822177,2.58247671876912,0.422161240750988,1.3648706094791903,2.967425969890454,1.2409085424160111,2.8957806061598843,1000
722,1.6730675532289014,37.7362719535263,4.823661591283085,0.2570477689864126,1.2110156199229707,2.212762287940538,1.1692539260155328,2.17688118044227,1000,1.7420275228133457,39.763323858937746,3.1692387908664714,0.4824673831965656,0.9127649231870092,2.769240142370735,0.7963914517480771,2.6876635938786144,1000
723,1.2944397718534235,57.34113073947383,2.0902453962163294,0.31085257913663666,0.6926728826491386,1.9047693264873913,0.6851687167456156,1.9037108269612313,1000,1.4139265513995325,50.48313644660248,2.326872282331956,0.5025883472292622,0.6894735372057684,2.5764011290193323,0.4288533908301787,2.3989997119688864,1000
724,1.9676141094182245,74.15812011855623,2.009661748316454,0.4106202679317318,1.2554568383703069,2.8585217415581403,1.1627983842720302,2.7724298345644187,1000,2.841462091526041,40.68152695236134,2.7823242642498625,0.4880355719282696,1.9889008358964604,3.9311077142808553,1.8849123705466324,3.7980118125054494,1000
725,1.4552271665330503,62.697147282529514,1.713297093105016,0.33036208005710155,0.8554790164339934,2.125471324862709,0.8077174896211312,2.102736843444969,1000,0.9449129218686507,25.498638361322037,5.033198133538057,0.6839935453548088,-0.4675528745059869,2.16686137242445,-0.3957144270267745,2.285540270764076,1000
726,1.6455077593103233,52.011400943854795,3.3652368041641023,0.3728136227033039,1.0032192083221263,2.491022592602555,0.9147930588118477,2.376222459808799,1000,1.297539763651752,37.94043296013729,3.8229734915121556,0.4881855838235259,0.40546765017388947,2.3981831452155937,0.34069601935764127,2.254383507945863,1000
727,1.2034371830320434,72.9192852944887,1.8734281021598338,0.26055404806926613,0.6855897435052853,1.7507118522793843,0.6927512488162818,1.714123117247805,1000,1.1901812511497916,43.75584134022484,4.332523292344974,0.38608540283519255,0.3639112835645837,1.967849153768789,0.4334538615928142,1.946908640706769,1000
728,1.0337920929317814,54.29794400010674,3.062450129103031,0.27558307873055526,0.47853520344011397,1.6016926736513477,0.49364925861989317,1.5739349272436698,1000,0.43196628251406466,33.7591802444432,5.975147713515247,0.6387790262909109,-1.1832918913954071,1.4534999501580814,-0.8200406090161207,1.68397317404425,1000
729,1.506524234244398,63.3739696422734,2.1664698761968904,0.3062014071467205,0.9432111419999052,2.1540147427299514,0.9063694762368258,2.1066789922519704,1000,1.6418375014773692,59.5567015718111,2.426753376441617,0.3650692461642214,1.0146664980759612,2.426243791946941,0.9263017789954953,2.357373223959243,1000
730,1.7936401668232933,42.119063763739845,4.967269699930967,0.34466272652427565,1.139958785417179,2.5011975172658296,1.118101222835713,2.469179110810874,1000,1.7645056975347608,35.374114304742236,4.158915880681469,0.40313545572187315,1.0292666081054005,2.6054057076155064,0.9743602043198895,2.5546511907496323,1000
731,1.7583104629983737,46.00488287922633,3.6617945982637274,0.41041175887402864,1.0743471423078277,2.6044991087853475,0.9539034156052776,2.5627175103914697,1000,1.6183450218406765,16.63021254131588,9.40181632092274,0.8628589196875376,0.10043129566604041,3.3072409128710025,-0.07285846074689717,3.30954850442825,1000
732,1.9627624657100151,48.35573322726538,3.8016325788830296,0.4073680715178668,1.2175547210499542,2.8325262065562526,1.1643210455349962,2.761203885885034,1000,2.5101256096553666,29.580905242659938,4.833370332314461,0.7075096458665261,1.1450712390655127,3.988030160373971,1.1234067037569755,3.8968445155537577,1000
733,1.1523981843750435,77.91631267216208,1.3685160253798347,0.2523460630490814,0.665430299538994,1.6720186055110584,0.657799900798844,1.646996467951243,1000,1.004006396166436,35.489698784425826,3.9933199927714673,0.5747191357387691,-0.03468011335366593,2.3706911480434907,-0.12244310988155127,2.1304559022144236,1000
734,1.3605907899146503,53.69585464796735,3.2149773480623858,0.2892112884415167,0.8187929096494576,1.9400831706044315,0.7937366645692776,1.927444915260023,1000,0.4914871924947346,23.842410100735275,8.34369071973681,0.9023446812184089,-1.5170147271656156,2.129743556103382,-1.277108382693347,2.260082767682816,1000
735,1.6757458069265798,44.28746889434915,3.404647615046915,0.37210952555024474,1.0219946443625558,2.4747490542122104,0.9464111368481002,2.4050804770050593,1000,1.3083524683114849,14.784025834250773,11.704953659241623,0.7928789865853539,-0.4567569297340565,2.8837891129054043,-0.2456903453958088,2.8623952820187784,1000
736,1.9233703798218829,29.67481984671517,5.1789996647661365,0.39997368342262046,1.1686284355399075,2.754220180310969,1.139421960313547,2.707318799330219,1000,1.980377883281498,23.258781812834986,6.8340847251938825,0.43705096674972194,1.2450594480993828,2.91648585863375,1.123757988452043,2.8369977781109528,1000
737,1.5263120093065572,42.12134966181321,4.326489097639551,0.33795035971549175,0.9101888561658218,2.2175755966218538,0.8639293042641933,2.1886947143489213,1000,2.0532977721881673,43.593471800834266,2.142490568370034,0.448197661160274,1.2080705597629384,2.9686984820977966,1.1748303563140303,2.9317651880623044,1000
738,1.5207908733597426,35.673427424804345,4.158560326615791,0.5282280802954632,0.5451834020065528,2.585547412357819,0.4854638359806347,2.5561179107388505,1000,0.9324604834646886,14.991908616942899,9.217250717661988,0.8960791796208228,-0.8926442328390317,2.727014304070608,-0.8238547085921242,2.6887756755215015,1000
739,1.734413736840068,52.86141145769638,2.272564328766743,0.30662543920858726,1.1129973218721965,2.316842212614194,1.133427875991237,2.335399597688899,1000,1.6548516633868182,35.868092197277974,3.913091826069289,0.3973761493460841,0.9622769495349452,2.474508787595141,0.8759944106684934,2.433708916105143,1000
740,2.2585940295834983,48.3424377891665,2.876213038195184,0.4101065290054893,1.5151563689480827,3.0875530498324006,1.4547852327327393,3.0624028264342575,1000,2.3506969229150085,31.518148976797317,5.851961514465242,0.577164214674106,1.3095075935070883,3.5478695221722414,1.219455062153761,3.481938783676256,1000
741,1.5347335576985124,56.75473119335983,3.368362102296712,0.378587230321697,0.8605472692547782,2.3492709411626294,0.7927025862679863,2.2767645291290384,1000,0.8510666599085881,18.612368891986844,10.072619397627887,1.1268377307816166,-1.4534885416372296,3.0612403311216343,-1.3575352924233806,3.0596686122405568,1000
742,2.0385137223484184,64.8054587351209,1.7779928491165455,0.3271683428192975,1.4424754166689706,2.682227662669867,1.3972637704225952,2.6797636742742417,1000,1.4394009706987267,46.16387164254009,3.214040177178327,0.525242908889012,0.35682576906325486,2.370299105535575,0.40992486927626315,2.4688770721211903,1000
743,1.3139138941814918,44.32937523743056,3.3499460779669232,0.3285004499490032,0.7182517637278806,2.0010732014200117,0.6700530122814456,1.957774776081538,1000,1.2189582985861644,34.21875906579467,3.7930238284706657,0.40280047888465964,0.4918585732540971,2.0749811295717113,0.42946935997223157,2.008447237200097,1000
744,1.687285049766412,65.78030837263424,2.13329911455955,0.2930344114203998,1.138193694319444,2.2682463085515803,1.1129376033824285,2.2616324961503955,1000,1.8475440950969972,29.855138494496845,4.981155097937519,0.41520088159766233,1.1083922045496764,2.708117590226573,1.0337503671655792,2.6613378230284153,1000
745,1.4382217701335573,47.62880624539853,4.149503699595445,0.28073187530564603,0.9361818724899678,2.0731005712797366,0.8879872945344911,1.9884562457326236,1000,0.4023821105991505,11.814083932105909,15.328937773541467,1.097753773810932,-1.6447369821849571,2.7003362318189335,-1.7492152860702763,2.5539795072685774,1000
746,1.9713179176168338,47.70617665345079,3.4149307170790686,0.3828418143128837,1.2712973217514887,2.7126302582994484,1.2209479615635819,2.721687873670086,1000,1.7073034514416945,30.518664824298803,4.802392304349378,0.8049692647028773,-0.18797061774599522,3.1236625601417614,0.12956369262405487,3.2850432102593343,1000
747,1.6004658576096755,66.97831136191095,2.0633584512340346,0.3282450941434208,1.0072400259726162,2.2573398677458494,0.9571054730885707,2.24382624213078,1000,1.479108859680411,36.00981355948768,3.6843920287501133,0.6103044119266761,0.29023883982621723,2.6396396561433306,0.2829122123041259,2.675305507056696,1000
748,1.6355983737403297,40.627754091192806,4.806009149546301,0.32638343859424856,1.075587023529672,2.3322867912843472,0.9958868340956025,2.275309913385057,1000,1.5304127419130515,35.29875061272296,2.986883619970639,0.5823687416388893,0.3493296199981024,2.652615939539425,0.3889700083008285,2.6718554755252746,1000
749,1.2595587652702738,40.02901029970484,4.207047251455556,0.3089274760218886,0.6907371676754859,1.8697743840758299,0.6540609122673722,1.8650566182731754,1000,1.3574678177750037,51.14301770750998,2.7539032241772805,0.37208722410202577,0.6309948152319341,2.028408126929455,0.6281768585350332,2.0867587770149743,1000
750,0.9018456614869939,41.08489865420531,5.3455329407858265,0.31166833018374734,0.3751080799952534,1.5824746273230603,0.2909757343268491,1.5127155886471386,1000,0.7867169069320266,30.131172158238908,5.693467410161797,0.4917170205681742,-0.27595536791462905,1.7297362318451501,-0.1770484533815948,1.750482267245648,1000
751,1.7441866236714971,36.99797187164167,5.221664429127268,0.3650745490532121,1.1143578322448482,2.5558822611000704,1.0286405075272014,2.459732739815793,1000,1.7271019467768682,38.23486682131007,3.4074209419878203,0.49648849665101014,0.7557545863611733,2.727933816510048,0.7539844933408884,2.7002194002128483,1000
752,1.610353321615561,64.98258021458398,2.016348121429904,0.36324822310390026,0.962944670398846,2.397716567547854,0.8983868043319165,2.3223198388992055,1000,0.22622625616484981,5.722732196394536,24.333180163932923,1.1522866005749741,-1.5010292012029625,2.6709073004012653,-2.0322554809620996,2.4847079932917993,1000
753,1.9215244703750582,45.720951790170396,5.136100970975361,0.4418641044466019,1.1561993170886389,2.867891078381723,1.0554708256597185,2.787578115090398,1000,1.8705909934753968,61.97093829628714,1.8483853105217327,0.5070804149481357,1.0482403207079487,2.938979277050625,0.8767133801770508,2.864468606773743,1000
754,2.10474299502775,44.805516294933575,2.1919219886757513,0.3517412748370608,1.455829077019794,2.7968105226989852,1.4153300963471107,2.794155893708389,1000,2.1997861370401073,25.19565463763748,4.630801705562181,0.3803575411730936,1.4736159700428542,2.977919653624497,1.4542853563408438,2.945286917739371,1000
755,0.8739948392022399,28.116427951088074,7.617705435036246,0.3972986468480103,0.176631489738162,1.7805389882704517,0.09528949138013965,1.65270018702434,1000,1.0599933422715822,35.51594105517645,3.3141748884410287,0.37631822846318985,0.30132626400937135,1.802692656628732,0.32240961448373007,1.7975770700594342,1000
756,1.2606480914491844,66.80683710976223,1.3889630233089274,0.3377044803676171,0.6131826051638148,1.9696702060752647,0.598747309928655,1.9225488729697138,1000,1.3030951386314356,27.560140136354885,5.173401269909762,0.4324296459983886,0.42534823576742675,2.134169397057229,0.45553303247459387,2.1506572447882775,1000
757,1.5681164866297346,59.164276379526044,1.9541116295265462,0.2791815584443389,1.062890605437483,2.172075007906143,1.0209206320788304,2.1153123411806387,1000,1.024671050154863,29.674854744852595,6.328990899030529,0.5032142814585437,0.06820443338665229,2.205715102283576,0.03837105849611733,2.0109710418136086,1000
758,1.3588170357954668,74.45337541156537,1.667474806285671,0.29268302730977475,0.8462052584318058,2.000211446842617,0.7851583022683083,1.9324757693226253,1000,1.516357435667488,55.05429667940644,1.823896448401402,0.4450184094059925,0.7014399583920576,2.4068128260324606,0.6441213532317427,2.3885935181032334,1000
759,2.0518303364525745,52.252637437865026,2.5465928797757225,0.4207635905464458,1.3163281020271227,2.899521402761898,1.227133698981541,2.876526973923608,1000,2.2970960490295753,35.62326859881203,3.6490769924427036,0.6485165900096367,1.2705364904698981,3.6857253626197313,1.0260035326106873,3.5681885654484633,1000
760,1.9384954542626187,53.23933583729679,2.1888334497391635,0.4239328084835658,1.1714568253576174,2.844209886982426,1.1075871496348297,2.769403758890408,1000,1.769183082693806,36.35353263227397,3.4179893340727907,0.46225183647345874,0.9682983887798116,2.7537707225092403,0.8631694832058269,2.675196682181785,1000
761,1.740468944857768,53.0081159538815,2.9628267044746313,0.33828058684726076,1.1515754093085384,2.4882404261693134,1.077438994637137,2.403498895078399,1000,1.8464936960083493,59.41773344665264,2.2661875751842824,0.4834898584114278,0.9673874031647736,2.8410467396021875,0.8988535735219509,2.794133818494748,1000
762,1.8248719086253362,50.09795553939048,2.2261788176694077,0.3915291462564442,0.9913434761067395,2.5985110708868326,1.0574747819627057,2.5922690352879667,1000,-0.5193671085125438,10.048324254251316,14.491386320767369,1.3650069894442713,-3.1975013378966146,2.2384687558639,-3.1947808078233155,2.156046590798228,1000
763,1.5370842052763534,74.18448474707337,2.256942499422729,0.36991709653092864,0.7942312222969639,2.320054451550047,0.8120466960757332,2.2621217144769736,1000,0.3825272593965172,11.208754311165151,16.35341567436531,1.3779482520334376,-2.344645455148312,3.486858160571383,-2.3182513145890207,3.083305833382055,1000
764,1.9278455548826472,48.798144320745564,2.594324102639999,0.3003486260466012,1.3521851555344087,2.5141919580007155,1.3391622478313088,2.5165288619339856,1000,1.3384996286283388,17.78598437380786,8.381386459269253,0.5850571506938412,0.33878549590353346,2.640633331877596,0.19178761326840998,2.4852116439882677,1000
765,1.8423209297017786,65.32256466874445,1.7993271346238182,0.33098453122117655,1.2254926783284823,2.501795511088564,1.1935912485082727,2.4910506108952846,1000,3.1586217159631818,24.257281215305788,6.493832242119331,0.9220567791946191,1.8599682943080407,5.565101871779485,1.3513904287417282,4.965853003184636,1000
766,1.4281016395246968,61.878574783028654,2.3592778477990146,0.3463610891532787,0.8244790211328622,2.1733068541459653,0.7492339047842707,2.106969374265123,1000,0.2744859003729423,19.891457289631227,8.671865981705752,1.2351699387092054,-2.5109816804017018,2.4910247203295066,-2.1464471794971005,2.695418980242985,1000
767,1.3685992570679641,86.32580820681001,1.2512247833252768,0.24822202344085295,0.8910853488176408,1.874192305131852,0.8820840911238923,1.855114423012036,1000,1.3178502950167121,40.38075113525292,2.9531546434455285,0.4120172453669626,0.49559492070213623,2.1248846449703707,0.5102964940974655,2.125404095935959,1000
768,1.7034667555633054,56.482878905799595,2.4248589912715803,0.31393597911748916,1.119435271761243,2.3504607255043846,1.0881522364930265,2.3187812746335843,1000,1.666381091382894,46.80684761061215,2.829597512126486,0.33621707620552094,1.0863154404211561,2.355519377875507,1.007395622020073,2.325366560745715,1000
769,1.763044080210371,70.76986466731437,1.490461757001694,0.305348466753967,1.2373804825783534,2.420646075954194,1.1645610853725958,2.361527075048146,1000,1.627779477290642,35.43607968557917,5.026879186330062,0.7901698092052989,0.1577519181906262,3.1163339697493226,0.07904665124825616,3.176512303333028,1000
770,1.5120054189760495,43.20307651682557,4.790479526689891,0.374028520778206,0.7854825623679114,2.242604588924249,0.7789095182507657,2.245101319701333,1000,1.8404486570743945,37.54308978811106,3.6584164170867894,0.49493447754003755,0.8736883538721261,2.881955411488246,0.8703770810959209,2.810520233052868,1000
771,1.7757480263829337,52.26383716520563,2.6024796808375266,0.4249880113714659,0.9853500551901341,2.635107324599532,0.9427715240948605,2.608724528671007,1000,0.9436324986637312,17.59442718885619,10.107097190115683,0.9888757404130784,-0.8703757498319485,3.0346590206953485,-0.9945639525459022,2.8818289498733645,1000
772,1.4603662070506314,60.67823491724306,2.78763766138288,0.26400679835913615,0.9479895393457012,2.0269962907466565,0.9429128822667245,1.9778195318345382,1000,1.069067452280398,33.84019219396611,4.62736765253802,0.43320404351478997,0.028079394628380834,1.9251374944549184,0.21998752699140967,1.9181473775693862,1000
773,1.5908791697590692,56.74758876755326,2.455488221998536,0.42245664399181865,0.7983998164195776,2.473472602588654,0.7628641475351047,2.418894191983034,1000,1.5647760756099554,37.94361563480098,3.7874050822643075,0.6963371056610683,-0.1585553481792751,2.639787893665335,0.19995534851426155,2.929596802705649,1000
774,2.575173727361062,17.697027208030264,10.368880674882211,0.48618168982949156,1.6748638636680586,3.5782580192192746,1.6222576152952586,3.5280898394268654,1000,2.3368299048917844,21.594180741311053,5.714615761535424,0.5544718919808607,1.3491384199448597,3.553812189224441,1.2500649966092976,3.4235948131742715,1000
775,1.8943386530444362,69.80599378173756,1.8620041270730898,0.2957633957599865,1.3709168967407823,2.5247785662071847,1.3146423973548627,2.4740349087340094,1000,2.061057161974794,47.40992489152225,4.032118226451446,0.3777941033360344,1.3620597555101586,2.9035766802951004,1.3205807194361665,2.8015336045134216,1000
776,1.3774204543736275,48.388733766710146,3.973099645616365,0.34828662443394715,0.7027098430118288,2.0183391499362964,0.694778670483091,2.060062238264164,1000,1.1488701709179017,28.272317130249807,4.871233432730338,0.5523357936867143,0.033897217669881796,2.168689935673551,0.06629201529194173,2.2314483265438616,1000
777,1.930042782321813,41.869010497934944,4.199664526120805,0.34592874765787024,1.297181018279261,2.6371077869802244,1.2520224369123873,2.6080631277312385,1000,1.7315971279419835,42.17439230113006,2.6944124135293546,0.36053027659779296,1.0045182180283827,2.429648290815072,1.0249577858103094,2.4382364700736576,1000
778,1.5462066614093155,32.14975969098238,5.7555490392290105,0.5094516064953815,0.589703171779871,2.6107549271963855,0.5476815126783678,2.544731810140263,1000,1.289356668456647,23.574096325666794,7.580213937407664,0.9576101087112,-0.8366244285280223,3.1188399214973272,-0.587559144617305,3.166272481530599,1000
779,1.7994793230997481,53.17473390276027,2.11586940800019,0.32760205773576134,1.1819275347869884,2.4292019727321845,1.1573792899376558,2.4415793562618404,1000,2.0607633217118027,43.68590523916783,2.6291471248711247,0.48506134869594053,1.26396702860008,3.243534982042135,1.1100430782677593,3.011483565155846,1000
780,1.0246114164362985,53.44993747758243,2.407886441829078,0.3145557388661459,0.4211938651683266,1.6344431522668623,0.4080821682586525,1.6411406646139444,1000,0.8770150822647738,42.4174230739277,4.186954344089966,0.36804847778774247,0.1938496997220602,1.6727035049175194,0.1556400658007986,1.598390098728749,1000
781,1.700692418877328,44.61781682156562,3.3827204361104184,0.31733169143385176,1.1591278686008335,2.3902763391515487,1.0787223036669786,2.3226625340876774,1000,1.0039014033853322,16.468301295868645,9.795876012375981,0.8194683165990385,-0.6094552047799104,2.4940614913023422,-0.6022564971487834,2.6100593039194475,1000
782,1.7360868091424684,51.226252399687205,2.7365565312527447,0.34556721673540775,1.0910990117155117,2.44513157179324,1.0587750643410692,2.4133985539438676,1000,1.7518230360712423,37.64680377118943,3.9326255765404814,0.4929604783340257,0.8806315790089477,2.8673887094517654,0.785620498536552,2.7180255736059324,1000
783,1.3742152262358083,33.626773985526064,4.7738837352421015,0.3311673308786809,0.8048146781831438,2.096330710767605,0.7251272577135938,2.023303194758023,1000,1.0762535229582368,10.859929305417467,13.328931832127989,0.547441676252211,0.13407645615771974,2.3359836327040404,0.00326783750390347,2.1492392084125704,1000
784,1.7999907156178359,46.661050077745074,3.9922914033048342,0.43835436916587883,1.0739124258520587,2.7103078280604325,0.9408161520527134,2.6591652791829583,1000,2.185115892523986,42.75798989266803,2.6524853904129624,0.5220069763771591,1.2023317777971567,3.301957419323525,1.1619822188247542,3.208249566223218,1000
785,1.4341269347508345,66.43693914564861,1.861182394529812,0.26764550166898343,0.9439189558988416,2.00802481518478,0.909541751479627,1.9587121180220421,1000,1.3733299089851063,48.98270653693164,3.8071733198450715,0.4202186152260822,0.6325316634586852,2.3174924618740094,0.5497014231419852,2.1969583948282274,1000
786,1.746869833918053,53.30770504731329,2.5077223874466523,0.317208024201759,1.1660162964258334,2.397479376186485,1.1251421064826055,2.368597561353501,1000,1.9500493876338327,45.76524767590857,2.559033739188763,0.4760382159100408,1.1428266489346215,2.994580123168608,1.0170144844501527,2.8830842908175125,1000
787,1.3781855171454866,38.67079643622148,4.500195606868511,0.3238917726309007,0.7495322993493648,2.043083371491541,0.7433576427889214,2.013013391502052,1000,0.8639732555023092,31.142350525374102,5.8063049706437155,0.6097731315163344,-0.44485187003761006,1.9882760010227996,-0.33118208226970625,2.0591285932743246,1000
788,1.0503974357992267,42.894148632596576,4.375311411386319,0.39594234484920654,0.37185857704826186,1.9153416136927182,0.2743504398947819,1.8264444317036714,1000,1.2949391935132168,31.59127207726189,4.514621238448645,0.5363048975161634,0.39438224131287986,2.4609735410180513,0.24378159438153668,2.346096792644897,1000
789,1.387146580717845,58.0871658269024,2.4311377831442362,0.25911663507168603,0.895530401144765,1.9144236735992792,0.8792779759773403,1.8950151854583495,1000,1.0657161307563459,46.62859901231805,2.077654616466992,0.3275690395517365,0.42936494411447523,1.7376650865852918,0.42368081323494233,1.7077514482777494,1000
790,1.7825888529859588,38.95011019954031,4.215852862998423,0.35308744781222334,1.1811733782044556,2.5351458742242605,1.090537455274001,2.4746402506979166,1000,1.3980685691996388,22.426266290952448,8.499792168102815,0.5268285830433009,0.534830990137568,2.6507452521720043,0.36548454643476913,2.430652591964509,1000
791,1.3182291861602016,74.13471045578548,1.786685213196187,0.2573671939613391,0.845167394749707,1.845033577504349,0.8137894859959769,1.8226688863244263,1000,1.7740030462528953,48.77636819963992,3.317442896583508,0.34721253923545936,1.1315685205307762,2.5027018147192623,1.093466469351395,2.4545396231543957,1000
792,1.5065755116078383,67.79641574183077,2.003955225921356,0.3561274011081715,0.8718588173455343,2.2739385128707745,0.8085658054358222,2.2045852177798544,1000,1.5892850730033754,44.13048552856129,3.339135460864735,0.4654819623220762,0.6754346607179434,2.5006824700889148,0.676940426852106,2.5016297191546446,1000
793,1.5617455840857464,48.27373783056675,3.581804961934724,0.2735899559295314,1.0524291104174697,2.1261920326709984,1.0255092704638649,2.097981897707628,1000,1.6453730175454175,43.82213835249113,3.244255521448432,0.3974400514279766,0.9007071989775703,2.4754938988810333,0.8663905167465834,2.424355518344252,1000
794,2.2063480740937305,46.12812541874568,2.6582937341176267,0.35924628949208276,1.5536877257271065,2.9541239207898218,1.5022253466892481,2.910470801498213,1000,2.274543030083681,29.705261098440076,5.839970467166903,0.660366713784523,1.0681053603127793,3.634063031319756,0.9802242710660156,3.568861789101346,1000
795,2.01530417441081,55.88797481282548,2.5442487997605165,0.345132019128616,1.3623973373378795,2.7221624645846516,1.3388454169187223,2.6917629319028973,1000,2.680417936252022,26.101230296237897,6.1734187984208235,0.8386149492753632,1.2562360652190785,4.537514196086534,1.03673263567231,4.324103236831734,1000
796,1.2522842612323641,60.99346307738023,3.610789700293566,0.39841758931453225,0.5841432073164877,2.1361779417627695,0.4713857861758809,2.0331827362888473,1000,1.3152956257182922,30.28787247146384,5.627621104886807,0.6213660195738001,0.17775978355230918,2.6453676156344677,0.09741822735364392,2.5331730240829406,1000
797,1.5335457433481356,39.054951482614214,4.187079759733654,0.35856222628782763,0.968589141629924,2.3169353958185925,0.8307637798239935,2.2363277068722778,1000,1.484521139075519,39.27958151825804,2.309444201402564,0.43044742898734,0.7024273031588536,2.3531195993684695,0.6408441782603327,2.3281980998907055,1000
798,1.68462786057458,46.17772836219099,3.0624981459549296,0.3463635741175608,1.0545590850855695,2.4114755304337567,1.0057552553041607,2.363500465844999,1000,1.5924400328063304,27.117909141156844,5.009675954323618,0.6845141761367627,0.444513184790453,2.9880104488179287,0.25079224757827556,2.934087818034385,1000
799,1.5385447793996523,69.24421236412954,1.7160183411411007,0.2956650466979023,0.9238070200998951,2.1076650865023536,0.9590412878717638,2.1180482709275408,1000,1.1987608292306344,30.285559206145027,7.016135041779386,0.8354125540942031,-0.7587785604858267,2.586566458849478,-0.4386477767940036,2.8361694352552727,1000
800,1.2032450477196874,84.35531597258387,1.2203590604075671,0.23240087868805934,0.7366172825345411,1.6265278614891565,0.7477393254910911,1.6587507699482837,1000,0.13317303621831478,31.845712060687237,5.0367607388819,0.6398049220199192,-1.3250045887654187,1.0226751630052964,-1.1208446109407268,1.3871906833773564,1000
801,1.8665770298373432,64.5137057530437,2.0639709302368217,0.3097404614390265,1.2897555274897172,2.4869569129104043,1.2594857254168512,2.473668334257835,1000,-2.5578299484915843,2.1982674963818782,69.52265567352482,2.068190420325383,-4.07988279080438,2.3277979016729784,-6.611483172329335,1.4958232753461664,1000
802,1.6102860838142559,48.845901975894236,3.562377424051441,0.32062412861618694,1.0209164002544902,2.2999807039660833,0.9818627917265295,2.2387093759019825,1000,1.5402864921448294,45.938565620742324,2.657589561733317,0.4070338098932792,0.7981527119093407,2.38837180593858,0.7425002247540021,2.3380727595356565,1000
803,1.4026433540549708,66.16495234682259,1.6622194078375339,0.297209134318961,0.8893608637074095,2.0418882350721463,0.8201134507898072,1.9851732573201342,1000,1.181873738225001,46.733490973186406,2.7943762348039876,0.4884596766230587,0.27001252124843017,2.178610607136544,0.22449277204380602,2.1392547044061963,1000
804,2.105572760439241,44.733216921715126,2.104511754553924,0.3871748079481924,1.3630432783935609,2.875986113377373,1.346710136860784,2.864435384017698,1000,1.8088656368463552,23.55116512795484,6.903418601062484,0.4868993222255755,0.842218074922937,2.75320784421281,0.8545429652842271,2.763188308408483,1000
805,1.6842967524793693,55.92053413376168,2.219906872214758,0.3487943031476819,1.074441172920912,2.414919991286837,1.0006599183099127,2.367933586648826,1000,1.7905565986033207,43.51531630945171,2.733301895527972,0.4226420386903392,1.0485719187065754,2.656679124017089,0.962178202770256,2.6189349944363856,1000
806,1.9674757014985225,44.6178836195864,4.185943806496269,0.361262500130775,1.298795137160545,2.7166463921536765,1.2594012012422033,2.6755502017548416,1000,2.3161124952755294,52.614105768855026,1.928772120180071,0.48234960976886526,1.4230728960836272,3.2805802138133444,1.3707072601285535,3.261517730422505,1000
807,1.919018057725932,40.08819762904957,2.9223420564147173,0.3940705963412244,1.2099470785235236,2.7210540608330853,1.1466396888971322,2.6913964265547317,1000,2.0020096178325675,35.07495809258178,3.273161746367548,0.5997033920460243,1.167400890276988,3.334069923140645,0.8265909694223599,3.1774282662427753,1000
808,1.2010104781637811,55.66903400834443,2.5361947826964286,0.253267491768554,0.7255282603360762,1.744502271441427,0.7046061942974153,1.697414762030147,1000,0.738539087720345,31.854921053149393,5.671116132793406,0.4339060901558598,-0.057032308943877175,1.6952496322101638,-0.1119168489851401,1.5889950244258302,1000
809,1.888780972860714,60.84474832319508,1.6431265119492535,0.37351664556746583,1.1914579599579755,2.6075391229728946,1.1566883475484808,2.620873598172947,1000,1.6476083539195465,30.210324811626037,5.985744933220297,0.48266017896848573,0.7858175564954234,2.7230106196173325,0.7015944031413145,2.5936223046977784,1000
810,1.3564271060045034,65.1278218582489,2.042821149905547,0.3466878658572812,0.7100183927069957,2.0437911340367614,0.6769188889242324,2.0359353230847743,1000,0.7112757172921498,21.4699393755542,8.625547229386955,0.717904870602874,-0.7813976136733141,2.046779736544125,-0.6958178290894832,2.1183692636737828,1000
811,2.351318525543109,49.786466813496794,2.385815883577282,0.4774579589374593,1.5267651711545671,3.395418930750974,1.4155009260256888,3.2871361250605293,1000,2.0818633991511475,15.714582756956947,9.59028316113407,0.6144140111212292,1.0136679780129403,3.429818147753873,0.8776119373535383,3.2861148609487567,1000
812,1.738804954891248,67.48794435224475,1.6844800839315905,0.27522955927039683,1.244684367342674,2.320995201164128,1.1993550187212703,2.278254891061226,1000,1.5541371666349981,54.78422101907943,2.2152880545146516,0.4349494144651338,0.6389034286315418,2.2938104418720813,0.7016363142833358,2.4066380189866603,1000
813,2.14745622283715,48.48938603919173,3.120918207032983,0.38917613987194594,1.4086963613053645,2.9436119065924897,1.384670988688136,2.910241456986164,1000,2.4131710167830756,38.915436369728546,3.272007380806813,0.5416790717439237,1.3601215851958166,3.498637637205823,1.351480036164985,3.474861997401166,1000
814,1.7658871586820366,35.499412990585334,4.706618936188819,0.396581504327475,1.1089409278436122,2.6231071676017987,0.9885874102001856,2.5431869071638875,1000,1.4917166916800397,36.753778879505944,3.721785610594707,0.42667969403764877,0.7006420860131004,2.333912953409917,0.6554244913662481,2.3280088919938313,1000
815,1.3218959576686735,43.15082373908545,3.9383937581646857,0.30927150297168193,0.7807593512615352,1.991049622064177,0.7157238118441769,1.9280681034931701,1000,0.9997471986875541,34.86901983836943,4.236044775188278,0.45865075979246,0.1722079275765206,2.0735945318531055,0.10079170949433258,1.8987026878807756,1000
816,1.363741914606197,75.057046299396,1.5710536044589125,0.28095111370189235,0.872345067703472,1.9299462752439325,0.8130777317504881,1.9144060974619062,1000,1.4244242722250358,53.07936948440194,1.9954585756580379,0.3557099996244039,0.7366605538920714,2.1305039524376452,0.7272326729612041,2.1216158714888675,1000
817,1.9374246005421325,67.09648713402244,1.6769316119675501,0.38125629325014754,1.2155158025578292,2.6467597609141533,1.1901622657718434,2.6846869353124214,1000,2.033234402038685,23.036460904673415,6.051760825020933,0.513502070460073,0.97458365666508,2.9809225324576816,1.0267703439369422,3.0396984601404284,1000
818,1.393437663625059,42.917977486141204,3.6995450337618347,0.3275910757051525,0.8041187892277527,2.070457124009376,0.75135915524296,2.0355161720071577,1000,1.3692983196905346,31.809706400532182,4.628242283522693,0.5148623774779325,0.43379608308510426,2.414942268445807,0.36016805983378686,2.3784285795472826,1000
819,1.1778523000500813,79.73637434452367,1.796131116225366,0.29271430009483046,0.6412504262086666,1.8181907895927734,0.6041322718642137,1.751572328235949,1000,0.8772674855143952,37.16884761968901,5.528367010026615,0.577860775579663,-0.37105001333389226,2.03137057246631,-0.25533963462174425,2.0098746056505346,1000
820,2.7791173070582245,19.33831913201279,7.094412761130792,0.49930309634960146,1.8487854136110098,3.7901377178412963,1.8004832382130056,3.7577513759034433,1000,3.023592487559732,40.95155471211021,2.374659619101953,0.5019540417047671,2.08094465342109,3.987630373782396,2.039762565818388,4.007422409301076,1000
821,1.3973347961810527,72.91858502279527,1.577509142097613,0.30938511204928304,0.832883615322265,2.030313359112956,0.790939976564458,2.0037296157976474,1000,1.7578453415445938,38.35185127046296,4.708313791849606,0.6357633438418472,0.6389977542730366,3.002058386631567,0.5117491876145734,3.0039414954746144,1000
822,0.7365701749944251,34.15800285744504,6.133389734859178,0.5961782902465323,-0.4829997789501309,1.9037029851990386,-0.4319392738887782,1.9050796238776284,1000,-1.7381282086375034,3.4622096438598247,47.96071020142282,1.3662051537072732,-3.4994086986503077,2.059978195095265,-4.415890309903759,0.939633892628752,1000
823,1.2562803521843864,57.87783938933045,3.5230633203855564,0.21574304857761167,0.827815360830503,1.7158493981605896,0.8334239769722676,1.6791367273965052,1000,1.092469222675489,35.89939863174084,4.512916914947517,0.3563204158341729,0.3498334044341421,1.8456327509829962,0.39408120764051024,1.790857237710468,1000
824,1.043042327264383,78.75460199206823,1.4873072840643715,0.20516990814424774,0.6353280912244538,1.4322701002085736,0.6409093073016574,1.4451753472271085,1000,0.9517998766377969,72.05557057696502,1.5565544291716944,0.26006873388445945,0.489859157163827,1.496751096409257,0.4420651582242564,1.4615345950513374,1000
825,1.7536962617843919,48.13175737967269,3.365365057570796,0.2799407425189601,1.213651720296159,2.3189755235675817,1.20501240644723,2.3023801171215537,1000,1.3891145383084347,50.880813000885105,2.397770625683539,0.34266908309367294,0.6827995702786105,2.0552914885603433,0.7174831354448358,2.0607459411720335,1000
826,1.3255897113571011,64.94954360084901,2.09329309120846,0.3212123847421236,0.7302784792135186,2.0024940651062844,0.6960134372625388,1.9551659854516634,1000,1.8392248073066602,51.80428957654459,1.5057023820370576,0.4624214582692454,0.9511236075982651,2.685901488844953,0.9328787490989392,2.745570865514381,1000
827,1.2707468148035463,51.07758468719725,4.188442258225267,0.3215077616964082,0.7026656085307661,1.986051701518678,0.6405916018785862,1.9009020277285065,1000,1.5851142865804948,42.63534629651145,3.1511878190242166,0.381210596880906,0.9270908874585727,2.3913798411606066,0.837941516693919,2.3322870564670706,1000
828,1.3853432842320057,70.20021462720676,1.8308681389817993,0.2719038318031062,0.8993394123683227,1.9418741402628665,0.8524117738979176,1.9182747945660938,1000,1.1865893679715778,37.07225506658931,4.009742365156333,0.47383173512167254,0.14457864397721157,2.116166606373968,0.25787916713309966,2.1152995688100558,1000
829,1.130305666366914,69.24957436609967,1.9596726340366584,0.4184057796650928,0.14143550048922646,1.883477831281036,0.3102303382233321,1.9503809945104957,1000,-0.12047742858406263,23.258178818508462,9.732521017162103,1.7692808808948608,-5.668451952782868,2.0312992435661292,-3.5882679551379897,3.3473130979698644,1000
830,1.2289151575366404,51.966475287101424,2.5234726067780304,0.2731888801678272,0.7262305688223996,1.7450289411345432,0.693464952407699,1.7643653626655817,1000,0.7829511371398128,26.04681215288921,5.459401219312532,0.5622532161820415,-0.21820727746526095,1.9550082539596205,-0.3190651665769886,1.8849674408566142,1000
831,1.524719358216717,68.29743768075446,1.63357642393504,0.37001112656787516,0.8333125824883031,2.3143630933526613,0.7994975501436816,2.2499411662897524,1000,1.797751790213856,36.011677924567486,4.039559797501756,0.5455112941452015,0.7891577472744069,2.911430871166775,0.7285496536892611,2.866953926738451,1000
832,0.8696510863238469,66.10348279353205,2.6999698095010087,0.24077637282487516,0.42951109297127693,1.351648333815839,0.39772939558709164,1.3415727770606023,1000,0.7751240073121681,53.4068685529788,2.5466494142863607,0.38130802352286935,-0.0017793378880155213,1.4771353795098336,0.027760281207344195,1.522487733416992,1000
833,1.993174840937147,52.155625390713034,3.0679166460760947,0.29659324964031686,1.4291356278061955,2.643258254678437,1.4118520716421261,2.574497610232168,1000,1.9205477836058884,41.43792113943115,3.5065923227227467,0.4050402412869989,1.1471529999090129,2.7614296392730173,1.1266689106833705,2.7144266565284063,1000
834,1.1579048825216782,67.31544967013615,2.1621161121416432,0.3297329275994516,0.48754832293642825,1.8043236955062485,0.5116283444267531,1.8041814206166034,1000,1.2455506769446836,45.818033688545036,2.5099824176936507,0.44120085956678406,0.4258169326587932,2.2027174273279937,0.3807969921937868,2.1103043616955803,1000
835,1.6287020298423407,56.31740746091408,2.4093914470597664,0.28179771303815104,1.1175115113304486,2.1986654283140745,1.0763785122875646,2.181025547397117,1000,1.377342159595647,36.790487526076255,4.554716795244842,0.3776135484217629,0.6815360010397712,2.1949496440615066,0.6372196046889916,2.1174647145023022,1000
836,1.785969638550039,56.01032300027969,3.42988948496236,0.3109302399147351,1.2244487832115964,2.4118883731285847,1.1765463683171582,2.3953929087829198,1000,1.5481844828216915,22.70939960549016,8.525623149941724,0.7022516279597228,0.12476362211299716,2.909381787178252,0.17177129202063468,2.924597673622748,1000
837,1.7402119551051303,62.913102872545856,2.301573131182368,0.30372494720829624,1.160306717082055,2.3573329149475195,1.1449110585768696,2.335512851633391,1000,1.5900066467834175,58.547276051940344,2.437844582331795,0.35125887188993876,0.9638503169748941,2.361920222899494,0.9015392578791376,2.2784740356876974,1000
838,1.3843067849906947,17.896504014403785,11.145084637838632,0.5277933969470776,0.5129956533941854,2.522215931875845,0.34983172697442266,2.4187818430069665,1000,1.571717019179205,28.51944156779289,4.562462820970467,0.3926310734241215,0.8543502809442868,2.439710589057503,0.8021601152679267,2.3412739230904833,1000
839,1.4809885686969697,53.18074809797943,3.718210997760638,0.3203066514020124,0.8402629723481666,2.11364165006753,0.8531875319490254,2.108789605444914,1000,0.8249729487652262,24.450755361119995,5.397920962059161,0.5746088932128647,-0.4167148248217055,1.8935125505363075,-0.3012604819319886,1.951206379462441,1000
840,1.95786078108069,65.06018020016587,1.7738469945831195,0.37470103652046177,1.2502873347273236,2.736050264160589,1.223446749500585,2.692274812660795,1000,2.1174968283904283,47.48390773636757,2.16013083974966,0.4351395705426998,1.3427489084328994,3.03278278391599,1.2646232701267368,2.97037038665412,1000
841,1.5139655801540344,37.150749822459865,4.308938151630516,0.37643338233945456,0.8101357081004694,2.2596609483791923,0.7761561507687035,2.251775009539365,1000,1.3240718763052821,15.535457736800454,8.467952285822852,0.44332235208675436,0.4681346718085533,2.169008326293362,0.45516006621524363,2.1929836863953205,1000
842,1.928662294935465,45.67417412820103,3.5395357821294677,0.3893037384135252,1.2682299441152534,2.7779295282937153,1.1656269676449558,2.6916976222259743,1000,1.749244485119263,34.64067620404957,3.055676257408202,0.6378064118638542,0.12970132810313773,2.8596999046558587,0.4991439178661088,2.9993450523724174,1000
843,1.589908094558821,50.58634040621777,3.1360862625849193,0.3340239253051557,0.9880815769753374,2.2666498171695926,0.9352212009607159,2.2445949881569263,1000,0.986112146847391,17.848217547780106,10.087313297708567,0.823951096476415,-0.7526212657107881,2.7035682632478295,-0.6288320022463822,2.6010562959411643,1000
844,1.4867181149148765,68.21807805934336,2.037876506713689,0.2915335563929314,0.9769813513082706,2.1469508474662544,0.915312344384731,2.058123885445022,1000,1.7056758517870834,49.17054102858405,3.05297677946089,0.4572090030764256,0.8421610738063258,2.696799451321165,0.8095462057572892,2.6018054978168776,1000
845,1.9847279292472166,34.136468564750075,4.721876285301938,0.3644909894447099,1.309219063970527,2.7386916581323097,1.2703255899355852,2.6991302685588483,1000,1.7559375810145545,37.637966939500394,2.6254646171009783,0.4207849899257006,0.9841288378485357,2.6109108595336727,0.9311990007601814,2.5806761612689275,1000
846,1.59737518881368,55.33856117945207,2.582552640022801,0.2815506943019583,1.073890069013518,2.182082042994319,1.0455358279818419,2.149214549645518,1000,1.7890497743298914,45.69648975045983,3.0833052413787376,0.3514748389297452,1.136038147639758,2.5611770435678376,1.1001590900275908,2.477940458632192,1000
847,1.0233443878044644,43.75266840213201,4.225503315154383,0.2637782266894612,0.5419945334554869,1.580462280181516,0.5063390634931204,1.5403497121158083,1000,1.1597674966951166,39.17029400492808,3.0266458729061982,0.3038023821848988,0.5917665798574441,1.805754782202621,0.5643148276127149,1.7552201657775184,1000
848,1.4358057033219644,38.32524308444482,5.0723813843169765,0.47332308730681766,0.4844865554841529,2.319118083208853,0.5080924522006018,2.363518954443327,1000,1.0549079376319863,29.32384641597409,5.199336481383753,0.5672163901495502,-0.1930231625865242,2.117119812006231,-0.056836187061132026,2.1666520623251047,1000
849,1.7353003646804348,68.26815578743866,1.4490279458992903,0.3065775868217391,1.1635153239492468,2.349031854407074,1.1344082945098262,2.3361924348510437,1000,1.4655223388147536,39.74891516563669,3.9787699825632723,0.37680255111764527,0.8687239180206452,2.328899182374765,0.7269893386241688,2.2040553390053383,1000
850,2.212407329805115,49.69452467790137,2.9252911073969585,0.3938691757825991,1.5484860160662008,3.0788016376051335,1.4404237452712207,2.9843909143390093,1000,2.4676303118220666,54.11413398809203,1.6997994962844853,0.45385713151455565,1.6657844076712514,3.4669656287293504,1.5780703340535376,3.3571902895905956,1000
851,1.5807087378433837,67.94148289704323,2.026200442409908,0.3480432882471097,0.9708580013061382,2.2974818538226613,0.8985438928790488,2.2628735828077184,1000,1.5248429595955018,31.591965403369112,4.789702555363345,0.48896416119936215,0.5824913421040689,2.5584197540190616,0.566473203644752,2.4832127155462516,1000
852,1.433869409596505,67.20382858036429,1.5030357684473432,0.28750736982072767,0.8929122941623392,2.0246431689484496,0.8703549647478788,1.9973838544451312,1000,1.43525442923771,43.51026973419713,2.460476911150841,0.3653629500557452,0.7467025131256834,2.128209038903458,0.7191430471284495,2.1513658113469707,1000
853,1.7903221840343349,49.99621232065052,2.660005597939729,0.3699561484195881,1.1401597438236297,2.5929136463491447,1.065208133131942,2.5154362349367276,1000,1.4216018376494346,34.16767575636855,5.257781703412262,0.7467700857363694,-0.13458351997653265,2.9605307275099735,-0.04206753039384936,2.8852712056927183,1000
854,1.8589225112486094,38.82899999211683,4.307104234596142,0.3841727609118208,1.1217155411820656,2.609602054068021,1.1059438998614408,2.611901122635778,1000,1.8117076580103095,34.75557340556827,3.5791442060263785,0.524032862921437,0.7795981203630146,2.8764137266509007,0.7846032466842929,2.838812069336326,1000
855,1.1398057505944434,72.75302044014191,1.6274410024911135,0.28307990673928635,0.6356247535315184,1.7466360875624318,0.5849691333854422,1.6946423678034446,1000,0.6144575118880669,46.31577849085834,2.9795990078315677,0.620769648103404,-0.8941807123299186,1.4459867769446955,-0.6022509983946049,1.8311660221707386,1000
856,0.3103461611694436,14.068811552070043,13.985118507944515,1.0876313646850981,-1.7783186199976757,2.2648825309434812,-1.8214113136133485,2.4421036359522357,1000,0.9753842472994463,27.719944452215845,5.3011891454096896,1.093109519897934,-2.7360936156008173,2.249384679474896,-1.167110411700504,3.1178789062993966,1000
857,1.5856660346726525,53.95306972831575,3.0693016793212626,0.3341866116965063,0.9552730996439339,2.2423699659812493,0.9306602757475002,2.240671793597805,1000,1.5951935265253487,34.344436816504846,5.4078403010261376,0.4182953763410208,0.8423876764426085,2.5443422257453885,0.775334588896948,2.4150524641537494,1000
858,2.417317756021753,32.42137847474207,4.569403305097491,0.41102864972399866,1.6220270403748933,3.2314853425008923,1.6117016025627156,3.2229339094807905,1000,1.8203165212355081,27.841285548197458,4.165527815615972,0.7865414844220291,-0.09505261498296302,3.0826468139774765,0.27869521176833123,3.361937830702685,1000
859,1.4132056056289095,79.36915290690585,1.5450019824717023,0.29425003382760756,0.880101021423038,2.0036951845611743,0.8364755393267987,1.9899356719310202,1000,1.5800718804938294,51.71220484802121,3.3137202658246268,0.4039770991328616,0.9278323068886261,2.455222236388267,0.7882767661934207,2.371866994794238,1000
860,1.3987905776110097,57.60975247130987,2.293867648522907,0.3365796586161123,0.7860974282412704,2.060213983904194,0.7390944467234296,2.05848670849859,1000,1.3217415990577082,34.41728869293947,3.671169096529974,0.4577327247332058,0.32614207451431826,2.162982068892975,0.4245854585806248,2.2188977395347917,1000
861,1.2298280857566124,49.43384442149603,3.8849644825647447,0.28235697135616233,0.7177080646758953,1.822513697148974,0.6764084218985342,1.7832477496146906,1000,1.2553286454356165,46.34619258915562,2.938675681922916,0.4539442421974672,0.43939706516151683,2.2005389432907525,0.3655979307285808,2.1450593601426524,1000
862,1.5154770221343596,54.14506420361485,3.200800845914828,0.30423813780063524,0.9720277878093215,2.179244133375553,0.9191702720451146,2.1117837722236046,1000,1.1723913587345338,27.84041076649873,7.816215593590107,0.6444250541998561,0.001803038938286788,2.5722744414504404,-0.09068174749718416,2.435464464966252,1000
863,1.2020841124629742,56.75946331706028,2.0274533887172073,0.32900399720485074,0.613139385227366,1.9011526199725388,0.5572362779414668,1.8469319469844816,1000,1.0611079455006789,38.61016312438859,4.332540152270924,0.5413963780351374,-0.008700086481319565,2.1015878900012233,-2.8955448190481903e-05,2.122244846449548,1000
864,1.385826479855841,74.03445364745443,1.5591778663158844,0.33496067769798943,0.8330987758983668,2.1136900452579166,0.7293035515677818,2.0423494081439,1000,1.5077284655409833,53.142236160804416,2.3748000681337973,0.4126944174938314,0.8254083656756714,2.405986691585358,0.6988474072530737,2.316609523828893,1000
865,1.9299922349707535,58.375869920854626,1.8399585285541393,0.40590955048664756,1.2380153867081076,2.7941990577503373,1.134409516016924,2.725574953924583,1000,2.311567779606883,34.4038335210086,3.636949512694104,0.5073231864562494,1.446186599680671,3.352778950481376,1.3172143341526343,3.305921225061132,1000
866,1.6381882885025594,55.07268516128664,2.235788535118874,0.29169917532506673,1.0718903184711053,2.2014616197368335,1.0664579048654286,2.20991867213969,1000,1.6522375946410868,52.383668981631594,1.8455613189223892,0.4182719052292883,0.9337445937999024,2.5673158422334565,0.8324246603916817,2.4720505288904917,1000
867,1.0607459847885035,52.52873417558415,2.6081883568725703,0.3338464531198411,0.4792649671288912,1.7709901568172723,0.4064069366736148,1.7150850329033922,1000,0.8378414654671973,23.812190255256557,7.205727563537554,0.42490619517282097,0.14057538752120116,1.8190370149703838,0.0050253229284682455,1.6706576080059263,1000
868,2.0268189207266385,62.65907105987548,2.0402737075052326,0.42133400806784094,1.2713112818853565,2.8393347758091405,1.2010042649136703,2.8526335765396067,1000,2.2521596249737525,39.66858419272753,3.958267337721942,0.4840181493629377,1.3944732440131407,3.2122257492102393,1.3034840522223947,3.2008351977251106,1000
869,1.47251052047692,76.43207681085494,1.4630454797862986,0.3495274067017873,0.83071570690355,2.1845124138718894,0.787436803341417,2.157584237612423,1000,1.5009093679678749,53.69016244562645,2.1541886483463224,0.5201313916905836,0.3750025172404549,2.262830604999995,0.48145184025433085,2.520366895681419,1000
870,1.7778738563826897,19.335958924181167,8.813270822118122,0.5496891212904995,0.9048961774057545,3.0004763671740395,0.7004831786533106,2.855264534112069,1000,0.3361757211870118,7.693722393652822,16.795873401595873,1.4367756272648466,-1.8341540691447502,3.47848013994245,-2.4799045082520874,3.152255950626111,1000
871,1.2673369193550954,80.45751708064508,1.4227534463541673,0.268136028105813,0.8175559478570159,1.8479461822009013,0.741790304267702,1.7928835344424887,1000,1.3816588305737223,56.30304094515203,2.100031456497135,0.3551447800684798,0.7256885299208398,2.10763880464108,0.6855750616395019,2.0777425995079426,1000
872,2.01370103426893,53.08490318330192,2.1911586853987055,0.34068403358613253,1.3686707269706662,2.712007793795683,1.3459603284401105,2.6814417400977497,1000,1.730899391680603,24.004553083864803,6.395661365810619,0.6606872117382911,0.31750216331599196,2.954792097311548,0.4359524566735524,3.0258463266876534,1000
873,1.2504206131070328,28.269371576628995,6.366913815295992,0.7217031184296895,-0.1173426213414213,2.7564204115719098,-0.1641174990151586,2.664958725229224,1000,-2.431561280977294,1.6587746019149672,104.38723105899074,2.569084537405871,-3.9209347717181107,3.887948857282605,-7.466966974292801,2.603844412338213,1000
874,0.9404332581993247,33.668006831877754,6.272295138110449,0.34501551792909524,0.3287232460073174,1.669907334720631,0.264202843058298,1.6166636733403514,1000,0.9482767787345336,34.07247708074313,4.730675351363288,0.5982706475387727,-0.43775666781723616,2.080205186385905,-0.2243336904414608,2.1208872479105283,1000
875,1.4729811405315392,42.80024680101816,4.082347064025998,0.5275777469526011,0.5433719047733485,2.565970798104171,0.4389287565044411,2.5070335245586373,1000,0.5706600597661429,18.888533885941353,10.469343230160048,1.0073951381971455,-1.3854411437662784,2.5528888728133126,-1.4038344111002623,2.545154530632548,1000
876,1.494805306273725,56.93283887675361,2.564433260663776,0.4686065685321776,0.5089721802632509,2.3536061941265376,0.576336431950657,2.413274180596793,1000,0.23618133461944035,17.726923584128603,10.688402313139996,1.2495485796294727,-2.547747129382822,2.541893342637449,-2.212933881454326,2.6852965506932067,1000
877,2.0776940779293884,38.84313299977152,3.9004780673379327,0.4818577178739811,1.1574738059680822,2.976467393130118,1.1332529508963856,3.0221352049623915,1000,1.8617568335056758,20.12273568657172,5.5148667218409315,0.5132449029672651,0.6655997886966164,2.707192953523063,0.8557968236898361,2.8677168433215154,1000
878,1.5245774262018532,77.27559840082922,1.6788952518808016,0.31135699694542973,0.915062139341955,2.18052965152017,0.914317712188811,2.1348371402148953,1000,1.1780704634802603,21.47519786709617,9.31650950880186,0.5732308736783075,-0.01640466172016194,2.2540498349523572,0.054537951070777746,2.301602975889743,1000
879,1.9905538582496987,50.11272866188886,3.6228481727437707,0.34890030810171613,1.3767892280305734,2.7637859714675233,1.3067092543703351,2.674398462129062,1000,1.7660416471256788,40.20211054176051,5.052879671595233,0.7110574826280331,0.4372356850443301,3.178872877859314,0.37236898117473394,3.1597143130766234,1000
880,1.5331150045738913,66.32604816888208,2.2934886930650715,0.30880503194793124,0.9457311922616314,2.1680472188866067,0.927857141955946,2.1383728671918365,1000,1.3955297475546544,46.428088409965035,3.015459329188592,0.5104641381188219,0.4463792421236817,2.393259228651055,0.39502003684176357,2.3960394582675453,1000
881,1.1096672272362587,61.67548796795716,2.70222184767941,0.2727655724851009,0.5577352423520012,1.6309042811427674,0.5750467051654609,1.6442877493070565,1000,0.7965589681306642,47.54802627519988,2.7979323407097065,0.7262139339287487,-0.975039587723098,1.6544249641426563,-0.6268203423696832,2.2199382786310116,1000
882,1.1064034758038668,52.825469590804886,3.3676964367003253,0.31691445011501873,0.5907893078805392,1.8048746093785073,0.48525115357843007,1.7275557980293035,1000,0.9636187708532051,45.810876377688615,3.3340960130159925,0.3482458932995853,0.4105693599900432,1.7259579864148185,0.28105681998601806,1.646180721720392,1000
883,1.8653339135337745,50.82662533648861,2.6053521209233734,0.2970634149049385,1.2984962760647283,2.4719067878779475,1.2830896203200952,2.447578206747454,1000,1.9092962863807106,47.59311749285396,2.001759865227293,0.3904051955907753,1.2456298566730422,2.7616976555351376,1.144102103022791,2.6744904697386302,1000
884,1.513028933691979,64.08466329089798,2.215055457652485,0.30897925260394987,0.96329847796983,2.1623998485919844,0.9074295985882374,2.118628268795721,1000,1.5059034572038983,42.66304132993822,3.4640923013170433,0.5833986995965275,0.4076410013099112,2.7760680607472463,0.36244200599470444,2.649364908413092,1000
885,1.7401745555984025,46.01478613025888,2.67650721370508,0.3388929856931221,1.105118754328444,2.4042481302370606,1.0759443036398832,2.4044048075569218,1000,0.9933511236869621,15.335545405149695,8.793610855865007,0.7932119341315192,-0.5088207883558433,2.6900279182508684,-0.5613442672108155,2.5480465145847395,1000
886,1.6105864669315664,40.15331010564628,3.4645444240785555,0.3060689108209778,1.043714073105453,2.250511130603337,1.01069140172245,2.2104815321406828,1000,1.5576793968817673,39.19826506583761,3.6954611977265985,0.3479411193309109,0.9456435160304588,2.2655873891521794,0.8757148029931819,2.2396439907703525,1000
887,1.237687494542541,70.34329973577506,1.8090145673693727,0.266798686486708,0.7547800186436857,1.7976788181941379,0.7147620690285932,1.7606129200564886,1000,-1.9503485199706634,6.910303942943951,24.05202478967983,2.365863301811757,-6.583635284237324,1.9521759598935562,-6.587440591521707,2.68674355158038,1000
888,1.588792901985514,45.992943153790925,3.6747087382832975,0.33862036297206394,0.9459954200613642,2.333274815110311,0.9250969905602687,2.2524888134107592,1000,1.969333390054045,48.32661119020251,2.4990895899247216,0.3997555578407108,1.2662192351898738,2.8556883301417497,1.185812496686252,2.752854283421838,1000
889,1.3609409698467836,48.975631637091304,4.214578530793795,0.3434724791535821,0.7684825846360839,2.113501464582334,0.6877349107057628,2.0341470289878045,1000,1.1253307242582808,26.13650498354015,7.193263044408965,0.6597409617935874,-0.17778296421069917,2.4603603874603417,-0.16776156085715055,2.4184230093737122,1000
890,1.5429330256423435,49.873331552991715,2.7701850155203727,0.31942335794881216,0.9497696675883105,2.205031124453643,0.9168632440626716,2.1690028072220153,1000,1.686708110290065,41.189230147382915,2.9804844114293814,0.5616850295817836,0.6994753338030112,2.936008395255095,0.5858054523097691,2.787610768270361,1000
891,0.9315147350740378,88.6557396505342,1.0659700801661334,0.2220465264645659,0.5063261807003161,1.3942294127424937,0.49630354320348863,1.366725926944587,1000,0.8942767547833674,46.06657365609138,2.31028081355972,0.3617747838753215,0.1545240196676834,1.5779549698286228,0.18519817838773722,1.6033553311789976,1000
892,2.1222995762007226,38.96577350440477,4.814912610891944,0.359688817102264,1.4747334619481252,2.8799060768191596,1.417309494680285,2.82728965772116,1000,1.9217976008799065,23.473813137174748,6.2886443064572735,0.5315279192189631,1.069821613691379,3.135080473408895,0.8800028792107388,2.963592322549074,1000
893,0.664312239365453,48.35375028590099,3.2702480323548104,0.298287943076455,0.1262110125174213,1.2708019674506619,0.07966787093560124,1.248956607795305,1000,0.7858717187706858,42.96163496800231,3.081832598330955,0.2737740455290477,0.2868483897135164,1.3320389157034955,0.24927458953375237,1.3224688480076194,1000
894,1.4915963053399,66.1809540064816,2.003872969547615,0.26782365590591717,1.0139903996939537,2.0894977398438064,0.9666619397643023,2.0165306709154978,1000,1.4376076383722953,52.50475671288181,2.7082654661385144,0.38293049190036266,0.8042254646084652,2.2837438277400532,0.6870638742475845,2.188151402497006,1000
895,0.9358912936610819,59.40142436154469,2.6782840386328526,0.3707894224579511,0.1896165250388629,1.620057836884973,0.20914402564349777,1.662638561678666,1000,0.24538350484894922,22.32600054290113,9.049865375515026,0.8735810781722204,-1.6318011556936953,1.8673350060484142,-1.4668354083686028,1.9576024180665013,1000
896,1.8308269420416887,61.62066288237537,2.07714635611367,0.3818854378898888,1.1250720894940558,2.677299907709078,1.0823314837775067,2.5793224003058706,1000,1.8876071705732205,43.17383435156047,3.3175061318915624,0.5793438948874322,0.9043677297123733,3.153260024487105,0.7520931365938535,3.0231212045525875,1000
897,1.3590612644795073,41.932991312103894,3.5908767370383705,0.3440909822622722,0.6787834700141036,2.0553712132074664,0.6846429392454537,2.033479589713561,1000,1.432979517654133,29.869888218715545,4.112714050413402,0.3967429273337143,0.6674409266448544,2.160109899904212,0.6553633800800529,2.2105956552282127,1000
898,1.4177534322178151,29.54027431368541,6.430893734777818,0.5021630254488172,0.5047311550712972,2.535255813751816,0.43351390233813347,2.4019929620974967,1000,-0.4918678294790899,2.5449229165188325,61.54821160204937,1.107627598844103,-1.6722930312794937,2.4465875582368106,-2.6628179232135314,1.6790822642553516,1000
899,1.434718920392505,59.05309279056667,1.8135236170722417,0.34096560363843315,0.7448978977195043,2.0767854767902825,0.766426337261176,2.103011503523834,1000,1.2619595330447142,32.66382351556127,4.86905881720903,0.3392716874193456,0.60797822834137,2.0118436160903173,0.5969870257027968,1.9269320403866317,1000
900,1.6919868344929323,76.27903746541259,1.6720636835809846,0.33921698598477523,1.1091831621464463,2.42794166586531,1.0271215419627728,2.3568521270230915,1000,1.7087227462830497,31.297005623982418,5.947554840211326,0.556452377996693,0.5969855673864357,2.866828413521667,0.6180760854095313,2.799369407156568,1000
901,1.6886827359027943,42.57839997958999,3.959267167747781,0.37822672764334087,1.0073649633294488,2.481672090351421,0.9473583497218462,2.4300071220837425,1000,1.61045542412452,39.101471308602484,2.9987850877989,0.46872097343693725,0.7145887636091565,2.535018673970083,0.6917623161881229,2.529148532060917,1000
902,1.7123229688688362,25.12602193186651,5.50150662189088,0.3855648807500197,1.0044179690141344,2.5197452693890257,0.9566158025987975,2.468030135138875,1000,1.233133311429397,22.773620997572547,6.545569446359393,0.5346627177862013,0.3542748499585894,2.47053677502995,0.18519438456844228,2.281072238290352,1000
903,1.4790564764780483,36.28861102933314,4.748389574534596,0.3027170130283216,0.9275820065191347,2.1329364224914387,0.885731130942538,2.0723818220135586,1000,1.2184427776016151,40.5924149593043,3.273811148988736,0.3990633257893902,0.5561339915077886,2.0841423645994612,0.4362786590544103,2.00060689614882,1000
904,1.166496120719644,35.9916852497262,5.080725347112178,0.3279849008315715,0.5350825907732139,1.863227392870161,0.5236457150897639,1.809346526349524,1000,0.8794603297009309,9.219095616807536,15.53920869183625,0.43903914832748614,0.12196584999312629,1.825153428012798,0.018943598979058063,1.7399770604228038,1000
905,1.5261226505164944,56.21121541068501,2.3893348354505397,0.35088646559890474,0.8911114365104761,2.2466754990323072,0.8383851779426411,2.2138601230903476,1000,1.201606293551782,38.74509870776595,4.419057538723224,0.749993412774196,-0.6749088905025454,2.349258176936376,-0.2683807954856421,2.671593382589206,1000
906,2.3783298459282216,36.15625696867957,5.534234759427746,0.43236787250733455,1.5911168654085874,3.3406937177817304,1.5308888158138458,3.2257708760425974,1000,2.4105276739663104,38.63090591583373,2.9554036603145244,0.603914340846619,1.377974753212807,3.813974397129784,1.2268555659069371,3.594199782025684,1000
907,1.70843569589706,42.45067072239915,2.5801481296255617,0.32885961223421584,1.10799448005889,2.3815612818270817,1.063870855917997,2.353000535876123,1000,1.6872886592737475,38.627713667797586,3.837289992726712,0.4080476428906675,0.9510216465557987,2.42254784152252,0.8875152792080393,2.4870620393394556,1000
908,1.1132694536165153,32.20739775795069,3.898926114827676,0.4850120635318245,0.22794085446720197,2.1133200130012044,0.16264580909413928,2.0638930981388914,1000,0.8592034567252669,21.458314187291865,7.662558539504607,0.6359457841137905,-0.4030960987223167,2.213232569806276,-0.38725028013776264,2.1056571935882964,1000
909,1.4222369935358055,43.496202768543,3.03869348583251,0.4375126358459918,0.6418818352137897,2.3768146136791297,0.5647122272776616,2.2797617597939492,1000,0.7626638203177989,26.391968349368447,4.855558053294666,0.6809040505386688,-0.7558747690527804,1.997961200616698,-0.5719081187379917,2.0972357593735893,1000
910,1.759428069270546,49.057210737590964,2.4471195850430596,0.2956012051333329,1.1931699611287296,2.359749838998318,1.1800497072092135,2.3388064313318786,1000,1.171316721267479,15.949993926905112,7.327756238020936,1.3694458477745974,-1.4138445447968961,4.298844352661816,-1.5127971403707319,3.85543058290569,1000
911,1.9752399930074076,47.34573901154131,2.830917828836083,0.3275585706392021,1.357823348251014,2.659432690101995,1.3332251945545717,2.6172547914602435,1000,1.3322237686434706,17.958362916017947,8.779047975835745,0.5999119910533051,0.17890319780144046,2.555192891587928,0.1563962661789926,2.5080512711079486,1000
912,0.8480941541222111,70.48672356074206,2.016165395779677,0.268332065866917,0.36403128950638364,1.4523565402243774,0.3221633050230538,1.3740250032213686,1000,1.0532411263540804,47.506233119276715,3.3370237923277033,0.45989385610928146,0.3452784166867818,2.124675948792407,0.1518491683798887,1.9546330843282722,1000
913,1.392937412566182,64.32188633507397,3.243079305949936,0.25794423253866994,0.9385990224349171,1.96846302352878,0.8873667167903889,1.898508108341975,1000,0.13558231939799015,12.806081506295014,13.93104330056398,1.1872701903995186,-2.5733662201662986,2.099669933555298,-2.1914672537850666,2.462631892581047,1000
914,1.5393492728779847,52.4907639748687,3.4752201657496244,0.2727942006455089,1.0700532838370882,2.1269235159649034,1.0046726396127874,2.074025906143182,1000,1.7068862535976543,51.747491239649335,2.9643630878965546,0.3475844182745091,1.1036784861702853,2.477527905417355,1.0256207937796167,2.388151713415692,1000
915,2.1082636506974164,69.67355341368855,2.2040702184322996,0.3947753809181831,1.4031145225725283,2.9069616795409905,1.3345039040977775,2.882023397297055,1000,2.285867018540079,19.52428622080821,8.672661075522397,0.7523192467484079,1.1701359964114466,4.307501990175881,0.8113212949131994,3.7604127421669586,1000
916,1.3651178536261153,53.65409768654261,3.8803156170995923,0.31188749421719686,0.8272173141470872,2.0640747209223065,0.7538183649604094,1.9764173422918212,1000,1.054097012234486,34.4627264873696,4.646204385876442,0.619269649278131,-0.03934060242729735,2.3728705616306547,-0.1596715003506508,2.267865524819623,1000
917,1.4985704634877335,41.94812403218102,4.999954342607895,0.477543403040291,0.678622873373195,2.5402825764027654,0.5625853935287631,2.4345555334467037,1000,1.761739436520056,30.731054100457833,4.999802732872989,0.5591221447994082,0.6145727815970856,2.7988246827275898,0.6658600327132158,2.8576188403268965,1000
918,1.0128266118223217,77.90289708570951,1.7082749034869706,0.26741123384849075,0.5414729040149984,1.5729006809008028,0.48870059347927985,1.5369526301653635,1000,1.1271101707100872,58.279269261738044,2.4231035442478586,0.35227507873021846,0.5288327394515965,1.8834944937980573,0.43665101639885906,1.8175693250213154,1000
919,1.793673738635877,53.7764366676449,2.753619704815415,0.3089875062745209,1.1515109654132014,2.4022644681228416,1.188058226337816,2.399289250933938,1000,1.6247318381784925,31.564318337639563,5.003878362437694,0.5125119210208343,0.6129289437131578,2.6334060473880547,0.6202084729776574,2.6292552033793277,1000
920,1.4685105749737875,80.78782616291345,1.3450924840361782,0.36211404894651383,0.8030747431489728,2.18887098469646,0.7587670390386203,2.178254110908955,1000,1.185500108611869,33.91585868229649,4.0197235350162135,0.5886386320661344,-0.06735208351123362,2.2615774213729263,0.03176838976224561,2.3392318274614925,1000
921,1.5842276850952417,51.595240545881126,2.6337570437063547,0.3914104516350329,0.8235053886528038,2.39245679540992,0.8170631998905772,2.3513921702999063,1000,1.305217233264901,17.794074671902905,9.406754342568886,0.5838137322281316,0.08311843453394273,2.509962071064628,0.16094231809776316,2.449492148432039,1000
922,1.9093801837164133,58.73481456550323,2.317276104024124,0.38508018099454794,1.158931163890933,2.5909806929008585,1.1546230289670993,2.664137338465727,1000,2.1385931495918546,42.902215151808846,3.7262762145553188,0.4023957365578309,1.3735785254820605,2.963274331649946,1.349897505938506,2.927288793245203,1000
923,1.2853388392626122,51.51402862245866,3.930034910068319,0.33738057724577486,0.6613327813548772,1.9559241832638938,0.6240729078608934,1.9466047706643308,1000,1.0594664732735848,36.48348129971567,4.469417598708825,0.4711482394992869,0.18712096440244602,2.0224978415327013,0.1360159238549824,1.9829170226921873,1000
924,1.0682544315871918,78.30425861844758,1.454922632759308,0.3140882931112276,0.5027036439529635,1.7228884611577546,0.4526413770891857,1.6838674860851979,1000,1.213769710508445,48.07481135331481,3.151010240106109,0.397289435655544,0.49708608278493144,2.0363459330903693,0.43508241662357894,1.9924570043933112,1000
925,1.807099512176027,47.05436862020733,3.1497662010804497,0.36671299876788915,1.14381495772971,2.584057426712629,1.0883420345909642,2.5258569897610896,1000,1.3878914570066427,33.879426350238255,4.8118080742067,0.4935925719329756,0.41257805394499003,2.3181605274749386,0.4204500160180106,2.355332897995275,1000
926,1.5616542685976964,60.696105688085794,1.9464507028756974,0.33178254499078896,0.9166551042766601,2.2101911942008905,0.91136048041575,2.211948056779643,1000,1.5578332473008993,24.588224858347957,6.82468379750382,0.45432890898942624,0.7807641338111321,2.6310699254712304,0.6673485856816239,2.448317908920175,1000
927,1.8038824593058043,36.29900808372742,4.424605321365888,0.4306516758817458,0.9898220014993133,2.7174302663168777,0.9598051745775825,2.647959744034026,1000,0.8069501356154025,3.5256991007352356,43.514543921912214,0.701145636381863,-0.1313176492367067,2.660594653631263,-0.567295311693049,2.181195582923854,1000
928,0.9902117360352056,64.18330319209944,1.7794444971519603,0.28543993963836956,0.41323863228341196,1.5118295572568334,0.43074945434400136,1.54967401772641,1000,0.7367227141494399,33.71746628654785,5.275528014474283,0.40262461745458783,-0.17410241415895503,1.4971177273491025,-0.0524215360615522,1.5258669643604321,1000
929,1.2661296634204071,43.723586283457905,4.0065632880506845,0.32914550702487766,0.6564731254804173,1.947487567261191,0.6210044696516469,1.9112548571891672,1000,1.6079791418831346,45.03333226232819,2.859840690185542,0.3887625884645145,0.9230568591317083,2.4885534099389193,0.8460044684926862,2.369953815273583,1000
930,1.9768781014994536,43.14916630445066,2.9305473666682116,0.3742401466194594,1.315368680422907,2.796122628950615,1.2433674141253133,2.710388788873594,1000,1.5622353887455849,17.45411606166423,8.034158670595128,0.6639063192658202,0.45916564115179204,3.025594055049776,0.2609790029845773,2.8634917745065924,1000
931,1.3243378981017626,36.5208356602899,5.625775333900146,0.3874856086602555,0.7084252946768407,2.274258779932537,0.5648661051276619,2.0838096910758632,1000,0.9722155954104235,23.98589644013511,7.390496340111563,0.7021696046748971,-0.43403650743685035,2.4889745514977477,-0.40403682975237487,2.348468020573222,1000
932,1.4038019510246837,70.48789946111565,1.6848303114810683,0.26915807186770807,0.9223238143413228,1.963444749283398,0.876252130163976,1.9313517718853914,1000,1.4491067590415532,46.740800833843835,3.160064306716914,0.3105527602858575,0.9168095135256685,2.1141025958119593,0.8404233488812725,2.0577901692018337,1000
933,1.3598467459142678,71.39036091866986,1.4400591798567766,0.3599681537869066,0.6760534405232655,2.0470732058363494,0.6543091644919309,2.065384327336605,1000,1.5608226147908,41.10904811545239,4.2267759535417,0.6288988358553658,0.4656236803306719,2.8808451455266098,0.32818089651428317,2.793464333067317,1000
934,1.930191276360588,58.14040848943127,2.34967828961774,0.330159102441602,1.363540687642893,2.6520768449660883,1.2830794355750479,2.577303117146128,1000,2.071453636679938,41.59412375486445,3.0117150378505713,0.4095732444640616,1.4529623882226923,2.957087142158341,1.2686900775303773,2.874217195829499,1000
935,1.4745726780584998,69.7356401116383,1.684050014948019,0.27188962670660777,1.0024254521304108,2.0523972813761864,0.9416690097135486,2.007476346403451,1000,1.724641469347044,50.89940998948308,2.194827034179244,0.4195883069143822,0.949717216112222,2.5534015345828878,0.9022483877948548,2.547034550899233,1000
936,1.747676972834638,42.63819219811914,3.230034159848644,0.3972848879861616,0.959675250787593,2.501305858312348,0.9689985923817613,2.5263553532875145,1000,1.0870922003093173,12.99815394332321,14.022065950433822,0.7670947834401775,-0.4224180482065393,2.6181075132799525,-0.41641357523343037,2.5905979758520647,1000
937,1.6578923437732684,57.319445464923085,2.352777766798697,0.35801514096803166,0.9997828307481741,2.366916154521106,0.9561826674759264,2.3596020200706107,1000,2.059412113883061,40.132943133352114,3.4380712605644113,0.6013093767424386,1.02018325057648,3.2943743287912906,0.8808457354678811,3.2379784922982404,1000
938,1.2630047843651986,55.120722549454435,2.3632132374705055,0.3062774542769327,0.7180927432020575,1.9068323500676199,0.6627009739824105,1.8633085947479868,1000,1.2390200579003832,31.01298275685325,4.66900975834223,0.381288136685861,0.5097358875003793,1.9781441740250387,0.4916953099960957,1.9863448058046707,1000
939,2.035153874047861,59.576911406073606,2.0614162807344187,0.3675642441122876,1.3704515948703104,2.7961492350253607,1.3147279555877773,2.7555797925079446,1000,2.1297688389354397,25.308347009987674,6.173990730670756,0.5050213556031699,1.2486713813276704,3.0875323735049194,1.1399269819532267,3.1196106959176526,1000
940,1.5086892268749597,75.2588065497654,1.7011544289357232,0.3136322674427678,0.9365935934678373,2.1639312588390913,0.8939699826871348,2.1234084710627847,1000,1.3917435526469402,43.700133427420305,3.2627050721166375,0.4711505591649408,0.538448386813126,2.3885307232823707,0.46828845668365615,2.3151986486102243,1000
941,0.9494293709020412,74.43655934486931,1.5186143838859145,0.2754443644973041,0.4627721163667626,1.5388767280081457,0.40955841648732516,1.4893003253167572,1000,0.9584343290067245,23.058269956160135,9.123818878476333,0.49829525868363916,-0.09006066315602419,1.9314711846846182,-0.018224378013208198,1.9350930360266574,1000
942,2.088127530697366,57.871686898070195,2.051156488774141,0.3708830848152747,1.3911829552143942,2.8431747346991414,1.3611966844594277,2.815058376935305,1000,2.7281260002966334,42.3994533127023,2.069964254381688,0.448484880561216,1.9231375466412548,3.7368628612667876,1.84909563439665,3.607156366196617,1000
943,1.179346325786274,58.95319534223101,1.9535052844910523,0.28034762336821456,0.6606147934992841,1.7559060896893948,0.6298649839845735,1.7288276675879746,1000,1.194231664331864,44.69354616077338,3.200108074491782,0.3206004425100872,0.5738253854751314,1.837683471114844,0.5658547970120932,1.822608531651635,1000
944,1.27667465940047,57.3803093391769,3.51033235460911,0.3783716273174829,0.6043203495754625,2.1338723738824967,0.5350662698582036,2.0182830489427364,1000,1.2605509592080515,42.353440403231744,3.080815904324771,0.5306893461152596,0.17793400862362074,2.2762924652081025,0.2203998408221426,2.3007020775939604,1000
945,1.6044106707621233,72.82921257680258,2.0084405046364395,0.4034636710514406,0.8795499603848844,2.435127915588109,0.8136218755012997,2.3951994660229468,1000,2.1263335405993136,52.72642230166584,2.578662306469924,0.6231002448549546,1.066421297886886,3.549217041158505,0.9050570606836026,3.3476100205150248,1000
946,1.1007346894294168,42.0009426278991,3.831415641461311,0.4195868317377299,0.3426217451141244,1.99008102912958,0.27834449922346616,1.9231248796353673,1000,0.180186366002153,11.395171448523847,15.504017352732596,0.9188384062916425,-1.6104116403312594,2.1299955046873977,-1.6207369103294662,1.9811096423337722,1000
947,1.8707017867440916,61.90946031581246,1.7611456186008545,0.3575869736090917,1.2223599998121915,2.5865723219957872,1.1698313184702718,2.5715722550179114,1000,1.5271581187347532,19.390088096469892,7.6224865618968085,0.6391310272643306,0.28052349173088165,2.7346778858391985,0.27446130529666535,2.779854932172841,1000
948,1.3539797776087674,19.6223129306895,11.515870305095927,0.4007578502919476,0.7686679140109843,2.3379547303911314,0.5684943910365501,2.1394651641809848,1000,1.6285375519562653,21.052098516219623,8.19507658176423,0.7772617295151533,0.22903877764845829,3.2848820091100106,0.10510456210656494,3.151970541805966,1000
949,1.5803137419300042,52.2599233976089,2.907823518720991,0.3058175650082344,1.043321186832879,2.185879580296194,0.9809113145138647,2.1797161693461438,1000,0.8874436069415723,9.684931121588255,16.352101368888857,0.9638036021898986,-0.7889380382989314,2.9576113461360447,-1.0016114533506288,2.7764986672337733,1000
950,1.655307750480657,60.230603848848254,2.509201058497055,0.29647139904191117,1.14522420296905,2.316090775518135,1.0742238083585112,2.236391692602803,1000,1.1711100184867775,23.274880825708653,8.61153002332064,0.7160992638669679,-0.32436793260292485,2.5254243908397993,-0.23244453869247939,2.5746645756660342,1000
951,1.4907014598919033,30.362721208266084,7.327777425557943,0.33360136024459064,0.892353371251004,2.1655650227113266,0.8368427938125056,2.144560125971301,1000,1.297375012552175,44.01661811015046,2.2569886422755565,0.4776073500862671,0.34179881895658326,2.166208001156796,0.36126460638309155,2.2334854187212585,1000
952,1.2396823317284538,42.90771116792492,4.184014207170692,0.3972719928749465,0.502518512722137,2.0177364074535755,0.46102922569355864,2.0183354377633487,1000,-1.1453254025901427,6.299921583165585,26.383287263346766,1.1685209826330811,-3.286774488709547,1.3517435352713785,-3.4356265285509817,1.1449757233706963,1000
953,1.3718359917213,77.21053178784825,1.4416239783489804,0.33881267940005083,0.7697324602159623,2.1024781012218585,0.7077631400972005,2.0359088433454,1000,1.3751623903889474,43.047977805486994,3.07761753631024,0.45510793228896984,0.48006532456033796,2.267434692748844,0.4831508431025665,2.267173937675328,1000
954,1.5660403981810584,52.91753420279768,3.753275070967425,0.4149920037026548,0.8241637501920487,2.406996604645065,0.752656070923855,2.3794247254382617,1000,1.4420001361843502,35.68772976615036,3.332002503219964,0.5547580394828159,0.3616537454079717,2.5448565740367406,0.3546743787980311,2.529325893570669,1000
955,1.0953999819941531,65.86299294351542,1.848696257654068,0.260594244273508,0.5717440512648556,1.646506431162138,0.5846352632180774,1.6061647007702289,1000,1.178580660995684,47.49142009747226,3.8047337224466733,0.296399844410393,0.614302760223714,1.734955452617267,0.5976369659513137,1.7595243560400542,1000
956,1.3978032183940274,82.02131423003541,1.2733388944955704,0.3064414629469696,0.8289715180831916,2.0427187326460183,0.797177951017967,1.9984284857700878,1000,1.5419200835193774,70.82419435213747,1.850013107988653,0.362153693652315,0.8597858990942675,2.288759044169001,0.83209884396084,2.2517413230779146,1000
957,1.185219691882259,44.843909248525065,3.1212292787640337,0.31072899874199794,0.5728826821889026,1.7880426166790462,0.5761908543479431,1.794248529416575,1000,0.8993099231420958,47.4977780459152,2.783463880891384,0.28175171968087126,0.31330761841356036,1.4419306552202926,0.3470765525675882,1.4515432937166035,1000
958,1.1579484894242835,57.067187344768165,3.426104656567564,0.30633012243254026,0.568148409106686,1.8082817598049885,0.5575414494565046,1.7583555293920625,1000,1.589502278415314,38.03953827691224,3.925823489272817,0.3681699804225537,0.8737984736974691,2.3313969118167743,0.8678891167871088,2.3111154400435194,1000
959,1.2183263565777658,47.677093545662984,4.032458018344064,0.3937319581366584,0.4929525859068611,2.0495995332161443,0.44661171862991533,1.9900409945256161,1000,0.857822732648966,26.19648904295998,7.267542024766781,0.8707521584835296,-1.1406435661244125,2.424162993817899,-0.848851497978752,2.5644969632766843,1000
960,2.2517011804851212,42.97910596220648,3.0976311981406726,0.43123980103931003,1.4537166780840276,3.1742128004549186,1.4064711704480737,3.096931190522169,1000,1.8085097356104076,25.98034945408456,4.952258112523146,0.566953388685557,0.6734875605545436,2.9346884572295977,0.697281093786716,2.9197383774340993,1000
961,1.9659399419129246,39.08007608982179,5.41890386130423,0.4280857457926517,1.2160917327369207,2.935686919375268,1.1268918801593273,2.804988003666522,1000,2.1303386714119243,39.170859428417884,3.9727378287161934,0.5271492366553112,1.2592137650984185,3.332792214012356,1.0971261675675144,3.1635511752563343,1000
962,1.560766270113136,55.44097721493403,2.2667168504047135,0.3494211173562951,0.890241116012217,2.2810614680258725,0.8759008800947976,2.2456316601314743,1000,1.4610817333669806,43.960257113424454,2.9427532473903115,0.49568394703247143,0.5996836683745439,2.5591427397165494,0.48954119718333655,2.4326222695506248,1000
963,2.135330598763875,28.58067502957111,6.105704878717444,0.4283782886606908,1.3789336777407109,2.9892556696536174,1.295709152988921,2.974952044538829,1000,2.1925628612638954,21.749008190694227,4.705634292222692,0.5629323113194155,0.9849737167838049,3.2662900327441777,1.089215531077841,3.29591019144995,1000
964,1.0964461639028666,50.817805628295204,2.5171238135402936,0.2939552595339277,0.5091233736858416,1.6473338415282628,0.5202938552163684,1.6725984725893648,1000,0.7928924490274651,33.574837480997914,4.485101679487374,0.3623232253653192,0.06559211666823682,1.4338013788480062,0.0827389273114395,1.5030459707434907,1000
965,1.4510338757848587,70.97453666823725,1.5745318964571038,0.24782115125428664,0.9838895797024141,1.9381485294402725,0.9653044193264568,1.9367633322432605,1000,1.2627041526833924,41.91542824374621,3.379888600246682,0.5044336472352424,0.14990769769408155,2.116366074459954,0.27401420410231725,2.2513941012644674,1000
966,1.7520058701744035,55.536218672763155,2.994925647807,0.3634712622551742,1.120628127443792,2.5330682841531966,1.039602196154262,2.464409544194545,1000,1.5746213248217389,39.407269052986116,4.237987967665536,0.4780622440196166,0.6146991123970318,2.5861700981467464,0.6376193265432903,2.5116233231001877,1000
967,1.1426898317722276,79.32133865557604,1.704234233721502,0.26627697792890265,0.6537595660206749,1.7043050727263938,0.6207869550315784,1.6645927085128767,1000,0.9141416713852615,32.6014881792621,5.383476452171353,0.48586449121043385,-0.16133232085171328,1.817328557092646,-0.03815273138718889,1.8664360741577117,1000
968,1.6787499186139236,46.77202576762026,4.252353115124313,0.3055157709628785,1.0876865876756046,2.2743984373001265,1.0799390075266817,2.277560829701166,1000,1.8310021523095188,48.11714175811613,3.2354577622757232,0.2678271234069667,1.32546652244171,2.389694211867997,1.306060990431864,2.3559433141871735,1000
969,1.914348650492903,62.50170675091468,1.8101699408407874,0.3651688667526818,1.2275029501712975,2.6513837606722737,1.1986176716576469,2.630079629328159,1000,1.9112493284746308,30.38039826663903,4.137278524448309,0.6091925595290557,0.6800283589716895,3.160045522299286,0.7172319117976815,3.10526674515158,1000
970,1.8555963338455084,48.763466967498545,2.4200801817577835,0.4514612649268055,0.9636266698938908,2.7663381098460427,0.9707322545889696,2.7404604131020474,1000,1.4898414931921122,23.175367524922425,5.812227410823555,0.8674319536808102,-0.7214544861354376,3.039462843582087,-0.21032513602227576,3.1900081224065002,1000
971,1.7350784076704429,25.43753972662361,7.350011093118613,0.44797448083626823,0.9486360676141994,2.6344840887959395,0.8570484252313572,2.6131083901095287,1000,2.0581404701451302,41.841077590739694,2.839368329406115,0.40585968336178385,1.3066549448872726,2.939290675134022,1.262655490756034,2.853625449534227,1000
972,1.844582193627589,41.94942904870812,4.043860187852481,0.3257511004598268,1.2527665795433882,2.5348601465531675,1.2061100367263284,2.4830543505288496,1000,2.030905209291063,44.13103945050537,2.3672008003059544,0.3863273433945019,1.3126462628244657,2.8461730764050026,1.2737036162378392,2.7881068023442865,1000
973,1.625834366191969,25.9415866415432,7.429681530291352,0.6238380451110727,0.49443080089535557,2.9083796152649093,0.40311179777426664,2.8485569346096713,1000,0.6804085469876009,5.494661312069183,24.559922716509824,1.155585529758556,-1.0426441885740336,3.4523816184351532,-1.584539091339169,2.945356185314371,1000
974,1.09554576351264,90.2925630597171,1.088852669508395,0.2641011851545779,0.5771299696672685,1.6165654169564747,0.5779074406096673,1.6131840864156128,1000,0.34234963404797236,46.88207236853761,3.777178765363566,0.5483731944480179,-0.8078322119352316,1.3370034478180586,-0.7324618270701426,1.4171610951660873,1000
975,1.8504889172750358,69.69352525499846,1.8486540870797845,0.3510030322186304,1.2137659630318811,2.5555737464219925,1.1625229741265204,2.5384548604235513,1000,1.5089170388877462,38.62254767239658,5.21141231091207,0.626456025926752,0.12494694827852701,2.613555565456735,0.28106322807131234,2.73677084970418,1000
976,0.9313514502889726,46.23111040172032,3.969706729591733,0.2205391939254242,0.511038912282732,1.3604077027610249,0.49909463019514116,1.363608270382804,1000,1.0266649755398862,41.892335787014126,2.976517224665694,0.26810066395550347,0.5452819403928058,1.5997853411408909,0.5011876741870994,1.5521422768926731,1000
977,1.7381160262488713,45.49089097275334,3.879592695411742,0.2788855713032631,1.2498332938455026,2.3323948618009944,1.1915003064944756,2.284731746003267,1000,1.4416782876698484,40.130378639787324,4.616919353460572,0.4467941544837384,0.5586326303516312,2.3332665000669093,0.5659617448817212,2.3173948304579755,1000
978,1.8129259382165936,23.99292745180507,8.92392312818372,0.3720839715517482,1.1885603814307482,2.6183384901202387,1.083641353975167,2.5422105224580203,1000,1.6773086436320002,23.151477059266117,5.8756865642398655,0.4564588593358544,0.8237057415002733,2.5867418936326567,0.7826492793337255,2.5719680079302747,1000
979,1.643479799328853,48.063015969560794,3.018225757259243,0.346172124573512,1.0086076266636044,2.3549889455238957,0.9649824351647696,2.3219771634929365,1000,1.0650684093346139,19.820167543912067,8.8201705357028,0.7710079598561416,-0.17904803811362432,2.6899294832301313,-0.44610719198342363,2.576244010652651,1000
980,1.5024078258345854,47.89866282615611,4.452528059594373,0.3358421946008446,0.9245194226505562,2.1999162937313104,0.84415712441693,2.1606585272522407,1000,1.1967094555188638,41.506578800100385,3.8109891055435816,0.44882231067037087,0.4140026484012651,2.1157179062738556,0.3170177266049369,2.0764011844327905,1000
981,1.136982078587665,66.29988838553301,1.6555260018938516,0.3046960326003811,0.5200847630850624,1.7290227843508255,0.5397778546909181,1.734186302484412,1000,0.8639163384466308,23.897415689690096,7.6291463311030405,0.5005637341594745,-0.252675763912465,1.777319977009115,-0.11718858050593917,1.8450212573992009,1000
982,1.9081268905849196,51.2774031040419,3.1149202754609533,0.36824094332557383,1.2497220856476605,2.7141302721814498,1.1863746416667948,2.6298791395030445,1000,-3.1144932140572497,2.5175043340013223,58.649628873327046,2.723378465646008,-5.8582739809891216,2.776772563852429,-8.452315006723424,2.2233285786089256,1000
983,2.0589730562163138,34.20410674464204,3.1772651937976506,0.4590714805510603,1.1706166216153422,3.054825671464612,1.1591929543362356,2.9587531580963917,1000,1.796082939458091,26.18176042854511,4.822174165177731,0.5330654007090505,0.8807201629743922,2.965260727251138,0.751274754068352,2.84089112484783,1000
984,1.5459292555951598,52.677287603487414,2.9620955483721993,0.4107412145140568,0.8434801376273814,2.451123983095607,0.7408764751476085,2.350982036042711,1000,1.5528039800625963,26.41615215482493,6.811310220387423,1.0156297799150251,-0.07787054854614486,3.7707653766112603,-0.43783038857085277,3.5434383486960455,1000
985,1.6726764856843657,56.486564994850184,2.9475359704929156,0.3257648939536469,1.087204117591462,2.3841488028783795,1.0341772935352178,2.3111756778335133,1000,1.7328536765296079,43.656851714851975,3.69793049087437,0.3881297512439664,1.0147343759545362,2.5851281456026154,0.9721193640914337,2.493587988967782,1000
986,1.7035159480793323,30.402751356631672,5.646175214918776,0.3332542718192152,1.0829914895624413,2.4110340857780574,1.0503375753136706,2.356694320844994,1000,1.7091390846371826,36.1425955601138,2.917358375868868,0.3451222776561407,1.0424831145975308,2.429949450137057,1.0326994204311468,2.3855787488432183,1000
987,1.8081725990059843,41.091834068837166,5.0220136155248305,0.3883904974985255,1.099043328295228,2.644663304835127,1.0469272239088743,2.5694179741030942,1000,2.3839346757066133,23.2045581130949,6.015204109171286,0.9260804450404054,0.9262314591223646,4.586451410776876,0.5688170034274187,4.199052347985808,1000
988,1.2187443887016423,44.680965096453434,3.4192877160602118,0.31116764412033265,0.638024219141805,1.83928626613454,0.6088558062257903,1.8286329711774942,1000,1.4287789961745325,37.84505452661305,3.4970240862284325,0.46359677114294984,0.5000856273070774,2.460014976288486,0.5201293247343508,2.3374286676147142,1000
989,1.6819259641592637,41.10933050741624,2.906228973405615,0.358013878361636,1.0208957578222326,2.3996138232964515,0.9802187625704571,2.38363316574807,1000,1.289471256561665,19.224840250153537,7.158119113374422,0.6043380133028013,0.12671433886673894,2.499189645318563,0.10496875048817444,2.473973762635156,1000
990,1.3448297656562316,56.68304045756993,2.3370340419178364,0.312341136603751,0.8034046104674921,1.98499189162162,0.7326411379128797,1.9570183933995835,1000,1.2795390064232275,51.03051435884162,3.625171905532417,0.34546259014392705,0.6594061346368474,2.018616892560785,0.6024323297411305,1.9566456831053245,1000
991,1.3892645463154962,51.415127248707336,2.2862429134771975,0.2115864668226694,1.008029184962413,1.8321289934815066,0.9745550713430642,1.8039740212879283,1000,1.2752864217391267,54.189466100738365,2.141330314848623,0.2148170639643991,0.8852487376594096,1.7282395411045703,0.8542449763689044,1.696327867109349,1000
992,1.3937385560284632,68.52472931729031,1.7541296611245385,0.2943473220526578,0.8141327770893119,1.9557453649503567,0.8168178048052539,1.9706593072516725,1000,1.266088713451306,22.29744740645536,7.330410218558812,0.3657261343627585,0.5138955396200353,2.016869414244818,0.5492654901002992,1.9829119368023127,1000
993,1.53157405083232,81.3139976653321,1.2880608974446714,0.3148126014929706,0.9250164961149046,2.2073431730856057,0.9145413519060975,2.1486067497585424,1000,1.8837440355617225,56.08443044826082,1.9025869210648099,0.37545007551193565,1.2144812378835936,2.6601084417246312,1.1478618875583286,2.6196261835651162,1000
994,1.742232724339462,38.00650121273004,4.274671739353751,0.4076756601588595,1.0056701715096605,2.6045250611362087,0.9431884304280974,2.5412770182508266,1000,1.9004040588825284,46.311433909057506,2.4034175814170093,0.4691484245854496,1.068523554694003,2.8917260214609484,0.9808731466950472,2.8199349710700097,1000
995,1.6567881093531285,48.87348563834212,2.4507263195597844,0.2908455911462065,1.149777331289937,2.2789513205339555,1.0867307507065638,2.226845467999693,1000,1.2084267174239116,17.916271766626156,8.888377785834821,0.5310500824626055,0.0769231146875965,2.2182397955056623,0.16756855579720487,2.2492848790506184,1000
996,1.7127935000501595,55.67140162080263,2.5728954117615292,0.38004286740250415,0.9805052956665449,2.491114277890748,0.9679094799412514,2.4576775201590677,1000,1.9160947910790092,52.59382807627006,2.0182824077839245,0.4142431283371574,1.1825174226978297,2.8239947315826686,1.1041782595381808,2.7280113226198375,1000
997,1.7892415763896756,67.41505235769532,2.190871766620752,0.28855206863480576,1.2659311987917536,2.37913718618561,1.2236795218654564,2.354803630913895,1000,1.8462309611225192,38.776133750100016,3.586955946320491,0.3893367845188115,1.1083731727746737,2.591873105132667,1.0831308634656487,2.6093310587793894,1000
998,1.1698634870533646,66.59466991431451,1.5832684730516273,0.3095843363412375,0.5959465800501021,1.774440068455158,0.5630781878245391,1.7766487862821903,1000,0.4247020474597023,23.98173979339623,6.37060817639049,0.6663809168186272,-0.9505950519192319,1.9713944399836103,-0.8814045495048071,1.7308086444242117,1000
999,1.8002559913889882,28.005349803458216,7.12827496232009,0.4521236820261872,1.0070965566221335,2.701789593718142,0.9140935746176613,2.686418408160315,1000,0.8801927478200584,17.238866693385457,10.597297713228114,1.1225186181505877,-1.2840522797409013,3.1379113734983375,-1.3199437437550934,3.08032923939521,1000
