trial,linear_estimate,linear_ess,linear_max_weight,linear_boot_se,linear_ci_lower,linear_ci_upper,linear_normal_lower,linear_normal_upper,linear_boot_n,quad_estimate,quad_ess,quad_max_weight,quad_boot_se,quad_ci_lower,quad_ci_upper,quad_normal_lower,quad_normal_upper,quad_boot_n
0,1.2662966839111012,317.46761479002316,0.6542685380811528,0.1575093794484295,0.9569684436168432,1.576427050402636,0.9575783001921794,1.575015067630023,1000,1.1476316868543939,213.16884430218434,0.6463999407045402,0.1802715124311543,0.8051991988256505,1.4996987579811443,0.7942995224893314,1.5009638512194563,1000
1,0.9500568058614611,298.0350279422668,1.1761641181744076,0.17886138479389455,0.5623422333490672,1.2806925048138944,0.5994884916654278,1.3006251200574943,1000,1.053927581889765,188.0503175540852,0.4595974212165582,0.15289247087285093,0.7772841763400341,1.3727985262522837,0.7542583389789772,1.353596824800553,1000
2,1.1632742091620203,385.9991436302351,0.4314625880428413,0.1772978081459444,0.7916441448299933,1.496548376774208,0.8157705051959693,1.5107779131280714,1000,1.1021962540620411,261.9622963804261,0.30746722650406627,0.19146071467625123,0.7257734135203326,1.4626987322230915,0.7269332532965888,1.4774592548274934,1000
3,1.0857333738238828,458.2534492915227,0.20249901148585736,0.11925902158982427,0.8529387838189653,1.3133569574006727,0.8519856915078272,1.3194810561399384,1000,1.084737872867445,296.36624882726477,0.26159501447433536,0.133491343018569,0.8277629009755133,1.343702094443535,0.8230948405510499,1.3463809051838402,1000
4,1.0636848079967467,303.05132231563084,0.9250470034514525,0.15510136600907543,0.7445043552875815,1.3657285273563653,0.7596861306189588,1.3676834853745345,1000,1.095389340660819,230.96352815968555,0.48857181806282723,0.16444848928568778,0.799120809673411,1.4325813282824122,0.773070301660871,1.417708379660767,1000
5,1.0515210573345999,319.8246346173259,0.5826719911327906,0.19089154324162444,0.6716573931269885,1.4171044843601774,0.677373632581016,1.4256684820881838,1000,1.0191971028980586,163.71911168916458,0.6731233006905434,0.21384169611952678,0.6074504821684028,1.4361794140031734,0.6000673785037862,1.438326827292331,1000
6,0.7539906097292657,293.1379751567615,0.8431820589962576,0.15252924922058533,0.4471365781677217,1.0483691339861958,0.45503328125691844,1.052947938201613,1000,0.7265475567037472,175.9434644671182,1.4792591944215103,0.18514578677022267,0.3900770018797396,1.0896043954622041,0.36366181463411074,1.0894332987733835,1000
7,0.8593757101682389,284.6731587813887,0.8487394375358721,0.15353880566483658,0.5630524768923796,1.143325599128668,0.5584396510651592,1.1603117692713185,1000,1.0223237430337897,201.78687825194737,0.777585265398569,0.1760523227056918,0.7045587567426227,1.4151811471671423,0.6772611905306338,1.3673862955369456,1000
8,0.9120603105471718,352.46807900773166,0.42262929001553257,0.16778042287164932,0.5926145300529151,1.2492997746766117,0.5832106817187392,1.2409099393756045,1000,0.8705374240833335,216.61125309086904,0.8031518202465588,0.18992641660912593,0.5056627081735137,1.231368869160059,0.49828164752944665,1.2427932006372202,1000
9,1.2600320526125812,345.05922259804044,0.6347611159938846,0.15655968111809107,0.9772118446569998,1.5499487379694505,0.9531750776211227,1.5668890276040397,1000,1.1692099218721226,216.37425297432912,0.6722751662405769,0.16317989506388825,0.832264649292605,1.4652993246653987,0.8493773275469017,1.4890425161973435,1000
10,1.1901045998257338,299.62115373924235,0.7596755111760234,0.179976400038331,0.8598288949084543,1.5454190602978914,0.8373508557506051,1.5428583439008625,1000,1.0578267341824494,209.22230264481766,0.7030214123025564,0.17978567902752154,0.7429138294961415,1.4431009559123766,0.7054468032885073,1.4102066650763916,1000
11,1.0141967868933484,349.29235194709867,0.44480091965438046,0.15087369545329188,0.7213760076049786,1.299267952024595,0.7184843438048962,1.3099092299818005,1000,1.061567387780535,209.89840437833857,0.41025176631412524,0.16323287601555733,0.7375839867665622,1.3652886807942188,0.7416309507900426,1.3815038247710274,1000
12,1.1037558357102775,420.14464658729105,0.29473731799626063,0.1624346008714764,0.7824565423655945,1.3961944222795188,0.7853840180021837,1.422127653418371,1000,1.1513393652488186,261.3381923723189,0.3045898500800974,0.17074964089981354,0.7861816728094911,1.4580544527659782,0.8166700690851841,1.4860086614124532,1000
13,0.6959968080786694,340.0558030984791,0.5806322634514434,0.15033515355012717,0.38228125073115327,0.9646314499216757,0.4013399071204201,0.9906537090369186,1000,0.6761405878642388,197.64548960040804,0.4684700175623174,0.1359634164304312,0.4102436393351719,0.9223040127626322,0.4096522916605937,0.9426288840678839,1000
14,0.8421593167667649,410.8306967092565,0.33945030973823237,0.1722034556102038,0.49681392881830017,1.186738025739641,0.5046405437707655,1.1796780897627643,1000,0.7960543916181866,246.704128742406,0.3487034249960774,0.17304472853655906,0.47880754545891996,1.1547282159237862,0.4568867236865308,1.1352220595498423,1000
15,1.02615728654742,385.4411513857087,0.4361586210567694,0.14713625624749777,0.7156347965550154,1.3115282465622216,0.7377702243023243,1.3145443487925157,1000,1.0918079836748968,247.2716466866426,0.34043242363232534,0.15465387627281021,0.8033188861082916,1.3926575574371491,0.7886863861801888,1.3949295811696047,1000
16,1.1314133243584092,359.71008948371934,0.5182128791738593,0.16296236849622744,0.7990392075535189,1.4294238731579025,0.8120070821058034,1.450819566611015,1000,1.196536455781673,235.61307164394717,0.39448325296041864,0.16082908729164114,0.8835842645702471,1.504582946144748,0.8813114446900563,1.5117614668732895,1000
17,0.8644575755363855,267.87015821320574,1.0938812663375894,0.196239211899747,0.47644747613969174,1.2776705711603888,0.47982872021288137,1.2490864308598897,1000,0.8530899595885222,215.71849127632962,0.6564541023125025,0.17393800110014915,0.5349328847588176,1.2046286432035846,0.5121714774322299,1.1940084417448145,1000
18,1.0533337697259544,275.7010932726781,1.0654854413274792,0.2072180482473045,0.6423929817816649,1.4593640593957946,0.6471863951612375,1.4594811442906712,1000,0.9678615660475902,159.10015957833969,1.268257660564795,0.2567398201677341,0.4682256878489276,1.4618965279342788,0.46465151851883135,1.471071613576349,1000
19,0.7970319015732121,287.42432898315013,0.7339087790773019,0.17665967163655652,0.4394912912076578,1.1128455222974003,0.4507789451655614,1.1432848579808628,1000,0.8720944588009325,156.19140321035465,0.6768785267850503,0.17943094722169178,0.5006186954440068,1.2226374931548356,0.5204098022464166,1.2237791153554483,1000
20,1.0643053659402408,400.7864901060722,0.39684266434849513,0.16561242999799963,0.7340385795629175,1.3818418108968207,0.7397050031441615,1.38890572873632,1000,1.0985261839100584,279.39573319557627,0.30634320178459606,0.16411074267913264,0.772013722803021,1.4094462789744433,0.7768691282589584,1.4201832395611584,1000
21,0.9067536504128588,296.52734123850996,0.6411095417588303,0.14909478471706375,0.6094501612671926,1.210665679609229,0.6145278723674139,1.1989794284583037,1000,0.8194407764067888,217.89930788375077,0.8650382189477074,0.1484843260367472,0.5128888665746174,1.086880485993403,0.5284114973747643,1.1104700554388134,1000
22,1.2326761501510282,385.4259906485692,0.3519306446348891,0.15127376597750494,0.9205917878743431,1.5143164200083816,0.9361795688351184,1.5291727314669379,1000,1.314904784786668,208.35127564084837,0.40736803333430005,0.16694975347465657,0.9755523937503863,1.622301211611526,0.9876832679763411,1.6421263015969947,1000
23,0.7872225062705955,331.70930469866977,0.5890112926823939,0.17755414821697255,0.4504876794637738,1.1250488745146903,0.43921637576532935,1.1352286367758617,1000,0.7745244026417839,218.02503343159546,0.4294746732268734,0.1757594468504979,0.4311000647423082,1.0957838163109,0.43003588681480803,1.1190129184687598,1000
24,1.0666531983122909,378.78527920862257,0.4991254816534736,0.15271587501432288,0.767620485441485,1.3593112640825573,0.767330083284218,1.3659763133403637,1000,0.9481408468345929,238.03622007337586,0.39173232301117983,0.16222511287786268,0.6175435491797808,1.2646785084357859,0.630179625593982,1.2661020680752038,1000
25,0.9421669704370674,344.59746940321463,0.516815076858708,0.1650445762137468,0.6220055999043554,1.24017060165009,0.6186796010581237,1.2656543398160112,1000,0.9501044653379584,226.1792709005951,0.41699869488414365,0.16082747909623826,0.6720599526111403,1.282035313506981,0.6348826063093315,1.2653263243665855,1000
26,0.6976739463937514,281.1321645840305,1.155974856380165,0.15257802158296876,0.3933068667794248,0.9899851565301152,0.3986210240911326,0.9967268686963702,1000,0.824741237170397,213.96325443462493,0.41033514820714195,0.14828926421487193,0.5421442015379909,1.1172153971042966,0.534094279309248,1.115388195031546,1000
27,1.1270644835945736,301.5911017141279,0.5005430490642118,0.16164517742162263,0.7849619149589575,1.4112004489708432,0.8102399358481932,1.4438890313409538,1000,1.1650863064646502,181.33694343950444,0.4841525244764084,0.15904595861674625,0.8563387602677907,1.4661716651229602,0.8533562275758275,1.4768163853534728,1000
28,1.0505538528287137,358.86405389890393,0.38226475574968166,0.14396277591464576,0.7591611963018577,1.3216740119732684,0.768386812036008,1.3327208936214194,1000,1.081911081943741,226.81818301006436,0.3938959247895234,0.14418880450392396,0.7742285105703899,1.3445996084681355,0.79930102511605,1.364521138771432,1000
29,1.045629371664694,298.39223907636506,0.9203601586213958,0.1672104168160182,0.7146339307711194,1.3624662056557093,0.7178969547052985,1.3733617886240896,1000,0.8486574921804455,135.32230253458272,2.3121724753056694,0.3804335962352805,-0.024841613258727177,1.4886126951746208,0.1030076435592957,1.5943073408015953,1000
30,1.022292137819587,346.87928746281756,0.9100842047339922,0.14725664349452017,0.7398676688967473,1.3023247781434477,0.7336691165703275,1.3109151590688466,1000,1.0800477648588958,258.8721740108161,0.4173720835215725,0.16755823665934377,0.7147505002837422,1.371554583971882,0.7516336210065819,1.4084619087112096,1000
31,0.8017998119923699,423.2090402011291,0.2697747050079034,0.14881430081056707,0.5078217309821471,1.100091890036139,0.5101237824036584,1.0934758415810815,1000,0.7771048227654962,254.6693738334846,0.32338850511291545,0.1593022623300381,0.4746159510159531,1.098232138724735,0.4648723885986215,1.089337256932371,1000
32,1.266563531873531,351.1957915940636,0.5042152785031,0.1651400602247038,0.9626853050928449,1.602101989664078,0.9428890138331116,1.5902380499139506,1000,1.1310766464163202,193.51020231286063,0.7467505565406692,0.20019353350235128,0.7783990645986548,1.5716131107046842,0.7386973207517118,1.5234559720809286,1000
33,0.7753200224773176,323.7571992077408,0.6535605421353015,0.1727097376836144,0.4467854513132433,1.1267613396418061,0.43680893661743336,1.1138311083372017,1000,0.6708187240228329,216.05197853163142,0.6840267178440016,0.19314592852575013,0.3264115447773277,1.1223294946439033,0.2922527041123627,1.0493847439333033,1000
34,1.0036502990213139,304.6141090461277,0.7564878289733125,0.15469069254252102,0.7091591863703184,1.3125525405507703,0.7004565416379727,1.306844056404655,1000,0.9324478593067553,183.11351291893519,0.48926710881296187,0.1548562191699608,0.6402391521583775,1.2501212745156252,0.6289296697336322,1.2359660488798785,1000
35,1.1475507537038387,308.55310662079347,0.6282306124157804,0.16145436354612094,0.8351874168867219,1.4699114582216173,0.8311002011534416,1.4640013062542359,1000,1.1142662495318079,207.08213818511956,0.7463892227586761,0.18702659757168294,0.7573985275882233,1.4797774535880315,0.7476941182913093,1.4808383807723065,1000
36,1.0890032811186963,424.0680046597585,0.30482326073093374,0.18352956536068335,0.7304392965725874,1.4455840857995415,0.7292853330117569,1.4487212292256357,1000,1.0734039657451013,242.36654507336587,0.34166371094896436,0.18553906712158139,0.7092251781095779,1.450129977560474,0.7097473941868018,1.4370605373034009,1000
37,0.9936987645808224,296.1405716114601,0.5664825565741468,0.16925114598437993,0.6513913810840509,1.3089079345466317,0.6619665184514377,1.325431010710207,1000,0.9643275746131654,225.38856122518368,0.42720317481134823,0.16636714064509792,0.6331965440656352,1.2880750630959734,0.6382479789487735,1.2904071702775575,1000
38,1.1301669081422192,257.8181989201129,0.9071743702500699,0.19685334994495698,0.7246165908024261,1.4839497341572574,0.7443343422501035,1.5159994740343348,1000,1.0444749909817648,162.73612490089457,1.4943365075958353,0.3298906169862252,0.25650968547845426,1.480688184256851,0.3978893816887634,1.6910606002747661,1000
39,1.0314659445123744,344.79789312031926,0.5011057746865819,0.16681278625667462,0.6916346510649878,1.3353010418896494,0.7045128834492922,1.3584190055754566,1000,0.9794090939038029,192.64231135357355,0.8658970039661248,0.19997302971207245,0.6105985763749434,1.3692030863134086,0.5874619556681409,1.371356232139465,1000
40,0.7844374894874124,332.4598419478683,0.7733750458452631,0.15986208866360188,0.4713255127662115,1.1012082178193834,0.47110779570675276,1.097767183268072,1000,0.6999676602622991,175.9231581642205,1.0482952244815067,0.19842839629930337,0.29409510339670775,1.096541050932425,0.3110480035156645,1.0888873170089337,1000
41,1.0583930622882227,368.1179566892678,0.39308266089833194,0.15525456030233228,0.7505159068057039,1.3572060696496353,0.7540941240956515,1.362692000480794,1000,1.0349556941980573,198.04041882935752,0.7836449908991046,0.16577510510387802,0.6968972840294513,1.350516458012838,0.7100364881944564,1.3598749002016581,1000
42,0.8990788039384583,379.6154827818597,0.41481752270247935,0.15465126292208942,0.5984808672377476,1.1953702091587843,0.595962328611163,1.2021952792657535,1000,0.8889452115748209,233.4533540083959,0.3620151664240749,0.15928803424744256,0.5877813414559241,1.1881994063846306,0.5767406644498334,1.2011497586998083,1000
43,0.8930544956497459,314.63764429143356,0.4926967748452122,0.16254926323177143,0.5935004790776827,1.2090749695528682,0.5744579397154739,1.211651051584018,1000,0.7708039416996493,192.82678164604863,0.5285460000701088,0.1796367502224192,0.446382836027623,1.1439687074327474,0.41871591126370766,1.1228919721355908,1000
44,1.0333127344231832,380.20700893612127,0.3785991055159373,0.16956448860518833,0.7105533685798445,1.3830442580145843,0.700966336757014,1.3656591320893523,1000,0.9645427075010597,234.71414805316127,0.39357705704253043,0.16947332611784272,0.6407079849691674,1.304052462740472,0.632374988310088,1.2967104266920315,1000
45,1.0416940317844205,378.83109216043727,0.4552391867633555,0.16399529653809827,0.7181553602359443,1.3480512587347997,0.7202632505697479,1.3631248129990932,1000,0.9274872361216175,240.71592843511806,0.34060083033930877,0.17426381154468176,0.5927604944079033,1.2491720957165853,0.5859301654940413,1.2690443067491937,1000
46,0.8904823424055741,414.0215186942338,0.31589362941317306,0.1546410676368391,0.6070124898786703,1.1911456624080863,0.5873858498373694,1.1935788349737788,1000,0.9415410185593922,235.5612824888488,0.32941994073613096,0.15845715890301904,0.6439813766310288,1.2518062749542354,0.6309649871094749,1.2521170500093095,1000
47,1.1178769016643217,379.9447991045075,0.44831167680886164,0.14608810980875084,0.8368671294622408,1.404397379708137,0.83154420643917,1.4042095968894734,1000,1.1588951342246205,261.04316383846907,0.3201777488824074,0.1522337517557849,0.8764297278236776,1.4501411304560814,0.8605169807832822,1.4572732876659589,1000
48,1.2090769496198415,356.8760404959146,0.4073972023380946,0.14506204538058423,0.9253288286062569,1.5033763510153382,0.9247553406738964,1.4933985585657865,1000,1.1926844085721062,213.58476720650398,0.4171313874298316,0.1682231895326595,0.8965493119199922,1.5459075280410428,0.8629669570880936,1.5224018600561189,1000
49,0.9092103350298204,331.98453548255736,0.7416064729544871,0.15372748192856087,0.5882031820660901,1.1917205891269091,0.6079044704498411,1.2105161996097997,1000,0.8703955899673643,215.35112399644458,0.6509147334280144,0.17076609335703188,0.5153359540076952,1.1727957525028896,0.5356940469875818,1.205097132947147,1000
50,0.8587766631039289,313.389489802367,0.540092908683987,0.16698393212430795,0.5490104053996125,1.1810402758119145,0.5314881561402853,1.1860651700675724,1000,0.7769987155553437,207.0154820612409,0.7252514653216553,0.17864606130373575,0.4963040222168452,1.1971908549263028,0.42685243540002166,1.1271449957106658,1000
51,0.9845439490978665,349.5469302673764,0.5569181674042498,0.1659799092391577,0.6524570539072944,1.3097607913653313,0.6592233269891175,1.3098645712066155,1000,1.1030329588766206,213.60194603542848,0.473545781647431,0.1765902907504159,0.7508485884371726,1.4397765386277088,0.7569159890058054,1.4491499287474356,1000
52,0.8509477162488448,256.54255339547524,0.7259975970345642,0.14216637717577776,0.5638057203191045,1.1274018980941125,0.5723016169843204,1.1295938155133691,1000,0.9068078870779539,189.67731382084455,0.48883373796008905,0.14799984485331735,0.6268132253190227,1.2011478211371815,0.6167281911654519,1.196887582990456,1000
53,1.0852863376004165,322.167834680972,0.6770621048359485,0.1869168841963764,0.6903567243420817,1.4322238352990235,0.7189292445755188,1.4516434306253143,1000,1.0852034107585125,218.10534166647142,0.576862760270517,0.1771324765307913,0.7126579702751665,1.418891261707278,0.7380237567581616,1.4323830647588633,1000
54,1.191695423583582,425.1570377604619,0.33649599816777154,0.15591997190290882,0.8971955660025018,1.489209662812978,0.8860922786538806,1.4972985685132834,1000,1.2438888083404982,258.5396551456442,0.31389421559848557,0.1600041868033823,0.9514805095745259,1.5490387167774824,0.930280602205869,1.5574970144751275,1000
55,1.050899582626435,348.5044982120708,0.46718874224128903,0.1734630444999592,0.6985018071826962,1.371538906929437,0.7109120154065149,1.3908871498463549,1000,1.0590064849960337,211.49247075761357,0.5809184612049229,0.18884321088087364,0.6886783433837338,1.4197456181292272,0.6888737916695213,1.429139178322546,1000
56,1.0761361712052344,310.78472325765654,0.7247791462401784,0.16670658894904156,0.7474777173198439,1.4233874785026808,0.749391256865113,1.402881085545356,1000,0.8959381168142064,206.80026333150852,0.681794003860636,0.1659801401746449,0.574629471472874,1.2497612286739481,0.5706170420719023,1.2212591915565105,1000
57,0.8088940728041996,301.8935687098272,0.609843387491277,0.1657645604129854,0.4993927825624133,1.1431101434772635,0.4839955343947482,1.133792611213651,1000,0.7839367248129645,215.51656975101358,0.46847105172558945,0.1742174021569938,0.43909780188829767,1.137211501398968,0.44247061658525666,1.1254028330406722,1000
58,1.2000669561075894,330.27210287625144,0.6992685430054995,0.14127533577897639,0.9150692956303172,1.4542242122873286,0.9231672979807957,1.4769666142343831,1000,1.0801768731527641,202.64018340976665,0.49876974200856833,0.1522509943619388,0.7522790629880655,1.3594297440597025,0.7817649242033641,1.3785888221021643,1000
59,1.128841184959394,348.890677140559,0.4094002836134986,0.16364242635665785,0.8211162723248866,1.4378175353405425,0.8081020293003447,1.4495803406184433,1000,1.0505439806835284,217.40749099179462,0.7510492399525025,0.16862635765069145,0.7309982076593161,1.3825511566842559,0.7200363196881732,1.3810516416788836,1000
60,0.9064975724326598,287.3020867510895,1.2943875346791605,0.16639393666538693,0.5592272479553475,1.2398046749422844,0.5803654565685015,1.2326296882968182,1000,1.0322226994312533,207.49054764498752,0.7637869707703889,0.1813806111522991,0.684971537757102,1.3808852352421288,0.6767167015727471,1.3877286972897596,1000
61,1.1170505788354024,445.6510959477182,0.24254852374208963,0.1552468903425779,0.8118981277043986,1.42352726146102,0.8127666737639496,1.4213344839068551,1000,1.0539959195048452,263.41472927316505,0.29819115194945106,0.16565831566220915,0.7354845035858634,1.389494877222472,0.7293056208069153,1.378686218202775,1000
62,0.9169013495833456,408.70172616634676,0.3701060904952821,0.1368008572920268,0.6803190858995994,1.1904077783344178,0.6487716692909731,1.185031029875718,1000,0.8391661673732362,219.9334871952335,0.36466466044151413,0.1513956347171771,0.5580815099224655,1.1501400659436227,0.5424307233275691,1.1359016114189033,1000
63,1.0004432573129982,287.84247168915044,0.7274812234495179,0.15355176696726378,0.7112618639117881,1.3151306678284995,0.6994817940571612,1.3014047205688353,1000,0.9540430970127458,199.55596408336652,0.8538275115215261,0.18441811977496647,0.6364978382917423,1.3642647492037205,0.5925835822538115,1.3155026117716802,1000
64,0.7646483990034314,441.52537024718936,0.25680327359411825,0.15119879773710063,0.47149365947038047,1.0608912726710331,0.4682987554387142,1.0609980425681487,1000,0.6949794707983952,276.0460176579911,0.2821336753444054,0.1582152690673054,0.40435074321186804,0.9958144839291291,0.38487754342647656,1.0050813981703137,1000
65,0.9403723720112576,384.7974608697083,0.35878884732353034,0.1569212613722214,0.6336226654070911,1.2443570109043687,0.6328066997217037,1.2479380443008115,1000,1.0093072074943001,185.82478209606228,0.4918383550115253,0.1735037714306897,0.6609579993786538,1.3413754984083623,0.6692398154901483,1.3493745994984518,1000
66,1.059916306728355,300.3589909592202,0.9387527655675412,0.17847562784128437,0.7108049385410883,1.3932956116850312,0.7101040761594377,1.4097285372972723,1000,1.0353511239452602,210.6638882720535,0.8200668407748062,0.1963807386162389,0.6708990428467643,1.446967832701149,0.650444876257432,1.4202573716330884,1000
67,1.0521227253262895,458.7674653949822,0.23375661502617015,0.1507981792482122,0.75656372481768,1.365171766284153,0.7565582939997936,1.3476871566527855,1000,1.0908048762856462,250.7026943202885,0.33417034103325327,0.16327880351803564,0.7724135320544141,1.4106170782278658,0.7707784213902963,1.410831331180996,1000
68,1.0158024330325128,275.3037484681458,0.7907204273901871,0.1946417484044172,0.6996177583153028,1.4549898527058724,0.6343046061598552,1.3973002599051705,1000,1.007993057942329,184.03072357732407,0.7836205903309948,0.2297828990002575,0.6385684302936585,1.5775075483161312,0.5576185759018244,1.4583675399828337,1000
69,0.9418699402598083,374.3059540639601,0.37973504263072017,0.17047758416686704,0.6101621495487051,1.2742775222015572,0.6077338752927489,1.2760060052268676,1000,0.8444916245927381,235.3367370608834,0.8194553161781821,0.2157534211817692,0.39804293881545194,1.1971448465275012,0.4216149190764704,1.2673683301090057,1000
70,1.0494694984404154,369.714669686752,0.46348691520590246,0.16652909070948507,0.7459702508627892,1.3879351011894125,0.7230724806498247,1.3758665162310062,1000,0.9245043811097018,207.44362061143946,0.821892860305299,0.20802467898307403,0.5355496434236011,1.3443850278224518,0.5167760103028767,1.332232751916527,1000
71,0.8188394234219674,275.1829114716725,0.7303274909753236,0.18151559733913325,0.4558204959217241,1.1603032123788368,0.4630688526372662,1.1746099942066686,1000,0.8852923858236235,164.99340433711194,0.5635745193505755,0.18216225114403928,0.5199539645966144,1.2350935364369733,0.5282543735813066,1.2423303980659404,1000
72,0.9925259934710708,338.86676207743204,0.5808136154824721,0.1697326262664243,0.6775278940180169,1.3331990409320194,0.6598500459888792,1.3252019409532625,1000,0.9884546416535063,216.92842684575172,0.6112846041550011,0.18268587899621244,0.649318111437588,1.3699778205035216,0.6303903188209299,1.3465189644860827,1000
73,0.6167925129245857,294.3065036178417,0.7582266911397962,0.15997182328539733,0.2941206283396309,0.9317762098246787,0.30324773928520693,0.9303372865639645,1000,0.6209102460950695,193.47742045931054,0.6711493874031493,0.19663393505512544,0.20517039093965014,0.9554690806453946,0.23550773338702363,1.0063127588031153,1000
74,0.9200997837015987,278.80814327585347,0.7429201618166245,0.13345691747633642,0.6825168176222542,1.196943168439867,0.6585242254479793,1.1816753419552182,1000,0.9349687795479333,147.53350100455881,0.7719305029227406,0.15926697109351964,0.6166760723742324,1.2519612285824715,0.6228055162046349,1.2471320428912318,1000
75,1.005801562969204,291.1922872228081,0.7698107344628293,0.17585982482621243,0.634975150070844,1.3381466908356001,0.6611163063098278,1.3504868196285804,1000,1.0510142190638727,236.81357012428376,0.516506291316285,0.16334806094671772,0.7067015820825162,1.3629940418349378,0.7308520196083059,1.3711764185194395,1000
76,0.7941491939093113,301.7189406253562,0.645188763969786,0.18665196327297848,0.42842278792354255,1.1389498530436957,0.42831134589427344,1.159987041924349,1000,0.9586529146072484,149.32035082259185,0.6632194443385507,0.17649349555288482,0.6053389161804388,1.320478838038522,0.6127256633235942,1.3045801658909026,1000
77,0.9093873179483669,381.3745055258945,0.45522653063677593,0.15848729737969625,0.6301915218180493,1.2379131110901895,0.5987522150841622,1.2200224208125716,1000,0.8974139510712353,228.16011835030457,0.39459938431259317,0.1766511699859681,0.5874026833487916,1.2920452148236086,0.5511776578987378,1.243650244243733,1000
78,0.9169316622517591,319.2979212482489,0.6045951740899895,0.16407746197288797,0.602486523705407,1.242207356280693,0.5953398367848988,1.2385234877186195,1000,0.9742970945532616,159.5109777070587,0.8744018671981426,0.20051854232284305,0.5840033240444157,1.3849728599314712,0.5812807516004892,1.367313437506034,1000
79,1.0030541494260088,293.7203008447381,0.5723493453778675,0.13672980598806814,0.725086638029314,1.2723559116360637,0.7350637296893953,1.2710445691626222,1000,0.9669593656108268,220.58936612271563,0.40353962426831647,0.1458449322290389,0.6791143904975842,1.2527684881318222,0.6811032984419105,1.2528154327797432,1000
80,1.1231870948890306,290.65525376724753,0.8911419121496772,0.18452858303670566,0.760894300079401,1.5031326664933822,0.7615110721370875,1.4848631176409737,1000,1.0955316214565807,194.75399710774036,0.47582138483450265,0.19568312362053494,0.7452406026833961,1.5124910662959172,0.7119926991603323,1.479070543752829,1000
81,0.7077904870309308,426.1865264908084,0.3520200090269423,0.14649556603679512,0.402727434099887,0.9633130789956992,0.42065917759881244,0.9949217964630492,1000,0.6650531447118251,261.5544331447517,0.33798188728703427,0.15190579183949712,0.3542910521105263,0.9332803413123125,0.36731779270641074,0.9627884967172394,1000
82,0.9517578787244423,355.1685771664952,0.5257785549544843,0.15867829526371266,0.6332657289810235,1.250220345662992,0.6407484200075655,1.262767337441319,1000,1.024891771723285,218.79968547526133,0.3895094723847687,0.15595338520916985,0.7184574148103536,1.3023335706566495,0.7192231367133122,1.330560406733258,1000
83,1.0821654324107475,336.86688238049675,0.47372514392064347,0.13354634523225026,0.8320914320187738,1.337677154464789,0.820414595755537,1.343916269065958,1000,1.110425534598754,195.5027773662627,0.5188176488566967,0.15211041597183528,0.815888599901529,1.3985579045532095,0.8122891192939568,1.408561949903551,1000
84,0.7960511239840433,436.5215616996815,0.2731822357235844,0.18716241488628285,0.4340190269417744,1.1858591562709013,0.4292127908069289,1.1628894571611577,1000,0.7831660227428037,293.87842789988866,0.27075960465980836,0.19128029664714696,0.4287475519080371,1.168935139020049,0.40825664131439565,1.1580754041712118,1000
85,0.777436866627184,406.84707654961926,0.347557430446575,0.14985749635012371,0.48198202839371956,1.0847492011171402,0.48371617378094156,1.0711575594734266,1000,0.7927427243133183,250.06342476574991,0.34756928272473864,0.16203315872101054,0.4873364866745486,1.100759860685016,0.4751577332201376,1.110327715406499,1000
86,0.9933907653052696,310.94241632294194,0.7418229738278507,0.1872878941383258,0.6147027396759419,1.3342322600932623,0.6263064927941511,1.3604750378163881,1000,1.02126203524571,228.8726972001735,0.4618958516424598,0.17360514472354402,0.6738118411072731,1.3720164782942017,0.6809959515875638,1.3615281189038564,1000
87,1.1763019254705847,319.64074739958517,0.8222799615762315,0.1595175536406085,0.8658877128186533,1.4817731734131119,0.863647520334992,1.4889563306061773,1000,1.1897053325407976,234.49544784352372,0.38339157070907903,0.17072832955710934,0.8827648234618903,1.5336600550105677,0.8550778066088633,1.5243328584727318,1000
88,0.8201082631121668,343.94229873900235,0.5266077783666252,0.1619199317627177,0.5129689815131366,1.1309461651310118,0.5027451968572401,1.1374713293670935,1000,0.8420682583782511,179.3520606654655,0.49928942047232067,0.16911758557639223,0.506070057411028,1.1675908895128004,0.5105977906485223,1.1735387261079797,1000
89,0.7559139309550944,420.93996096889936,0.28693352933715205,0.14134767572887844,0.48394603019238586,1.0349673563519968,0.47887248652649267,1.0329553753836962,1000,0.7786992183009436,218.320942057769,0.4108065235344999,0.15161351077976504,0.49576839738247935,1.0733563198485527,0.4815367371726041,1.0758616994292831,1000
90,1.0237923180756643,360.50534519035955,0.4630376947096415,0.16382301275250394,0.6936298084831612,1.329487987397947,0.7026992130807566,1.344885423070572,1000,0.9365101321998615,208.45389166680755,0.41041583128806725,0.16896088925546893,0.5896779617269058,1.2518993233193687,0.6053467892591424,1.2676734751405805,1000
91,1.2077336372836136,283.88679197299024,0.7059695910397444,0.13741857538354288,0.9537306299510574,1.4942097152991374,0.9383932295318695,1.4770740450353577,1000,1.1137244937905573,205.74625830678204,0.601971453592179,0.14681208549603664,0.8504553444493846,1.414589728440532,0.8259728062183255,1.401476181362789,1000
92,0.9740725717792211,400.06856874961835,0.34742957557952003,0.15463635239973278,0.6415580788373234,1.2639010790426528,0.6709853210757448,1.2771598224826974,1000,1.0215810472797522,251.27193572181238,0.3367523691435139,0.15626502159461192,0.716601790260926,1.3214267037843046,0.7153016049543128,1.3278604896051915,1000
93,1.0198461162555281,308.5588010502119,0.7704729193218539,0.1528592847089238,0.7347075134141606,1.3219523036957155,0.7202419182260376,1.3194503142850187,1000,0.9517141244777565,171.60820962226086,0.8120502097662802,0.1733598498802278,0.6235070406146486,1.3171653258203677,0.61192881871251,1.291499430243003,1000
94,0.9877161383172877,302.4039657475443,0.6729019327134383,0.149150416006336,0.6933872275141476,1.2792771116610462,0.6953813229448691,1.2800509536897062,1000,0.961963235198493,187.55718029549175,0.6141828022777204,0.16619717265410397,0.6394006326780952,1.28153007186501,0.6362167767964493,1.2877096936005368,1000
95,1.405154406413748,337.34714859908263,0.5762674265248424,0.16565735763329553,1.1059150077950106,1.7642976811807038,1.0804659854524887,1.7298428273750073,1000,1.3441781967060331,193.81132027404465,0.5700564868698321,0.18892822753691071,1.0145241768748139,1.7619725595904667,0.9738788707336881,1.7144775226783782,1000
96,1.234949652883753,428.29169416837425,0.25850773404394295,0.1582792694108821,0.9191313252868948,1.5375615355029644,0.924722284838424,1.5451770209290818,1000,1.1072206206442718,187.65423293756882,0.6360559245453176,0.17476386838113447,0.800636888260094,1.488088149470802,0.7646834386172483,1.4497578026712954,1000
97,0.9347684252311521,351.5436032396532,0.5492958655111783,0.1541875062712543,0.6532262737675415,1.2464686919736438,0.6325609129394937,1.2369759375228107,1000,0.8969662887297929,196.15450578795728,0.4455763211528365,0.17067832551614545,0.5832419874089755,1.2491412541931837,0.5624367707181478,1.2314958067414379,1000
98,1.0033438133573394,432.7192412521278,0.296398129625413,0.16560397899552062,0.679750626641261,1.315086431644279,0.678760014526119,1.3279276121885597,1000,1.0632904791872473,247.19234267950108,0.3046172921123324,0.1662818945879606,0.7477676014148391,1.3885877876292458,0.7373779657948445,1.38920299257965,1000
99,1.235417538617764,324.884865636016,0.5777864377423857,0.14589948763151372,0.9381386010805141,1.5078092350598056,0.949454542859997,1.521380534375531,1000,1.0783329130637824,200.8054405874452,0.5108626615091345,0.17491976955611252,0.7178252378202328,1.3908387779814424,0.7354901647338019,1.421175661393763,1000
100,0.6997860397105593,387.9385132253131,0.4011994458568314,0.16683620068225655,0.35972285723236297,1.0286967057165366,0.37278708637333646,1.0267849930477821,1000,0.6615397596654233,230.0185775879182,0.3625294029802284,0.18005606316977885,0.2991229772556936,1.014746303597987,0.3086298758526568,1.0144496434781898,1000
101,1.058307447714438,255.78690889361687,0.9417668544184743,0.1710995311787645,0.7323337622188343,1.4008551199596637,0.7229523666040596,1.3936625288248166,1000,0.9029179934611129,196.9179547065478,0.48724957607151265,0.1631193912889031,0.627143334957442,1.245785833695338,0.5832039865348628,1.222632000387363,1000
102,1.0765532504610702,404.70592160628917,0.38857771845515154,0.16120403726202595,0.7612113586421358,1.3802838685725798,0.7605933374274993,1.392513163494641,1000,1.1178265956023523,287.39382159637245,0.280567137065943,0.16842413592793692,0.7890600903874296,1.4403837631844134,0.7877152891835959,1.4479379020211087,1000
103,0.8885155256469885,376.35393483152194,0.38230920210536296,0.16048127240794094,0.6009551388360074,1.2273915404136724,0.5739722317274243,1.2030588195665528,1000,0.9315545098151314,221.560455903204,0.3910671355708084,0.1627807713066191,0.609626343190822,1.2721657241456312,0.612504198054158,1.250604821576105,1000
104,1.0442328597466122,379.36657035969955,0.4144646802654863,0.16300915641456765,0.7275952615160668,1.3709057170388526,0.7247349131740596,1.3637308063191647,1000,1.0550982273659968,173.9300069900037,0.5245183780720164,0.17748987045500733,0.7254854690440569,1.4132424378001471,0.7072180812741824,1.4029783734578112,1000
105,1.2168959874015772,385.1991116525101,0.37619661593793213,0.1490856260862962,0.9195741934879521,1.5172704009727922,0.9246881602724367,1.5091038145307176,1000,1.1636106116926954,262.96723690462187,0.4425055113094482,0.1639010639824204,0.8691146016560385,1.5022287946139254,0.8423645262871514,1.4848566970982393,1000
106,1.2262212451967365,385.0707759026512,0.5473325085032534,0.1655038531849422,0.8844836221854939,1.5401564622245316,0.9018336929542498,1.550608797439223,1000,1.2285567588367607,243.8697656739926,0.3962521912533985,0.16681542543410963,0.8903928711153957,1.5507137563022513,0.9015985249859059,1.5555149926876157,1000
107,0.9060450022304272,400.19342415407664,0.3300765157824021,0.16434127438394386,0.5759740876800769,1.223317239201498,0.5839361044378972,1.228153900022957,1000,0.8881037219294181,220.14383200996147,0.415262971014697,0.16643501076619524,0.58076919472933,1.2324513886986137,0.5618911008276755,1.2143163430311608,1000
108,1.181876795938324,280.0657574881636,0.8664954967376599,0.15997378192316558,0.8867063561434153,1.5089080734557407,0.8683281833689196,1.4954254085077285,1000,1.1619921109649733,172.07491490093676,0.6064239957408607,0.16913527927159577,0.8426250586455377,1.5042301238521065,0.8304869635926456,1.493497258337301,1000
109,1.1900033763703997,299.38612065460234,0.5099838989771629,0.15042768912978052,0.8729437102585988,1.4643416325652112,0.8951651056760299,1.4848416470647694,1000,1.1142170884110336,175.2818766366535,0.5099464824529305,0.16195054560785593,0.7770395961847186,1.4258953412198154,0.796794019019636,1.4316401578024314,1000
110,1.0522819291414027,359.0808518256494,0.39235406906054454,0.16234286210169005,0.715930722960704,1.340682375501954,0.7340899194220902,1.3704739388607152,1000,1.0758477951091114,240.94651078556075,0.45654633915557286,0.16447305948438964,0.7525641266711749,1.3884220535178908,0.7534805985197077,1.3982149916985152,1000
111,0.859317594380252,404.02936002460734,0.3148506245942895,0.1359836303278585,0.5772414928758919,1.108588966440264,0.5927896789376493,1.1258455098228546,1000,0.8778300675382524,233.07343028942748,0.3465437247058736,0.16214136329370044,0.5515224109666297,1.199448570070651,0.5600329954825995,1.1956271395939053,1000
112,0.9716335343234195,389.5016322393812,0.5179146896225378,0.15634332943363013,0.6652513883911049,1.2665513987290642,0.6652006086335045,1.2780664600133345,1000,0.9344741284643554,163.3617348184338,0.5697617510485408,0.1795938167701464,0.5765680907100502,1.274630759834934,0.5824702475948684,1.2864780093338424,1000
113,1.0017637625757085,332.9247742914039,0.5168967321514634,0.19297220506003546,0.5718638572612555,1.3433639493300769,0.623538240658039,1.379989284493378,1000,1.0208770778115646,177.9391436006407,0.4779037953922636,0.17660491526365046,0.6634535315125738,1.3623459842411134,0.6747314438948097,1.3670227117283194,1000
114,0.855391092779701,395.56263864193994,0.36373673534030165,0.16583130226675766,0.5381213423213027,1.1754699882308586,0.5303617403368561,1.180420445222546,1000,0.7722186429836138,252.73611768718274,0.4367387585693583,0.16806191966263095,0.4375403444075445,1.0844074836476763,0.4428172804448571,1.1016200055223704,1000
115,1.2150272046059698,376.9995313069365,0.4417117287548103,0.15082311547159172,0.9321812335962021,1.5192864196202849,0.91941389828165,1.5106405109302896,1000,1.1232295333581828,248.62970544516048,0.359570800715518,0.1609022614870144,0.8271423795058447,1.4468203517938216,0.8078611008436345,1.438597965872731,1000
116,0.9900153673175738,328.00659772675203,0.6975796703955051,0.14729043143556048,0.7126526535808884,1.2828232005185214,0.7013261217038753,1.2787046129312722,1000,0.9095440195264888,184.62923709529323,0.7828540318506176,0.20213521470567394,0.527538562774272,1.257075143527178,0.5133589987033679,1.3057290403496098,1000
117,1.0653964775791396,296.3197649693725,0.764415521093985,0.1721009992677451,0.731282124558234,1.3968822438589386,0.7280785190143592,1.40271443614392,1000,0.9537712429408565,208.90021208423906,0.45014529452936014,0.15502988339355733,0.6639039616014304,1.26559679871157,0.6499126714894841,1.2576298143922289,1000
118,1.0103092397806526,332.23201745648583,0.49166564437264615,0.15843305703611293,0.7189172969493812,1.343332959498716,0.6997804479898713,1.3208380315714339,1000,1.020425122412557,227.764961909566,0.3675488997732746,0.15804345795671604,0.7214008943258262,1.3449970784617442,0.7106599448173935,1.3301903000077204,1000
119,1.0657972965251434,346.5143709242837,0.678988277172813,0.16152424559534248,0.7641896056288282,1.3708900825625385,0.7492097751582723,1.3823848178920146,1000,1.020952951774241,205.4853464284783,0.6412178542151217,0.19567453550510097,0.6726958500668544,1.4236408552030198,0.6374308621842432,1.4044750413642388,1000
120,1.1888739777115664,317.19427022527526,0.8328623689095296,0.16316028248790176,0.8865648800810428,1.5160644385985782,0.8690798240352791,1.5086681313878538,1000,1.043044959523041,212.7633613777023,0.406298558732604,0.17281756422058714,0.7465598548362291,1.41252304991587,0.7043225336506903,1.381767385395392,1000
121,1.0169047523335562,359.3054990518861,0.39204837511558077,0.1387249943220808,0.7312903897684585,1.2835753239761947,0.7450037634622778,1.2888057412048344,1000,0.9011543594711671,222.66687520510558,0.91509286086247,0.17827125410361241,0.48073817118968526,1.214084758628311,0.5517427014280867,1.2505660175142475,1000
122,1.0704113485715996,439.2445069741641,0.252968238841813,0.15006827253799862,0.7732029269760415,1.3602156245156198,0.7762775343971222,1.364545162746077,1000,1.0905463095463679,221.4969546532797,0.46774852735387346,0.18061289591658083,0.7676166062764023,1.4832754845370382,0.7365450335498694,1.4445475855428662,1000
123,1.1268547085393092,328.6510836251687,0.723768937110721,0.1802012775137559,0.7878893141329221,1.4820463862047182,0.7736602046123477,1.4800492124662707,1000,1.1116679213239578,221.18133608827935,0.9917905580662278,0.21699822412575784,0.7493170912509303,1.481088830945017,0.6863514020374724,1.5369844406104431,1000
124,0.9231096950843636,297.2936455169534,0.5945229542056775,0.15979878265210062,0.6096964409808087,1.2379795728014151,0.6099040810862464,1.2363153090824808,1000,0.8098877619094473,163.65114234747966,0.7351983714441629,0.179237379349058,0.45335118204647834,1.143248546034788,0.45858249838529364,1.161193025433601,1000
125,0.9942519588562144,339.82550942069213,0.5431748117185642,0.14461279224351556,0.7174485373516324,1.2593082582764767,0.710810886058924,1.277693031653505,1000,1.05569132187752,247.86484447733378,0.344242719842455,0.155282617316863,0.7329942503843634,1.3476435981652208,0.7513373919364684,1.3600452518185713,1000
126,1.1814951355408183,404.1228851093874,0.32547424174596556,0.142162030704414,0.920541265844292,1.4696038064704673,0.9028575553601669,1.4601327157214699,1000,1.1436513824184957,265.3270085978865,0.31777930696810236,0.15522324454085612,0.8433683495072953,1.4426718987329548,0.8394138231184177,1.4478889417185736,1000
127,1.0870820077451855,305.86270835151356,0.6445427709180285,0.1438005128203961,0.813220999538431,1.375408625270972,0.8052330026172092,1.3689310128731618,1000,1.1024063785394862,198.4683912941774,0.45698400067525485,0.1519208660137792,0.8186278777484468,1.413634765535337,0.804641481152479,1.4001712759264935,1000
128,1.1492760357501788,305.90165917573484,0.5655522071005891,0.15884459820010757,0.8304910978685373,1.4605662892060172,0.8379406232779679,1.4606114482223895,1000,1.0369755952051158,213.82445590742884,0.45928499640249304,0.16052600376866205,0.7059151464085404,1.348695462994741,0.7223446278185383,1.3516065625916935,1000
129,0.9334528203283066,433.8420956830921,0.3468861487378538,0.15401945209248627,0.6334289824040765,1.2299281461280316,0.6315746942270335,1.2353309464295796,1000,0.9130860525611042,231.61230607970305,0.36568553295819356,0.14886493475210608,0.6126385349330044,1.1982922670361509,0.6213107804469763,1.2048613246752322,1000
130,1.2427832498623714,327.93701013778536,0.6656441484200872,0.1432861093904836,0.9541163452043144,1.5200920773257458,0.9619424754570236,1.5236240242677193,1000,1.1837674534775198,227.03012019287908,0.5070769556858603,0.1639981686250184,0.862847104067485,1.5124525322598688,0.8623310429724838,1.5052038639825558,1000
131,1.0832514898561802,373.70181552149774,0.3657986316742778,0.14132578763661938,0.793700177071646,1.3636286717848751,0.8062529460884063,1.3602500336239542,1000,1.0194032369313026,221.31563582832592,0.4179236439585474,0.15949636860555885,0.7029495093711466,1.3242600261139805,0.7067903544644073,1.3320161193981979,1000
132,1.2280160306426462,387.7581346282865,0.4003207778417514,0.15972569000174208,0.9019375600137716,1.5419694339807262,0.9149536782392318,1.5410783830460606,1000,1.183386801820647,186.72179575514096,0.46312969370777685,0.17735056693203907,0.8028881062713235,1.533329879569266,0.8357796906338504,1.5309939130074437,1000
133,1.0389554812207886,357.63884083415894,0.47140651741942247,0.1392821714909363,0.7820435057549037,1.3168614778009846,0.7659624250985535,1.3119485373430237,1000,1.046921927357142,194.23415607067665,0.7208022608640096,0.1832911289184105,0.7531914399353281,1.4825096730256517,0.6876713146770573,1.4061725400372267,1000
134,1.1229113901641328,351.4243544435253,0.683960984395188,0.15762236674454722,0.8167007243614806,1.446212170756426,0.8139715513448202,1.4318512289834453,1000,1.109473189872939,239.61392951068436,0.36076754001637606,0.16405249252846352,0.7951745593675504,1.458541418782069,0.7879303045171506,1.4310160752287275,1000
135,1.1224054575795726,326.0075511510113,0.5137175548811457,0.1474813428559197,0.8414594404459351,1.4220128667672294,0.8333420255819699,1.4114688895771752,1000,1.0533772432501443,196.83212337295927,0.44605950240802394,0.1514189194268268,0.7783540680353949,1.353648977816262,0.7565961611735637,1.3501583253267249,1000
136,1.02855911348701,331.048711828757,0.5761190992751644,0.16604112566462623,0.7261815309071091,1.3627539992082998,0.7031185071843427,1.3539997197896774,1000,0.9338497870761246,182.5986145108907,0.6736588199704603,0.18377094946663916,0.6088602202785329,1.3180142455285797,0.5736587261215119,1.2940408480307375,1000
137,1.0317007045071103,294.9383039142543,0.8682613910148177,0.18420165174635417,0.7209022368339598,1.433573901745299,0.6706654670842561,1.3927359419299643,1000,1.015603192288236,190.6310530157484,0.5641877125540946,0.23697977540837684,0.7111081413721747,1.621997531327612,0.5511228324878175,1.4800835520886546,1000
138,1.4371844963792602,376.8495765174791,0.36583432127297577,0.1579563538524379,1.1064353556673938,1.7366028167118401,1.127590042828482,1.7467789499300383,1000,1.2881966348134362,172.5806452840007,1.1926229208946142,0.2655091713420899,0.5864016375394419,1.6857239175006602,0.76779865898294,1.8085946106439323,1000
139,1.192757620395306,291.23556544842785,0.6926686435865264,0.1444958065358925,0.8996283122099673,1.4779153609730908,0.9095458395849567,1.4759694012056555,1000,1.186045982346203,167.18236023997142,0.7696309951643292,0.24621627526520487,0.7900194989583561,1.5456779583777425,0.7034620828264015,1.6686298818660046,1000
140,1.3704625508851453,295.45116688291785,0.9222799283037654,0.16339325749440428,1.0537227330213486,1.6861795375986541,1.050211766196113,1.6907133355741777,1000,1.3659715313600844,222.45907412377625,0.6409169142562047,0.1896533778112531,0.985777825619049,1.7177614142834554,0.9942509108500284,1.7376921518701405,1000
141,0.9098056265107124,359.58868444135555,0.4935032360681497,0.15065366954735301,0.6321517521592278,1.1997142860597125,0.6145244341979005,1.2050868188235242,1000,0.8493423178071311,286.1918605545557,0.3300200146558179,0.1600139407985724,0.5223159316500194,1.1418465551415677,0.5357149938419292,1.162969641772333,1000
142,1.2100924435279885,353.17489120922863,0.41652699608419186,0.16051470324563236,0.9064716572009259,1.5289816320862593,0.8954836251665491,1.5247012618894278,1000,1.1866466278485586,257.8458155833842,0.44869195421919883,0.19130062813752016,0.8401064007201412,1.5851393283324675,0.8116973966990191,1.561595858998098,1000
143,0.9884200118456397,395.04174993801126,0.36165330717421346,0.16413583713731084,0.6743456963750705,1.296359401708168,0.6667137710565104,1.310126252634769,1000,0.9849332485540057,220.95548782538606,0.3884843355940422,0.1576639516265863,0.6932338496032917,1.2836631123741462,0.6759119033658965,1.2939545937421149,1000
144,1.0482711677091556,346.91903247565324,0.5620771742347709,0.15829354096455944,0.7361619173099093,1.3558738331120983,0.7380158274186192,1.358526507999692,1000,0.9524699301437538,204.04086789827332,0.4568862056032685,0.16215706079330036,0.6474745474526191,1.2850656599626784,0.634642090988885,1.2702977692986226,1000
145,0.9504515496207075,388.92246672455633,0.4279057262268754,0.14996711735052745,0.653035957807858,1.243765183279768,0.6565159996136738,1.2443870996277413,1000,0.8819939075003935,268.0619496283568,0.5566922521133566,0.16276927228592125,0.5703137478111954,1.2026793967173754,0.5629661338199878,1.2010216811807992,1000
146,0.9518675803942838,347.2879302087724,0.46174087315891055,0.14768219217464587,0.6372774482208156,1.2520567246026495,0.6624104837319779,1.2413246770565896,1000,1.0136639678812451,243.11137214465424,0.33105711793891773,0.15249609808997833,0.7031903312145291,1.3090589010229496,0.7147716156248876,1.3125563201376027,1000
147,0.7059336167478119,361.98553406154383,0.6088063551936536,0.13340174542242098,0.42733681799080503,0.9551745214531556,0.44446619571986673,0.9674010377757569,1000,0.8005191343703668,197.51133265144492,0.4824063404408518,0.14225674445245687,0.5200988905964998,1.0674512201396733,0.5216959152435514,1.0793423534971822,1000
148,0.9092891581795568,327.1027182356444,0.9127184239836893,0.1735161015764051,0.5886882107621434,1.2563277135097841,0.5691975990898028,1.2493807172693108,1000,0.8928650249558263,243.58610671088007,0.41409417139279825,0.1616470807245744,0.5846559935148853,1.2327754394837256,0.5760367467356605,1.209693303175992,1000
149,0.9175352858968384,364.41094464321895,0.5232170681844878,0.17813414985920445,0.5632562814486216,1.2451512092594352,0.5683923521727977,1.266678219620879,1000,1.0433963576275913,214.41448733475988,0.4133014399365532,0.1863076934580006,0.6652865521103316,1.397197837683998,0.6782332784499101,1.4085594368052725,1000
150,0.9475221106529257,404.9521391145135,0.3959077753784989,0.17250423750813842,0.5821713846780379,1.2817200816419942,0.6094138051369744,1.285630416168877,1000,1.0180756931411197,227.3614616738459,0.5864972187058435,0.1943090842099942,0.6235352963267107,1.4019487557298675,0.6372298880895311,1.3989214981927083,1000
151,1.219124739806015,282.3219451928433,0.8725519672977157,0.18904453041974148,0.8295520296227272,1.5882267397725083,0.8485974601833217,1.5896520194287083,1000,1.1734629720914675,168.0635124765305,0.5736756449497756,0.18143712617659075,0.8257918847458856,1.539511600319432,0.8178462047853496,1.5290797393975855,1000
152,0.9495466022146695,411.47929461962025,0.3420534734112477,0.1376921071321339,0.6821211155840899,1.2245514041737438,0.679670072235687,1.219423132193652,1000,0.9386445156726055,231.01928864393568,0.5160050225224841,0.15847687381699868,0.6309429691731704,1.2405133374115571,0.6280298429912881,1.249259188353923,1000
153,1.0582456202596218,328.76526891102674,0.5109501910507215,0.14919756620108368,0.7565757286555957,1.3467255662891118,0.7658183905054978,1.3506728500137457,1000,0.9516258829645587,207.72336968337055,0.4327320396909163,0.1577618373926656,0.6648051571481525,1.275103967511139,0.6424126816749341,1.2608390842541835,1000
154,1.0314655907444021,317.4369791397266,0.430554218671803,0.16033459311304407,0.7317486860887306,1.3474919291054006,0.7172097882428358,1.3457213932459684,1000,0.9228706613084352,205.77647675775728,0.5358636159091236,0.20707803512008288,0.6002352756735925,1.4200697719928996,0.5169977124730727,1.3287436101437977,1000
155,0.9115877025083834,332.33912275035453,0.6079073873996093,0.16171546654624946,0.5763569591451165,1.1994746503582712,0.5946253880777345,1.2285500169390322,1000,1.0092293511551764,217.64528003914262,0.5721116975743532,0.16216018599230414,0.6425911186070693,1.3074817909826817,0.6913953866102603,1.3270633157000926,1000
156,0.9265286490790547,375.5281967411649,0.4660761702109456,0.16254996362806395,0.6041046347290581,1.225602560236435,0.6079307203680494,1.2451265777900602,1000,0.9137270032677689,221.80697953896967,0.43577567473657164,0.17729229256983292,0.5656590754588697,1.245560368636395,0.5662341098308964,1.2612198967046413,1000
157,1.1736221715288289,403.11370498226086,0.3544585599439662,0.1501364751854116,0.8803093637953509,1.452009265529095,0.8793546801654222,1.4678896628922355,1000,1.1932157777353591,211.092822737686,0.4070799104168868,0.17720627508399941,0.8361996083365034,1.5428325429523377,0.8458914785707203,1.540540076899998,1000
158,0.8583433353103334,297.103148445881,1.0128440837082997,0.17262897215101375,0.5185152604679133,1.1900849451460485,0.5199905498943465,1.1966961207263203,1000,0.8708301663910527,225.25504799349602,0.5849760653066027,0.16360029649729924,0.5430632692663134,1.1980776811768528,0.5501735852563462,1.1914867475257593,1000
159,1.3635666003841918,403.6229550904678,0.36598632957014127,0.1590957989380741,1.0725208479158983,1.6915342698394735,1.0517388344655665,1.675394366302817,1000,1.3999150561581435,287.7712235895381,0.4366900323013873,0.18901889450289158,1.0788210623904855,1.8224830378262042,1.029438022932476,1.770392089383811,1000
160,0.830419912421108,343.32328895540536,0.4499643503531866,0.14812778581295766,0.5435480040149584,1.1304163209004143,0.5400894522277111,1.120750372614505,1000,0.7917885330917493,223.77250180413134,0.40570486147311957,0.1567234649698026,0.4952297091909269,1.0992338567158122,0.48461054175093626,1.0989665244325624,1000
161,0.9865090061721395,372.8623549213443,0.49937316117452957,0.1395088248352334,0.7176183810535268,1.2597278131132115,0.713071709495082,1.259946302849197,1000,0.827191334763512,217.14183694740112,0.8057851840146083,0.1687333986893113,0.5025283050458845,1.1520253739205637,0.49647387333246185,1.1579087961945622,1000
162,1.0723388820224287,349.8835220984664,0.4931336045879017,0.13514040575000183,0.7895369662628217,1.3168430745411606,0.8074636867524251,1.3372140772924324,1000,1.0231313888617457,252.06277970003475,0.5842536599312278,0.15593544271035345,0.7242920768958506,1.310414501007252,0.717497921149453,1.3287648565740384,1000
163,1.2644096396313196,375.4601533342796,0.37184814461186794,0.1327456886770113,0.9965072170602302,1.5173336817567968,1.0042280898243774,1.5245911894382618,1000,1.2208965163328847,196.55935286242982,0.45906771973839305,0.15040964306180815,0.9201606435221101,1.5258430326728194,0.9260936159317407,1.5156994167340287,1000
164,1.5469864165794789,317.1774757235508,0.9516337636279282,0.15212398160185026,1.2587947527645977,1.8507449884596738,1.2488234126398523,1.8451494205191055,1000,1.5243523206996703,211.0609682064985,0.5832414793411577,0.1816673545696332,1.2068592792455468,1.9125293400374168,1.1682843057431893,1.8804203356561513,1000
165,0.9067766597831839,409.83788399800324,0.38975533940769025,0.16580693894176474,0.6121301737950354,1.2321440169874367,0.581795059457325,1.2317582601090429,1000,0.8290460692620782,230.79708200288334,0.40942811325422984,0.17183382340625603,0.5412823160662672,1.1943641519157198,0.49225177538581644,1.16584036313834,1000
166,1.2007455452650353,378.07939247180235,0.492453692847047,0.1631435415157934,0.9061657784474296,1.5375585092399788,0.8809842038940803,1.5205068866359903,1000,1.1316854223753339,245.58248990306723,0.744997856393691,0.1761971125952335,0.8054903775190541,1.4888788479517678,0.7863390816886762,1.4770317630619916,1000
167,1.011805786669628,316.3891332781669,0.7068904164060612,0.17792764451972232,0.6629389827183936,1.3666045608909856,0.6630676034109722,1.3605439699282837,1000,0.6823223555499145,143.4412061425283,2.09295255029302,0.3081403761347509,0.08138821751805404,1.2531068541327086,0.07836721832580273,1.2862774927740261,1000
168,0.9653096179314113,346.64086455481157,0.7650672837341441,0.1773244610866514,0.6177765093830901,1.322566263930449,0.6177536742015746,1.3128655616612481,1000,1.0734156112211473,237.14386283557215,0.38040655293840225,0.1687685841848065,0.7476303145630825,1.4037753218661404,0.7426291862189265,1.404202036223368,1000
169,1.1950553973788949,386.9049989946969,0.39075434311006435,0.15265590020745065,0.9084179874007058,1.493132088085818,0.8958498329722916,1.494260961785498,1000,1.2232601923096884,239.6518260951289,0.42430304422928916,0.15780715664617706,0.9284691230119005,1.5391081693081314,0.9139581652831814,1.5325622193361954,1000
170,1.0083353705891211,349.1909832760916,0.5162394845486347,0.15424305493252294,0.6922847941607458,1.3041921848067217,0.7060189829213762,1.3106517582568662,1000,0.9055393456321761,246.16861393320545,0.3393737003109819,0.1798876079947061,0.5371276073121475,1.235880905540246,0.5529596339625522,1.2581190573018,1000
171,0.7912236769326024,318.9046021842166,0.5430865474588024,0.14252336497561505,0.5044619187498649,1.0563127139421626,0.5118778815803969,1.070569472284808,1000,0.8374715706707159,186.4917412417163,0.5093048161766083,0.1480835365619286,0.5435526408720596,1.108376803571536,0.5472278390093358,1.127715302332096,1000
172,1.1033273377010522,291.3547402816834,0.5511606979615576,0.1564779190811687,0.7784296618855502,1.4029134723764851,0.7966306163019615,1.410024059100143,1000,1.2433758074487904,199.02316064658226,0.46686965719813606,0.1453240316660068,0.9604274172974842,1.521516118142582,0.9585407053834171,1.5282109095141636,1000
173,1.0394781187000501,280.4029035355855,0.6254992562158782,0.16982147630725822,0.7151583554043831,1.4005778305149776,0.7066280251378241,1.3723282122622762,1000,1.0634548133657082,198.64040384076264,0.5467691891300843,0.17299698961918683,0.7346155362644443,1.4266180501967747,0.7243807137121021,1.4025289130193144,1000
174,0.86736779852016,404.19007709795346,0.32953060982775945,0.15647668973274384,0.569309300208149,1.185495664200367,0.5606734866439821,1.174062110396338,1000,0.8640871915648018,167.37795703776013,0.5359353142348203,0.1645967626725163,0.563299115447125,1.190354061472736,0.54147753672667,1.1866968464029337,1000
175,0.9405710845336843,275.1532300074943,0.53129971582539,0.17013648007933976,0.6171791291548852,1.2527950631576816,0.6071035835781784,1.2740385854891902,1000,0.9637640928458779,155.46075436393886,1.4373098544251217,0.2007223779817207,0.568894342576578,1.391706487048144,0.5703482320017054,1.3571799536900504,1000
176,1.4475998361882496,284.03956353178785,1.0584337747434205,0.1516979844679362,1.148847572118758,1.756541144755263,1.1502717866310948,1.7449278857454045,1000,1.594669996366906,200.80102201492886,0.8187052139893809,0.1792165126504995,1.2759950481030218,1.9809469304969274,1.2434056315719269,1.9459343611618851,1000
177,1.0324167134978774,322.33406722306637,0.519917529034676,0.15984763878306613,0.7028544966363545,1.3412038932304737,0.7191153414830678,1.3457180855126871,1000,0.9798969238611237,210.8791524293372,0.46181855019921986,0.16708010889018332,0.6554136819208719,1.3176355060120382,0.6524199104363644,1.307373937285883,1000
178,1.274254770083148,364.62398351252074,0.3892171317241098,0.1517491760191007,0.9774008378895588,1.5639772239201502,0.9768263850857105,1.5716831550805854,1000,1.2556678736721445,219.07611562651527,0.379430765771503,0.16439945193735808,0.9186167134176633,1.5753093885781502,0.9334449478749227,1.5778907994693663,1000
179,1.146278497016926,333.2706638724088,0.5156470882085731,0.1418981453240986,0.8902883314802847,1.4408944205433611,0.8681581321816927,1.4243988618521592,1000,0.988040839620943,204.54180890120634,0.631071988911645,0.16978568958631496,0.6961105331877507,1.3501477178187837,0.6552608880317656,1.3208207912101204,1000
180,1.1812298570297965,384.6680708851751,0.3506601359667642,0.14859673866846482,0.8766068747961,1.4686755296631706,0.8899802492396055,1.4724794648199877,1000,1.2331193484404364,201.4638099493458,0.5894584917780067,0.16962506167645944,0.8824663888167722,1.5637778041847512,0.9006542275545759,1.5655844693262968,1000
181,0.7295591256683447,400.46654433657545,0.3301735694144468,0.17293077022340686,0.36960936551099244,1.0429327044558931,0.39061481603046727,1.0685034353062222,1000,0.6036495013911218,233.52029357985683,0.3844820747434505,0.18446710703253516,0.2727995880924363,0.9708771166152538,0.2420939716073529,0.9652050311748908,1000
182,0.9354641290101284,278.51313136613953,0.8971128209211292,0.18335572404836345,0.5593698627280886,1.2780842406495414,0.5760869098753361,1.2948413481449208,1000,0.9763060874570741,222.6964360499142,0.4159946749357183,0.18432065154844252,0.6022823906624784,1.3206374566527859,0.6150376104221269,1.3375745644920214,1000
183,0.8959233154887776,277.21362915809266,0.7550532676278109,0.17020251839645129,0.5609319329185091,1.2208216115045283,0.562326379431733,1.2295202515458221,1000,0.9836417490028273,169.5010889246447,0.5573591074892265,0.18180419644073847,0.6332231405603448,1.3553788330357122,0.6273055239789799,1.3399779740266746,1000
184,0.9419791622282281,310.3891253132942,0.6393158315917697,0.14008611383101022,0.6648203150400626,1.228175891202764,0.6674103791194481,1.216547945337008,1000,0.7810391128492582,217.27337757463178,0.3922918452446169,0.14975890710274742,0.5063653323951456,1.0862630042535328,0.48751165492787324,1.074566570770643,1000
185,1.1334080919599647,359.35979840877116,0.7301029593801133,0.15321027788952754,0.8566982585688336,1.4411984974704022,0.8331159472964907,1.4337002366234386,1000,1.0968908539440752,215.81781291239798,0.8097230663321526,0.1876965346350641,0.7885554438847988,1.5078978245660237,0.7290056460593495,1.4647760618288008,1000
186,0.7118490275972871,325.7345852118973,0.5281266921077665,0.17495959202929645,0.3918132031428815,1.043991585243277,0.368928227219866,1.0547698279747082,1000,0.7041758067061816,213.64264813940085,0.47516626378416316,0.18403576025872476,0.37243006448375693,1.0868850085339248,0.3434657165990811,1.0648858968132822,1000
187,0.8150886197452492,379.33467855068596,0.34282689371006625,0.15604322253782102,0.5249082938642113,1.1339340443950208,0.50924390357112,1.1209333359193783,1000,0.8506243496839825,259.97315232220546,0.3880717122028457,0.1506619728871468,0.5872583978806674,1.1625400297739017,0.5553268828251747,1.1459218165427902,1000
188,0.8848393191042083,340.3712964932924,0.5168068387624001,0.15818552809709643,0.5792012651226413,1.1690022012929044,0.5747956840338992,1.1948829541745174,1000,0.9652583653645086,174.74265373945707,0.4812332560616852,0.17178539013632035,0.6207751249934667,1.2752662107980473,0.6285590006973207,1.3019577300316965,1000
189,0.8451815879038289,433.7797124642332,0.263841876766834,0.14364528624466869,0.573575690730608,1.1144610478491679,0.5636368268642783,1.1267263489433796,1000,0.7644504333470432,251.9460881026502,0.4682681100282782,0.15270773011118832,0.454044926253078,1.0434060300626404,0.4651432823291141,1.0637575843649723,1000
190,1.202605668424244,308.4129068421992,0.757045219260517,0.1673948343927455,0.8765747115162122,1.5351309181052601,0.8745117930144629,1.5306995438340252,1000,1.2550039778544666,197.6875032785039,0.6625902608079994,0.16154530348987986,0.942595256230107,1.5678733649634915,0.9383751830143021,1.571632772694631,1000
191,1.02600148295025,348.1005493113234,0.5467463828127184,0.1559572048085892,0.7235162072868216,1.333467494346476,0.720325361525415,1.3316776043750849,1000,1.0491509772081966,228.89138916764534,0.378722724003847,0.15765124934060407,0.7519974023403814,1.3641898634623622,0.7401545285006126,1.3581474259157806,1000
192,1.1838721611102812,422.2593644298812,0.2680295167501302,0.16094500508404455,0.8589643231555542,1.50055734895067,0.8684199511455538,1.4993243710750086,1000,1.0994613758984597,231.9647647289358,0.48815056001060847,0.1827717584008915,0.7171016860606899,1.4327778475307782,0.7412287294327125,1.457694022364207,1000
193,1.1158983743760125,340.42979186013457,0.5050724095422678,0.1466692311941223,0.8292929271762771,1.3889942531346633,0.8284266812355328,1.4033700675164922,1000,1.0688246177497613,164.2079589251697,0.5876711359074875,0.1684693373726743,0.7237224460987507,1.360995343459829,0.7386247164993197,1.399024519000203,1000
194,1.1154416995880867,316.1581940779696,0.6335986590638936,0.14517303016764135,0.8135164290197466,1.371300372383662,0.8309025604595097,1.3999808387166637,1000,1.0906394960896928,219.8888622480875,0.44472916294929654,0.14548087418199918,0.7933342423258276,1.361200843462641,0.8054969826929744,1.3757820094864113,1000
195,0.7744207750307379,266.5772609178543,1.0730677840827036,0.17305688284135887,0.44312739248394717,1.117203336680292,0.43522928466167454,1.1136122653998013,1000,0.7927035022834916,168.0958582907451,0.5984622140956561,0.17477274000664833,0.45690038201475314,1.1429520969304992,0.4501489318704609,1.1352580726965225,1000
196,1.0568042983217274,406.2559959285963,0.39725817130734337,0.1397663869475411,0.7780685103308228,1.319564243395996,0.7828621799045469,1.3307464167389078,1000,0.9965118923198397,242.46498184903402,0.33702076182639723,0.1405416846236121,0.7197565042294286,1.2771477845079475,0.7210501904575599,1.2719735941821195,1000
197,1.1419835670771343,313.6199296510107,0.5539880714833825,0.15292627626090066,0.8480860689100613,1.431247237511153,0.842248065605769,1.4417190685484997,1000,1.1527552819608053,200.7105996654191,0.7852866724711086,0.17115071142943217,0.8239013869968004,1.4984035558996394,0.8172998875591183,1.4882106763624923,1000
198,0.884483617704388,404.2502209913906,0.38945935457674974,0.1546480334661774,0.5993958665306801,1.181180939141685,0.5813734721106802,1.1875937632980957,1000,0.7987462429182459,219.2005837811753,0.4024558465188571,0.16604439314744973,0.4956152396491588,1.1355754451770503,0.4732992323492444,1.1241932534872474,1000
199,1.0761279951946081,326.46179068660683,0.5322634895771688,0.16830598334609975,0.727882110872448,1.3812871593580085,0.7462482678362525,1.4060077225529637,1000,1.1280979736950103,213.35377970283196,0.5058564187505755,0.16252776666398927,0.8201137783746192,1.4368557820777235,0.8095435510335913,1.4466523963564293,1000
200,0.9881436299635173,316.76597284848884,0.664883759648963,0.14574497703952616,0.7079062067803836,1.2748072803672135,0.702483474966046,1.2738037849609887,1000,0.8792607621180637,236.6676764164139,0.44533779238155463,0.14669871034132145,0.6061511114349127,1.1762203777334586,0.5917312898490736,1.1667902343870538,1000
201,0.9285181449458757,345.1371167489562,0.5321210503436192,0.13084282862713262,0.6752516541255886,1.1780839251479007,0.6720662008366958,1.1849700890550556,1000,0.8868489698153925,175.7029501429425,0.6018594828688018,0.1549499042388578,0.5923982002809081,1.2038064630609935,0.5831471575072312,1.190550782123554,1000
202,1.045490875298285,359.3078569746329,0.5560504489949153,0.18375312178178804,0.7253023914410355,1.4742843199937523,0.6853347566059804,1.4056469939905896,1000,0.8035318062311716,158.8249964754721,1.6895823224218252,0.30545670895870686,0.29009739195424133,1.509180085199653,0.20483665667210615,1.402226955790237,1000
203,1.2126378563904243,327.724306279908,0.5614777277782722,0.15479146471803745,0.8997786420487648,1.5087900277503348,0.9092465855430709,1.5160291272377777,1000,1.1528073594358772,235.03953650261568,0.5151483301723421,0.17901664143899002,0.7800121861165566,1.4870954270036982,0.8019347422154568,1.5036799766562976,1000
204,1.0382151071668795,277.1403201152955,0.8027516349828234,0.15045298440769195,0.750461520706543,1.3380392618193355,0.7433272577278033,1.3331029566059556,1000,0.9110584390971783,130.68284949183,1.894614065292602,0.23992836090836409,0.375386218993762,1.2951179182933932,0.44079885171678473,1.381318026477572,1000
205,1.0996205524148408,338.19969505795035,0.5844903766603623,0.1352327282782025,0.8291998376659973,1.355891812650541,0.8345644049895639,1.3646766998401176,1000,0.9515452935130511,174.3145506256663,0.48094533151523006,0.14191219384844841,0.6696516724821917,1.225350576956675,0.6733973935700921,1.22969319345601,1000
206,1.1860985700936557,402.47641480847096,0.33615081744756437,0.15932000263736876,0.8714047040064038,1.49401312874412,0.8738313649244129,1.4983657752628985,1000,1.2170369621028696,234.90412937933115,0.450685834466028,0.1679595271909393,0.8886636957521671,1.5588641721591907,0.8878362888086286,1.5462376353971106,1000
207,1.0394524431993477,376.19940725463664,0.42674396754279825,0.16899545937001878,0.701740699512739,1.3612220560525188,0.7082213428341109,1.3706835435645846,1000,0.9114473697822856,244.08370255528502,0.4137643964986081,0.16973379102221048,0.5876467193065003,1.2525773178103519,0.5787691393787531,1.244125600185818,1000
208,0.942246046802679,372.0044141584263,0.4470345839493096,0.1386402354898127,0.6788033207548604,1.2319845048779825,0.6705111852426462,1.2139809083627118,1000,0.8326783881798461,250.87355593292384,0.5913981430258289,0.18927977022565629,0.36860056278597353,1.1423581370409526,0.46169003853755974,1.2036667378221324,1000
209,1.2756265008403016,295.8974794280119,0.801882354908587,0.1896659817072141,0.9229765015225001,1.6702030215165193,0.9038811766941619,1.6473718249864413,1000,1.1812403377023482,204.35242227765087,0.6807364550903767,0.2068773296974822,0.8329315874804105,1.6258514234393406,0.775760771495283,1.5867199039094133,1000
210,1.2803958448084902,427.98625779104026,0.30063441405003605,0.1752824344521364,0.9678341579128522,1.6460182667580123,0.936842273282303,1.6239494163346775,1000,1.1805917958024619,250.35927846579318,0.40836451663679224,0.18882519503705023,0.8229937759829687,1.577502936087666,0.8104944135298434,1.5506891780750802,1000
211,1.1739313798814885,350.43651717030735,0.6337321039872371,0.14997480799476037,0.8776522126727491,1.4587171247529125,0.8799807562117582,1.4678820035512188,1000,1.1636661005944626,210.9360229961074,0.3977303732779957,0.1568628181236224,0.8522292155541694,1.4761964202054005,0.8562149770721628,1.4711172241167625,1000
212,1.089154294325673,362.1270978344965,0.5731968835168814,0.13370463520724615,0.8261401626862125,1.3449233304893875,0.8270932093194705,1.3512153793318753,1000,1.1794876587745655,201.19750764148674,0.4662072112129418,0.1507659130671626,0.8613264136640535,1.4834593754876426,0.8839864691629268,1.4749888483862041,1000
213,1.0253103998430055,426.23845006631285,0.2720892544686009,0.1702311493839234,0.6875593780809868,1.3574982889114553,0.6916573470505156,1.3589634526354955,1000,1.0168005081407034,239.59339793815298,0.35613006090756505,0.17962559093242728,0.666998177963133,1.369820453273878,0.664734349913146,1.368866666368261,1000
214,1.0676661187734622,382.38589047149026,0.3661095899892248,0.17917109183514873,0.6991195691788256,1.40016233389738,0.7164907787765706,1.4188414587703537,1000,1.0258807262527228,204.69070926001862,0.4180266895779306,0.18073993160474164,0.6570913213604628,1.3548961638041017,0.6716304603074291,1.3801309921980165,1000
215,1.0675576686224124,402.46517163404815,0.465963510575957,0.1405197766352324,0.8095605230563421,1.3602724612027337,0.792138906417357,1.3429764308274679,1000,0.9812031385525639,209.44219839440288,0.4145652568849013,0.14950045746069432,0.7059550284105444,1.2883494093815142,0.6881822419296031,1.2742240351755247,1000
216,0.9068930854463622,277.90349539755795,0.9707102393791447,0.19548495388068687,0.4999463433967325,1.2606474296296544,0.5237425758402159,1.2900435950525084,1000,1.042368670536769,222.72968966787573,0.45631452453641735,0.15207946172900186,0.7460516275160857,1.3559646141364052,0.7442929255479254,1.3404444155256126,1000
217,0.9301230915432166,348.60774615583045,0.5496943380362518,0.16564707861449735,0.6197530667350529,1.2571658939778558,0.6054548174588018,1.2547913656276313,1000,0.7302073072260624,223.64480945141892,0.6382648150312745,0.18675009653747085,0.37521945837620163,1.0959922005816827,0.36417711801261954,1.0962374964395054,1000
218,1.2970117238169365,380.3946756017608,0.5992386688119459,0.15887489232819882,0.9966990688458622,1.5962058325261583,0.9856169348536669,1.6084065127802063,1000,1.279783584582015,230.80376363236095,0.3384703566727509,0.17083696250421862,0.944377838545169,1.6064912036452412,0.9449431380737464,1.6146240310902833,1000
219,0.9707687800951663,332.79303299400567,0.7187464645914797,0.1470592954367459,0.6871927720298173,1.2504578184813797,0.6825325610391444,1.2590049991511882,1000,1.0474252968918512,211.45136517612244,0.4256910815514786,0.149218244586096,0.7514458287792096,1.3354730373094692,0.754957537503103,1.3398930562805993,1000
220,1.116842755630242,366.43915319258855,0.40012703721064175,0.1474201822224503,0.8202559060780228,1.3761936390141982,0.8278991984742394,1.4057863127862447,1000,1.1123301704995692,203.78444740554843,0.4331270167651269,0.14951253595922726,0.8198342578203419,1.3934444341326497,0.8192856000194837,1.4053747409796546,1000
221,0.9675735882320375,336.0078194590078,0.5453123118330923,0.14778114669220727,0.675785899274975,1.2437125073076956,0.6779225407153113,1.2572246357487638,1000,0.8817341398614311,208.96548470972576,0.5327153070271259,0.16197585027976846,0.5552198671455391,1.192005657138897,0.564261473313085,1.1992068064097774,1000
222,0.9658287151949363,323.09763958510604,0.47899992372074585,0.17245835370198245,0.637409260379528,1.3029383771054417,0.6278103419390506,1.303847088450822,1000,1.072518876651742,176.368811296159,0.5705711377826423,0.18126292900799928,0.7344996569888865,1.4551051172370648,0.7172435357960634,1.4277942175074205,1000
223,0.9613855209998667,435.0533620052292,0.2767821244911331,0.1392935121406781,0.6922144600649074,1.237312143364441,0.6883702372041377,1.2344008047955959,1000,0.9837815038437097,245.87196007995573,0.32088716209650303,0.15781721373627067,0.6907145147449933,1.2979341335953336,0.6744597649206192,1.2931032427668,1000
224,1.0572496178181943,382.0413530469223,0.3636017320187877,0.14636722259360693,0.7997930821919211,1.3567396019625884,0.7703698615347248,1.3441293741016638,1000,0.9689783784162378,223.12627504297492,0.3991843071635503,0.16963846826361814,0.6740285507455767,1.3412761384587748,0.6364869806195462,1.3014697762129295,1000
225,1.0376986991823993,278.79172201564296,1.3822902323060495,0.15995504570121047,0.7170870374635404,1.335460179575663,0.7241868096080268,1.3512105887567718,1000,1.0267257885456655,222.4093893091463,0.5776067728275952,0.18187081515236828,0.6773253592142565,1.375555445396195,0.6702589908470238,1.3831925862443073,1000
226,1.03054966293455,295.8839108837502,0.5010054177604784,0.18757459131592416,0.7197670481956627,1.4397593558281727,0.6629034639553387,1.3981958619137616,1000,0.9705771694756762,176.62389416216027,0.904964617562553,0.22850086288781485,0.6015627085282201,1.496166887182071,0.5227154782155591,1.4184388607357934,1000
227,0.9824294960619919,345.86934091938787,0.513415908236327,0.18257742165023,0.6153864113022114,1.340196910303474,0.6245777496275411,1.3402812424964428,1000,0.8143164248218682,214.90880240341934,0.6469974229033861,0.20497642520667622,0.37882877038811985,1.1816074286085063,0.4125626314167828,1.2160702182269536,1000
228,1.0887433571752339,368.9445010470012,0.3285089128859573,0.12474187022241846,0.8379106435386376,1.3421829843500659,0.8442492915392936,1.333237422811174,1000,1.0927077771825449,237.3491766043557,0.3531080379643238,0.1232430094477458,0.8726481828089431,1.3392793767806277,0.8511514786649631,1.3342640757001267,1000
229,1.241393085950362,275.75981964128505,0.9165889722939452,0.16541265478320208,0.9215397929717445,1.5611041029853576,0.9171842825752858,1.565601889325438,1000,1.2883996007476028,201.78207483851335,0.5354774308781793,0.1708691542384059,0.950899431762263,1.606330918573733,0.9534960584403274,1.6233031430548783,1000
230,0.9159403670822248,378.5683494518289,0.4084245136561279,0.1559899034819476,0.5944196718938328,1.2048090445512554,0.6102001562576076,1.221680577906842,1000,0.882587289247639,236.2271438756091,0.4998335137976154,0.19223882808770856,0.4600869636614809,1.20683100448215,0.5057991861957302,1.2593753922995479,1000
231,0.7047169583630664,450.87976283800504,0.2539389600060594,0.1425595611101077,0.43864605186259664,0.9830355061645891,0.42530021858725525,0.9841336981388775,1000,0.6630719717951382,196.97197071766283,0.41471465499034993,0.15314657707215712,0.37061822107732606,0.9659867838750061,0.36290468073371024,0.9632392628565662,1000
232,1.010134331819203,381.7554952680799,0.3138278451014706,0.14192408688975788,0.7359629594385683,1.27240868188712,0.7319631215152776,1.2883055421231284,1000,1.0262043502601053,237.06242476656652,0.4545938212725198,0.1566621833915872,0.7357820157620028,1.3402147914308438,0.7191464708125943,1.3332622297076162,1000
233,0.6853913559558436,315.4953834631184,0.6199256067570816,0.17493839519821247,0.3196994799143625,1.0166919407535204,0.3425121013673471,1.02827061054434,1000,0.6410599669558619,208.8860195276535,0.6671389464846229,0.1863138735311349,0.2789518931200148,0.9768278793790666,0.2758847748348375,1.0062351590768863,1000
234,0.974225546962419,314.2264147985702,0.7614163893391543,0.1693977293418107,0.6127414910406059,1.2896008237797982,0.6422059974524701,1.306245096472368,1000,0.9421331258997476,217.13260974292436,0.43983069641095435,0.15998616247901487,0.6358466247650424,1.2643976114727933,0.6285602474408785,1.2557060043586168,1000
235,1.1295013568997017,367.367825183033,0.43812805354923784,0.1470791492920256,0.8549664445356097,1.4117259274265301,0.8412262242873315,1.4177764895120717,1000,1.0844565356604923,271.9423151941117,0.3018439021321146,0.15044091023799905,0.8002215209123187,1.39129320110238,0.7895923515940142,1.3793207197269703,1000
236,0.8482298284488023,335.48758971491736,0.8321540548543365,0.22726035515624116,0.3703476154442856,1.2211650188557643,0.4027995323425697,1.293660124555035,1000,0.9476073717932505,192.98823666547145,0.6305590481731457,0.19023129811330858,0.5900598778524467,1.3454684085353947,0.5747540274911657,1.3204607160953352,1000
237,1.0698207859027704,393.66185628156,0.47020990830317044,0.1482954313906282,0.7689240733898012,1.3564042999537334,0.7791617403771391,1.3604798314284017,1000,0.9931971286374681,257.03629591765605,0.3435234070596004,0.16354329513579904,0.6411098876890156,1.2971554162747716,0.672652270171302,1.3137419871036342,1000
238,0.890571128286886,388.44300672421605,0.4312074606264644,0.1558027970585646,0.5845883059567877,1.1671840232859518,0.5851976460520993,1.1959446105216727,1000,0.8468275569957746,239.97374666135568,0.3383732427289458,0.15385189717638226,0.5359544417695853,1.1297069179501458,0.5452778385300654,1.1483772754614838,1000
239,0.6244980548055001,309.78916623421514,0.8909049759091777,0.18782957482861418,0.21517504669978144,0.943838101458627,0.25635208814141636,0.992644021469584,1000,0.7460499456566207,209.80200337138712,0.4448970524540777,0.15721636362741662,0.4339191035773353,1.0421053164022551,0.4379058729468842,1.0541940183663572,1000
240,1.0854406382188295,289.7796971866268,0.5826014004888794,0.17082690889588745,0.7560067855010238,1.4239329751067824,0.7506198967828901,1.420261379654769,1000,0.9741041053530868,186.36964958593109,0.5327647083055408,0.17072332564450252,0.6759873108245783,1.3350154074158294,0.6394863870898618,1.3087218236163118,1000
241,1.069880850226769,343.2206963247555,0.48268580716840737,0.14622020613146816,0.780657461497791,1.3678981259710468,0.7832892462090913,1.3564724542444466,1000,0.998550418929466,216.5097196829377,0.38518703319632436,0.15956659386061392,0.686946817581128,1.3225638873025622,0.6857998949626628,1.3113009428962692,1000
242,1.0571239559324765,335.0237010187591,0.5241509373083222,0.1762339166408121,0.7145823151541769,1.4254224865900262,0.7117054793164849,1.402542432548468,1000,0.8919218234384134,201.10649876939874,0.8390974282054757,0.2306677208664975,0.3639160874744436,1.2786201658045189,0.43981309054007833,1.3440305563367485,1000
243,0.7932881549490056,347.15856317766423,0.7112525879129362,0.1812200147303047,0.42613007668251024,1.1268175952972823,0.4380969260776084,1.1484793838204028,1000,0.8012672408288544,258.0436322335446,0.4222150314735832,0.1823473345801491,0.4264377001941177,1.1338746136556832,0.44386646505176214,1.1586680166059466,1000
244,0.8877427987227675,426.82779320919184,0.26423739557953363,0.11853485578423688,0.6706764876921307,1.141740948617541,0.6554144813856633,1.1200711160598718,1000,0.9121025293202221,224.15540308681457,0.3409540286449639,0.13180530478243874,0.6689886023135354,1.1842816109619612,0.6537641319466421,1.170440926693802,1000
245,1.089285846493499,451.59513774296465,0.22171623404984522,0.1649121230178417,0.768744076360082,1.4074535462984883,0.7660580853785293,1.4125136076084686,1000,1.0356382648107325,261.3762012587683,0.3067159938550679,0.17127267821873748,0.6985023675754664,1.3656977667135708,0.699943815502007,1.371332714119458,1000
246,1.0419645709485557,315.74471549510366,0.5364712690874652,0.15679586802775203,0.721527915939919,1.3248174413391836,0.7346446696141617,1.3492844722829496,1000,0.9684463553615252,210.28194119032952,0.5321461258748074,0.1711014879911318,0.6259368412941022,1.299806963287803,0.633087438898907,1.3038052718241435,1000
247,1.0152975179464159,374.9401297183152,0.45911230198345415,0.13673482267197426,0.7514685612485564,1.2949011267596975,0.7472972655093464,1.2832977703834854,1000,0.9597217717222528,219.81336977415748,0.3925780985888842,0.145796202513407,0.7056630072602957,1.292083135884474,0.673961214795975,1.2454823286485306,1000
248,0.776563113091628,295.4257504759469,0.8308725017115796,0.17187340348031588,0.42825122482763667,1.070452575259414,0.43969124227020884,1.113434983913047,1000,0.9246482288240672,200.4843454829891,0.4952363759242107,0.14964759256917823,0.6283060768014616,1.2069051169086427,0.6313389473884778,1.2179575102596565,1000
249,1.1659082903333369,381.78251800521105,0.44467997499589335,0.12969764260718142,0.9106470191032754,1.4152253873664642,0.9117009108232613,1.4201156698434123,1000,1.1872760174199404,219.35072842927661,0.4213342090707032,0.13566227277811393,0.9265635024460973,1.457051055330941,0.9213779627748371,1.4531740720650437,1000
250,0.773880413280621,367.0958209596084,0.5579710531177694,0.1742817373590838,0.4307477409709288,1.1033372611745502,0.4322882080568167,1.1154726185044253,1000,0.8574119531181599,223.9561790981085,0.4092569934544431,0.1560784557241669,0.5690009406153471,1.1680048265416112,0.5514981798987928,1.163325726337527,1000
251,1.0490672233254652,358.1915652585594,0.5733887198268445,0.1558872526649151,0.7258747167355581,1.3411885604667202,0.7435282081022316,1.3546062385486988,1000,0.9325831551451844,264.732872187761,0.350743876174273,0.2050535793639486,0.4993514459169191,1.3049039472071249,0.5306781395918452,1.3344881706985237,1000
252,1.0356634404645773,314.00770274592736,0.5190413846127202,0.13005577413208214,0.765059430561297,1.2652611610048892,0.7807541231656963,1.2905727577634583,1000,1.1114982760660377,216.72044572238863,0.4862085475733316,0.13672291441593615,0.8442185804551633,1.3478149507477464,0.8435213638108028,1.3794751883212726,1000
253,1.0455988406511927,316.29297760770197,0.6253182717499387,0.14326181768795276,0.7459308669397251,1.3002360521919352,0.7648056779828053,1.32639200331958,1000,1.04939152185815,209.23584374734872,0.4579404045747292,0.13890694454319186,0.7707004020969366,1.2998878972216215,0.777133910553494,1.321649133162806,1000
254,1.3360898783624626,258.6443101572298,0.7756299771630435,0.2005202468444557,0.9597002458998128,1.7413012826973635,0.9430701945473294,1.7291095621775958,1000,1.3019485448749823,139.39740006619027,0.9756100202524209,0.21905068312438547,0.8816002623241066,1.7911082678617212,0.8726092059511869,1.7312878837987777,1000
255,1.052559588951159,407.35844668111497,0.3094373715595346,0.15871528983319558,0.7414635837890075,1.3524504082011155,0.7414776208780957,1.3636415570242222,1000,1.0791672747064474,194.03506631286987,0.4192835114676692,0.17165191081120318,0.7425483406697918,1.4224577294288463,0.7427295295164891,1.4156050198964056,1000
256,0.9288476600805486,355.8076005650327,0.43070426737802675,0.170470760099639,0.5959054580347761,1.2463237834381826,0.5947249702852562,1.2629703498758411,1000,0.8790106995238647,211.3711833890275,0.3975958071845805,0.1711150873678238,0.5382635604584183,1.2110392360506146,0.5436251282829301,1.2143962707647993,1000
257,0.9052829858636919,374.21423100024765,0.4577421205023728,0.1403278082000534,0.6154520332362917,1.1749128679458285,0.6302404817915873,1.1803254899357967,1000,0.756051893400608,223.78254870668025,0.6778654679564273,0.22164488138471583,0.28042260703699967,1.1026100419962075,0.32162792588656497,1.1904758609146509,1000
258,0.9263958624528952,392.24356384984407,0.34140349112402274,0.16020016122564013,0.6239016256100596,1.2461710577609575,0.6124035464506405,1.2403881784551498,1000,0.9018397698642264,249.62641419976688,0.49763938964977417,0.17499769995745354,0.5813311574842499,1.2663149278834505,0.5588442779476175,1.2448352617808354,1000
259,0.9586202040830378,283.86838910739255,0.7408799485032582,0.16548408384785612,0.6373713421713304,1.2806692510724054,0.6342713997412399,1.2829690084248357,1000,1.0243363150556397,183.63427130693958,0.8753849814429849,0.20219541668816873,0.6608749000003067,1.4487717328694194,0.6280332983468291,1.4206393317644503,1000
260,1.2834671913989073,332.52053952632707,0.5693497338463197,0.1462518959722607,1.0208278496433132,1.5757255126250442,0.9968134752932762,1.5701209075045384,1000,1.0763498281911397,170.11156801472072,0.8832832219988463,0.21042776935086407,0.6978073692434714,1.53172028697453,0.6639114002634461,1.4887882561188333,1000
261,0.8385950080408695,373.1456915944576,0.3927447183633549,0.14513685881289065,0.5503889500966972,1.1074353264650407,0.5541267647676038,1.1230632513141352,1000,0.7693050853891887,231.48483691814744,0.5121637869461113,0.15865594586728465,0.43505986479736175,1.0733608931002527,0.45833943148931083,1.0802707392890667,1000
262,0.9676497753405182,334.951524169913,0.6300841645521034,0.15144279843638161,0.656617916586154,1.2374870847938544,0.6708218904052102,1.2644776602758263,1000,0.9759471976282517,195.49191672954066,0.6451643797014568,0.19697112108292486,0.5820880592085539,1.3233917382431806,0.589883800305719,1.3620105949507844,1000
263,1.2380414303262959,389.8630952410603,0.3783038324993149,0.16311966385591636,0.8989322418239284,1.5262661394137382,0.9183268891686998,1.557755971483892,1000,1.2271538013153196,238.99780672154486,0.5206711817572919,0.17606619149228175,0.8561047471105616,1.5440587292479633,0.8820640659904473,1.572243536640192,1000
264,0.9127050373158117,302.75256860699244,0.7217985035921421,0.1479949107321708,0.6297201224862927,1.2182710501188965,0.6226350122807569,1.2027750623508664,1000,0.9044263760294919,230.24009432782535,0.417455728463018,0.14105977915664833,0.6454018593093138,1.1922634533965883,0.6279492088824612,1.1809035431765227,1000
265,1.1542061829577352,408.9471637275404,0.3601814993075287,0.1703208004787429,0.8216006959874038,1.4955316452942802,0.8203774140193991,1.4880349518960714,1000,1.2772073510767226,226.25033686286167,0.33179023200530516,0.18859288020392012,0.923846729662565,1.6278570293717896,0.9075653058770392,1.646849396276406,1000
266,1.2534469910172308,408.7206213864139,0.32246786349454404,0.15616085639602226,0.9645601494739637,1.5643555068198587,0.9473717124810271,1.5595222695534345,1000,1.1661742218025228,191.05871858799347,0.46265606320961605,0.16618016639716618,0.8687192126448444,1.515456747895867,0.8404610956640771,1.4918873479409687,1000
267,0.9033253626498294,380.30052357779294,0.42715596336905426,0.1521527798570525,0.6028346279425242,1.2017932953613455,0.6051059141300066,1.2015448111696523,1000,0.9542460255224245,220.2726765194862,0.4193914871748238,0.16102201765279933,0.6523788183387994,1.285957753285653,0.6386428709229379,1.2698491801219112,1000
268,0.9728635944864465,296.53499779002357,0.8268162397308406,0.16659830098396017,0.654530119153616,1.2989451092085342,0.6463309245578845,1.2993962644150086,1000,1.059737247737671,201.46786061373268,0.6040482788862009,0.15539207045242462,0.7803952380869597,1.4059672890070076,0.7551687896509187,1.3643057058244232,1000
269,0.9147934534339983,401.38127628779057,0.34209934565150696,0.15383004212723814,0.595287487789361,1.196431807357182,0.6132865708646116,1.216300336003385,1000,0.7981296770726058,239.77038517886146,0.42907511498378237,0.165090292694147,0.4775614902389483,1.1245418497364947,0.4745527033920778,1.121706650753134,1000
270,1.027831147175867,406.1662804059511,0.3634799285057922,0.1525213664532663,0.7191722223162073,1.328012696035123,0.7288892689274651,1.326773025424269,1000,1.1038087261003344,191.9081378151952,0.4650247663274952,0.17002966904083222,0.7604640386154393,1.4493951611814113,0.7705505747803032,1.4370668774203657,1000
271,1.036086536474726,287.49171076656916,0.6678592849826291,0.15766263778279874,0.6995905911984411,1.3181666061720423,0.7270677664204406,1.3451053065290115,1000,1.0672762462722925,208.6606340156943,0.4923784791467238,0.18039401376346817,0.6985299080581354,1.4076486679105396,0.7137039792958948,1.42084851324869,1000
272,1.2813974307205223,372.04424327507394,0.6352576774875726,0.14844452967186125,0.9855823147854883,1.5718312558440892,0.9904461525636742,1.5723487088773704,1000,1.1787645559804614,213.23945260624714,0.40697321186816093,0.15271940915690577,0.8773742410787033,1.4768000613006436,0.879434514032926,1.4780945979279967,1000
273,0.9951069552650937,352.4355271755355,0.9059375512998439,0.15757544525867265,0.7005187591612713,1.295313259381646,0.6862590825580954,1.303954827972092,1000,0.9108559680392974,226.58499711186568,0.40300431443787554,0.1494809500642826,0.6334839614443991,1.2175268893096378,0.6178733059133035,1.2038386301652912,1000
274,0.92831897919995,433.1885863440156,0.2922068596010737,0.14342307829850345,0.6556442067711863,1.2172543014541446,0.6472097457348832,1.2094282126650167,1000,0.9093534727058326,247.9444726454276,0.3185728442452409,0.1581570251524843,0.6185144529628717,1.2361001829307758,0.5993657034069633,1.2193412420047018,1000
275,1.1420566666135037,296.8921549542031,0.6397576059000578,0.17658420433059113,0.7842171951428955,1.4850264862207123,0.795951626125545,1.4881617071014623,1000,1.1092577628073799,224.86062918425793,0.40041296314703323,0.17201523012248318,0.765936246752392,1.4321166875317155,0.7721079117673129,1.4464076138474469,1000
276,1.259779938760773,315.6891444843265,0.6153032895282833,0.16398609241115153,0.939863850528145,1.5787491691209095,0.9383671976349162,1.58119267988663,1000,1.2356302996182036,211.93023519788295,0.6477225884278243,0.17127014106284408,0.9271818394185863,1.588201989010613,0.8999408231350292,1.571319776101378,1000
277,1.1156884441894734,351.43537909005175,0.45946537997279197,0.1784003942759399,0.767231430767934,1.4764671673206071,0.7660236714086313,1.4653532169703156,1000,0.9898046640092866,215.4864949402497,0.5422670025422353,0.19538217683472803,0.6275755312337526,1.4315701097557534,0.6068555974132197,1.3727537306053534,1000
278,1.0852507373767355,303.3990772530781,0.7638167871900906,0.16992616154894513,0.7489157732270428,1.4225354644917625,0.752195460740803,1.418306014012668,1000,0.9897039362522104,179.69540752117285,0.5402828446328061,0.18784835064811828,0.6455625674878409,1.3860012621845452,0.6215211689818987,1.3578867035225222,1000
279,0.8177853285657553,341.14623146515527,0.6828027298500675,0.16267384632449408,0.4831304946287987,1.1227541709488624,0.49894458976974687,1.1366260673617636,1000,0.8092443710381452,219.1057282650767,0.3876730460625089,0.16422300097260492,0.479538496252095,1.1190922503181457,0.4873672891318395,1.1311214529444509,1000
280,1.2850467579719793,349.6164569621868,0.5665509460859481,0.15542237020471905,0.9827486809814237,1.5709208870761813,0.98041891237073,1.5896746035732288,1000,1.1943460886415416,198.40792417298405,0.8808276061763505,0.17635265473692424,0.8729000406251228,1.544652955005142,0.8486948853571701,1.539997291925913,1000
281,1.0172348591958558,397.93863653352673,0.3406208735813551,0.13823189705207709,0.7522599897904577,1.2952939063455287,0.7463003409737847,1.2881693774179268,1000,0.999845208612794,277.29670812492895,0.28825121110448093,0.13898005306946112,0.7150356463310212,1.266150893546775,0.7274443045966502,1.2722461126289377,1000
282,0.727633188702058,289.86954756346006,0.6768750165768169,0.170556899800157,0.3689076613750785,1.037097578127097,0.39334166509375024,1.0619247123103657,1000,0.6689220691055953,160.61688496390633,0.6645218831969597,0.18881835644634481,0.2746922544253847,1.0102964668610097,0.29883809047075943,1.039006047740431,1000
283,0.761006294500902,356.21766705959766,0.5547069018796678,0.176829551212505,0.3782500957984895,1.093305114719883,0.4144203741243922,1.1075922148774118,1000,0.7923338978365941,258.0513343352825,0.36334527164674746,0.17245597787119507,0.42372827295719095,1.1009288765127,0.4543201812090518,1.1303476144641365,1000
284,0.9872870090987766,250.29641396676186,0.7752714203817619,0.16308420206498145,0.6823212662842665,1.3008993691667765,0.667641973051413,1.3069320451461404,1000,0.9611145085283561,135.28646553783477,1.0389786872224196,0.19126919755287744,0.5821040337476361,1.351257430594832,0.5862268813247163,1.336002135731996,1000
285,0.7128745094200477,415.08707744176274,0.2992851236814109,0.15640352358896784,0.4220447185426321,1.0357201659039696,0.40632360318567073,1.0194254156544247,1000,0.7087511907141308,270.4180802542195,0.2973285013318782,0.15963965797541688,0.4069030609577283,1.0160228556721602,0.3958574610823138,1.021644920345948,1000
286,0.9490214724224035,348.31565128234865,0.5176865376301644,0.14424586754419932,0.6518416250680817,1.2192785360785265,0.6662995720357728,1.2317433728090341,1000,0.9889737754970382,257.50343466510316,0.3623359222858302,0.13615621290351346,0.7190017268040426,1.244204635471632,0.7221075982061519,1.2558399527879245,1000
287,1.175970289913272,337.72010220038794,0.48502735991324625,0.16669657087091772,0.8672799254886242,1.5182687325976276,0.8492450110062733,1.5026955688202708,1000,1.11126798463618,221.4597629030599,0.6185635545355412,0.18382808123896477,0.7740678859630165,1.4737700505251694,0.750964945407809,1.4715710238645507,1000
288,0.9150271823996246,307.24872859580665,0.6910768399810816,0.16421408699080298,0.5989127625231221,1.2313619106775124,0.5931675718976508,1.2368867929015983,1000,0.9879806638250921,198.2110309390016,0.5183007081230956,0.178817398492676,0.6591741298476775,1.353359182425549,0.6374985627794472,1.338462764870737,1000
289,0.9938820245997126,363.50085428367566,0.4804119202592327,0.15515781278052743,0.6933489960103588,1.3055005502687456,0.6897727115498788,1.2979913376495464,1000,0.9967859894185858,177.24133855008523,0.48594429040023523,0.18443069390488384,0.6470967800899307,1.3751843947410232,0.6353018293650134,1.358270149472158,1000
290,1.0443335967905498,396.1996152494874,0.40275086581203057,0.13811376414052895,0.7721195973477006,1.3222609894880797,0.7736306190751131,1.3150365745059864,1000,0.9248907342475756,208.82307867305732,0.5623806603316035,0.16627399225070236,0.6036191848522791,1.249699899079969,0.598993709436199,1.2507877590589522,1000
291,0.9243420704124143,404.41953841274653,0.3378758579211992,0.16540994875895418,0.6207116209664154,1.257329901972618,0.6001385708448641,1.2485455699799646,1000,0.9277119781468222,246.0518719372027,0.3064623496969411,0.18431819938646418,0.5993355937043459,1.3391033261577578,0.5664483073493524,1.2889756489442918,1000
292,0.9480327361290892,397.166975474411,0.3161552432682449,0.15478822834215697,0.6596441866011101,1.2632062599787102,0.6446478085784615,1.251417663679717,1000,0.9427916335040831,296.7143256711459,0.28147135650914684,0.15288012975740176,0.6416066161605178,1.2647690745855182,0.6431465791795756,1.2424366878285906,1000
293,0.9347857877051433,368.40939065323744,0.5556457168732274,0.15349304001184574,0.6418752783004059,1.215050227382451,0.6339394292819256,1.235632146128361,1000,0.8943826708700617,213.72584520821434,0.45274606817905205,0.1525971688071053,0.5735523196875348,1.1691117516166927,0.5952922200081354,1.193473121731988,1000
294,1.058158820166171,360.0649241588004,0.4323733152549284,0.1561659920590055,0.7609085352016848,1.379143793748599,0.7520734757305201,1.3642441646018217,1000,1.0251141052837491,274.7470348054069,0.3177222910934893,0.1589599033209883,0.7080115984040649,1.3367503954733226,0.713552694774612,1.3366755157928862,1000
295,1.0863562035103929,433.49909300577843,0.3211054174245596,0.15132895119624776,0.7794967025844493,1.3702233145271707,0.7897514591657473,1.3829609478550384,1000,1.0942307109475133,233.26766084782676,0.3619709174294617,0.16001892872058912,0.7754963980552443,1.4046414302040722,0.7805936106551586,1.4078678112398681,1000
296,1.0108687105568892,424.9444986150421,0.2988090210183857,0.12872717427197924,0.755404988249708,1.2625701573286403,0.7585634489838099,1.2631739721299686,1000,0.9858254772184647,271.6202507748012,0.4427022611048452,0.15583153781956738,0.6536673955587082,1.2797509227454604,0.6803956630921126,1.2912552913448168,1000
297,0.9158248913598808,338.1119686749583,0.42680632272598396,0.16341063705213157,0.6111611321333085,1.2358627029343043,0.5955400427377029,1.2361097399820586,1000,0.7483051887838159,230.1614298275833,0.5633757630111296,0.18303838806900197,0.4083189135239006,1.1476678062009076,0.3895499481685721,1.1070604293990598,1000
298,0.9169443584370227,339.40627355289473,0.5837338595171615,0.13729846719064143,0.6680530538730015,1.191743849886889,0.6478393627433655,1.18604935413068,1000,0.9343987752732548,211.9103661260015,0.42610279163713566,0.14948782917925188,0.6483913230408662,1.2233007487448666,0.6414026300819211,1.2273949204645884,1000
299,0.9327101172738685,331.6237369257197,0.6222575744486409,0.1486971446246396,0.6314487225127737,1.2168491825861822,0.6412637138095749,1.2241565207381622,1000,1.1717991383882018,222.9226545753562,0.39956824495851795,0.1512728584025839,0.8549771963247395,1.4706228523765088,0.8753043359191375,1.4682939408572662,1000
300,1.0279785875501628,343.4219053009409,0.6112481270340373,0.16201551689668423,0.7410322061015778,1.3536850165715593,0.7104281744326617,1.345529000667664,1000,0.9858314755543045,262.416306929404,0.3553225960639589,0.1637616949902742,0.6957335160456329,1.3220563353964716,0.6648585533733671,1.306804397735242,1000
301,1.117920683316178,335.2465797339025,0.6891008902960569,0.1424196574284835,0.8391287904444807,1.3873115367884783,0.8387781547563504,1.3970632118760058,1000,1.1095702285197886,232.9533512805537,0.5635759856932835,0.1490893068940551,0.8283420037675613,1.4192889287938228,0.8173551870074406,1.4017852700321365,1000
302,0.9924830094434403,407.7754775946235,0.3055563678977445,0.16120208526032842,0.6724658295012883,1.3086880684293547,0.6765269223331966,1.308439096553684,1000,0.8096864037913649,224.52550948932446,0.5433276321221199,0.2279092850616333,0.329247523055773,1.1314049566469788,0.36298420507056367,1.2563886025121662,1000
303,0.9937863118056169,329.6130397319574,0.9826791207111065,0.13724523900818203,0.7384017557838528,1.267170821163242,0.7247856433495802,1.2627869802616538,1000,1.0105585611604826,208.85744435465818,0.41361779393067716,0.13618867042189692,0.7484843598529592,1.274249505691567,0.7436287671335646,1.2774883551874006,1000
304,0.9269121372037161,396.81114569012794,0.37249843278984707,0.15194189371154815,0.6343403420435718,1.2301969601254807,0.6291060255290817,1.2247182488783506,1000,0.9215241635166049,250.0869098809003,0.3420681381378457,0.1659646045195026,0.6111390893463117,1.2539649938712287,0.5962335386583799,1.24681478837483,1000
305,1.0312899819678427,306.1952209078839,0.6953714313683497,0.15564817111224788,0.7542215142342218,1.348303707948319,0.7262195665878368,1.3363603973478486,1000,0.967150892148608,197.18719606448215,1.0475564623153384,0.18828595290737601,0.6371035425487518,1.389851871991405,0.5981104244501511,1.336191359847065,1000
306,0.6207259330540866,328.53547424148763,0.7913587830692793,0.16251486032704596,0.29218977945030683,0.9402300636979523,0.30219680681307654,0.9392550592950968,1000,0.7260144995804887,214.970468342037,0.4242520161850449,0.15979605860615131,0.43210176718085375,1.0408921987591693,0.4128142247124321,1.0392147744485452,1000
307,1.0134617045042402,315.54846571953374,0.8086266959332427,0.16019081652335365,0.6914045134068737,1.3061228461081706,0.6994877041184671,1.3274357048900134,1000,0.9427447940879459,221.85569169660525,0.817627793653491,0.2462053659258896,0.4387675693666419,1.27014345170704,0.4601822768732023,1.4253073113026895,1000
308,0.793486532560213,411.37824072748305,0.32166226993275987,0.13361498015055195,0.5334522482039812,1.0579723933487744,0.5316011714651312,1.0553718936552947,1000,0.6871837721631273,231.70793268505486,0.3665997287979392,0.13405631904641147,0.4436212556721179,0.9487080138296564,0.42443338683216086,0.9499341574940938,1000
309,0.9238278976229277,330.6334393739536,0.5579693985873265,0.17390381867427612,0.5960008921101246,1.2608206221520581,0.5829764130213465,1.264679382224509,1000,0.8931308204770474,225.3605266166611,0.3753790449411564,0.17565508628376508,0.5502590920575307,1.2441881374478956,0.5488468513608679,1.237414789593227,1000
310,1.1017845293941395,357.07300045418896,0.40463041232785685,0.15228011771154878,0.808065497890881,1.4061646180432283,0.8033154986795039,1.400253560108775,1000,1.1079785925580463,223.85590338827208,0.47924950245696873,0.16164213701730729,0.7906985708757259,1.4250197895690149,0.791160004004124,1.4247971811119686,1000
311,0.7581041438988549,391.9924913979674,0.5219439349098494,0.1581884812504346,0.43662092570638894,1.058537195601146,0.4480547206480031,1.0681535671497069,1000,0.7679016313432698,252.94084804157546,0.37205192610858256,0.16413798823418335,0.45746923574977333,1.0915014469125386,0.4461911744042705,1.0896120882822693,1000
312,1.124312609198709,261.4149230328786,0.7428580734567063,0.1496983984954619,0.8151658175318613,1.3975045340046581,0.8309037481476037,1.4177214702498144,1000,1.0685227098858538,142.51075241217904,1.1486063432208866,0.18522811479718693,0.6921639356679626,1.4097538718667229,0.7054756048833675,1.4315698148883402,1000
313,1.1968494471560975,371.5086980990754,0.47246264830047174,0.15397025944234038,0.8775432327532579,1.4995366858493537,0.8950677386491104,1.4986311556630847,1000,1.2116844860023952,254.13024800568348,0.3407193126601772,0.1619368064724906,0.8878559920495529,1.5267504167491335,0.8942883453163136,1.5290806266884767,1000
314,1.168676562959309,379.397487379488,0.42639990058271665,0.14727593655654728,0.8820842312758965,1.4438823230675375,0.8800157273084763,1.4573373986101417,1000,1.1894439132199839,223.6443497203094,0.38031235282895054,0.15024295020861766,0.9061195919431596,1.5005539477720495,0.8949677308110933,1.4839200956288745,1000
315,1.0333928937369699,391.0521908417522,0.3934637017755638,0.17398618308294747,0.6713678638497399,1.3612843922438869,0.6923799748943928,1.3744058125795469,1000,0.9352694351957025,233.84215369390245,0.3485670671730202,0.18587604997856397,0.5715046285187532,1.2861064119456396,0.5709523772377172,1.2995864931536878,1000
316,0.9485491807543838,367.3750513080383,0.4419809813650258,0.135129504357768,0.6713606457956113,1.19530746060708,0.6836953522131586,1.213403009295609,1000,0.8999641090682537,237.80345000132053,0.45100826132255306,0.149515883896051,0.6010782955772115,1.17902298744421,0.6069129766319938,1.1930152415045137,1000
317,1.2278224315929236,348.316918408797,0.4008920129294694,0.13645768426166355,0.961787729596825,1.4908352758997756,0.960365370440063,1.4952794927457842,1000,1.1735765193132237,195.65686627998133,0.4950831873395175,0.14977533105877278,0.8779007109203186,1.4665513854536885,0.8800168704380291,1.4671361681884183,1000
318,1.130850622940049,416.95629033237816,0.3152384549733907,0.1384082038950862,0.879324246762956,1.4204077459853672,0.8595705433056801,1.4021307025744179,1000,1.1570956531558776,250.97493463406676,0.31810478670970493,0.15542704461753445,0.8794726995302109,1.4841270577230212,0.8524586457055101,1.461732660606245,1000
319,0.9650011818180757,311.71789063943174,0.6601138461482419,0.14462574336347697,0.6872825680205386,1.2574694210615298,0.6815347248256609,1.2484676388104905,1000,0.9734387825733184,200.87298604376383,1.0997955266336719,0.19303523369740658,0.6256036414592547,1.3583571209112242,0.5950897245264015,1.3517878406202353,1000
320,1.0762176515128141,408.4611981501935,0.36201230129959794,0.16428953125854773,0.7712592015763109,1.3942344714231223,0.7542101702460606,1.3982251327795676,1000,0.9635634119991494,240.78409637419253,0.38040659928828063,0.16056028300433525,0.6629767280054827,1.28289166545938,0.6488652573106524,1.2782615666876465,1000
321,1.173062061166465,315.0554627903714,0.5434209134688602,0.1645540315836445,0.8576200450925004,1.5078915949742566,0.8505361592625218,1.4955879630704083,1000,1.1241418247980715,182.16496297798707,0.8442305454382754,0.1887106336824761,0.7815440914041557,1.5253888684769368,0.7542689827804183,1.4940146668157246,1000
322,0.9639185869585845,361.7802547051711,0.4166799975263199,0.14877794911969727,0.6973020719712337,1.2737145456942804,0.6723138066839778,1.2555233672331911,1000,0.8608958163996339,213.9554349734405,0.4185018526040042,0.16136330999346912,0.5768907700472983,1.200898272775699,0.5446237288124344,1.1771679039868332,1000
323,1.0610558311671499,292.3664354792399,0.6372836068250419,0.16356990499441623,0.7259612298729556,1.3659731753878026,0.740458817378094,1.3816528449562058,1000,1.0183709329755462,198.14572970658674,0.4492810364843795,0.16628702184195326,0.6907312530190227,1.3310479485415805,0.6924483701653177,1.3442934957857746,1000
324,1.1281239288240879,339.680629606974,0.542787914964754,0.14065411680014203,0.8643778460743512,1.414720216047247,0.8524418598958095,1.4038059977523663,1000,0.9584188056793805,189.96392302349926,0.849570375194616,0.15651725113010856,0.700495744786738,1.304908546345779,0.6516449934643678,1.2651926178943933,1000
325,1.2301907064712703,267.98430878859784,0.82570563581942,0.18838092261089348,0.8513511630879298,1.6035803547462832,0.860964098153919,1.5994173147886215,1000,1.12659038107821,168.21875238584633,1.0322089745868817,0.2210773465668343,0.5863940358263574,1.490888814995608,0.6932787818072148,1.5599019803492054,1000
326,1.0340552358135637,394.9344323736169,0.38681909583642543,0.15199352979573494,0.7124897954396576,1.33254354671573,0.7361479174139233,1.331962554213204,1000,1.022357169398505,224.9119193011052,0.4102270378460906,0.16912950679456262,0.6993663440450606,1.3651776177295099,0.6908633360811622,1.3538510027158477,1000
327,1.139481087654827,365.66575971706584,0.4801186049595567,0.1516622871807795,0.8453938737917326,1.434126787302015,0.842223004780499,1.4367391705291548,1000,1.1397847542991317,228.66323670309976,0.3859371584304555,0.16119597212761527,0.8575625077220197,1.4737493826950088,0.8238406489290058,1.4557288596692577,1000
328,1.2438455515964804,346.33432145437865,0.524135762798606,0.1636995852645215,0.9243609998622919,1.5639760472431468,0.9229943644780183,1.5646967387149424,1000,1.1992031831163301,221.97964431863375,0.3854639361271319,0.15727288684626728,0.8964528878952805,1.5201835973112685,0.8909483248976462,1.507458041335014,1000
329,1.1916537378041692,414.10018804741935,0.2928839182354061,0.16498832494213841,0.8559440010996869,1.4996855445165667,0.8682766209175778,1.5150308546907605,1000,1.1895866795092744,219.22133131754794,0.49697062185539637,0.16569838412665608,0.8640794709381573,1.4939601602088999,0.8648178466210286,1.5143555123975203,1000
330,0.9254462085136836,400.2208646647998,0.33364629616206204,0.13602981167333186,0.6668638243662223,1.2023854894807149,0.6588277776339532,1.192064639393414,1000,0.8924001827089834,288.0822230989138,0.27625745148050346,0.14326977719522935,0.6214457263848738,1.1831657869613068,0.6115914194063339,1.1732089460116328,1000
331,1.1660128710513837,358.21880215635053,0.4311318174897545,0.1285694007886871,0.9092313132286846,1.4273674425167382,0.9140168455055571,1.4180088965972104,1000,0.9257005561714107,163.86642699637852,0.8924383483131174,0.1695696350840455,0.5785218032517198,1.266554217160742,0.5933440714066816,1.2580570409361398,1000
332,1.081374458744036,320.1951507270886,0.5850939947733905,0.15156816462465336,0.7771049952029913,1.3647148893541607,0.7843008560797153,1.3784480614083565,1000,1.0727377944015841,221.4314666729315,0.4133142152889078,0.16643741810654492,0.7467873582636121,1.3966972309747119,0.7465204549127561,1.398955133890412,1000
333,1.0101527736484472,317.12327125759987,0.4851777009272935,0.1570062280577968,0.7022848339233977,1.3105863306868777,0.7024205666551655,1.317884980641729,1000,0.9487614548738397,229.18428378423974,0.6007774682212897,0.14973963403008417,0.6417795547566335,1.2102101368335485,0.6552717721748746,1.2422511375728047,1000
334,0.7519145544666599,326.2303122470801,0.667993942817748,0.14749011755074015,0.46149216616019756,1.0179210691407676,0.4628339240672092,1.0409951848661105,1000,0.7728854691339886,214.24821637154665,0.5389083659521735,0.15739853871518036,0.4427019731389383,1.057635424128473,0.4643843332522351,1.0813866050157421,1000
335,0.9841304698994655,355.4228840398165,0.664814345921336,0.16547207164708128,0.6721732833429837,1.3010900867410098,0.6598052094711861,1.3084557303277449,1000,0.8486982931897833,241.61564562392533,0.368381054427905,0.1816699159584671,0.5128015935238606,1.1861318422506768,0.4926252579111878,1.2047713284683788,1000
336,1.010914864771098,379.6326194778225,0.42071430121286224,0.14594902508525537,0.746487833281021,1.3288252316184819,0.7248547756039974,1.2969749539381985,1000,0.981882564118991,233.93870243679748,0.34488762995182665,0.1505435605844839,0.6895872378162594,1.295007697387354,0.6868171853734026,1.2769479428645794,1000
337,1.0393484754904607,354.646590512568,0.46263005623088715,0.1420737282709672,0.7779218044132454,1.3132311088131203,0.760883968079365,1.3178129829015566,1000,0.9197138372584188,254.38099825489243,0.5292176252354817,0.162309115435901,0.6332962224909923,1.250482783693518,0.6015879710040528,1.2378397035127848,1000
338,1.0008909519900069,387.26219172730316,0.4292886546274774,0.14216797308853776,0.730462124798468,1.2798018714925545,0.7222417247364729,1.2795401792435408,1000,0.9018933316331794,229.2524514020953,0.5500697658963598,0.16157619611455895,0.5855223085899091,1.2075859014231904,0.5852039872486439,1.218582676017715,1000
339,0.6798599483202388,403.0652732503272,0.32374587423558443,0.1599932787602374,0.3454228082586439,0.9891914222682033,0.3662731219501735,0.9934467746903041,1000,0.6744040712273622,223.7807616901781,0.3947038229956002,0.16009958807601357,0.35179995122586394,0.9703628413275368,0.36060887859837565,0.9881992638563488,1000
340,0.7556585664551521,406.6518758885313,0.341348877076296,0.15941757119052272,0.44616299839432766,1.052896904297169,0.44320012692172756,1.0681170059885765,1000,0.76056837153003,251.1151014554768,0.7399434729276865,0.18132274471971635,0.4071908780353721,1.083388690990169,0.40517579187938596,1.115960951180674,1000
341,0.8119679835172957,358.4563319050076,0.5472028418675591,0.14520616687068966,0.5166183596338835,1.0994573084246557,0.527363896450744,1.0965720705838473,1000,0.8731829398214646,257.89192654512647,0.3315244521569077,0.14422270783342792,0.5858252626144641,1.1648323572446964,0.5905064324679459,1.1558594471749832,1000
342,0.985229068455622,388.7582702339446,0.3843001317710795,0.15675307961242196,0.6653308784730507,1.2783785448538652,0.677993032415275,1.292465104495969,1000,1.0131076299865784,251.54942435061636,0.3299510788764028,0.1706199996822919,0.6661073884684111,1.3446706352144298,0.6786924306092863,1.3475228293638706,1000
343,1.1325739616557207,362.5298630726803,0.7885962947145655,0.1625475288507511,0.8063020153112351,1.4576648021354752,0.8139808051082484,1.4511671182031929,1000,1.0821336144180558,209.20806419430005,0.6743905695916275,0.20336039167234768,0.6784471225952269,1.4849765356745734,0.6835472467402544,1.4807199820958572,1000
344,0.9789788618755106,255.94397186765548,0.823834445031128,0.15844971944080366,0.6727285376606262,1.2972569569093,0.6684174117715355,1.289540311979486,1000,0.9302789945074541,138.89385528551955,1.1247750197125717,0.16601832709636047,0.6415772823626175,1.2849570063694258,0.6048830733985876,1.2556749156163205,1000
345,1.1662956233299824,341.7689114436609,0.6558715397710937,0.16066437769396202,0.8572806964263008,1.4807530710256187,0.8513934430498169,1.4811978036101479,1000,1.2580522147457796,207.59087544009688,1.0450617762802494,0.2186617937129564,0.8596095706767886,1.7460773562284575,0.829475099068385,1.686629330423174,1000
346,1.2748171584121224,362.87103999268123,0.5384502200192772,0.15314385654889165,0.962701088799824,1.5625050001442726,0.9746551995762948,1.57497911724795,1000,1.3187411264003448,229.3205908146,0.38657880946480666,0.16118066664738148,1.0047758349281377,1.613542262109772,1.002827019771477,1.6346552330292126,1000
347,1.3475123050086442,340.0063430851555,0.6571501128520186,0.14022095135993257,1.0798964357643952,1.635372316835826,1.0726792403431764,1.622345369674112,1000,1.318103182236419,186.27109047309716,0.5393481888973692,0.14456007489088232,1.0432845361274492,1.6120094621739545,1.0347654354502898,1.6014409290225484,1000
348,1.2880345796847026,375.8714745951608,0.4110385282463591,0.1720470590484394,0.9469704636105031,1.596065015444051,0.9508223439497614,1.6252468154196438,1000,1.2238587719635095,210.38546409863932,0.5265407224073333,0.18283303554668162,0.8684456729423219,1.5803385269779402,0.8655060222920135,1.5822115216350054,1000
349,1.2031092328045232,316.82978424761325,0.6961661250408682,0.13517032671912765,0.9446197083845245,1.484453483907428,0.938175392435033,1.4680430731740133,1000,1.2347748403629875,227.82444389072094,0.40229019662615406,0.1468101218976233,0.9473795001978653,1.5251483799211374,0.9470270014436458,1.522522679282329,1000
350,1.0410885487213815,388.07477220556586,0.403212488840581,0.16099277957510602,0.7469329733958943,1.3704580023892383,0.7255427007541737,1.3566343966885892,1000,1.0445965653049083,233.59321599628802,0.3999597267832803,0.16991700899714454,0.7148762034738491,1.3730451879726226,0.711559227670505,1.3776339029393116,1000
351,1.0399137409162331,371.83507983283073,0.44199989823488967,0.17669373217804613,0.7036993506052915,1.4041091489108521,0.6935940258472627,1.3862334559852036,1000,0.9499939861879212,251.82865794836417,0.3193925372274412,0.18413432447864345,0.572194211444642,1.3164505982921446,0.58909071020978,1.3108972621660624,1000
352,0.9360067741179408,313.1548211589647,0.5222467097337103,0.14767578235262632,0.6375320544546053,1.228912214131825,0.6465622407067932,1.2254513075290883,1000,1.025976611696883,158.75928629576407,0.6093418870742421,0.16556907562890796,0.693493452326769,1.3330307945377038,0.7014612234642232,1.3504919999295426,1000
353,1.247782694830119,407.5293122403478,0.3518665713846578,0.13944189010249308,0.993222334248667,1.5379124325932105,0.9744765902292325,1.5210887994310054,1000,1.234379501402175,264.1951608370394,0.31031613363272187,0.14970045260432757,0.9611113586171841,1.532159299347934,0.9409666142976929,1.527792388506657,1000
354,1.1354426440138417,337.3702353416086,0.5659641367614416,0.15705191269781418,0.8218146948867893,1.4507099012446207,0.8276208951261259,1.4432643929015574,1000,1.024755691039351,191.57748304796047,0.4840590496432545,0.17745415394202377,0.6765571292822372,1.3784292267507048,0.6769455493129843,1.3725658327657175,1000
355,1.1511418365276476,318.45612690147203,0.6223729663805901,0.17561037147315206,0.800557594405116,1.4942252174232151,0.8069455084402695,1.4953381646150257,1000,1.0097215481965307,202.59324302433205,1.1203544019019656,0.19662323561085684,0.6193887050334737,1.3901059125742203,0.6243400063992512,1.3951030899938102,1000
356,1.1172248301623866,424.26448634443943,0.4342390024086953,0.1526904652513925,0.8202640414325192,1.4234433749471453,0.8179515182696573,1.416498142055116,1000,1.0495796534994362,250.9854482731941,0.3406961059365148,0.15797734626635584,0.739067195668326,1.3659601679369353,0.7399440548173788,1.3592152521814935,1000
357,0.8484650077729472,307.48460081646436,0.5449276999946381,0.1773220290082183,0.5250282525435701,1.229409513383206,0.5009138309168393,1.1960161846290551,1000,0.8110589036526958,195.46603215011308,0.567474586011415,0.19391652776041768,0.5014237425667845,1.278616530329287,0.4309825092422772,1.1911352980631145,1000
358,1.1393209999836031,366.6981586263333,0.452088410757811,0.17742285808105623,0.7884471780050342,1.4838555168450698,0.791572198144733,1.4870698018224733,1000,1.096084173775962,202.1049704331141,0.5962345192867631,0.190191783481853,0.7308704505356098,1.490898452581529,0.7233082781515301,1.4688600694003937,1000
359,0.802044074948788,268.091264806081,0.8699812134876199,0.1508193676009243,0.5015130698045396,1.0855486429958179,0.5064381144509764,1.0976500354465997,1000,1.0412559923927174,200.33225473650307,0.5768678886685047,0.1744085732849117,0.6776248045424834,1.3764213255654658,0.6994151887542905,1.3830967960311442,1000
360,1.0045500753031629,428.75699072306014,0.31662601258091855,0.13486809895422433,0.7348656996917233,1.274106442974596,0.7402086013528832,1.2688915492534425,1000,1.0483923893798335,230.1965952703707,0.36826973248510775,0.1487050314485996,0.7614117840220446,1.350007268498212,0.7569305277405782,1.3398542510190887,1000
361,0.9795949601050702,393.9734353628005,0.4737167860263719,0.14862088503922605,0.678318873197588,1.2534263117379993,0.6882980254281872,1.2708918947819532,1000,0.9826166137100274,257.74586065437114,0.32205583420218364,0.15414209656702885,0.6727673361020609,1.2763415055475922,0.6804981044386509,1.284735122981404,1000
362,1.1059826236524084,375.94877254432305,0.3991399723737547,0.16102620083741906,0.8071715048882,1.4294295673037576,0.790371270011067,1.4215939772937498,1000,1.0153446981221874,230.14211167904554,0.4273986463031769,0.1770344196339779,0.7062288187430208,1.4181930419635835,0.6683572356395908,1.362332160604784,1000
363,1.20849097811179,253.57868991007288,0.9683746695696637,0.16960135504663554,0.8977008378346446,1.562702144401691,0.8760723222203844,1.5409096340031958,1000,1.0679314067752288,198.97856274709088,0.6015389454416468,0.17603675463386356,0.7440431698627431,1.4480229597474663,0.7228993676928562,1.4129634458576015,1000
364,1.1609201426297213,273.21451779791374,1.106789958966645,0.1524942409385065,0.8555766796465167,1.4472289878572548,0.8620314303902485,1.459808854869194,1000,1.073857170567662,165.09500802149634,0.8538651580672132,0.1664521201013977,0.7494697429232151,1.379022246838451,0.7476110151689226,1.4001033259664015,1000
365,1.0817658925037636,397.04864607739546,0.4146930834992177,0.15358767252341618,0.7458330973635012,1.338069389129345,0.780734054357868,1.3827977306496593,1000,1.0804871181170848,253.7276716167975,0.31347986660271754,0.15604069514461452,0.7576652407203401,1.3672676374782111,0.7746473556336403,1.3863268806005293,1000
366,1.0407759652532262,358.8426739991133,0.5398556336694321,0.18335060382252089,0.6735566493862208,1.4094210709021544,0.6814087817610853,1.400143148745367,1000,0.9411817255008623,216.4667163088702,0.4087714333280851,0.17919243579764077,0.6166520208889356,1.3154201413267697,0.5899645513374865,1.2923988996642382,1000
367,1.151417294428096,396.02636506519514,0.3854536418036648,0.13942883556727007,0.8660007027563786,1.4178728650400036,0.8781367767162467,1.4246978121399454,1000,1.2571205132946188,242.30396211060818,0.3582175623192213,0.1458344683154388,0.9864814316365718,1.5409200541472658,0.9712849553963587,1.542956071192879,1000
368,1.1151612475506738,336.12715263713943,0.5306573976816104,0.1649713259215017,0.7850638758725764,1.4177483165431417,0.7918174487445304,1.4385050463568172,1000,1.0216442754556132,186.4139423419397,0.5024750852276326,0.1649677819192935,0.6854947360893173,1.3342246032194436,0.698307422893798,1.3449811280174284,1000
369,0.9392685741576143,410.7818320637319,0.29337240015074945,0.13049396982311443,0.687249810735385,1.1856798138190043,0.68350039330431,1.1950367550109187,1000,0.9605578077629948,262.26546254152356,0.358996238414107,0.14989432471204756,0.6584779358744349,1.2495084626869069,0.6667649313273816,1.254350684198608,1000
370,0.7883034589308051,387.79132320001196,0.35988937880721855,0.16184291388002994,0.4920562010289535,1.1181386739235106,0.4710913477259464,1.1055155701356638,1000,0.6454288691930026,234.2614383375746,0.34612226056852036,0.16725439764648595,0.32653538132337945,0.9593343342907551,0.31761024980589014,0.973247488580115,1000
371,0.9111800592169463,373.3662051162573,0.36135321115772,0.1535854221567637,0.6083878428184506,1.2112096459517563,0.6101526317896895,1.2122074866442032,1000,0.9091039849058715,205.87057781877624,0.42353437464083427,0.16387320189962015,0.5930712886935394,1.2331093350543152,0.5879125091826161,1.230295460629127,1000
372,0.9858776159917153,449.43576924022636,0.2476401430884542,0.1265931444920586,0.7243800010373046,1.2193056979481205,0.7377550527872805,1.2340001791961501,1000,0.9898035005583563,205.18779244197356,0.4196230946389843,0.13921475175615353,0.7066471108961838,1.2588523859089864,0.7169425871162953,1.2626644140004173,1000
373,0.9518001836396326,319.3188172800699,0.503579119824396,0.1475562994512064,0.6824112724030449,1.25023249375658,0.662589836715268,1.2410105305639971,1000,0.9227680442306461,181.8171901367243,0.5122333206909492,0.16743526370296197,0.6213235942695795,1.2808618662699573,0.5945949273728406,1.2509411610884515,1000
374,0.8529187829737377,345.27168714103584,0.5023675996099334,0.1634709593926515,0.5236956267989162,1.1521041237725584,0.5325157025641407,1.1733218633833347,1000,0.9314484151436844,230.691779997266,0.3666249700504348,0.16146655091223758,0.601802199705654,1.2469344589833185,0.6149739753556986,1.24792285493167,1000
375,0.9431812748234152,269.724626628827,0.7894942826560977,0.14421490941444237,0.6574344126565402,1.2178351342513631,0.6605200523711081,1.2258424972757223,1000,0.9944490374780859,190.55426550866434,0.540205388273167,0.16197781976015563,0.6783349090425931,1.3295212611688316,0.6769725107481809,1.311925564207991,1000
376,0.8223936598471813,363.2764445635827,0.49369537256773127,0.15974209878923779,0.5279955251915572,1.1434953746099477,0.5092991462202752,1.1354881734740874,1000,0.7778833856022915,243.52937962888515,0.32775117838571205,0.16329594522905214,0.4698135667420463,1.1068156070747581,0.45782333295334937,1.0979434382512336,1000
377,1.0347519630721016,354.7716271686395,0.5206419128599838,0.16073357579753167,0.7328810974245051,1.3531095528413184,0.7197141545089396,1.3497897716352636,1000,1.0566360338896965,202.12070874293073,0.4185379465526436,0.16587174441779395,0.732206104467562,1.3852782057997517,0.7315274148308204,1.3817446529485726,1000
378,1.0781222570830375,284.4410616159454,0.6343987369464777,0.1830511631611608,0.7290100524710798,1.4258473970625558,0.7193419772871623,1.4369025368789128,1000,1.095316126570549,198.02068290465002,0.5759939428860494,0.19419367673342824,0.7370208759216573,1.5032045993026986,0.7146965201730298,1.4759357329680685,1000
379,0.8922518271103401,285.3075940238535,0.7268198386364737,0.17753396898902865,0.5673286847011175,1.2503079252321736,0.544285247891844,1.2402184063288364,1000,0.86668669581745,206.83259847759862,1.2683218026790946,0.21297694155890723,0.5000724069943031,1.3180570484936442,0.4492518903619918,1.2841215012729081,1000
380,0.9583457929046446,316.2212600036244,0.5984508879924965,0.16731232949129918,0.6151759451114012,1.2627049744471668,0.6304136271016982,1.286277958707591,1000,0.92471074914888,245.85973978252633,0.4017981499283392,0.17281490335088337,0.5614752963153099,1.2339661471159058,0.5859935385811486,1.2634279597166114,1000
381,0.9162940389440264,374.73371838966625,0.4030726524219851,0.16007158854372963,0.6004062457559369,1.2366679919523638,0.6025537253983163,1.2300343524897364,1000,0.827811662095677,274.38999450917845,0.4984444386611153,0.18211446025916478,0.46232566013540627,1.2040961081705963,0.4708673199877141,1.18475600420364,1000
382,0.8999505905944365,306.4272077617787,0.8807455236959358,0.1697237651485263,0.5700156380819168,1.2414843266233266,0.5672920109033249,1.232609170285548,1000,0.8812962818845707,202.38696918046423,0.4718603917462312,0.15664882289178733,0.5818164480441155,1.1927684789941928,0.5742645890166675,1.1883279747524738,1000
383,1.2185402194667607,248.34231054189158,0.8908007806632544,0.21783460463617266,0.7462532801569124,1.6218934314222138,0.7915843943798624,1.645496044553659,1000,1.2422609032883658,171.20404460747545,0.9562802724349005,0.16878051399063143,0.9010011300514436,1.5784935249363914,0.9114510958667281,1.5730707107100035,1000
384,0.8682723332602107,329.90234739757324,0.4951974435838368,0.13997653700422974,0.5832789211609544,1.1211397267200982,0.5939183207319204,1.1426263457885009,1000,0.9429040852624184,193.45728874756773,0.4610584888768254,0.15688881237240843,0.6301136185966802,1.2334052369034454,0.635402013012498,1.2504061575123389,1000
385,1.1252871500378845,344.6258752160714,0.574230651577259,0.1805121370810038,0.7762637858388176,1.4606012871534173,0.771483361359117,1.479090938716652,1000,1.1385638476522932,202.8479365619516,0.44103876286323795,0.17339646017610666,0.8164169473207366,1.4823249187440901,0.7987067857071242,1.4784209095974623,1000
386,0.9343911291333931,432.38715256616797,0.32436305248962694,0.17188943130627937,0.5745269406061116,1.266599781778386,0.5974878437730855,1.2712944144937006,1000,0.8951764734551992,308.5943120769759,0.2505532987187504,0.17004087354075992,0.5469863076396775,1.2047222048003416,0.5618963613153098,1.2284565855950886,1000
387,0.6590010363403307,379.35905019087255,0.3717018378854434,0.13366847186089176,0.39514564072310077,0.9136759702603557,0.39701083149298283,0.9209912411876786,1000,0.6719282286004093,265.1499668885718,0.3090592813645466,0.13857005572142667,0.39794482714326535,0.9456631325077642,0.4003309193864131,0.9435255378144056,1000
388,1.4095610352655146,285.8816089242221,0.8872951554571129,0.17296805324572112,1.0803438676016734,1.7610863139437556,1.0705436509039012,1.748578419627128,1000,1.3730066642825984,169.04659705457377,1.6098363781073848,0.21095596912170136,0.9805869195199282,1.826002626230228,0.9595329648040638,1.786480363761133,1000
389,1.2311645379522784,402.21357842613173,0.3584387938793978,0.17636992642255012,0.8954788558028872,1.5878942161175165,0.8854794821640801,1.5768495937404767,1000,1.150314274214257,243.86703068576864,0.5550948363767276,0.19648687982440377,0.7536123230115738,1.5294869864992784,0.7651999897584255,1.5354285586700884,1000
390,1.326682094521816,363.00577754300355,0.3756636145363757,0.14471297309534242,1.016790750981268,1.6026885745385047,1.043044667254945,1.6103195217886872,1000,1.2783800441190487,243.3241458370612,0.40337573339828436,0.16825347371880406,0.9025154542334672,1.5695586173261837,0.9486032356301928,1.6081568526079046,1000
391,0.939754140237306,376.4557391351362,0.5872459921457367,0.15930418476085387,0.6168917354723206,1.2596546206658688,0.6275179381060324,1.2519903423685794,1000,0.9139312741617687,231.79147283186174,0.7248281706835196,0.17961060474857377,0.5980134525732043,1.309092349418208,0.5618944888545641,1.2659680594689733,1000
392,0.9338397756589034,412.3520420136193,0.33419759601178717,0.14171869552498598,0.6499571222133271,1.2135022982777903,0.6560711324299309,1.211608418887876,1000,0.937993458490965,217.5159075856048,0.3905442247996111,0.15201058757433344,0.6321489234284848,1.2406003463679829,0.6400527068452715,1.2359342101366586,1000
393,0.928916767024341,401.54461343470206,0.6069107088003082,0.16651646736289186,0.6072369164221519,1.2625974208575523,0.602544490993073,1.2552890430556092,1000,0.9709070308506069,265.44988952012017,0.3501268984113349,0.17417329548943078,0.6765473488970436,1.3439557911244957,0.6295273716913226,1.3122866900098913,1000
394,1.1273955485800538,254.75101431627974,1.10547886894727,0.17931549950006884,0.7924509116421341,1.4963793099775455,0.7759371695599189,1.4788539276001886,1000,0.9668296159655174,164.73877076044175,0.614159067229755,0.16802719406968497,0.686490265862367,1.33787299720784,0.6374963155889348,1.2961629163421,1000
395,0.9751005216060697,443.0384200037646,0.24177456506647402,0.1637286608274253,0.6456720482775873,1.2760077118543403,0.6541923463843162,1.2960086968278233,1000,0.9417393671586765,238.36868185231035,0.35754705170768225,0.17070104503006087,0.6037099109587176,1.2621492856865169,0.6071653188997572,1.2763134154175957,1000
396,1.0167714501906344,306.16264274636205,0.6707389668583724,0.18007951305046999,0.6606211312494215,1.3761241740415875,0.6638156046117132,1.3697272957695557,1000,1.1678444324711696,215.5881105236227,0.5535899307123981,0.19019907027205077,0.7850272957238955,1.5414321982764276,0.7950542547379502,1.540634610204389,1000
397,1.04851900240148,399.87489676050353,0.3270877987706858,0.1629171099029974,0.7455237354268138,1.35888534599748,0.7292014669916052,1.367836537811355,1000,0.9514838374542758,189.71824177382584,0.7313206649184053,0.23904969619848954,0.4480138888495007,1.3780430813393878,0.4829464329052363,1.4200212420033154,1000
398,1.2041135202406583,375.87254216404165,0.4097822437672522,0.14975511362285865,0.9189395229747742,1.4875537797079963,0.9105934975398553,1.4976335429414613,1000,1.1720329910017377,238.70420349259,0.349492779817723,0.15927385027298238,0.8487509976526084,1.4660534740587043,0.8598562444666923,1.484209737536783,1000
399,1.1017134973825833,357.21894363867824,0.4996981602883471,0.20869883606222356,0.7468583311280803,1.563196154568463,0.6926637787006251,1.5107632160645414,1000,1.1379444310470812,240.03428089907945,0.5916299953561228,0.277095670307303,0.7473358106861454,1.814324537212981,0.5948369172447674,1.681051944849395,1000
400,0.9424029755014001,319.158018985261,0.6965130054357013,0.14864828595846555,0.6705333183937237,1.2284817124776373,0.6510523350228076,1.2337536159799924,1000,0.9459658081191722,211.19896488221156,0.47612394011199466,0.16655208371272068,0.6464425813495067,1.2692317036882235,0.6195237240422397,1.2724078921961048,1000
401,0.8414506493549445,342.75913903644624,0.5569433419942516,0.14994606165228552,0.5560751040340022,1.1177014565545524,0.5475563685164648,1.1353449301934242,1000,0.8796420076132421,191.3445400209708,0.48012949330141075,0.1555670475134762,0.5900261683791305,1.1795914212310243,0.5747305944868287,1.1845534207396553,1000
402,0.6544082394419797,320.4886448622129,0.6468174849526671,0.1567599601174227,0.3572803184696134,0.9657094495600874,0.3471587176118312,0.9616577612721282,1000,0.6618840430904527,257.9520846082903,0.3529280976774959,0.1511794058656302,0.3834936138237756,0.9664207472153398,0.3655724075938175,0.9581956785870879,1000
403,0.8472286231136152,373.18523671699415,0.44886880229621207,0.18216572113999197,0.4952117467511624,1.2196102539092375,0.490183809679231,1.2042734365479995,1000,0.7925206566581195,256.7947804515183,0.5162853533353406,0.18731270370776376,0.42926451459954135,1.134778922887213,0.42538775739090257,1.1596535559253365,1000
404,0.9560971347292608,321.42883126041295,0.5906140107195645,0.18349316304532196,0.5878038299987937,1.3356819049141213,0.5964505351604298,1.315743734298092,1000,1.0335890555837075,218.13066565081357,0.5409576897954693,0.20186678013438955,0.6565379065445807,1.4547874316367828,0.637930166520304,1.429247944647111,1000
405,0.813516502369394,340.91062346424496,0.4953154509025256,0.1663868192059885,0.4655891958413129,1.1310616431916987,0.4873983367256565,1.1396346680131315,1000,0.7799895960448415,162.49830182185454,0.5398173147499442,0.177321119785097,0.4210869157683474,1.1300551737215405,0.4324402012660514,1.1275389908236315,1000
406,0.9943789967282095,327.432564572272,0.5637376682265962,0.15308126963015245,0.7126485610348238,1.3182779129172708,0.6943397082531106,1.2944182852033084,1000,0.8621315281011706,173.13731135588455,0.6007247779986618,0.17135186216370163,0.536838249376173,1.2212442084693915,0.5262818782603154,1.1979811779420257,1000
407,0.8919989405904869,283.56586027465454,0.6598066368976455,0.15876941264646796,0.5650643234162427,1.1909147386640488,0.5808108918034097,1.203186989377564,1000,1.0344774797871183,183.7680755840302,0.5035682874891841,0.14580596679417268,0.7587102059975507,1.3330250170428248,0.7486977848705398,1.3202571747036969,1000
408,0.8580969980671536,401.95426672277614,0.419820287043999,0.13973699613594678,0.5849057613754579,1.1162640833420487,0.5842124856406978,1.1319815104936093,1000,0.8386505404930276,236.4857105339912,0.38548479418677417,0.14871926034267127,0.5280832879215799,1.1146385982561098,0.5471607902213919,1.1301402907646634,1000
409,1.0303046435484409,450.5285932533585,0.22580823913249057,0.14013941060160115,0.7482931923566003,1.28705573865093,0.7556313987693026,1.304977888327579,1000,0.972996546352132,244.30245897242622,0.331486449923644,0.1461606877684093,0.7024660841051494,1.2716810357235964,0.6865215983260498,1.2594714943782142,1000
410,1.1146896516319855,355.06767911578936,0.4454326642789362,0.13980368026229006,0.8323876916740319,1.3806238561873614,0.840674438317897,1.388704864946074,1000,1.0007964912412088,205.17804974506498,0.526891182612372,0.1480199434987819,0.7128386645870123,1.290918551675285,0.7106774019835964,1.2909155804988213,1000
411,1.1404468001154515,394.55117408498944,0.38437025428539867,0.14348588161194903,0.8493775372285705,1.4100790254887632,0.8592144721560314,1.4216791280748717,1000,1.054996906826725,190.3302706449094,0.4574384272791499,0.14527086505650666,0.7650324022041928,1.3425130182482807,0.770266011315972,1.3397278023374781,1000
412,0.8449566477584654,362.97166971160107,0.5386817665824304,0.1263768983820156,0.5909650980207517,1.0753627749567773,0.5972579269297148,1.092655368587216,1000,0.9164744626820669,229.03249532273276,0.3971866713627435,0.12900535732342105,0.6605368763729663,1.1678412639695062,0.6636239623281617,1.169324963035972,1000
413,0.7862712304076784,272.91022888973396,0.8449998453767571,0.17882262647268687,0.4566393620136633,1.1462070463613592,0.43577888252121216,1.1367635782941448,1000,0.8400492593198345,189.84335127834356,0.6591198024590383,0.21035894430453095,0.46468603452281515,1.3082314058665085,0.4277457284829539,1.2523527901567153,1000
414,1.1001382720666402,399.36099029441925,0.3397517003960124,0.1633605557302813,0.7839743850550309,1.4315544438089185,0.7799515828352888,1.4203249612979916,1000,1.0863653258645076,205.03387706615075,0.41590719776489976,0.175543048997808,0.75987807410208,1.4534514473307538,0.742300949828804,1.4304297019002112,1000
415,0.9105015625267112,445.58178320749977,0.378976819337951,0.15235412917867738,0.6085484915144151,1.2020395903667547,0.6118874693365035,1.209115655716919,1000,0.9168233362194507,309.4765808191671,0.25576598215902535,0.15744085976859787,0.6161623864406736,1.2465229579695516,0.6082392510729988,1.2254074213659025,1000
416,1.4171824426896045,333.38687318738556,0.6223781456520485,0.14761910495948904,1.1222249034143017,1.7030434686810396,1.127848996969006,1.706515888410203,1000,1.2450000104890204,223.12535403436473,0.5217930537059836,0.1651848877488346,0.9457166192675206,1.6070764525033168,0.9212376305013046,1.5687623904767363,1000
417,1.2478821368714104,394.17485521145306,0.3771683762664135,0.14653901264873614,0.9587879070524149,1.5285741145488407,0.9606656720798875,1.5350986016629333,1000,1.221218754157431,247.75566924139497,0.5623229559574132,0.172625814913064,0.8817639755170383,1.5330900902962659,0.8828721569278257,1.5595653513870364,1000
418,1.0628808078455017,382.4112231620889,0.39803511596437346,0.14635458112985694,0.7778125603345729,1.356743132380131,0.776025828830982,1.3497357868600213,1000,1.0219150629899254,272.4361335595251,0.3455119587149789,0.16369481771226943,0.7111037913445074,1.3516925581980614,0.7010732202738773,1.3427569057059734,1000
419,1.2678704259165658,311.6588660829688,0.5776277466103161,0.16569883731614146,0.9366691507208874,1.6203522786505251,0.9431007047769286,1.592640147056203,1000,1.2434727194458208,201.83394128839055,0.5842113893077449,0.17474735819017087,0.9216988048470327,1.6246831073828856,0.9009678973930859,1.5859775414985557,1000
420,0.9930290306227336,373.0786190321405,0.3862605926333815,0.14222963807923075,0.7151909623727001,1.281274790210751,0.7142589399874413,1.271799121258026,1000,1.0313156947733768,207.64164967781826,0.4409441125521876,0.14363852832104115,0.7724176238905529,1.3355280550121729,0.7497841792641362,1.3128472102826174,1000
421,1.2153422050773157,328.83808292475834,0.46158826233141054,0.1577679242202039,0.8864404828942624,1.5259159352881906,0.906117073605716,1.5245673365489154,1000,1.0482846936220995,167.90925902226164,0.6789766747047041,0.168313839090171,0.7172269148204496,1.3937760248138251,0.7183895690053643,1.3781798182388347,1000
422,0.8788135959386385,402.50655433510326,0.45875644587268294,0.1493992628046858,0.5697167244148295,1.1573956796972473,0.5859910408414544,1.1716361510358226,1000,0.9100944243118314,293.03127329720013,0.27600720824869607,0.14310021086439503,0.6318625869736805,1.1835706825727665,0.6296180110176172,1.1905708376060455,1000
423,0.906882011660048,308.5242309272106,1.0744454299809263,0.200639459294106,0.4991947473502591,1.2919654332817458,0.5136286714436002,1.3001353518764958,1000,0.8573625675192909,247.243077685171,0.5374298495130675,0.21867020267448475,0.4165933044431198,1.262526260058274,0.42876897027730076,1.285956164761281,1000
424,1.4330860050126737,444.7874417514642,0.29299947780072755,0.1407196110625081,1.1680771577025546,1.718422765868781,1.1572755673301578,1.7088964426951896,1000,1.3998006744221176,243.90461360774142,0.3190608699007674,0.14916839858086128,1.1311812574507187,1.7070030471523678,1.1074306132036296,1.6921707356406057,1000
425,1.1996800505469816,298.90812084204873,0.7738946592009143,0.1512177420525709,0.9110079650111751,1.5131788077276478,0.9032932761239426,1.4960668249700206,1000,1.2758449960744498,163.03411267517495,0.8394681408895449,0.19141958367076573,0.9284124020877979,1.7103740721796556,0.900662612079749,1.6510273800691506,1000
426,1.0723108116954616,389.58147127997444,0.33451127944155196,0.15865399885072531,0.7493929873096115,1.3654047710399624,0.76134897394804,1.3832726494428833,1000,1.0883843897418843,255.435617131176,0.34496481413253877,0.1641334583059198,0.7312502687895063,1.3918853496006123,0.7666828114622816,1.410085968021487,1000
427,1.0896093391816466,341.63834140201425,0.7566013640799472,0.143729109896151,0.7985352397232796,1.3744239517857342,0.8079002837851906,1.3713183945781027,1000,1.1166595883626274,209.1939359526759,0.5462176176587161,0.15415170147292195,0.8018228210150826,1.396537728334154,0.8145222534757004,1.4187969232495543,1000
428,0.9514485631611671,340.70304183643344,0.6005299686599606,0.13247514060485446,0.6662861780376731,1.2051356553696075,0.6917972875756524,1.2110998387466818,1000,0.9179130481196176,238.5910524423977,0.3722271781086926,0.13491943562440792,0.6357702955478594,1.1877141758748784,0.6534709542957781,1.1823551419434573,1000
429,1.2632828000649994,369.0288062754958,0.5179554314288736,0.12643181228615583,1.0226655771818778,1.5056999872455312,1.015476447984134,1.5110891521458647,1000,1.275670957525148,243.74301716430608,0.39427534701640815,0.12434174950626974,1.0268246254234439,1.506622252681376,1.0319611284928591,1.5193807865574367,1000
430,1.0055074033529738,366.59999161572193,0.3618809252054421,0.13863285300321768,0.733457132277377,1.2803269360559273,0.7337870114666671,1.2772277952392805,1000,0.9219657758596576,202.69739784927677,0.7538465609624588,0.17262114887978022,0.5800426949559465,1.2518007295092681,0.5836283240552883,1.2603032276640267,1000
431,1.025034962967318,381.0401037692,0.5291462489724276,0.14071827788229196,0.7571978857363321,1.3026381982993556,0.7492271383180258,1.3008427876166104,1000,1.0376443500208081,221.46644029215722,0.3810133578740604,0.15930410046935004,0.7390726029592256,1.3708392797133795,0.725408313100882,1.3498803869407343,1000
432,1.172853255806447,392.8539357736336,0.48448207813953603,0.13966143339270742,0.9020969962656454,1.4397227201293106,0.8991168463567405,1.4465896652561536,1000,1.2239083572868745,209.541852587866,0.4240566792365446,0.14214074470422136,0.9432418645050951,1.4853342164320518,0.9453124976666006,1.5025042169071483,1000
433,0.6217370582196959,394.4593332992165,0.3913843134541716,0.14905295334400034,0.32218052318945545,0.8942057576886886,0.32959326966545527,0.9138808467739366,1000,0.5735250742470366,237.7254140239142,0.41206422951508653,0.15803552605268492,0.2628685646857784,0.8798693160525073,0.26377544318377416,0.883274705310299,1000
434,0.9711970678529389,378.04813493807063,0.5221255029705724,0.14538824345162776,0.6788055864654621,1.2595699142042083,0.6862361106877485,1.2561580250181295,1000,0.9873261370710864,248.12236520108775,0.44208266605197444,0.14915041405138,0.7042760749535503,1.2998578038020818,0.6949913255303817,1.2796609486117911,1000
435,1.0302267701878682,347.1800261121148,0.43177534812732754,0.1322118960299612,0.7807116437085039,1.293820443991848,0.7710914539691442,1.2893620864065922,1000,0.9398699241875736,205.1354756352327,0.4249409908774458,0.1373507351367718,0.6745999187321637,1.2210783560757865,0.670662483319501,1.2090773650556463,1000
436,1.097063530539685,400.5001039985053,0.328548833150893,0.16016748633902708,0.8030943140559627,1.4310007495900734,0.783135257315192,1.410991803764178,1000,1.090667721259373,207.92365672389099,0.41456305397673915,0.17300292524447028,0.7648395278823688,1.4376069482612,0.7515819877802112,1.4297534547385347,1000
437,0.8526224296459999,382.9147231497499,0.6798785099548352,0.15705038506765445,0.5491513018646917,1.1466118086693544,0.5448036749133971,1.1604411843786027,1000,0.8921686027130367,257.40395590235175,0.5699025137743191,0.16188669227875704,0.5829849289483728,1.1827595117761769,0.5748706858466728,1.2094665195794005,1000
438,1.1698197930856669,369.9304791014354,0.46499020964103316,0.1775300987532317,0.8042521488202833,1.4998544012349042,0.8218607995293328,1.517778786642001,1000,1.0867642801086919,164.80973034181017,0.951689628301752,0.2798646921255471,0.42934069261589297,1.522774722048469,0.5382294835426196,1.6352990766747642,1000
439,1.3864004296967036,412.0815233445515,0.37364311297420827,0.12644695263905273,1.1283027479686039,1.64091038233243,1.1385644025241604,1.634236456869247,1000,1.3758803773891874,225.56083188638164,0.35285920704079166,0.13479416993847496,1.1020803552986098,1.6232456956331922,1.1116838043097765,1.6400769504685984,1000
440,1.1043060947084757,406.5523944085594,0.3060081097705976,0.14907567089286786,0.8271052859909593,1.3802512967480942,0.8121177797584547,1.3964944096584968,1000,1.021181543057388,220.06733419705577,0.3834945116892432,0.1644758116908502,0.6941585721088065,1.3254715274252706,0.6988089521433216,1.3435541339714545,1000
441,0.9739223196950357,427.6357264369672,0.3019632297124125,0.15381041464552211,0.6514581175177979,1.2656254944426966,0.6724539069898123,1.2753907324002591,1000,0.9352132129170121,249.39237321275053,0.31826383826443116,0.14982356587379625,0.6478692330169834,1.2381320674546261,0.6415590238043715,1.2288674020296528,1000
442,1.2002730726130284,334.6546646342385,0.6283910429123465,0.1725186796147391,0.8774225653735237,1.5262585129508803,0.8621364605681398,1.5384096846579172,1000,1.1108235986871422,250.88358362590938,0.3332825558584665,0.17229377023069073,0.7748830443098487,1.4223806714354736,0.7731278090349885,1.448519388339296,1000
443,0.8209775827479056,379.5605502205173,0.3636066174767252,0.19208685204697584,0.4378352155597464,1.2067054074447796,0.4444873527358329,1.1974678127599783,1000,0.8456860013787639,273.08786262701045,0.29091006795047725,0.18775493194016982,0.4665960666678767,1.2226832125277156,0.4776863347760311,1.2136856679814967,1000
444,1.1056097081631593,383.87780869153585,0.4373471276297369,0.14883064970405357,0.8196913334061999,1.3946223974855154,0.8139016347432143,1.3973177815831042,1000,1.089442088558988,179.6696779042341,0.833801824231938,0.2138229908312834,0.6706331510543444,1.4366887705078581,0.6703490265296725,1.5085351505883033,1000
445,0.6508745191282035,319.0088738711242,1.0718844486727215,0.15328655327734786,0.3667217639910233,0.9709974893523985,0.3504328747046017,0.9513161635518053,1000,0.7916107261608745,190.639946531965,0.7089253375310305,0.20629344729033489,0.43064202253108713,1.2209405229716679,0.38727556947181807,1.195945882849931,1000
446,1.0080969966397277,354.1876814622821,0.4616341123960186,0.13586901003064186,0.7416734698624319,1.2722465353029204,0.7417937369796697,1.2744002562997858,1000,1.0958398273350354,259.3065721922435,0.3510041360678995,0.13989469218632802,0.8092859130144343,1.3601335897790852,0.8216462306498324,1.3700334240202383,1000
447,0.9773750857201811,376.98254034423326,0.40687130234073277,0.14119788456513352,0.7136691473026515,1.2578164341487887,0.7006272319725193,1.2541229394678428,1000,0.9711583919839595,228.26753456786193,0.49174218106217993,0.15689838843869996,0.6754565312472361,1.2910793356739974,0.6636375506441076,1.2786792333238113,1000
448,0.9715950242590781,313.9247439241208,0.4775179038155604,0.1363678657417137,0.6969022081562589,1.2347223627413062,0.7043140074053192,1.238876041112837,1000,0.8828100237160128,196.7244300961312,0.4919735332220791,0.14826035884476796,0.5827642584444644,1.1730133115078851,0.5922197203802676,1.1734003270517581,1000
449,0.9837872466633115,316.08674213581037,0.5757762400110542,0.14614338825519152,0.7097416814910285,1.2843453004654966,0.6973462056831361,1.270228287643487,1000,1.040862521129562,206.0933038893955,0.45598442047185833,0.15544201913609773,0.740897968530492,1.3503446647175084,0.7361961636228104,1.3455288786363133,1000
450,1.0896831593860599,368.38156350443194,0.41828295886418193,0.14045271034108245,0.8240915925198363,1.3661582776312686,0.8143958471175383,1.3649704716545814,1000,1.0562538398905832,269.8937936790049,0.3606894458605275,0.15939434475408584,0.7128744045102761,1.342004471454032,0.743840924172575,1.3686667556085914,1000
451,0.9543089669775666,390.10792360557383,0.44419664764359895,0.14058910844717715,0.6922527527103672,1.2290215636509625,0.6787543144210995,1.2298636195340338,1000,0.9079203831796052,288.7943575558084,0.2845608063427253,0.14401785340623735,0.6251131150785302,1.1908020071833954,0.6256453905033801,1.1901953758558304,1000
452,0.9577729531412933,435.72827031377767,0.25536113722050235,0.13276322405041938,0.7082597053236136,1.2298422374505977,0.6975570340024713,1.2179888722801153,1000,0.8736347713409027,246.17878752111878,0.4126096860961524,0.1563360662623534,0.5961654447978223,1.2049356897074064,0.56721608146669,1.1800534612151155,1000
453,0.8961243866065041,278.6929980005867,0.8828415238821427,0.14083541895997287,0.6290385932595903,1.1737216738994816,0.6200869654449572,1.172161807768051,1000,0.8565739929247909,177.6805311354035,0.5287291871476346,0.133701523735243,0.5994677148090253,1.1071046606570722,0.5945190064037146,1.1186289794458673,1000
454,0.9135081157433707,312.01643238925675,0.6907268498852168,0.1542730151258234,0.6044213074528575,1.1980651067189823,0.6111330060967568,1.2158832253899845,1000,0.945647114490197,220.23001992531633,0.559823789097874,0.17268126940851136,0.6068115080193593,1.2742894847589654,0.6071918264495147,1.2841024025308792,1000
455,1.0459906334321434,348.242233941492,0.5406858972475516,0.14277461246317302,0.7809664075932568,1.3416574464314972,0.7661523930043243,1.3258288738599626,1000,0.9743921664526627,209.2117753818231,0.6073669101895754,0.16886429900548208,0.6760663511661789,1.3510923833237207,0.6434181404019178,1.3053661925034077,1000
456,1.027594313436933,249.03347078307056,1.1144863096935085,0.1689118085017651,0.6883197625270416,1.3412476739739643,0.6965271687734733,1.3586614581003926,1000,1.0362681263390416,164.01873267216718,0.6961673405698158,0.19064483177430244,0.6610305879144437,1.4084232958168204,0.6626042560614089,1.4099319966166743,1000
457,1.1118336973527767,366.37565043295837,0.4671624511991251,0.14958669743263595,0.8184726918097881,1.4007242472234702,0.8186437703848102,1.4050236243207432,1000,1.0990115975764896,259.20978019732945,0.3708288944541638,0.15998479596634252,0.7899015648781518,1.4351159330750023,0.7854413974824583,1.4125817976705208,1000
458,0.9650433249732995,383.5428736627643,0.43011171445971635,0.181240856792892,0.6258858145325288,1.3388222719936351,0.6098112456592312,1.3202754042873677,1000,0.966196548008392,215.78679693007734,0.773045461155678,0.20509050505634782,0.5767711632796666,1.3732781696509975,0.5642191580979503,1.3681739379188338,1000
459,1.1133524873834537,328.80909221272003,0.5679171689505703,0.15456581821037937,0.8418327163882368,1.4440463707069098,0.8104034836911101,1.4163014910757972,1000,1.159705573426904,232.7453240784959,0.6848853992727298,0.1753973641514665,0.8541034675611122,1.5388171831074067,0.8159267396900296,1.5034844071637783,1000
460,0.7837526375521997,347.60335440096407,0.5618317852604694,0.14940562024721918,0.4882284894069075,1.0707796486948973,0.49091762186765014,1.0765876532367493,1000,0.5891288804923906,242.4228277754049,0.6122396119071805,0.17275584752523745,0.2339343158745361,0.9074924007346862,0.2505274193429252,0.9277303416418561,1000
461,1.183872986718983,353.43279059420473,0.4313575297946466,0.15363150032558381,0.877536072229767,1.4771380592373602,0.8827552460808388,1.4849907273571272,1000,1.241952148540335,216.1032990862209,0.39632692795532193,0.15618888759497257,0.94018512889618,1.5468853557490656,0.9358219288541889,1.5480823682264813,1000
462,1.1027526455169991,261.14085384693584,0.8556183367059673,0.15216318537072507,0.8114424777534254,1.4069551298342713,0.804512802190378,1.4009924888436203,1000,1.1007707470316084,175.95236938139516,0.8595818415171637,0.1575455516572132,0.8090254868465153,1.4217085784575323,0.7919814657834705,1.4095600282797462,1000
463,1.1643344388714016,234.20213460461548,1.3596509068191573,0.20676878619084813,0.7900302714038548,1.6094829156667851,0.7590676179373393,1.5696012598054638,1000,1.1054069029053655,162.14328236294637,0.6414272976448836,0.18805018760091774,0.7754751856388249,1.5078937148022864,0.7368285352075667,1.4739852706031642,1000
464,1.0698317936466286,402.6975520778349,0.41881212879561036,0.17187042307550976,0.7028555775386847,1.3762357609420703,0.7329657644186295,1.4066978228746279,1000,1.1339503515421532,233.55817315099637,0.3725244664074421,0.171267139564517,0.7641864256588655,1.4489025723365012,0.7982667579956999,1.4696339450886065,1000
465,1.0509862695163412,339.48184366464716,0.5563244292381401,0.15190592517188664,0.7528911852887776,1.359228504858419,0.7532506561794434,1.348721882853239,1000,0.8991529911027514,182.23224206120193,1.1345573809625362,0.2247650579088969,0.3680955550424616,1.2969260795716229,0.4586134776013135,1.3396925046041892,1000
466,1.204587030490397,359.41559256330885,0.5695034914711581,0.13741893573506012,0.9218615079044894,1.4671816650822724,0.9352459164496791,1.4739281445311148,1000,1.1138180367327917,185.68186196305865,0.8843178728178384,0.1769450875135265,0.7487565178332214,1.4349267622381412,0.7670056652062798,1.4606304082593036,1000
467,0.8345159487883258,370.67224477961565,0.4803765705471507,0.16729869147661516,0.48326948461984176,1.1356198585116024,0.5066105134941601,1.1624213840824915,1000,0.8536609993220949,250.8059080187871,0.3400721830472254,0.17193321757051178,0.5013849576723506,1.1838339315556843,0.5166718928838918,1.190650105760298,1000
468,1.1243963832429609,429.8902688986208,0.3682466281060127,0.1415988713487968,0.8452310954675626,1.3834891731718137,0.8468625953993192,1.4019301710866026,1000,1.1920178844293696,234.11075757166475,0.38279348567066085,0.15181491278442438,0.8844468907560825,1.4656371102437822,0.8944606553718979,1.4895751134868414,1000
469,0.8434310712795692,402.1475546689682,0.3465889061599722,0.13692349578394164,0.5815938133953491,1.124273678687754,0.5750610195430436,1.111801123016095,1000,0.8088839995427697,223.38449683376777,0.471642236327596,0.15940038158878114,0.5207105490880769,1.1351317375661838,0.49645925162875865,1.1213087474567807,1000
470,1.1116300130674996,364.7869835061575,0.4454564990824338,0.15858376563759477,0.8093468225157946,1.4166276511573688,0.8008058324178139,1.4224541937171855,1000,1.040207388732993,266.4551864499127,0.3093993645187688,0.16503904768086158,0.6926008355805984,1.3499806918537123,0.7167308552785043,1.3636839221874817,1000
471,0.9867909227624969,318.4496670517893,0.6630044260068754,0.17544824915281243,0.645645892183577,1.3330001601397676,0.6429123544229846,1.3306694911020092,1000,0.9029110420883708,220.6863212592793,0.5140010297264844,0.20423793001979273,0.5570299450686159,1.3640041420395972,0.5026046992495771,1.3032173849271644,1000
472,0.971188694070225,345.9840181668165,0.4301880696437041,0.16419859327876063,0.6657933789883632,1.2863005312057016,0.6493594512438542,1.2930179368965957,1000,1.0388940006818959,204.46644102734317,0.4901404649205639,0.1907115882079136,0.7111938327112751,1.4329630132969116,0.6650992877943852,1.4126887135694064,1000
473,1.232683132135048,289.24867242720273,0.727039061855908,0.14932057411512073,0.9323081417636749,1.5301661945210832,0.9400148068694114,1.5253514574006846,1000,1.274521822271045,183.70791421621377,0.5332715230478627,0.15801500032231422,0.9559796426509672,1.5847851178938102,0.9648124216393092,1.5842312229027808,1000
474,1.0573570573934603,364.99129189474104,0.5185755645712341,0.1639772369330469,0.7420697004951938,1.383632041167697,0.7359616730046884,1.378752441782232,1000,1.0913118158071846,217.20458373819014,0.38906611868576574,0.17460789675209834,0.7547193395519907,1.4297287703197756,0.7490803381730718,1.4335432934412973,1000
475,1.057236223842235,371.88352818696455,0.3967818172801087,0.14802228108487694,0.7719008229743463,1.3478559059943163,0.7671125529158762,1.3473598947685939,1000,1.005696712396472,173.08396577369425,0.5227308603880266,0.17169581022220584,0.6526495500703624,1.3306675050119057,0.6691729243609486,1.3422205004319954,1000
476,0.975158681693002,284.64960080408997,0.6979327880579254,0.1369586927486193,0.7155871224593537,1.2443506238739441,0.7067196439057082,1.2435977194802958,1000,0.8828637356873563,225.46131900312946,0.5044683405987829,0.15037352402247836,0.6059868695338964,1.1901681598889127,0.5881316286032987,1.177595842771414,1000
477,0.9291879675547055,273.2418501554553,0.9004509294869986,0.1367876720517516,0.6768833862628195,1.1937926190454586,0.6610841303332723,1.1972918047761385,1000,0.875283346997179,221.49009175293207,0.6340659005922317,0.16783842652852668,0.5853004371090829,1.247770871421338,0.5463200310012668,1.2042466629930912,1000
478,1.0694988428853431,461.67160278886377,0.29476943152851237,0.1572249023501915,0.7656850824134342,1.377556595523883,0.7613380342789678,1.3776596514917183,1000,1.0762054960246923,289.2278453131608,0.2765273792018417,0.16627314325595394,0.7487133918350936,1.3997758993252638,0.7503101352430226,1.402100856806362,1000
479,1.2177516478603914,346.6551181091197,0.5543024110788266,0.18093420359887574,0.8810757119639236,1.5632088612227888,0.8631206088065949,1.572382686914188,1000,1.1800173802812792,233.87855799834975,0.539156436142459,0.18666037031592045,0.8416271376767968,1.5651775767381222,0.8141630544620752,1.5458717061004834,1000
480,1.1060576344361337,356.4011798731717,0.5559559238013801,0.1543478494837711,0.7940940252162664,1.411515245878268,0.8035358494479423,1.408579419424325,1000,1.0520776618505305,184.2752556676827,0.5168221975138287,0.1624250851808776,0.7246200318623628,1.3803424176748598,0.7337244948960104,1.3704308288050506,1000
481,1.1317100513969618,362.61120073276896,0.5850266651841707,0.15433766408465574,0.831448584554773,1.4380671039746085,0.8292082297910366,1.434211873002887,1000,1.1734764854170652,227.93398792044047,0.36436993970307946,0.16387081514858295,0.8629472922780386,1.5298516970476503,0.8522896877258426,1.4946632831082878,1000
482,0.9778494609637391,205.57387284688204,1.0666608400742628,0.18694039087884398,0.6185762927432443,1.3514637075793179,0.6114462948412049,1.3442526270862734,1000,0.6752656764426783,117.67974654313561,2.0359694645416657,0.25827188908182297,0.1065962240848092,1.1729553995033108,0.16905277384230533,1.1814785790430513,1000
483,0.8991469786907986,322.42503476067236,0.5979017483836193,0.1614343505032634,0.5922055870050399,1.2230511326712168,0.5827356517044023,1.2155583056771948,1000,0.9059197124893554,188.6166583723951,0.6102233873410101,0.17326384620312943,0.6092057881026508,1.2633586387268156,0.5663225739312218,1.2455168510474892,1000
484,1.0702375642171917,362.2612596488184,0.42741809818481236,0.14613465520645458,0.7917995009856754,1.3467807894435666,0.7838136400125408,1.3566614884218426,1000,1.01902639975548,240.76774189991266,0.41669536083244074,0.15032504031291208,0.7433285409019887,1.3312963645161728,0.7243893207421723,1.3136634787687878,1000
485,1.2234187248812995,281.25125015097694,0.7222869013937018,0.17823184715137674,0.9195489494560758,1.62001493046146,0.8740843044646012,1.572753145297998,1000,1.105831825498126,133.0526686048258,1.12816862954572,0.230859842060109,0.7885505028691776,1.6962394081650207,0.6533465350603125,1.5583171159359397,1000
486,1.2647283565802097,350.0421839267524,0.5567525216611445,0.15408883495367384,0.9618899969731515,1.5521623286992239,0.9627142400710089,1.5667424730894104,1000,1.2955581732340105,212.72450559540607,0.471659869663651,0.15682210793229584,0.9812854480803072,1.593038594603651,0.9881868416867106,1.6029295047813104,1000
487,0.9531264395967747,345.5373065680324,0.5375123918159681,0.13197810280718875,0.6697065063943768,1.2051326876505681,0.6944493580946847,1.2118035210988647,1000,1.010476922998265,222.61460975202147,0.4088946399773949,0.14548572424271006,0.7086287563319984,1.3040069936977587,0.7253249034825533,1.2956289425139769,1000
488,0.945230057123374,307.6036204310023,0.7752257749436902,0.17136681212436594,0.6415488501436409,1.2886880563465044,0.6093511053596168,1.2811090088871313,1000,0.8502420866574896,221.51075407319166,0.3695384152349267,0.18860120992016716,0.5025455991978924,1.238134070680224,0.4805837152139619,1.219900458101017,1000
489,1.2095072059762093,395.36454854326917,0.5295538913342234,0.13792678181157284,0.9666567558597623,1.483025467125576,0.9391707136255265,1.479843698326892,1000,1.1846918862464675,309.82677513985766,0.2548668033233471,0.14228125369778732,0.9170718492414531,1.4735449479918905,0.9058206289988043,1.4635631434941305,1000
490,0.9278195003396483,302.915973162772,0.9263325203797744,0.16158380779118342,0.6104573158119768,1.2495597664887408,0.6111152370689288,1.2445237636103679,1000,1.02721686262268,202.19030678303517,0.46600181021689324,0.15574779715105325,0.7236024305636334,1.3344296318011513,0.7219511802066158,1.3324825450387445,1000
491,1.1733008429659662,351.1142926970724,0.6355273767963647,0.15876565138835627,0.8778827585255541,1.4897419880204994,0.8621201662447879,1.4844815196871444,1000,1.1250969817607865,232.4874319435521,0.6649394714207892,0.16624259846010858,0.8525744104226033,1.4997905385858012,0.7992614887789737,1.4509324747425993,1000
492,1.0944979806495674,363.54737178344413,0.4058419842128679,0.15885594865304276,0.7744677144912496,1.3737135741308406,0.7831403212896035,1.4058556400095312,1000,1.056205966306595,229.92932111803623,0.39821377516560186,0.1718221781274344,0.7329612413017764,1.385466447216262,0.7194344971768236,1.3929774354363664,1000
493,0.7326787180472176,345.36912751812457,0.5976923596160215,0.19267711453065936,0.3687435486026915,1.127189084822453,0.3550315735671253,1.11032586252731,1000,0.6381484991513939,207.5287712187492,0.4973838584462587,0.20126151996528563,0.28270383535608373,1.0433162483643836,0.2436759200194341,1.0326210782833538,1000
494,0.7717244464628932,310.70593996585296,0.5573761149903148,0.16160768647370305,0.46386703538584234,1.086991865997877,0.4549733809744352,1.0884755119513512,1000,0.7351707679866881,176.41452105410605,0.5048665588834599,0.16847002627305555,0.41047751482804057,1.0730239413616542,0.40496951649149926,1.065372019481877,1000
495,0.9023668329805661,250.1510689160708,1.1449794681150056,0.18749611621618117,0.5421747782188787,1.2901833533380733,0.534874445196851,1.2698592207642811,1000,0.8423748344016508,208.20683515033542,0.6546793005022642,0.16337683204845663,0.5346662867231963,1.1770948589074288,0.5221562435866758,1.162593425216626,1000
496,1.1931412405026953,284.34730728114107,0.6719451587190202,0.1628833287643357,0.8786820421907016,1.5019188220901771,0.8738899161245974,1.5123925648807932,1000,1.2432457834286739,201.86265479904253,0.4706523152234387,0.1637490900001818,0.9390951872296655,1.5657101010259595,0.9222975670283176,1.5641939998290302,1000
497,0.9747613380622826,388.74855342805597,0.44687996125249524,0.15954340106282977,0.6512023726732378,1.281231522044341,0.6620562719791363,1.287466404145429,1000,0.863401302470153,192.72165391426358,0.5172039315766751,0.17862024785074168,0.5287219270294687,1.2226498542494746,0.5133056166826993,1.2134969882576068,1000
498,1.3117024816736316,351.0388046062291,0.44994625411010153,0.1540569974845839,0.9980797001131286,1.6020864279365012,1.009750766603847,1.6136541967434161,1000,1.2977959497680245,210.37267507693764,0.42984076251534,0.1620235956862756,0.9819153335358036,1.6232431318375062,0.9802297022229243,1.6153621973131247,1000
499,1.235931864658936,374.5999860495672,0.4210223721053753,0.14822696567433605,0.9242549183107636,1.5258701110560293,0.9454070119372373,1.5264567173806345,1000,1.2014598544908166,174.33427439746143,0.699946082224276,0.1644028196929139,0.8453536818829346,1.502358368335098,0.8792303278927054,1.5236893810889278,1000
500,1.0483047049550231,348.8191083377831,0.4356208146474652,0.1738791113252029,0.7115819095820883,1.3896463787694324,0.7075016467576255,1.389107763152421,1000,1.147739431346757,176.43893049208955,0.512975310554628,0.17474219967522828,0.815643171511431,1.4801380701877915,0.8052447199833097,1.4902341427102044,1000
501,0.9997326358750565,308.3142902473608,0.7379579329746486,0.16325588242006536,0.6838230692673447,1.3067298611311924,0.6797511063317283,1.3197141654183846,1000,0.5669790375625019,145.74192633835108,2.6014735850145407,0.5027872784105074,-0.6659049934987906,1.1904702036924493,-0.4184840281220926,1.5524421032470963,1000
502,0.9733713896474294,426.4401868078483,0.3006425990265489,0.14295297359364298,0.6896219819499363,1.239279717845678,0.6931835614038893,1.2535592178909696,1000,1.065291776196592,276.1110777051861,0.2964271798916029,0.14991541047078194,0.763489068653226,1.3542056116788928,0.7714575716738594,1.3591259807193248,1000
503,1.282888029153491,351.4462726973884,0.42718560331253924,0.13742538775911364,1.026068108169698,1.5566830658345308,1.0135342691456284,1.5522417891613536,1000,1.1355047286277196,204.12036466989244,0.6115553093014761,0.17131931341289536,0.8147095830745965,1.458515708352131,0.7997188743384447,1.4712905829169944,1000
504,1.0335668114558891,263.08264558733737,0.8057041295951974,0.18040798595247665,0.6895586526579272,1.4147684908379914,0.6799671589890349,1.3871664639227435,1000,0.9186221744708831,184.19035395081525,0.7370850258779574,0.19123972762582522,0.5996584000258622,1.3171301297668088,0.5437923083242657,1.2934520406175005,1000
505,1.3217362630936726,399.89689580014664,0.38731288990430696,0.1491696501942601,1.0367380418908574,1.6008286793316138,1.0293637487129228,1.6141087774744225,1000,1.3333144159715762,201.92362446594217,0.4584328247624079,0.16460394250633006,1.01572262750896,1.6441402782474726,1.0106906886591693,1.655938143283983,1000
506,1.2644263399359532,382.9034639532936,0.4359863606943806,0.1223045442189927,1.0276658210181429,1.5087072895081448,1.0247094332667275,1.504143246605179,1000,1.2537224191046503,263.3125284287036,0.30568165168519235,0.1281727224871236,0.9885272310632999,1.502007908833086,1.002503883029888,1.5049409551794126,1000
507,1.1969063241550195,328.1868141074757,0.5468420056926181,0.17062239438826773,0.8613100473202492,1.529876605834253,0.8624864311540148,1.5313262171560242,1000,1.251094286896492,200.50982743879405,0.5904060071088664,0.17724747076170436,0.9166150321406671,1.6010740668814603,0.9036892442035516,1.5984993295894325,1000
508,1.0324825030219347,413.3081575773415,0.39137705337010803,0.14007367610368415,0.7695238317809306,1.3201760536770888,0.7579380978587138,1.3070269081851555,1000,1.079559626841339,225.10541071907312,0.4025648321265863,0.1582322236511512,0.807342712350777,1.437019331746943,0.7694244684850826,1.3896947851975954,1000
509,0.788871781853195,261.4007791383997,1.7677674509357066,0.3633822971062826,-0.0862116418886747,1.3599124032438923,0.07664247952488101,1.501101084181509,1000,1.055637422820027,233.73448714090824,0.5270203263978237,0.16279729577970353,0.7532348715630376,1.3949303525043584,0.736554723091808,1.3747201225482457,1000
510,1.0233038653263293,359.6471824868259,0.4325333849814803,0.16920081725735306,0.6908347893824242,1.3705138580067961,0.6916702635019174,1.3549374671507413,1000,0.8876541102713102,240.58941793930873,0.42273496176194497,0.16569357305190668,0.5900446619625958,1.251482230149238,0.5628947070895731,1.2124135134530474,1000
511,0.8594212243320878,374.23842404847346,0.601895191117519,0.15158189093078914,0.5822010466086737,1.1722808212108116,0.5623207181077411,1.1565217305564346,1000,0.6953474831884776,215.14599798127432,1.1644097274102905,0.2139105470046197,0.29343421361968974,1.1027350194984813,0.276082811059423,1.1146121553175323,1000
512,1.2486479212230228,320.3275545730748,0.5411451782245341,0.17587324691078027,0.9053259762628367,1.6013068342270111,0.9039363572778936,1.593359485168152,1000,1.176449324106711,199.43376094590573,0.596825344688,0.19059311420472808,0.882243709666484,1.6046893859645757,0.802886820265444,1.5500118279479782,1000
513,1.0126532996134165,314.1023547509654,0.8416508003258878,0.14899795812192326,0.7250967298685522,1.3184095906061457,0.7206173016944469,1.304689297532386,1000,0.828018396770899,189.34248632351606,0.7321699207266028,0.1764151039293886,0.4832370634853179,1.167622891004534,0.4822447930692973,1.1737920004725007,1000
514,0.8860959739864982,356.0413020470293,0.4658885905728795,0.18598464194457934,0.5160144787225377,1.2228674398507786,0.5215660757751227,1.2506258721978738,1000,1.0203389114067576,197.75996034219202,0.475981288361694,0.18453379442451545,0.6589411336946126,1.371953940966578,0.6586526743347073,1.382025148478808,1000
515,1.3177336516602463,216.6549064877897,1.1495543453686716,0.1975316175355414,0.9637494146785072,1.7463258143624925,0.9305716812905851,1.7048956220299074,1000,1.3795432275913582,146.88301882687006,0.9038289225275079,0.2544342507978881,0.9796163691654705,1.986468974754747,0.8808520960274975,1.8782343591552189,1000
516,1.2744749729623162,354.57650076721166,0.5054123509424688,0.16363370241032008,0.9579191154764668,1.6032447632869389,0.9537529162380889,1.5951970296865434,1000,1.4137931808883666,214.64891295198547,0.43486783631694975,0.1766028287481601,1.082828323682358,1.7836826006035629,1.0676516365419728,1.7599347252347604,1000
517,0.6958801075109577,369.6652546289461,0.8078417631718195,0.1291412338143976,0.4540936708764555,0.9441131500051388,0.44276328923473846,0.9489969257871771,1000,0.6931703202036057,204.18410442334763,0.7633558854115287,0.15791970872320166,0.4222915439133263,1.044911096187706,0.38364769110613045,1.002692949301081,1000
518,0.7579899937557113,400.5839801266077,0.29638003042502004,0.15768049821024166,0.46893013036655284,1.0634389117651404,0.44893621726363764,1.067043770247785,1000,0.7552164020384668,245.97145965037433,0.35128124205429073,0.17301046167292808,0.43761018573245997,1.1229999277473448,0.41611589715952785,1.094316906917406,1000
519,1.018250333227071,258.80207832664394,0.9594582248667979,0.15529858822354758,0.716526579440481,1.3365820436966538,0.7138651003089176,1.3226355661452243,1000,1.0616860623002564,181.10077138410597,0.5815556274824207,0.1671195127975517,0.7585464592807737,1.4118768484880946,0.7341318172170551,1.3892403073834578,1000
520,1.137699445642708,377.98231724292515,0.3684270159814293,0.16866560091058339,0.8105257043788845,1.4794075246499157,0.8071148678579647,1.4682840234274515,1000,1.1172854438282254,228.01814108453107,0.5014865014125335,0.17380981917608432,0.7513918838666013,1.47147162290733,0.7766181982431002,1.4579526894133505,1000
521,0.9136972492545268,370.29005592613123,0.4401549782207453,0.14160608709515243,0.6458198699696265,1.1934205570243674,0.636149318548028,1.1912451799610255,1000,0.8038490262084279,239.71140605901653,0.4481393762659879,0.15058632142076403,0.5306516326222495,1.1073155657245253,0.5086998362237305,1.0989982161931253,1000
522,0.6991207481281005,316.3604674680795,0.6709007656120699,0.14684692085390746,0.3841933817034314,0.9658345875494041,0.4113007832544419,0.9869407130017591,1000,0.765525100492102,201.14590484492484,0.5284347928112446,0.13700035855435397,0.46982523642043283,1.0294536411106503,0.4970043977255682,1.0340458032586357,1000
523,1.0862508112039984,337.906654546453,0.4453772761014233,0.18270218885985834,0.7700016553141862,1.4813422930454434,0.728154521038676,1.4443471013693208,1000,0.9790803993673798,164.556241899956,1.6299798112019042,0.2636755849440913,0.5462634080372203,1.601070310190146,0.46227625287696084,1.4958845458577987,1000
524,1.0065944146435077,376.78944316631646,0.4615961471346969,0.165873353554343,0.6854941825933797,1.3479226740935213,0.6814826416769955,1.33170618761002,1000,1.010991006425893,221.02628710719824,0.3981129851855012,0.1909643042606016,0.6569664730448264,1.366673762863598,0.6367009700751138,1.385281042776672,1000
525,1.0540670463672095,286.05259449519633,0.5460833358338449,0.1723148225025623,0.7371420135514006,1.3960293449911785,0.7163299942621875,1.3918040984722315,1000,0.8864123023769466,198.13726173519365,0.6820520147116822,0.1798689834589247,0.5575007886725402,1.2802801529789158,0.5338690947974541,1.238955509956439,1000
526,1.238483055913135,450.6366317681867,0.23183017985613252,0.170455498157933,0.9062160796422414,1.5738499634281875,0.9043902795235863,1.5725758323026837,1000,1.205683165251313,205.81145166940638,0.4038016632278256,0.19285080134566843,0.837027473976207,1.5849021112484687,0.8276955946138028,1.583670735888823,1000
527,0.8301565215907623,372.60546341631897,0.5287463614930553,0.18227586657557887,0.47587668490308255,1.168530440855996,0.4728958231026277,1.1874172200788968,1000,0.7052902856157353,202.56424275608052,0.7950836556431915,0.24601218753762724,0.1867855000895217,1.0454778476824769,0.2231063980419859,1.1874741731894847,1000
528,1.2756611022292978,381.4499580655022,0.3572640500184325,0.12823902364270687,1.0402694934138415,1.55096954270228,1.0243126158895923,1.5270095885690034,1000,1.1816676325085702,209.14489447301065,0.40276887195620525,0.13525273362067117,0.926072622225898,1.4514688906664848,0.9165722746120547,1.4467629904050856,1000
529,1.0933698525283848,327.0455637655895,0.8684987917874166,0.15060474380240724,0.7922165175038541,1.3900924056270199,0.7981845546756666,1.3885551503811029,1000,1.165670133217442,202.06268701180136,0.4243824363324003,0.1625076887401266,0.8400002352890387,1.4877728782045083,0.8471550632867938,1.48418520314809,1000
530,1.2779201944413718,312.25718151643605,0.5172662784072519,0.15003142661577704,0.9885135009207933,1.5633019510804032,0.9838585982744488,1.571981790608295,1000,1.1094799733081158,214.8034470132607,0.5690173912287446,0.16965185676652939,0.8102330748769205,1.4564095283431562,0.7769623340457181,1.4419976125705134,1000
531,1.0364115646856793,316.55587331409777,0.795746414640697,0.16080296886100054,0.7229029384248291,1.3447343593285104,0.7212377457181183,1.3515853836532403,1000,1.077275418406376,213.21107890309932,0.6520898031699589,0.1724259379020285,0.7571478098318327,1.4150637847990788,0.7393205801184002,1.4152302566943518,1000
532,1.3453852003765099,365.7073510491117,0.5076808627760079,0.16334136008644223,1.0328697035793521,1.6675620638824464,1.025236134607083,1.6655342661459367,1000,1.2806498143937741,219.52337243208436,0.4239246775688561,0.17021067211430196,0.9412156162064579,1.6124845026538568,0.9470368970497423,1.614262731737806,1000
533,1.04359408358372,291.22780629039465,0.635873645915005,0.1860078337968526,0.7064174314477992,1.4447411964433416,0.679018729341889,1.4081694378255512,1000,1.0210542364444901,207.05297459093654,0.5877802237857961,0.19534192196197325,0.7682058309508965,1.565236330278997,0.6381840693990226,1.4039244034899576,1000
534,0.8771105885057771,251.8886051035462,0.952706524011848,0.17549707601744652,0.4991542716526778,1.2069727287488001,0.5331363195115819,1.2210848574999722,1000,0.9128354113417103,168.10074780195635,0.7088071865172054,0.175252991817203,0.562973779011249,1.262876814567332,0.5693395473799925,1.2563312753034281,1000
535,1.153419565593675,385.96010116576474,0.3795631477216337,0.1427612978280821,0.855792442290136,1.4409801541784724,0.873607421850634,1.433231709336716,1000,1.232788699929268,237.43750599070415,0.3560136383735022,0.1452467366677493,0.9453654848974121,1.5252935129694218,0.9481050960604795,1.5174723037980566,1000
536,0.7663593211211048,449.9206610439627,0.22396735758601413,0.15439112333018484,0.4393648008521895,1.0626608533429809,0.4637527193939425,1.068965922848267,1000,0.7189501989791705,229.54003586098975,0.35652486349779705,0.16508391711970763,0.37872689588698427,1.0354873974719776,0.3953857214245435,1.0425146765337974,1000
537,1.2868749253913676,311.0887155871217,0.6860549118130597,0.17878375318640363,0.9324101493091995,1.6262005083123807,0.9364587691460164,1.6372910816367188,1000,1.2941531759680767,204.90688481481143,0.49418793697159985,0.1744600175242725,0.9705684210742083,1.648717279189832,0.9522115416205026,1.6360948103156507,1000
538,0.8619365252659779,278.30482548801945,0.6296304955796639,0.14793897286873056,0.5699734699258701,1.1579857867448922,0.571976138443266,1.1518969120886897,1000,0.8616108632847785,190.3694437974132,0.6419365603164753,0.15912126038259367,0.5460611342738353,1.1257629581281428,0.549733192934895,1.173488533634662,1000
539,1.1397000995692594,416.4136446166212,0.3118304878985297,0.16177095180405726,0.7844208172418198,1.4379532498661747,0.8226290340333072,1.4567711651052115,1000,1.1642792036972063,208.98653304355838,0.41255058297177294,0.16500506747398985,0.8349601688816025,1.4714568579350222,0.8408692714481862,1.4876891359462263,1000
540,1.113588354134138,367.5870923860738,0.5140437293000001,0.14369599696967633,0.8278179859725073,1.384659194186844,0.8319442000735724,1.3952325081947037,1000,1.0553030826249636,268.748862200256,0.3086077307934441,0.16363943723679777,0.7243756067233184,1.3604560537342276,0.73456978564084,1.3760363796090873,1000
541,1.1787155661389737,376.8446934315959,0.3857064482852631,0.18894183435056114,0.7946227352995634,1.516572290415526,0.8083895708118738,1.5490415614660735,1000,1.1999559195903873,233.3328911687093,0.48682727120054753,0.20083423531709746,0.7829598098126055,1.578091566745362,0.8063208183688763,1.5935910208118984,1000
542,1.1634444497734302,367.05294040326345,0.4837413153244884,0.15553424730384843,0.8298632453585693,1.4409529619834456,0.8585973250578873,1.468291574488973,1000,1.1194700765652326,232.66450976388282,0.9266628970169926,0.2253174018166714,0.7207573909867863,1.508209192107152,0.6778479690045567,1.5610921841259084,1000
543,1.18690224240554,334.29067284069606,0.5079239552930517,0.1606576492985746,0.876060394687529,1.4993553432746043,0.8720132497803338,1.5017912350307463,1000,1.0543789589324484,203.80248166911136,0.771577816797962,0.182355677167181,0.6770660243712138,1.4079422458281465,0.6969618316847737,1.411796086180123,1000
544,1.1275161211543163,366.27629886937376,0.5240040688905989,0.15051979024365722,0.8488957148979371,1.4219599222193537,0.8324973322767482,1.4225349100318845,1000,1.0184407149716987,236.57495143928497,0.5162131161416516,0.15994104268579842,0.7115305390897741,1.3367521593183644,0.7049562713075339,1.3319251586358636,1000
545,1.1202495032199855,296.5796996540304,0.6942059172423983,0.1409075564859529,0.8492181995956968,1.4042205541161106,0.8440706925075179,1.3964283139324531,1000,1.1724714493937172,200.80832798433684,0.519715333166077,0.14710573876067695,0.9019103316371077,1.4863893707148685,0.8841442014227903,1.460798697364644,1000
546,0.8650338765220513,281.3256630229414,0.8127807080359065,0.18182050841812247,0.5262276512761989,1.2381119528824112,0.5086656800225313,1.2214020730215713,1000,0.8611657269453583,168.24254864390682,0.687105279830453,0.21038948780079994,0.4233390519210945,1.20658406778525,0.4488023308557904,1.2735291230349262,1000
547,1.1080600886336045,404.7041699290757,0.39268472304462226,0.14936431491019111,0.8158776037628288,1.3949311260438602,0.8153060314096299,1.4008141458575791,1000,1.0963127336710947,246.59426755854284,0.32222073109786514,0.14483848494136728,0.8196660180358865,1.3665715732341333,0.8124293031860148,1.3801961641561746,1000
548,1.2270405547128922,309.3710968136685,0.5734421777819195,0.13142034881728207,0.9688776992384905,1.472062885481175,0.9694566710310193,1.484624438394765,1000,1.13619710945026,168.4066893573366,0.8379417800064892,0.17000179651383707,0.778081603979935,1.4443259889223847,0.8029935882831394,1.4694006306173808,1000
549,0.9665409950065587,342.3904311278713,0.568197208419475,0.1719902019517044,0.6392514160295288,1.2970326204297495,0.6294401991812181,1.3036417908318993,1000,1.0038739749406196,232.37324272329664,0.37024841010422166,0.1754821408405223,0.6919609507456088,1.3622933410612041,0.6599289788931959,1.3478189709880433,1000
550,0.8643358439270092,397.6523670556009,0.36805918493204187,0.14503640182057762,0.5772571855255071,1.146809752639437,0.5800644963586772,1.1486071914953413,1000,0.8180494335663928,221.47324005939004,0.3870650396014453,0.15684528221554606,0.5369855838731477,1.1353940444269024,0.5106326804239225,1.1254661867088631,1000
551,1.0407253049859513,232.2103942068893,1.50722656466183,0.22954090342140557,0.5417051156951398,1.4573362731574906,0.5908251342799964,1.4906254756919062,1000,1.2572702827078102,177.87640878074558,1.0539966836460115,0.1999110612240891,0.8904083651973244,1.6507963307674554,0.8654446027085956,1.6490959627070247,1000
552,1.0219086848831114,394.16907783174867,0.38547684297942175,0.1544021104809819,0.7180608822733069,1.323973289513728,0.7192805483403868,1.324536821425836,1000,0.9785747905444828,272.46812443245534,0.3033777183015933,0.1531539706700022,0.6786859542209406,1.2683805970300335,0.6783930080312786,1.278756573057687,1000
553,0.924364499275439,248.04949654311565,0.8707541674919919,0.15546954956910147,0.5995351521732223,1.2182877548937079,0.61964418212,1.2290848164308779,1000,1.1121622975664938,168.7942334332298,0.5552884714761464,0.13592462301912434,0.841593438087538,1.358176299791287,0.84575003644901,1.3785745586839775,1000
554,0.9691989283962199,271.0170445276034,0.9976073967391714,0.13670046336309113,0.6920195717118626,1.231310056834394,0.7012660202045613,1.2371318365878785,1000,0.9777182065967738,240.37499201716014,0.37797019331068255,0.158292197612055,0.6607195759352589,1.2822384518221461,0.6674654992771459,1.2879709139164017,1000
555,0.9056683121394298,342.6932884008939,0.5644000682390025,0.16035426439500172,0.5834719497851223,1.2096622459346729,0.5913739539252264,1.2199626703536333,1000,0.9825070550313382,207.57746135515185,0.4232329641795994,0.1744122335695327,0.6506679076682593,1.3094151591939633,0.6406590772350541,1.3243550328276221,1000
556,1.0038308419979556,376.46449070037755,0.4493179831280368,0.170159121589233,0.6743522203216958,1.3283444006337526,0.6703189636830589,1.3373427203128523,1000,1.1199170280837087,250.01680354940106,0.32878471678051846,0.15910209128758956,0.8209989032191544,1.4284331102354346,0.8080769291600332,1.4317571270073843,1000
557,1.065129027758982,209.12381129889832,1.5487752314160261,0.17633415524060198,0.7348637754442432,1.4179797490188448,0.7195140834874021,1.410743972030562,1000,1.110664540700026,193.82357997758155,0.5636769228879889,0.14758448624115894,0.829968045982906,1.4213632108588574,0.8213989476673544,1.3999301337326975,1000
558,0.8125359230693683,382.9980282170844,0.4924754369894442,0.12953260974347405,0.5555272554565007,1.0585050005842411,0.5586520079721591,1.0664198381665775,1000,0.8159838307586718,236.81574450281644,0.34813015972984707,0.12985914153181866,0.5576198559975235,1.0678094373457392,0.5614599133563072,1.0705077481610363,1000
559,0.8980092583409656,260.39331694614765,0.7012804784088844,0.16113063094265567,0.5788482762599783,1.1987278646790904,0.5821932216933605,1.2138252949885706,1000,1.0446586096159964,155.89999867370207,0.596575550644845,0.16492393976127145,0.7154360728845757,1.3581785008956804,0.7214076876839044,1.3679095315480885,1000
560,1.188797119467501,302.33205984342646,0.7127380511149934,0.14723756215767694,0.9174812524228005,1.4979909514850034,0.9002114976384543,1.477382741296548,1000,1.0081324114962888,197.2294588030842,0.5033915864486015,0.16178676908220266,0.6819816449056719,1.335322094129579,0.6910303440951717,1.325234478897406,1000
561,0.8947704226489956,343.95680893003515,0.5642722421162503,0.18784628031555795,0.5138217525151619,1.2354037999076641,0.526591713230502,1.2629491320674893,1000,0.9343582209017169,189.20310549077604,0.548421027938817,0.23652234842137784,0.4739122570916982,1.2619829631534967,0.4707744179958164,1.3979420238076175,1000
562,1.1542011020259073,388.708932198981,0.3903106779441784,0.1314299407481589,0.9093048539915181,1.411041847607625,0.8965984181595159,1.4118037858922987,1000,1.0836021190657152,274.0698827747744,0.35578187524308735,0.1439878055011209,0.7945039478873368,1.3452579105673246,0.8013860202835184,1.3658182178479121,1000
563,1.1414147571630764,385.43209958051784,0.45214680416242076,0.16261166580868086,0.8454147508876381,1.463259180042854,0.8226958921780618,1.460133622148091,1000,1.0950642783264302,234.5095183238947,0.4181737751081403,0.18920796108342228,0.7911017201847851,1.5178795598415757,0.7242166746029225,1.4659118820499377,1000
564,1.1595916277277758,328.76570035148137,0.47485596876346603,0.16926788122024755,0.8247800065044704,1.4977190399934779,0.8278265805360906,1.491356674919461,1000,1.0724272261109071,223.9746171054969,0.38857939138831765,0.1880689446074534,0.7093051208993318,1.450050857328861,0.7038120946802984,1.4410423575415159,1000
565,0.8718042783566236,346.8713383398627,0.4562600352635148,0.16276335512123732,0.5695212906067266,1.2021134254786163,0.5527881023189984,1.1908204543942487,1000,0.8474131537553302,214.93985174122807,1.1442671962080506,0.19903993543949947,0.502596533567585,1.2546413036121973,0.4572948802939113,1.2375314272167492,1000
566,1.023909844830127,369.8947291149185,0.6491544388181011,0.16304657187079044,0.6859300912275662,1.3214028668533697,0.7043385639633777,1.3434811256968762,1000,1.0197153896904552,261.7353627856135,0.34421676121475125,0.1616108160066331,0.690454347025084,1.3312657575344853,0.7029581903174542,1.3364725890634561,1000
567,0.9726002067321211,365.5856119481334,0.46523582754914033,0.1528971637000059,0.6640729279153839,1.2766346876510546,0.6729217658801095,1.2722786475841326,1000,1.0091760411925312,214.51583549334396,0.4018847816049463,0.15310148380770447,0.7205772488723942,1.309991468960377,0.7090971329294304,1.309254949455632,1000
568,0.8931511188479213,451.55883236088386,0.23489267976979694,0.13293049578351293,0.6349278989870822,1.1485439567657578,0.632607347112236,1.1536948905836066,1000,0.9158464442830148,286.02501118266173,0.3297596717329159,0.14880761554410893,0.6182358741857775,1.1983636360331733,0.6241835178165613,1.2075093707494682,1000
569,0.8695548837517961,314.0980815184944,0.5737324253344879,0.12195639416153918,0.6400231354505119,1.1197222038989607,0.6305203511951794,1.108589416308413,1000,0.933095459062808,232.63563835488353,0.4227433203464471,0.13365113604950807,0.692902670635304,1.2171955227909492,0.6711392324057721,1.1950516857198439,1000
570,1.2198087624908789,380.0765449799505,0.4080929749958297,0.15795061080427147,0.903040292918243,1.5077253235032653,0.9102255653145068,1.529391959667251,1000,1.2960803404953367,191.10516855308796,0.4675165767732745,0.1677595120759547,0.9700082181124154,1.6266604036910162,0.9672716968264655,1.6248889841642078,1000
571,0.9938502399899827,393.92164257439606,0.40189241266173126,0.13937008330605458,0.7302590918240087,1.2674271468988183,0.7206848767101157,1.2670156032698496,1000,0.928317807337756,249.8681003323227,0.38685054273474057,0.14981092481352198,0.6231232652242189,1.2208520015022788,0.6346883947032529,1.2219472199722592,1000
572,1.0985805535404212,333.98476247954346,0.5203244581503438,0.20573614566170187,0.6737115281403118,1.4727748302770607,0.6953377080434855,1.5018233990373568,1000,1.1546298799926333,201.7970427100129,0.8619030553763853,0.25705047906157896,0.6929882617267813,1.6755074217553445,0.6508109410319386,1.6584488189533282,1000
573,0.8667308580983852,345.4545571286274,0.4840391105329899,0.1874148010267202,0.5089561747092779,1.237503739954326,0.4993978480860137,1.2340638681107567,1000,0.7865051419645352,189.46764417581758,0.9019183347503797,0.19298282995551477,0.426213298024562,1.1578351652033585,0.4082587952517263,1.1647514886773442,1000
574,1.0347520901756813,340.3233843832051,0.5863890320927808,0.1506765139963662,0.7347924529807927,1.3433618987482725,0.7394261227428035,1.3300780576085591,1000,0.9926769572002514,224.31303291754077,0.38127143341937303,0.16410759308945455,0.6600496918278965,1.313379046811027,0.6710260747449205,1.3143278396555824,1000
575,1.1722231456430903,320.1943128079493,0.5335602925169891,0.1431609143708937,0.8902916537080103,1.4531037016570951,0.8916277534761385,1.452818537810042,1000,1.1842002362597435,211.23457072624333,0.4233584619424462,0.15253127569706593,0.8889021382761795,1.4830827715372714,0.8852389358934942,1.4831615366259927,1000
576,1.0917569860549743,398.4811742950151,0.29083518990178403,0.15894360436702235,0.7598016054361332,1.391200714788005,0.7802275214956105,1.403286450614338,1000,1.0374538172304097,216.03453433550743,0.37291065427400416,0.16534792493194508,0.6916782756166,1.3318808779723084,0.7133718843637974,1.3615357500970222,1000
577,0.8190062591576006,357.24653654003555,0.3946829094454909,0.15265606719895358,0.5298449600272475,1.1330682907664078,0.5198003674476517,1.1182121508675495,1000,0.7063226992176892,216.49188665807017,0.6705286310660457,0.17528866171550622,0.3927008302811084,1.0786710497274667,0.362756922255297,1.0498884761800813,1000
578,1.1441324877133714,328.28112482601136,0.7456102274923951,0.16028329148614398,0.7924073203986666,1.4422741064213274,0.8299772364005291,1.4582877390262137,1000,1.1083385643403822,227.08172896526875,0.5480033459446129,0.17519774653253706,0.7067760691191175,1.4032882991278297,0.7649509811366096,1.451726147544155,1000
579,0.8417285218493724,328.36785075712714,0.4004617101675343,0.17512063613256426,0.4935431646680801,1.1745885123084199,0.49849207502954646,1.1849649686691983,1000,0.8371111703893344,204.97938503082304,0.5269818869874251,0.19608085197450428,0.4739377287787051,1.2467326543755195,0.452792700519306,1.2214296402593627,1000
580,0.9138190274719489,343.1795967181474,0.438535147270257,0.15882641256516558,0.6076932037927131,1.2246073944986755,0.6025192588442243,1.2251187960996734,1000,0.90772486632709,237.47665255573727,0.5090356063794952,0.18962025192122678,0.4983590292794673,1.2262400709520538,0.5360691725614856,1.2793805600926946,1000
581,1.0410256242735731,409.0797717361818,0.3656841265959374,0.15874717134682068,0.7164408495199404,1.3469071697984378,0.7298811684338047,1.3521700801133416,1000,0.944466478787104,197.82901951109304,0.43738119791932917,0.16780564448494775,0.6089965003050524,1.2789127116230836,0.6155674155966064,1.2733655419776015,1000
582,0.8695083420880771,350.51309066500147,0.5207844404453746,0.15610130008616416,0.5550614966537153,1.1734483560062112,0.5635497939191954,1.175466890256959,1000,0.9092278839671524,272.36486858281756,0.31432129255406105,0.16943522418396462,0.5805094634981202,1.2626324873893435,0.5771348445665817,1.2413209233677232,1000
583,1.144705262963409,409.6608234315186,0.3439399295882814,0.1355392924383136,0.8660404305208206,1.39700345212563,0.8790482497843142,1.4103622761425036,1000,1.1304816164589129,259.84110366685485,0.3843480653981737,0.15084565572416017,0.8633397477080528,1.4330272485518225,0.834824131239559,1.4261391016782667,1000
584,1.2695119196603575,420.84657972844457,0.32936136529200577,0.14215248976405917,1.0049831290115527,1.5600751470349408,0.9908930397228015,1.5481307995979134,1000,1.2822548994947336,234.24628087442773,0.3560669822049164,0.15427029211124274,0.9759051083852168,1.5698275148115581,0.9798851269566978,1.5846246720327692,1000
585,0.7875038746929115,312.29762652069553,0.9004320423178677,0.16890310249704812,0.44650562737666794,1.104951169203196,0.45645379379869716,1.1185539555871258,1000,0.8353475405794053,208.34266268933422,0.822022410408363,0.19527368273172302,0.4689626773585806,1.2323701530058848,0.45261112242522816,1.2180839587335823,1000
586,1.0933009701931065,327.00607917348657,0.5636507368395842,0.15981766637237657,0.7817449467276216,1.4061401627741401,0.7800583441032484,1.4065435962829644,1000,1.1347295697058848,194.62192646696047,0.5005004739695431,0.16526986211061548,0.8004278823084893,1.4558480168144776,0.8108006399690785,1.458658499442691,1000
587,1.0516050734837785,395.3423539398798,0.3589360953134566,0.15272674432059857,0.7478560168336981,1.3440126757710824,0.7522606546154054,1.3509494923521517,1000,0.9495247147358614,219.3461826260158,0.7086220573766929,0.19941684496647638,0.5308869822040369,1.281606388521667,0.5586676986015677,1.340381730870155,1000
588,1.3717414208975889,338.7131804909915,0.5172857627162033,0.1582541952853971,1.071190994387114,1.697302842997458,1.0615631981382105,1.6819196436569672,1000,1.2536517284319628,220.1226345133879,0.8188503854957007,0.16777422673504028,0.9602591533038151,1.6334296712045293,0.9248142440312839,1.5824892128326418,1000
589,1.0594640222432323,323.32125060438545,0.7336652949314598,0.160473404660688,0.7452073421456905,1.3734722737761278,0.7449361491082839,1.3739918953781807,1000,0.9608649773215112,179.77474763712198,0.6401106515547584,0.17256025157438318,0.6160548870392037,1.30045357632265,0.6226468842357202,1.2990830704073022,1000
590,1.0268471583490713,378.3235579402093,0.38686103944853273,0.1359105362370411,0.7506500962765563,1.2869962522358618,0.7604625073244706,1.2932318093736719,1000,1.041063340693726,229.36069917754588,0.37333674069045447,0.13257743039815284,0.7904854461213171,1.3134733510078165,0.7812115771133464,1.3009151042741056,1000
591,0.9559475119015723,409.91343718272145,0.3308825131533957,0.155876939265263,0.6551397026955295,1.2526903121742552,0.6504287109416569,1.2614663128614878,1000,0.8484161599036835,229.05671372470258,0.36827783378774775,0.16710671397166355,0.5193048254508063,1.1750737510840517,0.520887000519223,1.175945319288144,1000
592,1.0723929008039863,366.4788882577383,0.4546250791087341,0.14637638850938672,0.7772332168923792,1.3599129081924926,0.7854951793255883,1.3592906222823844,1000,1.1248882381632157,185.78619407762542,0.5198563571993591,0.1593946496856296,0.820281168716437,1.4503536387225429,0.8124747247793817,1.4373017515470496,1000
593,0.9410623698451435,351.48754463783973,0.5004281437307636,0.14637492080905745,0.6499387718066091,1.2224640084065814,0.6541675250593908,1.2279572146308961,1000,0.8554397784160415,250.56967934253845,0.35691568986431704,0.1565728544708828,0.5765600646103269,1.1702825044752887,0.5485569836531112,1.1623225731789717,1000
594,0.710074659792125,318.1565919650232,0.8275487723649189,0.18656188052832529,0.2808201658388705,1.0393575186925499,0.3444133739566075,1.0757359456276425,1000,0.750322495170912,205.1582380591505,0.5334775326686313,0.14865766631751295,0.45131563142971126,1.0425947872485246,0.4589534691885866,1.0416915211532374,1000
595,1.2136141360247592,302.16182669755847,0.5667470023532211,0.16824247724794347,0.8831063329865372,1.5337838364899186,0.8838588806187899,1.5433693914307285,1000,1.2033705485304464,198.73563170981285,0.6119488086358377,0.17620135908701706,0.8397297655169111,1.5296483155092915,0.8580158847198931,1.5487252123409998,1000
596,1.0524575059959775,284.55178295331643,0.8066396257991101,0.14688985289753234,0.7511487664839843,1.320944961708319,0.7645533943168141,1.340361617675141,1000,1.0772147420148568,192.7603118267154,0.5046777968983738,0.15064505072051987,0.7699810929304941,1.3533684114839537,0.7819504426026378,1.3724790414270758,1000
597,1.2923023621748944,362.5634657672432,0.42202205220923444,0.16394290739713027,0.9953231195558215,1.6412451028453616,0.9709742636765191,1.6136304606732697,1000,1.2454616403543086,223.7620100352862,0.7420099411206378,0.2294732203300312,0.8898887849939713,1.7918732482998774,0.7956941285074475,1.6952291522011698,1000
598,0.9866010480241412,297.5237212204866,0.7761016839045173,0.17071611913304022,0.65315977810886,1.3129031883790787,0.6519974545233824,1.3212046415249,1000,0.9361882911712607,208.52848681957286,0.3990418212414042,0.18322858765561076,0.5836950813858753,1.2877632044401142,0.5770602593662636,1.2953163229762579,1000
599,1.215234371116504,354.9092040419517,0.4796336162878636,0.18317477635212925,0.9000954573293237,1.6134829911301076,0.8562118094663306,1.5742569327666773,1000,1.2283177645215444,185.287313287745,1.1354793489403792,0.29632523479370193,0.7866686263071866,1.9062640546836156,0.6475203043258886,1.8091152247172002,1000
600,1.173772422681643,390.575584921715,0.3896913920388202,0.13905372044391098,0.8929623620542941,1.4391162478254527,0.9012271306115776,1.4463177147517086,1000,1.290883297171331,235.9484184364023,0.3773701417205855,0.14883028567061324,0.9935789029424095,1.5860659869188305,0.9991759372569291,1.582590657085733,1000
601,1.0241026525228052,374.4260344830417,0.5092207956429519,0.15687440405004435,0.7163540523966127,1.3447256444819329,0.7166288205847182,1.3315764844608922,1000,1.1414040801329115,208.2004348174216,0.4325927507296593,0.16198790186340906,0.8622241732880412,1.5038792147981812,0.8239077924806297,1.4589003677851933,1000
602,0.6578942098357192,245.5847755975822,0.7253108930549759,0.16012131279669112,0.36106795387532564,0.9654185956167733,0.34405643675420466,0.9717319829172337,1000,0.8037817825831093,144.4396358881709,0.772881131188169,0.16642077786734044,0.4880213889595288,1.1519515976144885,0.477597057963122,1.1299665072030964,1000
603,0.8232241796927249,307.28135957317636,0.8046592958491166,0.16994644313611937,0.48950269907812094,1.158955432821867,0.4901291511459309,1.1563192082395188,1000,0.819671612196839,202.9455822257568,0.46607554666201517,0.15774827132612187,0.5233408007637299,1.1320889323364145,0.5104850003976402,1.1288582239960379,1000
604,0.6867029123309414,289.6802705675313,0.8407355630614863,0.173183130887554,0.346458796347098,1.0067829799082821,0.34726397579133556,1.0261418488705472,1000,0.7071052695812545,213.58154227600846,0.3902451867228592,0.16855282675558586,0.3783708350647042,1.0211766270359621,0.37674172914030624,1.0374688100222027,1000
605,1.3087727975270962,300.52117576446625,0.4447969786922576,0.14064928756432118,1.0263296790559249,1.5782992190215195,1.0331001939010267,1.5844454011531657,1000,1.1377858603521789,208.6758148136304,0.47837611548838543,0.15497784447361293,0.8480010571895982,1.4554955998332588,0.8340292851838975,1.4415424355204602,1000
606,1.1512935901491157,397.5545011333217,0.3892610564794834,0.17422923205611937,0.7985355551535145,1.4665677900753156,0.8098042953191218,1.4927828849791096,1000,0.7830718027121244,194.7177578796478,1.862292794559007,0.5982703456809954,-0.9361998182789003,1.3513365355232068,-0.3895380748226265,1.9556816802468753,1000
607,0.9746623524927944,400.6290751290162,0.3095521351713702,0.1506237809012486,0.6855714122639675,1.298115444657829,0.6794397419263472,1.2698849630592417,1000,0.905801739644482,215.7454439293174,0.5191371207340668,0.1730628982587683,0.5925891588727423,1.2759049185743636,0.5665984590572961,1.2450050202316678,1000
608,1.149303868273098,333.11643271209226,0.8308288214524797,0.16594600810186705,0.8230758555199342,1.485303914819618,0.8240496923934386,1.4745580441527575,1000,1.1036751016699766,185.46951551297929,0.6949448655428733,0.2063518621171816,0.7197510603562803,1.5252893013606093,0.6992254519203007,1.5081247514196525,1000
609,1.380729224351072,380.30211782773137,0.508936739695614,0.1607369052818972,1.0571484043506512,1.700253195193344,1.0656848899985536,1.6957735587035905,1000,1.4460180797092694,188.26043029666482,0.47787943962953894,0.17952258096470697,1.0832090873743776,1.7929173917480006,1.0941538210184438,1.797882338400095,1000
610,0.8918524827707062,382.1027201600493,0.5159454467297723,0.15793475632709056,0.605275665056703,1.1988717380971734,0.5823003603696086,1.2014046051718037,1000,0.8371589571322064,254.72190205486135,0.33550381130745105,0.16743853036556064,0.5353052779913654,1.169729477855557,0.5089794376157075,1.1653384766487054,1000
611,0.9126688374446266,378.7525287853451,0.44681768315497145,0.14816776740207305,0.6235031995786716,1.1886570773133467,0.6222600133365634,1.2030776615526897,1000,0.9354084995101313,248.888674781064,0.35357659532116664,0.152553445787876,0.6259744933740597,1.228074749131342,0.6364037457658943,1.2344132532543681,1000
612,1.2405238524773505,352.4009104514939,0.6538180513267778,0.12392178577452961,0.9914417642306073,1.4834679187815434,0.9976371523592725,1.4834105525954286,1000,1.3278095525694735,157.1534471089426,0.5937667084679397,0.14043824815916167,1.0527074431416599,1.605995388720051,1.0525505861775166,1.6030685189614304,1000
613,0.7130832475430342,342.2561803041161,0.5297574391057199,0.1713757198935393,0.3584417044372569,1.023518580641723,0.37718683655169716,1.0489796585343711,1000,0.6904502334863003,191.57886019588088,0.5495255972100996,0.18231118173361144,0.3385357376431744,1.0548583563301739,0.3331203172884219,1.0477801496841788,1000
614,0.837033750419709,244.40629024799608,0.8786936972779583,0.1613295777104593,0.4966482195733299,1.1151423926900044,0.5208277781072087,1.1532397227322093,1000,0.9654944089432451,186.93088659436043,0.5111418165465345,0.13004585721304188,0.7060155618994323,1.2332050495356452,0.710604528805683,1.2203842890808072,1000
615,1.1841511164835254,246.93271618256261,1.243034953468405,0.18844499070280926,0.8166988253891424,1.566056815000959,0.8147989347060193,1.5535032982610315,1000,1.0981402218184888,162.57613242920002,0.8187432162030276,0.18796139593089725,0.756964673700112,1.4810001597084457,0.7297358857939302,1.4665445578430474,1000
616,0.9060016945823541,332.3834944567428,0.5288289316892257,0.1639040476277454,0.6084830796379719,1.2312315338100828,0.5847497612319732,1.227253627932735,1000,0.8557878079362014,209.1771998219227,0.4104338103380844,0.18081081095677912,0.5296426421035326,1.2281784229212978,0.5013986184609143,1.2101769974114884,1000
617,0.8606319222168317,387.58909483789955,0.3404526552063834,0.15616640155914535,0.5438929659428093,1.1650063577691085,0.5545457751609069,1.1667180692727566,1000,0.9022578756576012,265.21243866911453,0.28219855154896395,0.16501982150821193,0.5619646853427539,1.2088163210135896,0.5788190255015058,1.2256967258136966,1000
618,0.971432587399482,338.6898070785477,0.5858303306893923,0.16907090192875796,0.6321762092679462,1.300474935580341,0.6400536196191164,1.3028115551798476,1000,1.0004709400989418,211.93559143726839,0.5108319606575419,0.17555132400509416,0.6478770299843353,1.357101018630677,0.6563903450489572,1.3445515351489263,1000
619,0.9612152402389924,306.9489552965746,0.8181344284858723,0.1336607250045368,0.6864864450723064,1.218004086706179,0.6992402192301003,1.2231902612478844,1000,0.9067205307684985,177.8742628608471,0.5586365436889483,0.14577743108508256,0.6099050394444573,1.1945796369156843,0.6209967658417366,1.1924442956952603,1000
620,0.945689980152046,306.79242935162733,0.7174401449150306,0.15364682904656338,0.6620840502898753,1.2555962017590583,0.6445421952207817,1.2468377650833102,1000,1.007687246266189,207.62945678204133,0.5033279132098274,0.1491994891188439,0.7257657550368686,1.307504019707514,0.7152562475932549,1.300118244939123,1000
621,0.7923139665289844,326.25724531984775,0.6017889732671224,0.1751717701151427,0.45781592686621847,1.1402612306405584,0.44897729710330475,1.135650635954664,1000,0.7980513118765304,245.56325842152896,0.35284093894017543,0.1552207561736989,0.48988731394013935,1.094589204970339,0.4938186297760806,1.1022839939769802,1000
622,0.9602416814444759,377.7246370872791,0.40291746180935956,0.15432044296780623,0.671789665460299,1.2777773424119114,0.6577736132275757,1.2627097496613762,1000,1.002720555317636,220.36082489316286,0.42538443299809614,0.18183377101237036,0.6507041284512253,1.3855235002596857,0.6463263641333901,1.3591147465018818,1000
623,1.0088494692136636,362.57623598223694,0.37636746501278784,0.15252360964876646,0.7044068384809287,1.317461654629923,0.7099031943020813,1.307795744125246,1000,0.9960356947058779,230.4247702204678,0.544224078225423,0.16596160627983425,0.6806642731733029,1.330727284761445,0.6707509463974028,1.321320443014353,1000
624,0.7054543000372058,296.4260297676719,0.6271091078172011,0.1486747732608377,0.4145925837396644,1.0066545909809712,0.4140517444459639,0.9968568556284476,1000,0.8277729155640507,178.61895995431215,0.5337184372792715,0.14709387135402688,0.5494296584083986,1.1211766462536892,0.5394689277101581,1.1160769034179434,1000
625,0.7161951743041683,354.93457953813737,0.5602928232382914,0.15622607087031604,0.4005058768827576,0.997046574892275,0.4099920753983489,1.0223982732099879,1000,0.8663929892743409,222.11295707255755,0.38209880889290737,0.16341126892007685,0.5398377389491937,1.1950941820132204,0.5461069021909903,1.1866790763576915,1000
626,1.186674226823321,412.1727628998278,0.517977300082298,0.13290269731041404,0.929776765854237,1.456031426147624,0.9261849400949095,1.4471635135517324,1000,1.1907100748271222,264.4676774317225,0.4711185723366975,0.14543818792802224,0.8964855302796133,1.4796265071870396,0.9056512264881986,1.4757689231660458,1000
627,0.7092336078526977,291.76882206665255,0.672645729554587,0.1643189614967074,0.38519964761421316,1.0233815926295093,0.38716844331915123,1.0312987723862443,1000,0.6513175975320165,226.04403781338547,0.38018879713215115,0.1603360980944961,0.3313505388548285,0.977937993258217,0.33705884526680413,0.9655763497972287,1000
628,1.0620867148293907,359.97814105955865,0.4182825104860453,0.15390666998707686,0.7689329753536301,1.3618985410707567,0.76042964165472,1.3637437880040613,1000,0.9612326309805659,265.9056102664641,0.470131081376891,0.18307039148219315,0.5979655553201886,1.3313424142674182,0.6024146636754673,1.3200505982856645,1000
629,1.0600018139925829,408.31855587853335,0.3121192908756143,0.16630085908286857,0.7298324982408265,1.3865864409403241,0.7340521301901605,1.3859514977950051,1000,1.1137468668628516,244.5505645485065,0.3651899108911408,0.16532781934359467,0.7905331274599777,1.4440604295206874,0.789704340949406,1.4377893927762972,1000
630,0.9814885457271769,393.2988197886792,0.43979256387769244,0.13712212561229647,0.720226067457097,1.2423114423554895,0.7127291795270758,1.250247911927278,1000,0.9985518170179362,243.76110325421593,0.45269021535502285,0.154097051280441,0.703295724782919,1.3037750076470929,0.6965215965082718,1.3005820375276005,1000
631,1.1583026395454246,413.677550169152,0.385894680921283,0.13427316369204495,0.8987557804698062,1.4202050962129005,0.8951272387090164,1.4214780403818326,1000,1.0119831556083065,200.1078451252659,0.5176020240814148,0.15291752529505812,0.7490547200089376,1.3412799262422168,0.7122648060299926,1.3117015051866203,1000
632,1.1711254429812916,368.05219125628975,0.4914011494861784,0.14605206963548042,0.9059823921204473,1.4589806493411774,0.88486338649575,1.4573874994668332,1000,1.1165619050478388,223.01968137523255,0.4009449368871536,0.15638584298927125,0.8329751267290063,1.430390037538557,0.8100456527888672,1.4230781573068105,1000
633,1.0965596712481036,319.01732948328606,0.5107599229943617,0.17882451801662655,0.7360684587787598,1.410485323447317,0.7460636159355156,1.4470557265606916,1000,1.1023569467495535,172.68875525904437,1.126107923525605,0.337520688748802,0.3487782868421535,1.53117049396522,0.44081639680190166,1.7638974966972054,1000
634,0.8960959781239035,392.0008613309955,0.34550543221929453,0.15619748346451273,0.6055653645313335,1.2225819030107805,0.5899489105334585,1.2022430457143485,1000,0.7730335116333111,216.46465019606987,0.40977615663431877,0.17864923395897822,0.4324700228440803,1.142768013742647,0.42288101307371384,1.1231860101929083,1000
635,0.7228486074307003,322.1179851281924,0.7485501499375691,0.18211053696071772,0.3530054374289027,1.0402984797507744,0.36591195498769363,1.079785259873707,1000,0.8075389139708262,212.05854677543482,0.7883862652800485,0.1941668184169112,0.41653548557920367,1.1838080889471985,0.4269719498736803,1.188105878067972,1000
636,0.827596990384992,360.26810025130027,0.4368630411143149,0.17973023423481194,0.4884206932609122,1.1856457289271376,0.47532573128476063,1.1798682494852235,1000,0.8238693414355565,238.97745589516995,0.4737177072118083,0.1877108872902675,0.48461252466958543,1.2111537580197749,0.4559560023466322,1.1917826805244807,1000
637,0.9791133170181503,316.7046188455648,0.6460535235276269,0.15472484286888533,0.6855442426909136,1.2880587446140443,0.6758526249951351,1.2823740090411655,1000,1.058602226638703,169.50758913124665,0.5633199021175446,0.16841756939314775,0.7749888335600363,1.3877106375363792,0.7285037906281333,1.3887006626492726,1000
638,0.9442062921522172,342.17501247602945,0.6031393847828093,0.13555459279717202,0.6736825942453383,1.1997061790321322,0.6785192902697601,1.2098932940346743,1000,0.8782905782393273,231.867337772685,0.37888237243651807,0.15546980697289475,0.5825159940701424,1.1735473691383003,0.5735697565724536,1.183011399906201,1000
639,0.7714331766626339,252.8011989263387,0.9330717088071209,0.18023908983558004,0.4266642611512861,1.13286955395797,0.41816456058489704,1.1247017927403706,1000,0.7359686635379088,168.86188722797093,0.8366960760215657,0.17328590928005755,0.3898669762153585,1.0773899396466597,0.396328281348996,1.0756090457268215,1000
640,1.2386167705731972,369.72537347480295,0.3879382027236787,0.15342769770713072,0.9533649260377167,1.5523200353807745,0.937898483067221,1.5393350580791734,1000,1.2358449936936329,211.65967288600035,0.6656715252065774,0.1528415095035927,0.958207827848422,1.5456204983769077,0.9362756350665912,1.5354143523206747,1000
641,0.8829628267631187,416.7756508097393,0.41642095020265135,0.14735269711010718,0.5971049431045676,1.1664055001630778,0.5941515404273086,1.1717741130989288,1000,0.8370803837724083,278.9192681676329,0.3810609519386238,0.16497332855408034,0.5118722866805354,1.1258728572999603,0.5137326598064109,1.1604281077384058,1000
642,1.0114204692121826,345.8141315797949,0.4632503902486448,0.1474969777981464,0.7367760244507232,1.3098026245932965,0.7223263927278156,1.3005145456965497,1000,0.963261995899193,195.76965158707412,0.5963011659452727,0.177457482907182,0.6482070601510609,1.351962569961965,0.6154453294011164,1.3110786623972697,1000
643,0.7906278003187275,382.8582095131518,0.35022481486323104,0.14428066008111545,0.5227081670918685,1.0796336395931228,0.5078377065597413,1.0734178940777137,1000,0.7982002393655341,195.7316126497666,0.4379287561080564,0.1492616259043884,0.4941093329260029,1.0820534670111657,0.5056474525929329,1.0907530261381353,1000
644,0.7054462668337704,194.8113077451861,2.228004709773742,0.3010385140836699,0.11626708742993755,1.2930024639852102,0.1154107792297775,1.2954817544377635,1000,0.973521018468805,164.85827921516344,0.7719236708749848,0.2051119426653689,0.604234633742895,1.3951642095457832,0.571501610844682,1.375540426092928,1000
645,0.9994279995328692,379.29233009947427,0.4544747400147954,0.18243924709029957,0.6601437253416265,1.3721251011244961,0.641847075235882,1.3570089238298564,1000,1.000039300579303,237.67490504766178,0.3394168195010789,0.17604097940936417,0.6606231928290578,1.366003062580911,0.6549989809369492,1.3450796202216566,1000
646,0.9326238183484086,405.57374424881135,0.3032448940727647,0.15297991716900836,0.636742984208692,1.2292108879108534,0.6327831806971522,1.232464455999665,1000,0.9009595412381111,218.09190721681594,0.5335828631071645,0.17643880473919024,0.5753418812469805,1.2688933073708342,0.5551394839492982,1.2467795985269239,1000
647,1.0644556415437378,392.1530881428136,0.40863692268633955,0.13468649048663542,0.7905096470633787,1.3356291424973572,0.8004701201899325,1.3284411628975432,1000,1.0650683825242773,254.30856403057692,0.3282903744450953,0.14444429644960996,0.7706202769680053,1.3687465678543804,0.7819575614830417,1.348179203565513,1000
648,1.3450454370401663,442.9012265138978,0.27179512107821197,0.16301351390410837,1.0291278268013577,1.6754996069671397,1.025538949788114,1.6645519242922187,1000,1.289668277862489,226.56100438505348,0.36757698130948674,0.17460624780367653,0.956744755253981,1.644841686033267,0.9474400321672831,1.631896523557695,1000
649,1.060300699009904,353.4503301019486,0.4740639962439161,0.16333934412017842,0.7072389703775167,1.359348447963542,0.7401555845343543,1.3804458134854536,1000,1.1790969052257303,237.19572175921604,0.37165290789964733,0.1707610302844968,0.856674594127087,1.5150367619290201,0.8444052858681166,1.513788524583344,1000
650,0.6733858479842962,269.5095401759103,0.7450720987240194,0.17195496859593393,0.332951245322073,0.971003325543146,0.33635410953626577,1.0104175864323266,1000,0.8499341355304266,134.17180519427978,0.8910210002629169,0.17623545061526794,0.48759688480212426,1.179967096339028,0.5045126523245015,1.1953556187363517,1000
651,0.8155918551920984,325.7262666209525,0.5549897458326277,0.16571997093198615,0.4676147143740135,1.1374866420751815,0.4907807121654056,1.1404029982187913,1000,0.9504533800288284,196.14540293733523,0.48330307962912245,0.15859825052384496,0.6192761214282089,1.2524182918913238,0.6396008090020923,1.2613059510555646,1000
652,1.0101547442178074,381.824127468605,0.4679799109773725,0.17765094095665504,0.653684163844624,1.3474642652281315,0.6619588999427635,1.3583505884928513,1000,1.0677764661760987,263.2186602990215,0.3325347661702048,0.18298736536121604,0.6751929437058592,1.3667564622448105,0.7091212300681152,1.426431702284082,1000
653,0.8390996194714813,351.16596574565574,0.3778870914514393,0.14975794792956587,0.5581558615459669,1.1500985219395519,0.5455740415295321,1.1326251974134305,1000,0.7696950031557488,249.5762948488402,0.3121223362056512,0.15712660806912124,0.4656101143981052,1.0840138429274004,0.4617268513402712,1.0776631549712263,1000
654,0.9368923440855195,265.0864771341665,0.839525739543732,0.17283969221770112,0.598077177186389,1.2786776777686484,0.5981265473388253,1.2756581408322136,1000,1.0660337323746223,165.4478888807346,0.5567273636027568,0.15133345156149883,0.7668395082676394,1.359183807448866,0.7694201673140846,1.36264729743516,1000
655,1.133209668444033,353.23704334248504,0.41016000958199605,0.18666293925744748,0.7949594170988,1.5178109616827995,0.7673503074994359,1.49906902938863,1000,1.012734988371606,206.10505468694217,0.5457404095097459,0.1864269652912058,0.7160271868273865,1.4473346014616708,0.6473381364008426,1.3781318403423692,1000
656,1.0405987411675999,323.6921435019027,0.5803871200494154,0.16089405843892232,0.7237649552885377,1.343640046036569,0.7252463866273121,1.3559510957078875,1000,1.2103228402762074,221.71629295320454,0.4251772885947852,0.16593849061056082,0.8754513625909519,1.5490976893453585,0.8850833986795081,1.5355622818729067,1000
657,0.8209057055919868,352.92709150164904,0.4756443597743878,0.1848676783470864,0.45874192102437594,1.195959683267339,0.4585650560316975,1.183246355152276,1000,0.8826479200229147,192.56043977441306,0.46910796679065464,0.19578251321699927,0.5114282629986925,1.2851680394846428,0.49891419411759613,1.2663816459282333,1000
658,1.1263235803827611,316.8150605416598,0.8559809947503982,0.16417274180889976,0.8209027121560138,1.4449936969675057,0.8045450064373176,1.4481021543282047,1000,1.0564916456891393,200.68216496643447,0.44338350412158256,0.17719778933172586,0.738089884533433,1.4249265180347161,0.7091839785989567,1.403799312779322,1000
659,0.967589485980962,265.32594964427074,0.7981148013803181,0.1753566798387639,0.6056901106591782,1.2853382091944838,0.6238903934969847,1.3112885784649393,1000,1.1354182486094322,210.95218054997721,0.4617961280726908,0.17522808193543463,0.7636031433966449,1.4574064742768775,0.7919712080159803,1.4788652892028842,1000
660,0.8968189435380904,347.6198722439125,0.5203197346448661,0.1606053961463668,0.6055796048842301,1.2268023550936902,0.5820323670912115,1.2116055199849693,1000,0.9616231565077382,208.59264154187923,0.6900171019998039,0.1931834868209458,0.6170601257630993,1.3878769135405349,0.5829835223386844,1.340262790676792,1000
661,0.9536178946594114,274.2477474945678,0.7721535753068639,0.1628056897595458,0.612230569788424,1.2443841818495225,0.6345187427307016,1.272717046588121,1000,1.0445066659353737,206.82038924951107,0.48585445270281596,0.1534300054562319,0.750337700194882,1.3528855248457232,0.7437838552411591,1.3452294766295882,1000
662,1.1648892035278973,352.49931391030486,0.5117427985987523,0.1719376093675582,0.8211438241919584,1.5024827737572637,0.8278914891674832,1.5018869178883114,1000,1.05579689275464,287.5956801091415,0.35185495704862807,0.17030110132688042,0.7205913666941307,1.3985485710444774,0.7220067341539543,1.3895870513553255,1000
663,1.080735011440722,353.7637094850441,0.6111210729317886,0.1553196342923029,0.7646774813194214,1.3612780998876355,0.7763085282278083,1.3851614946536355,1000,0.7766176665094799,199.65806502911303,1.618251009004031,0.3093713891506606,0.06537732925570529,1.1821571303154643,0.17024974377418522,1.3829855892447747,1000
664,1.1979185620142179,424.1143901146724,0.32910741886508205,0.1161956241317627,0.9704069109010496,1.427665924989313,0.970175138715963,1.4256619853124728,1000,1.0648771757925637,274.09795122716685,0.2860135820180342,0.13491130676940155,0.8124842361566009,1.3463821150032167,0.8004510145245367,1.3293033370605907,1000
665,1.0379396820109632,415.9036463066761,0.3407737003552611,0.1599776497575959,0.7440486321549384,1.3534852344296313,0.7243834884860753,1.3514958755358513,1000,1.0550717024729537,261.5960897671113,0.29130681747514653,0.1728359851090262,0.7459590059661044,1.4134173064650117,0.7163131716592623,1.393830233286645,1000
666,1.033620352542656,350.79580437519894,0.5640975770110503,0.1764223895342018,0.6865485959808687,1.3722127703137752,0.6878324690556203,1.3794082360296915,1000,1.0706169997079045,232.03834140667922,0.3434767633486604,0.17806482286260392,0.7134570280013431,1.4152072393487334,0.7216099468972008,1.4196240525186081,1000
667,0.8785593561726817,383.4715358404286,0.4678791898021644,0.15226390686982674,0.5640297714213574,1.159923966224049,0.5801220987078213,1.176996613637542,1000,0.924750204447605,270.09391858294794,0.2981609057042837,0.15551736291841675,0.6044264361742913,1.2297767337794059,0.6199361731275081,1.229564235767702,1000
668,0.7434101877911035,325.94679356852737,0.5978331328981441,0.15408085291662588,0.44826411503471597,1.051984297114463,0.44141171607451674,1.0454086595076901,1000,0.6705115961591033,238.5622870508289,0.4227347347008706,0.15786573972375312,0.35501223179162245,0.9747439048670078,0.36109474630054716,0.9799284460176594,1000
669,1.0149345860686187,302.6797888386711,0.6522234849241542,0.165307567321214,0.6753451416701992,1.3316386650932996,0.6909317541190394,1.338937418018198,1000,1.0393955354554354,209.18441208701356,0.6471440287358409,0.18837487930869462,0.6720192747426883,1.4203851547496986,0.6701807720103939,1.4086102989004767,1000
670,1.3358906254559288,378.4125829217987,0.39366086379875104,0.15358128342323663,1.0347315262757841,1.637654184653707,1.034871309946385,1.6369099409654726,1000,1.2828213356263514,224.57742880209398,0.40633140373929594,0.16465204384376103,0.9742439860731256,1.6212123166731294,0.9601033296925798,1.605539341560123,1000
671,0.9560978782963516,354.9034304089769,0.39855910408643264,0.15960472259902256,0.6384713666369386,1.24929090011029,0.6432726220022674,1.2689231345904357,1000,0.8245255692744551,241.09032634040986,0.3508458216028091,0.1617960603852693,0.5232121041427181,1.1242568927582341,0.5074052909193272,1.141645847629583,1000
672,0.6554314214999084,375.0719918929798,0.3582938519568583,0.14660094893114384,0.36331848173673187,0.9283148105359507,0.3680935615948665,0.9427692814049503,1000,0.6375210474613084,199.1000396416448,0.4351517205558602,0.1560320446624251,0.3323637681769554,0.9205235777131766,0.3316982399229553,0.9433438549996616,1000
673,1.0025586274475349,376.13497930891054,0.4164036637084515,0.1539122055392088,0.7172807869933964,1.3143839807747189,0.7008907045906856,1.3042265503043842,1000,0.8981389136584375,268.235906123885,0.3313980574893101,0.16469908698498598,0.5928434518415623,1.2413264669680475,0.5753287031678649,1.22094912414901,1000
674,1.2732114261815763,406.5516675953882,0.33642790894576435,0.16242243221151229,0.9573267491616512,1.5792492153789932,0.9548634590470122,1.5915593933161405,1000,1.2568545967304459,236.0202641164327,0.34827681764499024,0.17630332022001793,0.9249850309500588,1.5932912741858154,0.9113000890992107,1.602409104361681,1000
675,1.1445894162812855,324.839816655378,0.5405493580346926,0.15581883092484358,0.8637457801364099,1.4717212662472605,0.8391845076685921,1.449994324893979,1000,1.2519448073007433,207.527556610846,0.6195024639156851,0.2456016746673439,0.8585452174356789,1.823199469290027,0.7705655249527492,1.7333240896487374,1000
676,0.9428731023906658,365.37600732002556,0.5379077172158379,0.13215614159176728,0.6842177443188217,1.2158635127826403,0.6838470648708019,1.2018991399105297,1000,0.9299349310608829,268.36083798911113,0.338215664427474,0.13946603557272724,0.6662340121068372,1.216915986912658,0.6565815013383375,1.2032883607834282,1000
677,0.7539215805179706,356.3552155351909,0.37814207528891847,0.1432817763838256,0.47182593420955504,1.0234114225102917,0.47308929880567246,1.0347538622302688,1000,0.7215854239835662,251.0917598801439,0.4088604434490988,0.14885509343680994,0.45068787992330395,1.0093236121716305,0.4298294408474187,1.0133414071197135,1000
678,1.2927730925937273,337.04624836042296,0.5634245151042805,0.17087546446791715,0.9489359001794954,1.6400248640987443,0.9578571822366098,1.6276890029508448,1000,1.3087539643545334,226.856620894293,0.5044475824716449,0.17481679910686654,0.9789713299796472,1.6661143771294606,0.966113038105075,1.6513948906039917,1000
679,1.2046085070951342,392.5518803826734,0.4457217493503801,0.1596049673201752,0.9019969471040185,1.5356154904599733,0.8917827711475909,1.5174342430426777,1000,1.1468056033303706,245.14145722923777,0.3521482518345318,0.16098029050567178,0.8280727634033979,1.4823622973560497,0.8312842339392539,1.4623269727214874,1000
680,1.0586420106550452,400.891870347288,0.35861926976888686,0.1560695965438948,0.7558561948340509,1.3456556113402967,0.7527456014290114,1.3645384198810788,1000,1.124341771875728,234.07993777081717,0.3806671824293033,0.16360376760588488,0.7930847770058153,1.4321748355925734,0.8036783873681936,1.4450051563832624,1000
681,0.8848404853747343,363.2303992581803,0.5488681670053235,0.14921899914746212,0.5903719934446384,1.168632939197889,0.5923712470457085,1.17730972370376,1000,0.8957063141733079,227.14478205329652,0.3796373344299812,0.15976371358251823,0.5706880144142007,1.2050392835516543,0.5825694355515723,1.2088431927950436,1000
682,1.088562513425906,410.0873110804093,0.42339864458388843,0.15901554845776336,0.7795029581297624,1.3946330903681134,0.7768920384486899,1.4002329884031222,1000,1.0149281736553444,216.8639396087395,0.5871491026053343,0.1644589766391929,0.6719686001909977,1.306423869292862,0.6925885794425263,1.3372677678681626,1000
683,0.931496656396567,336.9603720576494,0.5730175442888495,0.16268084291427048,0.6326906833949673,1.2477595141548001,0.6126422042845968,1.250351108508537,1000,0.9543561742991211,248.62681427115237,0.5209455426558622,0.1681485255964618,0.6412463918210122,1.306914706406859,0.6247850641300561,1.2839272844681862,1000
684,0.914530729132367,343.78961524086696,0.6268581546248811,0.16462963149556115,0.5813420582426526,1.2106462028418048,0.5918566514010671,1.2372048068636667,1000,0.9228023118791997,199.61539033275395,0.6420674429540054,0.16648282316137952,0.6128273193518482,1.2452497722815568,0.5964959784828958,1.2491086452755036,1000
685,0.7877166161346847,266.076969933352,0.9239816854366857,0.17825342452008688,0.4326565029666879,1.099952240934897,0.4383399040753144,1.137093328194055,1000,0.7949788685217505,154.36798790915705,0.7469497882770838,0.2122568022006863,0.34025703612268227,1.1447785285614094,0.37895553620840533,1.2110022008350956,1000
686,1.036348446658556,443.16630759030306,0.2891204243205122,0.16154531935301117,0.7213911619018253,1.3582009036501952,0.7197196207266541,1.3529772725904579,1000,0.9627308102754557,261.42162043318996,0.3350331546466572,0.17066110964965003,0.6681667982778854,1.3233590038504857,0.6282350353621416,1.2972265851887697,1000
687,1.2960116303396698,333.31068382140626,0.5548690109350494,0.1960716404625747,0.9551242051502274,1.6980121002956194,0.9117112150330234,1.6803120456463163,1000,1.1451713104093275,224.7446735814537,0.5413875644560191,0.22107859422863485,0.781174932263501,1.6291608016247177,0.7118572657212032,1.5784853550974518,1000
688,1.0895353640432224,377.7806308388446,0.5420849740768663,0.17080982949636817,0.7652192573611347,1.4289702551065735,0.7547480982303407,1.424322629856104,1000,1.0744326392716022,238.1342732843628,0.4647702266138451,0.17704276795536034,0.7472682920456115,1.4470602396645256,0.7274288140790959,1.4214364644641084,1000
689,1.073634982697726,311.02295730699205,0.8509081116148054,0.20062576069753754,0.6633285849850364,1.4340201535121702,0.6804084917305525,1.4668614736648995,1000,1.1940573940455033,217.2012645755944,0.7182005645299683,0.17950277732724326,0.843142979247975,1.5352733913352605,0.8422319504841065,1.5458828376069,1000
690,1.3105087385368575,261.81980256676235,0.8130197572453367,0.18048684008972543,0.9532587486818841,1.678811485855993,0.9567545319609956,1.6642629451127193,1000,1.230575176821342,137.20722666349485,1.992698431411322,0.23519496278169608,0.8016435939896682,1.751698730499374,0.7695930497692176,1.6915573038734664,1000
691,0.8607788845322648,367.0942038584027,0.44325097136021935,0.16039520784160155,0.5488543501387331,1.1714632648673697,0.5464042771627258,1.1751534919018038,1000,0.794647504603734,200.71695971002526,0.4276109930931179,0.17423667001760312,0.45008979623231865,1.133417303905699,0.4531436313692319,1.1361513778382362,1000
692,1.0604867131441034,371.52066477378435,0.49990409562488075,0.15281892366172986,0.7690245640618928,1.3659851340118478,0.7609616227671128,1.360011803521094,1000,1.0588173891806987,209.15954198063804,0.6814977889312895,0.166244186342051,0.7585062015825018,1.394565824484426,0.7329787839502788,1.3846559944111185,1000
693,0.7535614698892239,322.69793644501203,0.6389358219572335,0.1470010280105225,0.45796833016470734,1.0296388806847532,0.4654394549885998,1.041683484789848,1000,0.9031077214396892,214.32571580136872,0.40047912714835276,0.13920502893568662,0.6101252572933097,1.162381930914338,0.6302658647257434,1.1759495781536349,1000
694,0.9445301044317338,275.04312176221674,0.9844015132072211,0.14823554679047982,0.6605734937992755,1.2295281298359746,0.6539884327223934,1.235071776141074,1000,0.9201997550909842,148.28736234466965,1.3595116556762386,0.2079409141507784,0.5638663611586463,1.3806957780495086,0.5126355633554585,1.3277639468265099,1000
695,0.9741888898353215,350.0939830845602,0.5479752928821489,0.1455736686706981,0.6872392833634003,1.2690754591322853,0.6888644992407532,1.2595132804298896,1000,0.8559666940641761,201.33564278669448,0.41292456760943236,0.15605751951678518,0.5529384232611614,1.155666864610755,0.5500939558112772,1.161839432317075,1000
696,1.084333359703101,309.6817407048091,0.6170051496770369,0.1694185999002921,0.7370123688772151,1.4212283250677693,0.7522729038985285,1.4163938155076736,1000,1.0654726179355032,181.7414194803925,0.5237928374505013,0.18867298652653106,0.7108130005618244,1.4477628663861108,0.6956735643435024,1.435271671527504,1000
697,1.1302714470468718,380.7186881893175,0.4330496930418213,0.12995501417137775,0.8852067618879862,1.3952405926502318,0.8755596192709714,1.3849832748227722,1000,1.0647480446013715,283.97085110662226,0.26848702283256526,0.132690720037429,0.8187491256158038,1.3182671344210364,0.8046742333280107,1.3248218558747324,1000
698,0.8658230268242395,347.0064596937267,0.5518136464495748,0.14676143746474737,0.574827265297661,1.150661752460032,0.5781706093933346,1.1534754442551445,1000,0.7998597836586216,205.72328750892888,0.6558258495457602,0.17005731927223486,0.4577785715011913,1.1291733074882238,0.4665474378850413,1.133172129432202,1000
699,0.8710375854549488,379.54458775525774,0.4586296926544163,0.13050199806749443,0.6089789730438651,1.1313649132110435,0.6152536692426598,1.1268215016672378,1000,0.8171705720056548,220.49604102448055,0.3839554843359755,0.14634310876888681,0.5340699629393241,1.1075998368494426,0.5303380788186367,1.1040030651926729,1000
700,0.988730360289324,281.9125407672521,0.9021474283391155,0.2027578727785021,0.5541073250002592,1.344437638838822,0.59132492964346,1.3861357909351881,1000,0.9889425801410994,189.63051687234878,1.2583633840749942,0.445112634158446,0.016760569766757348,1.4471806970010777,0.11652181719054522,1.8613633430916536,1000
701,0.880514910769818,392.3716852911545,0.3506939219454212,0.16478382676987222,0.5612979962422529,1.2029269398362274,0.5575386103008685,1.2034912112387675,1000,0.8659372882213154,246.29428650014682,0.5421899777668246,0.19294090282302337,0.5359708591471238,1.277552137886341,0.4877731186881896,1.2441014577544411,1000
702,1.2442518267846445,309.35939652713995,0.6698989077381261,0.18056978976609542,0.8752216976677557,1.58622248953972,0.8903350388430975,1.5981686147261915,1000,1.297738688075487,172.1825774416674,0.7672655641729379,0.2084266499718894,0.8924595159619764,1.711583266985094,0.8892224541305839,1.7062549220203902,1000
703,1.0784246518853342,386.9243797280239,0.41994116415009064,0.15198892862859162,0.7720210646384934,1.3831091683492087,0.7805263517732947,1.3763229519973739,1000,1.0327343101255306,221.52680041737045,0.4135891528289071,0.16412558256924278,0.6893849175819265,1.3515810411343627,0.7110481682898148,1.3544204519612464,1000
704,1.1193690948559225,356.46780186649687,0.4865208391923853,0.1943417766511872,0.757496249155858,1.5264601264332187,0.7384592126195956,1.5002789770922496,1000,1.023202780707427,226.18148724215231,0.4976664810003969,0.20860451499531885,0.6840664280012259,1.504063971520082,0.6143379313166022,1.432067630098252,1000
705,1.1595754028560177,326.06025256915467,0.4932726401188354,0.17264289531434096,0.8274370766641079,1.5000495680211992,0.8211953280399094,1.497955477672126,1000,0.967840763498967,162.0910776129732,0.7119357907208289,0.2169915649819431,0.5363793847036119,1.391857175152793,0.5425372961343584,1.3931442308635755,1000
706,0.9657106377299032,316.6240065088026,0.6273241022879683,0.16183514197931098,0.613478078080816,1.2809233894466114,0.6485137594504536,1.2829075160093528,1000,0.8222252780020067,218.50186992822404,0.6677783286285766,0.1675699234840884,0.47996537733318556,1.1354592200995388,0.4937882279731935,1.15066232803082,1000
707,1.1547535238546136,382.0367246828411,0.3300676981517404,0.1413955618528097,0.882233701586979,1.4308345291364222,0.8776182226231066,1.4318888250861206,1000,1.1453588187347525,212.3703135772115,0.4477752437251765,0.15727750920032033,0.8808367696637478,1.4748001032002729,0.8370949007021247,1.4536227367673804,1000
708,0.8392654767972503,370.9645490434506,0.397371393646732,0.15203486321389836,0.5440238199010454,1.121193139990313,0.5412771448980095,1.137253808696491,1000,0.8590863746934159,221.55908042071374,0.42122672881177403,0.16517545724016897,0.5508208583761124,1.1868251577374724,0.5353424785026847,1.1828302708841472,1000
709,0.9575757975202044,346.6040051637074,0.5842567017687434,0.14924295656878,0.6849903909777944,1.234297875944549,0.6650596026453957,1.2500919923950131,1000,1.013985456108971,208.33075587674116,0.4274391036257153,0.154718707602254,0.7229300943441844,1.3244097311492793,0.7107367892085531,1.317234123009389,1000
710,1.1368193535816173,387.4355385083404,0.40527948160964433,0.14587536160646408,0.8413998524498203,1.4032230188977204,0.8509036448329477,1.422735062330287,1000,1.126907698396689,236.40671301846874,0.9830966286439203,0.19233544043428744,0.7178085216534874,1.4636793179118721,0.7499302351454857,1.5038851616478923,1000
711,0.9868629069817623,353.69427728737116,0.5200718296107443,0.184824367559529,0.6452600414820223,1.35437054323176,0.6246071465650854,1.349118667398439,1000,0.8421043261878318,225.42106109096162,0.42776898773091004,0.19133729289438067,0.4772957007976438,1.222134353518986,0.4670832321148457,1.217125420260818,1000
712,1.0760187413814157,330.4304353544044,0.7179320210343946,0.1746239183731675,0.7284289888050025,1.4142314772576925,0.7337558613700075,1.418281621392824,1000,1.0885672965111,188.93809744852067,0.4754063595118059,0.16528415889179113,0.7795199689821353,1.424309232581204,0.7646103450831894,1.4125242479390105,1000
713,1.2094377212682876,423.92031029319725,0.30943073143236777,0.14852210956397707,0.9073709351469663,1.4919216258300179,0.9183343865228926,1.5005410560136827,1000,1.072164367408136,245.9478321288608,0.3448767160181624,0.1562463984012244,0.7598120990300673,1.3559715888500194,0.7659214265417362,1.3784073082745358,1000
714,1.0800323779348449,378.63023443702485,0.7155406229104548,0.1853515416662592,0.7178036073463328,1.457124569179152,0.7167433562689769,1.4433213996007128,1000,1.0386647762565921,222.09437702501342,0.39892104992358624,0.1908494527858894,0.6632811390180149,1.4135262199049303,0.6645998487962489,1.4127297037169355,1000
715,1.2943978365746156,406.77984333404254,0.33156287784385186,0.15759047923238828,0.9916086069897214,1.5950027463049699,0.9855204972791346,1.6032751758700967,1000,1.2976024788523908,277.00341735111647,0.3277813886860489,0.17677733381296076,0.9324653157630642,1.615946547836094,0.9511189045789876,1.644086053125794,1000
716,1.117528628745136,364.096700427485,0.35964711420975315,0.154546555067758,0.8280101819181999,1.4353394855695414,0.8146173808123304,1.4204398766779418,1000,1.0813262989679058,225.40998138091447,0.4028897125555771,0.15196084984481167,0.7898892163972018,1.3788730556528277,0.7834830332720749,1.3791695646637367,1000
717,0.8910521493197168,271.69908436721454,0.8108246015278766,0.2065493802888173,0.45112396724894,1.2559454809759356,0.48621536395363485,1.2958889346857987,1000,0.9687557643648463,163.19136373721494,0.7336864806501645,0.17577716905868596,0.626662447022873,1.3131985979272802,0.6242325130098219,1.3132790157198708,1000
718,1.1923335005170177,426.7862828428301,0.2732757581933435,0.14055718559333155,0.9159993175882521,1.460411250720979,0.9168414167540879,1.4678255842799475,1000,0.9742516737233591,197.25278069040192,1.0337258904538196,0.2246783855121803,0.4674126475964563,1.3649484887348635,0.5338820381194858,1.4146213093272324,1000
719,1.14138662338611,360.83491383625045,0.40704614267940675,0.16087941805554096,0.8434110895536069,1.4583040883749503,0.8260629639972499,1.4567102827749703,1000,1.0966861919537148,204.08721024718855,0.39524426323502865,0.16420506916587585,0.806584146439756,1.4434009874559135,0.7748442563885981,1.4185281275188313,1000
720,0.8927467724173308,333.3725889194392,0.955689676545571,0.1663732135838473,0.5477897108488592,1.2159123517764399,0.5666552737929902,1.2188382710416714,1000,0.8628163965950022,197.39528902707988,0.5218976686992342,0.14673784908060153,0.5877401446925882,1.1512011225587826,0.5752102123970232,1.150422580792981,1000
721,1.2684955233110102,382.99081885201673,0.41858460894129584,0.16065235539134204,0.9636108498262506,1.6053992515973736,0.9536169067439799,1.5833741398780405,1000,1.375468295055962,241.7702693506316,0.3697347037716393,0.1623088740249598,1.0667870217982645,1.6922263142856406,1.0573429019670408,1.6935936881448832,1000
722,0.8749651246443686,340.21596009604485,0.5008993735987635,0.15323255628355628,0.5800841647656737,1.1674965526509855,0.5746293143285983,1.1753009349601389,1000,0.9967487278418532,230.17580301629087,0.37706656958556695,0.14426860162354171,0.7183713262513182,1.2962287587262435,0.7139822686597115,1.279515187023995,1000
723,1.1093628053561644,391.43742036124286,0.3661781956729457,0.17950558136021794,0.7551454018495511,1.4660675115425301,0.7575318658901372,1.4611937448221917,1000,1.0378673717505054,210.9956845884953,0.3814462985846417,0.19199706003913247,0.6763328661510857,1.421822793488982,0.6615531340738057,1.414181609427205,1000
724,1.1789415094029776,379.93448052283594,0.4072871773571421,0.1449519243570712,0.9014151463822699,1.4511028081052202,0.8948357376631181,1.463047281142837,1000,1.1040363880674144,182.5973881526242,0.7099230013742728,0.17064837146116976,0.7843791444754368,1.4546423385643346,0.7695655800035217,1.4385071961313072,1000
725,0.9043175101110297,353.92496647299174,0.42163818670565933,0.16598794649245058,0.591636205817901,1.2449613312272607,0.5789811349858265,1.2296538852362329,1000,0.8848465461277781,229.98634732598808,0.4305384909407283,0.17804251479146468,0.5512648421286226,1.2311509094528883,0.5358832171365073,1.233809875119049,1000
726,1.0052861975100797,341.6166920624063,0.49279727091759445,0.1550612782977767,0.7002504665663168,1.3341880029772717,0.7013660920464375,1.309206302973722,1000,0.9019700663609873,221.54731971259235,0.5401181433126107,0.17063679321624323,0.6144860985133519,1.2972877871142645,0.5675219516571506,1.236418181064824,1000
727,1.156214713861506,376.6203137702643,0.4296387681855102,0.14478044604089949,0.8624237535738403,1.42872409582502,0.872445039621343,1.439984388101669,1000,1.16153099790565,265.7846051386566,0.32247755185445687,0.14736044591069655,0.860262209126894,1.4415595511077657,0.8727045239206848,1.4503574718906154,1000
728,0.9743468263941795,377.57330312447044,0.6247945009131223,0.1545954749144671,0.6954629850538946,1.2728037733345041,0.671339695561824,1.2773539572265349,1000,1.0097162355359603,237.11555253285232,0.35023892806804424,0.15072922953304319,0.7182918385314326,1.291206079829395,0.7142869456511958,1.305145525420725,1000
729,1.1974660136396675,391.17151516928755,0.3875102032870233,0.15375692328959364,0.8908679505173822,1.4870363137425828,0.896102443992064,1.4988295832872711,1000,1.2607506831302788,243.9284240758791,0.34813429789822187,0.17345025249974924,0.9236531517777163,1.5979523511414835,0.9207881882307702,1.6007131780297874,1000
730,1.2256412517594484,310.47811281966744,0.6369350262216602,0.14709723656892462,0.927623147242591,1.5259713224388185,0.9373306680843561,1.5139518354345407,1000,1.1164004399589555,203.42252774041947,0.5198492275212694,0.1645474330867089,0.784555762397011,1.4345506077675927,0.793887471109006,1.438913408808905,1000
731,0.8916660825988929,274.1605653662884,0.8352406002297047,0.16215395326822946,0.5768487943339988,1.2142331133370687,0.5738443341931632,1.2094878310046226,1000,0.7678806986016196,159.31914362079897,1.109856915361606,0.23021547661856195,0.3027535835301534,1.166990053408729,0.3166583644292381,1.219103032774001,1000
732,1.0099015474499704,333.491572850106,0.5593888704249813,0.15813169860136356,0.6910113608915031,1.3232585834508135,0.6999634181912978,1.3198396767086429,1000,0.9300342670675108,219.23290917848848,0.8411125970317742,0.18139885798394137,0.562226642333491,1.2796757310034073,0.5744925054189858,1.2855760287160358,1000
733,1.0126527154988891,382.0185385071035,0.3765081746700376,0.1417934588511333,0.7340642440773086,1.2798550130078392,0.7347375361506678,1.2905678948471104,1000,1.0971042435235803,195.84281940024186,0.4570684828675977,0.15323428698160768,0.7929313966633712,1.3993435997622046,0.7967650410396292,1.3974434460075313,1000
734,0.9078349964292425,342.7487916047753,0.5859826981320835,0.17719542165950916,0.5761671413723487,1.2759620788114525,0.5605319699766045,1.2551380228818805,1000,0.8278361845977611,231.67681618354305,0.36371627174370486,0.18265506916180607,0.49069597982708624,1.1985924526144511,0.4698322490406212,1.185840120154901,1000
735,1.0987721506417039,344.975556466187,0.5390267860652802,0.1308219397006861,0.835564565445184,1.3644020580440492,0.8423611488283591,1.3551831524550486,1000,1.0235654556162372,224.66822588590372,0.5921109925166022,0.15058619019824254,0.7529156190099819,1.3382138107423118,0.7284165228276819,1.3187143884047927,1000
736,1.0752840084463466,276.35883909720974,0.6183267585451447,0.16355248643787415,0.7599246206248697,1.4055015965395539,0.7547211350281133,1.39584688186458,1000,1.0508227174833586,158.1333114985633,0.7238676603348142,0.1599406048408739,0.7475593692153908,1.3742258642383303,0.7373391319952458,1.3643063029714715,1000
737,0.8989967655934685,336.26450107708365,0.5479851881868536,0.16424286810782998,0.5788875265479333,1.2076029610939971,0.5770807441021217,1.2209127870848153,1000,0.919983244267299,218.8463851584949,0.49228186293843224,0.18151850127496108,0.5605132419233239,1.2695807987024554,0.5642069817683754,1.2757595067662226,1000
738,0.9530183586408745,265.16336671104483,0.767724520863246,0.15938639431848153,0.6391566716642009,1.2603656876823333,0.6406210257766507,1.2654156915050983,1000,0.8264788953414222,163.2202770266064,1.0715924828793433,0.22814243957885916,0.340997289648141,1.2227356727024368,0.37931971376685825,1.273638076915986,1000
739,1.3501017012370333,329.4249671288802,0.4576669758794309,0.13706677502596737,1.078905930008327,1.6085441094070667,1.0814508221861372,1.6187525802879295,1000,1.328744106548542,200.9202949542361,0.6085107552414754,0.15386885133236505,1.0403426234560278,1.643052417068956,1.0271611579371065,1.6303270551599773,1000
740,1.1315981498145726,317.3011848425607,0.44906025374541364,0.1636145510115159,0.8173715056145554,1.4659540388861285,0.8109136298320014,1.4522826697971438,1000,1.072525496774389,234.35103955581332,0.6231550147519527,0.17872405229653018,0.7452428232317603,1.4559866535423653,0.7222263542731897,1.422824639275588,1000
741,0.9488497103810665,358.07024398041153,0.5532787583005965,0.1540300105157769,0.6335218083303595,1.2437356090399294,0.6469508897701437,1.2507485309919892,1000,0.8945595347835504,216.72750937484852,0.6546773973373492,0.17128685366834037,0.5680311770113745,1.2421309149390805,0.5588373015936032,1.2302817679734976,1000
742,1.2900873848378547,354.27627525950084,0.5580584097725731,0.15301488490071927,0.9693971532284794,1.567772483051028,0.9901782104324449,1.5899965592432643,1000,1.2624394009201163,224.46972372776614,0.5651907590266056,0.16617817933696044,0.9218844669163355,1.5586300541972755,0.9367301694196739,1.5881486324205587,1000
743,0.8695831178783902,337.0320396941468,0.4988128973051396,0.14862097738236138,0.5832856794140113,1.168112526463331,0.5782860022089619,1.1608802335478186,1000,0.7934222593315998,195.33939830650277,0.45291689292344933,0.157680762467243,0.5175593107099371,1.1628046638239296,0.4843679648958036,1.1024765537673962,1000
744,1.166880371608472,360.8649872046123,0.4430565470161406,0.17166429271979683,0.8279694304364843,1.4793642099554567,0.8304183578776702,1.5033423853392738,1000,1.1007062356260375,188.66595388678428,0.7336591254235743,0.1956057443429875,0.714796535741206,1.4584788629858596,0.717318976713782,1.484093494538293,1000
745,1.24157934754116,364.2751275141502,0.4716122245396447,0.16964326300505492,0.8947710334162934,1.5674147618962462,0.9090785520512524,1.5740801430310678,1000,1.1800838816531716,228.8106341895501,0.3878304823514423,0.18343949406025242,0.8021038824528215,1.5374999342748263,0.8205424732950768,1.5396252900112664,1000
746,1.2949433987168473,361.02231405158534,0.4991043850021797,0.1829379522262002,0.9494488909712931,1.6669879392504812,0.9363850123534949,1.6535017850801996,1000,1.2250206926560385,213.4360849574468,0.5215972932561427,0.21178129199171117,0.8725990431273266,1.6943455964260725,0.8099293603522846,1.6401120249597925,1000
747,1.0777755960459154,374.89829660229515,0.3926226046235854,0.16316260504604474,0.7484102480687318,1.394173036918621,0.7579768901556678,1.397574301936163,1000,0.9154995684460663,212.11847910934188,0.8144878227007032,0.20007691661653557,0.5196826389091448,1.3317847900161686,0.5233488118776566,1.307650325014476,1000
748,1.1413284309097347,375.6063064593978,0.36010203379514083,0.15317547003133683,0.8279936777333814,1.4404286089576543,0.8411045096483145,1.4415523521711548,1000,1.0302822958359816,179.61997656111717,0.4532737075205327,0.1657380605978929,0.7125538923034048,1.3582810819064826,0.7054356970641116,1.3551288946078517,1000
749,1.037831424768648,312.2306440199516,0.573709263823808,0.16584278850505108,0.732243133444838,1.3618137980576766,0.7127795592987478,1.3628832902385482,1000,1.018512164503646,220.40401911799444,0.4313534119111392,0.16876179357690488,0.6865814594329622,1.3359080627012878,0.6877390490929123,1.3492852799143795,1000
750,0.7105368997223729,228.40870363559247,1.5305226907519496,0.16387329400679257,0.3956109747098569,1.04391133505363,0.38934524346905947,1.0317285559756864,1000,0.7860532955828248,165.63672741157322,0.6294139020723191,0.17815078783665608,0.4456041134044907,1.1230407214773872,0.43687775142297886,1.1352288397426706,1000
751,0.9293974267603975,336.7351795607097,0.5637848944411866,0.19382666983290225,0.5642431998644716,1.324087055047472,0.5494971538879091,1.3092976996328858,1000,0.9348477552403218,210.55023778269017,0.41274633134221383,0.18671330983014317,0.5950729389123574,1.3109058014588422,0.5688896679732411,1.3008058425074025,1000
752,0.9708608255653641,424.2432488424808,0.282725895046763,0.1491593543055338,0.6716892692751778,1.2741608729150409,0.6785084911265179,1.2632131600042102,1000,0.8202784387192081,251.70612775064205,0.33854836634967184,0.15829411526480983,0.5276516366167772,1.1390574487681262,0.5100219728001809,1.1305349046382354,1000
753,1.0651105307189868,422.9003454761635,0.284407157391449,0.16641774378391358,0.7548998114641856,1.3922887816991703,0.7389317529025161,1.3912893085354574,1000,1.0174895077730435,289.50947686575023,0.3006843283287464,0.19059598819988674,0.733363289915839,1.462236540899203,0.6439213709012654,1.3910576446448215,1000
754,1.1286201390652626,232.44314546588348,1.010229942238896,0.16441340611903235,0.807658015839783,1.4469793202433763,0.8063698630719591,1.450870415058566,1000,1.215337796403087,164.26375510312877,0.6895344673355525,0.18586575937815147,0.8407522392233625,1.5687072525087795,0.85104090802191,1.579634684784264,1000
755,0.9613216865397454,321.1503212012359,0.6959356817335539,0.15225100223716315,0.6525232056383126,1.248574510386152,0.6629097221549056,1.2597336509245851,1000,0.8740738779932995,202.82319194827008,0.43674599073081166,0.15312057851510938,0.5754861949346175,1.1774549397388097,0.573957544103685,1.174190211882914,1000
756,0.7773570901483859,359.27347721948706,0.4885521670651606,0.14207847076247967,0.49538964194298196,1.0627353965970303,0.4988832874539258,1.0558308928428461,1000,0.8617140631822586,181.9897132090407,0.6313867161958185,0.14423271119619616,0.5844781919585044,1.1563352161453109,0.5790179492377141,1.1444101771268032,1000
757,1.1671409102495416,414.7007962501922,0.2792372959725539,0.13961997188452221,0.8979057081961442,1.4510419705566193,0.8934857653558781,1.440796055143205,1000,1.1505998286041257,208.8353121719854,0.39065237402479647,0.1602826725756525,0.8473954756871376,1.4732017223037543,0.8364457903558468,1.4647538668524045,1000
758,0.8775758204775777,364.76646545841646,0.46194384871453165,0.14822931649506224,0.5621183886305169,1.1740024063248486,0.5870463601472556,1.1681052808078998,1000,0.9266535832421479,267.02428453968474,0.4152727871825547,0.1472357754478246,0.6340062720887594,1.1978209746977782,0.6380714633644117,1.215235703119884,1000
759,1.1043281608435436,319.18033408822157,0.5912351425210038,0.1660625931959874,0.7791999940949348,1.4301914261859294,0.7788454781794083,1.4298108435076788,1000,1.0924302041117846,185.40936328797886,0.8938376583117059,0.19524556699735707,0.7186990182700661,1.471812339359195,0.7097488927969647,1.4751115154266046,1000
760,1.0085549421175477,301.4446883645563,0.48604360545291364,0.17213334400979324,0.6833955292011454,1.3575871947992142,0.6711735878583529,1.3459362963767425,1000,1.006433944156464,226.49645284567893,0.6093005173252939,0.16154351079538112,0.7053020122126292,1.3649232350966185,0.6898086629975171,1.323059225315411,1000
761,1.117233982027677,336.69298938727616,0.4894763301810498,0.1623734541596839,0.8122469317702545,1.4424375569088186,0.7989820118746966,1.4354859521806576,1000,1.1163205670836942,233.97411142932236,0.4450813437243803,0.1705829493890509,0.8129616257497408,1.4813977859816716,0.7819779862811544,1.450663147886234,1000
762,0.878592171735932,279.5354352869228,0.8369279014190328,0.17222070525996316,0.5250532671751554,1.2051918217606603,0.5410395894264042,1.2161447540454597,1000,1.0015093864561155,204.89795173441672,0.7044236564814638,0.16969415016435635,0.6845030240494497,1.334208976544562,0.6689088521339771,1.3341099207782539,1000
763,1.2596666353436898,374.75958901067054,0.44883200799127665,0.17619131965012552,0.9008572767865228,1.5759341853341542,0.9143316488294438,1.605001621857936,1000,1.3376393264538082,261.7440074658926,0.3874901957752727,0.17675032699772608,0.9931088495747914,1.6722730880139784,0.9912086855382651,1.6840699673693513,1000
764,1.1994441549110135,296.8813360103913,0.8794232093731631,0.159341503151876,0.9027885286530247,1.4873809807142275,0.8871348087333366,1.5117535010886904,1000,1.1659762304157422,198.58793216544854,0.5544230927191937,0.15873120159691162,0.8357267260030372,1.4607091419627127,0.8548630752857954,1.477089385545689,1000
765,1.0603088536478298,399.99108575085245,0.32877643524843303,0.1537208238136702,0.7638848522095402,1.354796115429634,0.7590160389730363,1.3616016683226233,1000,0.875411485037501,212.95973386421053,0.663105037305064,0.18653322826201602,0.5238887223940856,1.2184985864079263,0.5098063576439495,1.2410166124310524,1000
766,0.7725334536433683,387.46976390070665,0.380651830267231,0.1454434063005112,0.4968078982810579,1.056272907863315,0.4874643772943664,1.0576025299923701,1000,0.8417944686365284,222.68473194518026,0.7116420076911649,0.1718853667250991,0.5160631919914206,1.1661301151274162,0.5048991498553341,1.1786897874177227,1000
767,1.0987692142952339,403.53045350283696,0.34462856763099237,0.143586987093355,0.8192102132102037,1.3832730225777434,0.8173387195922581,1.3801997089982097,1000,0.9856894482475769,241.73375279392846,0.3780035055428473,0.16601737101635441,0.6403945922501746,1.3064865120292046,0.6602954010555222,1.3110834954396315,1000
768,1.3123222280967095,388.4454015323908,0.3457184972020325,0.1447746600912187,1.01329041677982,1.5905029117129181,1.028563894317921,1.596080561875498,1000,1.228163494422469,217.42203686055274,0.3946137469042528,0.156000197805811,0.9362418721155319,1.5313075976125727,0.9224031067230796,1.5339238821218586,1000
769,1.320568844260475,356.16027003375245,0.47777843435720563,0.13055929216655565,1.0640369172925686,1.5836337490067718,1.064672631614026,1.576465056906924,1000,1.2381617412848378,225.09513866983562,0.8875487622466204,0.1444244723639258,0.9491257319803336,1.5139808661863767,0.9550897754515433,1.5212337071181323,1000
770,0.8899236987467602,322.1984603242324,0.5645110754091178,0.1465240028897734,0.6084481370262734,1.1752466744584111,0.6027366530828044,1.177110744410716,1000,0.8353507249888705,183.53709228134642,0.6075446095657187,0.2096362156191181,0.45493304197899626,1.2252971491088933,0.4244637423753991,1.2462377076023419,1000
771,0.973013731817026,266.8599811515129,0.908006730528571,0.19071298197091996,0.5882171109267699,1.292151575049551,0.5992162871540229,1.346811176480029,1000,0.9188224072776738,163.63289504638735,1.2984874045229744,0.25313381621125763,0.3486964364853099,1.3225351206053613,0.4226801275036089,1.4149646870517387,1000
772,1.0108988972997746,298.9961188366773,0.8570246266891796,0.16540061428651148,0.6676558537893391,1.3346093047526622,0.6867136932982121,1.335084101301337,1000,0.9826274507387436,193.38405026985905,0.5635105050435055,0.16785666551571976,0.6393922163026964,1.3005668451087298,0.6536283863279329,1.3116265151495543,1000
773,0.8927283843706011,326.36673588405955,0.5338281589728465,0.16130581899990767,0.5660102533723979,1.210730218778215,0.576568979130782,1.2088877896104202,1000,0.7752453398105512,183.40234916768728,0.6252888066867512,0.1709330229546037,0.484523154009779,1.1581597410754885,0.440216614819528,1.1102740648015743,1000
774,1.2953778586335072,275.4236868271144,0.6276585624905787,0.1561522174084771,0.9975947014590991,1.6100512351206695,0.9893195125128921,1.6014362047541222,1000,1.2960140849865804,176.11475116279553,0.8473727326244881,0.20707581868783972,0.9569614999974139,1.7854535485709027,0.8901454803584146,1.7018826896147463,1000
775,1.1889306816411374,422.6358208201333,0.28134076909726696,0.16191335930281311,0.8799178876717465,1.4984169266774678,0.8715804974076237,1.506280865874651,1000,1.2435676904928152,298.0104757948229,0.2643884804698584,0.16936103971179756,0.8892880502846783,1.5639764848616138,0.9116200526576921,1.5755153283279384,1000
776,0.974411817799488,325.98097481683936,0.6343172561876891,0.17930760464523623,0.6169563718578784,1.331144375882712,0.622968912694825,1.325854722904151,1000,0.8781852362139242,174.11015849182564,0.6427938881975883,0.18504110584915898,0.5442509042445516,1.275358481683484,0.5155046687495726,1.2408658036782758,1000
777,1.0295172190240462,342.1996588944007,0.6611776229098345,0.1499691875633795,0.7153529933808076,1.3038271231572212,0.7355776113998225,1.32345682664827,1000,1.1814354122191122,209.17081194717792,0.44312921932855365,0.16299482681617922,0.8844785588319806,1.4984808560427363,0.8619655516594009,1.5009052727788235,1000
778,0.7954704026076214,373.4131623093073,0.4084992218739748,0.18568154412856883,0.4272060746327845,1.146570001071343,0.43153457611562646,1.1594062290996163,1000,0.78317255473744,253.83738971784743,0.3348734304579899,0.18789400048146354,0.4017478686250888,1.1405494595664363,0.4149003137937714,1.1514447956811085,1000
779,0.9529233858995081,287.2599469693178,0.8614108357469759,0.17658214957239782,0.5628022989858157,1.2702938786908364,0.6068223727376083,1.2990243990614079,1000,1.0043125409630864,226.22441336055851,0.41651674020906965,0.14831336702525036,0.7019387041225452,1.2847874427638477,0.7136183415935957,1.2950067403325771,1000
780,0.8193915681851327,348.3835426495024,0.5956894452375452,0.14221351475596533,0.5187600254467905,1.0925210482623935,0.5406530792634406,1.0981300571068249,1000,0.9180432248349768,229.65162601847055,0.3736337528830013,0.14772640375480398,0.632113822173025,1.1956609793402033,0.628499473475561,1.2075869761943925,1000
781,1.089282000097921,275.3153128645117,0.9048883627353809,0.11733348983259845,0.8636741584550923,1.3117716923743565,0.8593083600260282,1.3192556401698141,1000,0.970486801757942,183.0857564476154,0.7646889589529294,0.1428964958694905,0.668043995148002,1.227204863306711,0.6904096698537406,1.2505639336621432,1000
782,1.1036381705559402,318.59620445509256,0.5054418779107963,0.17356752069019174,0.7619560341143362,1.440460820901941,0.7634458300031643,1.443830511108716,1000,1.1206980914039413,237.0622378582328,0.46535301992722033,0.17866899411141976,0.7605368127275322,1.472358165349115,0.7705068629455585,1.470889319862324,1000
783,1.1727517298331032,347.488856510503,0.46108890094355287,0.13383485736566508,0.9244181828746627,1.4542535737223667,0.9104354093963996,1.4350680502698068,1000,1.043994995290067,213.24549804675723,0.4277517786961118,0.1335706706956096,0.790644915671825,1.3221786099825166,0.7821964807266721,1.3057935098534617,1000
784,0.8581288153371167,329.84919311325945,0.5415441078606712,0.17450476464779435,0.521539649296861,1.2014529998625132,0.5160994766274398,1.2001581540467936,1000,0.9198024505385778,173.71165005578308,0.6149851321041904,0.1942127722057097,0.5775353828591602,1.3217059346870559,0.5391454170153868,1.300459484061769,1000
785,1.0403543136043507,363.6980843090384,0.43724881458083675,0.15572496725220059,0.7401445728805558,1.3342207267535526,0.7351333777900375,1.345575249418664,1000,1.1154015287178876,197.43304317708012,0.5114978796889526,0.16755950088670757,0.794397378801966,1.444661793672971,0.7869849069799407,1.4438181504558343,1000
786,1.0207791308044045,381.9401147681495,0.39020123514687466,0.13313005730841893,0.7708408538434129,1.284085173447475,0.7598442184799035,1.2817140431289056,1000,1.0163288510752855,236.30707780797673,0.389351916391734,0.1440593025094164,0.742405479652038,1.3180450679485882,0.7339726181568293,1.2986850839937416,1000
787,0.9310211452413717,334.6763853540881,0.5284858697023731,0.18154832969045978,0.580946994491614,1.2951551741810396,0.5751864190480706,1.286855871434673,1000,0.8563990580835839,202.53741782803093,0.5187636037659512,0.1852479355034716,0.4996334056312107,1.230998100136001,0.4933131044967795,1.2194850116703881,1000
788,0.7471647561698211,298.93592337957483,0.7584535522097824,0.17961384086688825,0.4193055779832219,1.136429023693716,0.39512162807072015,1.0992078842689221,1000,0.7418370164783075,212.6463726873687,0.6423130118650004,0.20137255494804013,0.4160060801545591,1.2277080707922206,0.3471468087801488,1.1365272241764661,1000
789,0.9066960343825605,362.4597359895155,0.5398289933032239,0.15476012246132248,0.597660406935291,1.2168820759414272,0.6033661943583685,1.2100258744067527,1000,0.9620341862400554,234.92043806501434,0.35845356614541724,0.16162389647718362,0.6449763925483889,1.2626551075869525,0.6452513491447756,1.2788170233353353,1000
790,1.2099033414739062,282.1090705236163,0.8110576314382392,0.15301914735364006,0.9270525999693703,1.5337980942081446,0.9099858126607717,1.5098208702870406,1000,1.1226975002093442,183.4465204624271,0.5252687259356886,0.17536189932560448,0.8165706846939833,1.4911146038030518,0.7789881775311595,1.4664068228875289,1000
791,1.2423928388635452,430.1472408038615,0.2518127155553192,0.16481240746920667,0.9090026204047278,1.5635136036779493,0.9193605202239001,1.5654251575031903,1000,1.3446507338356366,228.77052318132948,0.34961514316658465,0.16582001480118638,1.0127342464685487,1.689927240347853,1.0196435048253112,1.669657962845962,1000
792,0.930313581041408,422.658373547673,0.2958139651720098,0.14972082543688087,0.6433735337284375,1.21421084336932,0.6368607631851215,1.2237663988976946,1000,0.843238334263746,276.4326759842593,0.35221180723712153,0.16456531661608928,0.5176533330509628,1.1313037813939268,0.5206903136962109,1.165786354831281,1000
793,0.9597545649311059,329.4249194592205,0.5161829783159979,0.15915572480452486,0.6583980012382583,1.2750070524261594,0.6478093443142372,1.2716997855479746,1000,0.9797069927174362,213.74408919821053,0.5284932406990348,0.16239106534410488,0.6482029479872384,1.3103925774759202,0.6614205046429906,1.2979934807918818,1000
794,1.1394603414715152,302.14018764933627,0.7728608172645207,0.1525889821582798,0.8462604973733396,1.4478998012099282,0.8403859364412869,1.4385347465017435,1000,1.0669648589093548,202.898254001244,0.6086087714009624,0.17359747988255028,0.738930853855708,1.4258620811903462,0.7267137983395562,1.4072159194791534,1000
795,1.3115623741938558,352.1580232614415,0.38324641083348604,0.1625041960059675,0.9963176293499869,1.6375797543364414,0.9930541500221595,1.6300705983655521,1000,1.282844631923627,208.866216312599,0.5213799699891599,0.178119606229343,0.9471650433933841,1.6530854672355602,0.9337302037141149,1.6319590601331393,1000
796,0.8594281878237977,387.019483104143,0.5737258671255295,0.15772819985779712,0.542036011715114,1.1708251033995958,0.5502809161025153,1.1685754595450801,1000,0.7353609551850533,228.43032538813733,0.9519927009829001,0.21406083365379086,0.3401919232408641,1.168471970416547,0.3158017212236232,1.1549201891464833,1000
797,0.9475758266219558,321.58436536123463,0.5577466123044501,0.16754660148800732,0.6202044991809943,1.278965537738281,0.6191844877054615,1.2759671655384501,1000,0.9938914296122028,203.101707004453,0.45145236442012326,0.16430997602964742,0.6847075398615997,1.3378902629044558,0.6718438765940938,1.3159389826303118,1000
798,1.0401225843524142,341.93581213009855,0.6772913254154311,0.13849359896046948,0.7505378264118832,1.3133181284609616,0.768675130389894,1.3115700383149345,1000,1.1543010442950727,245.59646826586157,0.3676726778734674,0.13749758665930395,0.896480056360857,1.4256514371073639,0.884805774442837,1.4237963141473085,1000
799,1.2750119430102882,363.3699278929101,0.4208722913308665,0.1299582833674789,1.0100211405751374,1.5119976222367923,1.0202937076100296,1.5297301784105468,1000,1.156121010724307,203.45595634913175,0.4791860586745165,0.1420482240091154,0.8768899940124922,1.4148793131174202,0.8777064916664408,1.4345355297821731,1000
800,0.9208783255388888,429.6310456860246,0.2669406168729199,0.13995415995587157,0.6490404345630539,1.1934130599166795,0.6465681720253805,1.1951884790523972,1000,0.880521023510799,239.85211249708064,0.34272565367352514,0.18161329213952246,0.4819379250302175,1.199313061180293,0.5245589709173349,1.2364830761042631,1000
801,1.1424384367383564,352.66046488481635,0.5020233925684087,0.12726801999095277,0.8955555379605479,1.3954175066469374,0.892993117556089,1.3918837559206239,1000,0.9016072100658352,219.0792601109757,0.946008057105902,0.18111163928304644,0.5032249707972909,1.1824645760038246,0.5466283970710641,1.2565860230606063,1000
802,1.1799151929295326,338.39823568548974,0.46819018173867666,0.16980115545387972,0.8797050148704945,1.5382701140605557,0.8471049282399283,1.512725457619137,1000,1.2275887991011896,245.213736175813,0.3426900945399801,0.16978884420376916,0.910829781341664,1.5894254651974178,0.894802664461802,1.5603749337405772,1000
803,0.8498493211585325,405.26438338029004,0.4278866500616014,0.1674253837945319,0.5317662320032848,1.1779625344699265,0.52169556892125,1.1780030733958151,1000,0.8362042463605959,241.41738896824367,0.321923682036321,0.1763331120723918,0.5138536634888283,1.2025388943162925,0.49059134669870796,1.1818171460224838,1000
804,1.2692774801631503,257.60016469558474,0.9838092010484054,0.17478967925674188,0.9562220234277664,1.6158048419108306,0.9266897088199363,1.6118652515063645,1000,1.1599894549598377,194.59727856194695,0.5542004109405361,0.17511137957558798,0.8491354954675204,1.524037720518211,0.8167711509916853,1.5032077589279902,1000
805,1.1693770243529396,342.00856471254514,0.49252798309229173,0.1484490483675807,0.8819534538542391,1.4704068430993786,0.8784168895524814,1.4603371591533976,1000,1.1547738198748525,194.308962643039,0.8459099678304851,0.2041015260679823,0.8039240257404693,1.6064318073542432,0.7547348287816071,1.5548128109680979,1000
806,1.226066776628314,327.26699306735475,0.5609678899512692,0.19128211260413525,0.8556114017276221,1.6030964848843825,0.8511538359242089,1.600979717332419,1000,1.2478192599797486,205.05768923358636,0.7509611368758738,0.21561674691367455,0.8421301497639069,1.699623907866034,0.8252104360289465,1.6704280839305508,1000
807,0.7665505325145725,312.65435266097273,0.6536513114486453,0.1601207013778125,0.45410564156694333,1.0783288042589694,0.45271395781406,1.080387107215085,1000,0.7399936443119937,206.68588620180697,0.49156638150803267,0.16697234884913592,0.4388075213424371,1.0917785752388787,0.41272784056768724,1.0672594480563,1000
808,0.866958074058205,362.9919908549194,0.46223370262050945,0.1672018516855622,0.5617688036581187,1.2100484619679137,0.5392424447545031,1.1946737033619068,1000,0.885606160047087,216.83390309684313,0.36746841599696456,0.16600984828644574,0.5769615716253501,1.2312904043454742,0.5602268574056534,1.2109854626885208,1000
809,0.9653475397874876,333.3471393163442,0.7376851346024288,0.17052622589946384,0.6297273398376537,1.288864753026137,0.6311161370245384,1.2995789425504367,1000,0.9513274130576894,225.88332403360207,0.3963867783673389,0.16094326465031522,0.6488928266735576,1.2774057206123761,0.6358786143430716,1.2667762117723074,1000
810,0.7659675916878075,359.8240530085365,0.6708237887623404,0.1593353418968304,0.44475608554833734,1.0728606960492202,0.4536703215700199,1.078264861805595,1000,0.8265893400289626,243.87785478123521,0.42745892317478973,0.16672703302433553,0.501884285897731,1.1812455287597858,0.49980435530126494,1.1533743247566601,1000
811,1.0663051416495715,292.8004013767686,0.48037450000821913,0.17110753150430194,0.7545818302703131,1.4308046529093204,0.7309343799011396,1.4016759033980033,1000,1.0433939746454324,209.08445269063304,0.708042335656211,0.18836836011410682,0.7388113744740337,1.4719438793212791,0.674191988821783,1.4125959604690816,1000
812,1.0183648767700002,388.40514377476444,0.36947810771821377,0.14135282550273504,0.7431795423985027,1.289002345365341,0.7413133387846396,1.2954164147553608,1000,0.9895795706765829,253.3701719335574,0.32236281445001563,0.14175892474076174,0.7345613001121013,1.2692471857315881,0.7117320781846899,1.2674270631684759,1000
813,1.2913668513147,305.25491950409247,0.831756936639268,0.1560970105187164,1.0024829670532556,1.6063305681779902,0.9854167106980158,1.5973169919313843,1000,1.2559708832936751,171.44106982395567,0.9439455341717112,0.18376428348463464,0.9291265522715791,1.6609291773906678,0.8957928876637913,1.616148878923559,1000
814,1.0842803963717533,334.2908443708044,0.5526856768772641,0.14530583138186637,0.7942057653882856,1.3638181023391844,0.7994809668632952,1.3690798258802115,1000,1.0777636333071943,225.27910771397723,0.4168121041458179,0.14699571079523865,0.79361197527548,1.3514731395499198,0.7896520401485265,1.365875226465862,1000
815,1.0526025789250766,374.9292101126688,0.3643935239332434,0.13681727370689786,0.7796694236839398,1.332641162764313,0.7844407224595568,1.3207644353905965,1000,0.9845403916813564,248.62931115734366,0.33184548964208554,0.14131792806397372,0.6998151084054286,1.2666402176243525,0.7075572526759679,1.261523530686745,1000
816,0.815603570009888,415.59216599392795,0.373087591885887,0.13733032199862902,0.5232167341289877,1.0750605734619363,0.5464361388925751,1.084771001127201,1000,0.8174343708011889,221.0824442129151,0.36531222707551947,0.15474687639608423,0.511012585843701,1.1230162545184912,0.5141304930648638,1.120738248537514,1000
817,1.039419611973762,284.9558820071026,0.741790871866339,0.16029939024350687,0.734080775749629,1.3544662553496951,0.7252328070964885,1.3536064168510356,1000,0.9093493315946164,176.85829237916337,0.8366354482839036,0.1774286469533438,0.5887615316990251,1.272888825521828,0.5615891835660626,1.2571094796231703,1000
818,1.0442346671349734,309.9683434357508,0.5979734174300809,0.1587971314601084,0.7457155138604001,1.3575888025608904,0.7329922894731609,1.3554770447967859,1000,1.0393002910970082,195.16255443676337,0.5107688592938595,0.16711188667215593,0.7364277340760325,1.3961315032222164,0.7117609932195825,1.3668395889744338,1000
819,0.8969527767950898,403.3760727284801,0.36992457764182063,0.1440152066620083,0.6121306413119655,1.1722434089313887,0.6146829717375535,1.179222581852626,1000,0.9292703437851686,298.00909131369883,0.2925060952530129,0.15370778727377582,0.6266061312487469,1.2270456803508112,0.6280030807285679,1.2305376068417693,1000
820,1.219257864975826,212.2549963780714,1.0621427393806404,0.1761457402709925,0.8898675949853937,1.570633056040126,0.8740122140446807,1.5645035159069711,1000,0.99081473631656,173.14190970541097,1.1584991750021925,0.21426522986722837,0.5640745936566753,1.4240374903950823,0.5708548857767924,1.4107745868563275,1000
821,1.1875299288422767,395.9020232294617,0.35286532216465055,0.14979686577420345,0.8912389704264324,1.4916930873402787,0.8939280719248379,1.4811317857597155,1000,1.075710018128193,266.72809305951967,0.26138303154260223,0.15879408420816973,0.7799616283445986,1.3940999090059607,0.7644736130801801,1.3869464231762056,1000
822,0.7532005794980683,330.1514113023883,0.8130045561380945,0.186187766793056,0.37805962755339495,1.105792386039029,0.38827255658367854,1.1181286024124582,1000,0.8581009962225798,212.09899623188113,0.47265872457882097,0.17690905211221947,0.490771493064362,1.1951035819101192,0.5113592540826297,1.20484273836253,1000
823,0.9200140499303551,405.8586977743601,0.4042447438410903,0.1406163538835535,0.6437585150581865,1.198902824709977,0.6444059963185902,1.19562210354212,1000,1.0090065603777518,247.12432425943686,0.33965596345663657,0.14220134007546403,0.7300436206210468,1.2821771426790542,0.7302919338298424,1.2877211869256613,1000
824,1.1612114358593886,433.47783185800523,0.2648061782426534,0.15439096236794286,0.8550612218093524,1.4741837611025048,0.8586051496182205,1.4638177221005566,1000,1.1785924471643274,290.37567162109,0.27666460656554304,0.15679599812390632,0.8605481788881799,1.478550118206696,0.8712722908414711,1.4859126034871837,1000
825,0.9942101379591117,350.9944601901539,0.4454732193793355,0.14832345113260278,0.6947197017943151,1.282147075199649,0.7034961737392103,1.2849241021790132,1000,0.9303430014638965,245.88162129364878,0.39752426876403624,0.1592794569438031,0.6039163762872719,1.2366504944353056,0.6181552658540423,1.2425307370737506,1000
826,0.8248923012586635,386.5102538402142,0.3531782116639045,0.139798594746514,0.5378939231385688,1.0974672319594805,0.5508870555554961,1.098897546961831,1000,0.7823077549488708,182.5922281009365,0.7197902284311518,0.14929300124116968,0.49107633973785064,1.0941759330004075,0.4896934725161783,1.0749220373815633,1000
827,0.750825033532343,370.4729286141419,0.44188496656967174,0.15328980494570849,0.45309011327705084,1.053497677465406,0.45037701583875434,1.0512730512259316,1000,0.7048031555587739,177.99297428014134,0.5296899391016697,0.15326158648378024,0.41728287143216997,1.0090719317415753,0.40441044605056464,1.0051958650669832,1000
828,1.0839708785433122,395.6349001223406,0.3450413332180961,0.13988020123244277,0.8102237102622281,1.3347404328657668,0.8098056841277244,1.3581360729589,1000,1.0539148775979688,258.4172858669912,0.3226451838463145,0.1551467942117484,0.7487052833048425,1.338533067922131,0.7498271609429419,1.3580025942529956,1000
829,1.0402448990628566,384.1516052719401,0.4351297217861746,0.15073061811216754,0.7439712650321431,1.3301023757681762,0.7448128875630082,1.3356769105627049,1000,1.022373722841762,247.45187921511652,0.356825735547151,0.14956887626997634,0.751649996752503,1.338996576748139,0.7292187253526083,1.3155287203309156,1000
830,0.7992944215497895,356.8831360640173,0.4288310723292202,0.13265048421709866,0.5609085247226978,1.0802278385205195,0.5392994724842761,1.0592893706153028,1000,0.7571247813439483,206.5903744146821,0.45116253356157204,0.15163798610251847,0.4655312374744155,1.0543710848804608,0.4599143285830121,1.0543352341048846,1000
831,1.2062706229601534,369.9357391430224,0.5298539004222722,0.18810321640593025,0.8505986715308631,1.5812860135227875,0.8375883188045301,1.5749529271157767,1000,1.1764735584251236,197.675921962709,0.44158821165907736,0.2207782452692837,0.7680048124947804,1.6447659966618522,0.7437481976973275,1.6091989191529197,1000
832,0.6359532527018741,421.70818518072576,0.3265436781602391,0.15235693790166105,0.33731171423647077,0.9420805057051344,0.33733365441461843,0.9345728509891298,1000,0.6096820352648358,267.26438221606617,0.29816018115463633,0.160862751068566,0.3052015000765876,0.9240980708098693,0.2943910431704464,0.9249730273592252,1000
833,1.2260042804864981,308.8946133460179,0.5691039759550148,0.15132601103128643,0.8961862687431655,1.5090472778060475,0.9294052988651768,1.5226032621078196,1000,1.1504736017388804,210.9160723501103,0.4729637565854971,0.15149333474336524,0.8495978579025274,1.4257018730462059,0.8535466656418844,1.4474005378358763,1000
834,1.029429007850588,412.6981140315072,0.3017457554744457,0.13999663281045388,0.7664826177059143,1.3143061145371744,0.7550356075420985,1.3038224081590777,1000,1.0667994079913936,228.43076891894796,0.3708448685681168,0.16535442758721103,0.770866467186496,1.3977799701326088,0.74270472992046,1.3908940860623273,1000
835,1.2426874044068859,371.37354728289387,0.42137654457147816,0.14096276966757923,0.9728836634551923,1.5179025643101487,0.9664003758584305,1.5189744329553412,1000,1.214288908016988,197.22173531709302,0.445713500152945,0.14345853395425723,0.9464271707911834,1.5097547895540693,0.9331101814666439,1.4954676345673321,1000
836,1.2621981831792046,380.87988142664716,0.6441258716412277,0.15059230465877654,0.9475605430524453,1.5544095150364206,0.9670372660480027,1.5573591003104066,1000,1.2603309049854794,272.6804157711402,0.418983256397042,0.1462205694332867,0.971373626812973,1.559976614062451,0.9737385888962374,1.5469232210747212,1000
837,1.065772187742473,370.9644181902654,0.39412024495866826,0.1488413269559303,0.7681512686385475,1.328712045612574,0.7740431869088497,1.3575011885760966,1000,1.07532707000458,247.71436855521958,0.34336664557274693,0.13995390584881698,0.8011911922946499,1.337076042035919,0.8010174145408988,1.3496367254682613,1000
838,0.9772186283956232,217.55308597696106,1.3892212205193861,0.19811346455144968,0.5758664025048915,1.3545677258828277,0.5889162378747819,1.3655210189164646,1000,1.0824978623089048,164.34808398525942,0.605006257408541,0.17881819712248972,0.7408301049682329,1.4274003734208094,0.7320141959488249,1.4329815286689846,1000
839,0.9558918805012213,325.41820123916233,0.6528830587810235,0.15979402941749715,0.6499702015468773,1.2853654185061842,0.6426955828429268,1.2690881781595158,1000,0.7402609873044108,175.86801814384097,1.5214227533331401,0.2119906791892608,0.3460486880127996,1.1925729253536135,0.3247592560934597,1.155762718515362,1000
840,1.067346579115413,341.583166324154,0.4419349638867322,0.19168211787443784,0.6910214147031588,1.413339067086475,0.691649628081515,1.4430435301493112,1000,1.080852597385344,210.57323644194113,0.4784495699169984,0.20264544297518758,0.6837574440069917,1.4831479240047964,0.6836675291539764,1.4780376656167116,1000
841,0.8968666916579675,266.00594590573075,0.7775919277065059,0.17368248764913116,0.5570223487917799,1.2320186735588765,0.5564490158656704,1.2372843674502647,1000,0.7666749979965966,177.9062999661851,0.678097030165408,0.18339946614137537,0.4545226718194262,1.1554905681197716,0.4072120443595008,1.1261379516336922,1000
842,1.2165239229054263,339.1102347004475,0.7509158203337628,0.169344668826064,0.9038088464674652,1.597496945153865,0.8846083720063409,1.5484394738045117,1000,1.1713023189525034,202.3480638946168,0.6074845995021627,0.20090149943234925,0.8704483090324655,1.6581306968617406,0.7775353800650988,1.565069257839908,1000
843,1.0540596785908942,295.53076835523973,0.8972376260199803,0.19405667908681223,0.6275284859166003,1.3931152796967925,0.6737085875807423,1.4344107696010462,1000,1.0931095335810417,186.080790518696,0.8784048480546861,0.2178363821691798,0.6338779599485631,1.4533825014822128,0.6661502245294493,1.520068842632634,1000
844,0.9538739760480546,387.6819271777356,0.37975383606934415,0.15893699947499884,0.626336633909986,1.262416771919553,0.6423574570770568,1.2653904950190524,1000,0.8689216271236617,239.30175315974958,0.359564544734309,0.16892634146396174,0.5345991164703655,1.202264246082797,0.5378259978542967,1.2000172563930267,1000
845,1.040844574260091,284.47461329214923,0.8864536571139975,0.16304946244839644,0.7237215894005474,1.360329376079897,0.7212676278612339,1.360421520658948,1000,1.0990942540786657,198.62749576558215,0.4951627895200771,0.1619839880356511,0.7673728744309454,1.4237109725882513,0.7816056375287895,1.4165828706285417,1000
846,1.2026027698730295,344.2341489952908,0.520228345546414,0.1266540546853941,0.9582775221657853,1.4527255830966999,0.954360822689657,1.4508447170564018,1000,1.2419272516013977,219.62350495091655,0.49416700605387676,0.13970208252814267,0.992023847339681,1.5272585328444281,0.9681111698462381,1.5157433333565573,1000
847,0.7256149044817293,389.3652878660923,0.33921239878959797,0.17510534030293745,0.3780552453223483,1.0617734717030092,0.3824084374879719,1.0688213714754866,1000,0.8241069172271267,160.01101541109452,0.6121463085734717,0.19573530169281197,0.4553951630552745,1.1938303032593334,0.44046572590921523,1.2077481085450381,1000
848,1.153898489825254,366.35890985407815,0.45689859856081594,0.17745727093416086,0.7880575592322149,1.4879663171718347,0.8060822387942987,1.5017147408562093,1000,1.130847095948849,200.55345152398033,0.47219930066993965,0.202878214669433,0.7193211881638353,1.53190083213421,0.7332057951967603,1.5284883967009377,1000
849,1.2104353029746893,378.6698608344082,0.4059366718445552,0.1591232559811054,0.8861226970082535,1.4916791392468007,0.8985537212517227,1.5223168846976558,1000,1.134007112077069,252.30549181777874,0.36331186685961653,0.16575732140503008,0.8016450382896588,1.4472026015342858,0.80912276212321,1.458891462030928,1000
850,1.1709255836533616,355.1228625790942,0.49222000700855395,0.14921843525111658,0.8736331165295343,1.4630963469897826,0.8784574505611731,1.4633937167455502,1000,1.0779347967275754,253.842668291916,0.3540770629400172,0.15263734023665196,0.7793914441018736,1.3873342758756324,0.7787656098637377,1.3771039835914132,1000
851,0.8734587888222975,330.70360978477737,0.552597528732404,0.1626060279955735,0.5453371738149052,1.211451980314201,0.5547509739509735,1.1921666036936216,1000,0.9151733085892051,220.49787372721158,0.5435387553379686,0.16115828717401626,0.5926911441912553,1.2144850291941405,0.5993030657281333,1.2310435514502769,1000
852,1.1303594598514837,444.25975150697195,0.2450030370897349,0.15164066216431255,0.8440430107436988,1.4278080674538403,0.8331437620094311,1.4275751576935363,1000,1.1213682761969281,246.26602149429215,0.31519911063233863,0.15840233411932622,0.8285447771795027,1.4254578670180453,0.8108997013230488,1.4318368510708075,1000
853,1.1954502207445294,318.5987944671847,0.637439467502109,0.16951985591307725,0.882581124285358,1.5423109652885565,0.8631913031548981,1.5277091383341608,1000,1.0756178426027756,215.92133192731546,0.5533217331867609,0.1778714682036933,0.7311208641906983,1.432770782632224,0.7269897649235367,1.4242459202820146,1000
854,0.7422199352192393,286.3825993789557,0.6135658853566519,0.17854402865829277,0.36982009000551996,1.079340611781399,0.3922736390489855,1.092166231389493,1000,0.6894399429698548,238.33634931003226,0.5578089286591309,0.18649508581521493,0.2868260469974841,1.012702778521988,0.3239095747720335,1.054970311167676,1000
855,1.0116574202756157,427.8223301047619,0.30938617897701187,0.14103508644067284,0.7301215141828642,1.2919152766846307,0.7352286508518969,1.2880861896993343,1000,1.0556911348393856,258.05442680689896,0.29796033851958387,0.15748764929536754,0.7448010648806198,1.356852748967951,0.7470153422204653,1.364366927458306,1000
856,0.8944565024931443,308.7111845517872,0.7483685273430735,0.149214246619167,0.5831260115865748,1.1810639350385332,0.601996579119577,1.1869164258667118,1000,0.8976218120696942,183.2985788863159,0.471027180443002,0.16107687978746174,0.5786378359464229,1.220744807416113,0.5819111276862692,1.2133324964531191,1000
857,1.032305464283306,295.6123077498919,0.7264141926479798,0.15283213514643562,0.7294129300212204,1.3023201609723212,0.7327544793962922,1.3318564491703198,1000,0.9119058082150131,195.9838102131111,0.5692420909109379,0.16315558110640838,0.5887216990783315,1.2184395807286834,0.5921208692464527,1.2316907471835736,1000
858,1.3807568495060574,282.32791561466087,0.6268615072069165,0.18127050105163314,1.034390993792254,1.7402409907216427,1.0254666674448565,1.7360470315672583,1000,1.2506191619027547,177.09856505896101,0.9171352791223047,0.2077950669410978,0.8719574206368933,1.7198164659141408,0.843340830698203,1.6578974931073063,1000
859,1.2225220913244184,434.757709848708,0.26343508634866564,0.15661203385697098,0.931388663127942,1.5318964231660124,0.9155625049647553,1.5294816776840814,1000,1.2128877416144401,268.5818881091571,0.3105303105704326,0.16153727994717512,0.9104359819415846,1.5256016051998944,0.8962746729179769,1.5295008103109033,1000
860,0.9199956550611614,359.6342152160896,0.6118623956126992,0.1430379038466945,0.6516272192912406,1.2034212951245191,0.6396413635216402,1.2003499466006826,1000,0.9002124997448573,198.64208607024645,0.5598634465620868,0.1656842922434709,0.5952679002428605,1.2677130013317024,0.5754712869476544,1.2249537125420602,1000
861,1.0626206691537345,412.250513503376,0.38192015118645745,0.14074087248883319,0.778483607402091,1.3377637353831227,0.7867685590756215,1.3384727792318476,1000,1.0339744800623452,249.0744094791329,0.31355673233459536,0.15152573647442635,0.7284440831508499,1.325530305027934,0.7369840365724696,1.3309649235522207,1000
862,1.1484438462422766,359.08902360684465,0.5845812933182994,0.15380762839245907,0.8468403771470997,1.4610763184284687,0.8469808945930568,1.4499067978914963,1000,1.1123209816118877,266.8273240301097,0.4358255288276662,0.15567220796232747,0.8209309656346785,1.432160822392975,0.8072034540057259,1.4174385092180497,1000
863,0.7475658360238842,318.4068894274738,0.5829978342617209,0.1515283333283047,0.46195935186190124,1.0452870007898323,0.45057030270040693,1.0445613693473614,1000,0.7562338183855464,217.59703270440664,0.41244376525139437,0.1613495128728591,0.4633461110216461,1.086497388650904,0.43998877315474255,1.0724788636163503,1000
864,0.7602023659215771,393.7596025005563,0.344083011579997,0.16679976598416515,0.45330729760624944,1.116417291546081,0.4332748245926134,1.0871299072505407,1000,0.7594807209552057,229.4690212648844,0.379301168317771,0.17828187814496602,0.4383545843011084,1.1482571760534517,0.4100482397910723,1.108913202119339,1000
865,1.1321274225294418,318.7386090310691,0.5965056352197328,0.15871374872191682,0.828467569517356,1.4244705724732545,0.8210484750344849,1.4432063700243987,1000,1.0781051018404209,174.44011973829186,0.9380615614010346,0.1745889937801099,0.7860330522347162,1.463780932607167,0.7359106740314054,1.4202995296494363,1000
866,1.1684955110250819,381.292858473507,0.46734802338054016,0.1439064589964544,0.9126666211787335,1.4475360971414644,0.8864388513920312,1.4505521706581326,1000,1.1234730868174454,260.8254535354507,0.2908324245405999,0.15048981691776686,0.8498121144079345,1.4174607712294987,0.8285130456586224,1.4184331279762685,1000
867,0.7386196236806568,397.8258688455889,0.4562870639319954,0.16069699193191672,0.42285429641372047,1.045425556920522,0.4236535194941,1.0535857278672136,1000,0.7636183190325982,196.04600354707387,0.49078622923387616,0.1667885944609016,0.43250374813458603,1.065076425843964,0.43671267388923113,1.0905239641759654,1000
868,1.1171398655424474,348.5490576015501,0.5758949218751047,0.18893297690210106,0.7559836666757185,1.495702633326625,0.7468312308143292,1.4874485002705655,1000,1.0953976454693914,191.5984488563356,0.6249546562328618,0.2130736126510611,0.7149651506545028,1.5577083263136269,0.6777733646733117,1.5130219262654712,1000
869,0.9801055949018904,391.50058026155136,0.4375126234510015,0.15527773192225633,0.6925288680473719,1.2852372679928474,0.6757612403342681,1.2844499494695127,1000,0.9100563027866286,267.116731860445,0.5536262275053632,0.16347934448908827,0.6320918043956708,1.2537936496498756,0.5896367875880156,1.2304758179852415,1000
870,0.8057700219723132,238.39924034752514,1.1144377370896819,0.19416036919916257,0.4380402120340366,1.1822516693154268,0.42521569834195455,1.1863243456026717,1000,0.6311421961229633,120.90702637490125,1.294223639104089,0.2570028356903019,0.08453814911596814,1.137549787982695,0.1274166381699715,1.134867754075955,1000
871,1.2045811768082413,414.0000664069313,0.2862218848159378,0.14371520839278049,0.9450052799296846,1.5019750384551924,0.9228993683583915,1.486262985258091,1000,1.1562606804981554,271.68507692602833,0.30190148022329977,0.14924876816828114,0.8718658576230737,1.4714422778520293,0.8637330948883244,1.4487882661079865,1000
872,1.0939771473990327,322.8844987936612,0.5609911717485464,0.14546286853127366,0.805092248484299,1.362694594193939,0.8088699250777364,1.3790843697203292,1000,1.1383051270945819,215.00598219389883,0.4476963385469236,0.14936327860732132,0.8187725662842784,1.3940621818716927,0.8455531010242321,1.4310571531649317,1000
873,0.7129959614539336,244.3611449337378,1.00287697851355,0.20804157360583014,0.26346292692948725,1.0739010532303828,0.30523447718650654,1.1207574457213607,1000,0.8507251313967776,182.57248015952598,0.8753649659889962,0.2680547008162036,0.061402207636030555,1.1643592018072477,0.3253379177970186,1.3761123449965367,1000
874,0.7260834470642288,373.6509585377401,0.4390304297707993,0.15999277528558623,0.4205811956327295,1.0402078905447647,0.4124976075044798,1.0396692866239778,1000,0.8270990006697425,244.71886621228916,0.3715431048552739,0.16990473129796055,0.5157628504571614,1.170348831322022,0.49408572732573985,1.1601122740137453,1000
875,0.9853806290795095,284.102513617559,0.8390095840799491,0.1644540161348889,0.6625623165206499,1.3095039459378381,0.6630507574551273,1.3077105007038918,1000,0.9682774500848517,177.87349025848638,0.5036241172589352,0.18402243759382667,0.6347951646477757,1.3391825349249564,0.6075934724009514,1.328961427768752,1000
876,0.83389766277736,363.6636554584817,0.3838253559883614,0.16109717758333045,0.5328866992588521,1.1558653866565407,0.5181471947140324,1.1496481308406876,1000,0.7545802176669758,267.13963035079183,0.38873133878007193,0.16497711091018308,0.46055402227598286,1.1045303900090895,0.431225080283017,1.0779353550509345,1000
877,1.054935275901864,282.21645857286984,0.7509857237701655,0.18370135742257218,0.6824381554741769,1.4008523257165701,0.6948806153536224,1.4149899364501055,1000,0.9594505801047073,171.11135401935334,1.2433301030919661,0.1889031361359,0.5934239753474779,1.319799615495932,0.5892004332783433,1.3297007269310712,1000
878,1.2941638302137397,388.40117710190725,0.3980292981569577,0.16133512664895314,0.9831021215886319,1.618631292357031,0.9779469819817916,1.6103806784456878,1000,1.3500721467376593,273.1653983325931,0.3388504175838542,0.17118827735404543,1.023823014207844,1.69341170551168,1.0145431231237303,1.6856011703515883,1000
879,1.252656865358611,317.6641208197687,0.6537932843303056,0.13898547377624576,0.9943219994923506,1.5150754478305581,0.9802453367571693,1.5250683939600527,1000,1.2618976068466794,244.336817904155,0.5017112683576094,0.1529890503556417,0.9863156026997139,1.582061178957066,0.9620390681496217,1.561756145543737,1000
880,1.1125361546285604,398.26514486645425,0.34095980929526837,0.15296503977169673,0.8109186625310455,1.3961167420837477,0.8127246766760348,1.412347632581086,1000,1.133278643327348,257.89430261059834,0.3264792051933278,0.15052229119566524,0.83019809644809,1.4153540451870366,0.8382549525838442,1.4283023340708518,1000
881,0.873841977938512,408.1278745695144,0.31670607839575443,0.12414366709572316,0.6220278627983827,1.094405679694962,0.6305203904308947,1.1171635654461294,1000,0.9549487066273672,237.13572058240914,0.35894945687559954,0.13928373592284876,0.6831687419720885,1.2160388724044469,0.6819525842185836,1.2279448290361508,1000
882,0.8927030622999061,354.99067504356935,0.551642495274518,0.15245393883113262,0.6003988260274662,1.184770250481522,0.5938933421908863,1.191512782408926,1000,0.8821139400622577,230.63188428051194,0.39740655370432304,0.15912565302140508,0.575569073016468,1.2045343796839327,0.5702276601403038,1.1940002199842117,1000
883,1.261088352018204,356.8945961519632,0.5814560115399222,0.1650959419824456,0.9503098459046927,1.5849549691035265,0.9375003057326106,1.5846763983037973,1000,1.2927089569085934,248.76557994520581,0.6335653174768922,0.16825539008131402,0.984380658997776,1.6156633795370412,0.962928392349218,1.6224895214679689,1000
884,1.0002253566880732,378.8255364211292,0.39322222713340843,0.1726986572450709,0.6752965297445245,1.3398901975171273,0.6617359884877343,1.3387147248884121,1000,1.019215112227442,243.71632764533413,0.3552624910375186,0.18003535123481826,0.6794435565241297,1.3688090609667507,0.6663458238071982,1.3720844006476858,1000
885,1.2186111101277186,299.72130400866337,0.524803245274752,0.15996274374776892,0.9081910038289944,1.5318527439126524,0.9050841323820915,1.5321380878733457,1000,1.2032628188004804,199.8405947897421,0.5389949346651877,0.16698362759770766,0.8822697005669397,1.5438223315914645,0.8759749087089734,1.5305507288919873,1000
886,0.9596500038418032,335.0596068060565,0.5765653568262854,0.15175255280846214,0.64936922701927,1.2389474102162177,0.6622150003372174,1.257085007346389,1000,0.9911864225270657,175.80919678300853,0.5431720238795796,0.15404039318718665,0.6817181750430201,1.28384430473337,0.6892672518801799,1.2931055931739515,1000
887,0.912494229905672,411.1142888089094,0.33505878986985316,0.15951045471114159,0.6028848010316062,1.2412289055510777,0.5998537386718344,1.2251347211395096,1000,0.990188537912883,257.9257432735394,0.3389802924082391,0.1455936941031759,0.7090506104683743,1.2914990721885156,0.7048248974706581,1.2755521783551078,1000
888,0.9139451034468058,297.0013852444641,0.6832414280694625,0.171356189955821,0.5745195315665008,1.2464270300894302,0.5780869711333967,1.249803235760215,1000,0.9141501913114474,199.01752623507923,0.6807584980440574,0.1879219812811176,0.548159632117394,1.3068650682880891,0.545823108000457,1.2824772746224378,1000
889,0.8204768593731804,386.7995454364027,0.4314571383191839,0.13916633850993343,0.5395993545736546,1.075079407053179,0.5477108358937108,1.09324288285265,1000,0.7340462624479085,211.48975959004198,0.4995447363663828,0.16693925640702825,0.3977495741768942,1.0437814763945317,0.4068453198901331,1.0612472050056838,1000
890,1.0978639573209248,382.19931661342156,0.425884154252911,0.15991762818039684,0.7801630849999325,1.4223299759933015,0.784425406087347,1.4113025085545026,1000,0.9519979008633961,235.36729241057165,0.4735848830497468,0.1782476321514427,0.6096415981612959,1.322798288331055,0.6026325418465683,1.3013632598802238,1000
891,1.1791128644602338,479.2409855325535,0.16486341992394707,0.13081804384682633,0.9189114407633876,1.4286651892677522,0.9227094985204543,1.4355162304000133,1000,1.0779933876943555,202.69355735577705,0.4125840348979547,0.15120444092712856,0.7814574459241687,1.3650327788863494,0.7816326834771835,1.3743540919115276,1000
892,1.2693444208639906,286.76921775293005,0.7581138229964093,0.14863383988719814,0.9743946714362426,1.5536323774987513,0.9780220946850822,1.560666747042899,1000,1.2049851489692314,167.78088298962717,0.5698702432109872,0.15385290970515858,0.8972483397302033,1.5152203414301704,0.9034334459471205,1.5065368519913422,1000
893,0.5629835197835247,357.3784264649658,0.6064991867070816,0.15468138977605542,0.2507708669332196,0.8618473693273305,0.25980799582245606,0.8661590437445933,1000,0.6055659025350866,212.0550251838051,0.3928555552489828,0.15968641947083798,0.29591732517813074,0.9230714927176287,0.29258052037224413,0.918551284697929,1000
894,1.0454016405260682,434.4286548174884,0.2730321628471314,0.12101600759653365,0.8061744044007754,1.273867950018516,0.8082102656368623,1.2825930154152743,1000,1.0306387817070426,252.7788515966323,0.32625947256430093,0.14279188283898905,0.7588107941914294,1.3151059385934614,0.7507666913426241,1.310510872071461,1000
895,0.8958952581673065,318.98860346295095,0.5363569792556663,0.1691489014302939,0.567049786400442,1.2285869184263665,0.5643634113639304,1.2274271049706826,1000,0.8656983635414921,224.66257855432661,0.38457043408866864,0.17598404386889246,0.522131797739415,1.1970786261499786,0.520769637558463,1.2106270895245212,1000
896,1.07517739565569,349.3928232315101,0.49077499189626406,0.16448112926437067,0.7483996578195262,1.382261151221334,0.7527943822975236,1.3975604090138565,1000,1.0418222426883013,215.80502406902792,0.6151885043630233,0.17746434978053047,0.7064609125112404,1.3763532624539976,0.6939921171184615,1.389652368258141,1000
897,0.8369911757654425,302.0752263486096,0.7058686372570356,0.16008526766338127,0.515756627827666,1.1441631913788795,0.5232240511452152,1.1507583003856698,1000,0.8391691786295095,171.2022918449775,0.613089345013624,0.16616024004203525,0.5121116959139211,1.1679986007667598,0.5134951081471204,1.1648432491118985,1000
898,1.1665385636739045,291.33901228031425,0.8524339982393526,0.1617234964365947,0.8278822219781188,1.4606966238957928,0.849560510658179,1.48351661668963,1000,1.244770902863939,212.14121755873614,0.5724940664063984,0.1565779259121771,0.9063218316590607,1.527715468158858,0.9378781680760719,1.5516636376518063,1000
899,1.0711051779023184,324.0366488284854,0.6033449095503295,0.15148138205963443,0.756122216054421,1.3584976436554894,0.774201669065435,1.3680086867392018,1000,1.1448471619790124,208.20081094946983,0.46404002614073475,0.17444700079649275,0.8184388358889637,1.4733546857981252,0.8029310404178867,1.486763283540138,1000
900,1.1618815657685788,417.3532027656805,0.32042239328002525,0.13945927579784315,0.9095217827400214,1.4515571148337703,0.8885413852048063,1.4352217463323513,1000,1.1602295719414553,229.65386027406026,0.4286579842354829,0.17034194422528365,0.8609450831583715,1.548359129989434,0.8263593612598994,1.4940997826230111,1000
901,1.082887507643611,343.34634986731174,0.4784402970301549,0.16782290332354294,0.7557280799056634,1.3828289242114862,0.7539546171294669,1.4118203981577553,1000,1.003763521115494,224.05365580092203,0.7019928410328662,0.2075735766121095,0.5399001668736404,1.376128313105858,0.5969193109557593,1.4106077312752288,1000
902,0.9400942830104926,345.10979896792367,0.6802069298187836,0.13377247017383878,0.690209517902527,1.1931406772758313,0.6779002414697686,1.2022883245512166,1000,0.7814661136858225,172.4185650011523,0.5085240177075012,0.17173861567566967,0.4640425420682977,1.120799974492992,0.44485842696150996,1.1180738004101352,1000
903,1.09712486955662,331.03114225160635,0.5248839976778167,0.1357918969144658,0.8436279335863175,1.3564340573261793,0.8309727516042671,1.363276987508973,1000,1.0513527853513032,169.01366823015567,0.5226163084362652,0.1645811718005897,0.7363528260415106,1.3593027363557777,0.7287736886221474,1.373931882080459,1000
904,0.7732524910523568,297.44767930096623,0.5774180258833971,0.1760013505812311,0.4339451861992724,1.118028304476021,0.4282898439131439,1.1182151381915697,1000,0.8562071394450523,199.3700245300553,0.491076872155853,0.18884586003319406,0.46433488604591383,1.2126662685281837,0.486069253779992,1.2263450251101127,1000
905,0.999646045446493,368.37973123110424,0.4370083297331276,0.12771722739328853,0.7706352690717553,1.269850622933919,0.7493202797556475,1.2499718111373386,1000,0.9573459476518582,251.22682258608046,0.33935985065629176,0.13405748206076112,0.7094971446712545,1.237128495171052,0.6945932828127663,1.22009861249095,1000
906,1.128650561334425,291.318594110083,0.6332258898140953,0.17986181002521498,0.7790894981761309,1.4718352921679225,0.7761214136850038,1.4811797089838463,1000,1.1427102805374196,240.07470747282778,0.6603098714470966,0.20394056688011547,0.7468574781072765,1.5247816008160306,0.7429867694523933,1.542433791622446,1000
907,1.087890357802029,314.8076381700586,0.7886453127664924,0.15587185923843422,0.7763648432735082,1.403165405949011,0.7823815136946979,1.39339920190936,1000,1.0716899009086125,222.39421655019225,0.40771729257966843,0.16704680764172183,0.7441315663160055,1.3933952754554966,0.7442781579308377,1.3991016438863872,1000
908,0.8920764637767511,236.43757340953854,1.2480517017512036,0.18765424010682707,0.48391993390206034,1.2191278572746767,0.52427415316737,1.2598787743861322,1000,1.010013688487466,194.14188740708906,0.5142383012537902,0.16159440466004146,0.6874105965529407,1.3116552898644125,0.6932886553537847,1.3267387216211473,1000
909,1.137470840831425,315.15586596131226,0.6832533140288196,0.15020549495671343,0.8433104198781237,1.4353457155403253,0.8430680707162665,1.4318736109465833,1000,1.0033028865598905,214.40247983407326,0.4627916446719934,0.15818108715851978,0.701721025039211,1.3215254556264202,0.6932679557291918,1.3133378173905892,1000
910,1.143810723667824,314.49694523334597,0.5617403442544068,0.15531044134717295,0.8161171655504745,1.4206793810419767,0.8394022586273651,1.4482191887082831,1000,1.1469519403111001,222.41485968281484,0.6245654247399783,0.1624250934122147,0.8111575164574127,1.4410711780689722,0.8285987572231593,1.465305123399041,1000
911,0.9646871866499849,321.58813492569243,0.5224598204465645,0.15363163056537904,0.6497423022512685,1.253739241509755,0.663569190741842,1.2658051825581278,1000,1.0067981650424653,226.4209563903628,0.46784720168894917,0.1538803575769616,0.685018868276025,1.2963572062921287,0.7051926641916206,1.30840366589331,1000
912,0.7971075906838128,438.11033610693,0.28315393968448294,0.15747698566880625,0.4782905085331216,1.096352862471196,0.4884526987729525,1.105762482594673,1000,0.7548054280146286,255.3163907691908,0.3257458705532925,0.1634485153106706,0.43668626346999506,1.0631897828731833,0.43444633800571425,1.075164518023543,1000
913,0.9494043488311208,453.77953240452257,0.2756974405456114,0.15793661923710023,0.6198763210790303,1.2399341352354958,0.6398485751264044,1.2589601225358371,1000,1.008303975166328,240.75508542839054,0.336802935701064,0.17141153592617694,0.6490705970173193,1.335315176439867,0.6723373647510213,1.3442705855816348,1000
914,0.9320039397167803,360.157934093503,0.4142916941757521,0.15933220913703292,0.6184678806447885,1.2361184885486947,0.6197128098081959,1.2442950696253647,1000,1.0130511447241566,264.3247737293556,0.34102200212051637,0.16606109419655748,0.6824141554323017,1.336962581531118,0.6875714000989039,1.3385308893494092,1000
915,0.9855578326244934,342.12093958012787,0.5994608760135329,0.16344115662315536,0.6571569236495618,1.3066932989457898,0.6652131656431088,1.305902499605878,1000,1.0796949217431546,186.68817570889067,0.9767068416408203,0.19040692556081598,0.7154667203490395,1.4830056922895243,0.7064973476439553,1.452892495842354,1000
916,0.8523082690235193,383.89117631679045,0.43327788667253153,0.1575072837706191,0.545804619802245,1.1422002060949967,0.5435939928331059,1.1610225452139327,1000,0.8291776616335547,239.46083898331457,0.3623017153475653,0.15647276494595785,0.5264099491778967,1.1463056968436356,0.5224910423394773,1.135864280927632,1000
917,0.947096729096395,317.76960355023715,0.930159831530579,0.19080855439943564,0.5535555855479585,1.3180998420788854,0.573111962473501,1.321081495719289,1000,0.8024867857972566,165.6396633109608,1.437012079109586,0.2385462960913793,0.3365673419249907,1.2990711895801312,0.3349360454581532,1.2700375261363601,1000
918,0.9444522643071804,415.0212700096367,0.34206009925020286,0.15860765068724164,0.621002980558464,1.270296816475408,0.6335812689601868,1.255323259654174,1000,0.9538211863591222,227.76428653411634,0.38221548710106945,0.16859281337746554,0.6409183813121123,1.3051886612338648,0.6233792721392897,1.2842631005789547,1000
919,1.1996468333767707,390.33822234463327,0.3500659864489948,0.14047619363167238,0.8984066906718313,1.4426538042211574,0.9243134938586928,1.4749801728948486,1000,1.1845959504185448,220.066146026628,0.4332074416207707,0.15260881268425533,0.8441551715432297,1.4530142206480845,0.8854826775574044,1.4837092232796851,1000
920,1.0374467876972262,390.9207213234267,0.3854972279316578,0.18115689728388423,0.6840324835364285,1.4093045877408834,0.6823792690208131,1.3925143063736392,1000,0.8955737967420561,253.28272287958916,0.5992480579917837,0.18782470620520847,0.520679501790132,1.250015994327989,0.5274373725798475,1.2637102209042648,1000
921,0.808423823337165,282.26901983349705,0.6644525952479027,0.1590613164170834,0.49816735656885386,1.1256979813281993,0.49666364315968153,1.1201840035146484,1000,0.8060260774707211,211.46902430662618,0.5256643874897438,0.17751276473100963,0.44656780513464883,1.1520801938689538,0.4581010585979422,1.1539510963435,1000
922,1.3675953880171812,387.8655516503046,0.3767422529000468,0.16258607903598252,1.0457872491419586,1.685084615305286,1.0489266731066555,1.6862641029277068,1000,1.3954390510528998,195.70376614962856,0.46937928335460377,0.1766996915527299,1.0471063437982504,1.7468598886583933,1.049107655609549,1.7417704464962505,1000
923,0.9533746597079971,410.5626072164959,0.4263063035849518,0.1364569757204904,0.6832467282570853,1.2061497944163213,0.6859189872958359,1.2208303321201583,1000,0.940017679287843,228.0855812299711,0.4747654292195504,0.14562559409261355,0.6431207055162418,1.2122077480127829,0.6545915148663204,1.2254438437093655,1000
924,0.8531337849019534,414.28393694469014,0.29137641971509265,0.16097685788552332,0.5090524896977473,1.16848908070433,0.5376191434463277,1.1686484263575792,1000,0.7738838254464282,258.12800116928963,0.311825044354523,0.17665077067959306,0.4115623680834461,1.119544946473041,0.4276483149144258,1.1201193359784307,1000
925,1.2403740074833325,379.3628514611379,0.5428366188847175,0.14891877898900363,0.9433758290754216,1.5238377723586776,0.9484932006648854,1.5322548143017796,1000,1.253062790940467,229.58241245568752,0.3590928663554084,0.15120438125786242,0.9592869045034358,1.542062140321679,0.9567022036750567,1.5494233782058773,1000
926,0.8237426924375315,364.52853400439517,0.4084604861524123,0.15583711531553754,0.5313573699555941,1.1474116992731218,0.5183019464190779,1.1291834384559851,1000,0.8545225499364215,199.34270033609124,0.4460156363851784,0.17793077379557337,0.5359922403835727,1.2178660184066648,0.5057782332970977,1.2032668665757453,1000
927,1.1658320363572332,282.9594191025103,0.7357729521050358,0.17638343523625388,0.822614512078786,1.516780783665634,0.8201205032941756,1.5115435694202908,1000,1.1871483611533509,204.84445693877157,0.8662018093257196,0.17100186316539584,0.8819359809703058,1.5497639436613482,0.851984709349175,1.5223120129575267,1000
928,0.8155308210297658,357.1044214897915,0.398256922282786,0.15363925651423227,0.5137724304005931,1.1048253743113494,0.5143978782618706,1.116663763797661,1000,0.8946909532562519,188.4221028289784,0.45893080645592405,0.15738575246425435,0.5927981612650591,1.216077890628732,0.5862148784263135,1.2031670280861904,1000
929,0.8634101908176983,374.65343959856494,0.3803151202741595,0.14971706792890024,0.5619029351270411,1.1332881201784257,0.5699647376770538,1.1568556439583428,1000,0.9089709944279885,244.73103589502577,0.3334914067955198,0.14436886916012276,0.6205305008060369,1.1800866386853015,0.6260080108741479,1.191933977981829,1000
930,1.152565078153518,255.6761768726147,1.069703652529524,0.18190843068214593,0.8162693985105015,1.5339140149669408,0.7960245540165118,1.509105602290524,1000,1.0115384274365473,162.33668744092412,1.1068859354643592,0.21142375224100307,0.6179492146397131,1.4865933104097857,0.5971478730441813,1.4259289818289134,1000
931,1.106192418609144,362.8332486134227,0.4273967394134637,0.14055826669639546,0.8317162164258117,1.3767646844606776,0.830698215884209,1.381686621334079,1000,1.2074674496382183,218.6166082407595,0.3915041531990248,0.15846934308511165,0.9198381566514501,1.5375404012412945,0.8968675371913994,1.5180673620850371,1000
932,0.9797785920046325,449.6720506256952,0.2898324991742543,0.15409851555529747,0.6512509900970568,1.2690081604735943,0.6777455015162495,1.2818116824930155,1000,1.0479906647673807,230.76778872574386,0.37878276905799113,0.16468540518730576,0.7081176767974534,1.375443194240553,0.7252072706002615,1.3707740589344999,1000
933,1.1900883744005282,339.75498524600687,0.4126863360444339,0.16109712346684424,0.8606415080664144,1.486777408470141,0.8743380124055135,1.505838736395543,1000,1.1466899700113298,203.91166376722825,0.5413017355474691,0.17529998264219954,0.8437896973755543,1.503623862803435,0.8031020040326187,1.4902779359900409,1000
934,1.2379229646725283,341.38773275759183,0.42093794043210536,0.14187070116973463,0.9701742702507585,1.5193977750232674,0.9598563903798484,1.5159895389652083,1000,1.3073567552649834,194.98188799946627,0.49733049895962667,0.1581493443289333,1.0055355668522314,1.6121511751473536,0.9973840403802742,1.6173294701496927,1000
935,1.053376264618045,397.7337364680932,0.44006739871743,0.15267583105376867,0.745105507340357,1.344531412326234,0.7541316357526583,1.3526208934834316,1000,0.999644884216033,302.71289440357,0.2854989928122918,0.15838840627652945,0.6784522539432452,1.3052803021881545,0.6892036079140353,1.3100861605180307,1000
936,1.3298670734842717,287.2879601017468,0.6335953222816563,0.16474217888556583,1.0154039440972296,1.6600151447034717,1.0069724028685627,1.6527617440999807,1000,1.322067592077652,181.39043290069844,0.7402700262703659,0.17535132921475044,1.005002011481956,1.7037268168494095,0.9783789868167411,1.6657561973385628,1000
937,0.8680203244211251,311.4710747512846,0.4864878315463592,0.17226292862380627,0.5184106218083654,1.1956851465843155,0.5303849843184648,1.2056556645237855,1000,0.7362215464679438,206.7484960318255,0.5890506150434149,0.19866396758303603,0.35207553026280886,1.1347304853554834,0.3468401700051932,1.1256029229306943,1000
938,0.8183025378211894,334.24456164062485,0.5582990179286342,0.15410540796721922,0.5106572698639903,1.1109017718356777,0.5162559382054398,1.1203491374369392,1000,0.8390456732798222,173.09948659254752,0.5686100093151994,0.15763821443232706,0.5336583231753672,1.16553743562574,0.5300747729924611,1.1480165735671832,1000
939,1.1154520217233768,354.23290730437964,0.5328098126013301,0.1379268767058438,0.8304899224467077,1.370758222172091,0.8451153433799229,1.3857887000668305,1000,1.1455203094141342,223.06405344483258,0.5185271978199026,0.1526301902575236,0.8628702963754368,1.452415515840206,0.8463651365093878,1.4446754823188805,1000
940,0.9446428632989574,433.3246521631297,0.26030873229099166,0.1452635710927903,0.6753983665279674,1.2246648567282092,0.6599262639570884,1.2293594626408264,1000,0.8429005608267539,252.40813022793935,0.46565789987775413,0.1622835973199088,0.5629898683121118,1.1953417212943467,0.5248247100797327,1.160976411573775,1000
941,0.9323319237155545,441.397498164996,0.3291317720309854,0.15901622861785902,0.6026611332867521,1.2268691158382317,0.6206601156245508,1.2440037318065582,1000,0.9043745167145667,253.44885532721014,0.3089492960582205,0.16101186712824533,0.5717576301385622,1.209144807212484,0.5887912571432059,1.2199577762859275,1000
942,1.1056202723725397,340.2933864547133,0.5810173372995429,0.163491193952922,0.775971308374983,1.4325468173005713,0.7851775322248126,1.4260630125202667,1000,1.0056782788485985,189.2177037573208,0.8189639212104453,0.18279545760159036,0.6277366568036499,1.3735998120364454,0.6473991819494814,1.3639573757477157,1000
943,0.9258976046587384,364.8051094948444,0.46615607406990495,0.1560324371959034,0.6142518526978987,1.2368182869899629,0.6200740277547677,1.2317211815627092,1000,0.946344365680984,208.40924412540954,0.41678514257105614,0.15922074469019998,0.6549903862303659,1.2435094115614522,0.634271706088192,1.258417025273776,1000
944,0.9460133458586482,411.7039765667639,0.3640982725391029,0.12318080428310942,0.7012033398857217,1.1738391001065076,0.7045789694637536,1.1874477222535427,1000,0.8583123000692998,221.3797329995548,0.5674377837083067,0.14883039020689154,0.5739978089025443,1.1488911283832504,0.5666047352637924,1.1500198648748072,1000
945,1.0478813791595845,395.3972949091366,0.3707377267321578,0.14667492105321772,0.7669064336062642,1.3407559084524623,0.7603985338952777,1.3353642244238912,1000,1.0034697873111607,286.3158897514554,0.45294139956068563,0.17821011299291364,0.6801101342294034,1.3382821437528967,0.65417796584505,1.3527616087772714,1000
946,1.010694401795575,292.1576113522444,0.5351681914555311,0.1534507011298246,0.7335109617371092,1.3165902341117595,0.7099310275811188,1.3114577760100312,1000,0.8801594966747959,181.1333962782617,0.4924442846033005,0.17296104739834933,0.5511658103954533,1.2354811239886636,0.5411558437740311,1.2191631495755606,1000
947,1.0540401801010408,366.7191283945001,0.47267779866902276,0.14250358190255788,0.7775634454611093,1.327499755768106,0.7747331595720274,1.3333472006300542,1000,1.1221656529891195,224.19680468598358,0.41273822747935907,0.14067251214823578,0.8220742136442205,1.3813317283161997,0.8464475291785774,1.3978837767996617,1000
948,1.054858122940609,344.6130483826659,0.9055293276924555,0.1409344066184417,0.7812212465141987,1.3248853159472695,0.7786266859684634,1.3310895599127548,1000,1.1572249875039349,217.0970096383588,0.4108239358811296,0.13716285366958036,0.8955087265837883,1.435543827566596,0.8883857943115574,1.4260641806963124,1000
949,1.0626212066617367,362.41354261026606,0.44038447810525205,0.16386925624602763,0.7385178945859681,1.3772077853889737,0.7414374644195225,1.3838049489039508,1000,0.8100658160542515,163.7077082603447,0.8499695386508291,0.20128651448720278,0.444355342749129,1.1831989787744233,0.4155442476593341,1.204587384449169,1000
950,1.2692750343980304,377.1563994472531,0.4337029568456827,0.13712285787007808,1.013173533183654,1.5474576734794807,1.0005142329726773,1.5380358358233834,1000,1.1800097022189366,205.9699986138265,0.6383598292386823,0.15177434404161255,0.9071077002725854,1.4957219644527109,0.8825319878973761,1.4774874165404972,1000
951,1.0775367249626557,364.12601013562886,0.4148760823595943,0.18163730563293556,0.7253280962740101,1.432840793209658,0.7215276059221021,1.4335458440032094,1000,1.0147957204177747,208.40125539512985,0.4015141967379001,0.20058327288528172,0.6373678793985913,1.4182411722502841,0.6216525055626225,1.4079389352729268,1000
952,1.0828749415776435,338.71981605886066,0.4921751695156721,0.13757304249412425,0.8093462793127147,1.3357498209754086,0.81323177828916,1.352518104866127,1000,1.0228202292289532,198.6666056373719,0.5159366438150615,0.14588064809246637,0.7150430759045691,1.297163333091066,0.7368941589677191,1.3087462994901873,1000
953,0.9833980608690691,411.4371894023682,0.36586078660242327,0.1372916430481553,0.7020886501047761,1.263060995210005,0.7143064404946847,1.2524896812434534,1000,0.925608923233523,238.688710679781,0.5736493180548913,0.1593068957506932,0.6098133987389641,1.2260080924560988,0.6133674075621642,1.2378504389048817,1000
954,1.1754982792031066,287.9838095913832,1.051647044284435,0.17053888887558527,0.8716611180827276,1.5297657784938754,0.8412420570069594,1.5097545013992537,1000,1.067636947842732,190.4462441882731,0.8420627484093399,0.19042734126904276,0.7476521371619881,1.4931707451298635,0.6943993589554083,1.440874536730056,1000
955,0.8022790893351259,376.33074352407715,0.5141964475600664,0.15952313088329162,0.5019357024649537,1.1067772752435583,0.48961375280387437,1.1149444258663774,1000,0.7869503122061781,240.30832880177027,0.358719977940102,0.15748197586208654,0.4966956135935175,1.103393102745539,0.47828563951648845,1.0956149848958676,1000
956,1.0522717584993688,416.44658723926443,0.32281493484408635,0.16127754639157846,0.7357113831884831,1.3817513736374316,0.7361677675718751,1.3683757494268627,1000,1.0731808392630589,271.98259696934497,0.3273860464645385,0.1715993535759908,0.7169612702647016,1.4291146765645777,0.736846106254117,1.4095155722720007,1000
957,0.9706443669733962,338.4340461541005,0.7224353841507583,0.18162401581083498,0.6042874943752616,1.3308684586098456,0.6146612959841596,1.3266274379626326,1000,1.0847715020964759,211.25228736164163,0.44547252970344736,0.1772187655183707,0.7365047730760194,1.4300551593628383,0.7374227216804693,1.4321202825124826,1000
958,0.8657430426655597,297.63777942687955,1.0997680057459582,0.16982232687613136,0.5205864388421246,1.182014064283611,0.5328912819883422,1.1985948033427771,1000,0.8023444129047079,191.31891004589014,0.627798720151074,0.1735711717334882,0.4767848886719421,1.1558647073359114,0.46214491630707105,1.1425439095023449,1000
959,0.8349445161367637,379.0309851641639,0.41079459105010185,0.16908502339735723,0.5244244548535948,1.1719010641844985,0.5035378702779435,1.1663511619955838,1000,0.7909169473300457,218.65935448286356,0.4202942856084276,0.17885436426922927,0.48222169335024695,1.175063566349288,0.44036239336235633,1.141471501297735,1000
960,1.1963124452160696,247.08100564438035,0.9229568189922506,0.171259707087327,0.8669656638475245,1.525608027202502,0.8606434193249087,1.5319814711072306,1000,1.1430030248295622,162.89404373512826,0.720902720093617,0.1564905859879599,0.8442064198078184,1.4784125303315137,0.8362814762931607,1.4497245733659636,1000
961,1.3053772478530132,334.38552898536375,0.6614983777410928,0.16559084764802698,1.0076473078066561,1.6510874406878067,0.9808191864628804,1.6299353092431461,1000,1.22972584948662,213.04054444937444,0.7482480540541981,0.18357690214612427,0.9219212446841418,1.6450935386907568,0.8699151212802163,1.5895365776930235,1000
962,0.9530557127586032,339.9852511760921,0.5916420934357333,0.1455301878778555,0.6708748758151418,1.2405075365413296,0.6678165445180064,1.2382948809992,1000,0.8873718456922384,209.88974603789745,0.41583063537732057,0.15956888156714127,0.5755877986423853,1.177283580111999,0.5746168378206415,1.2001268535638352,1000
963,1.0655967546787277,215.2282818094803,1.0890924761684053,0.17969615132513836,0.7245154116839072,1.436098030474034,0.7133922980814565,1.4178012112759988,1000,0.9715939638649282,119.13906471787641,1.3443005272269637,0.2653827989612856,0.4980547079318902,1.3996765644220697,0.4514436779008085,1.4917442498290479,1000
964,0.9015516136782424,370.0490550257715,0.5301246902732589,0.16738993351472198,0.5812887229679748,1.2254775364999582,0.5734673439893874,1.2296358833670975,1000,0.8932937290097802,208.52670920558475,0.4169532291815478,0.17587366135373064,0.5520022695303066,1.256510704615102,0.5485813527564681,1.2380061052630924,1000
965,1.0198198526848556,352.3535250703396,0.42489002173163914,0.1365155911795233,0.7687287907673283,1.2842724214991887,0.7522492939729899,1.2873904113967214,1000,0.9415802335522909,200.18010806012018,0.47766168587362157,0.14272522840866683,0.6596663517807274,1.2197968706338151,0.661838785871304,1.221321681233278,1000
966,1.1594407677363472,401.64296008339454,0.3767741009163062,0.15581033869004224,0.8636523275642342,1.4592223490233338,0.8540525039038644,1.46482903156883,1000,1.042876732494542,230.4280286459618,0.8003990298509894,0.20067951245834137,0.7379032146052228,1.5123825279250276,0.6495448880761929,1.4362085769128912,1000
967,1.0008815156355688,420.96865500440265,0.38907855979748796,0.15533715424764716,0.71972263970863,1.31461863544397,0.6964206933101804,1.3053423379609572,1000,1.0480735274830038,218.31033293802668,0.4111995770594534,0.16506162690967469,0.73756290623574,1.373238156422239,0.7245527387400414,1.371594316225966,1000
968,1.183509574339996,392.2518881988777,0.366839500380674,0.15561328221851517,0.867347868258237,1.4828725489424097,0.8785075411917063,1.4885116074882856,1000,1.2574670315954768,216.24792762255476,0.4120311255042121,0.16335129993051767,0.9343214122201128,1.5725136776126794,0.9372984837316622,1.5776355794592913,1000
969,0.9905744655717736,325.9276680081107,0.7625771277173271,0.16562809193128133,0.6837289825549766,1.323754090277893,0.6659434053864622,1.3152055257570852,1000,1.0326859833944062,218.26939995474027,0.9050324793044545,0.17707345035651478,0.7122707957115307,1.4016676261446621,0.6856220206956372,1.3797499460931753,1000
970,1.1863189669485918,261.2793852002012,0.7659128992975355,0.16202806004613987,0.8569819473709626,1.5038114727695793,0.8687439692581578,1.503893964639026,1000,1.1499658335736536,183.68669570179878,0.809542119607301,0.1825416720174994,0.7983613652681089,1.504872028160152,0.7921841564193548,1.5077475107279523,1000
971,1.1186456230133874,294.32537835109804,0.6759371626075047,0.14217442288001922,0.8343656487213026,1.3967838829159027,0.8399837541685498,1.3973074918582251,1000,1.1678546540839738,193.63817205427577,0.5307632870539578,0.1510250899374634,0.8764202035109905,1.4659607289838927,0.8718454778065455,1.4638638303614022,1000
972,1.1961826793163675,312.7754374843734,0.5445953675586692,0.16399353207539613,0.8674851261424069,1.5082587501191311,0.874755356448591,1.5176100021841439,1000,1.1445549275715332,197.6988923915133,0.48163167109661825,0.15868488694190822,0.8365736317741229,1.4777546259456373,0.8335325491653931,1.4555773059776733,1000
973,0.9939399607572583,342.5305036966646,0.6611608699110076,0.15882244024224454,0.6715660772326106,1.2839060018012312,0.682647977882459,1.3052319436320576,1000,1.0890456558090031,206.81464151327503,0.49242141084703944,0.17514136262739852,0.7584272784123322,1.4385760502193898,0.7457685850593021,1.4323227265587042,1000
974,1.1617464470508967,448.8404347253928,0.2708865541978558,0.14739929584093925,0.8708966022889529,1.4546546173867718,0.8728438272026557,1.4506490668991376,1000,1.0302963629424131,285.5809744357134,0.25021104588801424,0.17137403582039024,0.6528595544334161,1.3381915585534576,0.6944032527344483,1.3661894731503779,1000
975,1.1848612574762787,372.7726176595524,0.4940565358882254,0.1555851412348789,0.8849681158075897,1.4811576114842036,0.879914380655916,1.4898081342966414,1000,1.1936370753129593,288.5487039000068,0.32631829349061153,0.15575398521882683,0.901374603403536,1.5107034099799603,0.8883592642840588,1.4989148863418598,1000
976,0.7716072248309822,365.067787936815,0.41714576058099373,0.15657427383337633,0.4528153500275805,1.0757325002306857,0.4647216481175646,1.0784928015443997,1000,0.7703243001891511,190.9397497835477,0.4686393693978991,0.15822124075225327,0.4572199112169699,1.082180576369489,0.46021066831473467,1.0804379320635675,1000
977,0.9155999369669658,415.49432726207124,0.29127669334813555,0.13993098048966804,0.6286843079748362,1.1882207043399848,0.6413352152072165,1.1898646587267152,1000,0.8499081238198691,236.64530871348458,0.3424177343483822,0.14569641079798482,0.5473031449270477,1.1397752725883252,0.564343158655819,1.1354730889839193,1000
978,1.0680362237804366,277.10609557190196,0.8766842993271,0.17541501686835284,0.7205000483975291,1.410424458202498,0.7242227907184651,1.4118496568424082,1000,1.1826281234619906,142.16527620669078,0.8615549979179916,0.18953599090834233,0.824944430599433,1.593846080175809,0.8111375812816397,1.5541186656423416,1000
979,1.1139569139721108,339.9456845855312,0.5237067686530807,0.15786731876911567,0.8041549315628792,1.4126468825791487,0.8045369691846441,1.4233768587595774,1000,1.0729974817151522,204.75721555507815,0.5441180184656879,0.17622550918367377,0.7289778105450471,1.3838382831262102,0.7275954837151516,1.418399479715153,1000
980,0.8292975588153673,300.9213375516416,0.8818658186713596,0.15296871750201868,0.5351030759456107,1.1255190838725717,0.5294788725114107,1.1291162451193237,1000,0.8058852232556171,209.23679461718038,0.4531397982086771,0.15999467124970046,0.49546237570707174,1.1211913801454236,0.4922956676062042,1.1194747789050299,1000
981,0.8380958264554483,360.77446762021583,0.4230179043817935,0.17607241013633715,0.4875756863099345,1.163442199978708,0.4929939025882275,1.1831977503226692,1000,0.8503377537973491,224.81170097701565,0.4004344658029492,0.15956877906235725,0.5378785089307363,1.1438920674879487,0.537582946835129,1.1630925607595692,1000
982,1.1797619634898702,396.10602012774535,0.3541959252763186,0.14851617645470816,0.8811451994570803,1.4529189149532462,0.8886702576386422,1.470853669341098,1000,1.1882839319645568,238.77571037172766,0.3491105689884656,0.1638358723844754,0.8625023807248047,1.5077495678994504,0.8671656220909851,1.5094022418381285,1000
983,1.283881940866693,272.8734474773686,0.6508044315689218,0.17337817900075578,0.9436041099729456,1.6339738335300589,0.9440607100252117,1.6237031717081742,1000,1.1294259711542987,152.9236938161426,1.0363137477010496,0.19394645162140267,0.7880695434068429,1.5242680813893283,0.7492909259763494,1.509561016332248,1000
984,0.8738816087128831,347.5599674757465,0.499653393938016,0.15031580865924593,0.5787075094331084,1.1728553402750899,0.5792626237407611,1.168500593685005,1000,0.8511232338214638,227.99336371151924,0.41050932149089464,0.1697349106899276,0.5193155741801136,1.186810489304317,0.5184428088692057,1.183803658773722,1000
985,0.8476277713637681,334.08899297536175,0.8453299052164402,0.18307505983335237,0.4548238763330118,1.1841824944659785,0.48880065409039747,1.2064548886371387,1000,1.0209152198524838,218.3294582730325,0.41937863329374075,0.1619466149719625,0.7010255382410195,1.3367143736272897,0.7034998545074373,1.3383305851975302,1000
986,1.1205342845853012,302.81295058977184,0.6311327587986505,0.14386724683607452,0.8366508256645869,1.4101038289649812,0.8385544807865952,1.4025140883840073,1000,1.1325124717822366,179.61468750641737,0.4826999476968839,0.15542186043632653,0.8277584879178935,1.437993367740098,0.8278856253270366,1.4371393182374366,1000
987,1.0117161530174137,308.46360658653515,0.7282983863264846,0.21533349274327865,0.6115718370748373,1.4419038239573092,0.5896625072405876,1.43376979879424,1000,1.0179703527988209,139.98646751305805,0.8656180793846381,0.23946543883197213,0.5897311969499103,1.4963712683682204,0.5486180926881554,1.4873226129094863,1000
988,1.000416771116433,407.5234993712403,0.32637688314276003,0.1519255885117725,0.696172252466223,1.2934005170408236,0.7026426176333588,1.2981909245995071,1000,1.0327100912163565,239.42877279058848,0.3057380889708408,0.16773656129754283,0.7070064597368471,1.354878155280485,0.7039464310731726,1.3614737513595405,1000
989,1.0160804880943783,232.48470631208235,0.9678218275308804,0.1909617467912361,0.6183606778404556,1.3604330869330201,0.6417954643835556,1.390365511805201,1000,1.0734752877038791,167.63089249203628,1.1295505838553543,0.2083198062356712,0.6418846867646266,1.392520088797359,0.6651684674819636,1.4817821079257947,1000
990,1.0705185886990618,394.53529900388037,0.39066596154794303,0.14968485868294756,0.7804860113387527,1.3647348390126686,0.7771362656804846,1.363900911717639,1000,1.0363230466722069,261.9541647385127,0.3147086815194595,0.15192583921362088,0.7446954061408608,1.3443082726005449,0.73854840181351,1.3340976915309037,1000
991,0.9315033597683671,403.5860006688104,0.33795237655890026,0.15254362987788803,0.6384968020935425,1.221420040454829,0.6325178452077065,1.2304888743290276,1000,0.9592109469516878,217.30237700555358,0.38397413822552584,0.1542532840942232,0.6548055461372394,1.2622071933140802,0.6568745101270104,1.2615473837763653,1000
992,0.9129617402851995,369.1800723397416,0.37245593010194217,0.17247587520619287,0.5828489401653841,1.259451205414024,0.5749090248810615,1.2510144556893374,1000,0.8239888364847467,203.09542989035856,0.594844870415047,0.1790598927454338,0.4698625463384075,1.181466544366802,0.4730314467036965,1.174946226265797,1000
993,1.12876683197984,434.1945197477212,0.2857044520089658,0.18000577447195257,0.7873333979643702,1.4872191427717905,0.7759555140148131,1.481578149944867,1000,1.0637596406582324,269.8293073769887,0.3119841541733864,0.1874843962084629,0.6977484871003112,1.4263459783847998,0.6962902240896451,1.4312290572268196,1000
994,0.9126778209874993,253.11125465698566,0.7319829453467216,0.1519789293619323,0.615801604467749,1.1973715399681528,0.6147991194381119,1.2105565225368866,1000,0.8067897866123324,193.87521601847078,0.7476430438209949,0.16367523529522482,0.4877645282367152,1.1254745284194834,0.48598632543369175,1.127593247790973,1000
995,0.9426187556364463,377.0452773454324,0.38068066425037594,0.1478907805219373,0.667655905219826,1.2422874431640063,0.6527528258134492,1.2324846854594433,1000,0.9725614381598273,224.6141000625755,0.38716930325111865,0.15028606617188556,0.6915804505282274,1.2818312164892882,0.6780007484629316,1.267122127856723,1000
996,0.8484745256170925,333.2885457830187,0.45714615878721837,0.16758921696669163,0.5468201373697713,1.1751037537250806,0.5199996603623769,1.176949390871808,1000,0.8571033057870099,209.69251640248083,0.5554555226917675,0.18875539301679528,0.5402224096550244,1.26458585917803,0.48714273547409115,1.2270638760999286,1000
997,1.1183989429755168,322.9271674351873,0.668297396578938,0.14841892437583842,0.8266647748536902,1.4054094052398132,0.8274978511988735,1.40930003475216,1000,1.067043889079594,229.47792369638657,0.4852272834619579,0.15904277199851236,0.7656554949603737,1.3762812004531944,0.7553200559625097,1.378767722196678,1000
998,0.7669880740142747,358.45980758275795,0.40059177750139713,0.1843636248324923,0.3944950827672574,1.1153674760871812,0.4056353693425898,1.1283407786859596,1000,0.7441553847688351,258.1573274892215,0.4315759559154283,0.1921123578042958,0.36992670359190316,1.1024931342763094,0.36761516347241535,1.1206956060652549,1000
999,0.9730406223364523,301.4428886821507,0.5906433493678233,0.18358248068779318,0.5877510017253683,1.315947231067859,0.6132189601883777,1.3328622844845268,1000,1.055197748270876,192.5281365358361,0.5513310151204142,0.19223354231623618,0.6749848346114863,1.4311298416490799,0.6784200053310532,1.431975491210699,1000
